,ds,trend,yhat_lower,yhat_upper,trend_lower,trend_upper,additive_terms,additive_terms_lower,additive_terms_upper,test_seasonality,test_seasonality_lower,test_seasonality_upper,multiplicative_terms,multiplicative_terms_lower,multiplicative_terms_upper,yhat
0,1962-01-02,342.3473559336395,30.381162296964675,113.58205278285426,342.3473559336395,342.3473559336395,-270.1290659546195,-270.1290659546195,-270.1290659546195,-270.1290659546195,-270.1290659546195,-270.1290659546195,0.0,0.0,0.0,72.21828997902003
1,1962-01-03,342.1839248511482,30.74284242469919,112.28318064647284,342.1839248511482,342.1839248511482,-270.19042728212287,-270.19042728212287,-270.19042728212287,-270.19042728212287,-270.19042728212287,-270.19042728212287,0.0,0.0,0.0,71.99349756902535
2,1962-01-04,342.020493768657,28.699564129068094,112.41538505584556,342.02049376865693,342.02049376865693,-270.2498041432702,-270.2498041432702,-270.2498041432702,-270.2498041432702,-270.2498041432702,-270.2498041432702,0.0,0.0,0.0,71.77068962538681
3,1962-01-05,341.8570626861657,28.292127699566088,112.67166982615689,341.8570626861657,341.8570626861657,-270.30720156630457,-270.30720156630457,-270.30720156630457,-270.30720156630457,-270.30720156630457,-270.30720156630457,0.0,0.0,0.0,71.54986111986113
4,1962-01-08,341.36676943869185,29.553777529342593,112.8403541148121,341.3667694386919,341.3667694386919,-270.4675679102507,-270.4675679102507,-270.4675679102507,-270.4675679102507,-270.4675679102507,-270.4675679102507,0.0,0.0,0.0,70.89920152844115
5,1962-01-09,341.2033383562006,26.317386507318506,111.41538981444728,341.2033383562006,341.2033383562006,-270.5170984236514,-270.5170984236514,-270.5170984236514,-270.5170984236514,-270.5170984236514,-270.5170984236514,0.0,0.0,0.0,70.6862399325492
6,1962-01-10,341.03990727370933,27.71215900007313,114.00767168456797,341.03990727370933,341.03990727370933,-270.5646750591095,-270.5646750591095,-270.5646750591095,-270.5646750591095,-270.5646750591095,-270.5646750591095,0.0,0.0,0.0,70.47523221459983
7,1962-01-11,340.87647619121805,28.96284412073432,109.50429395922109,340.87647619121805,340.87647619121805,-270.61030301137794,-270.61030301137794,-270.61030301137794,-270.61030301137794,-270.61030301137794,-270.61030301137794,0.0,0.0,0.0,70.26617317984011
8,1962-01-12,340.7130451087268,32.260198352424496,114.07819089024443,340.7130451087268,340.7130451087268,-270.65398750242196,-270.65398750242196,-270.65398750242196,-270.65398750242196,-270.65398750242196,-270.65398750242196,0.0,0.0,0.0,70.05905760630486
9,1962-01-15,340.222751861253,26.53740597611692,109.9826178454812,340.222751861253,340.222751861253,-270.77343283277634,-270.77343283277634,-270.77343283277634,-270.77343283277634,-270.77343283277634,-270.77343283277634,0.0,0.0,0.0,69.44931902847668
10,1962-01-16,340.05932077876173,25.973437528831614,110.65219350964149,340.05932077876173,340.05932077876173,-270.8093962373657,-270.8093962373657,-270.8093962373657,-270.8093962373657,-270.8093962373657,-270.8093962373657,0.0,0.0,0.0,69.24992454139601
11,1962-01-17,339.89588969627044,24.026987430668544,110.2003359331703,339.89588969627044,339.89588969627044,-270.8434426932752,-270.8434426932752,-270.8434426932752,-270.8434426932752,-270.8434426932752,-270.8434426932752,0.0,0.0,0.0,69.05244700299522
12,1962-01-18,339.73245861377916,28.318554352417316,109.07157646112103,339.73245861377916,339.73245861377916,-270.87557758245447,-270.87557758245447,-270.87557758245447,-270.87557758245447,-270.87557758245447,-270.87557758245447,0.0,0.0,0.0,68.85688103132469
13,1962-01-19,339.5690275312879,24.47252412794212,106.42451755276616,339.5690275312879,339.5690275312879,-270.9058063129634,-270.9058063129634,-270.9058063129634,-270.9058063129634,-270.9058063129634,-270.9058063129634,0.0,0.0,0.0,68.66322121832445
14,1962-01-22,339.0787342838141,27.866580838940706,111.71003811973554,339.0787342838141,339.0787342838141,-270.98511002135336,-270.98511002135336,-270.98511002135336,-270.98511002135336,-270.98511002135336,-270.98511002135336,0.0,0.0,0.0,68.09362426246071
15,1962-01-23,338.91530320132284,26.993885869618197,108.6558842176505,338.9153032013229,338.9153032013229,-271.00776871436983,-271.00776871436983,-271.00776871436983,-271.00776871436983,-271.00776871436983,-271.00776871436983,0.0,0.0,0.0,67.90753448695301
16,1962-01-24,338.75187211883156,26.71663586310532,108.64047095847711,338.75187211883156,338.75187211883156,-271.0285486750484,-271.0285486750484,-271.0285486750484,-271.0285486750484,-271.0285486750484,-271.0285486750484,0.0,0.0,0.0,67.72332344378316
17,1962-01-25,338.58844103634027,23.534025076612647,111.61330781814421,338.58844103634027,338.58844103634027,-271.0474554647309,-271.0474554647309,-271.0474554647309,-271.0474554647309,-271.0474554647309,-271.0474554647309,0.0,0.0,0.0,67.54098557160938
18,1962-01-26,338.42500995384904,27.29413436275802,106.6618381070243,338.42500995384904,338.42500995384904,-271.06449466973805,-271.06449466973805,-271.06449466973805,-271.06449466973805,-271.06449466973805,-271.06449466973805,0.0,0.0,0.0,67.36051528411099
19,1962-01-29,337.9347167063752,25.957192295576764,109.01990849126118,337.9347167063752,337.9347167063752,-271.10446301115445,-271.10446301115445,-271.10446301115445,-271.10446301115445,-271.10446301115445,-271.10446301115445,0.0,0.0,0.0,66.83025369522073
20,1962-01-30,337.7712856238839,24.778679074097074,108.44561460322288,337.7712856238839,337.7712856238839,-271.1140882344992,-271.1140882344992,-271.1140882344992,-271.1140882344992,-271.1140882344992,-271.1140882344992,0.0,0.0,0.0,66.65719738938469
21,1962-01-31,337.60785454139267,28.811762400428865,108.95027322482485,337.6078545413926,337.6078545413926,-271.12187417370137,-271.12187417370137,-271.12187417370137,-271.12187417370137,-271.12187417370137,-271.12187417370137,0.0,0.0,0.0,66.4859803676913
22,1962-02-01,337.4444234589014,26.164692709893416,107.41601715959223,337.4444234589014,337.4444234589014,-271.12782656149494,-271.12782656149494,-271.12782656149494,-271.12782656149494,-271.12782656149494,-271.12782656149494,0.0,0.0,0.0,66.31659689740644
23,1962-02-02,337.2809923764101,24.576949880466003,106.11423818575483,337.2809923764101,337.2809923764101,-271.1319511544348,-271.1319511544348,-271.1319511544348,-271.1319511544348,-271.1319511544348,-271.1319511544348,0.0,0.0,0.0,66.14904122197532
24,1962-02-05,336.7906991289363,23.691937917888836,105.35870577246085,336.7906991289363,336.7906991289363,-271.13341608346457,-271.13341608346457,-271.13341608346457,-271.13341608346457,-271.13341608346457,-271.13341608346457,0.0,0.0,0.0,65.65728304547173
25,1962-02-06,336.62726804644507,21.544496558190623,107.49654021171143,336.62726804644507,336.62726804644507,-271.1302875330726,-271.1302875330726,-271.1302875330726,-271.1302875330726,-271.1302875330726,-271.1302875330726,0.0,0.0,0.0,65.49698051337248
26,1962-02-07,336.4638369639538,24.36491200604922,108.58554299317966,336.4638369639538,336.4638369639538,-271.125360322027,-271.125360322027,-271.125360322027,-271.125360322027,-271.125360322027,-271.125360322027,0.0,0.0,0.0,65.33847664192677
27,1962-02-08,336.3004058814625,24.524682625198764,107.31175628063673,336.3004058814625,336.3004058814625,-271.1186403462696,-271.1186403462696,-271.1186403462696,-271.1186403462696,-271.1186403462696,-271.1186403462696,0.0,0.0,0.0,65.18176553519288
28,1962-02-09,336.1369747989712,22.748380375779913,105.02320021639453,336.1369747989712,336.1369747989712,-271.1101335243795,-271.1101335243795,-271.1101335243795,-271.1101335243795,-271.1101335243795,-271.1101335243795,0.0,0.0,0.0,65.02684127459173
29,1962-02-12,335.6466815514974,24.800882314707472,107.60256015460543,335.6466815514974,335.6466815514974,-271.0739515036636,-271.0739515036636,-271.0739515036636,-271.0739515036636,-271.0739515036636,-271.0739515036636,0.0,0.0,0.0,64.57273004783383
30,1962-02-13,335.4832504690061,22.306846977033704,106.41692298653606,335.4832504690061,335.4832504690061,-271.05835692977814,-271.05835692977814,-271.05835692977814,-271.05835692977814,-271.05835692977814,-271.05835692977814,0.0,0.0,0.0,64.42489353922798
31,1962-02-14,335.3198193865149,23.72870231497009,105.15851082592806,335.3198193865149,335.3198193865149,-271.04100543620854,-271.04100543620854,-271.04100543620854,-271.04100543620854,-271.04100543620854,-271.04100543620854,0.0,0.0,0.0,64.27881395030636
32,1962-02-15,335.1563883040236,23.281318077188036,104.95391731355662,335.1563883040236,335.1563883040236,-271.02190307374804,-271.02190307374804,-271.02190307374804,-271.02190307374804,-271.02190307374804,-271.02190307374804,0.0,0.0,0.0,64.13448523027557
33,1962-02-16,334.9929572215324,22.648731557753486,107.06259862032212,334.9929572215324,334.9929572215324,-271.0010559146199,-271.0010559146199,-271.0010559146199,-271.0010559146199,-271.0010559146199,-271.0010559146199,0.0,0.0,0.0,63.991901306912496
34,1962-02-19,334.5026639740585,22.095171672914557,108.54294565624345,334.50266397405846,334.50266397405846,-270.9281066972494,-270.9281066972494,-270.9281066972494,-270.9281066972494,-270.9281066972494,-270.9281066972494,0.0,0.0,0.0,63.57455727680912
35,1962-02-20,334.33923289156724,19.76455627218273,102.02900874585498,334.33923289156724,334.33923289156724,-270.90034149617424,-270.90034149617424,-270.90034149617424,-270.90034149617424,-270.90034149617424,-270.90034149617424,0.0,0.0,0.0,63.438891395393
36,1962-02-21,334.17580180907595,21.732073013092208,104.82365698515726,334.17580180907595,334.17580180907595,-270.8708621748825,-270.8708621748825,-270.8708621748825,-270.8708621748825,-270.8708621748825,-270.8708621748825,0.0,0.0,0.0,63.30493963419343
37,1962-02-23,333.84893964409343,21.716667333009124,102.65648276351902,333.84893964409343,333.84893964409343,-270.80678598036206,-270.80678598036206,-270.80678598036206,-270.80678598036206,-270.80678598036206,-270.80678598036206,0.0,0.0,0.0,63.04215366373137
38,1962-02-26,333.35864639661963,22.562627490608065,104.15226572826323,333.35864639661963,333.35864639661963,-270.69797136796393,-270.69797136796393,-270.69797136796393,-270.69797136796393,-270.69797136796393,-270.69797136796393,0.0,0.0,0.0,62.6606750286557
39,1962-02-27,333.1952153141284,23.154696157336936,103.60806627776576,333.1952153141284,333.1952153141284,-270.65833816588224,-270.65833816588224,-270.65833816588224,-270.65833816588224,-270.65833816588224,-270.65833816588224,0.0,0.0,0.0,62.53687714824616
40,1962-02-28,333.0317842316371,21.43272284657474,102.97629596855687,333.0317842316371,333.0317842316371,-270.61703464148195,-270.61703464148195,-270.61703464148195,-270.61703464148195,-270.61703464148195,-270.61703464148195,0.0,0.0,0.0,62.41474959015517
41,1962-03-01,332.8683531491458,20.166172381853396,104.50231011950112,332.8683531491458,332.8683531491458,-270.57406712956146,-270.57406712956146,-270.57406712956146,-270.57406712956146,-270.57406712956146,-270.57406712956146,0.0,0.0,0.0,62.29428601958432
42,1962-03-02,332.70492206665455,21.133663940365032,105.3005973435117,332.70492206665455,332.70492206665455,-270.5294419838706,-270.5294419838706,-270.5294419838706,-270.5294419838706,-270.5294419838706,-270.5294419838706,0.0,0.0,0.0,62.17548008278396
43,1962-03-05,332.21462881918075,21.332234843751607,107.147700967552,332.21462881918075,332.21462881918075,-270.3856845621718,-270.3856845621718,-270.3856845621718,-270.3856845621718,-270.3856845621718,-270.3856845621718,0.0,0.0,0.0,61.82894425700897
44,1962-03-06,332.05119773668946,22.152217366006912,103.11538977961499,332.05119773668946,332.05119773668946,-270.33449279162886,-270.33449279162886,-270.33449279162886,-270.33449279162886,-270.33449279162886,-270.33449279162886,0.0,0.0,0.0,61.7167049450606
45,1962-03-07,331.88776665419823,21.95458743227257,104.14785543580554,331.88776665419823,331.88776665419823,-270.2816754340305,-270.2816754340305,-270.2816754340305,-270.2816754340305,-270.2816754340305,-270.2816754340305,0.0,0.0,0.0,61.60609122016774
46,1962-03-08,331.72433557170694,22.047124237001277,103.38308126063704,331.72433557170694,331.72433557170694,-270.22723895304483,-270.22723895304483,-270.22723895304483,-270.22723895304483,-270.22723895304483,-270.22723895304483,0.0,0.0,0.0,61.49709661866211
47,1962-03-09,331.56090448921566,18.838264782150205,104.05323166838116,331.56090448921566,331.56090448921566,-270.17118983002473,-270.17118983002473,-270.17118983002473,-270.17118983002473,-270.17118983002473,-270.17118983002473,0.0,0.0,0.0,61.38971465919093
48,1962-03-12,331.07061124174186,21.53545901455093,99.96580615788771,331.07061124174186,331.07061124174186,-269.99343168371394,-269.99343168371394,-269.99343168371394,-269.99343168371394,-269.99343168371394,-269.99343168371394,0.0,0.0,0.0,61.07717955802792
49,1962-03-13,330.9071801592506,21.61709541680271,103.68049839309928,330.9071801592506,330.9071801592506,-269.9309971533755,-269.9309971533755,-269.9309971533755,-269.9309971533755,-269.9309971533755,-269.9309971533755,0.0,0.0,0.0,60.9761830058751
50,1962-03-14,330.7437490767593,21.008696015575424,105.21933717114268,330.7437490767593,330.7437490767593,-269.8669826466328,-269.8669826466328,-269.8669826466328,-269.8669826466328,-269.8669826466328,-269.8669826466328,0.0,0.0,0.0,60.87676643012651
51,1962-03-15,330.58031799426806,18.414009505488156,104.16468922272091,330.58031799426806,330.58031799426806,-269.80139474710165,-269.80139474710165,-269.80139474710165,-269.80139474710165,-269.80139474710165,-269.80139474710165,0.0,0.0,0.0,60.778923247166404
52,1962-03-16,330.41688691177677,20.094208646627937,100.82176385788432,330.41688691177677,330.41688691177677,-269.734240054798,-269.734240054798,-269.734240054798,-269.734240054798,-269.734240054798,-269.734240054798,0.0,0.0,0.0,60.68264685697875
53,1962-03-19,329.92659366430297,19.88736540277942,100.8772101971484,329.92659366430297,329.92659366430297,-269.5234414635351,-269.5234414635351,-269.5234414635351,-269.5234414635351,-269.5234414635351,-269.5234414635351,0.0,0.0,0.0,60.40315220076786
54,1962-03-20,329.7631625818117,18.453294888136647,103.05679052616344,329.7631625818117,329.7631625818117,-269.45008592183706,-269.45008592183706,-269.45008592183706,-269.45008592183706,-269.45008592183706,-269.45008592183706,0.0,0.0,0.0,60.31307665997463
55,1962-03-21,329.59973149932046,18.56540971886976,104.10854972728504,329.59973149932046,329.59973149932046,-269.3751968269775,-269.3751968269775,-269.3751968269775,-269.3751968269775,-269.3751968269775,-269.3751968269775,0.0,0.0,0.0,60.22453467234294
56,1962-03-22,329.4363004168291,19.045037196584428,102.65910976663706,329.4363004168291,329.4363004168291,-269.29878087348635,-269.29878087348635,-269.29878087348635,-269.29878087348635,-269.29878087348635,-269.29878087348635,0.0,0.0,0.0,60.13751954334276
57,1962-03-23,329.2728693343379,21.649435921249573,102.24701606765477,329.2728693343379,329.2728693343379,-269.2208447709952,-269.2208447709952,-269.2208447709952,-269.2208447709952,-269.2208447709952,-269.2208447709952,0.0,0.0,0.0,60.052024563342684
58,1962-03-26,328.7825760868641,18.18216056566878,99.42474347720061,328.7825760868641,328.7825760868641,-268.9779828884421,-268.9779828884421,-268.9779828884421,-268.9779828884421,-268.9779828884421,-268.9779828884421,0.0,0.0,0.0,59.80459319842197
59,1962-03-27,328.6191450043728,19.295769636518703,100.97513907271339,328.6191450043728,328.6191450043728,-268.89403358176406,-268.89403358176406,-268.89403358176406,-268.89403358176406,-268.89403358176406,-268.89403358176406,0.0,0.0,0.0,59.725111422608734
60,1962-03-28,328.4557139218815,21.184234531872114,98.77264214815418,328.4557139218815,328.4557139218815,-268.8085978942295,-268.8085978942295,-268.8085978942295,-268.8085978942295,-268.8085978942295,-268.8085978942295,0.0,0.0,0.0,59.64711602765203
61,1962-03-29,328.2922828393903,15.746199956666208,102.00787018451675,328.2922828393903,328.2922828393903,-268.7216826221528,-268.7216826221528,-268.7216826221528,-268.7216826221528,-268.7216826221528,-268.7216826221528,0.0,0.0,0.0,59.570600217237484
62,1962-03-30,328.128851756899,17.65441527148699,100.56393939809288,328.128851756899,328.128851756899,-268.63329457563856,-268.63329457563856,-268.63329457563856,-268.63329457563856,-268.63329457563856,-268.63329457563856,0.0,0.0,0.0,59.49555718126044
63,1962-04-02,327.63855850942514,16.58559674174199,102.81241636176277,327.63855850942514,327.63855850942514,-268.3593620934158,-268.3593620934158,-268.3593620934158,-268.3593620934158,-268.3593620934158,-268.3593620934158,0.0,0.0,0.0,59.27919641600931
64,1962-04-03,327.4751274269339,15.836238324625263,98.92411249858642,327.4751274269339,327.4751274269339,-268.26515131940926,-268.26515131940926,-268.26515131940926,-268.26515131940926,-268.26515131940926,-268.26515131940926,0.0,0.0,0.0,59.20997610752465
65,1962-04-04,327.3116963444426,16.987572214148383,102.7024022872929,327.3116963444426,327.3116963444426,-268.16950202174553,-268.16950202174553,-268.16950202174553,-268.16950202174553,-268.16950202174553,-268.16950202174553,0.0,0.0,0.0,59.142194322697094
66,1962-04-05,327.14826526195134,14.878178654060667,98.8036513562823,327.14826526195134,327.14826526195134,-268.0724210893097,-268.0724210893097,-268.0724210893097,-268.0724210893097,-268.0724210893097,-268.0724210893097,0.0,0.0,0.0,59.07584417264161
67,1962-04-06,326.9848341794601,16.950883117002657,102.40607279600174,326.9848341794601,326.9848341794601,-267.9739154234547,-267.9739154234547,-267.9739154234547,-267.9739154234547,-267.9739154234547,-267.9739154234547,0.0,0.0,0.0,59.010918756005424
68,1962-04-09,326.4945409319863,16.480107046734332,102.16024813445473,326.4945409319863,326.4945409319863,-267.66991922194165,-267.66991922194165,-267.66991922194165,-267.66991922194165,-267.66991922194165,-267.66991922194165,0.0,0.0,0.0,58.82462171004465
69,1962-04-10,326.331109849495,15.4076053649545,98.64147156286555,326.331109849495,326.331109849495,-267.56578387865807,-267.56578387865807,-267.56578387865807,-267.56578387865807,-267.56578387865807,-267.56578387865807,0.0,0.0,0.0,58.765325970836955
70,1962-04-11,326.16767876700374,21.951140407158967,106.16829184887474,326.16767876700374,326.16767876700374,-267.4602584890954,-267.4602584890954,-267.4602584890954,-267.4602584890954,-267.4602584890954,-267.4602584890954,0.0,0.0,0.0,58.70742027790834
71,1962-04-12,326.00424768451245,16.81682028603169,99.1063932290289,326.00424768451245,326.00424768451245,-267.35335002542536,-267.35335002542536,-267.35335002542536,-267.35335002542536,-267.35335002542536,-267.35335002542536,0.0,0.0,0.0,58.65089765908709
72,1962-04-13,325.84081660202116,15.796719180905434,98.70847381631428,325.84081660202116,325.84081660202116,-267.24506547095564,-267.24506547095564,-267.24506547095564,-267.24506547095564,-267.24506547095564,-267.24506547095564,0.0,0.0,0.0,58.595751131065526
73,1962-04-16,325.35052335454736,15.382863582617661,97.89283209412402,325.35052335454736,325.35052335454736,-266.9120252588737,-266.9120252588737,-266.9120252588737,-266.9120252588737,-266.9120252588737,-266.9120252588737,0.0,0.0,0.0,58.43849809567365
74,1962-04-17,325.18709227205613,17.952300927405616,100.17909664551931,325.18709227205613,325.18709227205613,-266.7983063903397,-266.7983063903397,-266.7983063903397,-266.7983063903397,-266.7983063903397,-266.7983063903397,0.0,0.0,0.0,58.388785881716444
75,1962-04-18,325.02366118956485,17.086830697628262,99.42116029966702,325.02366118956485,325.02366118956485,-266.68324650791357,-266.68324650791357,-266.68324650791357,-266.68324650791357,-266.68324650791357,-266.68324650791357,0.0,0.0,0.0,58.34041468165128
76,1962-04-19,324.86023010707356,18.356937694794098,98.55513992483398,324.86023010707356,324.86023010707356,-266.5668526577116,-266.5668526577116,-266.5668526577116,-266.5668526577116,-266.5668526577116,-266.5668526577116,0.0,0.0,0.0,58.29337744936197
77,1962-04-23,324.2065057771085,19.793594974237656,99.28796441503833,324.2065057771085,324.2065057771085,-266.0880788403837,-266.0880788403837,-266.0880788403837,-266.0880788403837,-266.0880788403837,-266.0880788403837,0.0,0.0,0.0,58.1184269367248
78,1962-04-24,324.0430746946172,14.664918986529846,98.07130535281424,324.0430746946172,324.0430746946172,-265.96512117927455,-265.96512117927455,-265.96512117927455,-265.96512117927455,-265.96512117927455,-265.96512117927455,0.0,0.0,0.0,58.07795351534264
79,1962-04-25,323.87964361212596,18.415280080370636,98.42501726879001,323.87964361212596,323.87964361212596,-265.8408720261383,-265.8408720261383,-265.8408720261383,-265.8408720261383,-265.8408720261383,-265.8408720261383,0.0,0.0,0.0,58.03877158598766
80,1962-04-26,323.7162125296347,13.599054219346005,102.37887187400366,323.7162125296347,323.7162125296347,-265.7153384916506,-265.7153384916506,-265.7153384916506,-265.7153384916506,-265.7153384916506,-265.7153384916506,0.0,0.0,0.0,58.00087403798409
81,1962-04-27,323.5527814471434,18.503871176529017,100.80625090596358,323.5527814471434,323.5527814471434,-265.5885276949415,-265.5885276949415,-265.5885276949415,-265.5885276949415,-265.5885276949415,-265.5885276949415,0.0,0.0,0.0,57.9642537522019
82,1962-04-30,323.0624881996696,14.445593352948695,99.26809751272818,323.0624881996696,323.0624881996696,-265.2005030455697,-265.2005030455697,-265.2005030455697,-265.2005030455697,-265.2005030455697,-265.2005030455697,0.0,0.0,0.0,57.8619851540999
83,1962-05-01,322.89905711717836,13.493648367577268,95.87240927270182,322.89905711717836,322.89905711717836,-265.06865455363976,-265.06865455363976,-265.06865455363976,-265.06865455363976,-265.06865455363976,-265.06865455363976,0.0,0.0,0.0,57.8304025635386
84,1962-05-02,322.735626034687,16.37052064049517,98.78719039471108,322.735626034687,322.735626034687,-264.93556451522807,-264.93556451522807,-264.93556451522807,-264.93556451522807,-264.93556451522807,-264.93556451522807,0.0,0.0,0.0,57.80006151945895
85,1962-05-03,322.5721949521958,17.699299163445602,97.68647869183573,322.5721949521958,322.5721949521958,-264.80124009615355,-264.80124009615355,-264.80124009615355,-264.80124009615355,-264.80124009615355,-264.80124009615355,0.0,0.0,0.0,57.77095485604224
86,1962-05-04,322.4087638697045,19.66709171321596,100.19185049495061,322.4087638697045,322.4087638697045,-264.66568846934285,-264.66568846934285,-264.66568846934285,-264.66568846934285,-264.66568846934285,-264.66568846934285,0.0,0.0,0.0,57.74307540036165
87,1962-05-07,321.9184706222307,17.258278336089322,100.68656041748585,321.9184706222307,321.9184706222307,-264.25174217433226,-264.25174217433226,-264.25174217433226,-264.25174217433226,-264.25174217433226,-264.25174217433226,0.0,0.0,0.0,57.666728447898436
88,1962-05-08,321.7550395397394,14.84337377332815,101.14002488195922,321.7550395397394,321.7550395397394,-264.1113535812589,-264.1113535812589,-264.1113535812589,-264.1113535812589,-264.1113535812589,-264.1113535812589,0.0,0.0,0.0,57.64368595848049
89,1962-05-09,321.5916084572482,16.820569892062895,97.79831957485996,321.5916084572482,321.5916084572482,-263.96977374495907,-263.96977374495907,-263.96977374495907,-263.96977374495907,-263.96977374495907,-263.96977374495907,0.0,0.0,0.0,57.621834712289115
90,1962-05-10,321.4281773747569,14.801434693643774,98.23013159888349,321.42817737475696,321.42817737475696,-263.8270098769624,-263.8270098769624,-263.8270098769624,-263.8270098769624,-263.8270098769624,-263.8270098769624,0.0,0.0,0.0,57.601167497794506
91,1962-05-11,321.2647462922656,14.450174540139734,100.82164448330514,321.2647462922656,321.2647462922656,-263.6830691945572,-263.6830691945572,-263.6830691945572,-263.6830691945572,-263.6830691945572,-263.6830691945572,0.0,0.0,0.0,57.58167709770839
92,1962-05-14,320.7744530447918,15.64408875488769,98.57809779737852,320.7744530447918,320.7744530447918,-263.24425851613114,-263.24425851613114,-263.24425851613114,-263.24425851613114,-263.24425851613114,-263.24425851613114,0.0,0.0,0.0,57.53019452866067
93,1962-05-15,320.6110219623005,14.575742937779488,98.13932683553446,320.6110219623005,320.6110219623005,-263.09568285743404,-263.09568285743404,-263.09568285743404,-263.09568285743404,-263.09568285743404,-263.09568285743404,0.0,0.0,0.0,57.515339104866484
94,1962-05-16,320.44759087980924,13.78840002412323,102.56912304548935,320.44759087980924,320.44759087980924,-262.9459665504274,-262.9459665504274,-262.9459665504274,-262.9459665504274,-262.9459665504274,-262.9459665504274,0.0,0.0,0.0,57.501624329381855
95,1962-05-17,320.284159797318,16.125272789273417,99.12957535417046,320.284159797318,320.284159797318,-262.79511684291475,-262.79511684291475,-262.79511684291475,-262.79511684291475,-262.79511684291475,-262.79511684291475,0.0,0.0,0.0,57.48904295440326
96,1962-05-18,320.1207287148267,19.186433069475093,98.16299457328361,320.12072871482667,320.12072871482667,-262.6431409871111,-262.6431409871111,-262.6431409871111,-262.6431409871111,-262.6431409871111,-262.6431409871111,0.0,0.0,0.0,57.477587727715616
97,1962-05-21,319.6304354673529,17.72643249827176,98.38366653412655,319.6304354673529,319.6304354673529,-262.18052911425,-262.18052911425,-262.18052911425,-262.18052911425,-262.18052911425,-262.18052911425,0.0,0.0,0.0,57.449906353102904
98,1962-05-22,319.46700438486164,17.576946444074057,98.2763910651691,319.46700438486164,319.46700438486164,-262.02412126894626,-262.02412126894626,-262.02412126894626,-262.02412126894626,-262.02412126894626,-262.02412126894626,0.0,0.0,0.0,57.44288311591538
99,1962-05-23,319.30357330237035,15.786213937881962,96.40121644674537,319.30357330237035,319.30357330237035,-261.8666235958795,-261.8666235958795,-261.8666235958795,-261.8666235958795,-261.8666235958795,-261.8666235958795,0.0,0.0,0.0,57.43694970649085
100,1962-05-24,319.14014221987907,18.447982565340336,99.63654863679328,319.14014221987907,319.14014221987907,-261.70804336970036,-261.70804336970036,-261.70804336970036,-261.70804336970036,-261.70804336970036,-261.70804336970036,0.0,0.0,0.0,57.432098850178704
101,1962-05-25,318.97671113738784,15.474106425458771,100.86768460237974,318.97671113738784,318.97671113738784,-261.54838786812667,-261.54838786812667,-261.54838786812667,-261.54838786812667,-261.54838786812667,-261.54838786812667,0.0,0.0,0.0,57.42832326926117
102,1962-05-28,318.48641788991404,14.30073498479419,99.32554120177372,318.48641788991404,318.48641788991404,-261.06304253019573,-261.06304253019573,-261.06304253019573,-261.06304253019573,-261.06304253019573,-261.06304253019573,0.0,0.0,0.0,57.42337535971831
103,1962-05-29,318.32298680742275,15.697424827549005,99.2737298155505,318.32298680742275,318.32298680742275,-260.89915875885214,-260.89915875885214,-260.89915875885214,-260.89915875885214,-260.89915875885214,-260.89915875885214,0.0,0.0,0.0,57.42382804857061
104,1962-05-31,317.99612464244024,15.213770676586211,99.31859649143804,317.99612464244024,317.99612464244024,-260.56828196573235,-260.56828196573235,-260.56828196573235,-260.56828196573235,-260.56828196573235,-260.56828196573235,0.0,0.0,0.0,57.42784267670788
105,1962-06-01,317.8326935599489,17.06105477015011,100.36340941370993,317.8326935599489,317.8326935599489,-260.40130352987336,-260.40130352987336,-260.40130352987336,-260.40130352987336,-260.40130352987336,-260.40130352987336,0.0,0.0,0.0,57.431390030075534
106,1962-06-04,317.3424003124751,15.294474333247805,100.67387318652268,317.3424003124751,317.3424003124751,-259.8942956128517,-259.8942956128517,-259.8942956128517,-259.8942956128517,-259.8942956128517,-259.8942956128517,0.0,0.0,0.0,57.4481046996234
107,1962-06-05,317.17896922998386,16.431346051327566,97.94311421517048,317.17896922998386,317.17896922998386,-259.72329309669175,-259.72329309669175,-259.72329309669175,-259.72329309669175,-259.72329309669175,-259.72329309669175,0.0,0.0,0.0,57.455676133292116
108,1962-06-06,317.0155381474926,16.621523330288436,100.07052037992534,317.0155381474925,317.0155381474925,-259.5513028072661,-259.5513028072661,-259.5513028072661,-259.5513028072661,-259.5513028072661,-259.5513028072661,0.0,0.0,0.0,57.46423534022648
109,1962-06-07,316.8521070650013,12.882953244761548,98.90872877564254,316.8521070650013,316.8521070650013,-259.3783320447491,-259.3783320447491,-259.3783320447491,-259.3783320447491,-259.3783320447491,-259.3783320447491,0.0,0.0,0.0,57.47377502025222
110,1962-06-08,316.68867598251006,15.959866551449199,96.67088278547527,316.68867598251006,316.68867598251006,-259.204388109707,-259.204388109707,-259.204388109707,-259.204388109707,-259.204388109707,-259.204388109707,0.0,0.0,0.0,57.484287872803066
111,1962-06-11,316.19838273503626,15.14081531520138,99.0897393981607,316.19838273503626,316.19838273503626,-258.6767902769922,-258.6767902769922,-258.6767902769922,-258.6767902769922,-258.6767902769922,-258.6767902769922,0.0,0.0,0.0,57.52159245804404
112,1962-06-12,316.034951652545,17.528629205267478,97.92302198482152,316.034951652545,316.034951652545,-258.49902665871554,-258.49902665871554,-258.49902665871554,-258.49902665871554,-258.49902665871554,-258.49902665871554,0.0,0.0,0.0,57.53592499382944
113,1962-06-13,315.8715205700537,14.951183353240275,99.86292426371647,315.8715205700537,315.8715205700537,-258.32032636998804,-258.32032636998804,-258.32032636998804,-258.32032636998804,-258.32032636998804,-258.32032636998804,0.0,0.0,0.0,57.55119420006565
114,1962-06-14,315.7080894875624,16.06394786435558,95.75064061575952,315.7080894875624,315.7080894875624,-258.1406967097465,-258.1406967097465,-258.1406967097465,-258.1406967097465,-258.1406967097465,-258.1406967097465,0.0,0.0,0.0,57.56739277781588
115,1962-06-15,315.5446584050711,13.886242919344443,97.28291263852543,315.5446584050711,315.5446584050711,-257.9601449759942,-257.9601449759942,-257.9601449759942,-257.9601449759942,-257.9601449759942,-257.9601449759942,0.0,0.0,0.0,57.584513429076935
116,1962-06-18,315.0543651575974,15.159901784715949,97.17574059885598,315.0543651575974,315.0543651575974,-257.41303029574283,-257.41303029574283,-257.41303029574283,-257.41303029574283,-257.41303029574283,-257.41303029574283,0.0,0.0,0.0,57.641334861854546
117,1962-06-19,314.8909340751061,16.13104301940233,99.13345835631382,314.8909340751061,314.8909340751061,-257.2288632227104,-257.2288632227104,-257.2288632227104,-257.2288632227104,-257.2288632227104,-257.2288632227104,0.0,0.0,0.0,57.662070852395686
118,1962-06-20,314.7275029926148,14.366606373319021,98.55380460030854,314.7275029926148,314.7275029926148,-257.04381054558417,-257.04381054558417,-257.04381054558417,-257.04381054558417,-257.04381054558417,-257.04381054558417,0.0,0.0,0.0,57.68369244703064
119,1962-06-21,314.5640719101236,15.392746624991217,97.84362550462981,314.5640719101235,314.5640719101235,-256.85787955281165,-256.85787955281165,-256.85787955281165,-256.85787955281165,-256.85787955281165,-256.85787955281165,0.0,0.0,0.0,57.70619235731192
120,1962-06-22,314.40064082763223,12.681728878120099,100.20565473101709,314.40064082763223,314.40064082763223,-256.6710775305904,-256.6710775305904,-256.6710775305904,-256.6710775305904,-256.6710775305904,-256.6710775305904,0.0,0.0,0.0,57.72956329704181
121,1962-06-25,313.91034758015843,17.734677236584606,99.02140963490027,313.91034758015843,313.91034758015843,-256.10551811154585,-256.10551811154585,-256.10551811154585,-256.10551811154585,-256.10551811154585,-256.10551811154585,0.0,0.0,0.0,57.80482946861258
122,1962-06-26,313.7469164976672,14.385610886675641,96.96014917834992,313.7469164976672,313.7469164976672,-255.91530478197805,-255.91530478197805,-255.91530478197805,-255.91530478197805,-255.91530478197805,-255.91530478197805,0.0,0.0,0.0,57.83161171568915
123,1962-06-27,313.5834854151759,14.31079864520235,102.07304110405816,313.5834854151759,313.5834854151759,-255.7242568136708,-255.7242568136708,-255.7242568136708,-255.7242568136708,-255.7242568136708,-255.7242568136708,0.0,0.0,0.0,57.85922860150512
124,1962-06-28,313.42005433268463,19.34706468454677,102.88168106068058,313.42005433268463,313.42005433268463,-255.53238147540594,-255.53238147540594,-255.53238147540594,-255.53238147540594,-255.53238147540594,-255.53238147540594,0.0,0.0,0.0,57.88767285727869
125,1962-06-29,313.2566232501934,10.707857832583134,99.30892545159234,313.2566232501934,313.2566232501934,-255.33968603241186,-255.33968603241186,-255.33968603241186,-255.33968603241186,-255.33968603241186,-255.33968603241186,0.0,0.0,0.0,57.91693721778154
126,1962-07-02,312.7663300027196,22.971241994334136,99.98429948330732,312.7663300027196,312.7663300027196,-254.7567516701521,-254.7567516701521,-254.7567516701521,-254.7567516701521,-254.7567516701521,-254.7567516701521,0.0,0.0,0.0,58.009578332567486
127,1962-07-03,312.6028989202283,16.735296567112364,101.83471100667815,312.6028989202283,312.6028989202283,-254.56084838298347,-254.56084838298347,-254.56084838298347,-254.56084838298347,-254.56084838298347,-254.56084838298347,0.0,0.0,0.0,58.04205053724485
128,1962-07-05,312.27603675524574,14.82254447806994,98.85366827394157,312.27603675524574,312.27603675524574,-254.16669753360011,-254.16669753360011,-254.16669753360011,-254.16669753360011,-254.16669753360011,-254.16669753360011,0.0,0.0,0.0,58.10933922164563
129,1962-07-06,312.11260567275446,16.280839448173523,100.17628082511908,312.11260567275446,312.11260567275446,-253.96846444660156,-253.96846444660156,-253.96846444660156,-253.96846444660156,-253.96846444660156,-253.96846444660156,0.0,0.0,0.0,58.1441412261529
130,1962-07-09,311.62231242528065,14.932955564422528,99.14107874254842,311.62231242528065,311.62231242528065,-253.36922128212075,-253.36922128212075,-253.36922128212075,-253.36922128212075,-253.36922128212075,-253.36922128212075,0.0,0.0,0.0,58.25309114315991
131,1962-07-10,311.4588813427894,16.704621924074313,102.8302084179205,311.4588813427895,311.4588813427895,-253.16798299114723,-253.16798299114723,-253.16798299114723,-253.16798299114723,-253.16798299114723,-253.16798299114723,0.0,0.0,0.0,58.2908983516422
132,1962-07-11,311.29545026029814,16.68027268487814,96.960909560918,311.29545026029814,311.29545026029814,-252.96601143391638,-252.96601143391638,-252.96601143391638,-252.96601143391638,-252.96601143391638,-252.96601143391638,0.0,0.0,0.0,58.32943882638176
133,1962-07-12,311.13201917780685,14.440332713176883,100.28989368283911,311.13201917780685,311.13201917780685,-252.76331381272163,-252.76331381272163,-252.76331381272163,-252.76331381272163,-252.76331381272163,-252.76331381272163,0.0,0.0,0.0,58.36870536508522
134,1962-07-13,310.96858809531557,17.894792244728713,104.29766753827627,310.96858809531557,310.96858809531557,-252.55989732373845,-252.55989732373845,-252.55989732373845,-252.55989732373845,-252.55989732373845,-252.55989732373845,0.0,0.0,0.0,58.40869077157711
135,1962-07-16,310.47829484784177,17.839974556009736,101.99112182927846,310.47829484784177,310.47829484784177,-251.94540651625638,-251.94540651625638,-251.94540651625638,-251.94540651625638,-251.94540651625638,-251.94540651625638,0.0,0.0,0.0,58.53288833158538
136,1962-07-17,310.3148637653505,19.490029799489268,98.3671117766153,310.3148637653505,310.3148637653505,-251.73918638920412,-251.73918638920412,-251.73918638920412,-251.73918638920412,-251.73918638920412,-251.73918638920412,0.0,0.0,0.0,58.57567737614636
137,1962-07-18,310.15143268285925,17.887942289345464,99.75311713395506,310.15143268285925,310.15143268285925,-251.532283277164,-251.532283277164,-251.532283277164,-251.532283277164,-251.532283277164,-251.532283277164,0.0,0.0,0.0,58.619149405695254
138,1962-07-19,309.98800160036797,15.47699144434885,100.74860193045016,309.98800160036797,309.98800160036797,-251.32470433582367,-251.32470433582367,-251.32470433582367,-251.32470433582367,-251.32470433582367,-251.32470433582367,0.0,0.0,0.0,58.6632972645443
139,1962-07-20,309.8245705178767,19.941925547030202,100.06216599692998,309.8245705178767,309.8245705178767,-251.1164567134959,-251.1164567134959,-251.1164567134959,-251.1164567134959,-251.1164567134959,-251.1164567134959,0.0,0.0,0.0,58.70811380438079
140,1962-07-23,309.3342772704029,17.060213375959144,104.89857006569036,309.3342772704029,309.3342772704029,-250.4877731293612,-250.4877731293612,-250.4877731293612,-250.4877731293612,-250.4877731293612,-250.4877731293612,0.0,0.0,0.0,58.84650414104169
141,1962-07-24,309.17084618791165,18.469805367289595,97.50053151428507,309.17084618791165,309.17084618791165,-250.27692211249595,-250.27692211249595,-250.27692211249595,-250.27692211249595,-250.27692211249595,-250.27692211249595,0.0,0.0,0.0,58.8939240754157
142,1962-07-25,309.0074151054203,19.429087659967674,97.9967198109618,309.0074151054203,309.0074151054203,-250.06543803936984,-250.06543803936984,-250.06543803936984,-250.06543803936984,-250.06543803936984,-250.06543803936984,0.0,0.0,0.0,58.94197706605047
143,1962-07-26,308.8439840229291,18.6105099153837,98.10882880753293,308.8439840229291,308.8439840229291,-249.85332801032285,-249.85332801032285,-249.85332801032285,-249.85332801032285,-249.85332801032285,-249.85332801032285,0.0,0.0,0.0,58.99065601260622
144,1962-07-27,308.6805529404378,15.974312629124848,99.42354310293972,308.6805529404378,308.6805529404378,-249.6405991170823,-249.6405991170823,-249.6405991170823,-249.6405991170823,-249.6405991170823,-249.6405991170823,0.0,0.0,0.0,59.03995382335549
145,1962-07-30,308.190259692964,18.93372415163915,99.28656244976996,308.190259692964,308.190259692964,-248.99877003661118,-248.99877003661118,-248.99877003661118,-248.99877003661118,-248.99877003661118,-248.99877003661118,0.0,0.0,0.0,59.191489656352815
146,1962-07-31,308.0268286104727,17.06341774851405,100.62584780728166,308.0268286104727,308.0268286104727,-248.78363642549974,-248.78363642549974,-248.78363642549974,-248.78363642549974,-248.78363642549974,-248.78363642549974,0.0,0.0,0.0,59.24319218497297
147,1962-08-01,307.8633975279815,21.335063438473043,105.79754096307988,307.8633975279815,307.8633975279815,-248.56791927352972,-248.56791927352972,-248.56791927352972,-248.56791927352972,-248.56791927352972,-248.56791927352972,0.0,0.0,0.0,59.29547825445175
148,1962-08-02,307.6999664454902,17.83364411082959,102.76434736455012,307.6999664454902,307.6999664454902,-248.35162561709055,-248.35162561709055,-248.35162561709055,-248.35162561709055,-248.35162561709055,-248.35162561709055,0.0,0.0,0.0,59.34834082839964
149,1962-08-03,307.5365353629989,18.727300312876963,101.67694701479729,307.5365353629989,307.5365353629989,-248.13476248274267,-248.13476248274267,-248.13476248274267,-248.13476248274267,-248.13476248274267,-248.13476248274267,0.0,0.0,0.0,59.40177288025623
150,1962-08-06,307.0462421155251,18.855903683769224,102.77943947690365,307.04624211552505,307.04624211552505,-247.4808263268009,-247.4808263268009,-247.4808263268009,-247.4808263268009,-247.4808263268009,-247.4808263268009,0.0,0.0,0.0,59.56541578872421
151,1962-08-07,306.8828110330338,15.491864769812125,101.13143030025005,306.8828110330338,306.8828110330338,-247.26175534382418,-247.26175534382418,-247.26175534382418,-247.26175534382418,-247.26175534382418,-247.26175534382418,0.0,0.0,0.0,59.62105568920964
152,1962-08-08,306.71937995054253,15.947341006313101,98.03727857347437,306.71937995054253,306.71937995054253,-247.04214986229633,-247.04214986229633,-247.04214986229633,-247.04214986229633,-247.04214986229633,-247.04214986229633,0.0,0.0,0.0,59.677230088246205
153,1962-08-09,306.5559488680513,20.44128107504978,101.98000013362407,306.5559488680513,306.5559488680513,-246.82201684620563,-246.82201684620563,-246.82201684620563,-246.82201684620563,-246.82201684620563,-246.82201684620563,0.0,0.0,0.0,59.733932021845675
154,1962-08-10,306.39251778556,18.693884149016334,101.88573241599656,306.39251778556,306.39251778556,-246.60136324851712,-246.60136324851712,-246.60136324851712,-246.60136324851712,-246.60136324851712,-246.60136324851712,0.0,0.0,0.0,59.7911545370429
155,1962-08-13,305.9022245380862,18.53954091373214,99.19611671239849,305.9022245380862,305.9022245380862,-245.93634832662167,-245.93634832662167,-245.93634832662167,-245.93634832662167,-245.93634832662167,-245.93634832662167,0.0,0.0,0.0,59.96587621146455
156,1962-08-14,305.73879345559493,16.16836242360628,99.19729314990175,305.73879345559493,305.73879345559493,-245.7136817058273,-245.7136817058273,-245.7136817058273,-245.7136817058273,-245.7136817058273,-245.7136817058273,0.0,0.0,0.0,60.02511174976763
157,1962-08-15,305.57536237310364,18.365638843027448,96.08309478698115,305.57536237310364,305.57536237310364,-245.49052909702095,-245.49052909702095,-245.49052909702095,-245.49052909702095,-245.49052909702095,-245.49052909702095,0.0,0.0,0.0,60.08483327608269
158,1962-08-16,305.41193129061236,15.257351842123754,100.79123394027967,305.41193129061236,305.41193129061236,-245.266897383502,-245.266897383502,-245.266897383502,-245.266897383502,-245.266897383502,-245.266897383502,0.0,0.0,0.0,60.14503390711036
159,1962-08-17,305.24850020812113,16.737357905027633,103.67298118223862,305.24850020812113,305.24850020812113,-245.0427934363765,-245.0427934363765,-245.0427934363765,-245.0427934363765,-245.0427934363765,-245.0427934363765,0.0,0.0,0.0,60.205706771744616
160,1962-08-20,304.7582069606473,17.682032939431856,103.50921713454323,304.7582069606473,304.7582069606473,-244.36771671805522,-244.36771671805522,-244.36771671805522,-244.36771671805522,-244.36771671805522,-244.36771671805522,0.0,0.0,0.0,60.39049024259211
161,1962-08-21,304.59477587815604,22.403693453430947,100.97359180121913,304.59477587815604,304.59477587815604,-244.14179229792717,-244.14179229792717,-244.14179229792717,-244.14179229792717,-244.14179229792717,-244.14179229792717,0.0,0.0,0.0,60.452983580228874
162,1962-08-22,304.43134479566476,18.72529872989194,101.8308860007197,304.43134479566476,304.43134479566476,-243.9154298110614,-243.9154298110614,-243.9154298110614,-243.9154298110614,-243.9154298110614,-243.9154298110614,0.0,0.0,0.0,60.51591498460337
163,1962-08-23,304.2679137131735,19.16491557999006,103.57270392204443,304.2679137131735,304.2679137131735,-243.68863605195517,-243.68863605195517,-243.68863605195517,-243.68863605195517,-243.68863605195517,-243.68863605195517,0.0,0.0,0.0,60.579277661218356
164,1962-08-24,304.1044826306822,19.779983335744653,102.62950591123368,304.1044826306822,304.1044826306822,-243.4614178017686,-243.4614178017686,-243.4614178017686,-243.4614178017686,-243.4614178017686,-243.4614178017686,0.0,0.0,0.0,60.643064828913595
165,1962-08-27,303.6141893832084,20.41959477376161,100.76485728602049,303.6141893832084,303.6141893832084,-242.77728371287867,-242.77728371287867,-242.77728371287867,-242.77728371287867,-242.77728371287867,-242.77728371287867,0.0,0.0,0.0,60.83690567032971
166,1962-08-28,303.45075830071715,19.563931446817808,102.2964101970698,303.45075830071715,303.45075830071715,-242.5484350375854,-242.5484350375854,-242.5484350375854,-242.5484350375854,-242.5484350375854,-242.5484350375854,0.0,0.0,0.0,60.90232326313176
167,1962-08-29,303.28732721822587,18.23704813574462,103.1591168166034,303.28732721822587,303.28732721822587,-242.31919557132358,-242.31919557132358,-242.31919557132358,-242.31919557132358,-242.31919557132358,-242.31919557132358,0.0,0.0,0.0,60.96813164690229
168,1962-08-30,303.1238961357346,18.318969047260794,99.76963118192529,303.1238961357346,303.1238961357346,-242.08957201186132,-242.08957201186132,-242.08957201186132,-242.08957201186132,-242.08957201186132,-242.08957201186132,0.0,0.0,0.0,61.03432412387326
169,1962-08-31,302.96046505324335,19.455157797764603,103.9715107084273,302.96046505324335,302.96046505324335,-241.8595710425126,-241.8595710425126,-241.8595710425126,-241.8595710425126,-241.8595710425126,-241.8595710425126,0.0,0.0,0.0,61.10089401073074
170,1962-09-04,302.30674072327827,18.70285311584153,99.95208731042544,302.30674072327827,302.30674072327827,-240.93592621784774,-240.93592621784774,-240.93592621784774,-240.93592621784774,-240.93592621784774,-240.93592621784774,0.0,0.0,0.0,61.37081450543053
171,1962-09-05,302.143309640787,16.592240154102125,101.47180541904564,302.143309640787,302.143309640787,-240.70413793190752,-240.70413793190752,-240.70413793190752,-240.70413793190752,-240.70413793190752,-240.70413793190752,0.0,0.0,0.0,61.439171708879456
172,1962-09-06,301.9798785582957,23.602973886523856,103.51336205667867,301.9798785582957,301.9798785582957,-240.4720120236646,-240.4720120236646,-240.4720120236646,-240.4720120236646,-240.4720120236646,-240.4720120236646,0.0,0.0,0.0,61.50786653463109
173,1962-09-07,301.8164474758044,18.127451594987125,105.020939222981,301.8164474758044,301.8164474758044,-240.23955507088547,-240.23955507088547,-240.23955507088547,-240.23955507088547,-240.23955507088547,-240.23955507088547,0.0,0.0,0.0,61.57689240491894
174,1962-09-10,301.3261542283306,17.612254875784863,101.54600099420855,301.3261542283306,301.3261542283306,-239.54026348665982,-239.54026348665982,-239.54026348665982,-239.54026348665982,-239.54026348665982,-239.54026348665982,0.0,0.0,0.0,61.785890741670784
175,1962-09-11,301.1627231458394,21.20479513171703,104.55245546011255,301.1627231458394,301.1627231458394,-239.3065478172228,-239.3065478172228,-239.3065478172228,-239.3065478172228,-239.3065478172228,-239.3065478172228,0.0,0.0,0.0,61.85617532861659
176,1962-09-12,300.9992920633481,22.143860967401515,101.09420185454961,300.9992920633481,300.9992920633481,-239.07253375362245,-239.07253375362245,-239.07253375362245,-239.07253375362245,-239.07253375362245,-239.07253375362245,0.0,0.0,0.0,61.92675830972564
177,1962-09-13,300.8358609808568,18.973466581447386,105.21643472069047,300.8358609808568,300.8358609808568,-238.83822777718424,-238.83822777718424,-238.83822777718424,-238.83822777718424,-238.83822777718424,-238.83822777718424,0.0,0.0,0.0,61.997633203672564
178,1962-09-14,300.6724298983655,22.18794242335745,104.69236671889388,300.6724298983655,300.6724298983655,-238.6036363526342,-238.6036363526342,-238.6036363526342,-238.6036363526342,-238.6036363526342,-238.6036363526342,0.0,0.0,0.0,62.068793545731324
179,1962-09-17,300.1821366508917,19.45541530620755,105.66474897364012,300.1821366508917,300.1821366508917,-237.89821378547452,-237.89821378547452,-237.89821378547452,-237.89821378547452,-237.89821378547452,-237.89821378547452,0.0,0.0,0.0,62.283922865417196
180,1962-09-18,300.01870556840043,21.97840054007527,105.89764647521415,300.01870556840043,300.01870556840043,-237.66254487857316,-237.66254487857316,-237.66254487857316,-237.66254487857316,-237.66254487857316,-237.66254487857316,0.0,0.0,0.0,62.35616068982728
181,1962-09-19,299.8552744859092,20.374467675522116,102.09621692951944,299.8552744859092,299.8552744859092,-237.42662259302998,-237.42662259302998,-237.42662259302998,-237.42662259302998,-237.42662259302998,-237.42662259302998,0.0,0.0,0.0,62.42865189287923
182,1962-09-20,299.6918434034179,18.835501576514694,106.09254988861214,299.6918434034179,299.6918434034179,-237.19045329088146,-237.19045329088146,-237.19045329088146,-237.19045329088146,-237.19045329088146,-237.19045329088146,0.0,0.0,0.0,62.501390112536455
183,1962-09-21,299.52841232092663,16.899125428695527,103.69849471582577,299.5284123209266,299.5284123209266,-236.95404331653936,-236.95404331653936,-236.95404331653936,-236.95404331653936,-236.95404331653936,-236.95404331653936,0.0,0.0,0.0,62.57436900438728
184,1962-09-24,299.0381190734529,19.73908641094385,103.70216895020896,299.0381190734529,299.0381190734529,-236.24343253708602,-236.24343253708602,-236.24343253708602,-236.24343253708602,-236.24343253708602,-236.24343253708602,0.0,0.0,0.0,62.79468653636687
185,1962-09-25,298.8746879909616,23.257183518854873,102.019818071594,298.8746879909616,298.8746879909616,-236.00612296057784,-236.00612296057784,-236.00612296057784,-236.00612296057784,-236.00612296057784,-236.00612296057784,0.0,0.0,0.0,62.86856503038376
186,1962-09-26,298.71125690847026,22.866134457750224,102.51371287056055,298.71125690847026,298.71125690847026,-235.76860416455781,-235.76860416455781,-235.76860416455781,-235.76860416455781,-235.76860416455781,-235.76860416455781,0.0,0.0,0.0,62.94265274391245
187,1962-09-27,298.54782582597903,23.4522167688891,103.65961075091569,298.54782582597903,298.54782582597903,-235.53088238469456,-235.53088238469456,-235.53088238469456,-235.53088238469456,-235.53088238469456,-235.53088238469456,0.0,0.0,0.0,63.01694344128447
188,1962-09-28,298.38439474348775,21.105613910805584,103.53250717803405,298.38439474348775,298.38439474348775,-235.29296383804012,-235.29296383804012,-235.29296383804012,-235.29296383804012,-235.29296383804012,-235.29296383804012,0.0,0.0,0.0,63.09143090544762
189,1962-10-01,297.89410149601395,20.326239081446023,103.55926963757366,297.89410149601395,297.89410149601395,-234.57808948568658,-234.57808948568658,-234.57808948568658,-234.57808948568658,-234.57808948568658,-234.57808948568658,0.0,0.0,0.0,63.31601201032737
190,1962-10-02,297.7306704135227,22.967635653332998,105.11371796755697,297.7306704135227,297.7306704135227,-234.33944566520555,-234.33944566520555,-234.33944566520555,-234.33944566520555,-234.33944566520555,-234.33944566520555,0.0,0.0,0.0,63.39122474831717
191,1962-10-03,297.56723933103143,20.417774875439882,104.02068714363429,297.56723933103143,297.56723933103143,-234.10063587910486,-234.10063587910486,-234.10063587910486,-234.10063587910486,-234.10063587910486,-234.10063587910486,0.0,0.0,0.0,63.466603451926574
192,1962-10-04,297.40380824854014,21.61397033017423,105.24687173676412,297.40380824854014,297.40380824854014,-233.86166622984348,-233.86166622984348,-233.86166622984348,-233.86166622984348,-233.86166622984348,-233.86166622984348,0.0,0.0,0.0,63.542142018696666
193,1962-10-05,297.24037716604886,23.26665340491698,104.12483503082237,297.24037716604886,297.24037716604886,-233.6225428003062,-233.6225428003062,-233.6225428003062,-233.6225428003062,-233.6225428003062,-233.6225428003062,0.0,0.0,0.0,63.61783436574265
194,1962-10-08,296.75008391857506,23.9607788188806,105.53984529022073,296.75008391857506,296.75008391857506,-232.90431036246505,-232.90431036246505,-232.90431036246505,-232.90431036246505,-232.90431036246505,-232.90431036246505,0.0,0.0,0.0,63.845773556110004
195,1962-10-09,296.5866528360838,21.618611950290322,105.29545430944562,296.5866528360838,296.5866528360838,-232.66463224451485,-232.66463224451485,-232.66463224451485,-232.66463224451485,-232.66463224451485,-232.66463224451485,0.0,0.0,0.0,63.92202059156892
196,1962-10-10,296.42322175359254,21.21524434857112,103.91198041922328,296.42322175359254,296.42322175359254,-232.42483046243754,-232.42483046243754,-232.42483046243754,-232.42483046243754,-232.42483046243754,-232.42483046243754,0.0,0.0,0.0,63.998391291155
197,1962-10-11,296.25979067110126,22.574381424075717,104.26923239867038,296.25979067110126,296.25979067110126,-232.18491097888605,-232.18491097888605,-232.18491097888605,-232.18491097888605,-232.18491097888605,-232.18491097888605,0.0,0.0,0.0,64.0748796922152
198,1962-10-12,296.09635958860997,20.421480505690308,103.08276855927853,296.09635958860997,296.09635958860997,-231.9448797360175,-231.9448797360175,-231.9448797360175,-231.9448797360175,-231.9448797360175,-231.9448797360175,0.0,0.0,0.0,64.15147985259247
199,1962-10-15,295.6060663411361,21.79587791409355,104.6268651787254,295.6060663411361,295.6060663411361,-231.22417456294178,-231.22417456294178,-231.22417456294178,-231.22417456294178,-231.22417456294178,-231.22417456294178,0.0,0.0,0.0,64.38189177819433
200,1962-10-16,295.4426352586449,24.780895085317486,102.22150141686991,295.4426352586449,295.4426352586449,-230.98375528996615,-230.98375528996615,-230.98375528996615,-230.98375528996615,-230.98375528996615,-230.98375528996615,0.0,0.0,0.0,64.45887996867873
201,1962-10-17,295.2792041761536,23.739647061020015,105.09895866983626,295.2792041761536,295.2792041761536,-230.74325365654082,-230.74325365654082,-230.74325365654082,-230.74325365654082,-230.74325365654082,-230.74325365654082,0.0,0.0,0.0,64.53595051961278
202,1962-10-18,295.11577309366237,24.79771126594536,107.85542123690027,295.11577309366237,295.11577309366237,-230.50267547917068,-230.50267547917068,-230.50267547917068,-230.50267547917068,-230.50267547917068,-230.50267547917068,0.0,0.0,0.0,64.61309761449169
203,1962-10-19,294.9523420111711,23.898054140563254,108.27143256120496,294.9523420111711,294.9523420111711,-230.26202655298042,-230.26202655298042,-230.26202655298042,-230.26202655298042,-230.26202655298042,-230.26202655298042,0.0,0.0,0.0,64.69031545819067
204,1962-10-22,294.4620487636973,25.01756761542286,110.02954302921889,294.4620487636973,294.4620487636973,-229.53971290943662,-229.53971290943662,-229.53971290943662,-229.53971290943662,-229.53971290943662,-229.53971290943662,0.0,0.0,0.0,64.92233585426067
205,1962-10-23,294.298617681206,25.744448065423057,111.48700668168958,294.298617681206,294.298617681206,-229.2988385072952,-229.2988385072952,-229.2988385072952,-229.2988385072952,-229.2988385072952,-229.2988385072952,0.0,0.0,0.0,64.99977917391081
206,1962-10-24,294.13518659871477,23.141154321036897,106.24245909328788,294.13518659871477,294.13518659871477,-229.05792200695606,-229.05792200695606,-229.05792200695606,-229.05792200695606,-229.05792200695606,-229.05792200695606,0.0,0.0,0.0,65.0772645917587
207,1962-10-25,293.9717555162234,20.468705757669493,105.9282428729501,293.9717555162234,293.9717555162234,-228.8169690726974,-228.8169690726974,-228.8169690726974,-228.8169690726974,-228.8169690726974,-228.8169690726974,0.0,0.0,0.0,65.15478644352604
208,1962-10-26,293.8083244337322,23.361572925894865,106.9516761621422,293.8083244337322,293.8083244337322,-228.57598534657004,-228.57598534657004,-228.57598534657004,-228.57598534657004,-228.57598534657004,-228.57598534657004,0.0,0.0,0.0,65.23233908716216
209,1962-10-29,293.3180311862584,23.14732789203822,107.23330891967669,293.3180311862584,293.3180311862584,-227.8529055016062,-227.8529055016062,-227.8529055016062,-227.8529055016062,-227.8529055016062,-227.8529055016062,0.0,0.0,0.0,65.46512568465221
210,1962-10-30,293.1546001037671,22.60480059995581,104.99555218632734,293.1546001037671,293.1546001037671,-227.61185457986068,-227.61185457986068,-227.61185457986068,-227.61185457986068,-227.61185457986068,-227.61185457986068,0.0,0.0,0.0,65.54274552390643
211,1962-10-31,292.9911690212758,24.58937687064836,105.04219608966096,292.9911690212758,292.9911690212758,-227.37080073899727,-227.37080073899727,-227.37080073899727,-227.37080073899727,-227.37080073899727,-227.37080073899727,0.0,0.0,0.0,65.62036828227855
212,1962-11-01,292.8277379387846,24.95718257192689,107.03795893599451,292.8277379387846,292.8277379387846,-227.12974948525832,-227.12974948525832,-227.12974948525832,-227.12974948525832,-227.12974948525832,-227.12974948525832,0.0,0.0,0.0,65.69798845352628
213,1962-11-02,292.6643068562933,24.1531561370318,104.83466341463027,292.6643068562933,292.6643068562933,-226.88870630185133,-226.88870630185133,-226.88870630185133,-226.88870630185133,-226.88870630185133,-226.88870630185133,0.0,0.0,0.0,65.77560055444198
214,1962-11-05,292.1740136088195,25.01979574473097,105.43842945306804,292.1740136088195,292.1740136088195,-226.1656796578323,-226.1656796578323,-226.1656796578323,-226.1656796578323,-226.1656796578323,-226.1656796578323,0.0,0.0,0.0,66.00833395098721
215,1962-11-07,291.84715144383694,26.664163866442145,107.67548405272834,291.84715144383694,291.84715144383694,-225.68380172559048,-225.68380172559048,-225.68380172559048,-225.68380172559048,-225.68380172559048,-225.68380172559048,0.0,0.0,0.0,66.16334971824645
216,1962-11-08,291.68372036134565,23.43294262817635,106.50234117578339,291.68372036134565,291.68372036134565,-225.44292080758166,-225.44292080758166,-225.44292080758166,-225.44292080758166,-225.44292080758166,-225.44292080758166,0.0,0.0,0.0,66.24079955376399
217,1962-11-09,291.5202892788544,23.777385186498126,109.59693742714424,291.5202892788544,291.5202892788544,-225.20208568808007,-225.20208568808007,-225.20208568808007,-225.20208568808007,-225.20208568808007,-225.20208568808007,0.0,0.0,0.0,66.31820359077435
218,1962-11-12,291.0299960313806,22.374728846702173,108.21573956719865,291.0299960313806,291.0299960313806,-224.47990795010708,-224.47990795010708,-224.47990795010708,-224.47990795010708,-224.47990795010708,-224.47990795010708,0.0,0.0,0.0,66.55008808127354
219,1962-11-13,290.86656494888933,25.95092431115429,110.25980894205628,290.86656494888933,290.86656494888933,-224.23930873363958,-224.23930873363958,-224.23930873363958,-224.23930873363958,-224.23930873363958,-224.23930873363958,0.0,0.0,0.0,66.62725621524976
220,1962-11-14,290.70313386639805,27.28392026927192,110.3215843736979,290.70313386639805,290.70313386639805,-223.99878154933558,-223.99878154933558,-223.99878154933558,-223.99878154933558,-223.99878154933558,-223.99878154933558,0.0,0.0,0.0,66.70435231706247
221,1962-11-15,290.53970278390676,24.493987948980564,109.73541160799118,290.53970278390676,290.53970278390676,-223.7583315710577,-223.7583315710577,-223.7583315710577,-223.7583315710577,-223.7583315710577,-223.7583315710577,0.0,0.0,0.0,66.78137121284905
222,1962-11-16,290.3762717014155,25.72847290669386,109.28923672500866,290.3762717014155,290.3762717014155,-223.51796394814124,-223.51796394814124,-223.51796394814124,-223.51796394814124,-223.51796394814124,-223.51796394814124,0.0,0.0,0.0,66.85830775327423
223,1962-11-19,289.8859784539417,25.128744700197938,111.43706978951273,289.8859784539417,289.8859784539417,-222.79740633490286,-222.79740633490286,-222.79740633490286,-222.79740633490286,-222.79740633490286,-222.79740633490286,0.0,0.0,0.0,67.08857211903882
224,1962-11-20,289.72254737145045,26.40953552896168,106.74490340511831,289.72254737145045,289.72254737145045,-222.5574191327451,-222.5574191327451,-222.5574191327451,-222.5574191327451,-222.5574191327451,-222.5574191327451,0.0,0.0,0.0,67.16512823870534
225,1962-11-21,289.55911628895916,28.291827236849652,113.78178436928062,289.5591162889591,289.5591162889591,-222.31753966123466,-222.31753966123466,-222.31753966123466,-222.31753966123466,-222.31753966123466,-222.31753966123466,0.0,0.0,0.0,67.2415766277245
226,1962-11-23,289.23225412397665,26.98978836964484,108.07857815540562,289.23225412397665,289.23225412397665,-221.83812388532448,-221.83812388532448,-221.83812388532448,-221.83812388532448,-221.83812388532448,-221.83812388532448,0.0,0.0,0.0,67.39413023865217
227,1962-11-26,288.74196087650284,26.93364562617465,105.93679781435601,288.74196087650284,288.74196087650284,-221.11993238235803,-221.11993238235803,-221.11993238235803,-221.11993238235803,-221.11993238235803,-221.11993238235803,0.0,0.0,0.0,67.62202849414481
228,1962-11-27,288.57852979401156,24.015201017824474,106.15998919392433,288.57852979401156,288.57852979401156,-220.88080341106098,-220.88080341106098,-220.88080341106098,-220.88080341106098,-220.88080341106098,-220.88080341106098,0.0,0.0,0.0,67.69772638295058
229,1962-11-28,288.4150987115203,26.3360964746083,109.75079322994297,288.4150987115203,288.4150987115203,-220.64181663837746,-220.64181663837746,-220.64181663837746,-220.64181663837746,-220.64181663837746,-220.64181663837746,0.0,0.0,0.0,67.77328207314281
230,1962-11-29,288.251667629029,28.56482428483999,109.45463942344854,288.251667629029,288.251667629029,-220.40297688597767,-220.40297688597767,-220.40297688597767,-220.40297688597767,-220.40297688597767,-220.40297688597767,0.0,0.0,0.0,67.84869074305132
231,1962-11-30,288.0882365465377,25.992578495865523,106.28332604963329,288.0882365465377,288.0882365465377,-220.1642889496798,-220.1642889496798,-220.1642889496798,-220.1642889496798,-220.1642889496798,-220.1642889496798,0.0,0.0,0.0,67.92394759685791
232,1962-12-03,287.5979432990639,29.0855119325181,111.38116337207174,287.5979432990639,287.5979432990639,-219.4491836059597,-219.4491836059597,-219.4491836059597,-219.4491836059597,-219.4491836059597,-219.4491836059597,0.0,0.0,0.0,68.14875969310421
233,1962-12-04,287.43451221657267,27.394852706168546,110.13098083570247,287.43451221657267,287.43451221657267,-219.21115037215247,-219.21115037215247,-219.21115037215247,-219.21115037215247,-219.21115037215247,-219.21115037215247,0.0,0.0,0.0,68.2233618444202
234,1962-12-05,287.2710811340813,27.41533591546561,109.8425125112792,287.2710811340813,287.2710811340813,-218.97329254271125,-218.97329254271125,-218.97329254271125,-218.97329254271125,-218.97329254271125,-218.97329254271125,0.0,0.0,0.0,68.29778859137008
235,1962-12-06,287.1076500515901,29.29191111627509,109.86407338498695,287.1076500515901,287.1076500515901,-218.7356147565262,-218.7356147565262,-218.7356147565262,-218.7356147565262,-218.7356147565262,-218.7356147565262,0.0,0.0,0.0,68.37203529506391
236,1962-12-07,286.9442189690988,28.8387268193476,107.23536848245763,286.9442189690988,286.9442189690988,-218.4981216260388,-218.4981216260388,-218.4981216260388,-218.4981216260388,-218.4981216260388,-218.4981216260388,0.0,0.0,0.0,68.44609734306002
237,1962-12-10,286.453925721625,29.041390275544938,113.1868410843473,286.45392572162507,286.45392572162507,-217.78679589473083,-217.78679589473083,-217.78679589473083,-217.78679589473083,-217.78679589473083,-217.78679589473083,0.0,0.0,0.0,68.66712982689418
238,1962-12-11,286.2904946391337,29.58936497913531,108.38171305232503,286.2904946391337,286.2904946391337,-217.55008697962685,-217.55008697962685,-217.55008697962685,-217.55008697962685,-217.55008697962685,-217.55008697962685,0.0,0.0,0.0,68.74040765950687
239,1962-12-12,286.1270635566425,24.838833132956665,109.53615020769456,286.1270635566425,286.1270635566425,-217.3135853828647,-217.3135853828647,-217.3135853828647,-217.3135853828647,-217.3135853828647,-217.3135853828647,0.0,0.0,0.0,68.81347817377781
240,1962-12-13,285.9636324741512,29.210152673859564,111.84791042593012,285.9636324741512,285.9636324741512,-217.07729555650798,-217.07729555650798,-217.07729555650798,-217.07729555650798,-217.07729555650798,-217.07729555650798,0.0,0.0,0.0,68.88633691764323
241,1962-12-14,285.8002013916599,29.616530758250292,108.50646932471693,285.8002013916599,285.8002013916599,-216.84122192561892,-216.84122192561892,-216.84122192561892,-216.84122192561892,-216.84122192561892,-216.84122192561892,0.0,0.0,0.0,68.958979466041
242,1962-12-17,285.3099081441861,25.75338167657452,110.34726354749861,285.3099081441861,285.3099081441861,-216.13434204977563,-216.13434204977563,-216.13434204977563,-216.13434204977563,-216.13434204977563,-216.13434204977563,0.0,0.0,0.0,69.1755660944105
243,1962-12-18,285.14647706169484,28.789628311624103,112.12961329540987,285.14647706169484,285.14647706169484,-215.89917690872576,-215.89917690872576,-215.89917690872576,-215.89917690872576,-215.89917690872576,-215.89917690872576,0.0,0.0,0.0,69.24730015296907
244,1962-12-19,284.98304597920355,26.73787387070695,109.15758314893449,284.98304597920355,284.98304597920355,-215.6642496808241,-215.6642496808241,-215.6642496808241,-215.6642496808241,-215.6642496808241,-215.6642496808241,0.0,0.0,0.0,69.31879629837945
245,1962-12-20,284.8196148967123,25.313012844725822,108.44151433641557,284.8196148967123,284.8196148967123,-215.42956462757343,-215.42956462757343,-215.42956462757343,-215.42956462757343,-215.42956462757343,-215.42956462757343,0.0,0.0,0.0,69.3900502691389
246,1962-12-21,284.65618381422104,27.197354025696455,109.32600845674126,284.65618381422104,284.65618381422104,-215.19512598296683,-215.19512598296683,-215.19512598296683,-215.19512598296683,-215.19512598296683,-215.19512598296683,0.0,0.0,0.0,69.46105783125421
247,1962-12-24,284.16589056674724,31.904087590246327,111.72940468293169,284.16589056674724,284.16589056674724,-214.49333042686203,-214.49333042686203,-214.49333042686203,-214.49333042686203,-214.49333042686203,-214.49333042686203,0.0,0.0,0.0,69.6725601398852
248,1962-12-26,283.83902840176466,24.889188407216444,108.3843294614945,283.83902840176466,283.83902840176466,-214.02677514509824,-214.02677514509824,-214.02677514509824,-214.02677514509824,-214.02677514509824,-214.02677514509824,0.0,0.0,0.0,69.81225325666642
249,1962-12-27,283.6755973192734,27.45675635284803,110.38071337870224,283.6755973192734,283.6755973192734,-213.79390231712716,-213.79390231712716,-213.79390231712716,-213.79390231712716,-213.79390231712716,-213.79390231712716,0.0,0.0,0.0,69.88169500214622
250,1962-12-28,283.51216623678215,28.561127082509476,114.41116207779882,283.51216623678215,283.51216623678215,-213.56130475982286,-213.56130475982286,-213.56130475982286,-213.56130475982286,-213.56130475982286,-213.56130475982286,0.0,0.0,0.0,69.95086147695929
251,1962-12-31,283.02187298930835,26.574980371157082,110.99259484472587,283.02187298930835,283.02187298930835,-212.86520368655283,-212.86520368655283,-212.86520368655283,-212.86520368655283,-212.86520368655283,-212.86520368655283,0.0,0.0,0.0,70.15666930275552
252,1963-01-02,282.6950108243258,25.812733423112427,111.28160975498325,282.6950108243258,282.6950108243258,-212.40258545183124,-212.40258545183124,-212.40258545183124,-212.40258545183124,-212.40258545183124,-212.40258545183124,0.0,0.0,0.0,70.29242537249453
253,1963-01-03,282.53157974183455,25.745546897481923,111.342013657988,282.53157974183455,282.53157974183455,-212.17172277497238,-212.17172277497238,-212.17172277497238,-212.17172277497238,-212.17172277497238,-212.17172277497238,0.0,0.0,0.0,70.35985696686217
254,1963-01-04,282.36814865934326,29.767591132550436,111.9095083852715,282.36814865934326,282.36814865934326,-211.94116285732198,-211.94116285732198,-211.94116285732198,-211.94116285732198,-211.94116285732198,-211.94116285732198,0.0,0.0,0.0,70.42698580202128
255,1963-01-07,281.87785541186946,29.627771828628727,113.27826761421687,281.87785541186946,281.87785541186946,-211.25133765322659,-211.25133765322659,-211.25133765322659,-211.25133765322659,-211.25133765322659,-211.25133765322659,0.0,0.0,0.0,70.62651775864288
256,1963-01-08,281.71442432937823,28.034015232857666,113.22527490648842,281.71442432937823,281.71442432937823,-211.02202662330836,-211.02202662330836,-211.02202662330836,-211.02202662330836,-211.02202662330836,-211.02202662330836,0.0,0.0,0.0,70.69239770606987
257,1963-01-09,281.5509932468869,28.263414898286634,109.99823361296079,281.5509932468869,281.5509932468869,-210.79303713515645,-210.79303713515645,-210.79303713515645,-210.79303713515645,-210.79303713515645,-210.79303713515645,0.0,0.0,0.0,70.75795611173044
258,1963-01-10,281.3875621643956,30.707269229936554,110.53032003306387,281.3875621643956,281.3875621643956,-210.56437285936542,-210.56437285936542,-210.56437285936542,-210.56437285936542,-210.56437285936542,-210.56437285936542,0.0,0.0,0.0,70.82318930503018
259,1963-01-11,281.2241310819044,30.853669897587224,111.0969060407474,281.2241310819044,281.2241310819044,-210.33603743777186,-210.33603743777186,-210.33603743777186,-210.33603743777186,-210.33603743777186,-210.33603743777186,0.0,0.0,0.0,70.88809364413251
260,1963-01-14,280.7338378344306,26.064063399742082,114.39662177123651,280.7338378344306,280.7338378344306,-209.65304028415346,-209.65304028415346,-209.65304028415346,-209.65304028415346,-209.65304028415346,-209.65304028415346,0.0,0.0,0.0,71.08079755027711
261,1963-01-15,280.5704067519393,27.794742325723412,113.6797001585452,280.5704067519393,280.5704067519393,-209.42605612086425,-209.42605612086425,-209.42605612086425,-209.42605612086425,-209.42605612086425,-209.42605612086425,0.0,0.0,0.0,71.14435063107504
262,1963-01-16,280.40697566944806,29.98924931664063,112.78375841637583,280.40697566944806,280.40697566944806,-209.19941858790563,-209.19941858790563,-209.19941858790563,-209.19941858790563,-209.19941858790563,-209.19941858790563,0.0,0.0,0.0,71.20755708154243
263,1963-01-17,280.2435445869567,32.44673125683154,111.19018440087865,280.2435445869567,280.2435445869567,-208.9731311535709,-208.9731311535709,-208.9731311535709,-208.9731311535709,-208.9731311535709,-208.9731311535709,0.0,0.0,0.0,71.27041343338581
264,1963-01-18,280.08011350446543,30.4495229337913,115.15477784729545,280.08011350446543,280.08011350446543,-208.74719725707206,-208.74719725707206,-208.74719725707206,-208.74719725707206,-208.74719725707206,-208.74719725707206,0.0,0.0,0.0,71.33291624739337
265,1963-01-21,279.58982025699163,27.007062391025794,115.48891024153546,279.58982025699163,279.58982025699163,-208.07155074961491,-208.07155074961491,-208.07155074961491,-208.07155074961491,-208.07155074961491,-208.07155074961491,0.0,0.0,0.0,71.51826950737671
266,1963-01-22,279.4263891745004,28.810264430369322,113.66481078310167,279.4263891745004,279.4263891745004,-207.84706481349872,-207.84706481349872,-207.84706481349872,-207.84706481349872,-207.84706481349872,-207.84706481349872,0.0,0.0,0.0,71.57932436100168
267,1963-01-23,279.2629580920091,24.9968382582415,112.01075531082371,279.2629580920091,279.2629580920091,-207.62294917361487,-207.62294917361487,-207.62294917361487,-207.62294917361487,-207.62294917361487,-207.62294917361487,0.0,0.0,0.0,71.64000891839424
268,1963-01-24,279.0995270095179,30.961610617585297,111.88466824990019,279.0995270095179,279.0995270095179,-207.3992070938334,-207.3992070938334,-207.3992070938334,-207.3992070938334,-207.3992070938334,-207.3992070938334,0.0,0.0,0.0,71.70031991568447
269,1963-01-25,278.9360959270266,31.06029677972946,113.63092285921319,278.9360959270266,278.9360959270266,-207.17584180866731,-207.17584180866731,-207.17584180866731,-207.17584180866731,-207.17584180866731,-207.17584180866731,0.0,0.0,0.0,71.76025411835928
270,1963-01-28,278.44580267955274,31.12840073183564,112.85030774973924,278.44580267955274,278.44580267955274,-206.50803862488624,-206.50803862488624,-206.50803862488624,-206.50803862488624,-206.50803862488624,-206.50803862488624,0.0,0.0,0.0,71.9377640546665
271,1963-01-29,278.28237159706146,31.281111001925886,113.20444995640185,278.28237159706146,278.28237159706146,-206.28621227493488,-206.28621227493488,-206.28621227493488,-206.28621227493488,-206.28621227493488,-206.28621227493488,0.0,0.0,0.0,71.99615932212657
272,1963-01-30,278.1189405145702,28.364681933984023,115.93044859606249,278.1189405145702,278.1189405145702,-206.0647784505892,-206.0647784505892,-206.0647784505892,-206.0647784505892,-206.0647784505892,-206.0647784505892,0.0,0.0,0.0,72.05416206398104
273,1963-01-31,277.95550943207894,30.15139113934832,113.21714323342985,277.95550943207894,277.95550943207894,-205.84374020950315,-205.84374020950315,-205.84374020950315,-205.84374020950315,-205.84374020950315,-205.84374020950315,0.0,0.0,0.0,72.11176922257579
274,1963-02-01,277.7920783495877,30.39939010516027,116.28939162052053,277.7920783495877,277.7920783495877,-205.62310057974452,-205.62310057974452,-205.62310057974452,-205.62310057974452,-205.62310057974452,-205.62310057974452,0.0,0.0,0.0,72.1689777698432
275,1963-02-04,277.3017851021139,29.443998923380935,117.36490172016877,277.3017851021139,277.3017851021139,-204.96360319471154,-204.96360319471154,-204.96360319471154,-204.96360319471154,-204.96360319471154,-204.96360319471154,0.0,0.0,0.0,72.33818190740237
276,1963-02-05,277.13835401962257,31.49719969622898,114.60038264206597,277.13835401962257,277.13835401962257,-204.74458769821754,-204.74458769821754,-204.74458769821754,-204.74458769821754,-204.74458769821754,-204.74458769821754,0.0,0.0,0.0,72.39376632140502
277,1963-02-06,276.9749229371313,31.369978345197545,115.21508557831666,276.9749229371313,276.9749229371313,-204.5259855086138,-204.5259855086138,-204.5259855086138,-204.5259855086138,-204.5259855086138,-204.5259855086138,0.0,0.0,0.0,72.4489374285175
278,1963-02-07,276.81149185464005,31.990649338628007,111.98842761670849,276.81149185464005,276.81149185464005,-204.30779947587584,-204.30779947587584,-204.30779947587584,-204.30779947587584,-204.30779947587584,-204.30779947587584,0.0,0.0,0.0,72.50369237876421
279,1963-02-08,276.64806077214877,32.56997283914872,116.8478363828094,276.64806077214877,276.64806077214877,-204.09003242021092,-204.09003242021092,-204.09003242021092,-204.09003242021092,-204.09003242021092,-204.09003242021092,0.0,0.0,0.0,72.55802835193785
280,1963-02-11,276.15776752467497,29.757594446897055,113.7867339101179,276.15776752467497,276.15776752467497,-203.43927287073663,-203.43927287073663,-203.43927287073663,-203.43927287073663,-203.43927287073663,-203.43927287073663,0.0,0.0,0.0,72.71849465393834
281,1963-02-12,275.99433644218374,29.25639657776041,112.36144570225491,275.99433644218374,275.99433644218374,-203.2232093293077,-203.2232093293077,-203.2232093293077,-203.2232093293077,-203.2232093293077,-203.2232093293077,0.0,0.0,0.0,72.77112711287603
282,1963-02-13,275.83090535969245,29.61166172525992,115.41435771447118,275.83090535969245,275.83090535969245,-203.00757841871754,-203.00757841871754,-203.00757841871754,-203.00757841871754,-203.00757841871754,-203.00757841871754,0.0,0.0,0.0,72.82332694097491
283,1963-02-14,275.66747427720117,28.727343561589183,115.53218465716806,275.66747427720117,275.66747427720117,-202.7923827801306,-202.7923827801306,-202.7923827801306,-202.7923827801306,-202.7923827801306,-202.7923827801306,0.0,0.0,0.0,72.87509149707057
284,1963-02-15,275.50404319470994,30.68397642680274,113.00231570363187,275.50404319470994,275.50404319470994,-202.57762502480827,-202.57762502480827,-202.57762502480827,-202.57762502480827,-202.57762502480827,-202.57762502480827,0.0,0.0,0.0,72.92641816990167
285,1963-02-18,275.0137499472361,35.28256453239535,113.91492616679525,275.0137499472361,275.0137499472361,-201.936004722175,-201.936004722175,-201.936004722175,-201.936004722175,-201.936004722175,-201.936004722175,0.0,0.0,0.0,73.07774522506108
286,1963-02-19,274.8503188647448,32.016012040806515,114.30725574089578,274.8503188647448,274.8503188647448,-201.72302401393875,-201.72302401393875,-201.72302401393875,-201.72302401393875,-201.72302401393875,-201.72302401393875,0.0,0.0,0.0,73.12729485080604
287,1963-02-20,274.68688778225356,31.866097743925764,114.57714485979261,274.68688778225356,274.68688778225356,-201.51049379621836,-201.51049379621836,-201.51049379621836,-201.51049379621836,-201.51049379621836,-201.51049379621836,0.0,0.0,0.0,73.17639398603521
288,1963-02-21,274.5234566997623,28.20289468098783,114.09736969942504,274.5234566997623,274.5234566997623,-201.29841650056596,-201.29841650056596,-201.29841650056596,-201.29841650056596,-201.29841650056596,-201.29841650056596,0.0,0.0,0.0,73.22504019919631
289,1963-02-25,273.8697323697972,32.13408884657553,116.86356288369898,273.8697323697972,273.8697323697972,-200.4546841198104,-200.4546841198104,-200.4546841198104,-200.4546841198104,-200.4546841198104,-200.4546841198104,0.0,0.0,0.0,73.4150482499868
290,1963-02-26,273.7063012873059,27.252571587655456,115.3175633208427,273.7063012873059,273.7063012873059,-200.24490685780677,-200.24490685780677,-200.24490685780677,-200.24490685780677,-200.24490685780677,-200.24490685780677,0.0,0.0,0.0,73.46139442949914
291,1963-02-27,273.5428702048146,33.27796321348362,114.36166491489355,273.5428702048146,273.5428702048146,-200.0355964771022,-200.0355964771022,-200.0355964771022,-200.0355964771022,-200.0355964771022,-200.0355964771022,0.0,0.0,0.0,73.50727372771243
292,1963-02-28,273.3794391223234,31.18013990221455,113.48401830751384,273.3794391223234,273.3794391223234,-199.826755199163,-199.826755199163,-199.826755199163,-199.826755199163,-199.826755199163,-199.826755199163,0.0,0.0,0.0,73.5526839231604
293,1963-03-01,273.2160080398321,33.67496286242886,117.47085258411886,273.2160080398321,273.2160080398321,-199.61838521542472,-199.61838521542472,-199.61838521542472,-199.61838521542472,-199.61838521542472,-199.61838521542472,0.0,0.0,0.0,73.59762282440738
294,1963-03-04,272.7257147923583,32.46433696821964,114.96744684695184,272.7257147923583,272.7257147923583,-198.99612449325937,-198.99612449325937,-198.99612449325937,-198.99612449325937,-198.99612449325937,-198.99612449325937,0.0,0.0,0.0,73.72959029909893
295,1963-03-05,272.562283709867,31.597980007975888,116.0077302255384,272.562283709867,272.562283709867,-198.7896609999975,-198.7896609999975,-198.7896609999975,-198.7896609999975,-198.7896609999975,-198.7896609999975,0.0,0.0,0.0,73.77262270986952
296,1963-03-06,272.3988526273758,33.87691074711516,117.03950231697513,272.3988526273758,272.3988526273758,-198.58367930760465,-198.58367930760465,-198.58367930760465,-198.58367930760465,-198.58367930760465,-198.58367930760465,0.0,0.0,0.0,73.81517331977113
297,1963-03-07,272.2354215448845,32.37315478192191,120.29466167285251,272.2354215448845,272.2354215448845,-198.37818142731922,-198.37818142731922,-198.37818142731922,-198.37818142731922,-198.37818142731922,-198.37818142731922,0.0,0.0,0.0,73.85724011756528
298,1963-03-08,272.0719904623932,32.026312379181995,117.7159537206746,272.0719904623932,272.0719904623932,-198.17316934035395,-198.17316934035395,-198.17316934035395,-198.17316934035395,-198.17316934035395,-198.17316934035395,0.0,0.0,0.0,73.89882112203927
299,1963-03-11,271.5816972149194,33.333571737106936,116.96880983014766,271.5816972149194,271.5816972149194,-197.56106720123753,-197.56106720123753,-197.56106720123753,-197.56106720123753,-197.56106720123753,-197.56106720123753,0.0,0.0,0.0,74.02063001368188
300,1963-03-12,271.41826613242813,30.493219364748583,114.73156912573702,271.41826613242813,271.41826613242813,-197.35801749936374,-197.35801749936374,-197.35801749936374,-197.35801749936374,-197.35801749936374,-197.35801749936374,0.0,0.0,0.0,74.06024863306439
301,1963-03-13,271.25483504993684,29.295336580015757,115.37697339832,271.25483504993684,271.25483504993684,-197.1554630466946,-197.1554630466946,-197.1554630466946,-197.1554630466946,-197.1554630466946,-197.1554630466946,0.0,0.0,0.0,74.09937200324225
302,1963-03-14,271.0914039674456,33.61166421273258,115.09859888377613,271.0914039674456,271.0914039674456,-196.95340564442358,-196.95340564442358,-196.95340564442358,-196.95340564442358,-196.95340564442358,-196.95340564442358,0.0,0.0,0.0,74.13799832302203
303,1963-03-15,270.92797288495433,33.81826720943506,115.35562112024652,270.92797288495433,270.92797288495433,-196.7518470637717,-196.7518470637717,-196.7518470637717,-196.7518470637717,-196.7518470637717,-196.7518470637717,0.0,0.0,0.0,74.17612582118264
304,1963-03-18,270.4376796374805,34.09173607073396,116.74101786588567,270.4376796374805,270.4376796374805,-196.1501815143996,-196.1501815143996,-196.1501815143996,-196.1501815143996,-196.1501815143996,-196.1501815143996,0.0,0.0,0.0,74.28749812308092
305,1963-03-19,270.27424855498924,31.660390506236055,113.88094963193312,270.27424855498924,270.27424855498924,-195.95063533340232,-195.95063533340232,-195.95063533340232,-195.95063533340232,-195.95063533340232,-195.95063533340232,0.0,0.0,0.0,74.32361322158692
306,1963-03-20,270.11081747249796,34.14422535783335,114.83454508167073,270.11081747249796,270.11081747249796,-195.75159638097222,-195.75159638097222,-195.75159638097222,-195.75159638097222,-195.75159638097222,-195.75159638097222,0.0,0.0,0.0,74.35922109152574
307,1963-03-21,269.94738639000667,30.365083288616468,115.43078624525631,269.94738639000667,269.94738639000667,-195.55306624876656,-195.55306624876656,-195.55306624876656,-195.55306624876656,-195.55306624876656,-195.55306624876656,0.0,0.0,0.0,74.39432014124012
308,1963-03-22,269.78395530751544,35.304722689096586,115.9255356673712,269.78395530751544,269.78395530751544,-195.35504649856904,-195.35504649856904,-195.35504649856904,-195.35504649856904,-195.35504649856904,-195.35504649856904,0.0,0.0,0.0,74.4289088089464
309,1963-03-25,269.29366206004164,35.18405961784904,114.44500327411768,269.29366206004164,269.29366206004164,-194.76406471014403,-194.76406471014403,-194.76406471014403,-194.76406471014403,-194.76406471014403,-194.76406471014403,0.0,0.0,0.0,74.52959734989761
310,1963-03-26,269.13023097755035,32.148383710972396,117.6887130248408,269.13023097755035,269.13023097755035,-194.56810150899443,-194.56810150899443,-194.56810150899443,-194.56810150899443,-194.56810150899443,-194.56810150899443,0.0,0.0,0.0,74.56212946855592
311,1963-03-27,268.96679989505907,31.908215885264326,116.86076670398434,268.96679989505907,268.96679989505907,-194.37265605132936,-194.37265605132936,-194.37265605132936,-194.37265605132936,-194.37265605132936,-194.37265605132936,0.0,0.0,0.0,74.59414384372971
312,1963-03-28,268.80336881256784,34.01060686299659,118.55724316669314,268.80336881256784,268.80336881256784,-194.17772972010073,-194.17772972010073,-194.17772972010073,-194.17772972010073,-194.17772972010073,-194.17772972010073,0.0,0.0,0.0,74.62563909246711
313,1963-03-29,268.63993773007655,32.710134562315744,117.81818579707621,268.63993773007655,268.63993773007655,-193.98332386853164,-193.98332386853164,-193.98332386853164,-193.98332386853164,-193.98332386853164,-193.98332386853164,0.0,0.0,0.0,74.65661386154491
314,1963-04-01,268.1496444826027,33.1698667725379,115.42818044000549,268.1496444826027,268.1496444826027,-193.4032422786017,-193.4032422786017,-193.4032422786017,-193.4032422786017,-193.4032422786017,-193.4032422786017,0.0,0.0,0.0,74.74640220400099
315,1963-04-02,267.98621340011147,32.75866136637232,116.19377969533569,267.98621340011147,267.98621340011147,-193.2109312842026,-193.2109312842026,-193.2109312842026,-193.2109312842026,-193.2109312842026,-193.2109312842026,0.0,0.0,0.0,74.77528211590888
316,1963-04-03,267.8227823176202,32.42894129453394,117.79622512138116,267.8227823176202,267.8227823176202,-193.01914709053557,-193.01914709053557,-193.01914709053557,-193.01914709053557,-193.01914709053557,-193.01914709053557,0.0,0.0,0.0,74.80363522708461
317,1963-04-04,267.6593512351289,33.86273403253279,117.04464915638792,267.6593512351289,267.6593512351289,-192.82789087299673,-192.82789087299673,-192.82789087299673,-192.82789087299673,-192.82789087299673,-192.82789087299673,0.0,0.0,0.0,74.83146036213216
318,1963-04-05,267.49592015263767,35.005773251166644,115.66961423615417,267.49592015263767,267.49592015263767,-192.63716377744367,-192.63716377744367,-192.63716377744367,-192.63716377744367,-192.63716377744367,-192.63716377744367,0.0,0.0,0.0,74.85875637519399
319,1963-04-08,267.0056269051638,33.77809885904187,112.54752090435711,267.0056269051638,267.0056269051638,-192.06816823885228,-192.06816823885228,-192.06816823885228,-192.06816823885228,-192.06816823885228,-192.06816823885228,0.0,0.0,0.0,74.93745866631153
320,1963-04-09,266.8421958226725,32.90744324389654,114.8199925872552,266.8421958226725,266.8421958226725,-191.8795685001473,-191.8795685001473,-191.8795685001473,-191.8795685001473,-191.8795685001473,-191.8795685001473,0.0,0.0,0.0,74.96262732252524
321,1963-04-10,266.6787647401813,33.26052896203758,114.38605012191091,266.6787647401813,266.6787647401813,-191.69150317074966,-191.69150317074966,-191.69150317074966,-191.69150317074966,-191.69150317074966,-191.69150317074966,0.0,0.0,0.0,74.98726156943164
322,1963-04-11,266.51533365769,33.50519753889,114.52582082360075,266.51533365769,266.51533365769,-191.50397321996562,-191.50397321996562,-191.50397321996562,-191.50397321996562,-191.50397321996562,-191.50397321996562,0.0,0.0,0.0,75.01136043772439
323,1963-04-15,265.8616093277249,33.88462689999573,116.54319468870436,265.8616093277249,265.8616093277249,-190.75922556424348,-190.75922556424348,-190.75922556424348,-190.75922556424348,-190.75922556424348,-190.75922556424348,0.0,0.0,0.0,75.10238376348144
324,1963-04-16,265.6981782452337,34.03587727696483,119.28866792426712,265.6981782452337,265.6981782452337,-190.57438602180932,-190.57438602180932,-190.57438602180932,-190.57438602180932,-190.57438602180932,-190.57438602180932,0.0,0.0,0.0,75.12379222342437
325,1963-04-17,265.5347471627424,36.31274903680449,118.34901454188304,265.5347471627424,265.5347471627424,-190.39008705978077,-190.39008705978077,-190.39008705978077,-190.39008705978077,-190.39008705978077,-190.39008705978077,0.0,0.0,0.0,75.14466010296164
326,1963-04-18,265.3713160802511,32.30247099151879,117.13502362786848,265.3713160802511,265.3713160802511,-190.20632944315034,-190.20632944315034,-190.20632944315034,-190.20632944315034,-190.20632944315034,-190.20632944315034,0.0,0.0,0.0,75.16498663710078
327,1963-04-19,265.2078849977599,36.18281457073354,117.50445079604322,265.2078849977599,265.2078849977599,-190.02311390788614,-190.02311390788614,-190.02311390788614,-190.02311390788614,-190.02311390788614,-190.02311390788614,0.0,0.0,0.0,75.18477108987375
328,1963-04-22,264.7175917502861,35.05217169265055,120.99292354194323,264.7175917502861,264.7175917502861,-189.4767267155184,-189.4767267155184,-189.4767267155184,-189.4767267155184,-189.4767267155184,-189.4767267155184,0.0,0.0,0.0,75.2408650347677
329,1963-04-23,264.55416066779475,34.7088478580339,117.94598871346176,264.55416066779475,264.55416066779475,-189.29568628644384,-189.29568628644384,-189.29568628644384,-189.29568628644384,-189.29568628644384,-189.29568628644384,0.0,0.0,0.0,75.25847438135091
330,1963-04-24,264.3907295853035,31.207847238809332,115.3778071292316,264.3907295853035,264.3907295853035,-189.1151911847563,-189.1151911847563,-189.1151911847563,-189.1151911847563,-189.1151911847563,-189.1151911847563,0.0,0.0,0.0,75.27553840054722
331,1963-04-25,264.22729850281223,37.69484073356805,117.38288754291032,264.22729850281223,264.22729850281223,-188.93524197321858,-188.93524197321858,-188.93524197321858,-188.93524197321858,-188.93524197321858,-188.93524197321858,0.0,0.0,0.0,75.29205652959365
332,1963-04-26,264.06386742032095,33.66360222653486,118.0157997481227,264.06386742032095,264.06386742032095,-188.75583918589115,-188.75583918589115,-188.75583918589115,-188.75583918589115,-188.75583918589115,-188.75583918589115,0.0,0.0,0.0,75.3080282344298
333,1963-04-29,263.57357417284715,33.07502211388167,116.38284051349223,263.57357417284715,263.57357417284715,-188.22091428029043,-188.22091428029043,-188.22091428029043,-188.22091428029043,-188.22091428029043,-188.22091428029043,0.0,0.0,0.0,75.35265989255672
334,1963-04-30,263.4101430903559,36.422993828528384,118.2524011302255,263.4101430903559,263.4101430903559,-188.04370195811853,-188.04370195811853,-188.04370195811853,-188.04370195811853,-188.04370195811853,-188.04370195811853,0.0,0.0,0.0,75.36644113223738
335,1963-05-01,263.2467120078646,36.080508060164625,115.94726513335182,263.2467120078646,263.2467120078646,-187.86703830169165,-187.86703830169165,-187.86703830169165,-187.86703830169165,-187.86703830169165,-187.86703830169165,0.0,0.0,0.0,75.37967370617292
336,1963-05-02,263.08328092537334,34.488609292366114,115.63983504294903,263.08328092537334,263.08328092537334,-187.69092367392767,-187.69092367392767,-187.69092367392767,-187.69092367392767,-187.69092367392767,-187.69092367392767,0.0,0.0,0.0,75.39235725144567
337,1963-05-03,262.91984984288206,32.98850032362163,115.05241303878141,262.91984984288206,262.91984984288206,-187.515358409408,-187.515358409408,-187.515358409408,-187.515358409408,-187.515358409408,-187.515358409408,0.0,0.0,0.0,75.40449143347405
338,1963-05-06,262.42955659540826,34.513609078111834,117.35161971708148,262.42955659540826,262.42955659540826,-186.9919617172421,-186.9919617172421,-186.9919617172421,-186.9919617172421,-186.9919617172421,-186.9919617172421,0.0,0.0,0.0,75.43759487816615
339,1963-05-07,262.266125512917,33.44381245666463,115.23766922309345,262.266125512917,262.266125512917,-186.8185966867312,-186.8185966867312,-186.8185966867312,-186.8185966867312,-186.8185966867312,-186.8185966867312,0.0,0.0,0.0,75.44752882618576
340,1963-05-08,262.10269443042574,34.8996479093136,119.86969257343446,262.10269443042574,262.10269443042574,-186.64578226928825,-186.64578226928825,-186.64578226928825,-186.64578226928825,-186.64578226928825,-186.64578226928825,0.0,0.0,0.0,75.4569121611375
341,1963-05-09,261.93926334793446,32.75446113423004,121.17073734714776,261.93926334793446,261.93926334793446,-186.47351863066848,-186.47351863066848,-186.47351863066848,-186.47351863066848,-186.47351863066848,-186.47351863066848,0.0,0.0,0.0,75.46574471726598
342,1963-05-10,261.7758322654432,33.23579183602847,116.98720958627179,261.7758322654432,261.7758322654432,-186.30180590869682,-186.30180590869682,-186.30180590869682,-186.30180590869682,-186.30180590869682,-186.30180590869682,0.0,0.0,0.0,75.4740263567464
343,1963-05-13,261.28553901796937,34.54099475864564,117.9675706141963,261.28553901796937,261.28553901796937,-185.789974203264,-185.789974203264,-185.789974203264,-185.789974203264,-185.789974203264,-185.789974203264,0.0,0.0,0.0,75.49556481470538
344,1963-05-14,261.1221079354781,33.06954919159401,118.73811459402752,261.1221079354781,261.1221079354781,-185.6204659696994,-185.6204659696994,-185.6204659696994,-185.6204659696994,-185.6204659696994,-185.6204659696994,0.0,0.0,0.0,75.50164196577867
345,1963-05-15,260.9586768529868,32.13892755328152,118.01913458341755,260.9586768529868,260.9586768529868,-185.45150892513539,-185.45150892513539,-185.45150892513539,-185.45150892513539,-185.45150892513539,-185.45150892513539,0.0,0.0,0.0,75.50716792785141
346,1963-05-16,260.79524577049557,34.233504051868756,119.49888581497115,260.79524577049557,260.79524577049557,-185.28310304113572,-185.28310304113572,-185.28310304113572,-185.28310304113572,-185.28310304113572,-185.28310304113572,0.0,0.0,0.0,75.51214272935985
347,1963-05-17,260.6318146880043,32.8674716396575,119.16468892754762,260.6318146880043,260.6318146880043,-185.11524826178197,-185.11524826178197,-185.11524826178197,-185.11524826178197,-185.11524826178197,-185.11524826178197,0.0,0.0,0.0,75.51656642622231
348,1963-05-20,260.1415214405304,35.89504729341971,117.80945143868789,260.1415214405304,260.1415214405304,-184.61498958159197,-184.61498958159197,-184.61498958159197,-184.61498958159197,-184.61498958159197,-184.61498958159197,0.0,0.0,0.0,75.52653185893845
349,1963-05-21,259.9780903580392,34.03565519905075,118.8382711502244,259.9780903580392,259.9780903580392,-184.44933811435885,-184.44933811435885,-184.44933811435885,-184.44933811435885,-184.44933811435885,-184.44933811435885,0.0,0.0,0.0,75.52875224368034
350,1963-05-22,259.8146592755479,33.446597137650784,118.21492577621039,259.8146592755479,259.8146592755479,-184.2842370623252,-184.2842370623252,-184.2842370623252,-184.2842370623252,-184.2842370623252,-184.2842370623252,0.0,0.0,0.0,75.53042221322272
351,1963-05-23,259.6512281930566,37.94019398486721,119.18299107989749,259.6512281930566,259.6512281930566,-184.11968620611879,-184.11968620611879,-184.11968620611879,-184.11968620611879,-184.11968620611879,-184.11968620611879,0.0,0.0,0.0,75.53154198693784
352,1963-05-24,259.4877971105654,36.12250492539213,116.0523472326017,259.4877971105654,259.4877971105654,-183.95568529937293,-183.95568529937293,-183.95568529937293,-183.95568529937293,-183.95568529937293,-183.95568529937293,0.0,0.0,0.0,75.53211181119246
353,1963-05-27,258.9975038630916,34.69624201327443,116.04714623257982,258.9975038630916,258.9975038630916,-183.4669794088494,-183.4669794088494,-183.4669794088494,-183.4669794088494,-183.4669794088494,-183.4669794088494,0.0,0.0,0.0,75.5305244542422
354,1963-05-28,258.8340727806003,35.61167412485309,116.72633970224784,258.8340727806003,258.8340727806003,-183.30517529895508,-183.30517529895508,-183.30517529895508,-183.30517529895508,-183.30517529895508,-183.30517529895508,0.0,0.0,0.0,75.52889748164523
355,1963-05-29,258.6706416981091,34.29342431077295,116.70323224000244,258.6706416981091,258.6706416981091,-183.14391950434793,-183.14391950434793,-183.14391950434793,-183.14391950434793,-183.14391950434793,-183.14391950434793,0.0,0.0,0.0,75.52672219376115
356,1963-05-31,258.3437795331265,35.95417073781904,117.68889949757076,258.3437795331265,258.3437795331265,-182.82305120742495,-182.82305120742495,-182.82305120742495,-182.82305120742495,-182.82305120742495,-182.82305120742495,0.0,0.0,0.0,75.52072832570155
357,1963-06-03,257.8534862856527,33.460060263135674,115.46882245570244,257.8534862856527,257.8534862856527,-182.34585009874982,-182.34585009874982,-182.34585009874982,-182.34585009874982,-182.34585009874982,-182.34585009874982,0.0,0.0,0.0,75.50763618690289
358,1963-06-04,257.6900552031614,32.49390218439424,115.7791412492304,257.6900552031614,257.6900552031614,-182.18787472996297,-182.18787472996297,-182.18787472996297,-182.18787472996297,-182.18787472996297,-182.18787472996297,0.0,0.0,0.0,75.50218047319845
359,1963-06-05,257.52662412067014,33.25560774150247,120.24041033207467,257.52662412067014,257.52662412067014,-182.03044427597985,-182.03044427597985,-182.03044427597985,-182.03044427597985,-182.03044427597985,-182.03044427597985,0.0,0.0,0.0,75.49617984469029
360,1963-06-06,257.3631930381789,33.88274889184286,116.12062970681225,257.3631930381789,257.3631930381789,-181.87355814642333,-181.87355814642333,-181.87355814642333,-181.87355814642333,-181.87355814642333,-181.87355814642333,0.0,0.0,0.0,75.48963489175557
361,1963-06-07,257.1997619556876,31.784667275298293,116.7881059849758,257.1997619556876,257.1997619556876,-181.71721572501295,-181.71721572501295,-181.71721572501295,-181.71721572501295,-181.71721572501295,-181.71721572501295,0.0,0.0,0.0,75.48254623067467
362,1963-06-10,256.70946870821376,32.07161940052298,119.83652494897667,256.70946870821376,256.70946870821376,-181.251444160071,-181.251444160071,-181.251444160071,-181.251444160071,-181.251444160071,-181.251444160071,0.0,0.0,0.0,75.45802454814276
363,1963-06-11,256.54603762572253,33.64146414691792,119.54882132571235,256.54603762572253,256.54603762572253,-181.09726989332478,-181.09726989332478,-181.09726989332478,-181.09726989332478,-181.09726989332478,-181.09726989332478,0.0,0.0,0.0,75.44876773239776
364,1963-06-12,256.38260654323125,33.676944030564194,120.16596517915352,256.38260654323125,256.38260654323125,-180.9436358677323,-180.9436358677323,-180.9436358677323,-180.9436358677323,-180.9436358677323,-180.9436358677323,0.0,0.0,0.0,75.43897067549895
365,1963-06-13,256.21917546073996,34.10152627359184,117.18322529237628,256.21917546073996,256.21917546073996,-180.7905413133787,-180.7905413133787,-180.7905413133787,-180.7905413133787,-180.7905413133787,-180.7905413133787,0.0,0.0,0.0,75.42863414736127
366,1963-06-14,256.05574437824873,34.668994272725286,116.62705770172528,256.05574437824873,256.05574437824873,-180.63798543504734,-180.63798543504734,-180.63798543504734,-180.63798543504734,-180.63798543504734,-180.63798543504734,0.0,0.0,0.0,75.41775894320139
367,1963-06-17,255.5654511307749,34.17760330216545,115.53608298272559,255.5654511307749,255.5654511307749,-180.1835415263696,-180.1835415263696,-180.1835415263696,-180.1835415263696,-180.1835415263696,-180.1835415263696,0.0,0.0,0.0,75.38190960440531
368,1963-06-18,255.40202004828365,32.795873655491846,117.0850815660017,255.40202004828365,255.40202004828365,-180.0331318970563,-180.0331318970563,-180.0331318970563,-180.0331318970563,-180.0331318970563,-180.0331318970563,0.0,0.0,0.0,75.36888815122734
369,1963-06-19,255.2385889657924,34.948271599388505,116.36632050020856,255.2385889657924,255.2385889657924,-179.88325659129458,-179.88325659129458,-179.88325659129458,-179.88325659129458,-179.88325659129458,-179.88325659129458,0.0,0.0,0.0,75.3553323744978
370,1963-06-20,255.0751578833011,35.33665655651208,117.55174128925626,255.07515788330107,255.07515788330107,-179.73391466395003,-179.73391466395003,-179.73391466395003,-179.73391466395003,-179.73391466395003,-179.73391466395003,0.0,0.0,0.0,75.34124321935107
371,1963-06-21,254.91172680080984,31.055750578464863,119.59605295699528,254.91172680080984,254.91172680080984,-179.58510514522345,-179.58510514522345,-179.58510514522345,-179.58510514522345,-179.58510514522345,-179.58510514522345,0.0,0.0,0.0,75.3266216555864
372,1963-06-24,254.42143355333602,32.46424578959293,117.3667598899915,254.42143355333602,254.42143355333602,-179.14186097476957,-179.14186097476957,-179.14186097476957,-179.14186097476957,-179.14186097476957,-179.14186097476957,0.0,0.0,0.0,75.27957257856644
373,1963-06-25,254.25800247084473,36.694066729641094,117.55591654512043,254.25800247084473,254.25800247084473,-178.99517090253426,-178.99517090253426,-178.99517090253426,-178.99517090253426,-178.99517090253426,-178.99517090253426,0.0,0.0,0.0,75.26283156831047
374,1963-06-26,254.13666017605667,35.47324225856626,117.88676166911165,254.13666017605667,254.13666017605667,-178.8490080232636,-178.8490080232636,-178.8490080232636,-178.8490080232636,-178.8490080232636,-178.8490080232636,0.0,0.0,0.0,75.28765215279307
375,1963-06-27,254.0153178812686,34.90376697766149,116.26844345476329,254.0153178812686,254.0153178812686,-178.70337122116683,-178.70337122116683,-178.70337122116683,-178.70337122116683,-178.70337122116683,-178.70337122116683,0.0,0.0,0.0,75.31194666010177
376,1963-06-28,253.89397558648054,33.819284370717476,116.78764569459113,253.89397558648054,253.89397558648054,-178.5582593564602,-178.5582593564602,-178.5582593564602,-178.5582593564602,-178.5582593564602,-178.5582593564602,0.0,0.0,0.0,75.33571623002032
377,1963-07-01,253.52994870211637,34.36796743738785,114.5424108298286,253.52994870211637,253.52994870211637,-178.12606163102487,-178.12606163102487,-178.12606163102487,-178.12606163102487,-178.12606163102487,-178.12606163102487,0.0,0.0,0.0,75.4038870710915
378,1963-07-02,253.4086064073283,33.54382976482735,116.40293685453281,253.4086064073283,253.4086064073283,-177.98303764164794,-177.98303764164794,-177.98303764164794,-177.98303764164794,-177.98303764164794,-177.98303764164794,0.0,0.0,0.0,75.42556876568037
379,1963-07-03,253.2872641125402,31.50228147148781,118.29392440572259,253.28726411254019,253.28726411254019,-177.84053253432356,-177.84053253432356,-177.84053253432356,-177.84053253432356,-177.84053253432356,-177.84053253432356,0.0,0.0,0.0,75.44673157821666
380,1963-07-05,253.04457952296409,35.68873424641532,118.60048176680166,253.04457952296409,253.04457952296409,-177.55707381595687,-177.55707381595687,-177.55707381595687,-177.55707381595687,-177.55707381595687,-177.55707381595687,0.0,0.0,0.0,75.48750570700722
381,1963-07-08,252.6805526385999,34.05779110515444,116.81529380872553,252.6805526385999,252.6805526385999,-177.13574455793042,-177.13574455793042,-177.13574455793042,-177.13574455793042,-177.13574455793042,-177.13574455793042,0.0,0.0,0.0,75.54480808066947
382,1963-07-09,252.5592103438118,32.90702425939361,116.4562192640307,252.5592103438118,252.5592103438118,-176.99632501687154,-176.99632501687154,-176.99632501687154,-176.99632501687154,-176.99632501687154,-176.99632501687154,0.0,0.0,0.0,75.56288532694026
383,1963-07-10,252.43786804902373,34.64413144395245,120.52116061266975,252.43786804902373,252.43786804902373,-176.8574149009172,-176.8574149009172,-176.8574149009172,-176.8574149009172,-176.8574149009172,-176.8574149009172,0.0,0.0,0.0,75.58045314810653
384,1963-07-11,252.31652575423573,35.82893634593481,116.60333318871123,252.31652575423573,252.31652575423573,-176.71901276759255,-176.71901276759255,-176.71901276759255,-176.71901276759255,-176.71901276759255,-176.71901276759255,0.0,0.0,0.0,75.59751298664318
385,1963-07-12,252.19518345944763,33.801287569505966,114.52368706437723,252.19518345944763,252.19518345944763,-176.58111715187061,-176.58111715187061,-176.58111715187061,-176.58111715187061,-176.58111715187061,-176.58111715187061,0.0,0.0,0.0,75.61406630757702
386,1963-07-15,251.83115657508344,33.93810256711186,118.28264904696151,251.83115657508344,251.83115657508344,-176.17045442403355,-176.17045442403355,-176.17045442403355,-176.17045442403355,-176.17045442403355,-176.17045442403355,0.0,0.0,0.0,75.66070215104989
387,1963-07-16,251.70981428029538,33.88757267143748,117.88393619940777,251.7098142802954,251.7098142802954,-176.0345697811905,-176.0345697811905,-176.0345697811905,-176.0345697811905,-176.0345697811905,-176.0345697811905,0.0,0.0,0.0,75.67524449910488
388,1963-07-17,251.58847198550734,34.378405989337615,120.5398440520725,251.58847198550734,251.58847198550734,-175.89918399632307,-175.89918399632307,-175.89918399632307,-175.89918399632307,-175.89918399632307,-175.89918399632307,0.0,0.0,0.0,75.68928798918427
389,1963-07-18,251.46712969071928,33.49267693140257,116.34374740508724,251.46712969071928,251.46712969071928,-175.76429547137397,-175.76429547137397,-175.76429547137397,-175.76429547137397,-175.76429547137397,-175.76429547137397,0.0,0.0,0.0,75.7028342193453
390,1963-07-19,251.3457873959312,32.892514212391816,116.4694760560162,251.3457873959312,251.3457873959312,-175.62990258650075,-175.62990258650075,-175.62990258650075,-175.62990258650075,-175.62990258650075,-175.62990258650075,0.0,0.0,0.0,75.71588480943046
391,1963-07-22,250.981760511567,34.22464556665932,118.29268571403635,250.981760511567,250.981760511567,-175.22968124948156,-175.22968124948156,-175.22968124948156,-175.22968124948156,-175.22968124948156,-175.22968124948156,0.0,0.0,0.0,75.75207926208543
392,1963-07-23,250.86041821677892,35.26345528741733,118.17686890087965,250.86041821677892,250.86041821677892,-175.09725429470467,-175.09725429470467,-175.09725429470467,-175.09725429470467,-175.09725429470467,-175.09725429470467,0.0,0.0,0.0,75.76316392207426
393,1963-07-24,250.73907592199086,33.154202052530785,119.38612072431798,250.73907592199086,250.73907592199086,-174.9653145579453,-174.9653145579453,-174.9653145579453,-174.9653145579453,-174.9653145579453,-174.9653145579453,0.0,0.0,0.0,75.77376136404555
394,1963-07-25,250.6177336272028,35.92366616723509,115.11468640756874,250.6177336272028,250.6177336272028,-174.83386029101865,-174.83386029101865,-174.83386029101865,-174.83386029101865,-174.83386029101865,-174.83386029101865,0.0,0.0,0.0,75.78387333618414
395,1963-07-26,250.49639133241473,34.62630410565856,118.60702994958632,250.49639133241476,250.49639133241476,-174.70288972474964,-174.70288972474964,-174.70288972474964,-174.70288972474964,-174.70288972474964,-174.70288972474964,0.0,0.0,0.0,75.79350160766509
396,1963-07-29,250.1323644480505,35.33174465311481,115.33066646626807,250.1323644480505,250.1323644480505,-174.31286222572916,-174.31286222572916,-174.31286222572916,-174.31286222572916,-174.31286222572916,-174.31286222572916,0.0,0.0,0.0,75.81950222232135
397,1963-07-30,250.01102215326247,35.291750527413875,120.03203412849601,250.01102215326247,250.01102215326247,-174.1838083546128,-174.1838083546128,-174.1838083546128,-174.1838083546128,-174.1838083546128,-174.1838083546128,0.0,0.0,0.0,75.82721379864967
398,1963-07-31,249.8896798584744,35.22628783407563,114.50849984109809,249.8896798584744,249.8896798584744,-174.05522902750812,-174.05522902750812,-174.05522902750812,-174.05522902750812,-174.05522902750812,-174.05522902750812,0.0,0.0,0.0,75.83445083096629
399,1963-08-01,249.76833756368634,35.911454586707656,118.75166313939398,249.76833756368634,249.76833756368634,-173.92712235175475,-173.92712235175475,-173.92712235175475,-173.92712235175475,-173.92712235175475,-173.92712235175475,0.0,0.0,0.0,75.8412152119316
400,1963-08-02,249.64699526889828,33.17092063848428,117.75483314140125,249.64699526889828,249.64699526889828,-173.79948641452538,-173.79948641452538,-173.79948641452538,-173.79948641452538,-173.79948641452538,-173.79948641452538,0.0,0.0,0.0,75.8475088543729
401,1963-08-05,249.28296838453412,37.110339692146155,117.12975165232102,249.28296838453412,249.28296838453412,-173.41938360572686,-173.41938360572686,-173.41938360572686,-173.41938360572686,-173.41938360572686,-173.41938360572686,0.0,0.0,0.0,75.86358477880725
402,1963-08-06,249.16162608974605,34.185315530943704,116.36963587532234,249.16162608974605,249.16162608974605,-173.29361109518842,-173.29361109518842,-173.29361109518842,-173.29361109518842,-173.29361109518842,-173.29361109518842,0.0,0.0,0.0,75.86801499455763
403,1963-08-07,249.040283794958,33.989345168109466,117.62381405895209,249.040283794958,249.040283794958,-173.16829946074552,-173.16829946074552,-173.16829946074552,-173.16829946074552,-173.16829946074552,-173.16829946074552,0.0,0.0,0.0,75.87198433421247
404,1963-08-08,248.91894150016992,34.64589859749974,117.156217411195,248.91894150016992,248.91894150016992,-173.04344667110306,-173.04344667110306,-173.04344667110306,-173.04344667110306,-173.04344667110306,-173.04344667110306,0.0,0.0,0.0,75.87549482906687
405,1963-08-09,248.79759920538183,34.44392917686261,121.2416447342859,248.79759920538183,248.79759920538183,-172.9190506756482,-172.9190506756482,-172.9190506756482,-172.9190506756482,-172.9190506756482,-172.9190506756482,0.0,0.0,0.0,75.87854852973362
406,1963-08-12,248.43357232101764,30.637441688218928,116.27678273841514,248.43357232101764,248.43357232101764,-172.5485826611086,-172.5485826611086,-172.5485826611086,-172.5485826611086,-172.5485826611086,-172.5485826611086,0.0,0.0,0.0,75.88498965990902
407,1963-08-13,248.31223002622957,32.97834064820029,120.32716190971567,248.31223002622957,248.31223002622957,-172.4259929542484,-172.4259929542484,-172.4259929542484,-172.4259929542484,-172.4259929542484,-172.4259929542484,0.0,0.0,0.0,75.88623707198118
408,1963-08-14,248.1908877314415,35.33549229580732,117.85984672888569,248.1908877314415,248.1908877314415,-172.30384950307968,-172.30384950307968,-172.30384950307968,-172.30384950307968,-172.30384950307968,-172.30384950307968,0.0,0.0,0.0,75.88703822836183
409,1963-08-15,248.0695454366534,34.59344065901974,116.31148551006973,248.0695454366534,248.0695454366534,-172.18215014369042,-172.18215014369042,-172.18215014369042,-172.18215014369042,-172.18215014369042,-172.18215014369042,0.0,0.0,0.0,75.88739529296299
410,1963-08-16,247.94820314186535,33.5749630217035,118.16481228323164,247.94820314186535,247.94820314186535,-172.06089269372447,-172.06089269372447,-172.06089269372447,-172.06089269372447,-172.06089269372447,-172.06089269372447,0.0,0.0,0.0,75.88731044814088
411,1963-08-19,247.58417625750118,31.78272835324617,119.95275539304463,247.58417625750118,247.58417625750118,-171.6997497028059,-171.6997497028059,-171.6997497028059,-171.6997497028059,-171.6997497028059,-171.6997497028059,0.0,0.0,0.0,75.8844265546953
412,1963-08-20,247.46283396271312,36.97488139223637,119.26143245803546,247.46283396271312,247.46283396271312,-171.58023770253203,-171.58023770253203,-171.58023770253203,-171.58023770253203,-171.58023770253203,-171.58023770253203,0.0,0.0,0.0,75.88259626018109
413,1963-08-21,247.34149166792506,35.346861838255634,116.83584000998755,247.34149166792506,247.34149166792506,-171.4611564276886,-171.4611564276886,-171.4611564276886,-171.4611564276886,-171.4611564276886,-171.4611564276886,0.0,0.0,0.0,75.88033524023646
414,1963-08-22,247.220149373137,33.728065196680454,117.11707205210918,247.220149373137,247.220149373137,-171.342503587931,-171.342503587931,-171.342503587931,-171.342503587931,-171.342503587931,-171.342503587931,0.0,0.0,0.0,75.877645785206
415,1963-08-23,247.09880707834895,35.64707120630074,112.00382187401557,247.09880707834895,247.09880707834895,-171.2242768753669,-171.2242768753669,-171.2242768753669,-171.2242768753669,-171.2242768753669,-171.2242768753669,0.0,0.0,0.0,75.87453020298204
416,1963-08-26,246.73478019398476,36.22193756110926,117.29789662782368,246.73478019398476,246.73478019398476,-170.87213016142832,-170.87213016142832,-170.87213016142832,-170.87213016142832,-170.87213016142832,-170.87213016142832,0.0,0.0,0.0,75.86265003255645
417,1963-08-27,246.61343789919667,36.75396032318594,113.68120727988939,246.61343789919667,246.61343789919667,-170.75558453231528,-170.75558453231528,-170.75558453231528,-170.75558453231528,-170.75558453231528,-170.75558453231528,0.0,0.0,0.0,75.85785336688139
418,1963-08-28,246.4920956044086,33.558730346951634,119.59830603337255,246.49209560440863,246.49209560440863,-170.63945323227802,-170.63945323227802,-170.63945323227802,-170.63945323227802,-170.63945323227802,-170.63945323227802,0.0,0.0,0.0,75.85264237213059
419,1963-08-29,246.37075330962054,36.92305690066635,118.03031927087459,246.37075330962054,246.37075330962054,-170.5237338508793,-170.5237338508793,-170.5237338508793,-170.5237338508793,-170.5237338508793,-170.5237338508793,0.0,0.0,0.0,75.84701945874124
420,1963-08-30,246.24941101483248,32.410552945457184,114.27750411991289,246.24941101483248,246.24941101483248,-170.40842396105205,-170.40842396105205,-170.40842396105205,-170.40842396105205,-170.40842396105205,-170.40842396105205,0.0,0.0,0.0,75.84098705378042
421,1963-09-03,245.7640418356802,35.355089124085744,118.05619880248133,245.7640418356802,245.7640418356802,-169.9512302015088,-169.9512302015088,-169.9512302015088,-169.9512302015088,-169.9512302015088,-169.9512302015088,0.0,0.0,0.0,75.8128116341714
422,1963-09-04,245.64269954089212,31.86321129604784,117.22343165898621,245.64269954089212,245.64269954089212,-169.8379307907954,-169.8379307907954,-169.8379307907954,-169.8379307907954,-169.8379307907954,-169.8379307907954,0.0,0.0,0.0,75.80476875009671
423,1963-09-05,245.5213572461041,30.84923460156588,116.70541210563196,245.5213572461041,245.5213572461041,-169.72502596748154,-169.72502596748154,-169.72502596748154,-169.72502596748154,-169.72502596748154,-169.72502596748154,0.0,0.0,0.0,75.79633127862255
424,1963-09-06,245.40001495131602,34.68838739635479,120.61770875107786,245.40001495131602,245.40001495131602,-169.61251319182895,-169.61251319182895,-169.61251319182895,-169.61251319182895,-169.61251319182895,-169.61251319182895,0.0,0.0,0.0,75.78750175948707
425,1963-09-09,245.03598806695183,33.00034269252198,115.89971792712349,245.03598806695183,245.03598806695183,-169.27730152091084,-169.27730152091084,-169.27730152091084,-169.27730152091084,-169.27730152091084,-169.27730152091084,0.0,0.0,0.0,75.75868654604099
426,1963-09-10,244.91464577216377,36.522892765228775,116.89261306009573,244.91464577216377,244.91464577216377,-169.16633122941354,-169.16633122941354,-169.16633122941354,-169.16633122941354,-169.16633122941354,-169.16633122941354,0.0,0.0,0.0,75.74831454275022
427,1963-09-11,244.79330347737567,38.32945171670795,116.68251697626559,244.79330347737567,244.79330347737567,-169.05574005624823,-169.05574005624823,-169.05574005624823,-169.05574005624823,-169.05574005624823,-169.05574005624823,0.0,0.0,0.0,75.73756342112745
428,1963-09-12,244.6719611825876,33.54391084130569,114.48733995399073,244.6719611825876,244.6719611825876,-168.94552537037734,-168.94552537037734,-168.94552537037734,-168.94552537037734,-168.94552537037734,-168.94552537037734,0.0,0.0,0.0,75.72643581221027
429,1963-09-13,244.5506188877996,33.597400690884015,115.52020048206103,244.5506188877996,244.5506188877996,-168.8356845260258,-168.8356845260258,-168.8356845260258,-168.8356845260258,-168.8356845260258,-168.8356845260258,0.0,0.0,0.0,75.7149343617738
430,1963-09-16,244.18659200343538,33.910382541952465,119.99058241403118,244.18659200343538,244.18659200343538,-168.50837836617626,-168.50837836617626,-168.50837836617626,-168.50837836617626,-168.50837836617626,-168.50837836617626,0.0,0.0,0.0,75.67821363725912
431,1963-09-17,244.06524970864731,32.09875041058931,115.58493502104443,244.0652497086473,244.0652497086473,-168.40000614023967,-168.40000614023967,-168.40000614023967,-168.40000614023967,-168.40000614023967,-168.40000614023967,0.0,0.0,0.0,75.66524356840765
432,1963-09-18,243.94390741385925,33.02452557905278,119.60169217220695,243.94390741385925,243.94390741385925,-168.29199431072576,-168.29199431072576,-168.29199431072576,-168.29199431072576,-168.29199431072576,-168.29199431072576,0.0,0.0,0.0,75.6519131031335
433,1963-09-19,243.8225651190712,34.54743111508868,118.29539248700343,243.8225651190712,243.8225651190712,-168.1843401463425,-168.1843401463425,-168.1843401463425,-168.1843401463425,-168.1843401463425,-168.1843401463425,0.0,0.0,0.0,75.6382249727287
434,1963-09-20,243.7012228242831,33.07282666869714,115.19974585125128,243.7012228242831,243.7012228242831,-168.07704090203256,-168.07704090203256,-168.07704090203256,-168.07704090203256,-168.07704090203256,-168.07704090203256,0.0,0.0,0.0,75.62418192225053
435,1963-09-23,243.33719593991893,34.712070886670034,116.134847896844,243.33719593991893,243.33719593991893,-167.75724503542932,-167.75724503542932,-167.75724503542932,-167.75724503542932,-167.75724503542932,-167.75724503542932,0.0,0.0,0.0,75.5799509044896
436,1963-09-24,243.21585364513086,32.96780701555303,115.95186029986344,243.21585364513086,243.21585364513086,-167.65133775043708,-167.65133775043708,-167.65133775043708,-167.65133775043708,-167.65133775043708,-167.65133775043708,0.0,0.0,0.0,75.56451589469378
437,1963-09-25,243.0945113503428,33.47543586514132,117.19952752970111,243.0945113503428,243.0945113503428,-167.54577145866094,-167.54577145866094,-167.54577145866094,-167.54577145866094,-167.54577145866094,-167.54577145866094,0.0,0.0,0.0,75.54873989168186
438,1963-09-26,242.97316905555473,33.66126723395594,115.94856273740555,242.97316905555473,242.97316905555473,-167.44054333540217,-167.44054333540217,-167.44054333540217,-167.44054333540217,-167.44054333540217,-167.44054333540217,0.0,0.0,0.0,75.53262572015257
439,1963-09-27,242.85182676076667,31.512609919565275,114.80616931134111,242.85182676076667,242.85182676076667,-167.33565054318262,-167.33565054318262,-167.33565054318262,-167.33565054318262,-167.33565054318262,-167.33565054318262,0.0,0.0,0.0,75.51617621758405
440,1963-09-30,242.48779987640245,36.31052204072098,120.80240776565428,242.48779987640245,242.48779987640245,-167.0229555892764,-167.0229555892764,-167.0229555892764,-167.0229555892764,-167.0229555892764,-167.0229555892764,0.0,0.0,0.0,75.46484428712606
441,1963-10-01,242.36645758161444,32.37477086041969,117.82158175077032,242.36645758161444,242.36645758161444,-166.91937549582715,-166.91937549582715,-166.91937549582715,-166.91937549582715,-166.91937549582715,-166.91937549582715,0.0,0.0,0.0,75.44708208578729
442,1963-10-02,242.24511528682635,37.582190663841594,118.33788449871713,242.24511528682635,242.24511528682635,-166.81611635931978,-166.81611635931978,-166.81611635931978,-166.81611635931978,-166.81611635931978,-166.81611635931978,0.0,0.0,0.0,75.42899892750657
443,1963-10-03,242.12377299203828,32.54704843925861,112.12580405662256,242.12377299203828,242.12377299203828,-166.7131752685928,-166.7131752685928,-166.7131752685928,-166.7131752685928,-166.7131752685928,-166.7131752685928,0.0,0.0,0.0,75.41059772344548
444,1963-10-04,242.00243069725022,32.911064374931414,118.72462281691625,242.00243069725022,242.00243069725022,-166.61054930070506,-166.61054930070506,-166.61054930070506,-166.61054930070506,-166.61054930070506,-166.61054930070506,0.0,0.0,0.0,75.39188139654516
445,1963-10-07,241.63840381288603,36.34428067280179,118.27473866780501,241.63840381288603,241.63840381288603,-166.30453273098797,-166.30453273098797,-166.30453273098797,-166.30453273098797,-166.30453273098797,-166.30453273098797,0.0,0.0,0.0,75.33387108189805
446,1963-10-08,241.51706151809793,33.67808564283283,117.92829503084886,241.51706151809793,241.51706151809793,-166.20313779448423,-166.20313779448423,-166.20313779448423,-166.20313779448423,-166.20313779448423,-166.20313779448423,0.0,0.0,0.0,75.3139237236137
447,1963-10-09,241.39571922330987,33.881407037230055,115.11623841698969,241.39571922330987,241.39571922330987,-166.10204319445518,-166.10204319445518,-166.10204319445518,-166.10204319445518,-166.10204319445518,-166.10204319445518,0.0,0.0,0.0,75.29367602885469
448,1963-10-10,241.2743769285218,34.427190016073,117.17323102867151,241.2743769285218,241.2743769285218,-166.00124594030655,-166.00124594030655,-166.00124594030655,-166.00124594030655,-166.00124594030655,-166.00124594030655,0.0,0.0,0.0,75.27313098821526
449,1963-10-11,241.1530346337338,32.2921320365475,114.13999714165308,241.1530346337338,241.1530346337338,-165.9007430306751,-165.9007430306751,-165.9007430306751,-165.9007430306751,-165.9007430306751,-165.9007430306751,0.0,0.0,0.0,75.2522916030587
450,1963-10-14,240.78900774936957,32.489939717360876,115.89241655639293,240.78900774936957,240.78900774936957,-165.60097019676442,-165.60097019676442,-165.60097019676442,-165.60097019676442,-165.60097019676442,-165.60097019676442,0.0,0.0,0.0,75.18803755260515
451,1963-10-15,240.6676654545815,33.59394188732589,117.38961049382495,240.6676654545815,240.6676654545815,-165.50161444127093,-165.50161444127093,-165.50161444127093,-165.50161444127093,-165.50161444127093,-165.50161444127093,0.0,0.0,0.0,75.16605101331058
452,1963-10-16,240.54632315979345,33.70665108785421,113.56229045531182,240.54632315979345,240.54632315979345,-165.40253786702834,-165.40253786702834,-165.40253786702834,-165.40253786702834,-165.40253786702834,-165.40253786702834,0.0,0.0,0.0,75.1437852927651
453,1963-10-17,240.42498086500538,34.63824405458695,115.37360119222056,240.42498086500538,240.42498086500538,-165.30373741111333,-165.30373741111333,-165.30373741111333,-165.30373741111333,-165.30373741111333,-165.30373741111333,0.0,0.0,0.0,75.12124345389205
454,1963-10-18,240.3036385702173,37.15684439220519,118.041315505059,240.3036385702173,240.3036385702173,-165.20521000085347,-165.20521000085347,-165.20521000085347,-165.20521000085347,-165.20521000085347,-165.20521000085347,0.0,0.0,0.0,75.09842856936382
455,1963-10-21,239.93961168585312,31.90542158596108,117.55788839134725,239.93961168585312,239.93961168585312,-164.91123517411856,-164.91123517411856,-164.91123517411856,-164.91123517411856,-164.91123517411856,-164.91123517411856,0.0,0.0,0.0,75.02837651173456
456,1963-10-22,239.81826939106506,36.6103062989888,117.94189959511567,239.81826939106506,239.81826939106506,-164.81376902989885,-164.81376902989885,-164.81376902989885,-164.81376902989885,-164.81376902989885,-164.81376902989885,0.0,0.0,0.0,75.00450036116621
457,1963-10-23,239.696927096277,34.00864974506828,117.27351837471863,239.69692709627702,239.69692709627702,-164.71656042686368,-164.71656042686368,-164.71656042686368,-164.71656042686368,-164.71656042686368,-164.71656042686368,0.0,0.0,0.0,74.98036666941331
458,1963-10-24,239.57558480148893,33.757572283574625,114.90440417236474,239.57558480148893,239.57558480148893,-164.6196062369253,-164.6196062369253,-164.6196062369253,-164.6196062369253,-164.6196062369253,-164.6196062369253,0.0,0.0,0.0,74.95597856456362
459,1963-10-25,239.45424250670087,31.713264659449234,117.53810320989001,239.45424250670087,239.45424250670087,-164.52290332327416,-164.52290332327416,-164.52290332327416,-164.52290332327416,-164.52290332327416,-164.52290332327416,0.0,0.0,0.0,74.9313391834267
460,1963-10-28,239.09021562233664,34.99048215134731,117.84811652828958,239.09021562233664,239.09021562233664,-164.2342707442258,-164.2342707442258,-164.2342707442258,-164.2342707442258,-164.2342707442258,-164.2342707442258,0.0,0.0,0.0,74.85594487811085
461,1963-10-29,238.96887332754858,34.74039605505175,114.37533155956194,238.96887332754858,238.96887332754858,-164.13854139836283,-164.13854139836283,-164.13854139836283,-164.13854139836283,-164.13854139836283,-164.13854139836283,0.0,0.0,0.0,74.83033192918575
462,1963-10-30,238.84753103276051,34.03243474164397,118.04943142355832,238.84753103276051,238.84753103276051,-164.04304751908143,-164.04304751908143,-164.04304751908143,-164.04304751908143,-164.04304751908143,-164.04304751908143,0.0,0.0,0.0,74.80448351367909
463,1963-10-31,238.72618873797245,31.784390435265443,115.23362812294589,238.72618873797245,238.72618873797245,-163.94778592034223,-163.94778592034223,-163.94778592034223,-163.94778592034223,-163.94778592034223,-163.94778592034223,0.0,0.0,0.0,74.77840281763022
464,1963-11-01,238.6048464431844,31.79007582805094,118.97026877955768,238.6048464431844,238.6048464431844,-163.85275340841872,-163.85275340841872,-163.85275340841872,-163.85275340841872,-163.85275340841872,-163.85275340841872,0.0,0.0,0.0,74.75209303476569
465,1963-11-04,238.24081955882022,32.51786046872437,118.01370856373472,238.24081955882022,238.24081955882022,-163.56899834407028,-163.56899834407028,-163.56899834407028,-163.56899834407028,-163.56899834407028,-163.56899834407028,0.0,0.0,0.0,74.67182121474994
466,1963-11-06,237.99813496924406,33.68427030703128,112.71504628870687,237.99813496924406,237.99813496924406,-163.38091485113137,-163.38091485113137,-163.38091485113137,-163.38091485113137,-163.38091485113137,-163.38091485113137,0.0,0.0,0.0,74.6172201181127
467,1963-11-07,237.87679267445606,31.85047071239612,114.29959341266215,237.87679267445606,237.87679267445606,-163.28718938000208,-163.28718938000208,-163.28718938000208,-163.28718938000208,-163.28718938000208,-163.28718938000208,0.0,0.0,0.0,74.58960329445398
468,1963-11-08,237.75545037966796,33.46548909127672,116.30034310372326,237.75545037966796,237.75545037966796,-163.19367043679648,-163.19367043679648,-163.19367043679648,-163.19367043679648,-163.19367043679648,-163.19367043679648,0.0,0.0,0.0,74.56177994287148
469,1963-11-11,237.39142349530377,33.423913556491364,115.57233530570268,237.39142349530377,237.39142349530377,-162.91432024420374,-162.91432024420374,-162.91432024420374,-162.91432024420374,-162.91432024420374,-162.91432024420374,0.0,0.0,0.0,74.47710325110003
470,1963-11-12,237.2700812005157,32.17217317156462,114.78740736466325,237.27008120051568,237.27008120051568,-162.82159485100698,-162.82159485100698,-162.82159485100698,-162.82159485100698,-162.82159485100698,-162.82159485100698,0.0,0.0,0.0,74.44848634950873
471,1963-11-13,237.14873890572764,32.57717599263846,114.72631457823542,237.14873890572764,237.14873890572764,-162.72905967424347,-162.72905967424347,-162.72905967424347,-162.72905967424347,-162.72905967424347,-162.72905967424347,0.0,0.0,0.0,74.41967923148417
472,1963-11-14,237.02739661093955,32.43680656562434,115.46175990876766,237.02739661093955,237.02739661093955,-162.63671143374728,-162.63671143374728,-162.63671143374728,-162.63671143374728,-162.63671143374728,-162.63671143374728,0.0,0.0,0.0,74.39068517719227
473,1963-11-15,236.90605431615148,32.33087095018865,117.10617061972722,236.90605431615148,236.90605431615148,-162.5445468437435,-162.5445468437435,-162.5445468437435,-162.5445468437435,-162.5445468437435,-162.5445468437435,0.0,0.0,0.0,74.361507472408
474,1963-11-18,236.5420274317873,35.434505352464534,117.83671574547992,236.5420274317873,236.5420274317873,-162.26912203792543,-162.26912203792543,-162.26912203792543,-162.26912203792543,-162.26912203792543,-162.26912203792543,0.0,0.0,0.0,74.27290539386186
475,1963-11-19,236.42068513699923,32.80710473709277,115.36845465417066,236.42068513699923,236.42068513699923,-162.17765908516824,-162.17765908516824,-162.17765908516824,-162.17765908516824,-162.17765908516824,-162.17765908516824,0.0,0.0,0.0,74.24302605183098
476,1963-11-20,236.2993428422112,32.992842216702535,115.47090696609952,236.2993428422112,236.2993428422112,-162.08636327510058,-162.08636327510058,-162.08636327510058,-162.08636327510058,-162.08636327510058,-162.08636327510058,0.0,0.0,0.0,74.21297956711061
477,1963-11-21,236.17800054742312,28.32664860361582,116.92324320762033,236.17800054742312,236.17800054742312,-161.9952312914177,-161.9952312914177,-161.9952312914177,-161.9952312914177,-161.9952312914177,-161.9952312914177,0.0,0.0,0.0,74.18276925600543
478,1963-11-22,236.05665825263506,31.017597493901416,115.65785513076618,236.05665825263503,236.05665825263503,-161.9042598132472,-161.9042598132472,-161.9042598132472,-161.9042598132472,-161.9042598132472,-161.9042598132472,0.0,0.0,0.0,74.15239843938787
479,1963-11-26,235.5712890734828,33.63869306836443,114.79124346025658,235.5712890734828,235.5712890734828,-161.54191238670163,-161.54191238670163,-161.54191238670163,-161.54191238670163,-161.54191238670163,-161.54191238670163,0.0,0.0,0.0,74.02937668678118
480,1963-11-27,235.44994677869474,33.200949869516975,113.63773919147147,235.44994677869474,235.44994677869474,-161.45169347354903,-161.45169347354903,-161.45169347354903,-161.45169347354903,-161.45169347354903,-161.45169347354903,0.0,0.0,0.0,73.99825330514571
481,1963-11-29,235.2072621891186,32.17679984675724,114.38821318551584,235.2072621891186,235.2072621891186,-161.27167377661323,-161.27167377661323,-161.27167377661323,-161.27167377661323,-161.27167377661323,-161.27167377661323,0.0,0.0,0.0,73.93558841250538
482,1963-12-02,234.8432353047544,32.409256241215985,114.11353221556733,234.8432353047544,234.8432353047544,-161.00263927459133,-161.00263927459133,-161.00263927459133,-161.00263927459133,-161.00263927459133,-161.00263927459133,0.0,0.0,0.0,73.84059603016306
483,1963-12-03,234.72189300996632,30.019702119077543,116.43500180323282,234.72189300996632,234.72189300996632,-160.91321302194353,-160.91321302194353,-160.91321302194353,-160.91321302194353,-160.91321302194353,-160.91321302194353,0.0,0.0,0.0,73.80867998802279
484,1963-12-04,234.60055071517826,31.44115780559084,110.70332597191718,234.60055071517826,234.60055071517826,-160.82390712216466,-160.82390712216466,-160.82390712216466,-160.82390712216466,-160.82390712216466,-160.82390712216466,0.0,0.0,0.0,73.7766435930136
485,1963-12-05,234.4792084203902,32.71479397310857,113.30070456679994,234.4792084203902,234.4792084203902,-160.73471820852288,-160.73471820852288,-160.73471820852288,-160.73471820852288,-160.73471820852288,-160.73471820852288,0.0,0.0,0.0,73.74449021186732
486,1963-12-06,234.35786612560213,28.450648169898933,115.36768381535373,234.35786612560213,234.35786612560213,-160.6456429117968,-160.6456429117968,-160.6456429117968,-160.6456429117968,-160.6456429117968,-160.6456429117968,0.0,0.0,0.0,73.71222321380532
487,1963-12-09,233.99383924123796,31.094751830004782,113.33990160383637,233.99383924123796,233.99383924123796,-160.3790649966615,-160.3790649966615,-160.3790649966615,-160.3790649966615,-160.3790649966615,-160.3790649966615,0.0,0.0,0.0,73.61477424457647
488,1963-12-10,233.8724969464499,31.78788014800166,114.84651396231997,233.8724969464499,233.8724969464499,-160.2904104307686,-160.2904104307686,-160.2904104307686,-160.2904104307686,-160.2904104307686,-160.2904104307686,0.0,0.0,0.0,73.58208651568131
489,1963-12-11,233.7511546516618,31.939232530206752,115.44464127460984,233.7511546516618,233.7511546516618,-160.20185260351477,-160.20185260351477,-160.20185260351477,-160.20185260351477,-160.20185260351477,-160.20185260351477,0.0,0.0,0.0,73.54930204814704
490,1963-12-12,233.62981235687374,32.513149725152005,113.28890115148008,233.62981235687374,233.62981235687374,-160.1133881338441,-160.1133881338441,-160.1133881338441,-160.1133881338441,-160.1133881338441,-160.1133881338441,0.0,0.0,0.0,73.51642422302965
491,1963-12-13,233.50847006208568,33.148303193094954,114.83752741725142,233.50847006208568,233.50847006208568,-160.02501363924463,-160.02501363924463,-160.02501363924463,-160.02501363924463,-160.02501363924463,-160.02501363924463,0.0,0.0,0.0,73.48345642284104
492,1963-12-16,233.14444317772148,32.877026922146925,114.1770085743826,233.14444317772148,233.14444317772148,-159.76039616199483,-159.76039616199483,-159.76039616199483,-159.76039616199483,-159.76039616199483,-159.76039616199483,0.0,0.0,0.0,73.38404701572665
493,1963-12-17,233.02310088293345,31.025069989335652,114.09917416010808,233.02310088293345,233.02310088293345,-159.67234771857915,-159.67234771857915,-159.67234771857915,-159.67234771857915,-159.67234771857915,-159.67234771857915,0.0,0.0,0.0,73.3507531643543
494,1963-12-18,232.90175858814538,34.443628826155376,115.78734215391543,232.90175858814538,232.90175858814538,-159.58437232097484,-159.58437232097484,-159.58437232097484,-159.58437232097484,-159.58437232097484,-159.58437232097484,0.0,0.0,0.0,73.31738626717055
495,1963-12-19,232.78041629335732,34.801793951709506,117.23109021445472,232.78041629335732,232.78041629335732,-159.49646658101761,-159.49646658101761,-159.49646658101761,-159.49646658101761,-159.49646658101761,-159.49646658101761,0.0,0.0,0.0,73.2839497123397
496,1963-12-20,232.65907399856926,31.711372161353964,115.18508064084365,232.65907399856926,232.65907399856926,-159.4086271101139,-159.4086271101139,-159.4086271101139,-159.4086271101139,-159.4086271101139,-159.4086271101139,0.0,0.0,0.0,73.25044688845534
497,1963-12-23,232.29504711420503,33.78302620024461,115.99703714468104,232.29504711420503,232.29504711420503,-159.14547242242182,-159.14547242242182,-159.14547242242182,-159.14547242242182,-159.14547242242182,-159.14547242242182,0.0,0.0,0.0,73.14957469178322
498,1963-12-24,232.17370481941697,30.51802421623245,113.59543259276997,232.17370481941697,232.17370481941697,-159.05786413832794,-159.05786413832794,-159.05786413832794,-159.05786413832794,-159.05786413832794,-159.05786413832794,0.0,0.0,0.0,73.11584068108903
499,1963-12-26,231.93102022984084,32.88926056332474,111.5845161819243,231.93102022984084,231.93102022984084,-158.88279215631331,-158.88279215631331,-158.88279215631331,-158.88279215631331,-158.88279215631331,-158.88279215631331,0.0,0.0,0.0,73.04822807352753
500,1963-12-27,231.8096779350528,30.826182012554366,114.08997908653504,231.8096779350528,231.8096779350528,-158.79532168277314,-158.79532168277314,-158.79532168277314,-158.79532168277314,-158.79532168277314,-158.79532168277314,0.0,0.0,0.0,73.01435625227967
501,1963-12-30,231.44565105068858,31.9407710700104,114.47077267132269,231.44565105068858,231.44565105068858,-158.53313169374485,-158.53313169374485,-158.53313169374485,-158.53313169374485,-158.53313169374485,-158.53313169374485,0.0,0.0,0.0,72.91251935694373
502,1963-12-31,231.32430875590052,29.56703173568019,115.66918607418158,231.32430875590052,231.32430875590052,-158.44579755849412,-158.44579755849412,-158.44579755849412,-158.44579755849412,-158.44579755849412,-158.44579755849412,0.0,0.0,0.0,72.8785111974064
503,1964-01-02,231.0816241663244,29.833184728144758,114.71035935285133,231.0816241663244,231.0816241663244,-158.27120278351788,-158.27120278351788,-158.27120278351788,-158.27120278351788,-158.27120278351788,-158.27120278351788,0.0,0.0,0.0,72.81042138280651
504,1964-01-03,230.96028187153632,33.44452983909322,115.84583315773205,230.96028187153632,230.96028187153632,-158.1839353835193,-158.1839353835193,-158.1839353835193,-158.1839353835193,-158.1839353835193,-158.1839353835193,0.0,0.0,0.0,72.77634648801703
505,1964-01-06,230.59625498717216,30.385796143348067,114.54888931707197,230.59625498717216,230.59625498717216,-157.92221260846182,-157.92221260846182,-157.92221260846182,-157.92221260846182,-157.92221260846182,-157.92221260846182,0.0,0.0,0.0,72.67404237871034
506,1964-01-07,230.4749126923841,28.84045695601656,114.3832046436063,230.47491269238412,230.47491269238412,-157.83498691297896,-157.83498691297896,-157.83498691297896,-157.83498691297896,-157.83498691297896,-157.83498691297896,0.0,0.0,0.0,72.63992577940513
507,1964-01-08,230.353570397596,27.517657956816265,114.13630626253754,230.353570397596,230.353570397596,-157.7477632150454,-157.7477632150454,-157.7477632150454,-157.7477632150454,-157.7477632150454,-157.7477632150454,0.0,0.0,0.0,72.60580718255059
508,1964-01-09,230.23222810280794,32.02342835715645,113.36084480981597,230.23222810280794,230.23222810280794,-157.6605381479305,-157.6605381479305,-157.6605381479305,-157.6605381479305,-157.6605381479305,-157.6605381479305,0.0,0.0,0.0,72.57168995487743
509,1964-01-10,230.11088580801987,29.96432774628635,116.28591050282634,230.11088580801987,230.11088580801987,-157.5733083475026,-157.5733083475026,-157.5733083475026,-157.5733083475026,-157.5733083475026,-157.5733083475026,0.0,0.0,0.0,72.53757746051727
510,1964-01-13,229.74685892365568,28.72304934890896,112.6660190616156,229.74685892365568,229.74685892365568,-157.31155694698955,-157.31155694698955,-157.31155694698955,-157.31155694698955,-157.31155694698955,-157.31155694698955,0.0,0.0,0.0,72.43530197666612
511,1964-01-14,229.62551662886764,28.65973042120285,114.88039058944709,229.62551662886764,229.62551662886764,-157.2242746289345,-157.2242746289345,-157.2242746289345,-157.2242746289345,-157.2242746289345,-157.2242746289345,0.0,0.0,0.0,72.40124199993315
512,1964-01-15,229.50417433407958,33.79179470901892,112.36189060297478,229.50417433407958,229.50417433407958,-157.13697080084853,-157.13697080084853,-157.13697080084853,-157.13697080084853,-157.13697080084853,-157.13697080084853,0.0,0.0,0.0,72.36720353323105
513,1964-01-16,229.38283203929146,32.2200894192141,116.84840323846018,229.38283203929146,229.38283203929146,-157.04964211716194,-157.04964211716194,-157.04964211716194,-157.04964211716194,-157.04964211716194,-157.04964211716194,0.0,0.0,0.0,72.33318992212952
514,1964-01-17,229.26148974450342,28.174519746801064,112.71030118041725,229.26148974450342,229.26148974450342,-156.9622852358911,-156.9622852358911,-156.9622852358911,-156.9622852358911,-156.9622852358911,-156.9622852358911,0.0,0.0,0.0,72.29920450861232
515,1964-01-20,228.89746286013923,31.863633466136854,115.7129491554316,228.89746286013923,228.89746286013923,-156.70001204344825,-156.70001204344825,-156.70001204344825,-156.70001204344825,-156.70001204344825,-156.70001204344825,0.0,0.0,0.0,72.19745081669097
516,1964-01-21,228.77612056535116,31.55767188016676,112.34766581066368,228.77612056535116,228.77612056535116,-156.61250902859626,-156.61250902859626,-156.61250902859626,-156.61250902859626,-156.61250902859626,-156.61250902859626,0.0,0.0,0.0,72.1636115367549
517,1964-01-22,228.6547782705631,30.911649610720467,112.32100320770644,228.6547782705631,228.6547782705631,-156.5249611649043,-156.5249611649043,-156.5249611649043,-156.5249611649043,-156.5249611649043,-156.5249611649043,0.0,0.0,0.0,72.12981710565879
518,1964-01-23,228.53343597577506,29.179941584367217,114.15701302375892,228.53343597577506,228.53343597577506,-156.43736513482625,-156.43736513482625,-156.43736513482625,-156.43736513482625,-156.43736513482625,-156.43736513482625,0.0,0.0,0.0,72.09607084094881
519,1964-01-24,228.412093680987,33.183964840163334,116.91844935285171,228.412093680987,228.412093680987,-156.34971762537342,-156.34971762537342,-156.34971762537342,-156.34971762537342,-156.34971762537342,-156.34971762537342,0.0,0.0,0.0,72.06237605561358
520,1964-01-27,228.04806679662278,31.954885368055326,112.07690680340828,228.04806679662278,228.04806679662278,-156.08643316212905,-156.08643316212905,-156.08643316212905,-156.08643316212905,-156.08643316212905,-156.08643316212905,0.0,0.0,0.0,71.96163363449372
521,1964-01-28,227.9267245018347,30.357143549890438,113.16027071758958,227.9267245018347,227.9267245018347,-155.99854670124975,-155.99854670124975,-155.99854670124975,-155.99854670124975,-155.99854670124975,-155.99854670124975,0.0,0.0,0.0,71.92817780058496
522,1964-01-29,227.80538220704665,31.430388100330145,114.83768036198865,227.80538220704665,227.80538220704665,-155.91059226921968,-155.91059226921968,-155.91059226921968,-155.91059226921968,-155.91059226921968,-155.91059226921968,0.0,0.0,0.0,71.89478993782697
523,1964-01-30,227.68403991225858,29.33464225398125,114.35999772578086,227.68403991225858,227.68403991225858,-155.82256658327339,-155.82256658327339,-155.82256658327339,-155.82256658327339,-155.82256658327339,-155.82256658327339,0.0,0.0,0.0,71.8614733289852
524,1964-01-31,227.56269761747052,27.47312679315277,114.06998611987765,227.56269761747052,227.56269761747052,-155.73446636615927,-155.73446636615927,-155.73446636615927,-155.73446636615927,-155.73446636615927,-155.73446636615927,0.0,0.0,0.0,71.82823125131125
525,1964-02-03,227.1986707331063,31.469336491057426,116.05489119743504,227.19867073310633,227.19867073310633,-155.46968584083572,-155.46968584083572,-155.46968584083572,-155.46968584083572,-155.46968584083572,-155.46968584083572,0.0,0.0,0.0,71.72898489227057
526,1964-02-04,227.07732843831826,30.677179019630167,112.68481029001852,227.07732843831826,227.07732843831826,-155.38125484153306,-155.38125484153306,-155.38125484153306,-155.38125484153306,-155.38125484153306,-155.38125484153306,0.0,0.0,0.0,71.6960735967852
527,1964-02-05,226.9559861435302,32.94952208487057,112.91056613030446,226.9559861435302,226.9559861435302,-155.29273301223043,-155.29273301223043,-155.29273301223043,-155.29273301223043,-155.29273301223043,-155.29273301223043,0.0,0.0,0.0,71.66325313129977
528,1964-02-06,226.83464384874213,30.74716559832413,116.02936437251644,226.83464384874213,226.83464384874213,-155.20411711158542,-155.20411711158542,-155.20411711158542,-155.20411711158542,-155.20411711158542,-155.20411711158542,0.0,0.0,0.0,71.63052673715671
529,1964-02-07,226.71330155395407,30.812055142714826,113.27267957524681,226.71330155395407,226.71330155395407,-155.11540390470844,-155.11540390470844,-155.11540390470844,-155.11540390470844,-155.11540390470844,-155.11540390470844,0.0,0.0,0.0,71.59789764924562
530,1964-02-10,226.3492746695899,30.60900158309183,114.29311029381245,226.3492746695899,226.3492746695899,-154.84864819736194,-154.84864819736194,-154.84864819736194,-154.84864819736194,-154.84864819736194,-154.84864819736194,0.0,0.0,0.0,71.50062647222796
531,1964-02-11,226.22793237480184,28.980409555582202,112.45486021065537,226.22793237480184,226.22793237480184,-154.75951355034778,-154.75951355034778,-154.75951355034778,-154.75951355034778,-154.75951355034778,-154.75951355034778,0.0,0.0,0.0,71.46841882445406
532,1964-02-12,226.10659008001377,29.497660160346758,113.12313401074518,226.10659008001377,226.10659008001377,-154.67026552407154,-154.67026552407154,-154.67026552407154,-154.67026552407154,-154.67026552407154,-154.67026552407154,0.0,0.0,0.0,71.43632455594224
533,1964-02-13,225.98524778522568,30.280566254796103,112.35785121278833,225.98524778522568,225.98524778522568,-154.58090092513098,-154.58090092513098,-154.58090092513098,-154.58090092513098,-154.58090092513098,-154.58090092513098,0.0,0.0,0.0,71.4043468600947
534,1964-02-14,225.86390549043762,29.792208913958945,111.33070236197139,225.86390549043762,225.86390549043762,-154.49141656749654,-154.49141656749654,-154.49141656749654,-154.49141656749654,-154.49141656749654,-154.49141656749654,0.0,0.0,0.0,71.37248892294107
535,1964-02-17,225.49987860607342,28.464726043805445,111.7369147071664,225.49987860607342,225.49987860607342,-154.22221319544906,-154.22221319544906,-154.22221319544906,-154.22221319544906,-154.22221319544906,-154.22221319544906,0.0,0.0,0.0,71.27766541062437
536,1964-02-18,225.37853631128536,27.769777050654668,113.16754062057,225.37853631128536,225.37853631128536,-154.13221809473367,-154.13221809473367,-154.13221809473367,-154.13221809473367,-154.13221809473367,-154.13221809473367,0.0,0.0,0.0,71.24631821655169
537,1964-02-19,225.25719401649727,30.088678079220315,113.08145745680474,225.25719401649727,225.25719401649727,-154.04208742029718,-154.04208742029718,-154.04208742029718,-154.04208742029718,-154.04208742029718,-154.04208742029718,0.0,0.0,0.0,71.21510659620009
538,1964-02-20,225.1358517217092,28.077660178874453,111.57811192320315,225.1358517217092,225.1358517217092,-153.9518180330583,-153.9518180330583,-153.9518180330583,-153.9518180330583,-153.9518180330583,-153.9518180330583,0.0,0.0,0.0,71.18403368865091
539,1964-02-24,224.65048254255697,30.306549737153645,112.69593016533548,224.65048254255697,224.65048254255697,-153.58929086665023,-153.58929086665023,-153.58929086665023,-153.58929086665023,-153.58929086665023,-153.58929086665023,0.0,0.0,0.0,71.06119167590674
540,1964-02-25,224.5291402477689,31.06185619021339,111.62351609447016,224.5291402477689,224.5291402477689,-153.4982811231485,-153.4982811231485,-153.4982811231485,-153.4982811231485,-153.4982811231485,-153.4982811231485,0.0,0.0,0.0,71.0308591246204
541,1964-02-26,224.40779795298084,31.155132546447444,112.50354808669236,224.40779795298084,224.40779795298084,-153.40711401050385,-153.40711401050385,-153.40711401050385,-153.40711401050385,-153.40711401050385,-153.40711401050385,0.0,0.0,0.0,71.000683942477
542,1964-02-27,224.28645565819278,29.91620121368734,108.0930919576504,224.28645565819278,224.28645565819278,-153.315786450191,-153.315786450191,-153.315786450191,-153.315786450191,-153.315786450191,-153.315786450191,0.0,0.0,0.0,70.97066920800177
543,1964-02-28,224.16511336340474,29.889792124634308,112.90014899612557,224.16511336340474,224.16511336340474,-153.22429537283543,-153.22429537283543,-153.22429537283543,-153.22429537283543,-153.22429537283543,-153.22429537283543,0.0,0.0,0.0,70.94081799056931
544,1964-03-02,223.80108647904055,30.038224495150647,112.49208213232956,223.80108647904055,223.80108647904055,-152.94881048462136,-152.94881048462136,-152.94881048462136,-152.94881048462136,-152.94881048462136,-152.94881048462136,0.0,0.0,0.0,70.85227599441919
545,1964-03-03,223.67974418425246,29.42773982839534,112.64341821811605,223.67974418425246,223.67974418425246,-152.85663483268297,-152.85663483268297,-152.85663483268297,-152.85663483268297,-152.85663483268297,-152.85663483268297,0.0,0.0,0.0,70.82310935156949
546,1964-03-04,223.5584018894644,27.106852987186656,113.47967118001768,223.5584018894644,223.5584018894644,-152.76428045840225,-152.76428045840225,-152.76428045840225,-152.76428045840225,-152.76428045840225,-152.76428045840225,0.0,0.0,0.0,70.79412143106214
547,1964-03-05,223.43705959467633,24.643037172069338,112.84781843718794,223.43705959467633,223.43705959467633,-152.6717443498891,-152.6717443498891,-152.6717443498891,-152.6717443498891,-152.6717443498891,-152.6717443498891,0.0,0.0,0.0,70.76531524478722
548,1964-03-06,223.31571729988826,28.32380582566319,114.42019166820582,223.31571729988826,223.31571729988826,-152.57902350526004,-152.57902350526004,-152.57902350526004,-152.57902350526004,-152.57902350526004,-152.57902350526004,0.0,0.0,0.0,70.73669379462822
549,1964-03-09,222.95169041552404,31.336088776435187,113.87264331515429,222.95169041552404,222.95169041552404,-152.29972268845307,-152.29972268845307,-152.29972268845307,-152.29972268845307,-152.29972268845307,-152.29972268845307,0.0,0.0,0.0,70.65196772707097
550,1964-03-10,222.83034812073598,30.932877168749094,110.10615223223841,222.83034812073598,222.83034812073598,-152.20623308484338,-152.20623308484338,-152.20623308484338,-152.20623308484338,-152.20623308484338,-152.20623308484338,0.0,0.0,0.0,70.6241150358926
551,1964-03-11,222.7090058259479,31.333186694902476,111.0211662535146,222.7090058259479,222.7090058259479,-152.11254388998194,-152.11254388998194,-152.11254388998194,-152.11254388998194,-152.11254388998194,-152.11254388998194,0.0,0.0,0.0,70.59646193596598
552,1964-03-12,222.58766353115988,27.60818910978462,112.27540763175301,222.58766353115988,222.58766353115988,-152.01865216452916,-152.01865216452916,-152.01865216452916,-152.01865216452916,-152.01865216452916,-152.01865216452916,0.0,0.0,0.0,70.56901136663072
553,1964-03-13,222.4663212363718,29.353958762715987,111.25067870371132,222.4663212363718,222.4663212363718,-151.92455497998273,-151.92455497998273,-151.92455497998273,-151.92455497998273,-151.92455497998273,-151.92455497998273,0.0,0.0,0.0,70.54176625638908
554,1964-03-16,222.10229435200762,27.039487453562938,112.89419396064929,222.10229435200762,222.10229435200762,-151.6410015517607,-151.6410015517607,-151.6410015517607,-151.6410015517607,-151.6410015517607,-151.6410015517607,0.0,0.0,0.0,70.46129280024692
555,1964-03-17,221.98095205721955,27.42687695997442,111.4373938538961,221.98095205721955,221.98095205721955,-151.54605346663053,-151.54605346663053,-151.54605346663053,-151.54605346663053,-151.54605346663053,-151.54605346663053,0.0,0.0,0.0,70.43489859058903
556,1964-03-18,221.85960976243152,30.673983349007184,112.26806441252717,221.85960976243152,221.85960976243152,-151.45088544651648,-151.45088544651648,-151.45088544651648,-151.45088544651648,-151.45088544651648,-151.45088544651648,0.0,0.0,0.0,70.40872431591504
557,1964-03-19,221.73826746764345,29.10006945579054,112.18483752279869,221.73826746764345,221.73826746764345,-151.35549463037017,-151.35549463037017,-151.35549463037017,-151.35549463037017,-151.35549463037017,-151.35549463037017,0.0,0.0,0.0,70.38277283727328
558,1964-03-20,221.6169251728554,26.147337259721166,112.13314112375042,221.6169251728554,221.6169251728554,-151.25987816878606,-151.25987816878606,-151.25987816878606,-151.25987816878606,-151.25987816878606,-151.25987816878606,0.0,0.0,0.0,70.35704700406933
559,1964-03-23,221.25289828849117,29.750806711288362,109.5746096377292,221.25289828849117,221.25289828849117,-150.97164659435643,-150.97164659435643,-150.97164659435643,-150.97164659435643,-150.97164659435643,-150.97164659435643,0.0,0.0,0.0,70.28125169413474
560,1964-03-24,221.1315559937031,28.754551899438,111.94789473227773,221.1315559937031,221.1315559937031,-150.87509929375634,-150.87509929375634,-150.87509929375634,-150.87509929375634,-150.87509929375634,-150.87509929375634,0.0,0.0,0.0,70.25645669994677
561,1964-03-25,221.01021369891504,27.529834492712467,110.77563786670324,221.01021369891504,221.01021369891504,-150.7783122792612,-150.7783122792612,-150.7783122792612,-150.7783122792612,-150.7783122792612,-150.7783122792612,0.0,0.0,0.0,70.23190141965384
562,1964-03-26,220.88887140412697,25.838734708773924,112.04817161144796,220.88887140412697,220.88887140412697,-150.6812827736725,-150.6812827736725,-150.6812827736725,-150.6812827736725,-150.6812827736725,-150.6812827736725,0.0,0.0,0.0,70.20758863045447
563,1964-03-30,220.4035022249747,30.506876158851878,112.32952489703737,220.4035022249747,220.4035022249747,-150.29068473343884,-150.29068473343884,-150.29068473343884,-150.29068473343884,-150.29068473343884,-150.29068473343884,0.0,0.0,0.0,70.11281749153585
564,1964-03-31,220.28215993018665,31.12631915723851,112.27913567550732,220.28215993018665,220.28215993018665,-150.19240155294975,-150.19240155294975,-150.19240155294975,-150.19240155294975,-150.19240155294975,-150.19240155294975,0.0,0.0,0.0,70.0897583772369
565,1964-04-01,220.1608176353986,30.101205083907196,114.82856323847263,220.1608176353986,220.1608176353986,-150.09385948281627,-150.09385948281627,-150.09385948281627,-150.09385948281627,-150.09385948281627,-150.09385948281627,0.0,0.0,0.0,70.06695815258232
566,1964-04-02,220.03947534061052,30.109015370766247,107.14749116334306,220.03947534061052,220.03947534061052,-149.99505583505686,-149.99505583505686,-149.99505583505686,-149.99505583505686,-149.99505583505686,-149.99505583505686,0.0,0.0,0.0,70.04441950555366
567,1964-04-03,219.91813304582246,28.620905993219754,110.70785755495032,219.91813304582246,219.91813304582246,-149.89598793486215,-149.89598793486215,-149.89598793486215,-149.89598793486215,-149.89598793486215,-149.89598793486215,0.0,0.0,0.0,70.02214511096031
568,1964-04-06,219.55410616145824,29.746028908575042,112.5873526878103,219.5541061614582,219.5541061614582,-149.59717217135085,-149.59717217135085,-149.59717217135085,-149.59717217135085,-149.59717217135085,-149.59717217135085,0.0,0.0,0.0,69.95693399010739
569,1964-04-07,219.43276386667023,25.63202026864478,109.99550257927731,219.43276386667023,219.43276386667023,-149.49702078041952,-149.49702078041952,-149.49702078041952,-149.49702078041952,-149.49702078041952,-149.49702078041952,0.0,0.0,0.0,69.93574308625071
570,1964-04-08,219.31142157188214,30.768879385950452,111.47649121113977,219.31142157188214,219.31142157188214,-149.39659196423617,-149.39659196423617,-149.39659196423617,-149.39659196423617,-149.39659196423617,-149.39659196423617,0.0,0.0,0.0,69.91482960764597
571,1964-04-09,219.19007927709407,28.462965821834224,111.74355281054154,219.19007927709407,219.19007927709407,-149.29588312920512,-149.29588312920512,-149.29588312920512,-149.29588312920512,-149.29588312920512,-149.29588312920512,0.0,0.0,0.0,69.89419614788895
572,1964-04-10,219.068736982306,24.206707062362543,110.53013630696857,219.068736982306,219.068736982306,-149.19489169562453,-149.19489169562453,-149.19489169562453,-149.19489169562453,-149.19489169562453,-149.19489169562453,0.0,0.0,0.0,69.87384528668147
573,1964-04-13,218.7047100979418,27.190312760161802,108.48899615500979,218.7047100979418,218.7047100979418,-148.89019621708016,-148.89019621708016,-148.89019621708016,-148.89019621708016,-148.89019621708016,-148.89019621708016,0.0,0.0,0.0,69.81451388086165
574,1964-04-14,218.58336780315372,29.580003553153286,112.30180706177316,218.58336780315372,218.58336780315372,-148.78804887366528,-148.78804887366528,-148.78804887366528,-148.78804887366528,-148.78804887366528,-148.78804887366528,0.0,0.0,0.0,69.79531892948845
575,1964-04-15,218.46202550836566,26.903895419110842,108.85298998238598,218.46202550836566,218.46202550836566,-148.68560624509763,-148.68560624509763,-148.68560624509763,-148.68560624509763,-148.68560624509763,-148.68560624509763,0.0,0.0,0.0,69.77641926326802
576,1964-04-16,218.3406832135776,27.093079995264077,108.71258895078616,218.3406832135776,218.3406832135776,-148.5828658371294,-148.5828658371294,-148.5828658371294,-148.5828658371294,-148.5828658371294,-148.5828658371294,0.0,0.0,0.0,69.7578173764482
577,1964-04-17,218.21934091878953,27.550132878371386,109.65446801613402,218.21934091878953,218.21934091878953,-148.4798251700983,-148.4798251700983,-148.4798251700983,-148.4798251700983,-148.4798251700983,-148.4798251700983,0.0,0.0,0.0,69.73951574869122
578,1964-04-20,217.85531403442536,26.831815105454652,110.74075850027036,217.85531403442536,217.85531403442536,-148.1688770387987,-148.1688770387987,-148.1688770387987,-148.1688770387987,-148.1688770387987,-148.1688770387987,0.0,0.0,0.0,69.68643699562665
579,1964-04-21,217.7339717396373,29.257533928881223,111.61632153696998,217.7339717396373,217.7339717396373,-148.0646108339525,-148.0646108339525,-148.0646108339525,-148.0646108339525,-148.0646108339525,-148.0646108339525,0.0,0.0,0.0,69.66936090568481
580,1964-04-22,217.61262944484923,30.617267462911684,109.01800805490933,217.61262944484923,217.61262944484923,-147.96003219385736,-147.96003219385736,-147.96003219385736,-147.96003219385736,-147.96003219385736,-147.96003219385736,0.0,0.0,0.0,69.65259725099187
581,1964-04-23,217.49128715006114,29.593288418041233,108.6721907238831,217.49128715006114,217.49128715006114,-147.85513872836168,-147.85513872836168,-147.85513872836168,-147.85513872836168,-147.85513872836168,-147.85513872836168,0.0,0.0,0.0,69.63614842169946
582,1964-04-24,217.36994485527308,28.02908603585439,111.11299781328711,217.36994485527308,217.36994485527308,-147.7499280625598,-147.7499280625598,-147.7499280625598,-147.7499280625598,-147.7499280625598,-147.7499280625598,0.0,0.0,0.0,69.62001679271327
583,1964-04-27,217.0059179709089,26.89652128734808,108.69973375888102,217.0059179709089,217.0059179709089,-147.43236934486853,-147.43236934486853,-147.43236934486853,-147.43236934486853,-147.43236934486853,-147.43236934486853,0.0,0.0,0.0,69.57354862604038
584,1964-04-28,216.88457567612085,27.210614534813804,109.73209305589029,216.88457567612085,216.88457567612085,-147.32586643689754,-147.32586643689754,-147.32586643689754,-147.32586643689754,-147.32586643689754,-147.32586643689754,0.0,0.0,0.0,69.5587092392233
585,1964-04-29,216.76323338133278,28.177160880778946,110.76516108125936,216.76323338133278,216.76323338133278,-147.21903468596653,-147.21903468596653,-147.21903468596653,-147.21903468596653,-147.21903468596653,-147.21903468596653,0.0,0.0,0.0,69.54419869536625
586,1964-04-30,216.64189108654472,25.35460451475762,108.65306498818043,216.64189108654472,216.64189108654472,-147.11187181054808,-147.11187181054808,-147.11187181054808,-147.11187181054808,-147.11187181054808,-147.11187181054808,0.0,0.0,0.0,69.53001927599664
587,1964-05-01,216.52054879175665,29.51392402077321,113.31111563383442,216.52054879175665,216.52054879175665,-147.00437554498922,-147.00437554498922,-147.00437554498922,-147.00437554498922,-147.00437554498922,-147.00437554498922,0.0,0.0,0.0,69.51617324676744
588,1964-05-04,216.15652190739243,28.582322535543433,111.06558833733918,216.15652190739243,216.15652190739243,-146.6798639908753,-146.6798639908753,-146.6798639908753,-146.6798639908753,-146.6798639908753,-146.6798639908753,0.0,0.0,0.0,69.47665791651713
589,1964-05-05,216.03517961260437,30.896096798361512,112.65509263155718,216.03517961260437,216.03517961260437,-146.57101182874123,-146.57101182874123,-146.57101182874123,-146.57101182874123,-146.57101182874123,-146.57101182874123,0.0,0.0,0.0,69.46416778386313
590,1964-05-06,215.9138373178163,29.196895391330383,111.56619356112631,215.9138373178163,215.9138373178163,-146.46181518933886,-146.46181518933886,-146.46181518933886,-146.46181518933886,-146.46181518933886,-146.46181518933886,0.0,0.0,0.0,69.45202212847744
591,1964-05-07,215.79249502302824,30.737865972867272,109.30156628631774,215.79249502302824,215.79249502302824,-146.35227190406604,-146.35227190406604,-146.35227190406604,-146.35227190406604,-146.35227190406604,-146.35227190406604,0.0,0.0,0.0,69.4402231189622
592,1964-05-08,215.67115272824017,26.594322189408206,109.4149194050746,215.67115272824017,215.67115272824017,-146.24237982078964,-146.24237982078964,-146.24237982078964,-146.24237982078964,-146.24237982078964,-146.24237982078964,0.0,0.0,0.0,69.42877290745054
593,1964-05-11,215.307125843876,30.56498161790721,112.10404812196546,215.307125843876,215.307125843876,-145.91058951038406,-145.91058951038406,-145.91058951038406,-145.91058951038406,-145.91058951038406,-145.91058951038406,0.0,0.0,0.0,69.39653633349195
594,1964-05-12,215.18578354908792,27.697482863817406,112.40731644938222,215.18578354908794,215.18578354908794,-145.79928104602925,-145.79928104602925,-145.79928104602925,-145.79928104602925,-145.79928104602925,-145.79928104602925,0.0,0.0,0.0,69.38650250305867
595,1964-05-13,215.06444125429985,26.56324961705068,109.04726022392929,215.06444125429985,215.06444125429985,-145.68761327291094,-145.68761327291094,-145.68761327291094,-145.68761327291094,-145.68761327291094,-145.68761327291094,0.0,0.0,0.0,69.37682798138891
596,1964-05-14,214.94309895951184,31.475548345464734,113.11341074653167,214.94309895951184,214.94309895951184,-145.57558413941965,-145.57558413941965,-145.57558413941965,-145.57558413941965,-145.57558413941965,-145.57558413941965,0.0,0.0,0.0,69.3675148200922
597,1964-05-15,214.82175666472375,31.19436142641996,107.84190694679741,214.82175666472375,214.82175666472375,-145.46319161097725,-145.46319161097725,-145.46319161097725,-145.46319161097725,-145.46319161097725,-145.46319161097725,0.0,0.0,0.0,69.3585650537465
598,1964-05-18,214.45772978035956,29.553139937090652,110.68607920331497,214.45772978035956,214.45772978035956,-145.1238135672561,-145.1238135672561,-145.1238135672561,-145.1238135672561,-145.1238135672561,-145.1238135672561,0.0,0.0,0.0,69.33391621310346
599,1964-05-19,214.3363874855715,27.789377464306998,110.95646987831714,214.3363874855715,214.3363874855715,-145.009947456554,-145.009947456554,-145.009947456554,-145.009947456554,-145.009947456554,-145.009947456554,0.0,0.0,0.0,69.3264400290175
600,1964-05-20,214.21504519078343,28.634643727410882,109.89803868385528,214.21504519078343,214.21504519078343,-144.89570803616868,-144.89570803616868,-144.89570803616868,-144.89570803616868,-144.89570803616868,-144.89570803616868,0.0,0.0,0.0,69.31933715461474
601,1964-05-21,214.09370289599534,30.440792753229402,108.45994307855666,214.09370289599534,214.09370289599534,-144.78109337531257,-144.78109337531257,-144.78109337531257,-144.78109337531257,-144.78109337531257,-144.78109337531257,0.0,0.0,0.0,69.31260952068277
602,1964-05-22,213.97236060120727,29.44100878860624,109.3393038967247,213.9723606012073,213.9723606012073,-144.66610156075717,-144.66610156075717,-144.66610156075717,-144.66610156075717,-144.66610156075717,-144.66610156075717,0.0,0.0,0.0,69.3062590404501
603,1964-05-25,213.60833371684308,30.46278703429828,112.35864817591519,213.60833371684308,213.60833371684308,-144.31884432750465,-144.31884432750465,-144.31884432750465,-144.31884432750465,-144.31884432750465,-144.31884432750465,0.0,0.0,0.0,69.28948938933843
604,1964-05-26,213.486991422055,32.56661476750606,113.4388949959795,213.486991422055,213.486991422055,-144.20232511956021,-144.20232511956021,-144.20232511956021,-144.20232511956021,-144.20232511956021,-144.20232511956021,0.0,0.0,0.0,69.2846663024948
605,1964-05-27,213.36564912726692,31.065162139562194,112.11277427511226,213.36564912726692,213.36564912726692,-144.08541945766473,-144.08541945766473,-144.08541945766473,-144.08541945766473,-144.08541945766473,-144.08541945766473,0.0,0.0,0.0,69.28022966960219
606,1964-05-28,213.2443068324789,30.68257010343208,112.41865298685627,213.2443068324789,213.2443068324789,-143.9681255354384,-143.9681255354384,-143.9681255354384,-143.9681255354384,-143.9681255354384,-143.9681255354384,0.0,0.0,0.0,69.27618129704052
607,1964-06-01,212.75893765332668,25.179872545470893,109.05349938587491,212.75893765332668,212.75893765332668,-143.49503174881647,-143.49503174881647,-143.49503174881647,-143.49503174881647,-143.49503174881647,-143.49503174881647,0.0,0.0,0.0,69.26390590451021
608,1964-06-02,212.6375953585386,30.17884131525434,113.08801500176774,212.6375953585386,212.6375953585386,-143.37577006335928,-143.37577006335928,-143.37577006335928,-143.37577006335928,-143.37577006335928,-143.37577006335928,0.0,0.0,0.0,69.2618252951793
609,1964-06-03,212.51625306375053,26.03177883252973,112.0107959915955,212.51625306375053,212.51625306375053,-143.25610966069164,-143.25610966069164,-143.25610966069164,-143.25610966069164,-143.25610966069164,-143.25610966069164,0.0,0.0,0.0,69.26014340305889
610,1964-06-04,212.39491076896246,26.658676752166066,111.10094582005088,212.39491076896246,212.39491076896246,-143.13604886217817,-143.13604886217817,-143.13604886217817,-143.13604886217817,-143.13604886217817,-143.13604886217817,0.0,0.0,0.0,69.25886190678429
611,1964-06-05,212.2735684741744,28.696565052800974,110.63724843728542,212.2735684741744,212.2735684741744,-143.01558600769087,-143.01558600769087,-143.01558600769087,-143.01558600769087,-143.01558600769087,-143.01558600769087,0.0,0.0,0.0,69.25798246648353
612,1964-06-08,211.90954158981017,27.91908164112012,110.0668980945254,211.90954158981017,211.90954158981017,-142.65176878601122,-142.65176878601122,-142.65176878601122,-142.65176878601122,-142.65176878601122,-142.65176878601122,0.0,0.0,0.0,69.25777280379896
613,1964-06-09,211.7881992950221,27.42417365743623,108.84114568292557,211.7881992950221,211.7881992950221,-142.52968147864908,-142.52968147864908,-142.52968147864908,-142.52968147864908,-142.52968147864908,-142.52968147864908,0.0,0.0,0.0,69.25851781637303
614,1964-06-10,211.66685700023405,27.91995149338944,109.13462594261296,211.66685700023405,211.66685700023405,-142.40718409442837,-142.40718409442837,-142.40718409442837,-142.40718409442837,-142.40718409442837,-142.40718409442837,0.0,0.0,0.0,69.25967290580567
615,1964-06-11,211.54551470544598,28.10677669928652,110.5148993543288,211.54551470544595,211.54551470544595,-142.28427508554333,-142.28427508554333,-142.28427508554333,-142.28427508554333,-142.28427508554333,-142.28427508554333,0.0,0.0,0.0,69.26123961990265
616,1964-06-12,211.42417241065792,27.519793079908286,111.75368143641955,211.42417241065792,211.42417241065792,-142.16095292311454,-142.16095292311454,-142.16095292311454,-142.16095292311454,-142.16095292311454,-142.16095292311454,0.0,0.0,0.0,69.26321948754338
617,1964-06-15,211.0601455262937,26.782657737651853,111.47342586605343,211.0601455262937,211.0601455262937,-141.788492510866,-141.788492510866,-141.788492510866,-141.788492510866,-141.788492510866,-141.788492510866,0.0,0.0,0.0,69.27165301542769
618,1964-06-16,210.9388032315057,26.001196615154655,110.4871458597768,210.9388032315057,210.9388032315057,-141.66350282598285,-141.66350282598285,-141.66350282598285,-141.66350282598285,-141.66350282598285,-141.66350282598285,0.0,0.0,0.0,69.27530040552284
619,1964-06-17,210.8174609367176,28.999642214893935,110.1526931056892,210.8174609367176,210.8174609367176,-141.53809262902823,-141.53809262902823,-141.53809262902823,-141.53809262902823,-141.53809262902823,-141.53809262902823,0.0,0.0,0.0,69.27936830768937
620,1964-06-18,210.69611864192953,27.466198561142477,109.25777696821531,210.69611864192953,210.69611864192953,-141.41226050585303,-141.41226050585303,-141.41226050585303,-141.41226050585303,-141.41226050585303,-141.41226050585303,0.0,0.0,0.0,69.2838581360765
621,1964-06-19,210.57477634714147,26.380140186541087,110.53333089115198,210.57477634714147,210.57477634714147,-141.2860050616176,-141.2860050616176,-141.2860050616176,-141.2860050616176,-141.2860050616176,-141.2860050616176,0.0,0.0,0.0,69.28877128552386
622,1964-06-22,210.2107494627773,25.828838642458958,110.2548259559623,210.2107494627773,210.2107494627773,-140.90468514487853,-140.90468514487853,-140.90468514487853,-140.90468514487853,-140.90468514487853,-140.90468514487853,0.0,0.0,0.0,69.30606431789877
623,1964-06-23,210.08940716798924,27.662011011237787,111.36203388350825,210.08940716798924,210.08940716798924,-140.77672285599044,-140.77672285599044,-140.77672285599044,-140.77672285599044,-140.77672285599044,-140.77672285599044,0.0,0.0,0.0,69.3126843119988
624,1964-06-24,209.96806487320117,25.452648650536357,108.21098400163294,209.96806487320117,209.96806487320117,-140.64833056326907,-140.64833056326907,-140.64833056326907,-140.64833056326907,-140.64833056326907,-140.64833056326907,0.0,0.0,0.0,69.3197343099321
625,1964-06-25,209.8467225784131,27.44130487093095,109.86460113325047,209.8467225784131,209.8467225784131,-140.51950698879017,-140.51950698879017,-140.51950698879017,-140.51950698879017,-140.51950698879017,-140.51950698879017,0.0,0.0,0.0,69.32721558962294
626,1964-06-26,209.72538028362504,30.223664997603958,108.98671470662,209.72538028362504,209.72538028362504,-140.3902508742844,-140.3902508742844,-140.3902508742844,-140.3902508742844,-140.3902508742844,-140.3902508742844,0.0,0.0,0.0,69.33512940934065
627,1964-06-29,209.36135339926082,27.006713775363803,111.82992282864562,209.36135339926082,209.36135339926082,-139.9998750037037,-139.9998750037037,-139.9998750037037,-139.9998750037037,-139.9998750037037,-139.9998750037037,0.0,0.0,0.0,69.36147839555713
628,1964-06-30,209.24001110447276,27.939862165392697,109.97039264911709,209.24001110447276,209.24001110447276,-139.86887654110072,-139.86887654110072,-139.86887654110072,-139.86887654110072,-139.86887654110072,-139.86887654110072,0.0,0.0,0.0,69.37113456337204
629,1964-07-01,209.1186688096847,27.744244908467575,109.15712571372619,209.1186688096847,209.1186688096847,-139.73743954354208,-139.73743954354208,-139.73743954354208,-139.73743954354208,-139.73743954354208,-139.73743954354208,0.0,0.0,0.0,69.38122926614261
630,1964-07-02,208.99732651489663,29.142452663378805,108.77129208390821,208.99732651489663,208.99732651489663,-139.60556287163305,-139.60556287163305,-139.60556287163305,-139.60556287163305,-139.60556287163305,-139.60556287163305,0.0,0.0,0.0,69.39176364326357
631,1964-07-06,208.51195733574437,27.393128911362915,109.85091510782564,208.51195733574437,208.51195733574437,-139.07363735215054,-139.07363735215054,-139.07363735215054,-139.07363735215054,-139.07363735215054,-139.07363735215054,0.0,0.0,0.0,69.43831998359383
632,1964-07-07,208.3906150409563,29.53698673318515,111.04737278551579,208.3906150409563,208.3906150409563,-138.9395459176799,-138.9395459176799,-138.9395459176799,-138.9395459176799,-138.9395459176799,-138.9395459176799,0.0,0.0,0.0,69.4510691232764
633,1964-07-08,208.2692727461683,25.70617354309858,110.3946326857804,208.2692727461683,208.2692727461683,-138.80500839311082,-138.80500839311082,-138.80500839311082,-138.80500839311082,-138.80500839311082,-138.80500839311082,0.0,0.0,0.0,69.46426435305747
634,1964-07-09,208.1479304513802,25.174819829539075,109.43826699320645,208.1479304513802,208.1479304513802,-138.67002377961845,-138.67002377961845,-138.67002377961845,-138.67002377961845,-138.67002377961845,-138.67002377961845,0.0,0.0,0.0,69.47790667176176
635,1964-07-10,208.0265881565921,27.688065164635162,114.40176559702813,208.0265881565921,208.0265881565921,-138.5345910986098,-138.5345910986098,-138.5345910986098,-138.5345910986098,-138.5345910986098,-138.5345910986098,0.0,0.0,0.0,69.4919970579823
636,1964-07-13,207.66256127222795,27.529836818213507,110.31823564431875,207.66256127222795,207.66256127222795,-138.1255951687817,-138.1255951687817,-138.1255951687817,-138.1255951687817,-138.1255951687817,-138.1255951687817,0.0,0.0,0.0,69.53696610344625
637,1964-07-14,207.54121897743988,29.806598244268667,108.85127544987,207.54121897743988,207.54121897743988,-137.98836083764914,-137.98836083764914,-137.98836083764914,-137.98836083764914,-137.98836083764914,-137.98836083764914,0.0,0.0,0.0,69.55285813979074
638,1964-07-15,207.4198766826518,28.98198735533915,110.07094709755559,207.4198766826518,207.4198766826518,-137.8506738507324,-137.8506738507324,-137.8506738507324,-137.8506738507324,-137.8506738507324,-137.8506738507324,0.0,0.0,0.0,69.5692028319194
639,1964-07-16,207.29853438786373,25.704964169643155,110.95731659814682,207.29853438786373,207.29853438786373,-137.7125333515482,-137.7125333515482,-137.7125333515482,-137.7125333515482,-137.7125333515482,-137.7125333515482,0.0,0.0,0.0,69.58600103631554
640,1964-07-17,207.17719209307566,30.21838020352368,111.24325773263817,207.1771920930757,207.1771920930757,-137.57393850407718,-137.57393850407718,-137.57393850407718,-137.57393850407718,-137.57393850407718,-137.57393850407718,0.0,0.0,0.0,69.60325358899848
641,1964-07-20,206.81316520871147,29.706866390445434,110.13204371756228,206.81316520871147,206.81316520871147,-137.15541981932296,-137.15541981932296,-137.15541981932296,-137.15541981932296,-137.15541981932296,-137.15541981932296,0.0,0.0,0.0,69.65774538938851
642,1964-07-21,206.69182291392337,29.915647300859973,110.98447542198907,206.69182291392337,206.69182291392337,-137.01499962881005,-137.01499962881005,-137.01499962881005,-137.01499962881005,-137.01499962881005,-137.01499962881005,0.0,0.0,0.0,69.67682328511333
643,1964-07-22,206.57048061913537,27.483334915505605,114.80132629746252,206.57048061913537,206.57048061913537,-136.8741212178852,-136.8741212178852,-136.8741212178852,-136.8741212178852,-136.8741212178852,-136.8741212178852,0.0,0.0,0.0,69.69635940125016
644,1964-07-23,206.4491383243473,25.743112414379432,115.550056671026,206.4491383243473,206.4491383243473,-136.7327838739106,-136.7327838739106,-136.7327838739106,-136.7327838739106,-136.7327838739106,-136.7327838739106,0.0,0.0,0.0,69.71635445043671
645,1964-07-24,206.3277960295592,26.56273135933362,112.59643454876114,206.32779602955918,206.32779602955918,-136.59098690490475,-136.59098690490475,-136.59098690490475,-136.59098690490475,-136.59098690490475,-136.59098690490475,0.0,0.0,0.0,69.73680912465446
646,1964-07-27,205.96376914519502,26.529198747824832,110.09772563229899,205.96376914519504,205.96376914519504,-136.16283163823974,-136.16283163823974,-136.16283163823974,-136.16283163823974,-136.16283163823974,-136.16283163823974,0.0,0.0,0.0,69.80093750695528
647,1964-07-28,205.84242685040695,29.870737539539295,111.40579058046674,205.84242685040695,205.84242685040695,-136.01918966326065,-136.01918966326065,-136.01918966326065,-136.01918966326065,-136.01918966326065,-136.01918966326065,0.0,0.0,0.0,69.8232371871463
648,1964-07-29,205.72108455561892,29.19047835281205,108.75194249509269,205.72108455561892,205.72108455561892,-135.87508491401525,-135.87508491401525,-135.87508491401525,-135.87508491401525,-135.87508491401525,-135.87508491401525,0.0,0.0,0.0,69.84599964160367
649,1964-07-30,205.59974226083085,27.476429650387324,106.96609244810469,205.59974226083085,205.59974226083085,-135.73051682294513,-135.73051682294513,-135.73051682294513,-135.73051682294513,-135.73051682294513,-135.73051682294513,0.0,0.0,0.0,69.86922543788572
650,1964-07-31,205.4783999660428,28.151228403697637,112.95205611557907,205.4783999660428,205.4783999660428,-135.58548484330225,-135.58548484330225,-135.58548484330225,-135.58548484330225,-135.58548484330225,-135.58548484330225,0.0,0.0,0.0,69.89291512274053
651,1964-08-03,205.11437308167856,27.629551602667796,112.36841246784148,205.11437308167856,205.11437308167856,-135.14760041800486,-135.14760041800486,-135.14760041800486,-135.14760041800486,-135.14760041800486,-135.14760041800486,0.0,0.0,0.0,69.96677266367371
652,1964-08-04,204.9930307868905,27.88415704387085,112.67743487446204,204.9930307868905,204.9930307868905,-135.00070783344478,-135.00070783344478,-135.00070783344478,-135.00070783344478,-135.00070783344478,-135.00070783344478,0.0,0.0,0.0,69.99232295344572
653,1964-08-05,204.87168849210244,32.70856480025953,113.46698142608152,204.87168849210244,204.87168849210244,-134.85334893936252,-134.85334893936252,-134.85334893936252,-134.85334893936252,-134.85334893936252,-134.85334893936252,0.0,0.0,0.0,70.01833955273992
654,1964-08-06,204.75034619731437,26.954725867591826,111.69193825121363,204.75034619731434,204.75034619731434,-134.7055233142418,-134.7055233142418,-134.7055233142418,-134.7055233142418,-134.7055233142418,-134.7055233142418,0.0,0.0,0.0,70.04482288307258
655,1964-08-07,204.6290039025263,28.257374309565996,108.81382862340001,204.6290039025263,204.6290039025263,-134.55723055749243,-134.55723055749243,-134.55723055749243,-134.55723055749243,-134.55723055749243,-134.55723055749243,0.0,0.0,0.0,70.07177334503388
656,1964-08-10,204.26497701816214,29.037533324782867,113.01152725907939,204.26497701816214,204.26497701816214,-134.10954580573556,-134.10954580573556,-134.10954580573556,-134.10954580573556,-134.10954580573556,-134.10954580573556,0.0,0.0,0.0,70.15543121242658
657,1964-08-11,204.14363472337402,31.544441271658748,111.75710165981751,204.14363472337402,204.14363472337402,-133.9593809355409,-133.9593809355409,-133.9593809355409,-133.9593809355409,-133.9593809355409,-133.9593809355409,0.0,0.0,0.0,70.18425378783311
658,1964-08-12,204.02229242858598,29.67569930704193,113.06854009113711,204.02229242858598,204.02229242858598,-133.80874724509636,-133.80874724509636,-133.80874724509636,-133.80874724509636,-133.80874724509636,-133.80874724509636,0.0,0.0,0.0,70.21354518348963
659,1964-08-13,203.90095013379792,31.61125313063497,110.25043785077303,203.90095013379792,203.90095013379792,-133.65764445962068,-133.65764445962068,-133.65764445962068,-133.65764445962068,-133.65764445962068,-133.65764445962068,0.0,0.0,0.0,70.24330567417724
660,1964-08-14,203.77960783900986,29.551148996062324,110.12704075801437,203.77960783900986,203.77960783900986,-133.50607232533568,-133.50607232533568,-133.50607232533568,-133.50607232533568,-133.50607232533568,-133.50607232533568,0.0,0.0,0.0,70.27353551367418
661,1964-08-17,203.4155809546457,27.771710840404122,112.99265152423368,203.4155809546457,203.4155809546457,-133.0485376070406,-133.0485376070406,-133.0485376070406,-133.0485376070406,-133.0485376070406,-133.0485376070406,0.0,0.0,0.0,70.36704334760509
662,1964-08-18,203.29423865985763,29.681046756661814,110.3792612439469,203.29423865985763,203.29423865985763,-132.89508596004788,-132.89508596004788,-132.89508596004788,-132.89508596004788,-132.89508596004788,-132.89508596004788,0.0,0.0,0.0,70.39915269980975
663,1964-08-19,203.17289636506956,30.980105581397368,113.33092740590426,203.17289636506956,203.17289636506956,-132.74116401064305,-132.74116401064305,-132.74116401064305,-132.74116401064305,-132.74116401064305,-132.74116401064305,0.0,0.0,0.0,70.43173235442652
664,1964-08-20,203.05155407028147,31.509278371044914,111.312693879303,203.05155407028147,203.05155407028147,-132.58677163120177,-132.58677163120177,-132.58677163120177,-132.58677163120177,-132.58677163120177,-132.58677163120177,0.0,0.0,0.0,70.4647824390797
665,1964-08-21,202.9302117754934,24.06793104697985,110.66580038428435,202.9302117754934,202.9302117754934,-132.43190871514096,-132.43190871514096,-132.43190871514096,-132.43190871514096,-132.43190871514096,-132.43190871514096,0.0,0.0,0.0,70.49830306035244
666,1964-08-24,202.5661848911292,30.467875820735824,111.23453953575948,202.5661848911292,202.5661848911292,-131.96449599707262,-131.96449599707262,-131.96449599707262,-131.96449599707262,-131.96449599707262,-131.96449599707262,0.0,0.0,0.0,70.6016888940566
667,1964-08-25,202.44484259634115,25.932375612944387,113.20690260017206,202.44484259634115,202.44484259634115,-131.8077502895921,-131.8077502895921,-131.8077502895921,-131.8077502895921,-131.8077502895921,-131.8077502895921,0.0,0.0,0.0,70.63709230674905
668,1964-08-26,202.32350030155305,31.18121714454898,110.17954704575075,202.32350030155305,202.32350030155305,-131.65053382824863,-131.65053382824863,-131.65053382824863,-131.65053382824863,-131.65053382824863,-131.65053382824863,0.0,0.0,0.0,70.67296647330443
669,1964-08-27,202.202158006765,28.0437475841691,115.5115754636032,202.202158006765,202.202158006765,-131.49284663272772,-131.49284663272772,-131.49284663272772,-131.49284663272772,-131.49284663272772,-131.49284663272772,0.0,0.0,0.0,70.70931137403727
670,1964-08-28,202.08081571197692,29.2388767597705,112.1060115539282,202.08081571197692,202.08081571197692,-131.3346887437558,-131.3346887437558,-131.3346887437558,-131.3346887437558,-131.3346887437558,-131.3346887437558,0.0,0.0,0.0,70.74612696822112
671,1964-08-31,201.71678882761276,27.67017785464237,114.02486262561489,201.71678882761276,201.71678882761276,-130.85739163894598,-130.85739163894598,-130.85739163894598,-130.85739163894598,-130.85739163894598,-130.85739163894598,0.0,0.0,0.0,70.85939718866678
672,1964-09-01,201.5954465328247,33.42169638705734,113.56815834184064,201.5954465328247,201.5954465328247,-130.69735180413176,-130.69735180413176,-130.69735180413176,-130.69735180413176,-130.69735180413176,-130.69735180413176,0.0,0.0,0.0,70.89809472869294
673,1964-09-02,201.47410423803663,27.654386164380583,108.80910435822938,201.47410423803663,201.47410423803663,-130.5368417949785,-130.5368417949785,-130.5368417949785,-130.5368417949785,-130.5368417949785,-130.5368417949785,0.0,0.0,0.0,70.93726244305813
674,1964-09-03,201.35276194324857,30.290081994433546,113.66186657589093,201.35276194324857,201.35276194324857,-130.37586177836596,-130.37586177836596,-130.37586177836596,-130.37586177836596,-130.37586177836596,-130.37586177836596,0.0,0.0,0.0,70.97690016488261
675,1964-09-04,201.23141964846053,30.941294283902096,113.38959579617658,201.23141964846053,201.23141964846053,-130.21441194217647,-130.21441194217647,-130.21441194217647,-130.21441194217647,-130.21441194217647,-130.21441194217647,0.0,0.0,0.0,71.01700770628406
676,1964-09-08,200.74605046930824,31.423347270654418,112.81857151494454,200.74605046930827,200.74605046930827,-129.5639188938945,-129.5639188938945,-129.5639188938945,-129.5639188938945,-129.5639188938945,-129.5639188938945,0.0,0.0,0.0,71.18213157541373
677,1964-09-09,200.62470817452018,29.358293269808993,113.03045975565666,200.62470817452018,200.62470817452018,-129.40012351251073,-129.40012351251073,-129.40012351251073,-129.40012351251073,-129.40012351251073,-129.40012351251073,0.0,0.0,0.0,71.22458466200945
678,1964-09-10,200.50336587973212,31.929874639221637,113.16944346347489,200.50336587973212,200.50336587973212,-129.23585987936823,-129.23585987936823,-129.23585987936823,-129.23585987936823,-129.23585987936823,-129.23585987936823,0.0,0.0,0.0,71.26750600036388
679,1964-09-11,200.38202358494405,27.733734634924595,111.07831165848407,200.38202358494405,200.38202358494405,-129.07112832908538,-129.07112832908538,-129.07112832908538,-129.07112832908538,-129.07112832908538,-129.07112832908538,0.0,0.0,0.0,71.31089525585867
680,1964-09-14,200.01799670057983,27.53385422819409,109.6210905710267,200.01799670057983,200.01799670057983,-128.57412983517602,-128.57412983517602,-128.57412983517602,-128.57412983517602,-128.57412983517602,-128.57412983517602,0.0,0.0,0.0,71.4438668654038
681,1964-09-15,199.89665440579176,30.579336298592658,113.61918288472069,199.89665440579176,199.89665440579176,-128.4075303805393,-128.4075303805393,-128.4075303805393,-128.4075303805393,-128.4075303805393,-128.4075303805393,0.0,0.0,0.0,71.48912402525247
682,1964-09-16,199.7753121110037,28.872110187088445,114.24182251069793,199.7753121110037,199.7753121110037,-128.24046499523556,-128.24046499523556,-128.24046499523556,-128.24046499523556,-128.24046499523556,-128.24046499523556,0.0,0.0,0.0,71.53484711576814
683,1964-09-17,199.65396981621564,33.12062001766994,113.75616816585324,199.65396981621564,199.65396981621564,-128.0729341391216,-128.0729341391216,-128.0729341391216,-128.0729341391216,-128.0729341391216,-128.0729341391216,0.0,0.0,0.0,71.58103567709404
684,1964-09-18,199.5326275214276,31.133426152087655,110.38036137650188,199.53262752142757,199.53262752142757,-127.90493829286767,-127.90493829286767,-127.90493829286767,-127.90493829286767,-127.90493829286767,-127.90493829286767,0.0,0.0,0.0,71.62768922855993
685,1964-09-21,199.1686006370634,26.23456848279247,112.13874774473436,199.1686006370634,199.1686006370634,-127.39816593174183,-127.39816593174183,-127.39816593174183,-127.39816593174183,-127.39816593174183,-127.39816593174183,0.0,0.0,0.0,71.77043470532158
686,1964-09-22,199.04725834227537,29.405489767585742,117.35508871468431,199.04725834227537,199.04725834227537,-127.22831534718719,-127.22831534718719,-127.22831534718719,-127.22831534718719,-127.22831534718719,-127.22831534718719,0.0,0.0,0.0,71.81894299508818
687,1964-09-23,198.9259160474873,31.350943426971895,111.81461869133213,198.9259160474873,198.9259160474873,-127.05800248732919,-127.05800248732919,-127.05800248732919,-127.05800248732919,-127.05800248732919,-127.05800248732919,0.0,0.0,0.0,71.86791356015812
688,1964-09-24,198.80457375269924,31.110667621239084,114.81170406844421,198.80457375269924,198.80457375269924,-126.88722795728208,-126.88722795728208,-126.88722795728208,-126.88722795728208,-126.88722795728208,-126.88722795728208,0.0,0.0,0.0,71.91734579541716
689,1964-09-25,198.68323145791118,30.29471686377353,111.1033863204064,198.68323145791118,198.68323145791118,-126.71599238282138,-126.71599238282138,-126.71599238282138,-126.71599238282138,-126.71599238282138,-126.71599238282138,0.0,0.0,0.0,71.9672390750898
690,1964-09-28,198.31920457354695,30.138720731146787,112.23572855168464,198.31920457354693,198.31920457354693,-126.19952596011802,-126.19952596011802,-126.19952596011802,-126.19952596011802,-126.19952596011802,-126.19952596011802,0.0,0.0,0.0,72.11967861342893
691,1964-09-29,198.1978622787589,33.748112639770845,117.89762082559977,198.1978622787589,198.1978622787589,-126.02645287811696,-126.02645287811696,-126.02645287811696,-126.02645287811696,-126.02645287811696,-126.02645287811696,0.0,0.0,0.0,72.17140940064193
692,1964-09-30,198.07651998397083,33.13487124223592,112.96686318014189,198.07651998397083,198.07651998397083,-125.85292218961908,-125.85292218961908,-125.85292218961908,-125.85292218961908,-125.85292218961908,-125.85292218961908,0.0,0.0,0.0,72.22359779435175
693,1964-10-01,197.95517768918276,28.171348319154887,115.81876414896071,197.9551776891828,197.9551776891828,-125.67893464382776,-125.67893464382776,-125.67893464382776,-125.67893464382776,-125.67893464382776,-125.67893464382776,0.0,0.0,0.0,72.276243045355
694,1964-10-02,197.83383539439467,33.73767313267048,114.3096478430373,197.83383539439467,197.83383539439467,-125.50449101042037,-125.50449101042037,-125.50449101042037,-125.50449101042037,-125.50449101042037,-125.50449101042037,0.0,0.0,0.0,72.3293443839743
695,1964-10-05,197.46980851003048,30.36651457437496,111.90469917975844,197.46980851003048,197.46980851003048,-124.97843158775306,-124.97843158775306,-124.97843158775306,-124.97843158775306,-124.97843158775306,-124.97843158775306,0.0,0.0,0.0,72.49137692227741
696,1964-10-06,197.3484662152424,30.8338114469858,113.33730155649272,197.3484662152424,197.3484662152424,-124.80217170907537,-124.80217170907537,-124.80217170907537,-124.80217170907537,-124.80217170907537,-124.80217170907537,0.0,0.0,0.0,72.54629450616704
697,1964-10-07,197.22712392045437,31.551270142661277,114.5527306169904,197.22712392045437,197.22712392045437,-124.6254598972092,-124.6254598972092,-124.6254598972092,-124.6254598972092,-124.6254598972092,-124.6254598972092,0.0,0.0,0.0,72.60166402324518
698,1964-10-08,197.1057816256663,32.43388520362001,114.87636811853616,197.1057816256663,197.1057816256663,-124.44829704402443,-124.44829704402443,-124.44829704402443,-124.44829704402443,-124.44829704402443,-124.44829704402443,0.0,0.0,0.0,72.65748458164188
699,1964-10-09,196.98443933087825,31.850843703563484,117.51562755449417,196.98443933087825,196.98443933087825,-124.27068406164081,-124.27068406164081,-124.27068406164081,-124.27068406164081,-124.27068406164081,-124.27068406164081,0.0,0.0,0.0,72.71375526923744
700,1964-10-12,196.62041244651408,28.532037602876944,114.29198452830066,196.62041244651408,196.62041244651408,-123.73515376350926,-123.73515376350926,-123.73515376350926,-123.73515376350926,-123.73515376350926,-123.73515376350926,0.0,0.0,0.0,72.88525868300482
701,1964-10-13,196.49907015172602,31.91067823389673,115.45486807656245,196.49907015172602,196.49907015172602,-123.55574978929376,-123.55574978929376,-123.55574978929376,-123.55574978929376,-123.55574978929376,-123.55574978929376,0.0,0.0,0.0,72.94332036243226
702,1964-10-14,196.37772785693792,30.78250755708899,115.52299053833177,196.37772785693792,196.37772785693792,-123.37590054898257,-123.37590054898257,-123.37590054898257,-123.37590054898257,-123.37590054898257,-123.37590054898257,0.0,0.0,0.0,73.00182730795535
703,1964-10-15,196.25638556214986,30.596155324213534,113.44115028372504,196.25638556214986,196.25638556214986,-123.19560707543772,-123.19560707543772,-123.19560707543772,-123.19560707543772,-123.19560707543772,-123.19560707543772,0.0,0.0,0.0,73.06077848671214
704,1964-10-16,196.1350432673618,34.531721195491066,117.85264751342245,196.1350432673618,196.1350432673618,-123.01487042151145,-123.01487042151145,-123.01487042151145,-123.01487042151145,-123.01487042151145,-123.01487042151145,0.0,0.0,0.0,73.12017284585035
705,1964-10-19,195.7710163829976,28.928086987953208,115.43568814640024,195.7710163829976,195.7710163829976,-122.47001220498318,-122.47001220498318,-122.47001220498318,-122.47001220498318,-122.47001220498318,-122.47001220498318,0.0,0.0,0.0,73.30100417801442
706,1964-10-20,195.6496740882095,33.275076249089544,114.79228449720421,195.6496740882095,195.6496740882095,-122.2875137564535,-122.2875137564535,-122.2875137564535,-122.2875137564535,-122.2875137564535,-122.2875137564535,0.0,0.0,0.0,73.362160331756
707,1964-10-21,195.52833179342147,31.551419573247152,111.17267645890414,195.52833179342144,195.52833179342144,-122.10457769023984,-122.10457769023984,-122.10457769023984,-122.10457769023984,-122.10457769023984,-122.10457769023984,0.0,0.0,0.0,73.42375410318164
708,1964-10-22,195.4069894986334,34.082056758820066,115.76096463916176,195.4069894986334,195.4069894986334,-121.92120517827435,-121.92120517827435,-121.92120517827435,-121.92120517827435,-121.92120517827435,-121.92120517827435,0.0,0.0,0.0,73.48578432035906
709,1964-10-23,195.28564720384534,32.18173456815041,114.30043948800717,195.28564720384534,195.28564720384534,-121.73739741218515,-121.73739741218515,-121.73739741218515,-121.73739741218515,-121.73739741218515,-121.73739741218515,0.0,0.0,0.0,73.5482497916602
710,1964-10-26,194.92162031948115,32.73216059501348,113.17947383028914,194.92162031948115,194.92162031948115,-121.1833747999498,-121.1833747999498,-121.1833747999498,-121.1833747999498,-121.1833747999498,-121.1833747999498,0.0,0.0,0.0,73.73824551953135
711,1964-10-27,194.80027802469309,33.90789656358138,116.0402450282384,194.80027802469309,194.80027802469309,-120.99783832598297,-120.99783832598297,-120.99783832598297,-120.99783832598297,-120.99783832598297,-120.99783832598297,0.0,0.0,0.0,73.80243969871012
712,1964-10-28,194.67893572990502,31.096818184661473,114.12535991937794,194.67893572990502,194.67893572990502,-120.81187284987905,-120.81187284987905,-120.81187284987905,-120.81187284987905,-120.81187284987905,-120.81187284987905,0.0,0.0,0.0,73.86706288002597
713,1964-10-29,194.55759343511696,32.29713316549798,117.66466485155566,194.55759343511696,194.55759343511696,-120.62547968047585,-120.62547968047585,-120.62547968047585,-120.62547968047585,-120.62547968047585,-120.62547968047585,0.0,0.0,0.0,73.93211375464111
714,1964-10-30,194.43625114032886,34.744660570555695,114.35100148349478,194.43625114032886,194.43625114032886,-120.43866014597867,-120.43866014597867,-120.43866014597867,-120.43866014597867,-120.43866014597867,-120.43866014597867,0.0,0.0,0.0,73.99759099435019
715,1964-11-02,194.0722242559647,30.882009291744104,118.35033835678053,194.0722242559647,194.0722242559647,-119.87565692343578,-119.87565692343578,-119.87565692343578,-119.87565692343578,-119.87565692343578,-119.87565692343578,0.0,0.0,0.0,74.19656733252891
716,1964-11-04,193.82953966638854,31.376142916164593,117.4287084632372,193.82953966638854,193.82953966638854,-119.49821483365578,-119.49821483365578,-119.49821483365578,-119.49821483365578,-119.49821483365578,-119.49821483365578,0.0,0.0,0.0,74.33132483273276
717,1964-11-05,193.7081973716005,33.553146982183016,116.11202026885422,193.7081973716005,193.7081973716005,-119.30886607912447,-119.30886607912447,-119.30886607912447,-119.30886607912447,-119.30886607912447,-119.30886607912447,0.0,0.0,0.0,74.39933129247603
718,1964-11-06,193.58685507681244,34.77010756015599,113.99598942850392,193.58685507681244,193.58685507681244,-119.11910079495951,-119.11910079495951,-119.11910079495951,-119.11910079495951,-119.11910079495951,-119.11910079495951,0.0,0.0,0.0,74.46775428185293
719,1964-11-09,193.22282819244825,33.15178333563043,117.9115236560272,193.22282819244825,193.22282819244825,-118.54732067205754,-118.54732067205754,-118.54732067205754,-118.54732067205754,-118.54732067205754,-118.54732067205754,0.0,0.0,0.0,74.67550752039071
720,1964-11-10,193.10148589766018,33.05871955283784,114.90391239728368,193.10148589766018,193.10148589766018,-118.35590427100713,-118.35590427100713,-118.35590427100713,-118.35590427100713,-118.35590427100713,-118.35590427100713,0.0,0.0,0.0,74.74558162665305
721,1964-11-11,192.98014360287212,30.15656257032462,112.90621793626231,192.98014360287212,192.98014360287212,-118.16407893520433,-118.16407893520433,-118.16407893520433,-118.16407893520433,-118.16407893520433,-118.16407893520433,0.0,0.0,0.0,74.81606466766779
722,1964-11-12,192.85880130808403,32.444325965435894,116.88826573758232,192.85880130808403,192.85880130808403,-117.97184623985993,-117.97184623985993,-117.97184623985993,-117.97184623985993,-117.97184623985993,-117.97184623985993,0.0,0.0,0.0,74.8869550682241
723,1964-11-13,192.737459013296,35.19040453442724,116.61013801021656,192.73745901329602,192.73745901329602,-117.77920777879535,-117.77920777879535,-117.77920777879535,-117.77920777879535,-117.77920777879535,-117.77920777879535,0.0,0.0,0.0,74.95825123450064
724,1964-11-16,192.3734321289318,32.756603109518004,114.89962512628139,192.3734321289318,192.3734321289318,-117.19887401739965,-117.19887401739965,-117.19887401739965,-117.19887401739965,-117.19887401739965,-117.19887401739965,0.0,0.0,0.0,75.17455811153215
725,1964-11-17,192.2520898341437,33.865609615184795,116.23496696767377,192.2520898341437,192.2520898341437,-117.0046288017889,-117.0046288017889,-117.0046288017889,-117.0046288017889,-117.0046288017889,-117.0046288017889,0.0,0.0,0.0,75.2474610323548
726,1964-11-18,192.13074753935564,36.62965286020008,118.05967281036455,192.13074753935564,192.13074753935564,-116.80998606662747,-116.80998606662747,-116.80998606662747,-116.80998606662747,-116.80998606662747,-116.80998606662747,0.0,0.0,0.0,75.32076147272817
727,1964-11-19,192.0094052445676,34.16346690869222,117.72107643561186,192.0094052445676,192.0094052445676,-116.61494751613496,-116.61494751613496,-116.61494751613496,-116.61494751613496,-116.61494751613496,-116.61494751613496,0.0,0.0,0.0,75.39445772843264
728,1964-11-20,191.88806294977954,34.90766600109458,116.39683981201895,191.88806294977954,191.88806294977954,-116.4195148727146,-116.4195148727146,-116.4195148727146,-116.4195148727146,-116.4195148727146,-116.4195148727146,0.0,0.0,0.0,75.46854807706494
729,1964-11-23,191.52403606541534,38.066161066234585,115.01228010845662,191.52403606541532,191.52403606541532,-115.83086988033264,-115.83086988033264,-115.83086988033264,-115.83086988033264,-115.83086988033264,-115.83086988033264,0.0,0.0,0.0,75.6931661850827
730,1964-11-24,191.40269377062728,32.50844860799418,117.57699995038908,191.40269377062728,191.40269377062728,-115.63387845066578,-115.63387845066578,-115.63387845066578,-115.63387845066578,-115.63387845066578,-115.63387845066578,0.0,0.0,0.0,75.7688153199615
731,1964-11-25,191.28135147583922,34.96866632459624,114.16712145419827,191.28135147583922,191.28135147583922,-115.43650181059344,-115.43650181059344,-115.43650181059344,-115.43650181059344,-115.43650181059344,-115.43650181059344,0.0,0.0,0.0,75.84484966524577
732,1964-11-27,191.0386668862631,35.87689290781136,120.17013174112006,191.0386668862631,191.0386668862631,-115.04060023755055,-115.04060023755055,-115.04060023755055,-115.04060023755055,-115.04060023755055,-115.04060023755055,0.0,0.0,0.0,75.99806664871254
733,1964-11-30,190.67464000189887,32.237128838014584,117.78809851189479,190.67464000189887,190.67464000189887,-114.44390512830094,-114.44390512830094,-114.44390512830094,-114.44390512830094,-114.44390512830094,-114.44390512830094,0.0,0.0,0.0,76.23073487359792
734,1964-12-01,190.55329770711083,37.76024464970951,119.02726345817238,190.55329770711083,190.55329770711083,-114.2442562769154,-114.2442562769154,-114.2442562769154,-114.2442562769154,-114.2442562769154,-114.2442562769154,0.0,0.0,0.0,76.30904143019544
735,1964-12-02,190.43195541232274,36.407342373382015,119.70344636119182,190.43195541232274,190.43195541232274,-114.04423539600408,-114.04423539600408,-114.04423539600408,-114.04423539600408,-114.04423539600408,-114.04423539600408,0.0,0.0,0.0,76.38772001631865
736,1964-12-03,190.3106131175347,34.02656452624656,117.67337824628514,190.31061311753467,190.31061311753467,-113.84384443834806,-113.84384443834806,-113.84384443834806,-113.84384443834806,-113.84384443834806,-113.84384443834806,0.0,0.0,0.0,76.46676867918664
737,1964-12-04,190.18927082274664,35.63815156840911,119.09961016959292,190.18927082274664,190.18927082274664,-113.64308537396745,-113.64308537396745,-113.64308537396745,-113.64308537396745,-113.64308537396745,-113.64308537396745,0.0,0.0,0.0,76.54618544877918
738,1964-12-07,189.82524393838244,33.98503250719256,118.58247342271284,189.82524393838244,189.82524393838244,-113.03861949772688,-113.03861949772688,-113.03861949772688,-113.03861949772688,-113.03861949772688,-113.03861949772688,0.0,0.0,0.0,76.78662444065556
739,1964-12-08,189.70390164359438,35.80396768088347,116.50874576947061,189.70390164359438,189.70390164359438,-112.83640804887017,-112.83640804887017,-112.83640804887017,-112.83640804887017,-112.83640804887017,-112.83640804887017,0.0,0.0,0.0,76.86749359472421
740,1964-12-09,189.58255934880629,36.39105677207521,118.16243206711118,189.58255934880629,189.58255934880629,-112.63383859941482,-112.63383859941482,-112.63383859941482,-112.63383859941482,-112.63383859941482,-112.63383859941482,0.0,0.0,0.0,76.94872074939147
741,1964-12-10,189.46121705401822,32.62672376230723,116.5308420320469,189.46121705401822,189.46121705401822,-112.43091322127525,-112.43091322127525,-112.43091322127525,-112.43091322127525,-112.43091322127525,-112.43091322127525,0.0,0.0,0.0,77.03030383274297
742,1964-12-11,189.33987475923016,35.69978271490423,116.80991095294618,189.33987475923016,189.33987475923016,-112.22763400308648,-112.22763400308648,-112.22763400308648,-112.22763400308648,-112.22763400308648,-112.22763400308648,0.0,0.0,0.0,77.11224075614368
743,1964-12-14,188.97584787486596,40.12254229902315,121.59545506870474,188.97584787486596,188.97584787486596,-111.61569444379992,-111.61569444379992,-111.61569444379992,-111.61569444379992,-111.61569444379992,-111.61569444379992,0.0,0.0,0.0,77.36015343106604
744,1964-12-15,188.8545055800779,34.78493541935038,121.82964415229576,188.8545055800779,188.8545055800779,-111.41102108352209,-111.41102108352209,-111.41102108352209,-111.41102108352209,-111.41102108352209,-111.41102108352209,0.0,0.0,0.0,77.44348449655581
745,1964-12-16,188.73316328528986,35.35284988780025,117.23160503617204,188.7331632852899,188.7331632852899,-111.20600457450954,-111.20600457450954,-111.20600457450954,-111.20600457450954,-111.20600457450954,-111.20600457450954,0.0,0.0,0.0,77.52715871078033
746,1964-12-17,188.61182099050177,36.25675150698039,120.61861559967892,188.61182099050177,188.61182099050177,-111.00064710410787,-111.00064710410787,-111.00064710410787,-111.00064710410787,-111.00064710410787,-111.00064710410787,0.0,0.0,0.0,77.6111738863939
747,1964-12-18,188.47169451504115,38.15078087361738,122.10217575968721,188.47169451504115,188.47169451504115,-110.79495087583979,-110.79495087583979,-110.79495087583979,-110.79495087583979,-110.79495087583979,-110.79495087583979,0.0,0.0,0.0,77.67674363920136
748,1964-12-21,188.05131508865924,37.08399462448931,118.6204574257975,188.05131508865924,188.05131508865924,-110.17585192002862,-110.17585192002862,-110.17585192002862,-110.17585192002862,-110.17585192002862,-110.17585192002862,0.0,0.0,0.0,77.87546316863062
749,1964-12-22,187.91118861319862,36.5507496454469,120.01169035017494,187.91118861319862,187.91118861319862,-109.96882301624292,-109.96882301624292,-109.96882301624292,-109.96882301624292,-109.96882301624292,-109.96882301624292,0.0,0.0,0.0,77.9423655969557
750,1964-12-23,187.77106213773797,35.9126332263076,118.25254051194084,187.77106213773797,187.77106213773797,-109.76146661203563,-109.76146661203563,-109.76146661203563,-109.76146661203563,-109.76146661203563,-109.76146661203563,0.0,0.0,0.0,78.00959552570234
751,1964-12-24,187.63093566227735,36.58549364247229,117.95725584278075,187.63093566227735,187.63093566227735,-109.55378500629078,-109.55378500629078,-109.55378500629078,-109.55378500629078,-109.55378500629078,-109.55378500629078,0.0,0.0,0.0,78.07715065598657
752,1964-12-28,187.0704297604348,36.61162442857189,120.30990448871334,187.07042976043476,187.07042976043476,-108.71985309004275,-108.71985309004275,-108.71985309004275,-108.71985309004275,-108.71985309004275,-108.71985309004275,0.0,0.0,0.0,78.35057667039204
753,1964-12-29,186.93030328497414,36.943477088949564,122.9415215934865,186.93030328497414,186.93030328497414,-108.5105805031175,-108.5105805031175,-108.5105805031175,-108.5105805031175,-108.5105805031175,-108.5105805031175,0.0,0.0,0.0,78.41972278185665
754,1964-12-30,186.79017680951353,38.78613631803121,118.79365984178335,186.79017680951353,186.79017680951353,-108.30099683272292,-108.30099683272292,-108.30099683272292,-108.30099683272292,-108.30099683272292,-108.30099683272292,0.0,0.0,0.0,78.48917997679061
755,1964-12-31,186.65005033405288,36.74513986599073,121.38163206224321,186.65005033405288,186.65005033405288,-108.09110448520418,-108.09110448520418,-108.09110448520418,-108.09110448520418,-108.09110448520418,-108.09110448520418,0.0,0.0,0.0,78.5589458488487
756,1965-01-04,186.08954443221037,37.605556232476275,118.1198460787852,186.08954443221037,186.08954443221037,-107.24849697423855,-107.24849697423855,-107.24849697423855,-107.24849697423855,-107.24849697423855,-107.24849697423855,0.0,0.0,0.0,78.84104745797183
757,1965-01-05,185.9494179567497,38.69199928417616,121.67217828351289,185.9494179567497,185.9494179567497,-107.03709785849634,-107.03709785849634,-107.03709785849634,-107.03709785849634,-107.03709785849634,-107.03709785849634,0.0,0.0,0.0,78.91232009825336
758,1965-01-06,185.8092914812891,38.65635080292206,123.26847313089591,185.8092914812891,185.8092914812891,-106.82540481580024,-106.82540481580024,-106.82540481580024,-106.82540481580024,-106.82540481580024,-106.82540481580024,0.0,0.0,0.0,78.98388666548887
759,1965-01-07,185.66916500582843,35.67782886157865,121.45584603460341,185.66916500582843,185.66916500582843,-106.61342035570222,-106.61342035570222,-106.61342035570222,-106.61342035570222,-106.61342035570222,-106.61342035570222,0.0,0.0,0.0,79.05574465012621
760,1965-01-08,185.52903853036784,36.19925444538999,120.11529228086738,185.5290385303678,185.5290385303678,-106.40114700214072,-106.40114700214072,-106.40114700214072,-106.40114700214072,-106.40114700214072,-106.40114700214072,0.0,0.0,0.0,79.12789152822712
761,1965-01-11,185.1086591039859,38.53572476523582,121.72841575907083,185.1086591039859,185.1086591039859,-105.76261903395367,-105.76261903395367,-105.76261903395367,-105.76261903395367,-105.76261903395367,-105.76261903395367,0.0,0.0,0.0,79.34604007003223
762,1965-01-12,184.96853262852525,37.314041326769605,121.19650298536274,184.96853262852528,184.96853262852528,-105.54921563047284,-105.54921563047284,-105.54921563047284,-105.54921563047284,-105.54921563047284,-105.54921563047284,0.0,0.0,0.0,79.41931699805241
763,1965-01-13,184.82840615306463,38.56989823607823,119.42328955312712,184.82840615306463,184.82840615306463,-105.33553616582965,-105.33553616582965,-105.33553616582965,-105.33553616582965,-105.33553616582965,-105.33553616582965,0.0,0.0,0.0,79.49286998723498
764,1965-01-14,184.688279677604,37.243442924724384,119.6024731256747,184.688279677604,184.688279677604,-105.12158324836113,-105.12158324836113,-105.12158324836113,-105.12158324836113,-105.12158324836113,-105.12158324836113,0.0,0.0,0.0,79.56669642924285
765,1965-01-15,184.54815320214337,37.50092300538323,119.1818353934886,184.54815320214337,184.54815320214337,-104.90735950014617,-104.90735950014617,-104.90735950014617,-104.90735950014617,-104.90735950014617,-104.90735950014617,0.0,0.0,0.0,79.6407937019972
766,1965-01-18,184.12777377576145,39.81363693121302,122.14277845460785,184.12777377576145,184.12777377576145,-104.26308969595595,-104.26308969595595,-104.26308969595595,-104.26308969595595,-104.26308969595595,-104.26308969595595,0.0,0.0,0.0,79.8646840798055
767,1965-01-19,183.98764730030084,40.97497712878771,121.77978184603796,183.98764730030084,183.98764730030084,-104.04780911707678,-104.04780911707678,-104.04780911707678,-104.04780911707678,-104.04780911707678,-104.04780911707678,0.0,0.0,0.0,79.93983818322405
768,1965-01-20,183.8475208248402,38.3889153797838,126.26018915962983,183.8475208248402,183.8475208248402,-103.8322710206657,-103.8322710206657,-103.8322710206657,-103.8322710206657,-103.8322710206657,-103.8322710206657,0.0,0.0,0.0,80.01524980417449
769,1965-01-21,183.70739434937957,39.14328401132221,120.44801540125297,183.70739434937957,183.70739434937957,-103.61647810926283,-103.61647810926283,-103.61647810926283,-103.61647810926283,-103.61647810926283,-103.61647810926283,0.0,0.0,0.0,80.09091624011674
770,1965-01-22,183.56726787391892,34.84818298811401,119.98949368419623,183.56726787391892,183.56726787391892,-103.40043309848342,-103.40043309848342,-103.40043309848342,-103.40043309848342,-103.40043309848342,-103.40043309848342,0.0,0.0,0.0,80.1668347754355
771,1965-01-25,183.14688844753704,37.279275885227186,122.27510742002704,183.14688844753704,183.14688844753704,-102.7508128201161,-102.7508128201161,-102.7508128201161,-102.7508128201161,-102.7508128201161,-102.7508128201161,0.0,0.0,0.0,80.39607562742094
772,1965-01-26,183.0067619720764,39.13918784279489,121.65538475050329,183.0067619720764,183.0067619720764,-102.53378682607011,-102.53378682607011,-102.53378682607011,-102.53378682607011,-102.53378682607011,-102.53378682607011,0.0,0.0,0.0,80.47297514600628
773,1965-01-27,182.86663549661574,36.550627936402435,120.66132838077044,182.86663549661574,182.86663549661574,-102.31652250343303,-102.31652250343303,-102.31652250343303,-102.31652250343303,-102.31652250343303,-102.31652250343303,0.0,0.0,0.0,80.55011299318271
774,1965-01-28,182.72650902115512,36.83745929995562,121.25943547229183,182.72650902115512,182.72650902115512,-102.09902264421608,-102.09902264421608,-102.09902264421608,-102.09902264421608,-102.09902264421608,-102.09902264421608,0.0,0.0,0.0,80.62748637693905
775,1965-01-29,182.58638254569448,37.95668594156734,121.58010532986513,182.58638254569448,182.58638254569448,-101.8812900528175,-101.8812900528175,-101.8812900528175,-101.8812900528175,-101.8812900528175,-101.8812900528175,0.0,0.0,0.0,80.70509249287697
776,1965-02-01,182.1660031193126,37.441990958481455,120.83144553088998,182.1660031193126,182.1660031193126,-101.2267241132172,-101.2267241132172,-101.2267241132172,-101.2267241132172,-101.2267241132172,-101.2267241132172,0.0,0.0,0.0,80.93927900609539
777,1965-02-02,182.02587664385192,39.605461380874395,124.0140191999518,182.02587664385192,182.02587664385192,-101.00808888130771,-101.00808888130771,-101.00808888130771,-101.00808888130771,-101.00808888130771,-101.00808888130771,0.0,0.0,0.0,81.0177877625442
778,1965-02-03,181.88575016839133,39.01480458053221,121.49299483539055,181.88575016839133,181.88575016839133,-100.7892351215013,-100.7892351215013,-100.7892351215013,-100.7892351215013,-100.7892351215013,-100.7892351215013,0.0,0.0,0.0,81.09651504689002
779,1965-02-04,181.74562369293065,41.002751984558856,122.9784146146026,181.74562369293065,181.74562369293065,-100.57016571040626,-100.57016571040626,-100.57016571040626,-100.57016571040626,-100.57016571040626,-100.57016571040626,0.0,0.0,0.0,81.17545798252439
780,1965-02-05,181.60549721747003,42.072573297337705,121.20499714945586,181.60549721747003,181.60549721747003,-100.35088353631019,-100.35088353631019,-100.35088353631019,-100.35088353631019,-100.35088353631019,-100.35088353631019,0.0,0.0,0.0,81.25461368115984
781,1965-02-08,181.18511779108815,39.224604301820435,122.71222858728632,181.18511779108815,181.18511779108815,-99.69178949193167,-99.69178949193167,-99.69178949193167,-99.69178949193167,-99.69178949193167,-99.69178949193167,0.0,0.0,0.0,81.49332829915647
782,1965-02-09,181.0449913156275,39.30276592851141,122.14324075390128,181.0449913156275,181.0449913156275,-99.47168537870365,-99.47168537870365,-99.47168537870365,-99.47168537870365,-99.47168537870365,-99.47168537870365,0.0,0.0,0.0,81.57330593692384
783,1965-02-10,180.90486484016688,38.36095760808887,123.50087235657018,180.90486484016688,180.90486484016688,-99.25138311550432,-99.25138311550432,-99.25138311550432,-99.25138311550432,-99.25138311550432,-99.25138311550432,0.0,0.0,0.0,81.65348172466256
784,1965-02-11,180.7647383647062,40.05647495778278,121.59045280980065,180.7647383647062,180.7647383647062,-99.03088565853241,-99.03088565853241,-99.03088565853241,-99.03088565853241,-99.03088565853241,-99.03088565853241,0.0,0.0,0.0,81.73385270617379
785,1965-02-12,180.6246118892456,40.472309383048675,123.33840627541113,180.6246118892456,180.6246118892456,-98.81019597493996,-98.81019597493996,-98.81019597493996,-98.81019597493996,-98.81019597493996,-98.81019597493996,0.0,0.0,0.0,81.81441591430566
786,1965-02-15,180.20423246286367,42.785423341391116,126.16909173730735,180.20423246286367,180.20423246286367,-98.14700339806828,-98.14700339806828,-98.14700339806828,-98.14700339806828,-98.14700339806828,-98.14700339806828,0.0,0.0,0.0,82.0572290647954
787,1965-02-16,180.06410598740305,40.865043417362706,122.96217204115297,180.06410598740305,180.06410598740305,-97.92557469491629,-97.92557469491629,-97.92557469491629,-97.92557469491629,-97.92557469491629,-97.92557469491629,0.0,0.0,0.0,82.13853129248676
788,1965-02-17,179.9239795119424,40.3890856805709,120.72243744383965,179.9239795119424,179.9239795119424,-97.70396876152826,-97.70396876152826,-97.70396876152826,-97.70396876152826,-97.70396876152826,-97.70396876152826,0.0,0.0,0.0,82.22001075041415
789,1965-02-18,179.7838530364818,38.55162680766152,123.64768329486745,179.7838530364818,179.7838530364818,-97.48218862856272,-97.48218862856272,-97.48218862856272,-97.48218862856272,-97.48218862856272,-97.48218862856272,0.0,0.0,0.0,82.30166440791906
790,1965-02-19,179.64372656102114,40.946317363330245,123.87624652469553,179.64372656102114,179.64372656102114,-97.26023733689041,-97.26023733689041,-97.26023733689041,-97.26023733689041,-97.26023733689041,-97.26023733689041,0.0,0.0,0.0,82.38348922413073
791,1965-02-23,179.0832206591786,44.13355939607558,122.6701203525718,179.0832206591786,179.0832206591786,-96.37078175192724,-96.37078175192724,-96.37078175192724,-96.37078175192724,-96.37078175192724,-96.37078175192724,0.0,0.0,0.0,82.71243890725137
792,1965-02-24,178.943094183718,41.31772305859987,125.31892541975478,178.94309418371802,178.94309418371802,-96.14802062965252,-96.14802062965252,-96.14802062965252,-96.14802062965252,-96.14802062965252,-96.14802062965252,0.0,0.0,0.0,82.79507355406547
793,1965-02-25,178.80296770825734,40.75731845925017,125.75388588475212,178.80296770825734,178.80296770825734,-95.92510680230534,-95.92510680230534,-95.92510680230534,-95.92510680230534,-95.92510680230534,-95.92510680230534,0.0,0.0,0.0,82.877860905952
794,1965-02-26,178.66284123279672,41.12758899102686,124.28726222722385,178.66284123279672,178.66284123279672,-95.70204337921469,-95.70204337921469,-95.70204337921469,-95.70204337921469,-95.70204337921469,-95.70204337921469,0.0,0.0,0.0,82.96079785358204
795,1965-03-01,178.2424618064148,41.25168518417997,125.29115991308262,178.2424618064148,178.2424618064148,-95.03198676828136,-95.03198676828136,-95.03198676828136,-95.03198676828136,-95.03198676828136,-95.03198676828136,0.0,0.0,0.0,83.21047503813345
796,1965-03-02,178.10233533095416,42.67466214501164,129.03393402579206,178.10233533095416,178.10233533095416,-94.8083562407494,-94.8083562407494,-94.8083562407494,-94.8083562407494,-94.8083562407494,-94.8083562407494,0.0,0.0,0.0,83.29397909020476
797,1965-03-03,177.96220885549354,44.476037228439,126.38331054816011,177.96220885549354,177.96220885549354,-94.58459180208736,-94.58459180208736,-94.58459180208736,-94.58459180208736,-94.58459180208736,-94.58459180208736,0.0,0.0,0.0,83.37761705340618
798,1965-03-04,177.8220823800329,39.327543600242635,125.57558123107624,177.8220823800329,177.8220823800329,-94.36069661603942,-94.36069661603942,-94.36069661603942,-94.36069661603942,-94.36069661603942,-94.36069661603942,0.0,0.0,0.0,83.46138576399348
799,1965-03-05,177.68195590457228,41.440040543757235,124.16662045087597,177.68195590457228,177.68195590457228,-94.13667385503184,-94.13667385503184,-94.13667385503184,-94.13667385503184,-94.13667385503184,-94.13667385503184,0.0,0.0,0.0,83.54528204954043
800,1965-03-08,177.26157647819036,43.06380567190302,124.01139156915127,177.26157647819036,177.26157647819036,-93.4638719744025,-93.4638719744025,-93.4638719744025,-93.4638719744025,-93.4638719744025,-93.4638719744025,0.0,0.0,0.0,83.79770450378787
801,1965-03-09,177.12145000272974,41.623477669013454,127.10239135161858,177.12145000272974,177.12145000272974,-93.23937080755522,-93.23937080755522,-93.23937080755522,-93.23937080755522,-93.23937080755522,-93.23937080755522,0.0,0.0,0.0,83.88207919517453
802,1965-03-10,176.9813235272691,36.77796117996216,126.4385491574362,176.9813235272691,176.9813235272691,-93.01475805420314,-93.01475805420314,-93.01475805420314,-93.01475805420314,-93.01475805420314,-93.01475805420314,0.0,0.0,0.0,83.96656547306596
803,1965-03-11,176.84119705180848,41.03131732625829,124.03172257802092,176.84119705180848,176.84119705180848,-92.7900369365174,-92.7900369365174,-92.7900369365174,-92.7900369365174,-92.7900369365174,-92.7900369365174,0.0,0.0,0.0,84.05116011529108
804,1965-03-12,176.7010705763478,43.38258859746923,128.87225550076008,176.7010705763478,176.7010705763478,-92.56521068456644,-92.56521068456644,-92.56521068456644,-92.56521068456644,-92.56521068456644,-92.56521068456644,0.0,0.0,0.0,84.13585989178137
805,1965-03-15,176.2806911499659,41.184816120696695,122.92014340525373,176.2806911499659,176.2806911499659,-91.89013353989515,-91.89013353989515,-91.89013353989515,-91.89013353989515,-91.89013353989515,-91.89013353989515,0.0,0.0,0.0,84.39055761007074
806,1965-03-16,176.14056467450527,41.80498293374771,128.24283617667095,176.14056467450527,176.14056467450527,-91.66491920555747,-91.66491920555747,-91.66491920555747,-91.66491920555747,-91.66491920555747,-91.66491920555747,0.0,0.0,0.0,84.4756454689478
807,1965-03-17,176.00043819904465,44.220011968658575,125.02611586397951,176.00043819904465,176.00043819904465,-91.43961600179517,-91.43961600179517,-91.43961600179517,-91.43961600179517,-91.43961600179517,-91.43961600179517,0.0,0.0,0.0,84.56082219724948
808,1965-03-18,175.860311723584,41.73281153528109,123.74824387626812,175.860311723584,175.860311723584,-91.21422720368007,-91.21422720368007,-91.21422720368007,-91.21422720368007,-91.21422720368007,-91.21422720368007,0.0,0.0,0.0,84.64608451990394
809,1965-03-19,175.72018524812339,40.232403432438375,125.2380426303751,175.72018524812339,175.72018524812339,-90.98875609338569,-90.98875609338569,-90.98875609338569,-90.98875609338569,-90.98875609338569,-90.98875609338569,0.0,0.0,0.0,84.7314291547377
810,1965-03-22,175.29980582174147,43.9520722302148,124.59841675182538,175.29980582174147,175.29980582174147,-90.31188181527975,-90.31188181527975,-90.31188181527975,-90.31188181527975,-90.31188181527975,-90.31188181527975,0.0,0.0,0.0,84.98792400646172
811,1965-03-23,175.15967934628083,42.53310155791542,125.28264602173743,175.15967934628083,175.15967934628083,-90.0861144160234,-90.0861144160234,-90.0861144160234,-90.0861144160234,-90.0861144160234,-90.0861144160234,0.0,0.0,0.0,85.07356493025742
812,1965-03-24,175.01955287082023,43.04561317469683,126.90624818183426,175.01955287082023,175.01955287082023,-89.8602812179651,-89.8602812179651,-89.8602812179651,-89.8602812179651,-89.8602812179651,-89.8602812179651,0.0,0.0,0.0,85.15927165285514
813,1965-03-25,174.87942639535956,41.03441642722401,128.13077560315608,174.87942639535956,174.87942639535956,-89.63438554347682,-89.63438554347682,-89.63438554347682,-89.63438554347682,-89.63438554347682,-89.63438554347682,0.0,0.0,0.0,85.24504085188273
814,1965-03-26,174.73929991989894,41.854620792402535,127.30345856156552,174.73929991989894,174.73929991989894,-89.40843072122605,-89.40843072122605,-89.40843072122605,-89.40843072122605,-89.40843072122605,-89.40843072122605,0.0,0.0,0.0,85.33086919867289
815,1965-03-29,174.31892049351703,45.78520900320614,129.3415453735886,174.31892049351703,174.31892049351703,-88.73024474658789,-88.73024474658789,-88.73024474658789,-88.73024474658789,-88.73024474658789,-88.73024474658789,0.0,0.0,0.0,85.58867574692914
816,1965-03-30,174.1787940180564,46.35370613044998,130.498099942767,174.1787940180564,174.1787940180564,-88.50408674183272,-88.50408674183272,-88.50408674183272,-88.50408674183272,-88.50408674183272,-88.50408674183272,0.0,0.0,0.0,85.67470727622369
817,1965-03-31,174.03866754259576,43.76468578266842,128.47587910533258,174.03866754259576,174.03866754259576,-88.27788632303736,-88.27788632303736,-88.27788632303736,-88.27788632303736,-88.27788632303736,-88.27788632303736,0.0,0.0,0.0,85.7607812195584
818,1965-04-01,173.8985410671351,44.74720000452125,128.08959904328566,173.8985410671351,173.8985410671351,-88.05164685420898,-88.05164685420898,-88.05164685420898,-88.05164685420898,-88.05164685420898,-88.05164685420898,0.0,0.0,0.0,85.84689421292613
819,1965-04-02,173.7584145916745,44.94491335884461,125.19780934816647,173.7584145916745,173.7584145916745,-87.82537170483701,-87.82537170483701,-87.82537170483701,-87.82537170483701,-87.82537170483701,-87.82537170483701,0.0,0.0,0.0,85.93304288683748
820,1965-04-05,173.33803516529255,47.90695489478453,126.95793392863095,173.33803516529255,173.33803516529255,-87.14636594812616,-87.14636594812616,-87.14636594812616,-87.14636594812616,-87.14636594812616,-87.14636594812616,0.0,0.0,0.0,86.19166921716639
821,1965-04-06,173.19790868983196,46.28528188787557,125.91762457589776,173.19790868983196,173.19790868983196,-86.91998187702018,-86.91998187702018,-86.91998187702018,-86.91998187702018,-86.91998187702018,-86.91998187702018,0.0,0.0,0.0,86.27792681281178
822,1965-04-07,173.05778221437131,46.610985286769896,126.54434332226572,173.05778221437131,173.05778221437131,-86.69357905095342,-86.69357905095342,-86.69357905095342,-86.69357905095342,-86.69357905095342,-86.69357905095342,0.0,0.0,0.0,86.3642031634179
823,1965-04-08,172.9176557389107,45.52772166470423,129.23804735316403,172.9176557389107,172.9176557389107,-86.46716086984881,-86.46716086984881,-86.46716086984881,-86.46716086984881,-86.46716086984881,-86.46716086984881,0.0,0.0,0.0,86.45049486906188
824,1965-04-09,172.77752926345005,45.57720123236663,129.38659657923483,172.77752926345005,172.77752926345005,-86.24073073829128,-86.24073073829128,-86.24073073829128,-86.24073073829128,-86.24073073829128,-86.24073073829128,0.0,0.0,0.0,86.53679852515877
825,1965-04-12,172.35714983706814,46.156865127985085,130.4860819584315,172.35714983706814,172.35714983706814,-85.56140275419149,-85.56140275419149,-85.56140275419149,-85.56140275419149,-85.56140275419149,-85.56140275419149,0.0,0.0,0.0,86.79574708287664
826,1965-04-13,172.21702336160752,45.32416025370828,128.72532882502387,172.21702336160752,172.21702336160752,-85.33495895577012,-85.33495895577012,-85.33495895577012,-85.33495895577012,-85.33495895577012,-85.33495895577012,0.0,0.0,0.0,86.8820644058374
827,1965-04-14,172.0768968861469,43.67957893954444,130.24859684422083,172.07689688614687,172.07689688614687,-85.1085202956138,-85.1085202956138,-85.1085202956138,-85.1085202956138,-85.1085202956138,-85.1085202956138,0.0,0.0,0.0,86.9683765905331
828,1965-04-15,171.93677041068625,46.034668530034324,127.96818457725837,171.93677041068625,171.93677041068625,-84.88209020379867,-84.88209020379867,-84.88209020379867,-84.88209020379867,-84.88209020379867,-84.88209020379867,0.0,0.0,0.0,87.05468020688758
829,1965-04-19,171.37626450884372,43.29686466717196,128.16566945859756,171.37626450884372,171.37626450884372,-83.97652425322056,-83.97652425322056,-83.97652425322056,-83.97652425322056,-83.97652425322056,-83.97652425322056,0.0,0.0,0.0,87.39974025562316
830,1965-04-20,171.23613803338304,45.77910063525401,129.55936019278218,171.23613803338304,171.23613803338304,-83.75018858434,-83.75018858434,-83.75018858434,-83.75018858434,-83.75018858434,-83.75018858434,0.0,0.0,0.0,87.48594944904305
831,1965-04-21,171.09601155792242,45.79685468938472,129.6094113260699,171.09601155792242,171.09601155792242,-83.52388214064923,-83.52388214064923,-83.52388214064923,-83.52388214064923,-83.52388214064923,-83.52388214064923,0.0,0.0,0.0,87.57212941727319
832,1965-04-22,170.95588508246178,46.257436647877434,129.7402105796212,170.95588508246178,170.95588508246178,-83.2976083765808,-83.2976083765808,-83.2976083765808,-83.2976083765808,-83.2976083765808,-83.2976083765808,0.0,0.0,0.0,87.65827670588098
833,1965-04-23,170.81575860700116,44.15051479546901,130.0648234083339,170.81575860700116,170.81575860700116,-83.07137074957247,-83.07137074957247,-83.07137074957247,-83.07137074957247,-83.07137074957247,-83.07137074957247,0.0,0.0,0.0,87.74438785742869
834,1965-04-26,170.39537918061924,43.49144389484276,131.73161973585817,170.39537918061924,170.39537918061924,-82.39290930786235,-82.39290930786235,-82.39290930786235,-82.39290930786235,-82.39290930786235,-82.39290930786235,0.0,0.0,0.0,88.00246987275689
835,1965-04-27,170.25525270515863,45.1847169831384,128.69920669675707,170.25525270515863,170.25525270515863,-82.16685085940773,-82.16685085940773,-82.16685085940773,-82.16685085940773,-82.16685085940773,-82.16685085940773,0.0,0.0,0.0,88.0884018457509
836,1965-04-28,170.11512622969798,46.38094272384679,128.09170629578136,170.11512622969798,170.11512622969798,-81.94084587611249,-81.94084587611249,-81.94084587611249,-81.94084587611249,-81.94084587611249,-81.94084587611249,0.0,0.0,0.0,88.17428035358549
837,1965-04-29,169.97499975423736,45.36729664051433,129.87238841641522,169.9749997542374,169.9749997542374,-81.71489783094631,-81.71489783094631,-81.71489783094631,-81.71489783094631,-81.71489783094631,-81.71489783094631,0.0,0.0,0.0,88.26010192329105
838,1965-04-30,169.8348732787767,48.04569484374389,133.44764199360205,169.8348732787767,169.8348732787767,-81.48901019904979,-81.48901019904979,-81.48901019904979,-81.48901019904979,-81.48901019904979,-81.48901019904979,0.0,0.0,0.0,88.34586307972693
839,1965-05-03,169.4144938523948,46.12808351633076,129.70053448269883,169.4144938523948,169.4144938523948,-80.81174456447084,-80.81174456447084,-80.81174456447084,-80.81174456447084,-80.81174456447084,-80.81174456447084,0.0,0.0,0.0,88.60274928792396
840,1965-05-04,169.27436737693418,46.43057823357122,131.33538225493479,169.27436737693418,169.27436737693418,-80.58613337633736,-80.58613337633736,-80.58613337633736,-80.58613337633736,-80.58613337633736,-80.58613337633736,0.0,0.0,0.0,88.68823400059682
841,1965-05-05,169.13424090147353,46.63996703243374,129.22455177883901,169.13424090147353,169.13424090147353,-80.36060000559107,-80.36060000559107,-80.36060000559107,-80.36060000559107,-80.36060000559107,-80.36060000559107,0.0,0.0,0.0,88.77364089588247
842,1965-05-06,168.9941144260129,46.4256002013469,129.86827222309023,168.9941144260129,168.9941144260129,-80.13514793790368,-80.13514793790368,-80.13514793790368,-80.13514793790368,-80.13514793790368,-80.13514793790368,0.0,0.0,0.0,88.85896648810923
843,1965-05-07,168.85398795055227,45.812592239564125,128.77092400811205,168.85398795055227,168.85398795055227,-79.90978066028492,-79.90978066028492,-79.90978066028492,-79.90978066028492,-79.90978066028492,-79.90978066028492,0.0,0.0,0.0,88.94420729026734
844,1965-05-10,168.43360852417038,46.823662464583755,128.94162901992232,168.43360852417038,168.43360852417038,-79.23422245551076,-79.23422245551076,-79.23422245551076,-79.23422245551076,-79.23422245551076,-79.23422245551076,0.0,0.0,0.0,89.19938606865962
845,1965-05-11,168.29348204870973,46.029793047191916,131.03609203234478,168.29348204870973,168.29348204870973,-79.00922923085933,-79.00922923085933,-79.00922923085933,-79.00922923085933,-79.00922923085933,-79.00922923085933,0.0,0.0,0.0,89.2842528178504
846,1965-05-12,168.15335557324912,46.81738236925347,132.09315593966937,168.15335557324912,168.15335557324912,-78.78433824722896,-78.78433824722896,-78.78433824722896,-78.78433824722896,-78.78433824722896,-78.78433824722896,0.0,0.0,0.0,89.36901732602016
847,1965-05-13,168.01322909778847,48.285511120667394,129.49272055542147,168.01322909778847,168.01322909778847,-78.55955299715718,-78.55955299715718,-78.55955299715718,-78.55955299715718,-78.55955299715718,-78.55955299715718,0.0,0.0,0.0,89.45367610063128
848,1965-05-14,167.87310262232785,49.01632981158082,132.13934751270978,167.87310262232785,167.87310262232785,-78.33487697368602,-78.33487697368602,-78.33487697368602,-78.33487697368602,-78.33487697368602,-78.33487697368602,0.0,0.0,0.0,89.53822564864183
849,1965-05-17,167.4527231959459,49.17104083525233,132.0260747436199,167.4527231959459,167.4527231959459,-77.661539198368,-77.661539198368,-77.661539198368,-77.661539198368,-77.661539198368,-77.661539198368,0.0,0.0,0.0,89.7911839975779
850,1965-05-18,167.3125967204853,49.12082701187161,127.71608998518482,167.31259672048526,167.31259672048526,-77.43733501764952,-77.43733501764952,-77.43733501764952,-77.43733501764952,-77.43733501764952,-77.43733501764952,0.0,0.0,0.0,89.87526170283577
851,1965-05-19,167.17247024502464,47.18466320098993,131.18898822500418,167.17247024502464,167.17247024502464,-77.21325753214902,-77.21325753214902,-77.21325753214902,-77.21325753214902,-77.21325753214902,-77.21325753214902,0.0,0.0,0.0,89.95921271287563
852,1965-05-20,167.03234376956402,50.8660563542531,131.82292638941377,167.03234376956402,167.03234376956402,-76.98931023543958,-76.98931023543958,-76.98931023543958,-76.98931023543958,-76.98931023543958,-76.98931023543958,0.0,0.0,0.0,90.04303353412445
853,1965-05-21,166.8922172941034,49.9331747704373,128.5133719554914,166.8922172941034,166.8922172941034,-76.76549662076745,-76.76549662076745,-76.76549662076745,-76.76549662076745,-76.76549662076745,-76.76549662076745,0.0,0.0,0.0,90.12672067333595
854,1965-05-24,166.4718378677215,48.78477415404927,134.05671256823268,166.4718378677215,166.4718378677215,-76.09489279403775,-76.09489279403775,-76.09489279403775,-76.09489279403775,-76.09489279403775,-76.09489279403775,0.0,0.0,0.0,90.37694507368374
855,1965-05-25,166.33171139226087,48.39047971026709,133.6589720743021,166.33171139226087,166.33171139226087,-75.87164882928327,-75.87164882928327,-75.87164882928327,-75.87164882928327,-75.87164882928327,-75.87164882928327,0.0,0.0,0.0,90.4600625629776
856,1965-05-26,166.1915849168002,48.67737385366121,135.0384136029743,166.1915849168002,166.1915849168002,-75.64855600374152,-75.64855600374152,-75.64855600374152,-75.64855600374152,-75.64855600374152,-75.64855600374152,0.0,0.0,0.0,90.54302891305868
857,1965-05-27,166.0514584413396,50.557140469598004,135.32044456360492,166.0514584413396,166.0514584413396,-75.42561780620811,-75.42561780620811,-75.42561780620811,-75.42561780620811,-75.42561780620811,-75.42561780620811,0.0,0.0,0.0,90.6258406351315
858,1965-05-28,165.91133196587893,46.66784895092546,131.18401358498022,165.91133196587893,165.91133196587893,-75.20283772432302,-75.20283772432302,-75.20283772432302,-75.20283772432302,-75.20283772432302,-75.20283772432302,0.0,0.0,0.0,90.70849424155591
859,1965-06-01,165.3508260640364,50.410080701928415,131.9477064356496,165.3508260640364,165.3508260640364,-74.31336825901585,-74.31336825901585,-74.31336825901585,-74.31336825901585,-74.31336825901585,-74.31336825901585,0.0,0.0,0.0,91.03745780502055
860,1965-06-02,165.21069958857578,48.0839355891554,128.49818880684882,165.21069958857578,165.21069958857578,-74.09143102127241,-74.09143102127241,-74.09143102127241,-74.09143102127241,-74.09143102127241,-74.09143102127241,0.0,0.0,0.0,91.11926856730337
861,1965-06-03,165.07057311311513,50.65839370312034,131.10846720767793,165.07057311311513,165.07057311311513,-73.86967279414858,-73.86967279414858,-73.86967279414858,-73.86967279414858,-73.86967279414858,-73.86967279414858,0.0,0.0,0.0,91.20090031896655
862,1965-06-04,164.93044663765448,50.41141236129941,133.82612412434813,164.93044663765448,164.93044663765448,-73.64809705389692,-73.64809705389692,-73.64809705389692,-73.64809705389692,-73.64809705389692,-73.64809705389692,0.0,0.0,0.0,91.28234958375756
863,1965-06-07,164.5100672112726,50.65265514330204,135.75020907173004,164.5100672112726,164.5100672112726,-72.98449948474573,-72.98449948474573,-72.98449948474573,-72.98449948474573,-72.98449948474573,-72.98449948474573,0.0,0.0,0.0,91.52556772652687
864,1965-06-08,164.36994073581195,50.23033653182465,131.67685578961036,164.36994073581195,164.36994073581195,-72.76368841081695,-72.76368841081695,-72.76368841081695,-72.76368841081695,-72.76368841081695,-72.76368841081695,0.0,0.0,0.0,91.606252324995
865,1965-06-09,164.22981426035133,49.832610244313045,131.3913495847434,164.22981426035133,164.22981426035133,-72.54307717123191,-72.54307717123191,-72.54307717123191,-72.54307717123191,-72.54307717123191,-72.54307717123191,0.0,0.0,0.0,91.68673708911942
866,1965-06-10,164.08968778489069,53.09004788127456,133.7464224941115,164.08968778489069,164.08968778489069,-72.3226692279093,-72.3226692279093,-72.3226692279093,-72.3226692279093,-72.3226692279093,-72.3226692279093,0.0,0.0,0.0,91.76701855698138
867,1965-06-11,163.94956130943007,48.55074154047973,135.01388846994425,163.94956130943007,163.94956130943007,-72.10246803996975,-72.10246803996975,-72.10246803996975,-72.10246803996975,-72.10246803996975,-72.10246803996975,0.0,0.0,0.0,91.84709326946032
868,1965-06-14,163.52918188304815,51.72541478458305,135.08132846947984,163.52918188304815,163.52918188304815,-71.44313955526371,-71.44313955526371,-71.44313955526371,-71.44313955526371,-71.44313955526371,-71.44313955526371,0.0,0.0,0.0,92.08604232778444
869,1965-06-15,163.38905540758753,49.367227929336984,133.2250200813159,163.38905540758753,163.38905540758753,-71.2237999200582,-71.2237999200582,-71.2237999200582,-71.2237999200582,-71.2237999200582,-71.2237999200582,0.0,0.0,0.0,92.16525548752934
870,1965-06-16,163.2489289321269,48.92088605950778,133.34858206844692,163.2489289321269,163.2489289321269,-71.00468428981922,-71.00468428981922,-71.00468428981922,-71.00468428981922,-71.00468428981922,-71.00468428981922,0.0,0.0,0.0,92.24424464230766
871,1965-06-17,163.10880245666627,50.282135927110765,132.85457933181164,163.10880245666627,163.10880245666627,-70.78579610444883,-70.78579610444883,-70.78579610444883,-70.78579610444883,-70.78579610444883,-70.78579610444883,0.0,0.0,0.0,92.32300635221743
872,1965-06-18,162.96867598120562,55.011707552969796,131.89306350056606,162.96867598120562,162.96867598120562,-70.5671388002409,-70.5671388002409,-70.5671388002409,-70.5671388002409,-70.5671388002409,-70.5671388002409,0.0,0.0,0.0,92.40153718096472
873,1965-06-21,162.54829655482368,50.6377563662697,134.90882064019758,162.54829655482365,162.54829655482365,-69.91258648100249,-69.91258648100249,-69.91258648100249,-69.91258648100249,-69.91258648100249,-69.91258648100249,0.0,0.0,0.0,92.63571007382119
874,1965-06-22,162.4081700793631,54.12925112313653,136.0269253514032,162.4081700793631,162.4081700793631,-69.69488698820818,-69.69488698820818,-69.69488698820818,-69.69488698820818,-69.69488698820818,-69.69488698820818,0.0,0.0,0.0,92.7132830911549
875,1965-06-23,162.2680436039024,51.71463671859797,135.19832546379095,162.2680436039024,162.2680436039024,-69.4774354999102,-69.4774354999102,-69.4774354999102,-69.4774354999102,-69.4774354999102,-69.4774354999102,0.0,0.0,0.0,92.79060810399221
876,1965-06-24,162.1279171284418,52.48739681047446,133.19215479288772,162.1279171284418,162.1279171284418,-69.26023542834672,-69.26023542834672,-69.26023542834672,-69.26023542834672,-69.26023542834672,-69.26023542834672,0.0,0.0,0.0,92.86768170009508
877,1965-06-25,161.98779065298115,50.57352797729341,136.72390473534048,161.98779065298115,161.98779065298115,-69.04329018134615,-69.04329018134615,-69.04329018134615,-69.04329018134615,-69.04329018134615,-69.04329018134615,0.0,0.0,0.0,92.944500471635
878,1965-06-28,161.56741122659926,50.510059368346994,136.80911603668412,161.56741122659926,161.56741122659926,-68.39401739748116,-68.39401739748116,-68.39401739748116,-68.39401739748116,-68.39401739748116,-68.39401739748116,0.0,0.0,0.0,93.1733938291181
879,1965-06-29,161.42728475113864,49.6367234727722,133.97357837703956,161.42728475113864,161.42728475113864,-68.17812543485627,-68.17812543485627,-68.17812543485627,-68.17812543485627,-68.17812543485627,-68.17812543485627,0.0,0.0,0.0,93.24915931628237
880,1965-06-30,161.287158275678,52.26804617931252,133.49415525353442,161.287158275678,161.287158275678,-67.96250526582472,-67.96250526582472,-67.96250526582472,-67.96250526582472,-67.96250526582472,-67.96250526582472,0.0,0.0,0.0,93.32465300985328
881,1965-07-01,161.14703180021738,52.716561194507044,136.1181615542007,161.14703180021738,161.14703180021738,-67.74716026937875,-67.74716026937875,-67.74716026937875,-67.74716026937875,-67.74716026937875,-67.74716026937875,0.0,0.0,0.0,93.39987153083862
882,1965-07-02,161.00690532475673,53.562860803906524,134.57926680213106,161.0069053247567,161.0069053247567,-67.53209381930994,-67.53209381930994,-67.53209381930994,-67.53209381930994,-67.53209381930994,-67.53209381930994,0.0,0.0,0.0,93.4748115054468
883,1965-07-06,160.44639942291417,54.38255675775787,136.8728309205581,160.44639942291417,160.44639942291417,-66.674680770328,-66.674680770328,-66.674680770328,-66.674680770328,-66.674680770328,-66.674680770328,0.0,0.0,0.0,93.77171865258617
884,1965-07-07,160.30627294745355,54.63562219311421,137.20904078958458,160.30627294745355,160.30627294745355,-66.46105746914752,-66.46105746914752,-66.46105746914752,-66.46105746914752,-66.46105746914752,-66.46105746914752,0.0,0.0,0.0,93.84521547830603
885,1965-07-08,160.1661464719929,53.06149163690198,133.8131664677273,160.1661464719929,160.1661464719929,-66.24773284161017,-66.24773284161017,-66.24773284161017,-66.24773284161017,-66.24773284161017,-66.24773284161017,0.0,0.0,0.0,93.91841363038273
886,1965-07-09,160.02601999653228,52.0841153866994,135.33523254064167,160.02601999653228,160.02601999653228,-66.03471022197452,-66.03471022197452,-66.03471022197452,-66.03471022197452,-66.03471022197452,-66.03471022197452,0.0,0.0,0.0,93.99130977455776
887,1965-07-12,159.60564057015037,51.33999031146607,134.01104417795804,159.60564057015037,159.60564057015037,-65.397487661032,-65.397487661032,-65.397487661032,-65.397487661032,-65.397487661032,-65.397487661032,0.0,0.0,0.0,94.20815290911837
888,1965-07-13,159.46551409468975,56.927063867206044,138.74120755790437,159.46551409468975,159.46551409468975,-65.18570629211027,-65.18570629211027,-65.18570629211027,-65.18570629211027,-65.18570629211027,-65.18570629211027,0.0,0.0,0.0,94.27980780257948
889,1965-07-14,159.3253876192291,53.55351472441289,138.474574109309,159.3253876192291,159.3253876192291,-64.97424350881295,-64.97424350881295,-64.97424350881295,-64.97424350881295,-64.97424350881295,-64.97424350881295,0.0,0.0,0.0,94.35114411041616
890,1965-07-15,159.18526114376849,51.826525807471405,134.08304101659084,159.18526114376849,159.18526114376849,-64.76310260720334,-64.76310260720334,-64.76310260720334,-64.76310260720334,-64.76310260720334,-64.76310260720334,0.0,0.0,0.0,94.42215853656515
891,1965-07-16,159.04513466830784,53.52986294057718,134.28765758079757,159.04513466830784,159.04513466830784,-64.55228687659648,-64.55228687659648,-64.55228687659648,-64.55228687659648,-64.55228687659648,-64.55228687659648,0.0,0.0,0.0,94.49284779171136
892,1965-07-19,158.62475524192595,51.16439675152346,135.531534417212,158.62475524192595,158.62475524192595,-63.921823500440276,-63.921823500440276,-63.921823500440276,-63.921823500440276,-63.921823500440276,-63.921823500440276,0.0,0.0,0.0,94.70293174148568
893,1965-07-20,158.4846287664653,53.266811368167396,133.63228179104755,158.4846287664653,158.4846287664653,-63.71234120823566,-63.71234120823566,-63.71234120823566,-63.71234120823566,-63.71234120823566,-63.71234120823566,0.0,0.0,0.0,94.77228755822965
894,1965-07-21,158.34450229100466,51.60401987261769,136.99172828890292,158.34450229100466,158.34450229100466,-63.50320042859628,-63.50320042859628,-63.50320042859628,-63.50320042859628,-63.50320042859628,-63.50320042859628,0.0,0.0,0.0,94.84130186240839
895,1965-07-22,158.20437581554404,52.75045933819342,135.93354835833037,158.20437581554404,158.20437581554404,-63.29440440807853,-63.29440440807853,-63.29440440807853,-63.29440440807853,-63.29440440807853,-63.29440440807853,0.0,0.0,0.0,94.90997140746552
896,1965-07-23,158.0642493400834,54.332165187319845,136.6270351513753,158.0642493400834,158.0642493400834,-63.08595638573712,-63.08595638573712,-63.08595638573712,-63.08595638573712,-63.08595638573712,-63.08595638573712,0.0,0.0,0.0,94.97829295434627
897,1965-07-26,157.6438699137015,50.296610655605704,138.0948522894707,157.6438699137015,157.6438699137015,-62.46273258356154,-62.46273258356154,-62.46273258356154,-62.46273258356154,-62.46273258356154,-62.46273258356154,0.0,0.0,0.0,95.18113733013996
898,1965-07-27,157.50374343824086,51.839376455102204,136.83481634879954,157.50374343824086,157.50374343824086,-62.25570879072146,-62.25570879072146,-62.25570879072146,-62.25570879072146,-62.25570879072146,-62.25570879072146,0.0,0.0,0.0,95.2480346475194
899,1965-07-28,157.36361696278024,52.47622668209945,137.3603129123625,157.36361696278024,157.36361696278024,-62.049049075092206,-62.049049075092206,-62.049049075092206,-62.049049075092206,-62.049049075092206,-62.049049075092206,0.0,0.0,0.0,95.31456788768804
900,1965-07-29,157.22349048731957,53.180832449188706,137.54420597055363,157.22349048731957,157.22349048731957,-61.842756628494456,-61.842756628494456,-61.842756628494456,-61.842756628494456,-61.842756628494456,-61.842756628494456,0.0,0.0,0.0,95.38073385882511
901,1965-07-30,157.08336401185898,54.35001359563715,138.34831828543815,157.08336401185898,157.08336401185898,-61.63683463450894,-61.63683463450894,-61.63683463450894,-61.63683463450894,-61.63683463450894,-61.63683463450894,0.0,0.0,0.0,95.44652937735003
902,1965-08-02,156.66298458547703,54.70531170708177,137.64157434629942,156.66298458547703,156.66298458547703,-61.02132307824678,-61.02132307824678,-61.02132307824678,-61.02132307824678,-61.02132307824678,-61.02132307824678,0.0,0.0,0.0,95.64166150723025
903,1965-08-03,156.52285811001641,52.77860830662383,141.05083728035865,156.5228581100164,156.5228581100164,-60.81691456207825,-60.81691456207825,-60.81691456207825,-60.81691456207825,-60.81691456207825,-60.81691456207825,0.0,0.0,0.0,95.70594354793816
904,1965-08-04,156.38273163455577,53.441418937983876,137.68706063475483,156.38273163455577,156.38273163455577,-60.61289228919182,-60.61289228919182,-60.61289228919182,-60.61289228919182,-60.61289228919182,-60.61289228919182,0.0,0.0,0.0,95.76983934536395
905,1965-08-05,156.24260515909515,54.092632518597135,136.2407249171069,156.24260515909515,156.24260515909515,-60.409259391552666,-60.409259391552666,-60.409259391552666,-60.409259391552666,-60.409259391552666,-60.409259391552666,0.0,0.0,0.0,95.83334576754248
906,1965-08-06,156.1024786836345,53.268698882877025,135.8600091789835,156.1024786836345,156.1024786836345,-60.20601899216448,-60.20601899216448,-60.20601899216448,-60.20601899216448,-60.20601899216448,-60.20601899216448,0.0,0.0,0.0,95.89645969147003
907,1965-08-09,155.6820992572526,54.136843797794015,136.94087794778048,155.6820992572526,155.6820992572526,-59.59868387697841,-59.59868387697841,-59.59868387697841,-59.59868387697841,-59.59868387697841,-59.59868387697841,0.0,0.0,0.0,96.08341538027418
908,1965-08-10,155.541972781792,57.35811024653645,137.4623531899057,155.541972781792,155.541972781792,-59.39704451783862,-59.39704451783862,-59.39704451783862,-59.39704451783862,-59.39704451783862,-59.39704451783862,0.0,0.0,0.0,96.14492826395337
909,1965-08-11,155.40184630633132,55.772162231263074,141.5896770631564,155.40184630633132,155.40184630633132,-59.195813133991244,-59.195813133991244,-59.195813133991244,-59.195813133991244,-59.195813133991244,-59.195813133991244,0.0,0.0,0.0,96.20603317234009
910,1965-08-12,155.26171983087073,51.98220074719224,136.8972807637366,155.26171983087073,155.26171983087073,-58.994992792545474,-58.994992792545474,-58.994992792545474,-58.994992792545474,-58.994992792545474,-58.994992792545474,0.0,0.0,0.0,96.26672703832526
911,1965-08-13,155.12159335541006,53.98919204435687,136.8375641500542,155.12159335541006,155.12159335541006,-58.794586550943585,-58.794586550943585,-58.794586550943585,-58.794586550943585,-58.794586550943585,-58.794586550943585,0.0,0.0,0.0,96.32700680446646
912,1965-08-16,154.70121392902817,55.624440679630766,138.1869797043637,154.70121392902817,154.70121392902817,-58.19588285255478,-58.19588285255478,-58.19588285255478,-58.19588285255478,-58.19588285255478,-58.19588285255478,0.0,0.0,0.0,96.5053310764734
913,1965-08-17,154.56108745356752,52.922026920851415,137.14101184662107,154.56108745356752,154.56108745356752,-57.9971633879681,-57.9971633879681,-57.9971633879681,-57.9971633879681,-57.9971633879681,-57.9971633879681,0.0,0.0,0.0,96.56392406559942
914,1965-08-18,154.4209609781069,51.46692362073421,136.66612398115677,154.4209609781069,154.4209609781069,-57.79887316198872,-57.79887316198872,-57.79887316198872,-57.79887316198872,-57.79887316198872,-57.79887316198872,0.0,0.0,0.0,96.62208781611818
915,1965-08-19,154.28083450264626,56.32854494701106,135.97374074615428,154.28083450264626,154.28083450264626,-57.60101517199323,-57.60101517199323,-57.60101517199323,-57.60101517199323,-57.60101517199323,-57.60101517199323,0.0,0.0,0.0,96.67981933065303
916,1965-08-20,154.14070802718564,52.58444472794675,138.4794495288987,154.14070802718564,154.14070802718564,-57.403592405006876,-57.403592405006876,-57.403592405006876,-57.403592405006876,-57.403592405006876,-57.403592405006876,0.0,0.0,0.0,96.73711562217876
917,1965-08-23,153.72032860080373,57.811062795263744,139.8661286137604,153.72032860080373,153.72032860080373,-56.81396515505135,-56.81396515505135,-56.81396515505135,-56.81396515505135,-56.81396515505135,-56.81396515505135,0.0,0.0,0.0,96.90636344575238
918,1965-08-24,153.58020212534308,58.51470062362792,138.8252915913696,153.58020212534308,153.58020212534308,-56.61831293994689,-56.61831293994689,-56.61831293994689,-56.61831293994689,-56.61831293994689,-56.61831293994689,0.0,0.0,0.0,96.96188918539619
919,1965-08-25,153.44007564988246,58.01442446214968,135.52651254112732,153.44007564988246,153.44007564988246,-56.42311072433805,-56.42311072433805,-56.42311072433805,-56.42311072433805,-56.42311072433805,-56.42311072433805,0.0,0.0,0.0,97.01696492554441
920,1965-08-26,153.2999491744218,57.739788059473725,138.71705879431772,153.2999491744218,153.2999491744218,-56.22836143112835,-56.22836143112835,-56.22836143112835,-56.22836143112835,-56.22836143112835,-56.22836143112835,0.0,0.0,0.0,97.07158774329346
921,1965-08-27,153.1598226989612,56.62582402364566,139.71302037169838,153.1598226989612,153.1598226989612,-56.03406797220327,-56.03406797220327,-56.03406797220327,-56.03406797220327,-56.03406797220327,-56.03406797220327,0.0,0.0,0.0,97.12575472675792
922,1965-08-30,152.73944327257928,56.26134116880114,137.76686791101986,152.73944327257928,152.73944327257928,-55.453951552762476,-55.453951552762476,-55.453951552762476,-55.453951552762476,-55.453951552762476,-55.453951552762476,0.0,0.0,0.0,97.2854917198168
923,1965-08-31,152.59931679711866,55.04157117589863,141.16394681688354,152.59931679711866,152.59931679711866,-55.26151032620991,-55.26151032620991,-55.26151032620991,-55.26151032620991,-55.26151032620991,-55.26151032620991,0.0,0.0,0.0,97.33780647090876
924,1965-09-01,152.459190321658,56.75955413038149,137.095806306879,152.459190321658,152.459190321658,-55.06953932484372,-55.06953932484372,-55.06953932484372,-55.06953932484372,-55.06953932484372,-55.06953932484372,0.0,0.0,0.0,97.3896509968143
925,1965-09-02,152.3190638461974,55.445507251394936,139.28763054637685,152.3190638461974,152.3190638461974,-54.87804139249368,-54.87804139249368,-54.87804139249368,-54.87804139249368,-54.87804139249368,-54.87804139249368,0.0,0.0,0.0,97.44102245370371
926,1965-09-03,152.17893737073675,55.70041793911695,136.57298660390182,152.17893737073675,152.17893737073675,-54.687019361326534,-54.687019361326534,-54.687019361326534,-54.687019361326534,-54.687019361326534,-54.687019361326534,0.0,0.0,0.0,97.49191800941021
927,1965-09-07,151.6184314688942,54.14385813039773,139.2874664731478,151.6184314688942,151.6184314688942,-53.92774647855348,-53.92774647855348,-53.92774647855348,-53.92774647855348,-53.92774647855348,-53.92774647855348,0.0,0.0,0.0,97.69068499034071
928,1965-09-08,151.47830499343354,55.88887466924513,134.8029022039336,151.47830499343354,151.47830499343354,-53.73914602128146,-53.73914602128146,-53.73914602128146,-53.73914602128146,-53.73914602128146,-53.73914602128146,0.0,0.0,0.0,97.73915897215208
929,1965-09-09,151.33817851797292,54.08973283571526,137.17407184610633,151.33817851797292,151.33817851797292,-53.5510382082317,-53.5510382082317,-53.5510382082317,-53.5510382082317,-53.5510382082317,-53.5510382082317,0.0,0.0,0.0,97.78714030974122
930,1965-09-10,151.19805204251227,53.478037719896335,138.57377208998642,151.19805204251227,151.19805204251227,-53.36342578742123,-53.36342578742123,-53.36342578742123,-53.36342578742123,-53.36342578742123,-53.36342578742123,0.0,0.0,0.0,97.83462625509105
931,1965-09-13,150.7776726161304,61.07098155370072,140.45081965133318,150.7776726161304,150.7776726161304,-52.803588172469624,-52.803588172469624,-52.803588172469624,-52.803588172469624,-52.803588172469624,-52.803588172469624,0.0,0.0,0.0,97.97408444366076
932,1965-09-14,150.63754614066977,56.260700730249376,138.88354197428788,150.63754614066977,150.63754614066977,-52.617984552011634,-52.617984552011634,-52.617984552011634,-52.617984552011634,-52.617984552011634,-52.617984552011634,0.0,0.0,0.0,98.01956158865814
933,1965-09-15,150.49741966520912,56.77075786913461,139.09136631819675,150.49741966520912,150.49741966520912,-52.43288987654145,-52.43288987654145,-52.43288987654145,-52.43288987654145,-52.43288987654145,-52.43288987654145,0.0,0.0,0.0,98.06452978866767
934,1965-09-16,150.3572931897485,53.76640746637744,138.81686008826114,150.3572931897485,150.3572931897485,-52.24830681854041,-52.24830681854041,-52.24830681854041,-52.24830681854041,-52.24830681854041,-52.24830681854041,0.0,0.0,0.0,98.10898637120809
935,1965-09-17,150.21716671428786,56.17910061346882,137.9106798305589,150.21716671428788,150.21716671428788,-52.06423803760246,-52.06423803760246,-52.06423803760246,-52.06423803760246,-52.06423803760246,-52.06423803760246,0.0,0.0,0.0,98.1529286766854
936,1965-09-20,149.79678728790594,54.381871307017875,139.39782121610338,149.79678728790594,149.79678728790594,-51.51514375803191,-51.51514375803191,-51.51514375803191,-51.51514375803191,-51.51514375803191,-51.51514375803191,0.0,0.0,0.0,98.28164352987403
937,1965-09-21,149.65666081244535,56.68704631292482,137.8700093997852,149.65666081244535,149.65666081244535,-51.33315842060583,-51.33315842060583,-51.33315842060583,-51.33315842060583,-51.33315842060583,-51.33315842060583,0.0,0.0,0.0,98.32350239183953
938,1965-09-22,149.51653433698468,56.42845459863311,142.16485030948462,149.51653433698468,149.51653433698468,-51.15170046197854,-51.15170046197854,-51.15170046197854,-51.15170046197854,-51.15170046197854,-51.15170046197854,0.0,0.0,0.0,98.36483387500613
939,1965-09-23,149.37640786152403,60.32216073117818,139.95248778652368,149.37640786152403,149.37640786152403,-50.97077246267324,-50.97077246267324,-50.97077246267324,-50.97077246267324,-50.97077246267324,-50.97077246267324,0.0,0.0,0.0,98.40563539885079
940,1965-09-24,149.2362813860634,56.43689436573575,141.41665362788925,149.2362813860634,149.2362813860634,-50.79037698974864,-50.79037698974864,-50.79037698974864,-50.79037698974864,-50.79037698974864,-50.79037698974864,0.0,0.0,0.0,98.44590439631477
941,1965-09-27,148.8159019596815,57.4559585473949,138.41473739676547,148.8159019596815,148.8159019596815,-50.252411196188206,-50.252411196188206,-50.252411196188206,-50.252411196188206,-50.252411196188206,-50.252411196188206,0.0,0.0,0.0,98.56349076349329
942,1965-09-28,148.67577548422088,59.5223713840354,137.91703149257754,148.67577548422088,148.67577548422088,-50.07417122727252,-50.07417122727252,-50.07417122727252,-50.07417122727252,-50.07417122727252,-50.07417122727252,0.0,0.0,0.0,98.60160425694835
943,1965-09-29,148.53564900876023,57.28174355141271,142.26358570462648,148.53564900876023,148.53564900876023,-49.89647641526092,-49.89647641526092,-49.89647641526092,-49.89647641526092,-49.89647641526092,-49.89647641526092,0.0,0.0,0.0,98.63917259349931
944,1965-09-30,148.3955225332996,56.11082519244441,138.6187010993551,148.3955225332996,148.3955225332996,-49.71932924475163,-49.71932924475163,-49.71932924475163,-49.71932924475163,-49.71932924475163,-49.71932924475163,0.0,0.0,0.0,98.67619328854798
945,1965-10-01,148.25539605783896,53.66410480459932,138.57997490896975,148.25539605783896,148.25539605783896,-49.542732186325296,-49.542732186325296,-49.542732186325296,-49.542732186325296,-49.542732186325296,-49.542732186325296,0.0,0.0,0.0,98.71266387151367
946,1965-10-04,147.83501663145708,56.36956541845538,140.29416051440458,147.83501663145708,147.83501663145708,-49.01626617747671,-49.01626617747671,-49.01626617747671,-49.01626617747671,-49.01626617747671,-49.01626617747671,0.0,0.0,0.0,98.81875045398037
947,1965-10-05,147.6948901559964,54.31301934236474,140.34670261901485,147.6948901559964,147.6948901559964,-48.84189399015868,-48.84189399015868,-48.84189399015868,-48.84189399015868,-48.84189399015868,-48.84189399015868,0.0,0.0,0.0,98.85299616583772
948,1965-10-06,147.5547636805358,58.46759788511145,142.61913155460078,147.5547636805358,147.5547636805358,-48.66808405489169,-48.66808405489169,-48.66808405489169,-48.66808405489169,-48.66808405489169,-48.66808405489169,0.0,0.0,0.0,98.88667962564412
949,1965-10-07,147.41463720507517,57.27685346185883,143.91838838117326,147.41463720507517,147.41463720507517,-48.49483875655497,-48.49483875655497,-48.49483875655497,-48.49483875655497,-48.49483875655497,-48.49483875655497,0.0,0.0,0.0,98.9197984485202
950,1965-10-08,147.27451072961452,55.91200488070299,139.86797495275883,147.27451072961452,147.27451072961452,-48.322160465482725,-48.322160465482725,-48.322160465482725,-48.322160465482725,-48.322160465482725,-48.322160465482725,0.0,0.0,0.0,98.9523502641318
951,1965-10-11,146.85413130323263,59.26781931757455,138.32356189394747,146.85413130323263,146.85413130323263,-47.80755111949015,-47.80755111949015,-47.80755111949015,-47.80755111949015,-47.80755111949015,-47.80755111949015,0.0,0.0,0.0,99.04658018374249
952,1965-10-12,146.71400482777196,60.37156287050409,142.8270136766575,146.71400482777196,146.71400482777196,-47.63716426737089,-47.63716426737089,-47.63716426737089,-47.63716426737089,-47.63716426737089,-47.63716426737089,0.0,0.0,0.0,99.07684056040107
953,1965-10-13,146.57387835231137,55.723751483183385,141.17481728001238,146.57387835231137,146.57387835231137,-47.4673560534707,-47.4673560534707,-47.4673560534707,-47.4673560534707,-47.4673560534707,-47.4673560534707,0.0,0.0,0.0,99.10652229884067
954,1965-10-14,146.4337518768507,58.008630861406516,142.71819362581346,146.4337518768507,146.4337518768507,-47.298128759335796,-47.298128759335796,-47.298128759335796,-47.298128759335796,-47.298128759335796,-47.298128759335796,0.0,0.0,0.0,99.1356231175149
955,1965-10-15,146.2936254013901,57.17209920197564,140.69231614759465,146.2936254013901,146.2936254013901,-47.12948465146608,-47.12948465146608,-47.12948465146608,-47.12948465146608,-47.12948465146608,-47.12948465146608,0.0,0.0,0.0,99.16414074992403
956,1965-10-18,145.87324597500816,58.88468207207652,138.56120695588842,145.87324597500816,145.87324597500816,-46.62707388329868,-46.62707388329868,-46.62707388329868,-46.62707388329868,-46.62707388329868,-46.62707388329868,0.0,0.0,0.0,99.24617209170948
957,1965-10-19,145.73311949954754,58.456129460934605,142.3413487849715,145.73311949954757,145.73311949954757,-46.46078488214468,-46.46078488214468,-46.46078488214468,-46.46078488214468,-46.46078488214468,-46.46078488214468,0.0,0.0,0.0,99.27233461740286
958,1965-10-20,145.5929930240869,57.2561652566626,141.01321901738572,145.5929930240869,145.5929930240869,-46.29509017165046,-46.29509017165046,-46.29509017165046,-46.29509017165046,-46.29509017165046,-46.29509017165046,0.0,0.0,0.0,99.29790285243644
959,1965-10-21,145.45286654862628,57.582438640786954,141.06376121052762,145.45286654862628,145.45286654862628,-46.12999192659907,-46.12999192659907,-46.12999192659907,-46.12999192659907,-46.12999192659907,-46.12999192659907,0.0,0.0,0.0,99.3228746220272
960,1965-10-22,145.31274007316563,56.38078413906273,136.48516680792835,145.31274007316563,145.31274007316563,-45.96549230625319,-45.96549230625319,-45.96549230625319,-45.96549230625319,-45.96549230625319,-45.96549230625319,0.0,0.0,0.0,99.34724776691243
961,1965-10-25,144.89236064678371,58.73807837347277,142.13265646678616,144.89236064678371,144.89236064678371,-45.475606551887644,-45.475606551887644,-45.475606551887644,-45.475606551887644,-45.475606551887644,-45.475606551887644,0.0,0.0,0.0,99.41675409489608
962,1965-10-26,144.7522341713231,59.12789524913124,140.64387792198056,144.7522341713231,144.7522341713231,-45.313522710288645,-45.313522710288645,-45.313522710288645,-45.313522710288645,-45.313522710288645,-45.313522710288645,0.0,0.0,0.0,99.43871146103444
963,1965-10-27,144.61210769586245,57.77168482638225,138.27196314306732,144.61210769586245,144.61210769586245,-45.152048054619684,-45.152048054619684,-45.152048054619684,-45.152048054619684,-45.152048054619684,-45.152048054619684,0.0,0.0,0.0,99.46005964124276
964,1965-10-28,144.47198122040183,57.653521818693356,142.0997318339517,144.47198122040183,144.47198122040183,-44.99118464966092,-44.99118464966092,-44.99118464966092,-44.99118464966092,-44.99118464966092,-44.99118464966092,0.0,0.0,0.0,99.4807965707409
965,1965-10-29,144.33185474494118,58.62531051568276,140.46600839216407,144.33185474494118,144.33185474494118,-44.83093454422471,-44.83093454422471,-44.83093454422471,-44.83093454422471,-44.83093454422471,-44.83093454422471,0.0,0.0,0.0,99.50092020071648
966,1965-11-01,143.9114753185593,54.037305488499,140.84643275201276,143.9114753185593,143.9114753185593,-44.353884272362485,-44.353884272362485,-44.353884272362485,-44.353884272362485,-44.353884272362485,-44.353884272362485,0.0,0.0,0.0,99.55759104619682
967,1965-11-03,143.63122236763803,57.06896566249692,141.67786589221984,143.63122236763803,143.63122236763803,-44.03895409283193,-44.03895409283193,-44.03895409283193,-44.03895409283193,-44.03895409283193,-44.03895409283193,0.0,0.0,0.0,99.5922682748061
968,1965-11-04,143.49109589217738,58.057925482309074,141.13022081005943,143.49109589217738,143.49109589217738,-43.88242590768804,-43.88242590768804,-43.88242590768804,-43.88242590768804,-43.88242590768804,-43.88242590768804,0.0,0.0,0.0,99.60866998448935
969,1965-11-05,143.35096941671677,60.781245087557394,143.4457013848033,143.35096941671677,143.35096941671677,-43.72652491154541,-43.72652491154541,-43.72652491154541,-43.72652491154541,-43.72652491154541,-43.72652491154541,0.0,0.0,0.0,99.62444450517135
970,1965-11-08,142.93058999033485,56.34949160253622,142.37666438252174,142.93058999033485,142.93058999033485,-43.26260416354859,-43.26260416354859,-43.26260416354859,-43.26260416354859,-43.26260416354859,-43.26260416354859,0.0,0.0,0.0,99.66798582678626
971,1965-11-09,142.79046351487423,55.699403353342696,137.67736707292474,142.79046351487423,142.79046351487423,-43.10923094710108,-43.10923094710108,-43.10923094710108,-43.10923094710108,-43.10923094710108,-43.10923094710108,0.0,0.0,0.0,99.68123256777315
972,1965-11-10,142.65033703941359,59.175254061435886,139.3700011402102,142.65033703941359,142.65033703941359,-42.9564943485713,-42.9564943485713,-42.9564943485713,-42.9564943485713,-42.9564943485713,-42.9564943485713,0.0,0.0,0.0,99.69384269084229
973,1965-11-11,142.5102105639529,59.39366101187303,142.7088019536484,142.5102105639529,142.5102105639529,-42.80439620379183,-42.80439620379183,-42.80439620379183,-42.80439620379183,-42.80439620379183,-42.80439620379183,0.0,0.0,0.0,99.70581436016107
974,1965-11-12,142.3700840884923,58.71424632509284,137.56736035524153,142.3700840884923,142.3700840884923,-42.652938331817545,-42.652938331817545,-42.652938331817545,-42.652938331817545,-42.652938331817545,-42.652938331817545,0.0,0.0,0.0,99.71714575667474
975,1965-11-15,141.94970466211038,57.477295992012756,142.28181501219748,141.94970466211038,141.94970466211038,-42.2024242904921,-42.2024242904921,-42.2024242904921,-42.2024242904921,-42.2024242904921,-42.2024242904921,0.0,0.0,0.0,99.74728037161827
976,1965-11-16,141.80957818664976,57.59572363188143,142.6462904231219,141.80957818664976,141.80957818664976,-42.05354536287685,-42.05354536287685,-42.05354536287685,-42.05354536287685,-42.05354536287685,-42.05354536287685,0.0,0.0,0.0,99.75603282377291
977,1965-11-17,141.6694517111891,58.6155915230473,141.50422950654334,141.6694517111891,141.6694517111891,-41.90531554982732,-41.90531554982732,-41.90531554982732,-41.90531554982732,-41.90531554982732,-41.90531554982732,0.0,0.0,0.0,99.76413616136179
978,1965-11-18,141.5293252357285,58.3391923629078,143.05545723827132,141.5293252357285,141.5293252357285,-41.757736568631316,-41.757736568631316,-41.757736568631316,-41.757736568631316,-41.757736568631316,-41.757736568631316,0.0,0.0,0.0,99.77158866709718
979,1965-11-19,141.38919876026785,57.8493830816183,139.9927882651356,141.38919876026785,141.38919876026785,-41.61081011943754,-41.61081011943754,-41.61081011943754,-41.61081011943754,-41.61081011943754,-41.61081011943754,0.0,0.0,0.0,99.77838864083031
980,1965-11-22,140.96881933388596,59.47452747154927,142.36328875470093,140.96881933388596,140.96881933388596,-41.17396270724154,-41.17396270724154,-41.17396270724154,-41.17396270724154,-41.17396270724154,-41.17396270724154,0.0,0.0,0.0,99.79485662664442
981,1965-11-23,140.8286928584253,62.00446181641669,140.3010380149367,140.8286928584253,140.8286928584253,-41.02966304305223,-41.02966304305223,-41.02966304305223,-41.02966304305223,-41.02966304305223,-41.02966304305223,0.0,0.0,0.0,99.79902981537307
982,1965-11-24,140.6885663829647,57.2870869952156,138.6146238333571,140.6885663829647,140.6885663829647,-40.88602415282072,-40.88602415282072,-40.88602415282072,-40.88602415282072,-40.88602415282072,-40.88602415282072,0.0,0.0,0.0,99.80254223014398
983,1965-11-26,140.40831343204343,61.740973639282316,142.20992734112323,140.40831343204343,140.40831343204343,-40.60073506196676,-40.60073506196676,-40.60073506196676,-40.60073506196676,-40.60073506196676,-40.60073506196676,0.0,0.0,0.0,99.80757837007667
984,1965-11-29,139.98793400566154,55.0707349099715,139.77453125021825,139.98793400566154,139.98793400566154,-40.17779656916302,-40.17779656916302,-40.17779656916302,-40.17779656916302,-40.17779656916302,-40.17779656916302,0.0,0.0,0.0,99.81013743649852
985,1965-11-30,139.8478075302009,61.074793570718995,141.61155956769412,139.8478075302009,139.8478075302009,-40.03815523196723,-40.03815523196723,-40.03815523196723,-40.03815523196723,-40.03815523196723,-40.03815523196723,0.0,0.0,0.0,99.80965229823366
986,1965-12-01,139.70768105474028,57.43919583380892,142.75414465134463,139.70768105474028,139.70768105474028,-39.89918547439791,-39.89918547439791,-39.89918547439791,-39.89918547439791,-39.89918547439791,-39.89918547439791,0.0,0.0,0.0,99.80849558034237
987,1965-12-02,139.5675545792796,54.48984270336954,141.50755313311078,139.5675545792796,139.5675545792796,-39.76088876953672,-39.76088876953672,-39.76088876953672,-39.76088876953672,-39.76088876953672,-39.76088876953672,0.0,0.0,0.0,99.80666580974288
988,1965-12-03,139.427428103819,60.30598057223077,142.274465867238,139.427428103819,139.427428103819,-39.623266572692884,-39.623266572692884,-39.623266572692884,-39.623266572692884,-39.623266572692884,-39.623266572692884,0.0,0.0,0.0,99.80416153112613
989,1965-12-06,139.00704867743707,56.859206389273886,139.57802034645826,139.00704867743707,139.00704867743707,-39.21446131591395,-39.21446131591395,-39.21446131591395,-39.21446131591395,-39.21446131591395,-39.21446131591395,0.0,0.0,0.0,99.79258736152312
990,1965-12-07,138.86692220197645,59.20354972591281,142.0414346996703,138.86692220197645,138.86692220197645,-39.07955134736295,-39.07955134736295,-39.07955134736295,-39.07955134736295,-39.07955134736295,-39.07955134736295,0.0,0.0,0.0,99.7873708546135
991,1965-12-08,138.7267957265158,61.22991387108397,142.31207583821418,138.7267957265158,138.7267957265158,-38.9453228953803,-38.9453228953803,-38.9453228953803,-38.9453228953803,-38.9453228953803,-38.9453228953803,0.0,0.0,0.0,99.7814728311355
992,1965-12-09,138.58666925105518,61.002193595744885,139.86236414455234,138.58666925105518,138.58666925105518,-38.81177730780587,-38.81177730780587,-38.81177730780587,-38.81177730780587,-38.81177730780587,-38.81177730780587,0.0,0.0,0.0,99.77489194324932
993,1965-12-10,138.44654277559454,58.62442849201075,141.31996668371792,138.44654277559454,138.44654277559454,-38.678915914434626,-38.678915914434626,-38.678915914434626,-38.678915914434626,-38.678915914434626,-38.678915914434626,0.0,0.0,0.0,99.76762686115991
994,1965-12-13,138.02616334921262,58.629193066045616,139.78419246596454,138.02616334921262,138.02616334921262,-38.284449926068476,-38.284449926068476,-38.284449926068476,-38.284449926068476,-38.284449926068476,-38.284449926068476,0.0,0.0,0.0,99.74171342314415
995,1965-12-14,137.886036873752,56.01367709018431,142.1161559263255,137.886036873752,137.886036873752,-38.15433824531618,-38.15433824531618,-38.15433824531618,-38.15433824531618,-38.15433824531618,-38.15433824531618,0.0,0.0,0.0,99.73169862843582
996,1965-12-15,137.74591039829136,60.65352152468234,142.91887198217987,137.74591039829136,137.74591039829136,-38.024917135827614,-38.024917135827614,-38.024917135827614,-38.024917135827614,-38.024917135827614,-38.024917135827614,0.0,0.0,0.0,99.72099326246374
997,1965-12-16,137.60578392283074,57.97402408734511,142.5347954538603,137.60578392283074,137.60578392283074,-37.896187818390686,-37.896187818390686,-37.896187818390686,-37.896187818390686,-37.896187818390686,-37.896187818390686,0.0,0.0,0.0,99.70959610444005
998,1965-12-17,137.46565744737006,58.108226576535856,139.93366082557836,137.46565744737006,137.46565744737006,-37.76815149550785,-37.76815149550785,-37.76815149550785,-37.76815149550785,-37.76815149550785,-37.76815149550785,0.0,0.0,0.0,99.69750595186221
999,1965-12-20,137.0452780209882,61.02486039045374,140.13482068427726,137.0452780209882,137.0452780209882,-37.388212244260096,-37.388212244260096,-37.388212244260096,-37.388212244260096,-37.388212244260096,-37.388212244260096,0.0,0.0,0.0,99.6570657767281
1000,1965-12-21,136.90515154552753,60.172521837474164,140.69666317071778,136.90515154552753,136.90515154552753,-37.262959557804514,-37.262959557804514,-37.262959557804514,-37.262959557804514,-37.262959557804514,-37.262959557804514,0.0,0.0,0.0,99.64219198772301
1001,1965-12-22,136.7650250700669,55.594054628391675,143.3771808589601,136.7650250700669,136.7650250700669,-37.13840560303809,-37.13840560303809,-37.13840560303809,-37.13840560303809,-37.13840560303809,-37.13840560303809,0.0,0.0,0.0,99.62661946702883
1002,1965-12-23,136.62489859460626,58.65507139081165,141.49686241563532,136.62489859460626,136.62489859460626,-37.01455147210223,-37.01455147210223,-37.01455147210223,-37.01455147210223,-37.01455147210223,-37.01455147210223,0.0,0.0,0.0,99.61034712250404
1003,1965-12-27,136.06439269276373,59.48805528066816,139.18684123313398,136.06439269276373,136.06439269276373,-36.52615438157139,-36.52615438157139,-36.52615438157139,-36.52615438157139,-36.52615438157139,-36.52615438157139,0.0,0.0,0.0,99.53823831119234
1004,1965-12-28,135.92426621730309,58.565006270315514,142.37092911588812,135.92426621730309,135.92426621730309,-36.40581510361253,-36.40581510361253,-36.40581510361253,-36.40581510361253,-36.40581510361253,-36.40581510361253,0.0,0.0,0.0,99.51845111369056
1005,1965-12-29,135.78413974184247,59.877980385234814,141.8816515029645,135.78413974184247,135.78413974184247,-36.286181812983656,-36.286181812983656,-36.286181812983656,-36.286181812983656,-36.286181812983656,-36.286181812983656,0.0,0.0,0.0,99.49795792885881
1006,1965-12-30,135.6440132663818,58.61368315196785,144.4120973399063,135.6440132663818,135.6440132663818,-36.16725547180151,-36.16725547180151,-36.16725547180151,-36.16725547180151,-36.16725547180151,-36.16725547180151,0.0,0.0,0.0,99.47675779458028
1007,1965-12-31,135.5038867909212,58.56561870182372,140.24256130867906,135.5038867909212,135.5038867909212,-36.04903702350786,-36.04903702350786,-36.04903702350786,-36.04903702350786,-36.04903702350786,-36.04903702350786,0.0,0.0,0.0,99.45484976741335
1008,1966-01-03,135.08350736453932,57.29773275705001,140.01117479359692,135.08350736453932,135.08350736453932,-35.698638189773305,-35.698638189773305,-35.698638189773305,-35.698638189773305,-35.698638189773305,-35.698638189773305,0.0,0.0,0.0,99.38486917476601
1009,1966-01-04,134.94338088907867,55.43136905365921,142.42099227324437,134.94338088907867,134.94338088907867,-35.583260373161096,-35.583260373161096,-35.583260373161096,-35.583260373161096,-35.583260373161096,-35.583260373161096,0.0,0.0,0.0,99.36012051591757
1010,1966-01-05,134.80325441361805,57.57550750416888,140.73757255538163,134.80325441361805,134.80325441361805,-35.46859488573915,-35.46859488573915,-35.46859488573915,-35.46859488573915,-35.46859488573915,-35.46859488573915,0.0,0.0,0.0,99.3346595278789
1011,1966-01-06,134.66312793815737,58.315951052580516,146.16632312415192,134.66312793815737,134.66312793815737,-35.35464255843843,-35.35464255843843,-35.35464255843843,-35.35464255843843,-35.35464255843843,-35.35464255843843,0.0,0.0,0.0,99.30848537971895
1012,1966-01-07,134.52300146269678,59.52952536276976,142.23291717337648,134.52300146269678,134.52300146269678,-35.24140420336684,-35.24140420336684,-35.24140420336684,-35.24140420336684,-35.24140420336684,-35.24140420336684,0.0,0.0,0.0,99.28159725932994
1013,1966-01-10,134.1026220363149,54.67715778255217,137.8342325692503,134.1026220363149,134.1026220363149,-34.90598080987858,-34.90598080987858,-34.90598080987858,-34.90598080987858,-34.90598080987858,-34.90598080987858,0.0,0.0,0.0,99.19664122643633
1014,1966-01-11,133.96249556085422,56.92295468582232,141.74526265012273,133.96249556085422,133.96249556085422,-34.79560608770924,-34.79560608770924,-34.79560608770924,-34.79560608770924,-34.79560608770924,-34.79560608770924,0.0,0.0,0.0,99.16688947314498
1015,1966-01-12,133.82236908539363,56.052667403330524,139.20372102718474,133.82236908539363,133.82236908539363,-34.68594911533744,-34.68594911533744,-34.68594911533744,-34.68594911533744,-34.68594911533744,-34.68594911533744,0.0,0.0,0.0,99.13641997005618
1016,1966-01-13,133.68224260993296,57.368349415465566,138.50932503275834,133.68224260993296,133.68224260993296,-34.57701059156577,-34.57701059156577,-34.57701059156577,-34.57701059156577,-34.57701059156577,-34.57701059156577,0.0,0.0,0.0,99.10523201836719
1017,1966-01-14,133.5421161344723,55.67125547422742,141.62894970268437,133.5421161344723,133.5421161344723,-34.468791196257094,-34.468791196257094,-34.468791196257094,-34.468791196257094,-34.468791196257094,-34.468791196257094,0.0,0.0,0.0,99.07332493821522
1018,1966-01-17,133.12173670809042,57.20936920351453,139.30959747083946,133.12173670809042,133.12173670809042,-34.148454295347925,-34.148454295347925,-34.148454295347925,-34.148454295347925,-34.148454295347925,-34.148454295347925,0.0,0.0,0.0,98.97328241274249
1019,1966-01-18,132.98161023262978,57.743725018908044,140.44594489176401,132.98161023262978,132.98161023262978,-34.04311783324283,-34.04311783324283,-34.04311783324283,-34.04311783324283,-34.04311783324283,-34.04311783324283,0.0,0.0,0.0,98.93849239938694
1020,1966-01-19,132.84148375716916,59.97002482518908,140.57714453172377,132.84148375716916,132.84148375716916,-33.93850361434623,-33.93850361434623,-33.93850361434623,-33.93850361434623,-33.93850361434623,-33.93850361434623,0.0,0.0,0.0,98.90298014282293
1021,1966-01-20,132.7013572817085,55.54356653462556,142.8796795319098,132.7013572817085,132.7013572817085,-33.83461220460792,-33.83461220460792,-33.83461220460792,-33.83461220460792,-33.83461220460792,-33.83461220460792,0.0,0.0,0.0,98.86674507710059
1022,1966-01-21,132.5612308062479,57.14620245597259,138.29001443822003,132.5612308062479,132.5612308062479,-33.73144415095236,-33.73144415095236,-33.73144415095236,-33.73144415095236,-33.73144415095236,-33.73144415095236,0.0,0.0,0.0,98.82978665529552
1023,1966-01-24,132.14085137986598,58.02053636358459,140.52852198720336,132.14085137986598,132.14085137986598,-33.426285310148444,-33.426285310148444,-33.426285310148444,-33.426285310148444,-33.426285310148444,-33.426285310148444,0.0,0.0,0.0,98.71456606971753
1024,1966-01-25,132.00072490440536,56.574264797643,141.013652248345,132.00072490440536,132.00072490440536,-33.32601576923658,-33.32601576923658,-33.32601576923658,-33.32601576923658,-33.32601576923658,-33.32601576923658,0.0,0.0,0.0,98.67470913516878
1025,1966-01-26,131.86059842894468,56.056551879727614,138.5523087267988,131.86059842894468,131.86059842894468,-33.226472033333046,-33.226472033333046,-33.226472033333046,-33.226472033333046,-33.226472033333046,-33.226472033333046,0.0,0.0,0.0,98.63412639561164
1026,1966-01-27,131.7204719534841,58.02331925535569,142.41192601261196,131.7204719534841,131.7204719534841,-33.12765453502921,-33.12765453502921,-33.12765453502921,-33.12765453502921,-33.12765453502921,-33.12765453502921,0.0,0.0,0.0,98.59281741845489
1027,1966-01-28,131.58034547802342,59.56985683267618,142.53763696749476,131.58034547802342,131.58034547802342,-33.0295636878366,-33.0295636878366,-33.0295636878366,-33.0295636878366,-33.0295636878366,-33.0295636878366,0.0,0.0,0.0,98.55078179018682
1028,1966-01-31,131.1599660516415,56.3431226050612,142.57600292045134,131.1599660516415,131.1599660516415,-32.73965490173844,-32.73965490173844,-32.73965490173844,-32.73965490173844,-32.73965490173844,-32.73965490173844,0.0,0.0,0.0,98.42031114990306
1029,1966-02-01,131.01983957618089,54.469248398464465,140.7144441965405,131.01983957618089,131.01983957618089,-32.644474412339605,-32.644474412339605,-32.644474412339605,-32.644474412339605,-32.644474412339605,-32.644474412339605,0.0,0.0,0.0,98.37536516384128
1030,1966-02-02,130.87971310072024,53.541776075519394,138.12001434109115,130.87971310072024,130.87971310072024,-32.550022355251436,-32.550022355251436,-32.550022355251436,-32.550022355251436,-32.550022355251436,-32.550022355251436,0.0,0.0,0.0,98.32969074546881
1031,1966-02-03,130.73958662525962,59.28242303223396,139.13971022654314,130.73958662525962,130.73958662525962,-32.456299029418695,-32.456299029418695,-32.456299029418695,-32.456299029418695,-32.456299029418695,-32.456299029418695,0.0,0.0,0.0,98.28328759584093
1032,1966-02-04,130.59946014979897,55.39006384324716,141.04540747919674,130.59946014979897,130.59946014979897,-32.36330471468313,-32.36330471468313,-32.36330471468313,-32.36330471468313,-32.36330471468313,-32.36330471468313,0.0,0.0,0.0,98.23615543511585
1033,1966-02-07,130.1790807234171,55.89791128745031,140.8871106371265,130.1790807234171,130.1790807234171,-32.08869834891617,-32.08869834891617,-32.08869834891617,-32.08869834891617,-32.08869834891617,-32.08869834891617,0.0,0.0,0.0,98.09038237450092
1034,1966-02-08,130.03895424795644,54.37607657701997,140.54172135535262,130.03895424795644,130.03895424795644,-31.998622494907647,-31.998622494907647,-31.998622494907647,-31.998622494907647,-31.998622494907647,-31.998622494907647,0.0,0.0,0.0,98.04033175304879
1035,1966-02-09,129.89882777249582,59.41993638041633,138.30132170242558,129.89882777249582,129.89882777249582,-31.909276764650834,-31.909276764650834,-31.909276764650834,-31.909276764650834,-31.909276764650834,-31.909276764650834,0.0,0.0,0.0,97.989551007845
1036,1966-02-10,129.75870129703515,56.31495619523106,138.74908715351424,129.75870129703515,129.75870129703515,-31.820661323373457,-31.820661323373457,-31.820661323373457,-31.820661323373457,-31.820661323373457,-31.820661323373457,0.0,0.0,0.0,97.93803997366169
1037,1966-02-11,129.61857482157455,55.97657218452222,140.0892600292553,129.61857482157455,129.61857482157455,-31.732776317207527,-31.732776317207527,-31.732776317207527,-31.732776317207527,-31.732776317207527,-31.732776317207527,0.0,0.0,0.0,97.88579850436703
1038,1966-02-14,129.1981953951926,57.62109568267917,138.7168525508186,129.1981953951926,129.1981953951926,-31.47350508434466,-31.47350508434466,-31.47350508434466,-31.47350508434466,-31.47350508434466,-31.47350508434466,0.0,0.0,0.0,97.72469031084796
1039,1966-02-15,129.058068919732,55.70187452205971,138.04390723287014,129.058068919732,129.058068919732,-31.388542898171593,-31.388542898171593,-31.388542898171593,-31.388542898171593,-31.388542898171593,-31.388542898171593,0.0,0.0,0.0,97.6695260215604
1040,1966-02-16,128.9179424442714,57.022362424030845,139.4607005016742,128.9179424442714,128.9179424442714,-31.304311591483604,-31.304311591483604,-31.304311591483604,-31.304311591483604,-31.304311591483604,-31.304311591483604,0.0,0.0,0.0,97.6136308527878
1041,1966-02-17,128.77781596881073,57.95935762265191,136.87497488059702,128.77781596881073,128.77781596881073,-31.220811195936246,-31.220811195936246,-31.220811195936246,-31.220811195936246,-31.220811195936246,-31.220811195936246,0.0,0.0,0.0,97.55700477287448
1042,1966-02-18,128.63768949335014,55.100783077766785,137.378144834054,128.63768949335014,128.63768949335014,-31.13804172412788,-31.13804172412788,-31.13804172412788,-31.13804172412788,-31.13804172412788,-31.13804172412788,0.0,0.0,0.0,97.49964776922226
1043,1966-02-21,128.2173100669682,56.408742313205,137.60936558331605,128.2173100669682,128.2173100669682,-30.894118691431206,-30.894118691431206,-30.894118691431206,-30.894118691431206,-30.894118691431206,-30.894118691431206,0.0,0.0,0.0,97.323191375537
1044,1966-02-23,127.93705711604693,53.46711426340998,139.00866768389827,127.93705711604693,127.93705711604693,-30.735157329152823,-30.735157329152823,-30.735157329152823,-30.735157329152823,-30.735157329152823,-30.735157329152823,0.0,0.0,0.0,97.2018997868941
1045,1966-02-24,127.79693064058631,54.73614500815013,138.90291871979264,127.79693064058631,127.79693064058631,-30.656772598212864,-30.656772598212864,-30.656772598212864,-30.656772598212864,-30.656772598212864,-30.656772598212864,0.0,0.0,0.0,97.14015804237344
1046,1966-02-25,127.65680416512566,52.846019134711064,137.05497316085584,127.65680416512566,127.65680416512566,-30.579118346341335,-30.579118346341335,-30.579118346341335,-30.579118346341335,-30.579118346341335,-30.579118346341335,0.0,0.0,0.0,97.07768581878433
1047,1966-02-28,127.23642473874378,53.222820402052406,139.67403288348828,127.23642473874378,127.23642473874378,-30.350536975116317,-30.350536975116317,-30.350536975116317,-30.350536975116317,-30.350536975116317,-30.350536975116317,0.0,0.0,0.0,96.88588776362747
1048,1966-03-01,127.09629826328312,55.463014198969944,136.4327091431749,127.09629826328313,127.09629826328313,-30.275803054735228,-30.275803054735228,-30.275803054735228,-30.275803054735228,-30.275803054735228,-30.275803054735228,0.0,0.0,0.0,96.8204952085479
1049,1966-03-02,126.95617178782247,55.92927903273387,138.86475065882547,126.95617178782247,126.95617178782247,-30.20179872631818,-30.20179872631818,-30.20179872631818,-30.20179872631818,-30.20179872631818,-30.20179872631818,0.0,0.0,0.0,96.75437306150428
1050,1966-03-03,126.81604531236185,54.889702166940474,137.9332000647602,126.81604531236185,126.81604531236185,-30.128523755667707,-30.128523755667707,-30.128523755667707,-30.128523755667707,-30.128523755667707,-30.128523755667707,0.0,0.0,0.0,96.68752155669415
1051,1966-03-04,126.6759188369012,55.10107885898879,137.84347633284432,126.6759188369012,126.6759188369012,-30.05597788969682,-30.05597788969682,-30.05597788969682,-30.05597788969682,-30.05597788969682,-30.05597788969682,0.0,0.0,0.0,96.61994094720438
1052,1966-03-07,126.25553941051932,54.45162258626218,132.42927054661456,126.25553941051932,126.25553941051932,-29.842712105997887,-29.842712105997887,-29.842712105997887,-29.842712105997887,-29.842712105997887,-29.842712105997887,0.0,0.0,0.0,96.41282730452143
1053,1966-03-08,126.11541293505866,54.44147955060044,137.54904554936877,126.11541293505866,126.11541293505866,-29.77307975067384,-29.77307975067384,-29.77307975067384,-29.77307975067384,-29.77307975067384,-29.77307975067384,0.0,0.0,0.0,96.34233318438481
1054,1966-03-09,125.97528645959805,52.69647708409397,137.71001813971247,125.97528645959805,125.97528645959805,-29.704174951850273,-29.704174951850273,-29.704174951850273,-29.704174951850273,-29.704174951850273,-29.704174951850273,0.0,0.0,0.0,96.27111150774778
1055,1966-03-10,125.83515998413739,52.904547346562374,138.0796505576277,125.83515998413739,125.83515998413739,-29.635997343471352,-29.635997343471352,-29.635997343471352,-29.635997343471352,-29.635997343471352,-29.635997343471352,0.0,0.0,0.0,96.19916264066603
1056,1966-03-11,125.69503350867677,50.61013260560716,137.42507153448383,125.69503350867677,125.69503350867677,-29.568546540720302,-29.568546540720302,-29.568546540720302,-29.568546540720302,-29.568546540720302,-29.568546540720302,0.0,0.0,0.0,96.12648696795647
1057,1966-03-14,125.27465408229486,54.80477692941229,137.8955892910558,125.27465408229486,125.27465408229486,-29.370550837093617,-29.370550837093617,-29.370550837093617,-29.370550837093617,-29.370550837093617,-29.370550837093617,0.0,0.0,0.0,95.90410324520124
1058,1966-03-15,125.13452760683424,54.50777806260981,137.01547813637083,125.13452760683424,125.13452760683424,-29.30600303420827,-29.30600303420827,-29.30600303420827,-29.30600303420827,-29.30600303420827,-29.30600303420827,0.0,0.0,0.0,95.82852457262597
1059,1966-03-16,124.99440113137358,56.149950935786386,136.33330082212572,124.99440113137358,124.99440113137358,-29.242179832201856,-29.242179832201856,-29.242179832201856,-29.242179832201856,-29.242179832201856,-29.242179832201856,0.0,0.0,0.0,95.75222129917172
1060,1966-03-17,124.85427465591297,56.1045068640646,136.03113584559816,124.85427465591297,124.85427465591297,-29.17908073414973,-29.17908073414973,-29.17908073414973,-29.17908073414973,-29.17908073414973,-29.17908073414973,0.0,0.0,0.0,95.67519392176325
1061,1966-03-18,124.71414818045231,54.457637445489354,135.4336129576265,124.71414818045233,124.71414818045233,-29.116705224524523,-29.116705224524523,-29.116705224524523,-29.116705224524523,-29.116705224524523,-29.116705224524523,0.0,0.0,0.0,95.59744295592779
1062,1966-03-21,124.29376875407038,58.78589368089847,140.15792959673854,124.29376875407038,124.29376875407038,-28.93391479242209,-28.93391479242209,-28.93391479242209,-28.93391479242209,-28.93391479242209,-28.93391479242209,0.0,0.0,0.0,95.3598539616483
1063,1966-03-22,124.15364227860978,55.41207676247765,135.24559013220716,124.15364227860978,124.15364227860978,-28.874428110060187,-28.874428110060187,-28.874428110060187,-28.874428110060187,-28.874428110060187,-28.874428110060187,0.0,0.0,0.0,95.2792141685496
1064,1966-03-23,124.01351580314916,53.848950211329615,137.44551895041272,124.01351580314916,124.01351580314916,-28.81566216034043,-28.81566216034043,-28.81566216034043,-28.81566216034043,-28.81566216034043,-28.81566216034043,0.0,0.0,0.0,95.19785364280872
1065,1966-03-24,123.87338932768851,53.49769546901572,140.0120444733283,123.87338932768851,123.87338932768851,-28.7576163166635,-28.7576163166635,-28.7576163166635,-28.7576163166635,-28.7576163166635,-28.7576163166635,0.0,0.0,0.0,95.11577301102501
1066,1966-03-25,123.7332628522279,50.60449294682253,138.4046438790961,123.7332628522279,123.7332628522279,-28.700289934014297,-28.700289934014297,-28.700289934014297,-28.700289934014297,-28.700289934014297,-28.700289934014297,0.0,0.0,0.0,95.0329729182136
1067,1966-03-28,123.31288342584597,50.69707736708615,135.51495850568884,123.31288342584597,123.31288342584597,-28.532620826461734,-28.532620826461734,-28.532620826461734,-28.532620826461734,-28.532620826461734,-28.532620826461734,0.0,0.0,0.0,94.78026259938423
1068,1966-03-29,123.17275695038536,50.9068155831864,135.82655659993065,123.17275695038536,123.17275695038536,-28.478165470488523,-28.478165470488523,-28.478165470488523,-28.478165470488523,-28.478165470488523,-28.478165470488523,0.0,0.0,0.0,94.69459147989684
1069,1966-03-30,123.03263047492474,52.06436457452273,134.79975746837505,123.03263047492473,123.03263047492473,-28.424426075269743,-28.424426075269743,-28.424426075269743,-28.424426075269743,-28.424426075269743,-28.424426075269743,0.0,0.0,0.0,94.608204399655
1070,1966-03-31,122.89250399946408,51.69239499561524,137.0288656247774,122.89250399946408,122.89250399946408,-28.37140188592675,-28.37140188592675,-28.37140188592675,-28.37140188592675,-28.37140188592675,-28.37140188592675,0.0,0.0,0.0,94.52110211353732
1071,1966-04-01,122.75237752400348,55.42201317078883,132.94530728425013,122.75237752400348,122.75237752400348,-28.31909212938064,-28.31909212938064,-28.31909212938064,-28.31909212938064,-28.31909212938064,-28.31909212938064,0.0,0.0,0.0,94.43328539462284
1072,1966-04-04,122.33199809762155,52.73199766988067,137.23357115090744,122.33199809762155,122.33199809762155,-28.166441453431222,-28.166441453431222,-28.166441453431222,-28.166441453431222,-28.166441453431222,-28.166441453431222,0.0,0.0,0.0,94.16555664419033
1073,1966-04-05,122.19187162216089,52.29369144904548,136.52072934537833,122.19187162216089,122.19187162216089,-28.116981334450646,-28.116981334450646,-28.116981334450646,-28.116981334450646,-28.116981334450646,-28.116981334450646,0.0,0.0,0.0,94.07489028771025
1074,1966-04-06,122.05174514670028,53.761537009494276,134.14211839491873,122.05174514670028,122.05174514670028,-28.068231511048058,-28.068231511048058,-28.068231511048058,-28.068231511048058,-28.068231511048058,-28.068231511048058,0.0,0.0,0.0,93.98351363565223
1075,1966-04-07,121.91161867123962,52.40033083588578,134.98718262315722,121.91161867123962,121.91161867123962,-28.020191101658142,-28.020191101658142,-28.020191101658142,-28.020191101658142,-28.020191101658142,-28.020191101658142,0.0,0.0,0.0,93.89142756958148
1076,1966-04-11,121.35111276939709,50.07229598170913,133.82815267776948,121.35111276939709,121.35111276939709,-27.835105345217716,-27.835105345217716,-27.835105345217716,-27.835105345217716,-27.835105345217716,-27.835105345217716,0.0,0.0,0.0,93.51600742417938
1077,1966-04-12,121.21098629393647,50.61301675200238,134.21749550133353,121.21098629393647,121.21098629393647,-27.790598155235582,-27.790598155235582,-27.790598155235582,-27.790598155235582,-27.790598155235582,-27.790598155235582,0.0,0.0,0.0,93.42038813870089
1078,1966-04-13,121.07085981847582,48.88231811263643,133.50638385088905,121.07085981847582,121.07085981847582,-27.746794714099092,-27.746794714099092,-27.746794714099092,-27.746794714099092,-27.746794714099092,-27.746794714099092,0.0,0.0,0.0,93.32406510437673
1079,1966-04-14,120.9307333430152,49.57000019684108,136.56088349421492,120.9307333430152,120.9307333430152,-27.703694015342958,-27.703694015342958,-27.703694015342958,-27.703694015342958,-27.703694015342958,-27.703694015342958,0.0,0.0,0.0,93.22703932767224
1080,1966-04-15,120.79060686755454,51.26879486074637,132.25946206351782,120.79060686755454,120.79060686755454,-27.661295034815772,-27.661295034815772,-27.661295034815772,-27.661295034815772,-27.661295034815772,-27.661295034815772,0.0,0.0,0.0,93.12931183273878
1081,1966-04-18,120.37022744117267,55.09603703510502,134.6636084106285,120.37022744117267,120.37022744117267,-27.538297896668464,-27.538297896668464,-27.538297896668464,-27.538297896668464,-27.538297896668464,-27.538297896668464,0.0,0.0,0.0,92.8319295445042
1082,1966-04-19,120.23010096571201,50.47077843973535,136.78538569092595,120.23010096571201,120.23010096571201,-27.49869519526743,-27.49869519526743,-27.49869519526743,-27.49869519526743,-27.49869519526743,-27.49869519526743,0.0,0.0,0.0,92.73140577044458
1083,1966-04-20,120.08997449025135,48.12183814536159,134.9695340923995,120.08997449025136,120.08997449025136,-27.459788827499246,-27.459788827499246,-27.459788827499246,-27.459788827499246,-27.459788827499246,-27.459788827499246,0.0,0.0,0.0,92.6301856627521
1084,1966-04-21,119.94984801479075,48.92877425864559,135.3146920725534,119.94984801479075,119.94984801479075,-27.42157766397409,-27.42157766397409,-27.42157766397409,-27.42157766397409,-27.42157766397409,-27.42157766397409,0.0,0.0,0.0,92.52827035081665
1085,1966-04-22,119.80972153933008,49.15526384447936,131.72004094833886,119.80972153933008,119.80972153933008,-27.38406055791373,-27.38406055791373,-27.38406055791373,-27.38406055791373,-27.38406055791373,-27.38406055791373,0.0,0.0,0.0,92.42566098141636
1086,1966-04-25,119.3893421129482,50.336299310408904,133.87452264317596,119.3893421129482,119.3893421129482,-27.2756618568518,-27.2756618568518,-27.2756618568518,-27.2756618568518,-27.2756618568518,-27.2756618568518,0.0,0.0,0.0,92.1136802560964
1087,1966-04-26,119.24921563748755,48.26723465002348,130.1279666353593,119.24921563748755,119.24921563748755,-27.240909166670527,-27.240909166670527,-27.240909166670527,-27.240909166670527,-27.240909166670527,-27.240909166670527,0.0,0.0,0.0,92.00830647081702
1088,1966-04-27,119.10908916202693,52.601561346734066,135.84694254656367,119.10908916202693,119.10908916202693,-27.20684454081532,-27.20684454081532,-27.20684454081532,-27.20684454081532,-27.20684454081532,-27.20684454081532,0.0,0.0,0.0,91.90224462121161
1089,1966-04-28,118.96896268656629,55.441136443307784,131.83201564297494,118.96896268656629,118.96896268656629,-27.17346672913238,-27.17346672913238,-27.17346672913238,-27.17346672913238,-27.17346672913238,-27.17346672913238,0.0,0.0,0.0,91.7954959574339
1090,1966-04-29,118.82883621110567,51.00070313019805,134.20647168979218,118.82883621110567,118.82883621110567,-27.140774464402806,-27.140774464402806,-27.140774464402806,-27.140774464402806,-27.140774464402806,-27.140774464402806,0.0,0.0,0.0,91.68806174670286
1091,1966-05-02,118.40845678472374,49.764988526702496,133.4760722457589,118.40845678472374,118.40845678472374,-27.04679802478647,-27.04679802478647,-27.04679802478647,-27.04679802478647,-27.04679802478647,-27.04679802478647,0.0,0.0,0.0,91.36165875993727
1092,1966-05-03,118.26833030926313,46.63066972982048,131.8097518554719,118.26833030926312,118.26833030926312,-27.01683493608016,-27.01683493608016,-27.01683493608016,-27.01683493608016,-27.01683493608016,-27.01683493608016,0.0,0.0,0.0,91.25149537318298
1093,1966-05-04,118.12820383380247,48.548551498105084,131.19150388688652,118.12820383380247,118.12820383380247,-26.98755080396411,-26.98755080396411,-26.98755080396411,-26.98755080396411,-26.98755080396411,-26.98755080396411,0.0,0.0,0.0,91.14065302983836
1094,1966-05-05,117.98807735834185,50.52488351786037,130.61941847437535,117.98807735834185,117.98807735834185,-26.958944259860647,-26.958944259860647,-26.958944259860647,-26.958944259860647,-26.958944259860647,-26.958944259860647,0.0,0.0,0.0,91.02913309848121
1095,1966-05-06,117.84795088288125,50.742491441251246,130.92944435737058,117.84795088288125,117.84795088288125,-26.93101391847572,-26.93101391847572,-26.93101391847572,-26.93101391847572,-26.93101391847572,-26.93101391847572,0.0,0.0,0.0,90.91693696440552
1096,1966-05-09,117.42757145649932,48.47944060048592,130.25477981183394,117.42757145649932,117.42757145649932,-26.851266008037456,-26.851266008037456,-26.851266008037456,-26.851266008037456,-26.851266008037456,-26.851266008037456,0.0,0.0,0.0,90.57630544846187
1097,1966-05-10,117.2874449810387,50.55295383434905,129.80212747625583,117.2874449810387,117.2874449810387,-26.826026292082414,-26.826026292082414,-26.826026292082414,-26.826026292082414,-26.826026292082414,-26.826026292082414,0.0,0.0,0.0,90.46141868895629
1098,1966-05-11,117.14731850557806,48.72869899691905,135.97239267696813,117.14731850557806,117.14731850557806,-26.801455603461015,-26.801455603461015,-26.801455603461015,-26.801455603461015,-26.801455603461015,-26.801455603461015,0.0,0.0,0.0,90.34586290211703
1099,1966-05-12,117.00719203011744,51.47666429590862,131.52252168487982,117.00719203011744,117.00719203011744,-26.77755245768649,-26.77755245768649,-26.77755245768649,-26.77755245768649,-26.77755245768649,-26.77755245768649,0.0,0.0,0.0,90.22963957243095
1100,1966-05-13,116.86706555465679,49.87065052846005,131.6006230194597,116.86706555465679,116.86706555465679,-26.75431535392897,-26.75431535392897,-26.75431535392897,-26.75431535392897,-26.75431535392897,-26.75431535392897,0.0,0.0,0.0,90.11275020072782
1101,1966-05-16,116.4466861282749,49.37204330599075,132.48061364266198,116.4466861282749,116.4466861282749,-26.68858504247503,-26.68858504247503,-26.68858504247503,-26.68858504247503,-26.68858504247503,-26.68858504247503,0.0,0.0,0.0,89.75810108579988
1102,1966-05-17,116.30655965281424,50.830879570500855,131.96822410187298,116.30655965281424,116.30655965281424,-26.667996773566664,-26.667996773566664,-26.667996773566664,-26.667996773566664,-26.667996773566664,-26.667996773566664,0.0,0.0,0.0,89.63856287924759
1103,1966-05-18,116.16643317735364,49.28589491044838,131.9244784114674,116.16643317735364,116.16643317735364,-26.648066799328873,-26.648066799328873,-26.648066799328873,-26.648066799328873,-26.648066799328873,-26.648066799328873,0.0,0.0,0.0,89.51836637802477
1104,1966-05-19,116.02630670189298,48.08140554368774,130.1847276213349,116.02630670189296,116.02630670189296,-26.62879352204984,-26.62879352204984,-26.62879352204984,-26.62879352204984,-26.62879352204984,-26.62879352204984,0.0,0.0,0.0,89.39751317984314
1105,1966-05-20,115.88618022643236,43.4442035511806,130.14794148319862,115.88618022643236,115.88618022643236,-26.610175328071612,-26.610175328071612,-26.610175328071612,-26.610175328071612,-26.610175328071612,-26.610175328071612,0.0,0.0,0.0,89.27600489836075
1106,1966-05-23,115.46580080005045,45.70421308329418,130.45538357915464,115.46580080005045,115.46580080005045,-26.558234871400515,-26.558234871400515,-26.558234871400515,-26.558234871400515,-26.558234871400515,-26.558234871400515,0.0,0.0,0.0,88.90756592864993
1107,1966-05-24,115.32567432458978,45.37764773569513,130.8203024947232,115.32567432458978,115.32567432458978,-26.542220557179636,-26.542220557179636,-26.542220557179636,-26.542220557179636,-26.542220557179636,-26.542220557179636,0.0,0.0,0.0,88.78345376741015
1108,1966-05-25,115.18554784912916,47.5918496176881,130.6480707976679,115.18554784912916,115.18554784912916,-26.526853020841802,-26.526853020841802,-26.526853020841802,-26.526853020841802,-26.526853020841802,-26.526853020841802,0.0,0.0,0.0,88.65869482828737
1109,1966-05-26,115.04542137366852,44.44608607285791,129.05417709738379,115.04542137366852,115.04542137366852,-26.512130554297773,-26.512130554297773,-26.512130554297773,-26.512130554297773,-26.512130554297773,-26.512130554297773,0.0,0.0,0.0,88.53329081937075
1110,1966-05-27,114.9052948982079,48.406624621500114,127.28540267018893,114.9052948982079,114.9052948982079,-26.498051433931874,-26.498051433931874,-26.498051433931874,-26.498051433931874,-26.498051433931874,-26.498051433931874,0.0,0.0,0.0,88.40724346427602
1111,1966-05-31,114.34478899636537,50.54663357919656,129.92829016799706,114.34478899636537,114.34478899636537,-26.448133401979256,-26.448133401979256,-26.448133401979256,-26.448133401979256,-26.448133401979256,-26.448133401979256,0.0,0.0,0.0,87.89665559438612
1112,1966-06-01,114.2046625209047,45.147577940041536,127.68308739875988,114.2046625209047,114.2046625209047,-26.437244619190178,-26.437244619190178,-26.437244619190178,-26.437244619190178,-26.437244619190178,-26.437244619190178,0.0,0.0,0.0,87.76741790171452
1113,1966-06-02,114.0645360454441,49.140603438770576,132.00890781828733,114.0645360454441,114.0645360454441,-26.426988518319483,-26.426988518319483,-26.426988518319483,-26.426988518319483,-26.426988518319483,-26.426988518319483,0.0,0.0,0.0,87.63754752712461
1114,1966-06-03,113.92440956998344,44.191158669891486,128.1238176608902,113.92440956998344,113.92440956998344,-26.41736326882079,-26.41736326882079,-26.41736326882079,-26.41736326882079,-26.41736326882079,-26.41736326882079,0.0,0.0,0.0,87.50704630116265
1115,1966-06-06,113.50403014360151,45.691767358643986,127.99719804243958,113.50403014360151,113.50403014360151,-26.392254098187813,-26.392254098187813,-26.392254098187813,-26.392254098187813,-26.392254098187813,-26.392254098187813,0.0,0.0,0.0,87.1117760454137
1116,1966-06-07,113.3639036681409,46.47068426177227,126.24506361035957,113.3639036681409,113.3639036681409,-26.385133649298755,-26.385133649298755,-26.385133649298755,-26.385133649298755,-26.385133649298755,-26.385133649298755,0.0,0.0,0.0,86.97877001884216
1117,1966-06-08,113.22377719268025,44.05974983539102,130.35213820395623,113.22377719268025,113.22377719268025,-26.378634675064543,-26.378634675064543,-26.378634675064543,-26.378634675064543,-26.378634675064543,-26.378634675064543,0.0,0.0,0.0,86.8451425176157
1118,1966-06-09,113.08365071721963,48.1453087108229,129.80564092194183,113.08365071721963,113.08365071721963,-26.372755255807522,-26.372755255807522,-26.372755255807522,-26.372755255807522,-26.372755255807522,-26.372755255807522,0.0,0.0,0.0,86.71089546141211
1119,1966-06-10,112.94352424175898,45.819755642310604,128.55874560491594,112.94352424175898,112.94352424175898,-26.367493457228388,-26.367493457228388,-26.367493457228388,-26.367493457228388,-26.367493457228388,-26.367493457228388,0.0,0.0,0.0,86.57603078453059
1120,1966-06-13,112.5231448153771,43.660739325314175,131.7121018897597,112.5231448153771,112.5231448153771,-26.35539422466445,-26.35539422466445,-26.35539422466445,-26.35539422466445,-26.35539422466445,-26.35539422466445,0.0,0.0,0.0,86.16775059071264
1121,1966-06-14,112.57489733148955,44.37577504001478,126.89085130831543,112.57489733148955,112.57489733148955,-26.35258327574905,-26.35258327574905,-26.35258327574905,-26.35258327574905,-26.35258327574905,-26.35258327574905,0.0,0.0,0.0,86.2223140557405
1122,1966-06-15,112.626649847602,45.1656710572718,127.16627602744671,112.626649847602,112.626649847602,-26.35038005907523,-26.35038005907523,-26.35038005907523,-26.35038005907523,-26.35038005907523,-26.35038005907523,0.0,0.0,0.0,86.27626978852676
1123,1966-06-16,112.67840236371445,45.727187902202324,125.00171389556886,112.67840236371445,112.67840236371445,-26.34878255405093,-26.34878255405093,-26.34878255405093,-26.34878255405093,-26.34878255405093,-26.34878255405093,0.0,0.0,0.0,86.32961980966353
1124,1966-06-17,112.73015487982688,47.065191991237576,125.15633445584656,112.73015487982688,112.73015487982688,-26.34778872594548,-26.34778872594548,-26.34778872594548,-26.34778872594548,-26.34778872594548,-26.34778872594548,0.0,0.0,0.0,86.3823661538814
1125,1966-06-20,112.88541242816422,45.57400410798798,127.95443670234602,112.88541242816422,112.88541242816422,-26.348408745239773,-26.348408745239773,-26.348408745239773,-26.348408745239773,-26.348408745239773,-26.348408745239773,0.0,0.0,0.0,86.53700368292445
1126,1966-06-21,112.93716494427666,44.80943578819736,126.92253660579932,112.93716494427666,112.93716494427666,-26.34980899720793,-26.34980899720793,-26.34980899720793,-26.34980899720793,-26.34980899720793,-26.34980899720793,0.0,0.0,0.0,86.58735594706873
1127,1966-06-22,112.98891746038912,45.35853372372922,128.84231868501945,112.98891746038912,112.98891746038912,-26.351802542845686,-26.351802542845686,-26.351802542845686,-26.351802542845686,-26.351802542845686,-26.351802542845686,0.0,0.0,0.0,86.63711491754343
1128,1966-06-23,113.04066997650155,47.30553934578442,126.43634670402652,113.04066997650155,113.04066997650155,-26.354387264086427,-26.354387264086427,-26.354387264086427,-26.354387264086427,-26.354387264086427,-26.354387264086427,0.0,0.0,0.0,86.68628271241512
1129,1966-06-24,113.09242249261399,48.08708401035704,129.7428602368455,113.09242249261399,113.09242249261399,-26.35756102922725,-26.35756102922725,-26.35756102922725,-26.35756102922725,-26.35756102922725,-26.35756102922725,0.0,0.0,0.0,86.73486146338675
1130,1966-06-27,113.24768004095132,44.72912311143191,129.89035039400994,113.24768004095132,113.24768004095132,-26.370595068015447,-26.370595068015447,-26.370595068015447,-26.370595068015447,-26.370595068015447,-26.370595068015447,0.0,0.0,0.0,86.87708497293588
1131,1966-06-28,113.29943255706377,41.8646724246447,131.25318058966764,113.29943255706377,113.29943255706377,-26.37610342157113,-26.37610342157113,-26.37610342157113,-26.37610342157113,-26.37610342157113,-26.37610342157113,0.0,0.0,0.0,86.92332913549264
1132,1966-06-29,113.35118507317623,46.15626734255361,127.98166801574288,113.35118507317623,113.35118507317623,-26.382189958543535,-26.382189958543535,-26.382189958543535,-26.382189958543535,-26.382189958543535,-26.382189958543535,0.0,0.0,0.0,86.96899511463269
1133,1966-06-30,113.40293758928865,44.49383881081218,128.05138961439414,113.40293758928865,113.40293758928865,-26.388852466962966,-26.388852466962966,-26.388852466962966,-26.388852466962966,-26.388852466962966,-26.388852466962966,0.0,0.0,0.0,87.0140851223257
1134,1966-07-01,113.4546901054011,43.2727856972382,131.15599581818736,113.4546901054011,113.4546901054011,-26.39608872174382,-26.39608872174382,-26.39608872174382,-26.39608872174382,-26.39608872174382,-26.39608872174382,0.0,0.0,0.0,87.05860138365728
1135,1966-07-05,113.66170016985089,45.970492641519314,127.07430885122376,113.66170016985089,113.66170016985089,-26.43072624797,-26.43072624797,-26.43072624797,-26.43072624797,-26.43072624797,-26.43072624797,0.0,0.0,0.0,87.23097392188089
1136,1966-07-06,113.71345268596332,46.68210703396011,127.21376101348211,113.71345268596332,113.71345268596332,-26.440797404545116,-26.440797404545116,-26.440797404545116,-26.440797404545116,-26.440797404545116,-26.440797404545116,0.0,0.0,0.0,87.2726552814182
1137,1966-07-07,113.76520520207576,45.030464955700765,130.12467510775105,113.76520520207576,113.76520520207576,-26.451428685804373,-26.451428685804373,-26.451428685804373,-26.451428685804373,-26.451428685804373,-26.451428685804373,0.0,0.0,0.0,87.31377651627139
1138,1966-07-08,113.8169577181882,47.46908073640635,127.16811758305118,113.8169577181882,113.8169577181882,-26.4626177769928,-26.4626177769928,-26.4626177769928,-26.4626177769928,-26.4626177769928,-26.4626177769928,0.0,0.0,0.0,87.3543399411954
1139,1966-07-11,113.97221526652554,45.996146464924344,129.69365708059482,113.97221526652554,113.97221526652554,-26.499508575557112,-26.499508575557112,-26.499508575557112,-26.499508575557112,-26.499508575557112,-26.499508575557112,0.0,0.0,0.0,87.47270669096842
1140,1966-07-12,114.023967782638,45.374061755687265,127.78503119462412,114.023967782638,114.023967782638,-26.51290551009474,-26.51290551009474,-26.51290551009474,-26.51290551009474,-26.51290551009474,-26.51290551009474,0.0,0.0,0.0,87.51106227254326
1141,1966-07-13,114.07572029875043,45.26704405612729,128.4663325777162,114.07572029875043,114.07572029875043,-26.526848494863252,-26.526848494863252,-26.526848494863252,-26.526848494863252,-26.526848494863252,-26.526848494863252,0.0,0.0,0.0,87.54887180388718
1142,1966-07-14,114.12747281486287,47.86031765420847,128.92711414793936,114.12747281486287,114.12747281486287,-26.54133514129234,-26.54133514129234,-26.54133514129234,-26.54133514129234,-26.54133514129234,-26.54133514129234,0.0,0.0,0.0,87.58613767357053
1143,1966-07-15,114.1792253309753,46.49731895858821,128.78753920420849,114.1792253309753,114.1792253309753,-26.55636304878736,-26.55636304878736,-26.55636304878736,-26.55636304878736,-26.55636304878736,-26.55636304878736,0.0,0.0,0.0,87.62286228218794
1144,1966-07-18,114.33448287931266,44.5262377936109,126.1303693530708,114.33448287931266,114.33448287931266,-26.604670153051256,-26.604670153051256,-26.604670153051256,-26.604670153051256,-26.604670153051256,-26.604670153051256,0.0,0.0,0.0,87.7298127262614
1145,1966-07-19,114.38623539542509,44.62559538377582,130.8071235478999,114.38623539542509,114.38623539542509,-26.62183886120235,-26.62183886120235,-26.62183886120235,-26.62183886120235,-26.62183886120235,-26.62183886120235,0.0,0.0,0.0,87.76439653422274
1146,1966-07-20,114.43798791153753,45.7287613221776,132.9861595449539,114.43798791153753,114.43798791153753,-26.63953664990924,-26.63953664990924,-26.63953664990924,-26.63953664990924,-26.63953664990924,-26.63953664990924,0.0,0.0,0.0,87.79845126162829
1147,1966-07-21,114.48974042764998,43.15454796202591,132.60708072061337,114.48974042764998,114.48974042764998,-26.65776104813152,-26.65776104813152,-26.65776104813152,-26.65776104813152,-26.65776104813152,-26.65776104813152,0.0,0.0,0.0,87.83197937951846
1148,1966-07-22,114.5414929437624,47.97161179270988,132.95353572867157,114.5414929437624,114.5414929437624,-26.67650957337377,-26.67650957337377,-26.67650957337377,-26.67650957337377,-26.67650957337377,-26.67650957337377,0.0,0.0,0.0,87.86498337038864
1149,1966-07-25,114.69675049209977,44.446981699609566,127.5128489115034,114.69675049209977,114.69675049209977,-26.735874916173493,-26.735874916173493,-26.735874916173493,-26.735874916173493,-26.735874916173493,-26.735874916173493,0.0,0.0,0.0,87.96087557592628
1150,1966-07-26,114.7485030082122,48.693818004642424,130.38040588440143,114.7485030082122,114.7485030082122,-26.756694898332153,-26.756694898332153,-26.756694898332153,-26.756694898332153,-26.756694898332153,-26.756694898332153,0.0,0.0,0.0,87.99180810988004
1151,1966-07-27,114.80025552432464,43.459931799937536,129.79772858112378,114.80025552432464,114.80025552432464,-26.778026426104017,-26.778026426104017,-26.778026426104017,-26.778026426104017,-26.778026426104017,-26.778026426104017,0.0,0.0,0.0,88.02222909822062
1152,1966-07-28,114.85200804043707,44.35171830968806,129.30166179263227,114.85200804043707,114.85200804043707,-26.799866950004887,-26.799866950004887,-26.799866950004887,-26.799866950004887,-26.799866950004887,-26.799866950004887,0.0,0.0,0.0,88.05214109043219
1153,1966-07-29,114.90376055654953,48.50929418917329,130.61364175034245,114.90376055654953,114.90376055654953,-26.822213909678858,-26.822213909678858,-26.822213909678858,-26.822213909678858,-26.822213909678858,-26.822213909678858,0.0,0.0,0.0,88.08154664687066
1154,1966-08-01,115.05901810488686,49.626940475048784,128.52552799391842,115.05901810488686,115.05901810488686,-26.892267638473843,-26.892267638473843,-26.892267638473843,-26.892267638473843,-26.892267638473843,-26.892267638473843,0.0,0.0,0.0,88.16675046641302
1155,1966-08-02,115.1107706209993,46.92280983738919,130.32312217012156,115.1107706209993,115.1107706209993,-26.916614523200355,-26.916614523200355,-26.916614523200355,-26.916614523200355,-26.916614523200355,-26.916614523200355,0.0,0.0,0.0,88.19415609779895
1156,1966-08-03,115.16252313711175,48.409321213362894,127.69404683336468,115.16252313711175,115.16252313711175,-26.94145488180353,-26.94145488180353,-26.94145488180353,-26.94145488180353,-26.94145488180353,-26.94145488180353,0.0,0.0,0.0,88.22106825530821
1157,1966-08-04,115.21427565322418,50.11222532233339,128.1833372041155,115.21427565322418,115.21427565322418,-26.96678609047715,-26.96678609047715,-26.96678609047715,-26.96678609047715,-26.96678609047715,-26.96678609047715,0.0,0.0,0.0,88.24748956274703
1158,1966-08-05,115.26602816933662,49.20302532168571,128.201227436894,115.26602816933661,115.26602816933661,-26.99260551513887,-26.99260551513887,-26.99260551513887,-26.99260551513887,-26.99260551513887,-26.99260551513887,0.0,0.0,0.0,88.27342265419776
1159,1966-08-08,115.42128571767397,45.249626106592046,127.88209561695409,115.42128571767397,115.42128571767397,-27.072966591903864,-27.072966591903864,-27.072966591903864,-27.072966591903864,-27.072966591903864,-27.072966591903864,0.0,0.0,0.0,88.3483191257701
1160,1966-08-09,115.47303823378641,46.88650237583493,128.06147854537633,115.47303823378641,115.47303823378641,-27.100712337199422,-27.100712337199422,-27.100712337199422,-27.100712337199422,-27.100712337199422,-27.100712337199422,0.0,0.0,0.0,88.37232589658699
1161,1966-08-10,115.52479074989884,48.818201581037606,130.9327698097495,115.52479074989884,115.52479074989884,-27.128932976957945,-27.128932976957945,-27.128932976957945,-27.128932976957945,-27.128932976957945,-27.128932976957945,0.0,0.0,0.0,88.3958577729409
1162,1966-08-11,115.5765432660113,42.81816779224376,129.19682284292162,115.5765432660113,115.5765432660113,-27.15762581725959,-27.15762581725959,-27.15762581725959,-27.15762581725959,-27.15762581725959,-27.15762581725959,0.0,0.0,0.0,88.41891744875171
1163,1966-08-12,115.62829578212374,47.76573638412157,129.23445593691773,115.62829578212374,115.62829578212374,-27.186788154516606,-27.186788154516606,-27.186788154516606,-27.186788154516606,-27.186788154516606,-27.186788154516606,0.0,0.0,0.0,88.44150762760714
1164,1966-08-15,115.78355333046107,46.11605396180674,134.46240749652839,115.78355333046107,115.78355333046107,-27.27706496896807,-27.27706496896807,-27.27706496896807,-27.27706496896807,-27.27706496896807,-27.27706496896807,0.0,0.0,0.0,88.50648836149301
1165,1966-08-16,115.83530584657352,44.051959257860815,133.34433030319084,115.83530584657352,115.83530584657352,-27.30807806788686,-27.30807806788686,-27.30807806788686,-27.30807806788686,-27.30807806788686,-27.30807806788686,0.0,0.0,0.0,88.52722777868667
1166,1966-08-17,115.88705836268595,48.173143724528984,131.77236418479131,115.88705836268595,115.88705836268595,-27.33954700388254,-27.33954700388254,-27.33954700388254,-27.33954700388254,-27.33954700388254,-27.33954700388254,0.0,0.0,0.0,88.5475113588034
1167,1966-08-18,115.93881087879839,49.094635297948244,130.6082779619265,115.93881087879839,115.93881087879839,-27.371469017210163,-27.371469017210163,-27.371469017210163,-27.371469017210163,-27.371469017210163,-27.371469017210163,0.0,0.0,0.0,88.56734186158823
1168,1966-08-19,115.99056339491086,48.42498472338188,132.3592510676345,115.99056339491086,115.99056339491086,-27.403841339075704,-27.403841339075704,-27.403841339075704,-27.403841339075704,-27.403841339075704,-27.403841339075704,0.0,0.0,0.0,88.58672205583517
1169,1966-08-22,116.14582094324818,46.66898474459916,132.44786483336904,116.14582094324818,116.14582094324818,-27.503632334094092,-27.503632334094092,-27.503632334094092,-27.503632334094092,-27.503632334094092,-27.503632334094092,0.0,0.0,0.0,88.64218860915409
1170,1966-08-23,116.19757345936061,48.64527643671452,130.38678636166344,116.19757345936061,116.19757345936061,-27.53777802431101,-27.53777802431101,-27.53777802431101,-27.53777802431101,-27.53777802431101,-27.53777802431101,0.0,0.0,0.0,88.6597954350496
1171,1966-08-24,116.24932597547306,47.861630224047104,130.4477155404915,116.24932597547306,116.24932597547306,-27.572360046485247,-27.572360046485247,-27.572360046485247,-27.572360046485247,-27.572360046485247,-27.572360046485247,0.0,0.0,0.0,88.67696592898781
1172,1966-08-25,116.30107849158551,48.73409795370632,129.6290744442972,116.30107849158551,116.30107849158551,-27.607375579406952,-27.607375579406952,-27.607375579406952,-27.607375579406952,-27.607375579406952,-27.607375579406952,0.0,0.0,0.0,88.69370291217857
1173,1966-08-26,116.35283100769797,46.82096359601745,130.15892602596932,116.35283100769797,116.35283100769797,-27.642821793445425,-27.642821793445425,-27.642821793445425,-27.642821793445425,-27.642821793445425,-27.642821793445425,0.0,0.0,0.0,88.71000921425255
1174,1966-08-29,116.50808855603529,47.85437213402925,129.0072025001774,116.50808855603529,116.50808855603529,-27.751716101541323,-27.751716101541323,-27.751716101541323,-27.751716101541323,-27.751716101541323,-27.751716101541323,0.0,0.0,0.0,88.75637245449397
1175,1966-08-30,116.55984107214775,47.91648523646703,132.40142469432794,116.55984107214775,116.55984107214775,-27.788856578490904,-27.788856578490904,-27.788856578490904,-27.788856578490904,-27.788856578490904,-27.788856578490904,0.0,0.0,0.0,88.77098449365684
1176,1966-08-31,116.61159358826018,47.08539174926634,126.87765620460935,116.61159358826018,116.61159358826018,-27.826413465261957,-27.826413465261957,-27.826413465261957,-27.826413465261957,-27.826413465261957,-27.826413465261957,0.0,0.0,0.0,88.78518012299821
1177,1966-09-01,116.66334610437264,47.40793229772877,132.76046148851103,116.66334610437264,116.66334610437264,-27.864383883603754,-27.864383883603754,-27.864383883603754,-27.864383883603754,-27.864383883603754,-27.864383883603754,0.0,0.0,0.0,88.79896222076889
1178,1966-09-02,116.71509862048508,47.57697565923211,131.6825345611784,116.71509862048508,116.71509862048508,-27.90276494748146,-27.90276494748146,-27.90276494748146,-27.90276494748146,-27.90276494748146,-27.90276494748146,0.0,0.0,0.0,88.81233367300362
1179,1966-09-06,116.92210868493483,48.49960972959438,130.6374052742019,116.92210868493483,116.92210868493483,-28.060337670340935,-28.060337670340935,-28.060337670340935,-28.060337670340935,-28.060337670340935,-28.060337670340935,0.0,0.0,0.0,88.8617710145939
1180,1966-09-07,116.97386120104728,44.59211015398745,132.1689160671256,116.9738612010473,116.9738612010473,-28.100728405348022,-28.100728405348022,-28.100728405348022,-28.100728405348022,-28.100728405348022,-28.100728405348022,0.0,0.0,0.0,88.87313279569926
1181,1966-09-08,117.02561371715971,45.90429948868597,130.7764163910868,117.02561371715971,117.02561371715971,-28.14151231135277,-28.14151231135277,-28.14151231135277,-28.14151231135277,-28.14151231135277,-28.14151231135277,0.0,0.0,0.0,88.88410140580694
1182,1966-09-09,117.07736623327219,46.933034140959606,128.81438734605197,117.07736623327219,117.07736623327219,-28.182686450403455,-28.182686450403455,-28.182686450403455,-28.182686450403455,-28.182686450403455,-28.182686450403455,0.0,0.0,0.0,88.89467978286874
1183,1966-09-12,117.23262378160952,46.15701228276172,131.09199787670943,117.23262378160953,117.23262378160953,-28.308520781154723,-28.308520781154723,-28.308520781154723,-28.308520781154723,-28.308520781154723,-28.308520781154723,0.0,0.0,0.0,88.92410300045479
1184,1966-09-13,117.28437629772195,44.67847372506693,129.30900630199363,117.28437629772195,117.28437629772195,-28.351226333309505,-28.351226333309505,-28.351226333309505,-28.351226333309505,-28.351226333309505,-28.351226333309505,0.0,0.0,0.0,88.93314996441245
1185,1966-09-14,117.3361288138344,44.35867224247296,130.04337421290242,117.3361288138344,117.3361288138344,-28.394307324892214,-28.394307324892214,-28.394307324892214,-28.394307324892214,-28.394307324892214,-28.394307324892214,0.0,0.0,0.0,88.9418214889422
1186,1966-09-15,117.38788132994685,49.7564930465553,130.76054221975332,117.38788132994685,117.38788132994685,-28.437760777057782,-28.437760777057782,-28.437760777057782,-28.437760777057782,-28.437760777057782,-28.437760777057782,0.0,0.0,0.0,88.95012055288908
1187,1966-09-16,117.43963384605928,46.166618770868936,130.1542888026985,117.43963384605928,117.43963384605928,-28.48158370447114,-28.48158370447114,-28.48158370447114,-28.48158370447114,-28.48158370447114,-28.48158370447114,0.0,0.0,0.0,88.95805014158813
1188,1966-09-19,117.5948913943966,45.93222031540298,129.79262799341743,117.5948913943966,117.5948913943966,-28.615239389460317,-28.615239389460317,-28.615239389460317,-28.615239389460317,-28.615239389460317,-28.615239389460317,0.0,0.0,0.0,88.97965200493628
1189,1966-09-20,117.64664391050906,48.617805156282756,129.40382820435872,117.64664391050906,117.64664391050906,-28.66051023798554,-28.66051023798554,-28.66051023798554,-28.66051023798554,-28.66051023798554,-28.66051023798554,0.0,0.0,0.0,88.98613367252352
1190,1966-09-21,117.6983964266215,47.42650195340964,129.43454907166264,117.6983964266215,117.6983964266215,-28.70613554100505,-28.70613554100505,-28.70613554100505,-28.70613554100505,-28.70613554100505,-28.70613554100505,0.0,0.0,0.0,88.99226088561645
1191,1966-09-22,117.75014894273396,48.60047724485518,131.14490431352914,117.75014894273396,117.75014894273396,-28.752112276207647,-28.752112276207647,-28.752112276207647,-28.752112276207647,-28.752112276207647,-28.752112276207647,0.0,0.0,0.0,88.9980366665263
1192,1966-09-23,117.80190145884639,47.24576333815859,127.82325405009566,117.80190145884639,117.80190145884639,-28.798437415447463,-28.798437415447463,-28.798437415447463,-28.798437415447463,-28.798437415447463,-28.798437415447463,0.0,0.0,0.0,89.00346404339892
1193,1966-09-26,117.95715900718372,48.954386315846115,130.93893471906435,117.95715900718372,117.95715900718372,-28.93947289038665,-28.93947289038665,-28.93947289038665,-28.93947289038665,-28.93947289038665,-28.93947289038665,0.0,0.0,0.0,89.01768611679707
1194,1966-09-27,118.00891152329618,45.453838022451,130.13653964823598,118.00891152329618,118.00891152329618,-28.98716125091468,-28.98716125091468,-28.98716125091468,-28.98716125091468,-28.98716125091468,-28.98716125091468,0.0,0.0,0.0,89.0217502723815
1195,1966-09-28,118.06066403940862,48.344262058218675,128.79920287158438,118.06066403940862,118.06066403940862,-29.03518279052219,-29.03518279052219,-29.03518279052219,-29.03518279052219,-29.03518279052219,-29.03518279052219,0.0,0.0,0.0,89.02548124888644
1196,1966-09-29,118.11241655552105,49.8147681366634,129.9359122266945,118.11241655552105,118.11241655552105,-29.083534448031113,-29.083534448031113,-29.083534448031113,-29.083534448031113,-29.083534448031113,-29.083534448031113,0.0,0.0,0.0,89.02888210748993
1197,1966-09-30,118.1641690716335,47.16214353187935,128.60693264514995,118.1641690716335,118.1641690716335,-29.132213157087623,-29.132213157087623,-29.132213157087623,-29.132213157087623,-29.132213157087623,-29.132213157087623,0.0,0.0,0.0,89.03195591454588
1198,1966-10-03,118.31942661997083,49.67249449218759,129.06442838870043,118.31942661997083,118.31942661997083,-29.28018085435658,-29.28018085435658,-29.28018085435658,-29.28018085435658,-29.28018085435658,-29.28018085435658,0.0,0.0,0.0,89.03924576561425
1199,1966-10-04,118.37117913608327,50.28489105214113,134.9434410531676,118.37117913608327,118.37117913608327,-29.330137005861936,-29.330137005861936,-29.330137005861936,-29.330137005861936,-29.330137005861936,-29.330137005861936,0.0,0.0,0.0,89.04104213022134
1200,1966-10-05,118.42293165219573,46.44816707511925,134.67660580448438,118.42293165219573,118.42293165219573,-29.38040480281975,-29.38040480281975,-29.38040480281975,-29.38040480281975,-29.38040480281975,-29.38040480281975,0.0,0.0,0.0,89.04252684937597
1201,1966-10-06,118.47468416830816,50.11520552904768,130.8836575032148,118.47468416830816,118.47468416830816,-29.430981149807675,-29.430981149807675,-29.430981149807675,-29.430981149807675,-29.430981149807675,-29.430981149807675,0.0,0.0,0.0,89.04370301850048
1202,1966-10-07,118.5264366844206,48.36780964675775,130.58984166289113,118.5264366844206,118.5264366844206,-29.481862946889382,-29.481862946889382,-29.481862946889382,-29.481862946889382,-29.481862946889382,-29.481862946889382,0.0,0.0,0.0,89.04457373753122
1203,1966-10-10,118.68169423275793,48.61913893321826,132.09480782624928,118.68169423275793,118.68169423275793,-29.636309973619436,-29.636309973619436,-29.636309973619436,-29.636309973619436,-29.636309973619436,-29.636309973619436,0.0,0.0,0.0,89.0453842591385
1204,1966-10-11,118.73344674887039,49.44979912938739,128.2686393477176,118.73344674887039,118.73344674887039,-29.688382484756193,-29.688382484756193,-29.688382484756193,-29.688382484756193,-29.688382484756193,-29.688382484756193,0.0,0.0,0.0,89.0450642641142
1205,1966-10-12,118.78519926498282,48.04656952697466,131.72667404328055,118.78519926498282,118.78519926498282,-29.740744881916296,-29.740744881916296,-29.740744881916296,-29.740744881916296,-29.740744881916296,-29.740744881916296,0.0,0.0,0.0,89.04445438306652
1206,1966-10-13,118.83695178109527,49.193155023199026,129.9407608153555,118.83695178109527,118.83695178109527,-29.793394040070996,-29.793394040070996,-29.793394040070996,-29.793394040070996,-29.793394040070996,-29.793394040070996,0.0,0.0,0.0,89.04355774102427
1207,1966-10-14,118.8887042972077,49.746160337641925,131.02106570123738,118.8887042972077,118.8887042972077,-29.846326830341585,-29.846326830341585,-29.846326830341585,-29.846326830341585,-29.846326830341585,-29.846326830341585,0.0,0.0,0.0,89.04237746686611
1208,1966-10-17,119.04396184554504,48.59135738700574,129.87873499232495,119.04396184554504,119.04396184554504,-30.00679564929722,-30.00679564929722,-30.00679564929722,-30.00679564929722,-30.00679564929722,-30.00679564929722,0.0,0.0,0.0,89.03716619624782
1209,1966-10-18,119.0957143616575,44.41634934617911,128.8060955162538,119.0957143616575,119.0957143616575,-30.060831605556448,-30.060831605556448,-30.060831605556448,-30.060831605556448,-30.060831605556448,-30.060831605556448,0.0,0.0,0.0,89.03488275610106
1210,1966-10-19,119.14746687776993,46.51515995762901,132.64597726877014,119.14746687776993,119.14746687776993,-30.11513549510253,-30.11513549510253,-30.11513549510253,-30.11513549510253,-30.11513549510253,-30.11513549510253,0.0,0.0,0.0,89.0323313826674
1211,1966-10-20,119.19921939388237,44.974626768776055,129.26379319973387,119.19921939388237,119.19921939388237,-30.16970416794667,-30.16970416794667,-30.16970416794667,-30.16970416794667,-30.16970416794667,-30.16970416794667,0.0,0.0,0.0,89.02951522593571
1212,1966-10-21,119.2509719099948,47.6259786955766,130.34337704665782,119.2509719099948,119.2509719099948,-30.224534470913564,-30.224534470913564,-30.224534470913564,-30.224534470913564,-30.224534470913564,-30.224534470913564,0.0,0.0,0.0,89.02643743908123
1213,1966-10-24,119.40622945833216,49.239735416813225,129.22579771051403,119.40622945833216,119.40622945833216,-30.39056358299254,-30.39056358299254,-30.39056358299254,-30.39056358299254,-30.39056358299254,-30.39056358299254,0.0,0.0,0.0,89.01566587533962
1214,1966-10-25,119.45798197444459,47.05820778714965,130.06460956646404,119.45798197444459,119.45798197444459,-30.446408814287203,-30.446408814287203,-30.446408814287203,-30.446408814287203,-30.446408814287203,-30.446408814287203,0.0,0.0,0.0,89.01157316015738
1215,1966-10-26,119.50973449055704,46.087448470321675,131.24102668324576,119.50973449055704,119.50973449055704,-30.502499865349403,-30.502499865349403,-30.502499865349403,-30.502499865349403,-30.502499865349403,-30.502499865349403,0.0,0.0,0.0,89.00723462520763
1216,1966-10-27,119.56148700666947,49.50174064124498,129.8439473214774,119.56148700666947,119.56148700666947,-30.55883356587562,-30.55883356587562,-30.55883356587562,-30.55883356587562,-30.55883356587562,-30.55883356587562,0.0,0.0,0.0,89.00265344079385
1217,1966-10-28,119.61323952278191,44.122689040883934,132.1509921861371,119.61323952278191,119.61323952278191,-30.61540674303885,-30.61540674303885,-30.61540674303885,-30.61540674303885,-30.61540674303885,-30.61540674303885,0.0,0.0,0.0,88.99783277974306
1218,1966-10-31,119.76849707111927,43.761790600006634,130.32767679443913,119.76849707111927,119.76849707111927,-30.786531370219517,-30.786531370219517,-30.786531370219517,-30.786531370219517,-30.786531370219517,-30.786531370219517,0.0,0.0,0.0,88.98196570089975
1219,1966-11-01,119.8202495872317,47.069072349059596,130.89709582773594,119.8202495872317,119.8202495872317,-30.844030678507195,-30.844030678507195,-30.844030678507195,-30.844030678507195,-30.844030678507195,-30.844030678507195,0.0,0.0,0.0,88.9762189087245
1220,1966-11-02,119.87200210334414,44.45570772537592,130.17680703150486,119.87200210334414,119.87200210334414,-30.901753564758316,-30.901753564758316,-30.901753564758316,-30.901753564758316,-30.901753564758316,-30.901753564758316,0.0,0.0,0.0,88.97024853858582
1221,1966-11-03,119.92375461945657,49.0048521862582,134.77417717219328,119.92375461945657,119.92375461945657,-30.959696842991676,-30.959696842991676,-30.959696842991676,-30.959696842991676,-30.959696842991676,-30.959696842991676,0.0,0.0,0.0,88.9640577764649
1222,1966-11-04,119.97550713556903,50.47713616518316,130.34259047149666,119.97550713556903,119.97550713556903,-31.017857325364176,-31.017857325364176,-31.017857325364176,-31.017857325364176,-31.017857325364176,-31.017857325364176,0.0,0.0,0.0,88.95764981020486
1223,1966-11-07,120.13076468390636,45.381119074368605,130.06701650917,120.13076468390636,120.13076468390636,-31.193610092934758,-31.193610092934758,-31.193610092934758,-31.193610092934758,-31.193610092934758,-31.193610092934758,0.0,0.0,0.0,88.9371545909716
1224,1966-11-09,120.23426971613124,46.739120199966266,129.1924836540798,120.23426971613124,120.23426971613124,-31.311806106338782,-31.311806106338782,-31.311806106338782,-31.311806106338782,-31.311806106338782,-31.311806106338782,0.0,0.0,0.0,88.92246360979246
1225,1966-11-10,120.28602223224368,49.44739221630611,132.9072981214126,120.28602223224368,120.28602223224368,-31.371202776439876,-31.371202776439876,-31.371202776439876,-31.371202776439876,-31.371202776439876,-31.371202776439876,0.0,0.0,0.0,88.91481945580381
1226,1966-11-11,120.33777474835614,47.79817542058936,130.54693837274525,120.33777474835614,120.33777474835614,-31.430794291553244,-31.430794291553244,-31.430794291553244,-31.430794291553244,-31.430794291553244,-31.430794291553244,0.0,0.0,0.0,88.9069804568029
1227,1966-11-14,120.49303229669347,44.676364787771455,126.48272879212882,120.49303229669347,120.49303229669347,-31.610705908470795,-31.610705908470795,-31.610705908470795,-31.610705908470795,-31.610705908470795,-31.610705908470795,0.0,0.0,0.0,88.88232638822268
1228,1966-11-15,120.54478481280591,48.53346619789704,132.37330081415124,120.54478481280591,120.54478481280591,-31.671044800430384,-31.671044800430384,-31.671044800430384,-31.671044800430384,-31.671044800430384,-31.671044800430384,0.0,0.0,0.0,88.87374001237554
1229,1966-11-16,120.59653732891834,48.18322544310376,131.62516757743143,120.59653732891834,120.59653732891834,-31.73156253142161,-31.73156253142161,-31.73156253142161,-31.73156253142161,-31.73156253142161,-31.73156253142161,0.0,0.0,0.0,88.86497479749673
1230,1966-11-17,120.6482898450308,46.72635470129943,128.5892216546399,120.6482898450308,120.6482898450308,-31.792255897947708,-31.792255897947708,-31.792255897947708,-31.792255897947708,-31.792255897947708,-31.792255897947708,0.0,0.0,0.0,88.85603394708309
1231,1966-11-18,120.70004236114325,48.49661497078549,128.99267153416906,120.70004236114325,120.70004236114325,-31.853121695962788,-31.853121695962788,-31.853121695962788,-31.853121695962788,-31.853121695962788,-31.853121695962788,0.0,0.0,0.0,88.84692066518046
1232,1966-11-21,120.85529990948058,51.13875780635947,131.43789384102152,120.85529990948058,120.85529990948058,-32.03672163219962,-32.03672163219962,-32.03672163219962,-32.03672163219962,-32.03672163219962,-32.03672163219962,0.0,0.0,0.0,88.81857827728095
1233,1966-11-22,120.90705242559302,48.06272916989344,130.07085569443748,120.90705242559302,120.90705242559302,-32.09824510798423,-32.09824510798423,-32.09824510798423,-32.09824510798423,-32.09824510798423,-32.09824510798423,0.0,0.0,0.0,88.8088073176088
1234,1966-11-23,120.95880494170548,47.93606205472851,129.5697020211114,120.95880494170548,120.95880494170548,-32.15992499004517,-32.15992499004517,-32.15992499004517,-32.15992499004517,-32.15992499004517,-32.15992499004517,0.0,0.0,0.0,88.79887995166031
1235,1966-11-25,121.06230997393037,48.775254443530045,128.77154693128293,121.06230997393037,121.06230997393037,-32.28374115153639,-32.28374115153639,-32.28374115153639,-32.28374115153639,-32.28374115153639,-32.28374115153639,0.0,0.0,0.0,88.77856882239398
1236,1966-11-28,121.21756752226769,51.42415317749978,128.22203193778378,121.21756752226769,121.21756752226769,-32.470558311288414,-32.470558311288414,-32.470558311288414,-32.470558311288414,-32.470558311288414,-32.470558311288414,0.0,0.0,0.0,88.74700921097927
1237,1966-11-29,121.26932003838012,47.054677202159695,130.16408939428678,121.26932003838012,121.26932003838012,-32.533109324549834,-32.533109324549834,-32.533109324549834,-32.533109324549834,-32.533109324549834,-32.533109324549834,0.0,0.0,0.0,88.73621071383027
1238,1966-11-30,121.32107255449257,48.07620904640592,131.1615227744888,121.32107255449257,121.32107255449257,-32.59579431168547,-32.59579431168547,-32.59579431168547,-32.59579431168547,-32.59579431168547,-32.59579431168547,0.0,0.0,0.0,88.72527824280711
1239,1966-12-01,121.37282507060502,49.41616083397138,129.56689367564573,121.37282507060502,121.37282507060502,-32.658610069939236,-32.658610069939236,-32.658610069939236,-32.658610069939236,-32.658610069939236,-32.658610069939236,0.0,0.0,0.0,88.71421500066577
1240,1966-12-02,121.42457758671748,47.76064685286381,130.06509044203563,121.42457758671748,121.42457758671748,-32.72155339729829,-32.72155339729829,-32.72155339729829,-32.72155339729829,-32.72155339729829,-32.72155339729829,0.0,0.0,0.0,88.70302418941918
1241,1966-12-05,121.5798351350548,46.592391058994714,129.431857996947,121.5798351350548,121.5798351350548,-32.9111167869433,-32.9111167869433,-32.9111167869433,-32.9111167869433,-32.9111167869433,-32.9111167869433,0.0,0.0,0.0,88.6687183481115
1242,1966-12-06,121.63158765116725,50.618092567850674,127.91043532661227,121.63158765116725,121.63158765116725,-32.974538388651766,-32.974538388651766,-32.974538388651766,-32.974538388651766,-32.974538388651766,-32.974538388651766,0.0,0.0,0.0,88.65704926251549
1243,1966-12-07,121.68334016727968,47.05322022292949,131.35380002666892,121.68334016727968,121.68334016727968,-33.03807156373982,-33.03807156373982,-33.03807156373982,-33.03807156373982,-33.03807156373982,-33.03807156373982,0.0,0.0,0.0,88.64526860353986
1244,1966-12-08,121.73509268339214,49.3128979265915,129.94129972215887,121.73509268339214,121.73509268339214,-33.10171311656595,-33.10171311656595,-33.10171311656595,-33.10171311656595,-33.10171311656595,-33.10171311656595,0.0,0.0,0.0,88.63337956682619
1245,1966-12-09,121.78684519950458,48.371184899048046,128.063613697098,121.78684519950458,121.78684519950458,-33.16545985286767,-33.16545985286767,-33.16545985286767,-33.16545985286767,-33.16545985286767,-33.16545985286767,0.0,0.0,0.0,88.62138534663691
1246,1966-12-12,121.94210274784189,48.81923225089524,126.18768445446386,121.94210274784189,121.94210274784189,-33.35729924258238,-33.35729924258238,-33.35729924258238,-33.35729924258238,-33.35729924258238,-33.35729924258238,0.0,0.0,0.0,88.58480350525952
1247,1966-12-13,121.99385526395433,45.978101351670766,130.32921508316093,121.99385526395433,121.99385526395433,-33.421434800897835,-33.421434800897835,-33.421434800897835,-33.421434800897835,-33.421434800897835,-33.421434800897835,0.0,0.0,0.0,88.57242046305649
1248,1966-12-14,122.04560778006679,44.39400773096601,130.97544399611894,122.04560778006679,122.04560778006679,-33.4856595952143,-33.4856595952143,-33.4856595952143,-33.4856595952143,-33.4856595952143,-33.4856595952143,0.0,0.0,0.0,88.55994818485249
1249,1966-12-15,122.09736029617925,47.13573984987539,127.93570631630342,122.09736029617925,122.09736029617925,-33.54997044143192,-33.54997044143192,-33.54997044143192,-33.54997044143192,-33.54997044143192,-33.54997044143192,0.0,0.0,0.0,88.54738985474734
1250,1966-12-16,122.14911281229168,47.178417129598984,129.6638594138136,122.14911281229168,122.14911281229168,-33.61436415745749,-33.61436415745749,-33.61436415745749,-33.61436415745749,-33.61436415745749,-33.61436415745749,0.0,0.0,0.0,88.53474865483419
1251,1966-12-19,122.30437036062902,47.1786270223603,127.12499999421837,122.30437036062902,122.30437036062902,-33.80801073542046,-33.80801073542046,-33.80801073542046,-33.80801073542046,-33.80801073542046,-33.80801073542046,0.0,0.0,0.0,88.49635962520856
1252,1966-12-20,122.35612287674145,44.42278823189804,130.7234417239423,122.35612287674145,122.35612287674145,-33.8727041529923,-33.8727041529923,-33.8727041529923,-33.8727041529923,-33.8727041529923,-33.8727041529923,0.0,0.0,0.0,88.48341872374915
1253,1966-12-21,122.40787539285391,48.11886352772721,125.38086614280853,122.40787539285391,122.40787539285391,-33.9374645631147,-33.9374645631147,-33.9374645631147,-33.9374645631147,-33.9374645631147,-33.9374645631147,0.0,0.0,0.0,88.47041082973921
1254,1966-12-22,122.45962790896635,49.390173353583734,132.34233127364047,122.45962790896635,122.45962790896635,-34.00228879759616,-34.00228879759616,-34.00228879759616,-34.00228879759616,-34.00228879759616,-34.00228879759616,0.0,0.0,0.0,88.4573391113702
1255,1966-12-23,122.51138042507878,46.166297326810124,131.84570849504615,122.51138042507878,122.51138042507878,-34.067173690870305,-34.067173690870305,-34.067173690870305,-34.067173690870305,-34.067173690870305,-34.067173690870305,0.0,0.0,0.0,88.44420673420848
1256,1966-12-27,122.71839048952856,47.14744156261506,133.65150027798006,122.71839048952856,122.71839048952856,-34.32725663734708,-34.32725663734708,-34.32725663734708,-34.32725663734708,-34.32725663734708,-34.32725663734708,0.0,0.0,0.0,88.39113385218148
1257,1966-12-28,122.77014300564099,47.42479463150354,128.7674052975295,122.77014300564099,122.77014300564099,-34.39239743908878,-34.39239743908878,-34.39239743908878,-34.39239743908878,-34.39239743908878,-34.39239743908878,0.0,0.0,0.0,88.3777455665522
1258,1966-12-29,122.82189552175346,51.38124438190644,127.10449231316355,122.82189552175346,122.82189552175346,-34.45757996624205,-34.45757996624205,-34.45757996624205,-34.45757996624205,-34.45757996624205,-34.45757996624205,0.0,0.0,0.0,88.36431555551141
1259,1966-12-30,122.87364803786589,48.23992113716069,127.07086726231574,122.87364803786589,122.87364803786589,-34.52280107405639,-34.52280107405639,-34.52280107405639,-34.52280107405639,-34.52280107405639,-34.52280107405639,0.0,0.0,0.0,88.3508469638095
1260,1967-01-03,123.08065810231568,49.29640853386634,129.17042300890068,123.08065810231568,123.08065810231568,-34.78400853488893,-34.78400853488893,-34.78400853488893,-34.78400853488893,-34.78400853488893,-34.78400853488893,0.0,0.0,0.0,88.29664956742675
1261,1967-01-04,123.13241061842812,48.04682142698943,131.79369289107174,123.13241061842812,123.13241061842812,-34.84937549392525,-34.84937549392525,-34.84937549392525,-34.84937549392525,-34.84937549392525,-34.84937549392525,0.0,0.0,0.0,88.28303512450287
1262,1967-01-05,123.18416313454055,46.15632721198602,131.3689814702174,123.18416313454055,123.18416313454055,-34.91476223782056,-34.91476223782056,-34.91476223782056,-34.91476223782056,-34.91476223782056,-34.91476223782056,0.0,0.0,0.0,88.26940089671999
1263,1967-01-06,123.235915650653,45.63470263254967,129.20898994025114,123.235915650653,123.235915650653,-34.98016564685344,-34.98016564685344,-34.98016564685344,-34.98016564685344,-34.98016564685344,-34.98016564685344,0.0,0.0,0.0,88.25575000379956
1264,1967-01-09,123.39117319899034,46.663996797309,127.96648920332916,123.39117319899034,123.39117319899034,-35.176444726789796,-35.176444726789796,-35.176444726789796,-35.176444726789796,-35.176444726789796,-35.176444726789796,0.0,0.0,0.0,88.21472847220055
1265,1967-01-10,123.44292571510279,46.276520850206154,126.83121244542082,123.44292571510279,123.44292571510279,-35.24188367871522,-35.24188367871522,-35.24188367871522,-35.24188367871522,-35.24188367871522,-35.24188367871522,0.0,0.0,0.0,88.20104203638758
1266,1967-01-11,123.49467823121523,49.487842415346364,127.42834134358972,123.49467823121523,123.49467823121523,-35.30732375757172,-35.30732375757172,-35.30732375757172,-35.30732375757172,-35.30732375757172,-35.30732375757172,0.0,0.0,0.0,88.18735447364351
1267,1967-01-12,123.54643074732766,45.149864293116906,129.51897748688157,123.54643074732766,123.54643074732766,-35.37276186838354,-35.37276186838354,-35.37276186838354,-35.37276186838354,-35.37276186838354,-35.37276186838354,0.0,0.0,0.0,88.17366887894411
1268,1967-01-13,123.5981832634401,45.76632807437518,132.37905374424656,123.5981832634401,123.5981832634401,-35.438194920590064,-35.438194920590064,-35.438194920590064,-35.438194920590064,-35.438194920590064,-35.438194920590064,0.0,0.0,0.0,88.15998834285004
1269,1967-01-16,123.75344081177745,43.01760855680156,129.94174101691385,123.75344081177745,123.75344081177745,-35.63443288793952,-35.63443288793952,-35.63443288793952,-35.63443288793952,-35.63443288793952,-35.63443288793952,0.0,0.0,0.0,88.11900792383793
1270,1967-01-17,123.8051933278899,45.340614819094796,130.0327301820439,123.8051933278899,123.8051933278899,-35.699814891315974,-35.699814891315974,-35.699814891315974,-35.699814891315974,-35.699814891315974,-35.699814891315974,0.0,0.0,0.0,88.10537843657391
1271,1967-01-18,123.85694584400233,45.512382233258826,127.57687823286196,123.85694584400233,123.85694584400233,-35.76517645239833,-35.76517645239833,-35.76517645239833,-35.76517645239833,-35.76517645239833,-35.76517645239833,0.0,0.0,0.0,88.091769391604
1272,1967-01-19,123.90869836011477,46.01207748874424,131.34827482221314,123.90869836011477,123.90869836011477,-35.83051450884345,-35.83051450884345,-35.83051450884345,-35.83051450884345,-35.83051450884345,-35.83051450884345,0.0,0.0,0.0,88.07818385127132
1273,1967-01-20,123.9604508762272,47.57860527568768,125.05227169046698,123.9604508762272,123.9604508762272,-35.895826003295966,-35.895826003295966,-35.895826003295966,-35.895826003295966,-35.895826003295966,-35.895826003295966,0.0,0.0,0.0,88.06462487293123
1274,1967-01-23,124.11570842456456,45.042168819642825,130.60104727190003,124.11570842456456,124.11570842456456,-36.091570617649104,-36.091570617649104,-36.091570617649104,-36.091570617649104,-36.091570617649104,-36.091570617649104,0.0,0.0,0.0,88.02413780691546
1275,1967-01-24,124.167460940677,43.78766260325632,127.38160466884116,124.167460940677,124.167460940677,-36.15674539314536,-36.15674539314536,-36.15674539314536,-36.15674539314536,-36.15674539314536,-36.15674539314536,0.0,0.0,0.0,88.01071554753165
1276,1967-01-25,124.21921345678943,47.694206142228815,129.72937244880546,124.21921345678943,124.21921345678943,-36.221878397498145,-36.221878397498145,-36.221878397498145,-36.221878397498145,-36.221878397498145,-36.221878397498145,0.0,0.0,0.0,87.99733505929129
1277,1967-01-26,124.27096597290188,47.24035191369028,128.11698494380948,124.27096597290188,124.27096597290188,-36.286966604960696,-36.286966604960696,-36.286966604960696,-36.286966604960696,-36.286966604960696,-36.286966604960696,0.0,0.0,0.0,87.98399936794118
1278,1967-01-27,124.3227184890143,46.64141590077885,129.14259765323405,124.3227184890143,124.3227184890143,-36.352006995332395,-36.352006995332395,-36.352006995332395,-36.352006995332395,-36.352006995332395,-36.352006995332395,0.0,0.0,0.0,87.9707114936819
1279,1967-01-30,124.47797603735167,46.506449066187706,129.59875482386454,124.47797603735167,124.47797603735167,-36.546811146730825,-36.546811146730825,-36.546811146730825,-36.546811146730825,-36.546811146730825,-36.546811146730825,0.0,0.0,0.0,87.93116489062083
1280,1967-01-31,124.5297285534641,46.88863016582481,129.75375420515314,124.5297285534641,124.5297285534641,-36.611630180393,-36.611630180393,-36.611630180393,-36.611630180393,-36.611630180393,-36.611630180393,0.0,0.0,0.0,87.9180983730711
1281,1967-02-01,124.58148106957654,46.362212772041566,126.47218212712208,124.58148106957654,124.58148106957654,-36.6763863818884,-36.6763863818884,-36.6763863818884,-36.6763863818884,-36.6763863818884,-36.6763863818884,0.0,0.0,0.0,87.90509468768815
1282,1967-02-02,124.633233585689,44.45571219010054,128.7503136760366,124.633233585689,124.633233585689,-36.741076765931155,-36.741076765931155,-36.741076765931155,-36.741076765931155,-36.741076765931155,-36.741076765931155,0.0,0.0,0.0,87.89215681975784
1283,1967-02-03,124.68498610180143,45.5676252541626,128.5422848342143,124.68498610180143,124.68498610180143,-36.805698353324686,-36.805698353324686,-36.805698353324686,-36.805698353324686,-36.805698353324686,-36.805698353324686,0.0,0.0,0.0,87.87928774847674
1284,1967-02-06,124.84024365013877,50.15767045784175,128.87713001047166,124.84024365013877,124.84024365013877,-36.99912063659113,-36.99912063659113,-36.99912063659113,-36.99912063659113,-36.99912063659113,-36.99912063659113,0.0,0.0,0.0,87.84112301354764
1285,1967-02-07,124.8919961662512,48.293402007144934,127.36598541226891,124.8919961662512,124.8919961662512,-37.06343736988153,-37.06343736988153,-37.06343736988153,-37.06343736988153,-37.06343736988153,-37.06343736988153,0.0,0.0,0.0,87.82855879636968
1286,1967-02-08,124.94374868236365,48.7846986645735,130.62103958416145,124.94374868236365,124.94374868236365,-37.12767050454652,-37.12767050454652,-37.12767050454652,-37.12767050454652,-37.12767050454652,-37.12767050454652,0.0,0.0,0.0,87.81607817781713
1287,1967-02-09,124.99550119847608,43.68309639802061,130.19318686096807,124.99550119847608,124.99550119847608,-37.19181709952011,-37.19181709952011,-37.19181709952011,-37.19181709952011,-37.19181709952011,-37.19181709952011,0.0,0.0,0.0,87.80368409895597
1288,1967-02-10,125.04725371458854,45.99871948467257,128.02702727446473,125.04725371458854,125.04725371458854,-37.25587422035416,-37.25587422035416,-37.25587422035416,-37.25587422035416,-37.25587422035416,-37.25587422035416,0.0,0.0,0.0,87.79137949423438
1289,1967-02-13,125.20251126292587,48.193034436648475,125.69022299235847,125.20251126292587,125.20251126292587,-37.447479494356045,-37.447479494356045,-37.447479494356045,-37.447479494356045,-37.447479494356045,-37.447479494356045,0.0,0.0,0.0,87.75503176856982
1290,1967-02-14,125.25426377903831,44.35829893593764,127.94188169165443,125.25426377903831,125.25426377903831,-37.51114950909085,-37.51114950909085,-37.51114950909085,-37.51114950909085,-37.51114950909085,-37.51114950909085,0.0,0.0,0.0,87.74311426994745
1291,1967-02-15,125.30601629515074,45.043086590546146,126.5768499760656,125.30601629515074,125.30601629515074,-37.57471547929334,-37.57471547929334,-37.57471547929334,-37.57471547929334,-37.57471547929334,-37.57471547929334,0.0,0.0,0.0,87.7313008158574
1292,1967-02-16,125.3577688112632,47.02595123932957,127.06836639790444,125.3577688112632,125.3577688112632,-37.63817451176666,-37.63817451176666,-37.63817451176666,-37.63817451176666,-37.63817451176666,-37.63817451176666,0.0,0.0,0.0,87.71959429949655
1293,1967-02-17,125.40952132737567,45.86730168929105,128.95170976751257,125.40952132737567,125.40952132737567,-37.701523720443525,-37.701523720443525,-37.701523720443525,-37.701523720443525,-37.701523720443525,-37.701523720443525,0.0,0.0,0.0,87.70799760693214
1294,1967-02-20,125.56477887571297,46.81016561443603,130.20408460782562,125.56477887571297,125.56477887571297,-37.89088365147227,-37.89088365147227,-37.89088365147227,-37.89088365147227,-37.89088365147227,-37.89088365147227,0.0,0.0,0.0,87.67389522424071
1295,1967-02-21,125.61653139182542,43.03626753262221,128.5535601840986,125.61653139182542,125.61653139182542,-37.953764849388165,-37.953764849388165,-37.953764849388165,-37.953764849388165,-37.953764849388165,-37.953764849388165,0.0,0.0,0.0,87.66276654243725
1296,1967-02-23,125.7200364240503,45.44878502263957,132.14671505658583,125.7200364240503,125.7200364240503,-38.07915196936015,-38.07915196936015,-38.07915196936015,-38.07915196936015,-38.07915196936015,-38.07915196936015,0.0,0.0,0.0,87.64088445469017
1297,1967-02-24,125.77178894016275,44.29975240799355,127.97771077077351,125.77178894016274,125.77178894016274,-38.141652215451785,-38.141652215451785,-38.141652215451785,-38.141652215451785,-38.141652215451785,-38.141652215451785,0.0,0.0,0.0,87.63013672471097
1298,1967-02-27,125.92704648850008,45.66676325152534,131.7057656574608,125.92704648850008,125.92704648850008,-38.3283458039342,-38.3283458039342,-38.3283458039342,-38.3283458039342,-38.3283458039342,-38.3283458039342,0.0,0.0,0.0,87.59870068456588
1299,1967-02-28,125.97879900461251,45.69503690695599,127.18080754211712,125.97879900461251,125.97879900461251,-38.390298580627125,-38.390298580627125,-38.390298580627125,-38.390298580627125,-38.390298580627125,-38.390298580627125,0.0,0.0,0.0,87.58850042398538
1300,1967-03-01,126.03055152072497,48.655421619562894,127.9487004489662,126.03055152072497,126.03055152072497,-38.4521074826007,-38.4521074826007,-38.4521074826007,-38.4521074826007,-38.4521074826007,-38.4521074826007,0.0,0.0,0.0,87.57844403812427
1301,1967-03-02,126.08230403683741,45.98656505466392,128.45089084549497,126.08230403683741,126.08230403683741,-38.51376972287547,-38.51376972287547,-38.51376972287547,-38.51376972287547,-38.51376972287547,-38.51376972287547,0.0,0.0,0.0,87.56853431396195
1302,1967-03-03,126.13405655294987,48.20578017797526,124.97307730972905,126.13405655294987,126.13405655294987,-38.5752825225742,-38.5752825225742,-38.5752825225742,-38.5752825225742,-38.5752825225742,-38.5752825225742,0.0,0.0,0.0,87.55877403037567
1303,1967-03-06,126.28931410128719,45.67725850705541,128.7656847307058,126.28931410128719,126.28931410128719,-38.758896612370734,-38.758896612370734,-38.758896612370734,-38.758896612370734,-38.758896612370734,-38.758896612370734,0.0,0.0,0.0,87.53041748891646
1304,1967-03-07,126.34106661739962,42.592519202660974,132.99747971729727,126.34106661739962,126.34106661739962,-38.819784025361336,-38.819784025361336,-38.819784025361336,-38.819784025361336,-38.819784025361336,-38.819784025361336,0.0,0.0,0.0,87.52128259203829
1305,1967-03-08,126.39281913351208,48.99611457015431,128.84107227670148,126.39281913351208,126.39281913351208,-38.880508227242814,-38.880508227242814,-38.880508227242814,-38.880508227242814,-38.880508227242814,-38.880508227242814,0.0,0.0,0.0,87.51231090626926
1306,1967-03-09,126.44457164962452,47.94067252205486,129.48626697652026,126.44457164962452,126.44457164962452,-38.941066489138485,-38.941066489138485,-38.941066489138485,-38.941066489138485,-38.941066489138485,-38.941066489138485,0.0,0.0,0.0,87.50350516048604
1307,1967-03-10,126.49632416573698,44.367037951856396,127.37406904468178,126.49632416573698,126.49632416573698,-39.001456090732866,-39.001456090732866,-39.001456090732866,-39.001456090732866,-39.001456090732866,-39.001456090732866,0.0,0.0,0.0,87.49486807500412
1308,1967-03-13,126.65158171407428,46.69345709570189,127.27759445042066,126.65158171407428,126.65158171407428,-39.18158586031374,-39.18158586031374,-39.18158586031374,-39.18158586031374,-39.18158586031374,-39.18158586031374,0.0,0.0,0.0,87.46999585376054
1309,1967-03-14,126.70333423018675,45.485806693233,130.49605560229108,126.70333423018675,126.70333423018675,-39.241273791006336,-39.241273791006336,-39.241273791006336,-39.241273791006336,-39.241273791006336,-39.241273791006336,0.0,0.0,0.0,87.46206043918042
1310,1967-03-15,126.75508674629918,44.045624294934676,131.10691869042424,126.75508674629918,126.75508674629918,-39.30077959046705,-39.30077959046705,-39.30077959046705,-39.30077959046705,-39.30077959046705,-39.30077959046705,0.0,0.0,0.0,87.45430715583214
1311,1967-03-16,126.80683926241163,44.045450312846526,129.70251217885925,126.80683926241163,126.80683926241163,-39.36010059107966,-39.36010059107966,-39.36010059107966,-39.36010059107966,-39.36010059107966,-39.36010059107966,0.0,0.0,0.0,87.44673867133197
1312,1967-03-17,126.85859177852409,45.62791840244134,126.77546194013479,126.85859177852409,126.85859177852409,-39.419234134229114,-39.419234134229114,-39.419234134229114,-39.419234134229114,-39.419234134229114,-39.419234134229114,0.0,0.0,0.0,87.43935764429497
1313,1967-03-20,127.01384932686142,46.46164565229449,129.8345558706115,127.01384932686142,127.01384932686142,-39.595483569057905,-39.595483569057905,-39.595483569057905,-39.595483569057905,-39.595483569057905,-39.595483569057905,0.0,0.0,0.0,87.41836575780351
1314,1967-03-21,127.06560184297385,45.2716130460279,127.92027406076491,127.06560184297385,127.06560184297385,-39.65384087837412,-39.65384087837412,-39.65384087837412,-39.65384087837412,-39.65384087837412,-39.65384087837412,0.0,0.0,0.0,87.41176096459972
1315,1967-03-22,127.11735435908629,44.825855556266895,127.58731939879434,127.11735435908629,127.11735435908629,-39.71199757430755,-39.71199757430755,-39.71199757430755,-39.71199757430755,-39.71199757430755,-39.71199757430755,0.0,0.0,0.0,87.40535678477875
1316,1967-03-23,127.16910687519875,46.68101375627845,129.71564247321842,127.16910687519875,127.16910687519875,-39.769951053526015,-39.769951053526015,-39.769951053526015,-39.769951053526015,-39.769951053526015,-39.769951053526015,0.0,0.0,0.0,87.39915582167274
1317,1967-03-27,127.37611693964853,45.34701274917309,128.60934217982418,127.37611693964853,127.37611693964853,-39.999681067613054,-39.999681067613054,-39.999681067613054,-39.999681067613054,-39.999681067613054,-39.999681067613054,0.0,0.0,0.0,87.37643587203547
1318,1967-03-28,127.42786945576096,43.64199275836998,129.1514660462894,127.42786945576096,127.42786945576096,-40.05657974509364,-40.05657974509364,-40.05657974509364,-40.05657974509364,-40.05657974509364,-40.05657974509364,0.0,0.0,0.0,87.37128971066731
1319,1967-03-29,127.47962197187341,46.963719878725854,128.27320429829123,127.47962197187343,127.47962197187343,-40.113259785767674,-40.113259785767674,-40.113259785767674,-40.113259785767674,-40.113259785767674,-40.113259785767674,0.0,0.0,0.0,87.36636218610573
1320,1967-03-30,127.53137448798586,44.84902521612198,126.41960064968325,127.53137448798586,127.53137448798586,-40.16971865347326,-40.16971865347326,-40.16971865347326,-40.16971865347326,-40.16971865347326,-40.16971865347326,0.0,0.0,0.0,87.36165583451259
1321,1967-03-31,127.58312700409829,43.784126520331455,128.94934634466983,127.58312700409829,127.58312700409829,-40.22595382187155,-40.22595382187155,-40.22595382187155,-40.22595382187155,-40.22595382187155,-40.22595382187155,0.0,0.0,0.0,87.35717318222675
1322,1967-04-03,127.73838455243562,47.48570354681828,127.67559205475261,127.73838455243562,127.73838455243562,-40.393292016346166,-40.393292016346166,-40.393292016346166,-40.393292016346166,-40.393292016346166,-40.393292016346166,0.0,0.0,0.0,87.34509253608945
1323,1967-04-04,127.79013706854806,45.66510281841302,127.62018711869452,127.79013706854806,127.79013706854806,-40.44860732252693,-40.44860732252693,-40.44860732252693,-40.44860732252693,-40.44860732252693,-40.44860732252693,0.0,0.0,0.0,87.34152974602114
1324,1967-04-05,127.84188958466049,48.22027497702841,130.01891364002495,127.84188958466049,127.84188958466049,-40.5036864469846,-40.5036864469846,-40.5036864469846,-40.5036864469846,-40.5036864469846,-40.5036864469846,0.0,0.0,0.0,87.33820313767589
1325,1967-04-06,127.89364210077295,46.359081515675896,130.2501072778549,127.89364210077295,127.89364210077295,-40.55852692347211,-40.55852692347211,-40.55852692347211,-40.55852692347211,-40.55852692347211,-40.55852692347211,0.0,0.0,0.0,87.33511517730085
1326,1967-04-07,127.9453946168854,47.26118526648541,130.63915104724262,127.9453946168854,127.9453946168854,-40.61312629594567,-40.61312629594567,-40.61312629594567,-40.61312629594567,-40.61312629594567,-40.61312629594567,0.0,0.0,0.0,87.33226832093973
1327,1967-04-10,128.10065216522273,46.44601976770055,132.63719695659643,128.10065216522273,128.10065216522273,-40.77545338300091,-40.77545338300091,-40.77545338300091,-40.77545338300091,-40.77545338300091,-40.77545338300091,0.0,0.0,0.0,87.32519878222182
1328,1967-04-11,128.15240468133518,44.84882797875618,130.1513582690927,128.15240468133518,128.15240468133518,-40.82906398488508,-40.82906398488508,-40.82906398488508,-40.82906398488508,-40.82906398488508,-40.82906398488508,0.0,0.0,0.0,87.3233406964501
1329,1967-04-12,128.2041571974476,47.43000299958214,129.092244341337,128.2041571974476,128.2041571974476,-40.88242135741646,-40.88242135741646,-40.88242135741646,-40.88242135741646,-40.88242135741646,-40.88242135741646,0.0,0.0,0.0,87.32173584003115
1330,1967-04-13,128.25590971356007,46.60960879493447,129.4156372107591,128.25590971356007,128.25590971356007,-40.935523106862455,-40.935523106862455,-40.935523106862455,-40.935523106862455,-40.935523106862455,-40.935523106862455,0.0,0.0,0.0,87.32038660669761
1331,1967-04-14,128.3076622296725,47.14312548313693,129.2189843104973,128.3076622296725,128.3076622296725,-40.98836685005361,-40.98836685005361,-40.98836685005361,-40.98836685005361,-40.98836685005361,-40.98836685005361,0.0,0.0,0.0,87.3192953796189
1332,1967-04-17,128.46291977800982,48.62351537191801,127.70490461912439,128.46291977800982,128.46291977800982,-41.1453263698837,-41.1453263698837,-41.1453263698837,-41.1453263698837,-41.1453263698837,-41.1453263698837,0.0,0.0,0.0,87.31759340812613
1333,1967-04-18,128.51467229412228,46.41304368165421,128.90822401605743,128.51467229412228,128.51467229412228,-41.197114469344136,-41.197114469344136,-41.197114469344136,-41.197114469344136,-41.197114469344136,-41.197114469344136,0.0,0.0,0.0,87.31755782477813
1334,1967-04-19,128.56642481023474,46.060640531319095,126.77719956236157,128.56642481023474,128.56642481023474,-41.24863280686595,-41.24863280686595,-41.24863280686595,-41.24863280686595,-41.24863280686595,-41.24863280686595,0.0,0.0,0.0,87.3177920033688
1335,1967-04-20,128.61817732634717,45.109876946810616,128.8950226971138,128.61817732634717,128.61817732634717,-41.29987906368341,-41.29987906368341,-41.29987906368341,-41.29987906368341,-41.29987906368341,-41.29987906368341,0.0,0.0,0.0,87.31829826266375
1336,1967-04-21,128.6699298424596,46.52590439931446,130.25135081326817,128.6699298424596,128.6699298424596,-41.35085093193164,-41.35085093193164,-41.35085093193164,-41.35085093193164,-41.35085093193164,-41.35085093193164,0.0,0.0,0.0,87.31907891052796
1337,1967-04-24,128.82518739079697,41.35487150804803,126.30319081990638,128.82518739079697,128.82518739079697,-41.50209729110066,-41.50209729110066,-41.50209729110066,-41.50209729110066,-41.50209729110066,-41.50209729110066,0.0,0.0,0.0,87.32309009969632
1338,1967-04-25,128.8769399069094,42.18127362960803,129.83953348783763,128.8769399069094,128.8769399069094,-41.55194874606161,-41.55194874606161,-41.55194874606161,-41.55194874606161,-41.55194874606161,-41.55194874606161,0.0,0.0,0.0,87.32499116084779
1339,1967-04-26,128.92869242302183,48.71573628261155,129.56838046906643,128.92869242302183,128.92869242302183,-41.60151443825624,-41.60151443825624,-41.60151443825624,-41.60151443825624,-41.60151443825624,-41.60151443825624,0.0,0.0,0.0,87.3271779847656
1340,1967-04-27,128.98044493913426,47.70892996815234,128.1402762998903,128.98044493913426,128.98044493913426,-41.65079212618695,-41.65079212618695,-41.65079212618695,-41.65079212618695,-41.65079212618695,-41.65079212618695,0.0,0.0,0.0,87.3296528129473
1341,1967-04-28,129.03219745524672,46.17069931793108,128.9579087732846,129.03219745524672,129.03219745524672,-41.699779579573416,-41.699779579573416,-41.699779579573416,-41.699779579573416,-41.699779579573416,-41.699779579573416,0.0,0.0,0.0,87.3324178756733
1342,1967-05-01,129.18745500358403,45.75389780782183,132.67619132755436,129.18745500358403,129.18745500358403,-41.84497839883128,-41.84497839883128,-41.84497839883128,-41.84497839883128,-41.84497839883128,-41.84497839883128,0.0,0.0,0.0,87.34247660475276
1343,1967-05-02,129.2392075196965,46.437564003979226,129.88177515014212,129.2392075196965,129.2392075196965,-41.892782837092625,-41.892782837092625,-41.892782837092625,-41.892782837092625,-41.892782837092625,-41.892782837092625,0.0,0.0,0.0,87.34642468260387
1344,1967-05-03,129.29096003580895,46.077663146735375,126.49963355129586,129.29096003580895,129.29096003580895,-41.94028605917063,-41.94028605917063,-41.94028605917063,-41.94028605917063,-41.94028605917063,-41.94028605917063,0.0,0.0,0.0,87.35067397663832
1345,1967-05-04,129.3427125519214,45.46701990425619,130.0669261255281,129.3427125519214,129.3427125519214,-41.98748590298429,-41.98748590298429,-41.98748590298429,-41.98748590298429,-41.98748590298429,-41.98748590298429,0.0,0.0,0.0,87.35522664893712
1346,1967-05-05,129.39446506803384,47.73340353349249,128.27375770989647,129.39446506803384,129.39446506803384,-42.0343802179642,-42.0343802179642,-42.0343802179642,-42.0343802179642,-42.0343802179642,-42.0343802179642,0.0,0.0,0.0,87.36008485006964
1347,1967-05-08,129.54972261637116,44.81217744178882,128.94050081989297,129.54972261637116,129.54972261637116,-42.17320865772319,-42.17320865772319,-42.17320865772319,-42.17320865772319,-42.17320865772319,-42.17320865772319,0.0,0.0,0.0,87.37651395864796
1348,1967-05-09,129.6014751324836,49.10180769577393,129.0921266463322,129.6014751324836,129.6014751324836,-42.218859583304635,-42.218859583304635,-42.218859583304635,-42.218859583304635,-42.218859583304635,-42.218859583304635,0.0,0.0,0.0,87.38261554917898
1349,1967-05-10,129.65322764859604,47.04475486028623,132.50043342934777,129.65322764859604,129.65322764859604,-42.26419440127129,-42.26419440127129,-42.26419440127129,-42.26419440127129,-42.26419440127129,-42.26419440127129,0.0,0.0,0.0,87.38903324732476
1350,1967-05-11,129.7049801647085,45.72307402727041,125.86027971515672,129.7049801647085,129.7049801647085,-42.309211030952156,-42.309211030952156,-42.309211030952156,-42.309211030952156,-42.309211030952156,-42.309211030952156,0.0,0.0,0.0,87.39576913375635
1351,1967-05-12,129.75673268082093,46.31842902443231,128.154366898382,129.75673268082093,129.75673268082093,-42.35390740345971,-42.35390740345971,-42.35390740345971,-42.35390740345971,-42.35390740345971,-42.35390740345971,0.0,0.0,0.0,87.40282527736122
1352,1967-05-15,129.91199022915828,45.96809364913402,127.96593308935296,129.91199022915828,129.91199022915828,-42.48605446659613,-42.48605446659613,-42.48605446659613,-42.48605446659613,-42.48605446659613,-42.48605446659613,0.0,0.0,0.0,87.42593576256215
1353,1967-05-16,129.9637427452707,45.18751536385057,126.45531149469791,129.9637427452707,129.9637427452707,-42.52944935849345,-42.52944935849345,-42.52944935849345,-42.52944935849345,-42.52944935849345,-42.52944935849345,0.0,0.0,0.0,87.43429338677726
1354,1967-05-17,130.01549526138317,46.88521599517749,128.21795258740454,130.01549526138317,130.01549526138317,-42.57251382681339,-42.57251382681339,-42.57251382681339,-42.57251382681339,-42.57251382681339,-42.57251382681339,0.0,0.0,0.0,87.44298143456977
1355,1967-05-18,130.0672477774956,43.30254865368057,129.7922578751312,130.0672477774956,130.0672477774956,-42.61524587413098,-42.61524587413098,-42.61524587413098,-42.61524587413098,-42.61524587413098,-42.61524587413098,0.0,0.0,0.0,87.45200190336462
1356,1967-05-19,130.11900029360805,45.806173830627564,128.26871689866672,130.11900029360805,130.11900029360805,-42.6576435150545,-42.6576435150545,-42.6576435150545,-42.6576435150545,-42.6576435150545,-42.6576435150545,0.0,0.0,0.0,87.46135677855355
1357,1967-05-22,130.27425784194537,47.63985816352309,132.1317708123516,130.27425784194537,130.27425784194537,-42.78281032674285,-42.78281032674285,-42.78281032674285,-42.78281032674285,-42.78281032674285,-42.78281032674285,0.0,0.0,0.0,87.49144751520252
1358,1967-05-23,130.3260103580578,42.87286447647222,127.82993495669702,130.3260103580578,130.3260103580578,-42.82385073000371,-42.82385073000371,-42.82385073000371,-42.82385073000371,-42.82385073000371,-42.82385073000371,0.0,0.0,0.0,87.50215962805409
1359,1967-05-24,130.37776287417026,46.72466643747515,128.69407146511884,130.37776287417026,130.37776287417026,-42.864546981572104,-42.864546981572104,-42.864546981572104,-42.864546981572104,-42.864546981572104,-42.864546981572104,0.0,0.0,0.0,87.51321589259815
1360,1967-05-25,130.42951539028272,46.471858298704596,127.48154254986977,130.42951539028272,130.42951539028272,-42.904897168947045,-42.904897168947045,-42.904897168947045,-42.904897168947045,-42.904897168947045,-42.904897168947045,0.0,0.0,0.0,87.52461822133567
1361,1967-05-26,130.48126790639515,45.20559080241233,129.1919977961815,130.48126790639515,130.48126790639515,-42.94489939188729,-42.94489939188729,-42.94489939188729,-42.94489939188729,-42.94489939188729,-42.94489939188729,0.0,0.0,0.0,87.53636851450786
1362,1967-05-29,130.6365254547325,46.30011323898182,128.7325656436027,130.6365254547325,130.6365254547325,-43.062799456219125,-43.062799456219125,-43.062799456219125,-43.062799456219125,-43.062799456219125,-43.062799456219125,0.0,0.0,0.0,87.57372599851337
1363,1967-05-31,130.74003048695738,42.69514736462789,129.95078994220648,130.74003048695738,130.74003048695738,-43.139625393603225,-43.139625393603225,-43.139625393603225,-43.139625393603225,-43.139625393603225,-43.139625393603225,0.0,0.0,0.0,87.60040509335415
1364,1967-06-01,130.7917830030698,45.02183022898093,131.35207572215793,130.7917830030698,130.7917830030698,-43.17750061519363,-43.17750061519363,-43.17750061519363,-43.17750061519363,-43.17750061519363,-43.17750061519363,0.0,0.0,0.0,87.61428238787619
1365,1967-06-02,130.84353551918224,47.80572270936057,129.5640384869811,130.84353551918224,130.84353551918224,-43.215014916433994,-43.215014916433994,-43.215014916433994,-43.215014916433994,-43.215014916433994,-43.215014916433994,0.0,0.0,0.0,87.62852060274824
1366,1967-06-05,130.99879306751959,45.70622780253517,128.85354285489683,130.99879306751959,130.99879306751959,-43.3253743496167,-43.3253743496167,-43.3253743496167,-43.3253743496167,-43.3253743496167,-43.3253743496167,0.0,0.0,0.0,87.67341871790288
1367,1967-06-06,131.05054558363202,45.10265584036357,129.2381504884268,131.05054558363202,131.05054558363202,-43.36142708370979,-43.36142708370979,-43.36142708370979,-43.36142708370979,-43.36142708370979,-43.36142708370979,0.0,0.0,0.0,87.68911849992222
1368,1967-06-07,131.10229809974447,47.327125122671006,131.31824685850185,131.10229809974447,131.10229809974447,-43.39711001736091,-43.39711001736091,-43.39711001736091,-43.39711001736091,-43.39711001736091,-43.39711001736091,0.0,0.0,0.0,87.70518808238356
1369,1967-06-08,131.1540506158569,45.61363081596181,129.81658786781475,131.1540506158569,131.1540506158569,-43.4324214123097,-43.4324214123097,-43.4324214123097,-43.4324214123097,-43.4324214123097,-43.4324214123097,0.0,0.0,0.0,87.7216292035472
1370,1967-06-09,131.2058031319694,44.65872604304822,128.21633343195157,131.2058031319694,131.2058031319694,-43.46735954293976,-43.46735954293976,-43.46735954293976,-43.46735954293976,-43.46735954293976,-43.46735954293976,0.0,0.0,0.0,87.73844358902963
1371,1967-06-12,131.3610606803067,47.67243736281231,129.65019333330122,131.3610606803067,131.3610606803067,-43.56991728291518,-43.56991728291518,-43.56991728291518,-43.56991728291518,-43.56991728291518,-43.56991728291518,0.0,0.0,0.0,87.79114339739152
1372,1967-06-13,131.41281319641914,45.720510343389165,129.91521812912072,131.41281319641914,131.41281319641914,-43.6033453538163,-43.6033453538163,-43.6033453538163,-43.6033453538163,-43.6033453538163,-43.6033453538163,0.0,0.0,0.0,87.80946784260283
1373,1967-06-14,131.4645657125316,50.983030983613766,129.85499113796556,131.4645657125316,131.4645657125316,-43.63639172279903,-43.63639172279903,-43.63639172279903,-43.63639172279903,-43.63639172279903,-43.63639172279903,0.0,0.0,0.0,87.82817398973256
1374,1967-06-15,131.51631822864402,46.33347217000572,128.33257836944125,131.51631822864402,131.51631822864402,-43.66905474059744,-43.66905474059744,-43.66905474059744,-43.66905474059744,-43.66905474059744,-43.66905474059744,0.0,0.0,0.0,87.8472634880466
1375,1967-06-16,131.56807074475648,46.34072127444031,127.314354305648,131.56807074475648,131.56807074475648,-43.70133277074698,-43.70133277074698,-43.70133277074698,-43.70133277074698,-43.70133277074698,-43.70133277074698,0.0,0.0,0.0,87.86673797400951
1376,1967-06-19,131.7233282930938,45.41186474810377,130.98565359586203,131.7233282930938,131.7233282930938,-43.795840763113844,-43.795840763113844,-43.795840763113844,-43.795840763113844,-43.795840763113844,-43.795840763113844,0.0,0.0,0.0,87.92748752997996
1377,1967-06-20,131.77508080920626,46.93490451106075,130.71052371306644,131.77508080920626,131.77508080920626,-43.826562734769425,-43.826562734769425,-43.826562734769425,-43.826562734769425,-43.826562734769425,-43.826562734769425,0.0,0.0,0.0,87.94851807443683
1378,1967-06-21,131.8268333253187,46.290387762981666,128.94146785411618,131.8268333253187,131.8268333253187,-43.85689172918422,-43.85689172918422,-43.85689172918422,-43.85689172918422,-43.85689172918422,-43.85689172918422,0.0,0.0,0.0,87.96994159613448
1379,1967-06-22,131.87858584143115,48.02986270193905,128.81534777586754,131.87858584143115,131.87858584143115,-43.88682618712046,-43.88682618712046,-43.88682618712046,-43.88682618712046,-43.88682618712046,-43.88682618712046,0.0,0.0,0.0,87.99175965431068
1380,1967-06-23,131.93033835754358,46.73741843964997,130.4358699608816,131.93033835754358,131.93033835754358,-43.91636456227619,-43.91636456227619,-43.91636456227619,-43.91636456227619,-43.91636456227619,-43.91636456227619,0.0,0.0,0.0,88.01397379526739
1381,1967-06-26,132.08559590588092,48.233554441234965,127.94033451418146,132.08559590588092,132.08559590588092,-44.002587922443716,-44.002587922443716,-44.002587922443716,-44.002587922443716,-44.002587922443716,-44.002587922443716,0.0,0.0,0.0,88.0830079834372
1382,1967-06-27,132.13734842199335,45.18263596082757,130.89227831757418,132.13734842199335,132.13734842199335,-44.03052676277715,-44.03052676277715,-44.03052676277715,-44.03052676277715,-44.03052676277715,-44.03052676277715,0.0,0.0,0.0,88.1068216592162
1383,1967-06-28,132.18910093810578,45.56679373498334,127.99580877590249,132.18910093810578,132.18910093810578,-44.05806198345191,-44.05806198345191,-44.05806198345191,-44.05806198345191,-44.05806198345191,-44.05806198345191,0.0,0.0,0.0,88.13103895465387
1384,1967-06-29,132.24085345421824,46.14089484929372,130.7808106499218,132.24085345421824,132.24085345421824,-44.08519211612987,-44.08519211612987,-44.08519211612987,-44.08519211612987,-44.08519211612987,-44.08519211612987,0.0,0.0,0.0,88.15566133808838
1385,1967-06-30,132.2926059703307,44.069572552152195,131.4971837671434,132.2926059703307,132.2926059703307,-44.11191570552054,-44.11191570552054,-44.11191570552054,-44.11191570552054,-44.11191570552054,-44.11191570552054,0.0,0.0,0.0,88.18069026481015
1386,1967-07-03,132.44786351866802,46.67271246081345,129.9819049331643,132.44786351866802,132.44786351866802,-44.18963285706414,-44.18963285706414,-44.18963285706414,-44.18963285706414,-44.18963285706414,-44.18963285706414,0.0,0.0,0.0,88.25823066160387
1387,1967-07-05,132.55136855089293,44.3815871049995,129.60173342530402,132.55136855089293,132.55136855089293,-44.23938548303735,-44.23938548303735,-44.23938548303735,-44.23938548303735,-44.23938548303735,-44.23938548303735,0.0,0.0,0.0,88.31198306785558
1388,1967-07-06,132.60312106700536,45.42713020477368,128.29517051247475,132.60312106700536,132.60312106700536,-44.26363998396344,-44.26363998396344,-44.26363998396344,-44.26363998396344,-44.26363998396344,-44.26363998396344,0.0,0.0,0.0,88.33948108304193
1389,1967-07-07,132.6548735831178,46.661022639830776,131.9335617718268,132.6548735831178,132.6548735831178,-44.28747812101418,-44.28747812101418,-44.28747812101418,-44.28747812101418,-44.28747812101418,-44.28747812101418,0.0,0.0,0.0,88.36739546210362
1390,1967-07-10,132.81013113145514,47.91301759581941,130.4074599519605,132.81013113145514,132.81013113145514,-44.35648091024778,-44.35648091024778,-44.35648091024778,-44.35648091024778,-44.35648091024778,-44.35648091024778,0.0,0.0,0.0,88.45365022120735
1391,1967-07-11,132.86188364756757,48.14817465882385,128.55530148878998,132.86188364756757,132.86188364756757,-44.37864021895305,-44.37864021895305,-44.37864021895305,-44.37864021895305,-44.37864021895305,-44.37864021895305,0.0,0.0,0.0,88.48324342861451
1392,1967-07-12,132.91363616368002,46.07393531064124,132.32606279871828,132.91363616368002,132.91363616368002,-44.40037654321566,-44.40037654321566,-44.40037654321566,-44.40037654321566,-44.40037654321566,-44.40037654321566,0.0,0.0,0.0,88.51325962046437
1393,1967-07-13,132.96538867979245,46.22815261077167,130.98902744331406,132.96538867979245,132.96538867979245,-44.42168859846669,-44.42168859846669,-44.42168859846669,-44.42168859846669,-44.42168859846669,-44.42168859846669,0.0,0.0,0.0,88.54370008132577
1394,1967-07-14,133.01714119590488,47.284069224178296,128.3191634248119,133.01714119590488,133.01714119590488,-44.44257511333781,-44.44257511333781,-44.44257511333781,-44.44257511333781,-44.44257511333781,-44.44257511333781,0.0,0.0,0.0,88.57456608256707
1395,1967-07-17,133.17239874424223,48.47222342361927,129.9110291239542,133.17239874424223,133.17239874424223,-44.50266890015965,-44.50266890015965,-44.50266890015965,-44.50266890015965,-44.50266890015965,-44.50266890015965,0.0,0.0,0.0,88.66972984408258
1396,1967-07-18,133.2241512603547,45.73733506406074,129.14616773986384,133.2241512603547,133.2241512603547,-44.52184080410166,-44.52184080410166,-44.52184080410166,-44.52184080410166,-44.52184080410166,-44.52184080410166,0.0,0.0,0.0,88.70231045625303
1397,1967-07-19,133.27590377646712,45.62647034286556,131.42493887144508,133.27590377646712,133.27590377646712,-44.54058100908321,-44.54058100908321,-44.54058100908321,-44.54058100908321,-44.54058100908321,-44.54058100908321,0.0,0.0,0.0,88.7353227673839
1398,1967-07-20,133.32765629257958,46.149110870846535,129.9365479468223,133.32765629257958,133.32765629257958,-44.55888832308256,-44.55888832308256,-44.55888832308256,-44.55888832308256,-44.55888832308256,-44.55888832308256,0.0,0.0,0.0,88.76876796949702
1399,1967-07-21,133.379408808692,46.797923168636345,130.52963627766758,133.379408808692,133.379408808692,-44.57676156732158,-44.57676156732158,-44.57676156732158,-44.57676156732158,-44.57676156732158,-44.57676156732158,0.0,0.0,0.0,88.80264724137042
1400,1967-07-24,133.53466635702932,47.18675551098308,131.06860267928434,133.53466635702932,133.53466635702932,-44.627765292432514,-44.627765292432514,-44.627765292432514,-44.627765292432514,-44.627765292432514,-44.627765292432514,0.0,0.0,0.0,88.90690106459681
1401,1967-07-25,133.58641887314178,48.82948955252109,127.56430855114705,133.58641887314178,133.58641887314178,-44.64389073485599,-44.64389073485599,-44.64389073485599,-44.64389073485599,-44.64389073485599,-44.64389073485599,0.0,0.0,0.0,88.9425281382858
1402,1967-07-26,133.63817138925424,48.80280417366933,129.32519494580933,133.63817138925424,133.63817138925424,-44.659576412412044,-44.659576412412044,-44.659576412412044,-44.659576412412044,-44.659576412412044,-44.659576412412044,0.0,0.0,0.0,88.9785949768422
1403,1967-07-27,133.6899239053667,46.556686173255194,134.02025232550832,133.6899239053667,133.6899239053667,-44.67482122585566,-44.67482122585566,-44.67482122585566,-44.67482122585566,-44.67482122585566,-44.67482122585566,0.0,0.0,0.0,89.01510267951105
1404,1967-07-28,133.74167642147913,48.03645904438913,130.46941428474608,133.74167642147913,133.74167642147913,-44.6896240892052,-44.6896240892052,-44.6896240892052,-44.6896240892052,-44.6896240892052,-44.6896240892052,0.0,0.0,0.0,89.05205233227392
1405,1967-07-31,133.89693396981647,45.93936101518576,128.77534141797375,133.89693396981647,133.89693396981647,-44.73137031784183,-44.73137031784183,-44.73137031784183,-44.73137031784183,-44.73137031784183,-44.73137031784183,0.0,0.0,0.0,89.16556365197465
1406,1967-08-01,133.9486864859289,45.16017013610763,129.75105412546964,133.9486864859289,133.9486864859289,-44.74439478629129,-44.74439478629129,-44.74439478629129,-44.74439478629129,-44.74439478629129,-44.74439478629129,0.0,0.0,0.0,89.20429169963762
1407,1967-08-02,134.00043900204133,47.175432273378284,130.96445320044947,134.00043900204133,134.00043900204133,-44.75697207370745,-44.75697207370745,-44.75697207370745,-44.75697207370745,-44.75697207370745,-44.75697207370745,0.0,0.0,0.0,89.24346692833387
1408,1967-08-03,134.05219151815376,46.94235640680027,131.94153331139955,134.05219151815376,134.05219151815376,-44.7691011736935,-44.7691011736935,-44.7691011736935,-44.7691011736935,-44.7691011736935,-44.7691011736935,0.0,0.0,0.0,89.28309034446026
1409,1967-08-04,134.10394403426622,50.83005274487626,132.77378760959746,134.10394403426622,134.10394403426622,-44.78078109311337,-44.78078109311337,-44.78078109311337,-44.78078109311337,-44.78078109311337,-44.78078109311337,0.0,0.0,0.0,89.32316294115284
1410,1967-08-07,134.25920158260354,49.01252539860895,131.65194521444374,134.25920158260354,134.25920158260354,-44.813116035476725,-44.813116035476725,-44.813116035476725,-44.813116035476725,-44.813116035476725,-44.813116035476725,0.0,0.0,0.0,89.44608554712681
1411,1967-08-08,134.310954098716,48.655441967804215,131.88270274488463,134.310954098716,134.310954098716,-44.82298956639909,-44.82298956639909,-44.82298956639909,-44.82298956639909,-44.82298956639909,-44.82298956639909,0.0,0.0,0.0,89.48796453231691
1412,1967-08-09,134.36270661482843,47.07569689548056,129.00956637852735,134.36270661482843,134.36270661482843,-44.83240914989306,-44.83240914989306,-44.83240914989306,-44.83240914989306,-44.83240914989306,-44.83240914989306,0.0,0.0,0.0,89.53029746493536
1413,1967-08-10,134.41445913094088,48.05379027578132,134.43267280834442,134.41445913094088,134.41445913094088,-44.84137387232487,-44.84137387232487,-44.84137387232487,-44.84137387232487,-44.84137387232487,-44.84137387232487,0.0,0.0,0.0,89.573085258616
1414,1967-08-11,134.46621164705334,45.77276636888803,129.176929943267,134.46621164705334,134.46621164705334,-44.8498828332969,-44.8498828332969,-44.8498828332969,-44.8498828332969,-44.8498828332969,-44.8498828332969,0.0,0.0,0.0,89.61632881375644
1415,1967-08-14,134.62146919539066,47.93484204029413,132.84694482387349,134.62146919539066,134.62146919539066,-44.872666341900064,-44.872666341900064,-44.872666341900064,-44.872666341900064,-44.872666341900064,-44.872666341900064,0.0,0.0,0.0,89.74880285349059
1416,1967-08-15,134.67322171150312,47.58377127585036,130.00581332212204,134.67322171150312,134.67322171150312,-44.87934351757753,-44.87934351757753,-44.87934351757753,-44.87934351757753,-44.87934351757753,-44.87934351757753,0.0,0.0,0.0,89.7938781939256
1417,1967-08-16,134.72497422761555,49.90506502938703,127.82002126972678,134.72497422761555,134.72497422761555,-44.88556062814284,-44.88556062814284,-44.88556062814284,-44.88556062814284,-44.88556062814284,-44.88556062814284,0.0,0.0,0.0,89.8394135994727
1418,1967-08-17,134.776726743728,47.23606504366816,131.3373948268849,134.776726743728,134.776726743728,-44.891316852486156,-44.891316852486156,-44.891316852486156,-44.891316852486156,-44.891316852486156,-44.891316852486156,0.0,0.0,0.0,89.88540989124185
1419,1967-08-18,134.82847925984044,46.51289926117498,130.92681743940042,134.82847925984044,134.82847925984044,-44.89661138268668,-44.89661138268668,-44.89661138268668,-44.89661138268668,-44.89661138268668,-44.89661138268668,0.0,0.0,0.0,89.93186787715376
1420,1967-08-21,134.98373680817778,50.37446228451187,131.57149900757682,134.98373680817778,134.98373680817778,-44.909716926883725,-44.909716926883725,-44.909716926883725,-44.909716926883725,-44.909716926883725,-44.909716926883725,0.0,0.0,0.0,90.07401988129405
1421,1967-08-22,135.0354893242902,49.47533348146312,133.2130820507168,135.0354893242902,135.0354893242902,-44.91315686478703,-44.91315686478703,-44.91315686478703,-44.91315686478703,-44.91315686478703,-44.91315686478703,0.0,0.0,0.0,90.12233245950318
1422,1967-08-23,135.08724184040267,50.13269130425491,132.05998718256265,135.08724184040267,135.08724184040267,-44.91613126647221,-44.91613126647221,-44.91613126647221,-44.91613126647221,-44.91613126647221,-44.91613126647221,0.0,0.0,0.0,90.17111057393046
1423,1967-08-24,135.1389943565151,47.93922865718916,135.3269751979625,135.1389943565151,135.1389943565151,-44.91863940296147,-44.91863940296147,-44.91863940296147,-44.91863940296147,-44.91863940296147,-44.91863940296147,0.0,0.0,0.0,90.22035495355362
1424,1967-08-25,135.19074687262756,47.60772420525971,131.36506610949004,135.19074687262756,135.19074687262756,-44.92068055839803,-44.92068055839803,-44.92068055839803,-44.92068055839803,-44.92068055839803,-44.92068055839803,0.0,0.0,0.0,90.27006631422952
1425,1967-08-28,135.34600442096487,46.67690367855326,130.73993027707445,135.34600442096487,135.34600442096487,-44.92399517639475,-44.92399517639475,-44.92399517639475,-44.92399517639475,-44.92399517639475,-44.92399517639475,0.0,0.0,0.0,90.42200924457012
1426,1967-08-29,135.3977569370773,51.719455389589655,130.3654922562407,135.3977569370773,135.3977569370773,-44.924161511061655,-44.924161511061655,-44.924161511061655,-44.924161511061655,-44.924161511061655,-44.924161511061655,0.0,0.0,0.0,90.47359542601565
1427,1967-08-30,135.44950945318976,47.49960696397983,133.8217728233966,135.44950945318976,135.44950945318976,-44.9238574817899,-44.9238574817899,-44.9238574817899,-44.9238574817899,-44.9238574817899,-44.9238574817899,0.0,0.0,0.0,90.52565197139987
1428,1967-08-31,135.50126196930222,48.182619638865006,134.2833543116257,135.50126196930222,135.50126196930222,-44.923082451192215,-44.923082451192215,-44.923082451192215,-44.923082451192215,-44.923082451192215,-44.923082451192215,0.0,0.0,0.0,90.57817951811
1429,1967-09-01,135.55301448541468,46.5584469044505,132.10811243375596,135.55301448541468,135.55301448541468,-44.92183579491323,-44.92183579491323,-44.92183579491323,-44.92183579491323,-44.92183579491323,-44.92183579491323,0.0,0.0,0.0,90.63117869050146
1430,1967-09-05,135.76002454986445,52.92687671961363,132.8729922659932,135.76002454986445,135.76002454986445,-44.91212088115393,-44.91212088115393,-44.91212088115393,-44.91212088115393,-44.91212088115393,-44.91212088115393,0.0,0.0,0.0,90.84790366871053
1431,1967-09-06,135.81177706597688,48.11738517533127,129.94788917385682,135.81177706597688,135.81177706597688,-44.908507186201895,-44.908507186201895,-44.908507186201895,-44.908507186201895,-44.908507186201895,-44.908507186201895,0.0,0.0,0.0,90.903269879775
1432,1967-09-07,135.8635295820893,49.63649073927883,133.23127858222682,135.8635295820893,135.8635295820893,-44.904418392257426,-44.904418392257426,-44.904418392257426,-44.904418392257426,-44.904418392257426,-44.904418392257426,0.0,0.0,0.0,90.95911118983189
1433,1967-09-08,135.91528209820174,50.61504519406013,131.3347585600581,135.91528209820174,135.91528209820174,-44.899853965756776,-44.899853965756776,-44.899853965756776,-44.899853965756776,-44.899853965756776,-44.899853965756776,0.0,0.0,0.0,91.01542813244497
1434,1967-09-11,136.0705396465391,47.40487703919844,133.2254440993508,136.0705396465391,136.0705396465391,-44.88330174873134,-44.88330174873134,-44.88330174873134,-44.88330174873134,-44.88330174873134,-44.88330174873134,0.0,0.0,0.0,91.18723789780775
1435,1967-09-12,136.12229216265152,47.598476960606845,134.34336215344763,136.12229216265152,136.12229216265152,-44.87682971417673,-44.87682971417673,-44.87682971417673,-44.87682971417673,-44.87682971417673,-44.87682971417673,0.0,0.0,0.0,91.2454624484748
1436,1967-09-13,136.17404467876398,51.964680577330604,136.01872761538738,136.17404467876398,136.17404467876398,-44.86987957244312,-44.86987957244312,-44.86987957244312,-44.86987957244312,-44.86987957244312,-44.86987957244312,0.0,0.0,0.0,91.30416510632085
1437,1967-09-14,136.22579719487644,48.46418935267603,131.3487954231891,136.22579719487644,136.22579719487644,-44.86245086711445,-44.86245086711445,-44.86245086711445,-44.86245086711445,-44.86245086711445,-44.86245086711445,0.0,0.0,0.0,91.36334632776199
1438,1967-09-15,136.27754971098886,50.16546588744786,131.2752475796753,136.27754971098886,136.27754971098886,-44.854543154565604,-44.854543154565604,-44.854543154565604,-44.854543154565604,-44.854543154565604,-44.854543154565604,0.0,0.0,0.0,91.42300655642326
1439,1967-09-18,136.4328072593262,52.60338661290742,135.69427441086398,136.4328072593262,136.4328072593262,-44.82794172877775,-44.82794172877775,-44.82794172877775,-44.82794172877775,-44.82794172877775,-44.82794172877775,0.0,0.0,0.0,91.60486553054847
1440,1967-09-19,136.48455977543864,50.48583413062917,131.82093593004046,136.48455977543864,136.48455977543864,-44.81811380619214,-44.81811380619214,-44.81811380619214,-44.81811380619214,-44.81811380619214,-44.81811380619214,0.0,0.0,0.0,91.6664459692465
1441,1967-09-20,136.5363122915511,49.20725205483624,133.6490979407344,136.5363122915511,136.5363122915511,-44.807804849397215,-44.807804849397215,-44.807804849397215,-44.807804849397215,-44.807804849397215,-44.807804849397215,0.0,0.0,0.0,91.72850744215388
1442,1967-09-21,136.58806480766353,49.07945853412649,132.63454526802954,136.58806480766353,136.58806480766353,-44.797014491071934,-44.797014491071934,-44.797014491071934,-44.797014491071934,-44.797014491071934,-44.797014491071934,0.0,0.0,0.0,91.7910503165916
1443,1967-09-22,136.639817323776,47.596915775779514,132.7238073744202,136.639817323776,136.639817323776,-44.78574237653582,-44.78574237653582,-44.78574237653582,-44.78574237653582,-44.78574237653582,-44.78574237653582,0.0,0.0,0.0,91.85407494724016
1444,1967-09-25,136.7950748721133,50.44815155384511,135.25304006704602,136.7950748721133,136.7950748721133,-44.74903213797209,-44.74903213797209,-44.74903213797209,-44.74903213797209,-44.74903213797209,-44.74903213797209,0.0,0.0,0.0,92.04604273414122
1445,1967-09-26,136.84682738822576,52.742551696333926,136.12381848171103,136.84682738822576,136.84682738822576,-44.73582970377496,-44.73582970377496,-44.73582970377496,-44.73582970377496,-44.73582970377496,-44.73582970377496,0.0,0.0,0.0,92.11099768445081
1446,1967-09-27,136.8985799043382,49.545740555680084,133.0952645554184,136.8985799043382,136.8985799043382,-44.72214392874578,-44.72214392874578,-44.72214392874578,-44.72214392874578,-44.72214392874578,-44.72214392874578,0.0,0.0,0.0,92.17643597559241
1447,1967-09-28,136.95033242045065,51.680463313448534,133.13820779549604,136.95033242045065,136.95033242045065,-44.70797453354701,-44.70797453354701,-44.70797453354701,-44.70797453354701,-44.70797453354701,-44.70797453354701,0.0,0.0,0.0,92.24235788690365
1448,1967-09-29,137.00208493656308,47.78270648168597,133.37747730407165,137.00208493656308,137.00208493656308,-44.69332125131125,-44.69332125131125,-44.69332125131125,-44.69332125131125,-44.69332125131125,-44.69332125131125,0.0,0.0,0.0,92.30876368525183
1449,1967-10-02,137.15734248490043,46.60874980099466,135.6988524932783,137.15734248490043,137.15734248490043,-44.64645560022068,-44.64645560022068,-44.64645560022068,-44.64645560022068,-44.64645560022068,-44.64645560022068,0.0,0.0,0.0,92.51088688467973
1450,1967-10-03,137.20909500101286,53.072959092060636,133.1870892702521,137.20909500101286,137.20909500101286,-44.62986434966064,-44.62986434966064,-44.62986434966064,-44.62986434966064,-44.62986434966064,-44.62986434966064,0.0,0.0,0.0,92.57923065135222
1451,1967-10-04,137.26084751712528,48.417971034337505,133.63736254721846,137.26084751712528,137.26084751712528,-44.61278806386617,-44.61278806386617,-44.61278806386617,-44.61278806386617,-44.61278806386617,-44.61278806386617,0.0,0.0,0.0,92.64805945325912
1452,1967-10-05,137.31260003323774,50.76909479419644,130.7186468775809,137.31260003323774,137.31260003323774,-44.59522655023674,-44.59522655023674,-44.59522655023674,-44.59522655023674,-44.59522655023674,-44.59522655023674,0.0,0.0,0.0,92.71737348300101
1453,1967-10-06,137.3643525493502,51.26092138544589,133.6730330034303,137.3643525493502,137.3643525493502,-44.57717962845366,-44.57717962845366,-44.57717962845366,-44.57717962845366,-44.57717962845366,-44.57717962845366,0.0,0.0,0.0,92.78717292089654
1454,1967-10-09,137.51961009768752,52.260018894638606,135.0583483942416,137.51961009768752,137.51961009768752,-44.5201247946184,-44.5201247946184,-44.5201247946184,-44.5201247946184,-44.5201247946184,-44.5201247946184,0.0,0.0,0.0,92.99948530306912
1455,1967-10-10,137.57136261379995,48.26919460173636,131.52747179687364,137.57136261379995,137.57136261379995,-44.50013468166121,-44.50013468166121,-44.50013468166121,-44.50013468166121,-44.50013468166121,-44.50013468166121,0.0,0.0,0.0,93.07122793213874
1456,1967-10-11,137.6231151299124,50.92535157194045,133.62695652084096,137.6231151299124,137.6231151299124,-44.47965844217171,-44.47965844217171,-44.47965844217171,-44.47965844217171,-44.47965844217171,-44.47965844217171,0.0,0.0,0.0,93.1434566877407
1457,1967-10-12,137.67486764602486,50.936763767218935,134.7461054947904,137.67486764602486,137.67486764602486,-44.4586959689101,-44.4586959689101,-44.4586959689101,-44.4586959689101,-44.4586959689101,-44.4586959689101,0.0,0.0,0.0,93.21617167711477
1458,1967-10-13,137.7266201621373,49.7669291366288,133.99593034278647,137.7266201621373,137.7266201621373,-44.43724716671135,-44.43724716671135,-44.43724716671135,-44.43724716671135,-44.43724716671135,-44.43724716671135,0.0,0.0,0.0,93.28937299542594
1459,1967-10-16,137.88187771047464,49.854423255081045,133.28418677781895,137.88187771047464,137.88187771047464,-44.36998201530591,-44.36998201530591,-44.36998201530591,-44.36998201530591,-44.36998201530591,-44.36998201530591,0.0,0.0,0.0,93.51189569516873
1460,1967-10-17,137.93363022658707,55.42787955656576,136.4122424088219,137.93363022658707,137.93363022658707,-44.346587186105715,-44.346587186105715,-44.346587186105715,-44.346587186105715,-44.346587186105715,-44.346587186105715,0.0,0.0,0.0,93.58704304048135
1461,1967-10-18,137.98538274269953,47.995004793989715,136.95302148289204,137.98538274269953,137.98538274269953,-44.32270573216302,-44.32270573216302,-44.32270573216302,-44.32270573216302,-44.32270573216302,-44.32270573216302,0.0,0.0,0.0,93.6626770105365
1462,1967-10-19,138.03713525881196,52.882690429472916,135.07878438978304,138.03713525881196,138.03713525881196,-44.29833763009596,-44.29833763009596,-44.29833763009596,-44.29833763009596,-44.29833763009596,-44.29833763009596,0.0,0.0,0.0,93.738797628716
1463,1967-10-20,138.0888877749244,51.356551664607856,138.15092511080474,138.0888877749244,138.0888877749244,-44.273482868372575,-44.273482868372575,-44.273482868372575,-44.273482868372575,-44.273482868372575,-44.273482868372575,0.0,0.0,0.0,93.8154049065518
1464,1967-10-23,138.24414532326173,54.13599338289355,137.06330956627983,138.24414532326173,138.24414532326173,-44.19599868698542,-44.19599868698542,-44.19599868698542,-44.19599868698542,-44.19599868698542,-44.19599868698542,0.0,0.0,0.0,94.04814663627631
1465,1967-10-24,138.29589783937416,52.69169163888942,136.10798387540686,138.29589783937416,138.29589783937416,-44.16919740713265,-44.16919740713265,-44.16919740713265,-44.16919740713265,-44.16919740713265,-44.16919740713265,0.0,0.0,0.0,94.1267004322415
1466,1967-10-25,138.34765035548662,51.738883921935745,134.8853154123218,138.34765035548662,138.34765035548662,-44.14190958652561,-44.14190958652561,-44.14190958652561,-44.14190958652561,-44.14190958652561,-44.14190958652561,0.0,0.0,0.0,94.20574076896102
1467,1967-10-26,138.39940287159908,51.932667399298204,137.10552190218397,138.39940287159908,138.39940287159908,-44.11413528401511,-44.11413528401511,-44.11413528401511,-44.11413528401511,-44.11413528401511,-44.11413528401511,0.0,0.0,0.0,94.28526758758397
1468,1967-10-27,138.4511553877115,54.193818900702674,136.43530116334762,138.4511553877115,138.4511553877115,-44.08587457006003,-44.08587457006003,-44.08587457006003,-44.08587457006003,-44.08587457006003,-44.08587457006003,0.0,0.0,0.0,94.36528081765148
1469,1967-10-30,138.60641293604883,54.58332739996733,140.2803638410956,138.60641293604883,138.60641293604883,-43.998174837478,-43.998174837478,-43.998174837478,-43.998174837478,-43.998174837478,-43.998174837478,0.0,0.0,0.0,94.60823809857084
1470,1967-10-31,138.65816545216128,54.02668377519888,137.42087276048954,138.65816545216128,138.65816545216128,-43.96796941322748,-43.96796941322748,-43.96796941322748,-43.96796941322748,-43.96796941322748,-43.96796941322748,0.0,0.0,0.0,94.6901960389338
1471,1967-11-01,138.70991796827374,52.844271433265874,135.39566622914236,138.70991796827374,138.70991796827374,-43.93727810267688,-43.93727810267688,-43.93727810267688,-43.93727810267688,-43.93727810267688,-43.93727810267688,0.0,0.0,0.0,94.77263986559686
1472,1967-11-02,138.7616704843862,57.10477729136659,136.03295827520705,138.7616704843862,138.7616704843862,-43.906101045166665,-43.906101045166665,-43.906101045166665,-43.906101045166665,-43.906101045166665,-43.906101045166665,0.0,0.0,0.0,94.85556943921954
1473,1967-11-03,138.81342300049863,53.04242716345674,135.54448278122115,138.81342300049863,138.81342300049863,-43.874438391387,-43.874438391387,-43.874438391387,-43.874438391387,-43.874438391387,-43.874438391387,0.0,0.0,0.0,94.93898460911163
1474,1967-11-06,138.96868054883598,52.599216701535696,138.46115732789897,138.96868054883598,138.96868054883598,-43.77653852877116,-43.77653852877116,-43.77653852877116,-43.77653852877116,-43.77653852877116,-43.77653852877116,0.0,0.0,0.0,95.19214202006481
1475,1967-11-08,139.07218558106084,54.86428837631736,137.24881935317464,139.07218558106084,139.07218558106084,-43.708847242228124,-43.708847242228124,-43.708847242228124,-43.708847242228124,-43.708847242228124,-43.708847242228124,0.0,0.0,0.0,95.3633383388327
1476,1967-11-09,139.1239380971733,55.790600579906744,137.3093300351335,139.1239380971733,139.1239380971733,-43.67427480604404,-43.67427480604404,-43.67427480604404,-43.67427480604404,-43.67427480604404,-43.67427480604404,0.0,0.0,0.0,95.44966329112926
1477,1967-11-10,139.17569061328572,53.997138195919234,135.29179921152829,139.17569061328572,139.17569061328572,-43.639218142958605,-43.639218142958605,-43.639218142958605,-43.639218142958605,-43.639218142958605,-43.639218142958605,0.0,0.0,0.0,95.53647247032711
1478,1967-11-13,139.33094816162307,53.50967249096783,138.01760797318354,139.33094816162307,139.33094816162307,-43.5311452480646,-43.5311452480646,-43.5311452480646,-43.5311452480646,-43.5311452480646,-43.5311452480646,0.0,0.0,0.0,95.79980291355847
1479,1967-11-14,139.3827006777355,55.80551745392976,137.18384945613556,139.3827006777355,139.3827006777355,-43.494154187950976,-43.494154187950976,-43.494154187950976,-43.494154187950976,-43.494154187950976,-43.494154187950976,0.0,0.0,0.0,95.88854648978452
1480,1967-11-15,139.43445319384793,52.602702323412615,137.47287831751146,139.43445319384793,139.43445319384793,-43.4566802108865,-43.4566802108865,-43.4566802108865,-43.4566802108865,-43.4566802108865,-43.4566802108865,0.0,0.0,0.0,95.97777298296143
1481,1967-11-16,139.4862057099604,53.860018101033155,136.78838031749748,139.4862057099604,139.4862057099604,-43.41872361151303,-43.41872361151303,-43.41872361151303,-43.41872361151303,-43.41872361151303,-43.41872361151303,0.0,0.0,0.0,96.06748209844736
1482,1967-11-17,139.53795822607285,54.86930770900503,135.45818083182576,139.53795822607285,139.53795822607285,-43.38028469525837,-43.38028469525837,-43.38028469525837,-43.38028469525837,-43.38028469525837,-43.38028469525837,0.0,0.0,0.0,96.15767353081448
1483,1967-11-20,139.69321577441016,56.86517468635567,138.02812923778305,139.69321577441016,139.69321577441016,-43.262077260380046,-43.262077260380046,-43.262077260380046,-43.262077260380046,-43.262077260380046,-43.262077260380046,0.0,0.0,0.0,96.43113851403012
1484,1967-11-21,139.74496829052262,55.94383055423613,135.0965205124591,139.74496829052262,139.74496829052262,-43.22171234510421,-43.22171234510421,-43.22171234510421,-43.22171234510421,-43.22171234510421,-43.22171234510421,0.0,0.0,0.0,96.52325594541841
1485,1967-11-22,139.79672080663505,57.5179523053232,139.11219672113526,139.79672080663505,139.79672080663505,-43.180866800377835,-43.180866800377835,-43.180866800377835,-43.180866800377835,-43.180866800377835,-43.180866800377835,0.0,0.0,0.0,96.61585400625722
1486,1967-11-24,139.90022583885997,52.82507601755132,138.04204438788392,139.90022583885997,139.90022583885997,-43.09773531001839,-43.09773531001839,-43.09773531001839,-43.09773531001839,-43.09773531001839,-43.09773531001839,0.0,0.0,0.0,96.80249052884157
1487,1967-11-27,140.05548338719728,56.8642543581836,136.2283241250746,140.05548338719728,140.05548338719728,-42.96944292435314,-42.96944292435314,-42.96944292435314,-42.96944292435314,-42.96944292435314,-42.96944292435314,0.0,0.0,0.0,97.08604046284415
1488,1967-11-28,140.10723590330974,56.09826671183188,137.16219284619777,140.10723590330974,140.10723590330974,-42.92572172229205,-42.92572172229205,-42.92572172229205,-42.92572172229205,-42.92572172229205,-42.92572172229205,0.0,0.0,0.0,97.18151418101769
1489,1967-11-29,140.15898841942217,55.61655112187013,137.78392163637682,140.15898841942217,140.15898841942217,-42.881522694024156,-42.881522694024156,-42.881522694024156,-42.881522694024156,-42.881522694024156,-42.881522694024156,0.0,0.0,0.0,97.27746572539802
1490,1967-11-30,140.2107409355346,54.28148325551824,137.84728437679172,140.2107409355346,140.2107409355346,-42.836846281221064,-42.836846281221064,-42.836846281221064,-42.836846281221064,-42.836846281221064,-42.836846281221064,0.0,0.0,0.0,97.37389465431355
1491,1967-12-01,140.26249345164706,56.42618843749994,137.90759558984877,140.26249345164706,140.26249345164706,-42.79169293571905,-42.79169293571905,-42.79169293571905,-42.79169293571905,-42.79169293571905,-42.79169293571905,0.0,0.0,0.0,97.470800515928
1492,1967-12-04,140.41775099998438,58.741734585806725,142.5714397323951,140.41775099998438,140.41775099998438,-42.65337597287764,-42.65337597287764,-42.65337597287764,-42.65337597287764,-42.65337597287764,-42.65337597287764,0.0,0.0,0.0,97.76437502710674
1493,1967-12-05,140.4695035160968,57.21789395926746,138.8764879547708,140.4695035160968,140.4695035160968,-42.606319616608005,-42.606319616608005,-42.606319616608005,-42.606319616608005,-42.606319616608005,-42.606319616608005,0.0,0.0,0.0,97.8631838994888
1494,1967-12-06,140.35018898844098,56.053000782062185,139.46742492119864,140.35018898844098,140.35018898844098,-42.55878873765823,-42.55878873765823,-42.55878873765823,-42.55878873765823,-42.55878873765823,-42.55878873765823,0.0,0.0,0.0,97.79140025078274
1495,1967-12-07,140.23087446078512,56.127741014769974,140.78076624576468,140.23087446078512,140.23087446078512,-42.51078384786902,-42.51078384786902,-42.51078384786902,-42.51078384786902,-42.51078384786902,-42.51078384786902,0.0,0.0,0.0,97.7200906129161
1496,1967-12-08,140.11155993312923,53.569876459553605,140.758994773681,140.11155993312923,140.11155993312923,-42.46230546891525,-42.46230546891525,-42.46230546891525,-42.46230546891525,-42.46230546891525,-42.46230546891525,0.0,0.0,0.0,97.64925446421398
1497,1967-12-11,139.75361635016156,58.421347205934595,137.13422200497604,139.75361635016156,139.75361635016156,-42.31403476031554,-42.31403476031554,-42.31403476031554,-42.31403476031554,-42.31403476031554,-42.31403476031554,0.0,0.0,0.0,97.43958158984603
1498,1967-12-12,139.6343018225057,57.48431866139756,135.8523209022652,139.6343018225057,139.6343018225057,-42.26366783644521,-42.26366783644521,-42.26366783644521,-42.26366783644521,-42.26366783644521,-42.26366783644521,0.0,0.0,0.0,97.3706339860605
1499,1967-12-13,139.5149872948498,56.11072659557457,138.26380603744565,139.5149872948498,139.5149872948498,-42.21283017760252,-42.21283017760252,-42.21283017760252,-42.21283017760252,-42.21283017760252,-42.21283017760252,0.0,0.0,0.0,97.30215711724728
1500,1967-12-14,139.39567276719393,53.67019583075195,136.96857349703464,139.39567276719393,139.39567276719393,-42.16152236344675,-42.16152236344675,-42.16152236344675,-42.16152236344675,-42.16152236344675,-42.16152236344675,0.0,0.0,0.0,97.23415040374718
1501,1967-12-15,139.27635823953804,55.751853509929276,139.0800623157601,139.27635823953804,139.27635823953804,-42.10974498312862,-42.10974498312862,-42.10974498312862,-42.10974498312862,-42.10974498312862,-42.10974498312862,0.0,0.0,0.0,97.16661325640942
1502,1967-12-18,138.91841465657038,58.164038057281076,140.74628194765594,138.91841465657038,138.91841465657038,-41.95160147803187,-41.95160147803187,-41.95160147803187,-41.95160147803187,-41.95160147803187,-41.95160147803187,0.0,0.0,0.0,96.9668131785385
1503,1967-12-19,138.79910012891452,52.25090294280199,138.76030996523664,138.79910012891452,138.79910012891452,-41.897951912651834,-41.897951912651834,-41.897951912651834,-41.897951912651834,-41.897951912651834,-41.897951912651834,0.0,0.0,0.0,96.90114821626268
1504,1967-12-20,138.6797856012586,52.53430361984348,137.38777950141875,138.6797856012586,138.6797856012586,-41.843835867481914,-41.843835867481914,-41.843835867481914,-41.843835867481914,-41.843835867481914,-41.843835867481914,0.0,0.0,0.0,96.83594973377669
1505,1967-12-21,138.56047107360274,55.58562976969337,135.93532557009704,138.56047107360274,138.56047107360274,-41.7892539875661,-41.7892539875661,-41.7892539875661,-41.7892539875661,-41.7892539875661,-41.7892539875661,0.0,0.0,0.0,96.77121708603664
1506,1967-12-22,138.44115654594685,56.86652150018148,138.21425076870827,138.44115654594685,138.44115654594685,-41.7342069270858,-41.7342069270858,-41.7342069270858,-41.7342069270858,-41.7342069270858,-41.7342069270858,0.0,0.0,0.0,96.70694961886105
1507,1967-12-26,137.96389843532333,55.84723306592203,136.42539664496624,137.96389843532333,137.96389843532333,-41.50938028006637,-41.50938028006637,-41.50938028006637,-41.50938028006637,-41.50938028006637,-41.50938028006637,0.0,0.0,0.0,96.45451815525696
1508,1967-12-27,137.84458390766744,56.26339370031632,136.04654462824215,137.84458390766744,137.84458390766744,-41.452017445676816,-41.452017445676816,-41.452017445676816,-41.452017445676816,-41.452017445676816,-41.452017445676816,0.0,0.0,0.0,96.39256646199063
1509,1967-12-28,137.72526938001155,54.40550854115371,141.28859654536558,137.72526938001155,137.72526938001155,-41.394193544798085,-41.394193544798085,-41.394193544798085,-41.394193544798085,-41.394193544798085,-41.394193544798085,0.0,0.0,0.0,96.33107583521347
1510,1967-12-29,137.60595485235567,53.21896372331902,135.96999469943154,137.60595485235567,137.60595485235567,-41.335909294119666,-41.335909294119666,-41.335909294119666,-41.335909294119666,-41.335909294119666,-41.335909294119666,0.0,0.0,0.0,96.270045558236
1511,1968-01-02,137.12869674173214,54.00277693224345,138.96763613045766,137.12869674173214,137.12869674173214,-41.09818343126907,-41.09818343126907,-41.09818343126907,-41.09818343126907,-41.09818343126907,-41.09818343126907,0.0,0.0,0.0,96.03051331046308
1512,1968-01-03,137.00938221407625,53.96519334612573,136.792220030301,137.00938221407625,137.00938221407625,-41.03760848525714,-41.03760848525714,-41.03760848525714,-41.03760848525714,-41.03760848525714,-41.03760848525714,0.0,0.0,0.0,95.97177372881912
1513,1968-01-04,136.89006768642037,56.09913475940714,137.7681364268027,136.89006768642037,136.89006768642037,-40.97657767082732,-40.97657767082732,-40.97657767082732,-40.97657767082732,-40.97657767082732,-40.97657767082732,0.0,0.0,0.0,95.91349001559306
1514,1968-01-05,136.77075315876448,51.71797274438525,137.788230179641,136.77075315876448,136.77075315876448,-40.91509176458323,-40.91509176458323,-40.91509176458323,-40.91509176458323,-40.91509176458323,-40.91509176458323,0.0,0.0,0.0,95.85566139418125
1515,1968-01-08,136.4128095757968,57.18860029196574,136.1769749234053,136.4128095757968,136.4128095757968,-40.7279113858281,-40.7279113858281,-40.7279113858281,-40.7279113858281,-40.7279113858281,-40.7279113858281,0.0,0.0,0.0,95.68489818996872
1516,1968-01-09,136.29349504814093,54.530667301412684,137.53932881882173,136.29349504814093,136.29349504814093,-40.66461304441575,-40.66461304441575,-40.66461304441575,-40.66461304441575,-40.66461304441575,-40.66461304441575,0.0,0.0,0.0,95.62888200372518
1517,1968-01-10,136.17418052048507,53.930110998799414,138.32615986848057,136.17418052048507,136.17418052048507,-40.60086361826777,-40.60086361826777,-40.60086361826777,-40.60086361826777,-40.60086361826777,-40.60086361826777,0.0,0.0,0.0,95.5733169022173
1518,1968-01-11,136.0548659928292,53.17716679135905,137.37350806261605,136.0548659928292,136.0548659928292,-40.53666393322803,-40.53666393322803,-40.53666393322803,-40.53666393322803,-40.53666393322803,-40.53666393322803,0.0,0.0,0.0,95.51820205960118
1519,1968-01-12,135.9355514651733,56.0008909050147,136.6054888831638,135.9355514651733,135.9355514651733,-40.47201482315427,-40.47201482315427,-40.47201482315427,-40.47201482315427,-40.47201482315427,-40.47201482315427,0.0,0.0,0.0,95.46353664201902
1520,1968-01-15,135.57760788220568,50.64061597817447,137.83397989445484,135.57760788220568,135.57760788220568,-40.275379400348406,-40.275379400348406,-40.275379400348406,-40.275379400348406,-40.275379400348406,-40.275379400348406,0.0,0.0,0.0,95.30222848185727
1521,1968-01-16,135.45829335454974,55.92400101483042,135.33184729434802,135.45829335454974,135.45829335454974,-40.20894108704805,-40.20894108704805,-40.20894108704805,-40.20894108704805,-40.20894108704805,-40.20894108704805,0.0,0.0,0.0,95.24935226750168
1522,1968-01-17,135.33897882689388,56.045811046318086,136.21347130990605,135.33897882689388,135.33897882689388,-40.14205763626227,-40.14205763626227,-40.14205763626227,-40.14205763626227,-40.14205763626227,-40.14205763626227,0.0,0.0,0.0,95.1969211906316
1523,1968-01-18,135.21966429923802,54.335707615377466,134.42684759143637,135.21966429923802,135.21966429923802,-40.07472992876049,-40.07472992876049,-40.07472992876049,-40.07472992876049,-40.07472992876049,-40.07472992876049,0.0,0.0,0.0,95.14493437047753
1524,1968-01-19,135.1003497715821,54.51863632998617,136.66343640415892,135.1003497715821,135.1003497715821,-40.0069588529341,-40.0069588529341,-40.0069588529341,-40.0069588529341,-40.0069588529341,-40.0069588529341,0.0,0.0,0.0,95.093390918648
1525,1968-01-22,134.7424061886145,51.65892253954267,137.94174323598597,134.7424061886145,134.7424061886145,-39.800994412556165,-39.800994412556165,-39.800994412556165,-39.800994412556165,-39.800994412556165,-39.800994412556165,0.0,0.0,0.0,94.94141177605833
1526,1968-01-23,134.62309166095855,56.81341338344434,135.32454796646738,134.62309166095855,134.62309166095855,-39.73145889779426,-39.73145889779426,-39.73145889779426,-39.73145889779426,-39.73145889779426,-39.73145889779426,0.0,0.0,0.0,94.8916327631643
1527,1968-01-24,134.5037771333027,53.02637227271098,135.1292413795026,134.5037771333027,134.5037771333027,-39.66148456900329,-39.66148456900329,-39.66148456900329,-39.66148456900329,-39.66148456900329,-39.66148456900329,0.0,0.0,0.0,94.8422925642994
1528,1968-01-25,134.38446260564683,54.383790453032425,136.24240096832455,134.38446260564683,134.38446260564683,-39.591072359110534,-39.591072359110534,-39.591072359110534,-39.591072359110534,-39.591072359110534,-39.591072359110534,0.0,0.0,0.0,94.79339024653629
1529,1968-01-26,134.26514807799094,53.7014958981166,135.11704984442966,134.26514807799094,134.26514807799094,-39.52022320826553,-39.52022320826553,-39.52022320826553,-39.52022320826553,-39.52022320826553,-39.52022320826553,0.0,0.0,0.0,94.74492486972542
1530,1968-01-29,133.9072044950233,54.36285812442488,135.75113989661241,133.9072044950233,133.9072044950233,-39.30506361863327,-39.30506361863327,-39.30506361863327,-39.30506361863327,-39.30506361863327,-39.30506361863327,0.0,0.0,0.0,94.60214087639004
1531,1968-01-30,133.78788996736745,54.814898814338,137.00460882861825,133.78788996736745,133.78788996736745,-39.232476247897566,-39.232476247897566,-39.232476247897566,-39.232476247897566,-39.232476247897566,-39.232476247897566,0.0,0.0,0.0,94.55541371946988
1532,1968-01-31,133.6685754397115,55.69634835957968,138.1949478019863,133.6685754397115,133.6685754397115,-39.15945674326767,-39.15945674326767,-39.15945674326767,-39.15945674326767,-39.15945674326767,-39.15945674326767,0.0,0.0,0.0,94.50911869644384
1533,1968-02-01,133.54926091205564,55.04643630465686,136.94220480789585,133.54926091205564,133.54926091205564,-39.08600608701099,-39.08600608701099,-39.08600608701099,-39.08600608701099,-39.08600608701099,-39.08600608701099,0.0,0.0,0.0,94.46325482504466
1534,1968-02-02,133.42994638439976,54.3662653700709,136.38893234131268,133.42994638439976,133.42994638439976,-39.0121252682109,-39.0121252682109,-39.0121252682109,-39.0121252682109,-39.0121252682109,-39.0121252682109,0.0,0.0,0.0,94.41782111618886
1535,1968-02-05,133.07200280143212,52.62914191720379,138.02297479359433,133.07200280143212,133.07200280143212,-38.78791182839268,-38.78791182839268,-38.78791182839268,-38.78791182839268,-38.78791182839268,-38.78791182839268,0.0,0.0,0.0,94.28409097303944
1536,1968-02-06,132.95268827377626,53.537076024108856,138.86153149213882,132.95268827377626,132.95268827377626,-38.71232038451995,-38.71232038451995,-38.71232038451995,-38.71232038451995,-38.71232038451995,-38.71232038451995,0.0,0.0,0.0,94.2403678892563
1537,1968-02-07,132.83337374612032,51.811502158165126,138.321799072159,132.83337374612032,132.83337374612032,-38.6363038237068,-38.6363038237068,-38.6363038237068,-38.6363038237068,-38.6363038237068,-38.6363038237068,0.0,0.0,0.0,94.19706992241352
1538,1968-02-08,132.71405921846446,52.312478384826704,130.8512481827752,132.71405921846446,132.71405921846446,-38.559863174698954,-38.559863174698954,-38.559863174698954,-38.559863174698954,-38.559863174698954,-38.559863174698954,0.0,0.0,0.0,94.1541960437655
1539,1968-02-09,132.59474469080857,53.02509206909246,132.6338807530917,132.59474469080857,132.59474469080857,-38.48299947264593,-38.48299947264593,-38.48299947264593,-38.48299947264593,-38.48299947264593,-38.48299947264593,0.0,0.0,0.0,94.11174521816264
1540,1968-02-13,132.11748658018504,53.44345998006697,135.7791503079308,132.11748658018504,132.11748658018504,-38.17133505778332,-38.17133505778332,-38.17133505778332,-38.17133505778332,-38.17133505778332,-38.17133505778332,0.0,0.0,0.0,93.94615152240172
1541,1968-02-14,131.99817205252918,53.69853246399601,136.36660789189685,131.99817205252918,131.99817205252918,-38.09237183772492,-38.09237183772492,-38.09237183772492,-38.09237183772492,-38.09237183772492,-38.09237183772492,0.0,0.0,0.0,93.90580021480426
1542,1968-02-15,131.87885752487324,53.80922898153624,135.84917061591665,131.87885752487324,131.87885752487324,-38.01299190667122,-38.01299190667122,-38.01299190667122,-38.01299190667122,-38.01299190667122,-38.01299190667122,0.0,0.0,0.0,93.86586561820202
1543,1968-02-16,131.75954299721738,51.62365915083298,134.05881943263452,131.75954299721738,131.75954299721738,-37.93319634293277,-37.93319634293277,-37.93319634293277,-37.93319634293277,-37.93319634293277,-37.93319634293277,0.0,0.0,0.0,93.8263466542846
1544,1968-02-19,131.40159941424974,51.655893775554944,135.75109002126166,131.40159941424974,131.40159941424974,-37.69132672725444,-37.69132672725444,-37.69132672725444,-37.69132672725444,-37.69132672725444,-37.69132672725444,0.0,0.0,0.0,93.7102726869953
1545,1968-02-20,131.28228488659386,55.998387852703765,136.82447608531726,131.28228488659386,131.28228488659386,-37.609879533515716,-37.609879533515716,-37.609879533515716,-37.609879533515716,-37.609879533515716,-37.609879533515716,0.0,0.0,0.0,93.67240535307815
1546,1968-02-21,131.162970358938,52.09575751332803,136.4088671047711,131.162970358938,131.162970358938,-37.52802218634406,-37.52802218634406,-37.52802218634406,-37.52802218634406,-37.52802218634406,-37.52802218634406,0.0,0.0,0.0,93.63494817259394
1547,1968-02-23,130.9243413036262,49.835980200385016,137.17271805687926,130.9243413036262,130.9243413036262,-37.36308148914336,-37.36308148914336,-37.36308148914336,-37.36308148914336,-37.36308148914336,-37.36308148914336,0.0,0.0,0.0,93.56125981448284
1548,1968-02-26,130.56639772065856,51.29258548738375,134.16628472921855,130.56639772065856,130.56639772065856,-37.11262229642394,-37.11262229642394,-37.11262229642394,-37.11262229642394,-37.11262229642394,-37.11262229642394,0.0,0.0,0.0,93.4537754242346
1549,1968-02-27,130.44708319300267,50.483877916573775,133.08164066568955,130.44708319300267,130.44708319300267,-37.02832759367343,-37.02832759367343,-37.02832759367343,-37.02832759367343,-37.02832759367343,-37.02832759367343,0.0,0.0,0.0,93.41875559932924
1550,1968-02-28,130.3277686653468,52.1624891108843,135.2411478572363,130.3277686653468,130.3277686653468,-36.943630643026836,-36.943630643026836,-36.943630643026836,-36.943630643026836,-36.943630643026836,-36.943630643026836,0.0,0.0,0.0,93.38413802231997
1551,1968-02-29,130.20845413769095,51.8431676806017,134.71474734010334,130.20845413769095,130.20845413769095,-36.858532595138456,-36.858532595138456,-36.858532595138456,-36.858532595138456,-36.858532595138456,-36.858532595138456,0.0,0.0,0.0,93.3499215425525
1552,1968-03-01,130.089139610035,51.51743125757841,135.3102910692982,130.089139610035,130.089139610035,-36.773034605803396,-36.773034605803396,-36.773034605803396,-36.773034605803396,-36.773034605803396,-36.773034605803396,0.0,0.0,0.0,93.31610500423162
1553,1968-03-04,129.7311960270674,51.29928394333668,138.86189852266537,129.7311960270674,129.7311960270674,-36.51415262290016,-36.51415262290016,-36.51415262290016,-36.51415262290016,-36.51415262290016,-36.51415262290016,0.0,0.0,0.0,93.21704340416724
1554,1968-03-05,129.61188149941148,51.38595533422737,137.18708523866002,129.61188149941148,129.61188149941148,-36.42706652641065,-36.42706652641065,-36.42706652641065,-36.42706652641065,-36.42706652641065,-36.42706652641065,0.0,0.0,0.0,93.18481497300084
1555,1968-03-06,129.49256697175562,51.44760560352752,135.51634724078406,129.49256697175562,129.49256697175562,-36.33958634242726,-36.33958634242726,-36.33958634242726,-36.33958634242726,-36.33958634242726,-36.33958634242726,0.0,0.0,0.0,93.15298062932837
1556,1968-03-07,129.37325244409976,51.97311954856508,132.9348826871086,129.37325244409976,129.37325244409976,-36.2517132563088,-36.2517132563088,-36.2517132563088,-36.2517132563088,-36.2517132563088,-36.2517132563088,0.0,0.0,0.0,93.12153918779097
1557,1968-03-08,129.25393791644382,51.62182302901617,134.09398062083065,129.25393791644382,129.25393791644382,-36.1634484581275,-36.1634484581275,-36.1634484581275,-36.1634484581275,-36.1634484581275,-36.1634484581275,0.0,0.0,0.0,93.09048945831631
1558,1968-03-11,128.8959943334762,51.755133665041136,134.58370317761648,128.8959943334762,128.8959943334762,-35.89631576134569,-35.89631576134569,-35.89631576134569,-35.89631576134569,-35.89631576134569,-35.89631576134569,0.0,0.0,0.0,92.99967857213052
1559,1968-03-12,128.7766798058203,50.977094300623584,135.74973491153716,128.7766798058203,128.7766798058203,-35.80649610776224,-35.80649610776224,-35.80649610776224,-35.80649610776224,-35.80649610776224,-35.80649610776224,0.0,0.0,0.0,92.97018369805805
1560,1968-03-13,128.65736527816443,53.84008891594277,130.89183393548961,128.65736527816443,128.65736527816443,-35.716290761036134,-35.716290761036134,-35.716290761036134,-35.716290761036134,-35.716290761036134,-35.716290761036134,0.0,0.0,0.0,92.9410745171283
1561,1968-03-14,128.53805075050855,54.97703447916778,135.51377816448652,128.53805075050855,128.53805075050855,-35.625700938234104,-35.625700938234104,-35.625700938234104,-35.625700938234104,-35.625700938234104,-35.625700938234104,0.0,0.0,0.0,92.91234981227444
1562,1968-03-15,128.4187362228527,52.01174812924921,134.60817585478586,128.4187362228527,128.4187362228527,-35.53472786070751,-35.53472786070751,-35.53472786070751,-35.53472786070751,-35.53472786070751,-35.53472786070751,0.0,0.0,0.0,92.88400836214518
1563,1968-03-18,128.06079263988502,50.52691630273549,135.22063592595296,128.06079263988502,128.06079263988502,-35.25952137627038,-35.25952137627038,-35.25952137627038,-35.25952137627038,-35.25952137627038,-35.25952137627038,0.0,0.0,0.0,92.80127126361464
1564,1968-03-19,127.94147811222913,49.93553763063832,134.05876058586392,127.94147811222913,127.94147811222913,-35.167027576898406,-35.167027576898406,-35.167027576898406,-35.167027576898406,-35.167027576898406,-35.167027576898406,0.0,0.0,0.0,92.77445053533073
1565,1968-03-20,127.82216358457325,50.907913781306725,132.93703720761505,127.82216358457325,127.82216358457325,-35.074156691676194,-35.074156691676194,-35.074156691676194,-35.074156691676194,-35.074156691676194,-35.074156691676194,0.0,0.0,0.0,92.74800689289705
1566,1968-03-21,127.70284905691734,50.830492730526316,132.97982509561822,127.70284905691734,127.70284905691734,-34.98090996637218,-34.98090996637218,-34.98090996637218,-34.98090996637218,-34.98090996637218,-34.98090996637218,0.0,0.0,0.0,92.72193909054516
1567,1968-03-22,127.5835345292615,52.63561285090174,133.3364983213459,127.5835345292615,127.5835345292615,-34.88728865060942,-34.88728865060942,-34.88728865060942,-34.88728865060942,-34.88728865060942,-34.88728865060942,0.0,0.0,0.0,92.69624587865208
1568,1968-03-25,127.22559094629385,52.1237821530552,132.52104346832834,127.22559094629385,127.22559094629385,-34.604189713326186,-34.604189713326186,-34.604189713326186,-34.604189713326186,-34.604189713326186,-34.604189713326186,0.0,0.0,0.0,92.62140123296766
1569,1968-03-26,127.10627641863795,49.885677611901826,132.2972328081197,127.10627641863795,127.10627641863795,-34.50908260689824,-34.50908260689824,-34.50908260689824,-34.50908260689824,-34.50908260689824,-34.50908260689824,0.0,0.0,0.0,92.59719381173971
1570,1968-03-27,126.98696189098206,53.68441841253541,133.73298178173994,126.98696189098206,126.98696189098206,-34.41360721379364,-34.41360721379364,-34.41360721379364,-34.41360721379364,-34.41360721379364,-34.41360721379364,0.0,0.0,0.0,92.57335467718842
1571,1968-03-28,126.86764736332616,49.16214330781596,133.16830254365135,126.86764736332616,126.86764736332616,-34.31776480547217,-34.31776480547217,-34.31776480547217,-34.31776480547217,-34.31776480547217,-34.31776480547217,0.0,0.0,0.0,92.54988255785398
1572,1968-03-29,126.74833283567031,48.61430468572543,133.7391895579317,126.74833283567031,126.74833283567031,-34.22155665681793,-34.22155665681793,-34.22155665681793,-34.22155665681793,-34.22155665681793,-34.22155665681793,0.0,0.0,0.0,92.52677617885237
1573,1968-04-01,126.39038925270266,53.308670756150754,138.99060195191666,126.39038925270266,126.39038925270266,-33.93075056777665,-33.93075056777665,-33.93075056777665,-33.93075056777665,-33.93075056777665,-33.93075056777665,0.0,0.0,0.0,92.459638684926
1574,1968-04-02,126.27107472504676,48.66858420102178,134.16587621536397,126.27107472504676,126.27107472504676,-33.833092272972046,-33.833092272972046,-33.833092272972046,-33.833092272972046,-33.833092272972046,-33.833092272972046,0.0,0.0,0.0,92.43798245207472
1575,1968-04-03,126.15176019739091,49.438278127519325,136.54759129115322,126.1517601973909,126.1517601973909,-33.735074661472986,-33.735074661472986,-33.735074661472986,-33.735074661472986,-33.735074661472986,-33.735074661472986,0.0,0.0,0.0,92.41668553591794
1576,1968-04-04,126.03244566973497,51.66872708482356,133.7923605662712,126.03244566973497,126.03244566973497,-33.63669902742105,-33.63669902742105,-33.63669902742105,-33.63669902742105,-33.63669902742105,-33.63669902742105,0.0,0.0,0.0,92.39574664231392
1577,1968-04-05,125.91313114207912,51.326380883467756,132.44028968467092,125.91313114207912,125.91313114207912,-33.537966667953,-33.537966667953,-33.537966667953,-33.537966667953,-33.537966667953,-33.537966667953,0.0,0.0,0.0,92.37516447412612
1578,1968-04-08,125.55518755911147,50.741342777016754,131.12327748044174,125.55518755911147,125.55518755911147,-33.23964225205676,-33.23964225205676,-33.23964225205676,-33.23964225205676,-33.23964225205676,-33.23964225205676,0.0,0.0,0.0,92.31554530705472
1579,1968-04-10,125.31655850379973,53.83183032080481,132.55540814497508,125.31655850379973,125.31655850379973,-33.03899959108528,-33.03899959108528,-33.03899959108528,-33.03899959108528,-33.03899959108528,-33.03899959108528,0.0,0.0,0.0,92.27755891271445
1580,1968-04-11,125.19724397614378,50.08253712499201,130.67476986126957,125.19724397614378,125.19724397614378,-32.93815427899397,-32.93815427899397,-32.93815427899397,-32.93815427899397,-32.93815427899397,-32.93815427899397,0.0,0.0,0.0,92.25908969714982
1581,1968-04-15,124.71998586552029,52.13290053586712,134.56974248704188,124.71998586552029,124.71998586552029,-32.53131056431522,-32.53131056431522,-32.53131056431522,-32.53131056431522,-32.53131056431522,-32.53131056431522,0.0,0.0,0.0,92.18867530120507
1582,1968-04-16,124.60067133786438,51.07588979481052,134.0343707246677,124.60067133786438,124.60067133786438,-32.42874063160089,-32.42874063160089,-32.42874063160089,-32.42874063160089,-32.42874063160089,-32.42874063160089,0.0,0.0,0.0,92.1719307062635
1583,1968-04-17,124.48135681020854,47.48828340000974,133.0358640894401,124.48135681020854,124.48135681020854,-32.32582975045615,-32.32582975045615,-32.32582975045615,-32.32582975045615,-32.32582975045615,-32.32582975045615,0.0,0.0,0.0,92.15552705975239
1584,1968-04-18,124.36204228255264,52.4249247849934,132.128416020611,124.36204228255264,124.36204228255264,-32.22257925139156,-32.22257925139156,-32.22257925139156,-32.22257925139156,-32.22257925139156,-32.22257925139156,0.0,0.0,0.0,92.13946303116109
1585,1968-04-19,124.24272775489675,48.95303169262175,133.05006521326234,124.24272775489675,124.24272775489675,-32.11899046705861,-32.11899046705861,-32.11899046705861,-32.11899046705861,-32.11899046705861,-32.11899046705861,0.0,0.0,0.0,92.12373728783814
1586,1968-04-22,123.88478417192914,51.687812436772205,135.1762749717431,123.88478417192914,123.88478417192914,-31.806207759808238,-31.806207759808238,-31.806207759808238,-31.806207759808238,-31.806207759808238,-31.806207759808238,0.0,0.0,0.0,92.0785764121209
1587,1968-04-23,123.7654696442732,52.01191765349393,134.8672548344994,123.7654696442732,123.7654696442732,-31.701279201617737,-31.701279201617737,-31.701279201617737,-31.701279201617737,-31.701279201617737,-31.701279201617737,0.0,0.0,0.0,92.06419044265546
1588,1968-04-24,123.64615511661735,49.537798616422684,132.6635491256682,123.64615511661734,123.64615511661734,-31.59601905141268,-31.59601905141268,-31.59601905141268,-31.59601905141268,-31.59601905141268,-31.59601905141268,0.0,0.0,0.0,92.05013606520467
1589,1968-04-25,123.52684058896145,51.80587743055558,133.18969149414892,123.52684058896145,123.52684058896145,-31.49042865341997,-31.49042865341997,-31.49042865341997,-31.49042865341997,-31.49042865341997,-31.49042865341997,0.0,0.0,0.0,92.03641193554148
1590,1968-04-26,123.40752606130556,52.58581628303761,132.02559814215425,123.40752606130556,123.40752606130556,-31.384509353584637,-31.384509353584637,-31.384509353584637,-31.384509353584637,-31.384509353584637,-31.384509353584637,0.0,0.0,0.0,92.02301670772093
1591,1968-04-29,123.04958247833795,51.523211669108264,135.10570037449006,123.04958247833795,123.04958247833795,-31.064791526982354,-31.064791526982354,-31.064791526982354,-31.064791526982354,-31.064791526982354,-31.064791526982354,0.0,0.0,0.0,91.98479095135559
1592,1968-04-30,122.93026795068201,48.67689813900051,133.1642198790423,122.93026795068201,122.93026795068201,-30.957570111485225,-30.957570111485225,-30.957570111485225,-30.957570111485225,-30.957570111485225,-30.957570111485225,0.0,0.0,0.0,91.97269783919678
1593,1968-05-01,122.81095342302616,50.763832074904556,132.11236789999018,122.81095342302616,122.81095342302616,-30.850026547539578,-30.850026547539578,-30.850026547539578,-30.850026547539578,-30.850026547539578,-30.850026547539578,0.0,0.0,0.0,91.96092687548659
1594,1968-05-02,122.69163889537026,51.48066380416588,131.4437772032251,122.69163889537026,122.69163889537026,-30.742162190138675,-30.742162190138675,-30.742162190138675,-30.742162190138675,-30.742162190138675,-30.742162190138675,0.0,0.0,0.0,91.94947670523159
1595,1968-05-03,122.57232436771442,50.95872059226325,133.90612489788245,122.57232436771442,122.57232436771442,-30.633978395574463,-30.633978395574463,-30.633978395574463,-30.633978395574463,-30.633978395574463,-30.633978395574463,0.0,0.0,0.0,91.93834597213996
1596,1968-05-06,122.21438078474677,51.35574404533364,132.88528785980833,122.21438078474677,122.21438078474677,-30.307523970053918,-30.307523970053918,-30.307523970053918,-30.307523970053918,-30.307523970053918,-30.307523970053918,0.0,0.0,0.0,91.90685681469284
1597,1968-05-07,122.09506625709088,49.54429702486653,133.6282277179932,122.09506625709088,122.09506625709088,-30.198076013649544,-30.198076013649544,-30.198076013649544,-30.198076013649544,-30.198076013649544,-30.198076013649544,0.0,0.0,0.0,91.89699024344134
1598,1968-05-08,121.97575172943498,49.82811155636477,135.44790420655465,121.97575172943498,121.97575172943498,-30.08831541894215,-30.08831541894215,-30.08831541894215,-30.08831541894215,-30.08831541894215,-30.08831541894215,0.0,0.0,0.0,91.88743631049283
1599,1968-05-09,121.85643720177907,53.313935762893706,133.90297561892567,121.85643720177907,121.85643720177907,-29.978243548768805,-29.978243548768805,-29.978243548768805,-29.978243548768805,-29.978243548768805,-29.978243548768805,0.0,0.0,0.0,91.87819365301027
1600,1968-05-10,121.73712267412323,50.037478906370325,130.51992886393055,121.73712267412324,121.73712267412324,-29.867861766850467,-29.867861766850467,-29.867861766850467,-29.867861766850467,-29.867861766850467,-29.867861766850467,0.0,0.0,0.0,91.86926090727276
1601,1968-05-13,121.37917909115558,50.132569004181676,133.59018269839544,121.37917909115558,121.37917909115558,-29.53487059985692,-29.53487059985692,-29.53487059985692,-29.53487059985692,-29.53487059985692,-29.53487059985692,0.0,0.0,0.0,91.84430849129866
1602,1968-05-14,121.25986456349969,49.98029611293771,134.76228290580553,121.25986456349969,121.25986456349969,-29.423262823786306,-29.423262823786306,-29.423262823786306,-29.423262823786306,-29.423262823786306,-29.423262823786306,0.0,0.0,0.0,91.83660173971339
1603,1968-05-15,121.14055003584379,53.64034359234266,131.08710910824882,121.14055003584377,121.14055003584377,-29.311351965775938,-29.311351965775938,-29.311351965775938,-29.311351965775938,-29.311351965775938,-29.311351965775938,0.0,0.0,0.0,91.82919807006785
1604,1968-05-16,121.02123550818789,48.458299671829174,131.02465107612207,121.02123550818789,121.02123550818789,-29.199139393617116,-29.199139393617116,-29.199139393617116,-29.199139393617116,-29.199139393617116,-29.199139393617116,0.0,0.0,0.0,91.82209611457077
1605,1968-05-17,120.90192098053204,48.56345020168411,130.97086796350249,120.90192098053204,120.90192098053204,-29.086626475574995,-29.086626475574995,-29.086626475574995,-29.086626475574995,-29.086626475574995,-29.086626475574995,0.0,0.0,0.0,91.81529450495705
1606,1968-05-20,120.54397739756439,50.156496236562454,133.2733771646117,120.54397739756439,120.54397739756439,-28.74729933469182,-28.74729933469182,-28.74729933469182,-28.74729933469182,-28.74729933469182,-28.74729933469182,0.0,0.0,0.0,91.79667806287257
1607,1968-05-21,120.4246628699085,49.50511070284103,132.18395287226795,120.4246628699085,120.4246628699085,-28.633598723217524,-28.633598723217524,-28.633598723217524,-28.633598723217524,-28.633598723217524,-28.633598723217524,0.0,0.0,0.0,91.79106414669099
1608,1968-05-22,120.30534834225264,50.28080051121727,136.32102596023324,120.30534834225264,120.30534834225264,-28.519604612266466,-28.519604612266466,-28.519604612266466,-28.519604612266466,-28.519604612266466,-28.519604612266466,0.0,0.0,0.0,91.78574372998618
1609,1968-05-23,120.1860338145967,54.220841820697466,135.41955462739003,120.1860338145967,120.1860338145967,-28.405318371731955,-28.405318371731955,-28.405318371731955,-28.405318371731955,-28.405318371731955,-28.405318371731955,0.0,0.0,0.0,91.78071544286475
1610,1968-05-24,120.06671928694085,50.15086962013017,129.56364746345506,120.06671928694085,120.06671928694085,-28.290741371577006,-28.290741371577006,-28.290741371577006,-28.290741371577006,-28.290741371577006,-28.290741371577006,0.0,0.0,0.0,91.77597791536385
1611,1968-05-27,119.70877570397316,51.5062033270603,133.21257273135492,119.70877570397316,119.70877570397316,-27.945279512868275,-27.945279512868275,-27.945279512868275,-27.945279512868275,-27.945279512868275,-27.945279512868275,0.0,0.0,0.0,91.76349619110488
1612,1968-05-28,119.58946117631731,49.47477829485201,131.1033079299335,119.58946117631731,119.58946117631731,-27.82955317326019,-27.82955317326019,-27.82955317326019,-27.82955317326019,-27.82955317326019,-27.82955317326019,0.0,0.0,0.0,91.75990800305712
1613,1968-05-29,119.47014664866145,50.56495478279841,134.8023319047027,119.47014664866145,119.47014664866145,-27.71354292289713,-27.71354292289713,-27.71354292289713,-27.71354292289713,-27.71354292289713,-27.71354292289713,0.0,0.0,0.0,91.75660372576432
1614,1968-05-31,119.23151759334966,50.70585118970061,132.0547353479891,119.23151759334968,119.23151759334968,-27.48067616631953,-27.48067616631953,-27.48067616631953,-27.48067616631953,-27.48067616631953,-27.48067616631953,0.0,0.0,0.0,91.75084142703014
1615,1968-06-03,118.87357401038197,51.0750580794219,132.1557842952085,118.87357401038197,118.87357401038197,-27.129280918589256,-27.129280918589256,-27.129280918589256,-27.129280918589256,-27.129280918589256,-27.129280918589256,0.0,0.0,0.0,91.74429309179271
1616,1968-06-04,118.75425948272613,46.478804257879496,131.72378468139962,118.75425948272613,118.75425948272613,-27.01159594314835,-27.01159594314835,-27.01159594314835,-27.01159594314835,-27.01159594314835,-27.01159594314835,0.0,0.0,0.0,91.74266353957778
1617,1968-06-05,118.63494495507027,51.20207378640054,134.47311878827435,118.63494495507027,118.63494495507027,-26.893636632401616,-26.893636632401616,-26.893636632401616,-26.893636632401616,-26.893636632401616,-26.893636632401616,0.0,0.0,0.0,91.74130832266866
1618,1968-06-06,118.51563042741438,48.53928724154497,134.8699894658024,118.51563042741438,118.51563042741438,-26.77540435206336,-26.77540435206336,-26.77540435206336,-26.77540435206336,-26.77540435206336,-26.77540435206336,0.0,0.0,0.0,91.74022607535102
1619,1968-06-07,118.39631589975848,48.161953940489205,134.16207607915715,118.39631589975848,118.39631589975848,-26.6569004671295,-26.6569004671295,-26.6569004671295,-26.6569004671295,-26.6569004671295,-26.6569004671295,0.0,0.0,0.0,91.73941543262897
1620,1968-06-10,118.03837231679087,49.68824711243175,135.60214998965154,118.03837231679087,118.03837231679087,-26.299772822777953,-26.299772822777953,-26.299772822777953,-26.299772822777953,-26.299772822777953,-26.299772822777953,0.0,0.0,0.0,91.73859949401292
1621,1968-06-11,117.91905778913494,50.63726844872693,132.08153573818865,117.91905778913494,117.91905778913494,-26.180196153122488,-26.180196153122488,-26.180196153122488,-26.180196153122488,-26.180196153122488,-26.180196153122488,0.0,0.0,0.0,91.73886163601244
1622,1968-06-13,117.68042873382319,47.39413023584553,133.19986755956216,117.68042873382319,117.68042873382319,-25.940249796384446,-25.940249796384446,-25.940249796384446,-25.940249796384446,-25.940249796384446,-25.940249796384446,0.0,0.0,0.0,91.74017893743874
1623,1968-06-14,117.56111420616729,51.875449599247105,132.9906012496791,117.56111420616729,117.56111420616729,-25.819882827263566,-25.819882827263566,-25.819882827263566,-25.819882827263566,-25.819882827263566,-25.819882827263566,0.0,0.0,0.0,91.74123137890372
1624,1968-06-17,117.20317062319968,52.202064645647546,135.94918377214594,117.20317062319968,117.20317062319968,-25.457223040399278,-25.457223040399278,-25.457223040399278,-25.457223040399278,-25.457223040399278,-25.457223040399278,0.0,0.0,0.0,91.7459475828004
1625,1968-06-18,117.08385609554375,53.40421397014835,134.02157262870665,117.08385609554375,117.08385609554375,-25.335821334231024,-25.335821334231024,-25.335821334231024,-25.335821334231024,-25.335821334231024,-25.335821334231024,0.0,0.0,0.0,91.74803476131272
1626,1968-06-20,116.845227040232,49.1183673331279,132.92567806891984,116.845227040232,116.845227040232,-25.092253370742924,-25.092253370742924,-25.092253370742924,-25.092253370742924,-25.092253370742924,-25.092253370742924,0.0,0.0,0.0,91.75297366948908
1627,1968-06-21,116.72591251257614,47.805027103658745,130.92613557847073,116.72591251257614,116.72591251257614,-24.970089813331796,-24.970089813331796,-24.970089813331796,-24.970089813331796,-24.970089813331796,-24.970089813331796,0.0,0.0,0.0,91.75582269924435
1628,1968-06-24,116.3679689296085,46.04596190368329,134.1787744728411,116.36796892960851,116.36796892960851,-24.602097005775935,-24.602097005775935,-24.602097005775935,-24.602097005775935,-24.602097005775935,-24.602097005775935,0.0,0.0,0.0,91.76587192383256
1629,1968-06-25,116.2486544019526,51.4977101111126,134.23507747193287,116.2486544019526,116.2486544019526,-24.478936506336414,-24.478936506336414,-24.478936506336414,-24.478936506336414,-24.478936506336414,-24.478936506336414,0.0,0.0,0.0,91.7697178956162
1630,1968-06-27,116.01002534664082,50.75977409478365,131.2010327278321,116.01002534664082,116.01002534664082,-24.231879210887374,-24.231879210887374,-24.231879210887374,-24.231879210887374,-24.231879210887374,-24.231879210887374,0.0,0.0,0.0,91.77814613575345
1631,1968-06-28,115.89071081898496,53.39689061199394,132.1612298368321,115.89071081898496,115.89071081898496,-24.107985091549136,-24.107985091549136,-24.107985091549136,-24.107985091549136,-24.107985091549136,-24.107985091549136,0.0,0.0,0.0,91.78272572743582
1632,1968-07-01,115.53276723601726,48.558371797830176,135.8156853369644,115.53276723601726,115.53276723601726,-23.734856867344575,-23.734856867344575,-23.734856867344575,-23.734856867344575,-23.734856867344575,-23.734856867344575,0.0,0.0,0.0,91.79791036867269
1633,1968-07-02,115.41345270836142,51.348074291340794,130.17354450697033,115.41345270836142,115.41345270836142,-23.61000327576324,-23.61000327576324,-23.61000327576324,-23.61000327576324,-23.61000327576324,-23.61000327576324,0.0,0.0,0.0,91.80344943259817
1634,1968-07-03,115.29413818070547,50.00620052224051,129.54664721170698,115.29413818070547,115.29413818070547,-23.48491313989126,-23.48491313989126,-23.48491313989126,-23.48491313989126,-23.48491313989126,-23.48491313989126,0.0,0.0,0.0,91.80922504081421
1635,1968-07-08,114.69756554242608,50.50656352251353,131.12237257776903,114.69756554242608,114.69756554242608,-22.85596060324164,-22.85596060324164,-22.85596060324164,-22.85596060324164,-22.85596060324164,-22.85596060324164,0.0,0.0,0.0,91.84160493918444
1636,1968-07-09,114.57825101477023,51.22276374787497,134.16723042064692,114.57825101477023,114.57825101477023,-22.729478953969668,-22.729478953969668,-22.729478953969668,-22.729478953969668,-22.729478953969668,-22.729478953969668,0.0,0.0,0.0,91.84877206080057
1637,1968-07-11,114.33962195945844,52.27423428548855,133.30243143823023,114.33962195945844,114.33962195945844,-22.475835018701392,-22.475835018701392,-22.475835018701392,-22.475835018701392,-22.475835018701392,-22.475835018701392,0.0,0.0,0.0,91.86378694075705
1638,1968-07-12,114.22030743180258,53.25904987108084,133.13044363134782,114.22030743180258,114.22030743180258,-22.348675347865697,-22.348675347865697,-22.348675347865697,-22.348675347865697,-22.348675347865697,-22.348675347865697,0.0,0.0,0.0,91.87163208393689
1639,1968-07-15,113.86236384883489,51.31289496160575,132.50977412717847,113.86236384883489,113.86236384883489,-21.9658611590492,-21.9658611590492,-21.9658611590492,-21.9658611590492,-21.9658611590492,-21.9658611590492,0.0,0.0,0.0,91.89650268978569
1640,1968-07-16,113.74304932117904,49.76009188674634,132.99727153891737,113.74304932117904,113.74304932117904,-21.837815698564125,-21.837815698564125,-21.837815698564125,-21.837815698564125,-21.837815698564125,-21.837815698564125,0.0,0.0,0.0,91.90523362261492
1641,1968-07-18,113.50442026586725,50.601821152595996,134.57221216918782,113.50442026586725,113.50442026586725,-21.581071442523367,-21.581071442523367,-21.581071442523367,-21.581071442523367,-21.581071442523367,-21.581071442523367,0.0,0.0,0.0,91.92334882334389
1642,1968-07-19,113.3851057382114,49.094949606457135,131.48330897384022,113.3851057382114,113.3851057382114,-21.452375224132386,-21.452375224132386,-21.452375224132386,-21.452375224132386,-21.452375224132386,-21.452375224132386,0.0,0.0,0.0,91.93273051407901
1643,1968-07-22,113.0271621552437,50.70866027093797,135.33817314190705,113.0271621552437,113.0271621552437,-21.065005608971486,-21.065005608971486,-21.065005608971486,-21.065005608971486,-21.065005608971486,-21.065005608971486,0.0,0.0,0.0,91.96215654627221
1644,1968-07-23,112.90784762758786,51.82277566784167,131.88858318457363,112.90784762758786,112.90784762758786,-20.935459677929344,-20.935459677929344,-20.935459677929344,-20.935459677929344,-20.935459677929344,-20.935459677929344,0.0,0.0,0.0,91.97238794965851
1645,1968-07-25,112.66921857227611,49.79983571326794,135.91683173784628,112.66921857227611,112.66921857227611,-20.675741363663565,-20.675741363663565,-20.675741363663565,-20.675741363663565,-20.675741363663565,-20.675741363663565,0.0,0.0,0.0,91.99347720861255
1646,1968-07-26,112.5499040446202,49.69631999311366,129.61754445199713,112.5499040446202,112.5499040446202,-20.54557151497819,-20.54557151497819,-20.54557151497819,-20.54557151497819,-20.54557151497819,-20.54557151497819,0.0,0.0,0.0,92.00433252964201
1647,1968-07-29,112.19196046165253,51.17593513986439,133.90614966438207,112.19196046165253,112.19196046165253,-20.153834341650096,-20.153834341650096,-20.153834341650096,-20.153834341650096,-20.153834341650096,-20.153834341650096,0.0,0.0,0.0,92.03812612000243
1648,1968-07-30,112.07264593399667,46.9951155277283,132.82787859873133,112.07264593399667,112.07264593399667,-20.022850260652,-20.022850260652,-20.022850260652,-20.022850260652,-20.022850260652,-20.022850260652,0.0,0.0,0.0,92.04979567334468
1649,1968-08-01,111.83401687868492,48.45337275102341,133.50482709326863,111.83401687868492,111.83401687868492,-19.76028206263262,-19.76028206263262,-19.76028206263262,-19.76028206263262,-19.76028206263262,-19.76028206263262,0.0,0.0,0.0,92.07373481605231
1650,1968-08-02,111.71470235102898,48.853239808060835,135.84642564761887,111.71470235102899,111.71470235102899,-19.628700433047783,-19.628700433047783,-19.628700433047783,-19.628700433047783,-19.628700433047783,-19.628700433047783,0.0,0.0,0.0,92.08600191798119
1651,1968-08-05,111.35675876806138,51.63744045643847,133.14966001532216,111.35675876806138,111.35675876806138,-19.232780271762064,-19.232780271762064,-19.232780271762064,-19.232780271762064,-19.232780271762064,-19.232780271762064,0.0,0.0,0.0,92.12397849629932
1652,1968-08-06,111.23744424040548,53.040089211127096,133.06583697199645,111.23744424040548,111.23744424040548,-19.100419230893856,-19.100419230893856,-19.100419230893856,-19.100419230893856,-19.100419230893856,-19.100419230893856,0.0,0.0,0.0,92.13702500951163
1653,1968-08-08,110.99881518509373,50.059703857027806,135.2872182553399,110.99881518509373,110.99881518509373,-18.835123016252307,-18.835123016252307,-18.835123016252307,-18.835123016252307,-18.835123016252307,-18.835123016252307,0.0,0.0,0.0,92.16369216884142
1654,1968-08-09,110.87950065743787,49.30576079947969,134.49233753640394,110.87950065743787,110.87950065743787,-18.702190278499824,-18.702190278499824,-18.702190278499824,-18.702190278499824,-18.702190278499824,-18.702190278499824,0.0,0.0,0.0,92.17731037893805
1655,1968-08-12,110.5215570744702,50.95785053297884,131.88464548218255,110.5215570744702,110.5215570744702,-18.302268078479536,-18.302268078479536,-18.302268078479536,-18.302268078479536,-18.302268078479536,-18.302268078479536,0.0,0.0,0.0,92.21928899599067
1656,1968-08-13,110.40224254681434,50.049210171395615,132.6407703023211,110.40224254681434,110.40224254681434,-18.168590030773036,-18.168590030773036,-18.168590030773036,-18.168590030773036,-18.168590030773036,-18.168590030773036,0.0,0.0,0.0,92.2336525160413
1657,1968-08-15,110.16361349150255,51.53012502408843,135.90087993177247,110.16361349150255,110.16361349150255,-17.900685147941704,-17.900685147941704,-17.900685147941704,-17.900685147941704,-17.900685147941704,-17.900685147941704,0.0,0.0,0.0,92.26292834356084
1658,1968-08-16,110.04429896384669,51.30577262414531,135.2517288893965,110.04429896384669,110.04429896384669,-17.76646069327499,-17.76646069327499,-17.76646069327499,-17.76646069327499,-17.76646069327499,-17.76646069327499,0.0,0.0,0.0,92.27783827057169
1659,1968-08-19,109.68635538087901,50.34227533313486,135.6010821800328,109.68635538087901,109.68635538087901,-17.362713471803612,-17.362713471803612,-17.362713471803612,-17.362713471803612,-17.362713471803612,-17.362713471803612,0.0,0.0,0.0,92.32364190907539
1660,1968-08-20,109.56704085322315,50.35175788099317,133.1281746452375,109.56704085322315,109.56704085322315,-17.227777030758592,-17.227777030758592,-17.227777030758592,-17.227777030758592,-17.227777030758592,-17.227777030758592,0.0,0.0,0.0,92.33926382246456
1661,1968-08-22,109.32841179791136,52.736777996276025,134.72017595218105,109.32841179791136,109.32841179791136,-16.957380106289513,-16.957380106289513,-16.957380106289513,-16.957380106289513,-16.957380106289513,-16.957380106289513,0.0,0.0,0.0,92.37103169162185
1662,1968-08-23,109.2090972702555,46.55183936993682,130.70835043575224,109.2090972702555,109.2090972702555,-16.82192194378623,-16.82192194378623,-16.82192194378623,-16.82192194378623,-16.82192194378623,-16.82192194378623,0.0,0.0,0.0,92.38717532646928
1663,1968-08-26,108.85115368728782,51.2519638809644,135.99964724240175,108.85115368728782,108.85115368728782,-16.4145224877166,-16.4145224877166,-16.4145224877166,-16.4145224877166,-16.4145224877166,-16.4145224877166,0.0,0.0,0.0,92.43663119957122
1664,1968-08-27,108.73183915963196,47.977599328417085,134.58593556003254,108.73183915963196,108.73183915963196,-16.27838482901232,-16.27838482901232,-16.27838482901232,-16.27838482901232,-16.27838482901232,-16.27838482901232,0.0,0.0,0.0,92.45345433061964
1665,1968-08-29,108.49321010432017,51.361171514609474,133.8297040242504,108.49321010432017,108.49321010432017,-16.005609572829265,-16.005609572829265,-16.005609572829265,-16.005609572829265,-16.005609572829265,-16.005609572829265,0.0,0.0,0.0,92.4876005314909
1666,1968-08-30,108.37389557666431,48.01086650658901,135.65427846179526,108.37389557666431,108.37389557666431,-15.868974232935773,-15.868974232935773,-15.868974232935773,-15.868974232935773,-15.868974232935773,-15.868974232935773,0.0,0.0,0.0,92.50492134372854
1667,1968-09-03,107.89663746604077,49.12425167227665,134.23218836070507,107.89663746604077,107.89663746604077,-15.320807580544265,-15.320807580544265,-15.320807580544265,-15.320807580544265,-15.320807580544265,-15.320807580544265,0.0,0.0,0.0,92.5758298854965
1668,1968-09-04,107.77732293838488,53.375950775119406,134.69703729668225,107.77732293838488,107.77732293838488,-15.18336514356555,-15.18336514356555,-15.18336514356555,-15.18336514356555,-15.18336514356555,-15.18336514356555,0.0,0.0,0.0,92.59395779481933
1669,1968-09-05,107.65800841072898,48.727550653708875,133.37635927317007,107.65800841072898,107.65800841072898,-15.0457645998615,-15.0457645998615,-15.0457645998615,-15.0457645998615,-15.0457645998615,-15.0457645998615,0.0,0.0,0.0,92.61224381086748
1670,1968-09-06,107.53869388307308,50.57923245806761,134.4101908908282,107.53869388307308,107.53869388307308,-14.90800704229523,-14.90800704229523,-14.90800704229523,-14.90800704229523,-14.90800704229523,-14.90800704229523,0.0,0.0,0.0,92.63068684077786
1671,1968-09-09,107.18075030010544,52.31557453271891,135.84813603303937,107.18075030010544,107.18075030010544,-14.493803140717176,-14.493803140717176,-14.493803140717176,-14.493803140717176,-14.493803140717176,-14.493803140717176,0.0,0.0,0.0,92.68694715938827
1672,1968-09-10,107.06143577244958,48.26794291984065,134.43477678268366,107.06143577244958,107.06143577244958,-14.355428356976226,-14.355428356976226,-14.355428356976226,-14.355428356976226,-14.355428356976226,-14.355428356976226,0.0,0.0,0.0,92.70600741547335
1673,1968-09-12,106.82280671713784,53.916067287059334,131.243036626232,106.82280671713784,106.82280671713784,-14.078224979099284,-14.078224979099284,-14.078224979099284,-14.078224979099284,-14.078224979099284,-14.078224979099284,0.0,0.0,0.0,92.74458173803855
1674,1968-09-13,106.70349218948189,50.54814193840716,132.53408569178217,106.70349218948189,106.70349218948189,-13.939398505213136,-13.939398505213136,-13.939398505213136,-13.939398505213136,-13.939398505213136,-13.939398505213136,0.0,0.0,0.0,92.76409368426876
1675,1968-09-16,106.34554860651426,49.24193169104574,132.76521480863934,106.34554860651426,106.34554860651426,-13.522032556518177,-13.522032556518177,-13.522032556518177,-13.522032556518177,-13.522032556518177,-13.522032556518177,0.0,0.0,0.0,92.82351604999607
1676,1968-09-17,106.2262340788584,47.84402670085866,132.2980165904446,106.2262340788584,106.2262340788584,-13.382618537639372,-13.382618537639372,-13.382618537639372,-13.382618537639372,-13.382618537639372,-13.382618537639372,0.0,0.0,0.0,92.84361554121902
1677,1968-09-19,105.98760502354665,51.74932907978623,131.1956280878113,105.98760502354665,105.98760502354665,-13.103358641841268,-13.103358641841268,-13.103358641841268,-13.103358641841268,-13.103358641841268,-13.103358641841268,0.0,0.0,0.0,92.88424638170538
1678,1968-09-20,105.86829049589072,51.06537445546541,134.51726151750614,105.86829049589073,105.86829049589073,-12.96351481154585,-12.96351481154585,-12.96351481154585,-12.96351481154585,-12.96351481154585,-12.96351481154585,0.0,0.0,0.0,92.90477568434487
1679,1968-09-23,105.51034691292311,52.29615940999382,133.93342404642567,105.5103469129231,105.5103469129231,-12.543139957392418,-12.543139957392418,-12.543139957392418,-12.543139957392418,-12.543139957392418,-12.543139957392418,0.0,0.0,0.0,92.9672069555307
1680,1968-09-24,105.39103238526721,52.42516245734052,134.23671425082134,105.39103238526721,105.39103238526721,-12.402737232659312,-12.402737232659312,-12.402737232659312,-12.402737232659312,-12.402737232659312,-12.402737232659312,0.0,0.0,0.0,92.98829515260789
1681,1968-09-26,105.15240332995546,53.529013758514836,131.24237045097675,105.15240332995546,105.15240332995546,-12.121521091306372,-12.121521091306372,-12.121521091306372,-12.121521091306372,-12.121521091306372,-12.121521091306372,0.0,0.0,0.0,93.03088223864908
1682,1968-09-27,105.03308880229962,52.92573093817214,130.61969121155428,105.03308880229962,105.03308880229962,-11.980709644633691,-11.980709644633691,-11.980709644633691,-11.980709644633691,-11.980709644633691,-11.980709644633691,0.0,0.0,0.0,93.05237915766592
1683,1968-09-30,104.67514521933192,50.346313349473945,132.45086878139966,104.67514521933192,104.67514521933192,-11.55747350250088,-11.55747350250088,-11.55747350250088,-11.55747350250088,-11.55747350250088,-11.55747350250088,0.0,0.0,0.0,93.11767171683104
1684,1968-10-01,104.55583069167602,50.18476665776087,134.70254784912413,104.55583069167602,104.55583069167602,-11.416130738611134,-11.416130738611134,-11.416130738611134,-11.416130738611134,-11.416130738611134,-11.416130738611134,0.0,0.0,0.0,93.13969995306489
1685,1968-10-03,104.31720163636427,50.686833186036154,136.1604955979486,104.31720163636427,104.31720163636427,-11.133054867691275,-11.133054867691275,-11.133054867691275,-11.133054867691275,-11.133054867691275,-11.133054867691275,0.0,0.0,0.0,93.184146768673
1686,1968-10-04,104.19788710870843,51.60433783320948,132.97763247412817,104.19788710870843,104.19788710870843,-10.991323651075577,-10.991323651075577,-10.991323651075577,-10.991323651075577,-10.991323651075577,-10.991323651075577,0.0,0.0,0.0,93.20656345763285
1687,1968-10-07,103.83994352574074,49.154523833230414,132.93060573031428,103.83994352574074,103.83994352574074,-10.565368097184427,-10.565368097184427,-10.565368097184427,-10.565368097184427,-10.565368097184427,-10.565368097184427,0.0,0.0,0.0,93.2745754285563
1688,1968-10-08,103.72062899808488,48.0424740234521,134.47609211244855,103.72062899808488,103.72062899808488,-10.423132027255042,-10.423132027255042,-10.423132027255042,-10.423132027255042,-10.423132027255042,-10.423132027255042,0.0,0.0,0.0,93.29749697082984
1689,1968-10-10,103.48199994277309,50.83327152847145,134.3798514390884,103.48199994277309,103.48199994277309,-10.138289046441319,-10.138289046441319,-10.138289046441319,-10.138289046441319,-10.138289046441319,-10.138289046441319,0.0,0.0,0.0,93.34371089633177
1690,1968-10-11,103.3626854151172,51.24998745822718,137.63984002843563,103.3626854151172,103.3626854151172,-9.995683943779675,-9.995683943779675,-9.995683943779675,-9.995683943779675,-9.995683943779675,-9.995683943779675,0.0,0.0,0.0,93.36700147133752
1691,1968-10-14,103.00474183214955,56.72771053317732,135.17949178683457,103.00474183214953,103.00474183214953,-9.567144910406133,-9.567144910406133,-9.567144910406133,-9.567144910406133,-9.567144910406133,-9.567144910406133,0.0,0.0,0.0,93.43759692174342
1692,1968-10-15,102.88542730449369,55.03445781359442,132.4140382811207,102.88542730449369,102.88542730449369,-9.42406026779078,-9.42406026779078,-9.42406026779078,-9.42406026779078,-9.42406026779078,-9.42406026779078,0.0,0.0,0.0,93.46136703670291
1693,1968-10-17,102.6467982491819,52.910933013883295,135.44926443126303,102.6467982491819,102.6467982491819,-9.13753877015274,-9.13753877015274,-9.13753877015274,-9.13753877015274,-9.13753877015274,-9.13753877015274,0.0,0.0,0.0,93.50925947902915
1694,1968-10-18,102.52748372152601,52.530676923602456,133.03200339175493,102.52748372152601,102.52748372152601,-8.99410363870063,-8.99410363870063,-8.99410363870063,-8.99410363870063,-8.99410363870063,-8.99410363870063,0.0,0.0,0.0,93.53338008282537
1695,1968-10-21,102.16954013855836,49.59099663063711,136.80367133677026,102.16954013855836,102.16954013855836,-8.563110926031754,-8.563110926031754,-8.563110926031754,-8.563110926031754,-8.563110926031754,-8.563110926031754,0.0,0.0,0.0,93.6064292125266
1696,1968-10-22,102.0502256109025,52.91575137383863,132.7166659583146,102.0502256109025,102.0502256109025,-8.419220382999148,-8.419220382999148,-8.419220382999148,-8.419220382999148,-8.419220382999148,-8.419220382999148,0.0,0.0,0.0,93.63100522790336
1697,1968-10-24,101.81159655559071,55.93571614986778,133.0371017867124,101.81159655559071,101.81159655559071,-8.131104814452948,-8.131104814452948,-8.131104814452948,-8.131104814452948,-8.131104814452948,-8.131104814452948,0.0,0.0,0.0,93.68049174113776
1698,1968-10-25,101.69228202793482,51.9312960813806,134.84979918826804,101.69228202793482,101.69228202793482,-7.986881425597683,-7.986881425597683,-7.986881425597683,-7.986881425597683,-7.986881425597683,-7.986881425597683,0.0,0.0,0.0,93.70540060233714
1699,1968-10-28,101.33433844496717,49.571878719436334,135.3266972997319,101.33433844496717,101.33433844496717,-7.553558528254066,-7.553558528254066,-7.553558528254066,-7.553558528254066,-7.553558528254066,-7.553558528254066,0.0,0.0,0.0,93.7807799167131
1700,1968-10-29,101.21502391731133,50.73896810439322,138.9857172566817,101.21502391731133,101.21502391731133,-7.408902639564575,-7.408902639564575,-7.408902639564575,-7.408902639564575,-7.408902639564575,-7.408902639564575,0.0,0.0,0.0,93.80612127774675
1701,1968-10-31,100.97639486199957,51.310782593471735,134.60832045697185,100.97639486199957,100.97639486199957,-7.119273188133813,-7.119273188133813,-7.119273188133813,-7.119273188133813,-7.119273188133813,-7.119273188133813,0.0,0.0,0.0,93.85712167386575
1702,1968-11-01,100.85708033434364,49.6221480799925,135.19684601295853,100.85708033434364,100.85708033434364,-6.9743011730798825,-6.9743011730798825,-6.9743011730798825,-6.9743011730798825,-6.9743011730798825,-6.9743011730798825,0.0,0.0,0.0,93.88277916126376
1703,1968-11-04,100.49913675137599,51.02762262525332,134.05009742476682,100.499136751376,100.499136751376,-6.538765121395301,-6.538765121395301,-6.538765121395301,-6.538765121395301,-6.538765121395301,-6.538765121395301,0.0,0.0,0.0,93.96037162998068
1704,1968-11-06,100.26050769606424,51.14665801716753,134.21606445435245,100.26050769606424,100.26050769606424,-6.247898577684746,-6.247898577684746,-6.247898577684746,-6.247898577684746,-6.247898577684746,-6.247898577684746,0.0,0.0,0.0,94.01260911837949
1705,1968-11-07,100.14119316840838,51.86015111618871,138.49795335542083,100.14119316840836,100.14119316840836,-6.102314767742109,-6.102314767742109,-6.102314767742109,-6.102314767742109,-6.102314767742109,-6.102314767742109,0.0,0.0,0.0,94.03887840066626
1706,1968-11-08,100.02187864075245,55.93315949896663,136.6530102160997,100.02187864075245,100.02187864075245,-5.9566315681311055,-5.9566315681311055,-5.9566315681311055,-5.9566315681311055,-5.9566315681311055,-5.9566315681311055,0.0,0.0,0.0,94.06524707262135
1707,1968-11-12,99.54462053012891,52.66136446881525,133.50079088548907,99.54462053012891,99.54462053012891,-5.372919145955353,-5.372919145955353,-5.372919145955353,-5.372919145955353,-5.372919145955353,-5.372919145955353,0.0,0.0,0.0,94.17170138417356
1708,1968-11-13,99.42530600247305,51.54927581243955,137.19249430989308,99.42530600247305,99.42530600247305,-5.226749644952047,-5.226749644952047,-5.226749644952047,-5.226749644952047,-5.226749644952047,-5.226749644952047,0.0,0.0,0.0,94.198556357521
1709,1968-11-14,99.30599147481719,54.66814196853622,134.50467200765337,99.30599147481719,99.30599147481719,-5.080484966760868,-5.080484966760868,-5.080484966760868,-5.080484966760868,-5.080484966760868,-5.080484966760868,0.0,0.0,0.0,94.22550650805633
1710,1968-11-15,99.1866769471613,52.854453096498354,134.82375470411168,99.1866769471613,99.1866769471613,-4.934125790240221,-4.934125790240221,-4.934125790240221,-4.934125790240221,-4.934125790240221,-4.934125790240221,0.0,0.0,0.0,94.25255115692109
1711,1968-11-18,98.82873336419365,52.319542695471476,135.34990712897965,98.82873336419365,98.82873336419365,-4.494487959076236,-4.494487959076236,-4.494487959076236,-4.494487959076236,-4.494487959076236,-4.494487959076236,0.0,0.0,0.0,94.33424540511741
1712,1968-11-19,98.70941883653772,53.9796217971841,136.8630711232944,98.70941883653772,98.70941883653772,-4.347757444110074,-4.347757444110074,-4.347757444110074,-4.347757444110074,-4.347757444110074,-4.347757444110074,0.0,0.0,0.0,94.36166139242765
1713,1968-11-21,98.47078978122602,47.86307121469844,135.13769826233235,98.47078978122602,98.47078978122602,-4.054023439445235,-4.054023439445235,-4.054023439445235,-4.054023439445235,-4.054023439445235,-4.054023439445235,0.0,0.0,0.0,94.41676634178079
1714,1968-11-22,98.35147525357011,53.314471911614675,135.51163448900894,98.35147525357011,98.35147525357011,-3.907021220188278,-3.907021220188278,-3.907021220188278,-3.907021220188278,-3.907021220188278,-3.907021220188278,0.0,0.0,0.0,94.44445403338183
1715,1968-11-25,97.99353167060247,50.8661412358582,135.36689153688226,97.99353167060247,97.99353167060247,-3.4654811752146215,-3.4654811752146215,-3.4654811752146215,-3.4654811752146215,-3.4654811752146215,-3.4654811752146215,0.0,0.0,0.0,94.52805049538784
1716,1968-11-26,97.87421714294662,52.51849092363275,138.0805810677583,97.87421714294662,97.87421714294662,-3.3181254028027927,-3.3181254028027927,-3.3181254028027927,-3.3181254028027927,-3.3181254028027927,-3.3181254028027927,0.0,0.0,0.0,94.55609174014383
1717,1968-11-27,97.75490261529067,52.05853234501937,134.92535876271967,97.75490261529067,97.75490261529067,-3.170682753818206,-3.170682753818206,-3.170682753818206,-3.170682753818206,-3.170682753818206,-3.170682753818206,0.0,0.0,0.0,94.58421986147246
1718,1968-11-29,97.51627355997893,53.59289737090514,134.4426962752926,97.51627355997893,97.51627355997893,-2.8755391834799955,-2.8755391834799955,-2.8755391834799955,-2.8755391834799955,-2.8755391834799955,-2.8755391834799955,0.0,0.0,0.0,94.64073437649893
1719,1968-12-02,97.15832997701128,53.89308890394088,137.1140025179025,97.15832997701128,97.15832997701128,-2.4321868073669415,-2.4321868073669415,-2.4321868073669415,-2.4321868073669415,-2.4321868073669415,-2.4321868073669415,0.0,0.0,0.0,94.72614316964433
1720,1968-12-03,97.03901544935543,54.0430339369808,136.4333469560156,97.03901544935543,97.03901544935543,-2.284235071206028,-2.284235071206028,-2.284235071206028,-2.284235071206028,-2.284235071206028,-2.284235071206028,0.0,0.0,0.0,94.7547803781494
1721,1968-12-05,96.80038639404364,56.33478712350556,134.63439178777813,96.80038639404364,96.80038639404364,-1.9880834921814718,-1.9880834921814718,-1.9880834921814718,-1.9880834921814718,-1.9880834921814718,-1.9880834921814718,0.0,0.0,0.0,94.81230290186217
1722,1968-12-06,96.68107186638774,52.64914287163609,136.63680953876315,96.68107186638774,96.68107186638774,-1.839884728335509,-1.839884728335509,-1.839884728335509,-1.839884728335509,-1.839884728335509,-1.839884728335509,0.0,0.0,0.0,94.84118713805223
1723,1968-12-09,96.32312828342009,55.13021588936261,134.54719533784134,96.32312828342009,96.32312828342009,-1.39480286834722,-1.39480286834722,-1.39480286834722,-1.39480286834722,-1.39480286834722,-1.39480286834722,0.0,0.0,0.0,94.92832541507288
1724,1968-12-10,96.20381375576424,51.60476295441872,136.4598750757492,96.20381375576424,96.20381375576424,-1.2462821098086074,-1.2462821098086074,-1.2462821098086074,-1.2462821098086074,-1.2462821098086074,-1.2462821098086074,0.0,0.0,0.0,94.95753164595564
1725,1968-12-12,95.96518470045245,53.99652476549828,136.92628980803613,95.96518470045245,95.96518470045245,-0.9490034037178107,-0.9490034037178107,-0.9490034037178107,-0.9490034037178107,-0.9490034037178107,-0.9490034037178107,0.0,0.0,0.0,95.01618129673464
1726,1968-12-13,95.84587017279655,50.63531531415452,137.44122168787496,95.84587017279655,95.84587017279655,-0.8002464380943534,-0.8002464380943534,-0.8002464380943534,-0.8002464380943534,-0.8002464380943534,-0.8002464380943534,0.0,0.0,0.0,95.0456237347022
1727,1968-12-16,95.4879265898289,53.936949273566896,139.41819831102922,95.4879265898289,95.4879265898289,-0.35351083617373036,-0.35351083617373036,-0.35351083617373036,-0.35351083617373036,-0.35351083617373036,-0.35351083617373036,0.0,0.0,0.0,95.13441575365518
1728,1968-12-17,95.36861206217301,53.07626057021612,136.48367964914019,95.36861206217301,95.36861206217301,-0.2044456223909304,-0.2044456223909304,-0.2044456223909304,-0.2044456223909304,-0.2044456223909304,-0.2044456223909304,0.0,0.0,0.0,95.16416643978208
1729,1968-12-19,95.12998300686131,55.284073154261435,138.25327222837706,95.12998300686131,95.12998300686131,0.09391209888045898,0.09391209888045898,0.09391209888045898,0.09391209888045898,0.09391209888045898,0.09391209888045898,0.0,0.0,0.0,95.22389510574178
1730,1968-12-20,95.01066847920536,57.77466765007057,137.39521032365033,95.01066847920536,95.01066847920536,0.24320372218388714,0.24320372218388714,0.24320372218388714,0.24320372218388714,0.24320372218388714,0.24320372218388714,0.0,0.0,0.0,95.25387220138926
1731,1968-12-23,94.65272489623771,50.408426682243274,136.89636597227206,94.65272489623771,94.65272489623771,0.6915244847555528,0.6915244847555528,0.6915244847555528,0.6915244847555528,0.6915244847555528,0.6915244847555528,0.0,0.0,0.0,95.34424938099326
1732,1968-12-24,94.53341036858183,52.2673456451963,135.79763250605598,94.53341036858183,94.53341036858183,0.841111977953297,0.841111977953297,0.841111977953297,0.841111977953297,0.841111977953297,0.841111977953297,0.0,0.0,0.0,95.37452234653513
1733,1968-12-26,94.29478131327012,50.55635605974277,137.5358460463282,94.29478131327012,94.29478131327012,1.1405053911663694,1.1405053911663694,1.1405053911663694,1.1405053911663694,1.1405053911663694,1.1405053911663694,0.0,0.0,0.0,95.43528670443649
1734,1968-12-27,94.17546678561418,52.03946058386184,134.03176479176335,94.17546678561418,94.17546678561418,1.290310525198881,1.290310525198881,1.290310525198881,1.290310525198881,1.290310525198881,1.290310525198881,0.0,0.0,0.0,95.46577731081305
1735,1968-12-30,93.81752320264657,54.21783307887361,138.36020952775138,93.81752320264657,93.81752320264657,1.7401550687066638,1.7401550687066638,1.7401550687066638,1.7401550687066638,1.7401550687066638,1.7401550687066638,0.0,0.0,0.0,95.55767827135324
1736,1968-12-31,93.69820867499064,53.13539032281109,136.18182884861616,93.69820867499064,93.69820867499064,1.890245069063787,1.890245069063787,1.890245069063787,1.890245069063787,1.890245069063787,1.890245069063787,0.0,0.0,0.0,95.58845374405442
1737,1969-01-02,93.45957961967893,51.904048911085965,137.39922877813436,93.45957961967893,93.45957961967893,2.1906356621234107,2.1906356621234107,2.1906356621234107,2.1906356621234107,2.1906356621234107,2.1906356621234107,0.0,0.0,0.0,95.65021528180235
1738,1969-01-03,93.34026509202303,50.14249061711775,133.52403003546232,93.34026509202303,93.34026509202303,2.340935567311429,2.340935567311429,2.340935567311429,2.340935567311429,2.340935567311429,2.340935567311429,0.0,0.0,0.0,95.68120065933446
1739,1969-01-06,92.98232150905538,55.242778333561084,134.34554549944048,92.98232150905538,92.98232150905538,2.792249740239751,2.792249740239751,2.792249740239751,2.792249740239751,2.792249740239751,2.792249740239751,0.0,0.0,0.0,95.77457124929514
1740,1969-01-07,92.86300698139945,54.622074400303724,136.34977543589508,92.86300698139945,92.86300698139945,2.9428248866036997,2.9428248866036997,2.9428248866036997,2.9428248866036997,2.9428248866036997,2.9428248866036997,0.0,0.0,0.0,95.80583186800315
1741,1969-01-08,92.74369245374359,53.67320942508885,133.74032741779155,92.74369245374359,92.74369245374359,3.093468063059314,3.093468063059314,3.093468063059314,3.093468063059314,3.093468063059314,3.093468063059314,0.0,0.0,0.0,95.83716051680291
1742,1969-01-09,92.62437792608775,52.807536503156335,133.69055517363356,92.62437792608775,92.62437792608775,3.244178971602874,3.244178971602874,3.244178971602874,3.244178971602874,3.244178971602874,3.244178971602874,0.0,0.0,0.0,95.86855689769062
1743,1969-01-10,92.50506339843184,54.31723971043317,138.68815630803053,92.50506339843184,92.50506339843184,3.394957321267761,3.394957321267761,3.394957321267761,3.394957321267761,3.394957321267761,3.394957321267761,0.0,0.0,0.0,95.90002071969961
1744,1969-01-13,92.14711981546421,55.416360404772476,137.26915166213894,92.14711981546421,92.14711981546421,3.847694212852612,3.847694212852612,3.847694212852612,3.847694212852612,3.847694212852612,3.847694212852612,0.0,0.0,0.0,95.99481402831682
1745,1969-01-14,92.02780528780835,54.59932012740947,140.6866219865487,92.02780528780835,92.02780528780835,3.998739558029023,3.998739558029023,3.998739558029023,3.998739558029023,3.998739558029023,3.998739558029023,0.0,0.0,0.0,96.02654484583738
1746,1969-01-15,91.9084907601524,55.6639502904691,136.1733124112315,91.9084907601524,91.9084907601524,4.149850994996511,4.149850994996511,4.149850994996511,4.149850994996511,4.149850994996511,4.149850994996511,0.0,0.0,0.0,96.05834175514892
1747,1969-01-16,91.78917623249656,55.6274924156339,141.12321238497915,91.78917623249656,91.78917623249656,4.3010282749751205,4.3010282749751205,4.3010282749751205,4.3010282749751205,4.3010282749751205,4.3010282749751205,0.0,0.0,0.0,96.09020450747168
1748,1969-01-17,91.66986170484066,53.00773467214647,134.3835116902272,91.66986170484066,91.66986170484066,4.452271156207377,4.452271156207377,4.452271156207377,4.452271156207377,4.452271156207377,4.452271156207377,0.0,0.0,0.0,96.12213286104803
1749,1969-01-20,91.31191812187302,54.61524390465596,140.81988785347855,91.31191812187302,91.31191812187302,4.906391095121858,4.906391095121858,4.906391095121858,4.906391095121858,4.906391095121858,4.906391095121858,0.0,0.0,0.0,96.21830921699488
1750,1969-01-21,91.19260359421712,54.99678320486161,137.31341615006454,91.19260359421712,91.19260359421712,5.057894104129651,5.057894104129651,5.057894104129651,5.057894104129651,5.057894104129651,5.057894104129651,0.0,0.0,0.0,96.25049769834676
1751,1969-01-22,91.07328906656122,55.704726034830976,137.81722701842065,91.07328906656122,91.07328906656122,5.209461610822951,5.209461610822951,5.209461610822951,5.209461610822951,5.209461610822951,5.209461610822951,0.0,0.0,0.0,96.28275067738417
1752,1969-01-23,90.95397453890533,54.7613004613727,138.18704513522394,90.95397453890533,90.95397453890533,5.361093415504382,5.361093415504382,5.361093415504382,5.361093415504382,5.361093415504382,5.361093415504382,0.0,0.0,0.0,96.31506795440971
1753,1969-01-24,90.83466001124947,51.63346570528715,139.69900806044112,90.83466001124947,90.83466001124947,5.512789325471637,5.512789325471637,5.512789325471637,5.512789325471637,5.512789325471637,5.512789325471637,0.0,0.0,0.0,96.3474493367211
1754,1969-01-27,90.47671642828183,54.5576092166685,139.02856418019584,90.47671642828183,90.47671642828183,5.968259864884118,5.968259864884118,5.968259864884118,5.968259864884118,5.968259864884118,5.968259864884118,0.0,0.0,0.0,96.44497629316595
1755,1969-01-28,90.35740190062593,55.457376518716046,142.47212831211954,90.35740190062593,90.35740190062593,6.12021040869218,6.12021040869218,6.12021040869218,6.12021040869218,6.12021040869218,6.12021040869218,0.0,0.0,0.0,96.4776123093181
1756,1969-01-29,90.23808737297007,55.72697764566265,135.0748667845558,90.23808737297007,90.23808737297007,6.272224199016533,6.272224199016533,6.272224199016533,6.272224199016533,6.272224199016533,6.272224199016533,0.0,0.0,0.0,96.5103115719866
1757,1969-01-30,90.11877284531414,56.03898877874785,135.74746002601418,90.11877284531414,90.11877284531414,6.424301085011288,6.424301085011288,6.424301085011288,6.424301085011288,6.424301085011288,6.424301085011288,0.0,0.0,0.0,96.54307393032543
1758,1969-01-31,89.99945831765828,52.883272723524364,139.0552025816849,89.99945831765828,89.99945831765828,6.576440922785541,6.576440922785541,6.576440922785541,6.576440922785541,6.576440922785541,6.576440922785541,0.0,0.0,0.0,96.57589924044382
1759,1969-02-03,89.64151473469065,56.03267419758883,138.20558895913774,89.64151473469065,89.64151473469065,7.033236812052009,7.033236812052009,7.033236812052009,7.033236812052009,7.033236812052009,7.033236812052009,0.0,0.0,0.0,96.67475154674266
1760,1969-02-04,89.52220020703474,58.1760767533626,136.78344765496385,89.52220020703474,89.52220020703474,7.1856271568866426,7.1856271568866426,7.1856271568866426,7.1856271568866426,7.1856271568866426,7.1856271568866426,0.0,0.0,0.0,96.70782736392138
1761,1969-02-05,89.40288567937888,56.06243975923259,136.47849680335418,89.40288567937888,89.40288567937888,7.338079838121244,7.338079838121244,7.338079838121244,7.338079838121244,7.338079838121244,7.338079838121244,0.0,0.0,0.0,96.74096551750013
1762,1969-02-06,89.28357115172295,53.483365887606226,139.1771832412368,89.28357115172295,89.28357115172295,7.490594753442167,7.490594753442167,7.490594753442167,7.490594753442167,7.490594753442167,7.490594753442167,0.0,0.0,0.0,96.77416590516512
1763,1969-02-07,89.1642566240671,56.383187461748356,138.17793211819415,89.1642566240671,89.1642566240671,7.643171807438157,7.643171807438157,7.643171807438157,7.643171807438157,7.643171807438157,7.643171807438157,0.0,0.0,0.0,96.80742843150524
1764,1969-02-11,88.68699851344356,55.42843951211964,138.44352171767522,88.68699851344356,88.68699851344356,8.254099743032722,8.254099743032722,8.254099743032722,8.254099743032722,8.254099743032722,8.254099743032722,0.0,0.0,0.0,96.94109825647628
1765,1969-02-12,88.56768398578771,56.344517245955934,139.34308858572555,88.56768398578771,88.56768398578771,8.406986300195188,8.406986300195188,8.406986300195188,8.406986300195188,8.406986300195188,8.406986300195188,0.0,0.0,0.0,96.9746702859829
1766,1969-02-13,88.44836945813185,55.646422980214055,136.85039177851138,88.44836945813185,88.44836945813185,8.559934568013535,8.559934568013535,8.559934568013535,8.559934568013535,8.559934568013535,8.559934568013535,0.0,0.0,0.0,97.00830402614538
1767,1969-02-14,88.3290549304759,56.08751805232016,139.22415335731895,88.3290549304759,88.3290549304759,8.712944499138635,8.712944499138635,8.712944499138635,8.712944499138635,8.712944499138635,8.712944499138635,0.0,0.0,0.0,97.04199942961453
1768,1969-02-17,87.97111134750831,54.37775189685682,137.09625419117438,87.97111134750833,87.97111134750833,9.172343901205675,9.172343901205675,9.172343901205675,9.172343901205675,9.172343901205675,9.172343901205675,0.0,0.0,0.0,97.14345524871399
1769,1969-02-18,87.85179681985237,52.87790385719791,137.08889320005738,87.85179681985237,87.85179681985237,9.325600148449087,9.325600148449087,9.325600148449087,9.325600148449087,9.325600148449087,9.325600148449087,0.0,0.0,0.0,97.17739696830145
1770,1969-02-19,87.73248229219652,55.98747972785041,137.19914970682282,87.73248229219652,87.73248229219652,9.478917924446717,9.478917924446717,9.478917924446717,9.478917924446717,9.478917924446717,9.478917924446717,0.0,0.0,0.0,97.21140021664324
1771,1969-02-20,87.61316776454066,54.164067983701436,136.89659442609403,87.61316776454066,87.61316776454066,9.632297222650067,9.632297222650067,9.632297222650067,9.632297222650067,9.632297222650067,9.632297222650067,0.0,0.0,0.0,97.24546498719073
1772,1969-02-24,87.13590965391712,54.751690681388574,136.3045244991724,87.13590965391712,87.13590965391712,10.246429742927464,10.246429742927464,10.246429742927464,10.246429742927464,10.246429742927464,10.246429742927464,0.0,0.0,0.0,97.38233939684459
1773,1969-02-25,87.01659512626118,55.21898870483946,140.75419721795313,87.01659512626118,87.01659512626118,10.400116790138618,10.400116790138618,10.400116790138618,10.400116790138618,10.400116790138618,10.400116790138618,0.0,0.0,0.0,97.4167119163998
1774,1969-02-26,86.89728059860533,55.73112154686655,138.20062788131432,86.89728059860533,86.89728059860533,10.553865461816759,10.553865461816759,10.553865461816759,10.553865461816759,10.553865461816759,10.553865461816759,0.0,0.0,0.0,97.45114606042209
1775,1969-02-27,86.77796607094943,57.8012470778137,137.43313763257507,86.77796607094942,86.77796607094942,10.707675798481139,10.707675798481139,10.707675798481139,10.707675798481139,10.707675798481139,10.707675798481139,0.0,0.0,0.0,97.48564186943057
1776,1969-02-28,86.65865154329357,55.35518385174369,139.91438986855056,86.65865154329357,86.65865154329357,10.861547847323841,10.861547847323841,10.861547847323841,10.861547847323841,10.861547847323841,10.861547847323841,0.0,0.0,0.0,97.52019939061742
1777,1969-03-03,86.30070796032594,59.19114544495899,138.47003521258128,86.30070796032594,86.30070796032594,11.32353483864903,11.32353483864903,11.32353483864903,11.32353483864903,11.32353483864903,11.32353483864903,0.0,0.0,0.0,97.62424279897496
1778,1969-03-04,86.18139343267003,55.03300273552892,139.7719871172393,86.18139343267003,86.18139343267003,11.477654341104325,11.477654341104325,11.477654341104325,11.477654341104325,11.477654341104325,11.477654341104325,0.0,0.0,0.0,97.65904777377436
1779,1969-03-05,86.06207890501415,54.76170567475153,135.0120698902303,86.06207890501415,86.06207890501415,11.631835891310013,11.631835891310013,11.631835891310013,11.631835891310013,11.631835891310013,11.631835891310013,0.0,0.0,0.0,97.69391479632417
1780,1969-03-06,85.94276437735824,54.77368360219035,139.14112797107646,85.94276437735824,85.94276437735824,11.78607957620403,11.78607957620403,11.78607957620403,11.78607957620403,11.78607957620403,11.78607957620403,0.0,0.0,0.0,97.72884395356228
1781,1969-03-07,85.8234498497024,55.63548353041443,141.20318779692764,85.8234498497024,85.8234498497024,11.940385489297872,11.940385489297872,11.940385489297872,11.940385489297872,11.940385489297872,11.940385489297872,0.0,0.0,0.0,97.76383533900027
1782,1969-03-10,85.46550626673475,57.85355810559253,139.81750604418454,85.46550626673476,85.46550626673476,12.403677631183072,12.403677631183072,12.403677631183072,12.403677631183072,12.403677631183072,12.403677631183072,0.0,0.0,0.0,97.86918389791782
1783,1969-03-11,85.34619173907885,53.7709425699523,138.5834623732535,85.34619173907885,85.34619173907885,12.558233523136309,12.558233523136309,12.558233523136309,12.558233523136309,12.558233523136309,12.558233523136309,0.0,0.0,0.0,97.90442526221516
1784,1969-03-12,85.22687721142296,57.585651444326466,137.21787866914508,85.22687721142296,85.22687721142296,12.712852208919942,12.712852208919942,12.712852208919942,12.712852208919942,12.712852208919942,12.712852208919942,0.0,0.0,0.0,97.9397294203429
1785,1969-03-13,85.10756268376706,54.387527186382634,140.75274474653818,85.10756268376706,85.10756268376706,12.867533821164919,12.867533821164919,12.867533821164919,12.867533821164919,12.867533821164919,12.867533821164919,0.0,0.0,0.0,97.97509650493197
1786,1969-03-14,84.98824815611121,54.963034642556266,137.7894024559176,84.98824815611121,84.98824815611121,13.022278498966317,13.022278498966317,13.022278498966317,13.022278498966317,13.022278498966317,13.022278498966317,0.0,0.0,0.0,98.01052665507753
1787,1969-03-17,84.63030457314356,57.62545762928779,140.468107472437,84.63030457314356,84.63030457314356,13.486892413271814,13.486892413271814,13.486892413271814,13.486892413271814,13.486892413271814,13.486892413271814,0.0,0.0,0.0,98.11719698641538
1788,1969-03-18,84.51099004548766,57.06812204531451,137.81325174198946,84.51099004548766,84.51099004548766,13.641890872948,13.641890872948,13.641890872948,13.641890872948,13.641890872948,13.641890872948,0.0,0.0,0.0,98.15288091843566
1789,1969-03-19,84.39167551783181,55.186403480724245,138.79621614542563,84.39167551783181,84.39167551783181,13.796953190031342,13.796953190031342,13.796953190031342,13.796953190031342,13.796953190031342,13.796953190031342,0.0,0.0,0.0,98.18862870786316
1790,1969-03-20,84.27236099017587,56.44690931256765,140.80117873223713,84.27236099017586,84.27236099017586,13.952079542047152,13.952079542047152,13.952079542047152,13.952079542047152,13.952079542047152,13.952079542047152,0.0,0.0,0.0,98.22444053222301
1791,1969-03-21,84.15304646252002,58.48788383807895,142.34821554854824,84.15304646252002,84.15304646252002,14.107270112864933,14.107270112864933,14.107270112864933,14.107270112864933,14.107270112864933,14.107270112864933,0.0,0.0,0.0,98.26031657538496
1792,1969-03-24,83.79510287955237,56.83362300481089,139.10735303811654,83.79510287955237,83.79510287955237,14.57322907160726,14.57322907160726,14.57322907160726,14.57322907160726,14.57322907160726,14.57322907160726,0.0,0.0,0.0,98.36833195115963
1793,1969-03-25,83.67578835189647,54.14183746782168,139.57644683815107,83.67578835189647,83.67578835189647,14.728678482576784,14.728678482576784,14.728678482576784,14.728678482576784,14.728678482576784,14.728678482576784,0.0,0.0,0.0,98.40446683447325
1794,1969-03-26,83.55647382424063,58.266966546556965,142.41693132451172,83.55647382424063,83.55647382424063,14.884193126221733,14.884193126221733,14.884193126221733,14.884193126221733,14.884193126221733,14.884193126221733,0.0,0.0,0.0,98.44066695046236
1795,1969-03-27,83.43715929658468,58.27257070734045,139.1425407934332,83.43715929658468,83.43715929658468,15.039773224092396,15.039773224092396,15.039773224092396,15.039773224092396,15.039773224092396,15.039773224092396,0.0,0.0,0.0,98.47693252067708
1796,1969-03-28,83.31784476892884,58.00203276866657,142.28301300504387,83.31784476892884,83.31784476892884,15.195419003953212,15.195419003953212,15.195419003953212,15.195419003953212,15.195419003953212,15.195419003953212,0.0,0.0,0.0,98.51326377288206
1797,1969-04-01,82.84058665830528,57.10781396302511,142.36401205425267,82.84058665830528,82.84058665830528,15.818663715000929,15.818663715000929,15.818663715000929,15.818663715000929,15.818663715000929,15.818663715000929,0.0,0.0,0.0,98.65925037330621
1798,1969-04-02,82.72127213064944,59.21677913963231,141.959677399794,82.72127213064944,82.72127213064944,15.97464153741709,15.97464153741709,15.97464153741709,15.97464153741709,15.97464153741709,15.97464153741709,0.0,0.0,0.0,98.69591366806652
1799,1969-04-03,82.60195760299354,57.056190735413665,137.8300958750604,82.60195760299354,82.60195760299354,16.13068653781525,16.13068653781525,16.13068653781525,16.13068653781525,16.13068653781525,16.13068653781525,0.0,0.0,0.0,98.73264414080879
1800,1969-04-07,82.12469949237004,53.96263510259034,138.34843804463975,82.12469949237004,82.12469949237004,16.755543824177302,16.755543824177302,16.755543824177302,16.755543824177302,16.755543824177302,16.755543824177302,0.0,0.0,0.0,98.88024331654734
1801,1969-04-08,82.0053849647141,57.40916861362821,140.20222164494373,82.0053849647141,82.0053849647141,16.911928895954265,16.911928895954265,16.911928895954265,16.911928895954265,16.911928895954265,16.911928895954265,0.0,0.0,0.0,98.91731386066836
1802,1969-04-09,81.88607043705825,58.90395101709058,142.05772301197416,81.88607043705825,81.88607043705825,17.068382860387963,17.068382860387963,17.068382860387963,17.068382860387963,17.068382860387963,17.068382860387963,0.0,0.0,0.0,98.95445329744621
1803,1969-04-10,81.76675590940235,57.48007382878052,142.2440033902386,81.76675590940235,81.76675590940235,17.224906024202056,17.224906024202056,17.224906024202056,17.224906024202056,17.224906024202056,17.224906024202056,0.0,0.0,0.0,98.9916619336044
1804,1969-04-11,81.64744138174646,57.607532213130995,140.11482845989397,81.64744138174646,81.64744138174646,17.381498700046894,17.381498700046894,17.381498700046894,17.381498700046894,17.381498700046894,17.381498700046894,0.0,0.0,0.0,99.02894008179335
1805,1969-04-14,81.28949779877885,55.585793978034204,141.11150594523372,81.28949779877885,81.28949779877885,17.851697014711686,17.851697014711686,17.851697014711686,17.851697014711686,17.851697014711686,17.851697014711686,0.0,0.0,0.0,99.14119481349054
1806,1969-04-15,81.17018327112291,58.911831811518084,142.73326191519806,81.17018327112291,81.17018327112291,18.00857098295051,18.00857098295051,18.00857098295051,18.00857098295051,18.00857098295051,18.00857098295051,0.0,0.0,0.0,99.17875425407343
1807,1969-04-16,81.05086874346706,58.17838546183043,140.5933799982119,81.05086874346706,81.05086874346706,18.165516114602475,18.165516114602475,18.165516114602475,18.165516114602475,18.165516114602475,18.165516114602475,0.0,0.0,0.0,99.21638485806955
1808,1969-04-17,80.93155421581116,55.53585882145776,143.42847407001304,80.93155421581116,80.93155421581116,18.322532757413253,18.322532757413253,18.322532757413253,18.322532757413253,18.322532757413253,18.322532757413253,0.0,0.0,0.0,99.25408697322442
1809,1969-04-18,80.81223968815532,57.66642053993376,140.28259984846684,80.81223968815532,80.81223968815532,18.479621264898665,18.479621264898665,18.479621264898665,18.479621264898665,18.479621264898665,18.479621264898665,0.0,0.0,0.0,99.29186095305398
1810,1969-04-21,80.45429610518767,58.695264026004786,141.49760324879543,80.45429610518767,80.45429610518767,18.951321596624613,18.951321596624613,18.951321596624613,18.951321596624613,18.951321596624613,18.951321596624613,0.0,0.0,0.0,99.40561770181228
1811,1969-04-22,80.33498157753176,55.978706465430626,137.72788522356925,80.33498157753176,80.33498157753176,19.10870121255548,19.10870121255548,19.10870121255548,19.10870121255548,19.10870121255548,19.10870121255548,0.0,0.0,0.0,99.44368279008725
1812,1969-04-23,80.21566704987588,58.488351833408,139.75641074725434,80.21566704987588,80.21566704987588,19.266154546476926,19.266154546476926,19.266154546476926,19.266154546476926,19.266154546476926,19.266154546476926,0.0,0.0,0.0,99.4818215963528
1813,1969-04-24,80.09635252221997,56.56173555676739,143.83580848509564,80.09635252221997,80.09635252221997,19.423681986034662,19.423681986034662,19.423681986034662,19.423681986034662,19.423681986034662,19.423681986034662,0.0,0.0,0.0,99.52003450825464
1814,1969-04-25,79.97703799456413,57.14109224209847,142.1816652358023,79.97703799456413,79.97703799456413,19.58128392447955,19.58128392447955,19.58128392447955,19.58128392447955,19.58128392447955,19.58128392447955,0.0,0.0,0.0,99.55832191904368
1815,1969-04-28,79.61909441159648,55.65543254527306,140.83437244698155,79.61909441159648,79.61909441159648,20.05454074921351,20.05454074921351,20.05454074921351,20.05454074921351,20.05454074921351,20.05454074921351,0.0,0.0,0.0,99.67363516081
1816,1969-04-29,79.49977988394058,53.572200949962784,140.45079181201913,79.49977988394059,79.49977988394059,20.212444726968275,20.212444726968275,20.212444726968275,20.212444726968275,20.212444726968275,20.212444726968275,0.0,0.0,0.0,99.71222461090885
1817,1969-04-30,79.38046535628469,58.34526713752456,138.24173837807277,79.38046535628469,79.38046535628469,20.370425253089323,20.370425253089323,20.370425253089323,20.370425253089323,20.370425253089323,20.370425253089323,0.0,0.0,0.0,99.75089060937401
1818,1969-05-01,79.26115082862879,58.796750104961355,140.96956555944516,79.26115082862879,79.26115082862879,20.52848275394497,20.52848275394497,20.52848275394497,20.52848275394497,20.52848275394497,20.52848275394497,0.0,0.0,0.0,99.78963358257376
1819,1969-05-02,79.14183630097294,57.643124686552426,141.38970776870187,79.14183630097294,79.14183630097294,20.68661766133603,20.68661766133603,20.68661766133603,20.68661766133603,20.68661766133603,20.68661766133603,0.0,0.0,0.0,99.82845396230897
1820,1969-05-05,78.78389271800525,59.87665071915246,142.0477780162961,78.78389271800525,78.78389271800525,21.161491221687882,21.161491221687882,21.161491221687882,21.161491221687882,21.161491221687882,21.161491221687882,0.0,0.0,0.0,99.94538393969313
1821,1969-05-06,78.6645781903494,57.71211473082923,144.34254617992977,78.6645781903494,78.6645781903494,21.319940180994255,21.319940180994255,21.319940180994255,21.319940180994255,21.319940180994255,21.319940180994255,0.0,0.0,0.0,99.98451837134365
1822,1969-05-07,78.54526366269354,57.46753963400816,137.96679314637964,78.54526366269354,78.54526366269354,21.4784687864405,21.4784687864405,21.4784687864405,21.4784687864405,21.4784687864405,21.4784687864405,0.0,0.0,0.0,100.02373244913404
1823,1969-05-08,78.4259491350376,60.17348260186598,141.91957042906967,78.4259491350376,78.4259491350376,21.63707750188779,21.63707750188779,21.63707750188779,21.63707750188779,21.63707750188779,21.63707750188779,0.0,0.0,0.0,100.06302663692539
1824,1969-05-09,78.30663460738175,58.124455691264316,144.95391737724924,78.30663460738175,78.30663460738175,21.795766796450202,21.795766796450202,21.795766796450202,21.795766796450202,21.795766796450202,21.795766796450202,0.0,0.0,0.0,100.10240140383195
1825,1969-05-12,77.94869102441406,56.4722114758241,141.34013555138668,77.94869102441406,77.94869102441406,22.272322924210066,22.272322924210066,22.272322924210066,22.272322924210066,22.272322924210066,22.272322924210066,0.0,0.0,0.0,100.22101394862412
1826,1969-05-13,77.82937649675821,58.8309658039281,140.98272221927238,77.82937649675821,77.82937649675821,22.431339330510045,22.431339330510045,22.431339330510045,22.431339330510045,22.431339330510045,22.431339330510045,0.0,0.0,0.0,100.26071582726826
1827,1969-05-14,77.71006196910236,59.58148732102225,143.0375526506378,77.71006196910236,77.71006196910236,22.59043873936572,22.59043873936572,22.59043873936572,22.59043873936572,22.59043873936572,22.59043873936572,0.0,0.0,0.0,100.30050070846808
1828,1969-05-15,77.59074744144641,57.77795331538784,143.30615085617052,77.59074744144641,77.59074744144641,22.749621650852717,22.749621650852717,22.749621650852717,22.749621650852717,22.749621650852717,22.749621650852717,0.0,0.0,0.0,100.34036909229913
1829,1969-05-16,77.47143291379057,60.36885011379239,140.71718850237679,77.47143291379057,77.47143291379057,22.908888570113263,22.908888570113263,22.908888570113263,22.908888570113263,22.908888570113263,22.908888570113263,0.0,0.0,0.0,100.38032148390383
1830,1969-05-19,77.11348933082287,57.207267734461865,144.22761914735617,77.11348933082287,77.11348933082287,23.387198501383217,23.387198501383217,23.387198501383217,23.387198501383217,23.387198501383217,23.387198501383217,0.0,0.0,0.0,100.5006878322061
1831,1969-05-20,76.99417480316703,60.43494617433197,144.43136548243137,76.99417480316703,76.99417480316703,23.54680660353532,23.54680660353532,23.54680660353532,23.54680660353532,23.54680660353532,23.54680660353532,0.0,0.0,0.0,100.54098140670234
1832,1969-05-21,76.87486027551117,59.852087065256995,141.31665267875184,76.87486027551117,76.87486027551117,23.706501314213725,23.706501314213725,23.706501314213725,23.706501314213725,23.706501314213725,23.706501314213725,0.0,0.0,0.0,100.58136158972489
1833,1969-05-22,76.75554574785527,55.39709771906727,140.7273831115968,76.75554574785527,76.75554574785527,23.866283168384612,23.866283168384612,23.866283168384612,23.866283168384612,23.866283168384612,23.866283168384612,0.0,0.0,0.0,100.62182891623988
1834,1969-05-23,76.63623122019938,56.465311956282484,143.85602797294587,76.63623122019938,76.63623122019938,24.026152705888073,24.026152705888073,24.026152705888073,24.026152705888073,24.026152705888073,24.026152705888073,0.0,0.0,0.0,100.66238392608744
1835,1969-05-26,76.27828763723177,58.182630793581176,140.76673831258157,76.27828763723177,76.27828763723177,24.506292889312405,24.506292889312405,24.506292889312405,24.506292889312405,24.506292889312405,24.506292889312405,0.0,0.0,0.0,100.78458052654418
1836,1969-05-27,76.15897310957584,59.89483694901963,141.78964466118643,76.15897310957584,76.15897310957584,24.666518655039866,24.666518655039866,24.666518655039866,24.666518655039866,24.666518655039866,24.666518655039866,0.0,0.0,0.0,100.8254917646157
1837,1969-05-28,76.03965858191998,61.561666783733315,143.7348171634015,76.03965858191998,76.03965858191998,24.826834875422723,24.826834875422723,24.826834875422723,24.826834875422723,24.826834875422723,24.826834875422723,0.0,0.0,0.0,100.8664934573427
1838,1969-05-29,75.92034405426409,58.4311803533651,141.3313663590849,75.92034405426409,75.92034405426409,24.987242118951738,24.987242118951738,24.987242118951738,24.987242118951738,24.987242118951738,24.987242118951738,0.0,0.0,0.0,100.90758617321583
1839,1969-06-02,75.44308594364058,61.322660467637675,142.37275831129503,75.44308594364058,75.44308594364058,25.629792857374436,25.629792857374436,25.629792857374436,25.629792857374436,25.629792857374436,25.629792857374436,0.0,0.0,0.0,101.07287880101502
1840,1969-06-03,75.32377141598465,61.172875182847726,139.37162048052937,75.32377141598465,75.32377141598465,25.79066390662195,25.79066390662195,25.79066390662195,25.79066390662195,25.79066390662195,25.79066390662195,0.0,0.0,0.0,101.1144353226066
1841,1969-06-04,75.20445688832879,56.70210036069834,141.1053807219052,75.20445688832879,75.20445688832879,25.951629487131022,25.951629487131022,25.951629487131022,25.951629487131022,25.951629487131022,25.951629487131022,0.0,0.0,0.0,101.15608637545981
1842,1969-06-05,75.0851423606729,60.2360706559898,143.29161375187098,75.0851423606729,75.0851423606729,26.11269019951168,26.11269019951168,26.11269019951168,26.11269019951168,26.11269019951168,26.11269019951168,0.0,0.0,0.0,101.19783256018458
1843,1969-06-06,74.96582783301704,59.943401503300926,140.31649839833676,74.96582783301704,74.96582783301704,26.27384664884562,26.27384664884562,26.27384664884562,26.27384664884562,26.27384664884562,26.27384664884562,0.0,0.0,0.0,101.23967448186266
1844,1969-06-09,74.60788425004935,59.25614610973316,141.36507218245353,74.60788425004935,74.60788425004935,26.7578965358392,26.7578965358392,26.7578965358392,26.7578965358392,26.7578965358392,26.7578965358392,0.0,0.0,0.0,101.36578078588855
1845,1969-06-10,74.4885697223935,59.453177498103734,144.0525964945732,74.4885697223935,74.4885697223935,26.919442072202266,26.919442072202266,26.919442072202266,26.919442072202266,26.919442072202266,26.919442072202266,0.0,0.0,0.0,101.40801179459578
1846,1969-06-11,74.36925519473756,62.03331092448156,143.2859058108312,74.36925519473756,74.36925519473756,27.081086436966313,27.081086436966313,27.081086436966313,27.081086436966313,27.081086436966313,27.081086436966313,0.0,0.0,0.0,101.45034163170388
1847,1969-06-12,74.24994066708172,57.95067897293025,139.24540966679893,74.24994066708172,74.24994066708172,27.242830261420227,27.242830261420227,27.242830261420227,27.242830261420227,27.242830261420227,27.242830261420227,0.0,0.0,0.0,101.49277092850194
1848,1969-06-13,74.13062613942586,61.105173808197186,146.49098587271956,74.13062613942586,74.13062613942586,27.404674181116086,27.404674181116086,27.404674181116086,27.404674181116086,27.404674181116086,27.404674181116086,0.0,0.0,0.0,101.53530032054195
1849,1969-06-16,73.77268255645816,61.33216640658634,144.7467702709808,73.77268255645816,73.77268255645816,27.890812930489346,27.890812930489346,27.890812930489346,27.890812930489346,27.890812930489346,27.890812930489346,0.0,0.0,0.0,101.66349548694751
1850,1969-06-17,73.65336802880232,60.13673486522305,143.17555051634363,73.65336802880232,73.65336802880232,28.05306367087979,28.05306367087979,28.05306367087979,28.05306367087979,28.05306367087979,28.05306367087979,0.0,0.0,0.0,101.70643169968211
1851,1969-06-18,73.53405350114637,59.74163647027125,144.20222393174117,73.53405350114637,73.53405350114637,28.21541774716179,28.21541774716179,28.21541774716179,28.21541774716179,28.21541774716179,28.21541774716179,0.0,0.0,0.0,101.74947124830817
1852,1969-06-19,73.41473897349053,61.862708462994256,144.29246905305268,73.41473897349053,73.41473897349053,28.377875819830336,28.377875819830336,28.377875819830336,28.377875819830336,28.377875819830336,28.377875819830336,0.0,0.0,0.0,101.79261479332087
1853,1969-06-20,73.29542444583467,61.82244643619008,145.104272559211,73.29542444583467,73.29542444583467,28.540438553430807,28.540438553430807,28.540438553430807,28.540438553430807,28.540438553430807,28.540438553430807,0.0,0.0,0.0,101.83586299926547
1854,1969-06-23,72.93748086286698,57.23007221533041,144.7316027116169,72.93748086286698,72.93748086286698,29.02876142538676,29.02876142538676,29.02876142538676,29.02876142538676,29.02876142538676,29.02876142538676,0.0,0.0,0.0,101.96624228825374
1855,1969-06-24,72.81816633521113,62.017157319589955,145.50969413997342,72.81816633521113,72.81816633521113,29.19174952809854,29.19174952809854,29.19174952809854,29.19174952809854,29.19174952809854,29.19174952809854,0.0,0.0,0.0,102.00991586330967
1856,1969-06-25,72.69885180755527,56.86797800751306,141.8342700611834,72.69885180755527,72.69885180755527,29.354845674146212,29.354845674146212,29.354845674146212,29.354845674146212,29.354845674146212,29.354845674146212,0.0,0.0,0.0,102.05369748170148
1857,1969-06-26,72.57953727989934,62.610764645871356,143.89832874006984,72.57953727989934,72.57953727989934,29.518050551729427,29.518050551729427,29.518050551729427,29.518050551729427,29.518050551729427,29.518050551729427,0.0,0.0,0.0,102.09758783162877
1858,1969-06-27,72.46022275224348,59.206929668847735,140.99392869418827,72.46022275224348,72.46022275224348,29.68136485288141,29.68136485288141,29.68136485288141,29.68136485288141,29.68136485288141,29.68136485288141,0.0,0.0,0.0,102.1415876051249
1859,1969-06-30,72.10227916927579,59.64526753881992,143.3742720356641,72.10227916927579,72.10227916927579,30.171971274931735,30.171971274931735,30.171971274931735,30.171971274931735,30.171971274931735,30.171971274931735,0.0,0.0,0.0,102.27425044420752
1860,1969-07-01,71.98296464161994,63.07847965410183,145.5525525397078,71.98296464161994,71.98296464161994,30.33573026627073,30.33573026627073,30.33573026627073,30.33573026627073,30.33573026627073,30.33573026627073,0.0,0.0,0.0,102.31869490789067
1861,1969-07-02,71.86365011396408,61.44461777223982,145.69927962750333,71.86365011396408,71.86365011396408,30.499602197754573,30.499602197754573,30.499602197754573,30.499602197754573,30.499602197754573,30.499602197754573,0.0,0.0,0.0,102.36325231171865
1862,1969-07-03,71.74433558630815,60.98579121115426,145.4104256046105,71.74433558630815,71.74433558630815,30.66358778376045,30.66358778376045,30.66358778376045,30.66358778376045,30.66358778376045,30.66358778376045,0.0,0.0,0.0,102.4079233700686
1863,1969-07-07,71.2670774756846,58.51131889629164,143.8016847158912,71.2670774756846,71.2670774756846,31.320681086358217,31.320681086358217,31.320681086358217,31.320681086358217,31.320681086358217,31.320681086358217,0.0,0.0,0.0,102.58775856204282
1864,1969-07-08,71.14776294802876,62.344770583507284,142.7666099675362,71.14776294802876,71.14776294802876,31.485245785998536,31.485245785998536,31.485245785998536,31.485245785998536,31.485245785998536,31.485245785998536,0.0,0.0,0.0,102.6330087340273
1865,1969-07-09,71.0284484203729,60.51104352890251,143.32985315456546,71.0284484203729,71.0284484203729,31.649928501199344,31.649928501199344,31.649928501199344,31.649928501199344,31.649928501199344,31.649928501199344,0.0,0.0,0.0,102.67837692157224
1866,1969-07-10,70.90913389271692,60.855669965993286,143.48087781317756,70.90913389271692,70.90913389271692,31.814729970966035,31.814729970966035,31.814729970966035,31.814729970966035,31.814729970966035,31.814729970966035,0.0,0.0,0.0,102.72386386368296
1867,1969-07-11,70.65386184043999,59.811306171987,142.59304291883646,70.65386184043999,70.65386184043999,31.97965093769471,31.97965093769471,31.97965093769471,31.97965093769471,31.97965093769471,31.97965093769471,0.0,0.0,0.0,102.6335127781347
1868,1969-07-14,69.88804568360939,61.36438920461561,142.78997055713484,69.88804568360939,69.88804568360939,32.47513829380027,32.47513829380027,32.47513829380027,32.47513829380027,32.47513829380027,32.47513829380027,0.0,0.0,0.0,102.36318397740966
1869,1969-07-15,69.63277363133237,61.39224481562567,144.0308836106187,69.63277363133237,69.63277363133237,32.64054473902858,32.64054473902858,32.64054473902858,32.64054473902858,32.64054473902858,32.64054473902858,0.0,0.0,0.0,102.27331837036095
1870,1969-07-16,69.37750157905553,61.142498056161685,143.90277184781124,69.37750157905553,69.37750157905553,32.80607444293608,32.80607444293608,32.80607444293608,32.80607444293608,32.80607444293608,32.80607444293608,0.0,0.0,0.0,102.18357602199161
1871,1969-07-17,69.1222295267787,59.06996902200727,142.47815287111044,69.1222295267787,69.1222295267787,32.97172816758813,32.97172816758813,32.97172816758813,32.97172816758813,32.97172816758813,32.97172816758813,0.0,0.0,0.0,102.09395769436682
1872,1969-07-18,68.86695747450169,59.76166261474831,141.23721449167923,68.86695747450169,68.86695747450169,33.13750667821549,33.13750667821549,33.13750667821549,33.13750667821549,33.13750667821549,33.13750667821549,0.0,0.0,0.0,102.00446415271718
1873,1969-07-22,67.84586926539407,56.86272028451299,139.32448355825633,67.84586926539407,67.84586926539407,33.80188399406398,33.80188399406398,33.80188399406398,33.80188399406398,33.80188399406398,33.80188399406398,0.0,0.0,0.0,101.64775325945806
1874,1969-07-23,67.59059721311723,57.450499512632106,142.6030231760133,67.59059721311723,67.59059721311723,33.96829802154615,33.96829802154615,33.96829802154615,33.96829802154615,33.96829802154615,33.96829802154615,0.0,0.0,0.0,101.55889523466338
1875,1969-07-24,67.3353251608404,60.23588093977008,142.89743522125065,67.3353251608404,67.3353251608404,34.134841491043964,34.134841491043964,34.134841491043964,34.134841491043964,34.134841491043964,34.134841491043964,0.0,0.0,0.0,101.47016665188437
1876,1969-07-25,67.08005310856355,60.67089289940098,141.74804683827153,67.08005310856355,67.08005310856355,34.30151518903674,34.30151518903674,34.30151518903674,34.30151518903674,34.30151518903674,34.30151518903674,0.0,0.0,0.0,101.3815682976003
1877,1969-07-28,66.31423695173278,59.261708785340616,140.71036742096254,66.31423695173278,66.31423695173278,34.802325562162665,34.802325562162665,34.802325562162665,34.802325562162665,34.802325562162665,34.802325562162665,0.0,0.0,0.0,101.11656251389545
1878,1969-07-29,66.05896489945593,58.1045323097008,139.94312658501036,66.05896489945593,66.05896489945593,34.96952809654555,34.96952809654555,34.96952809654555,34.96952809654555,34.96952809654555,34.96952809654555,0.0,0.0,0.0,101.02849299600149
1879,1969-07-30,65.80369284717892,59.359354387837485,143.2881915611557,65.80369284717892,65.80369284717892,35.13686483474656,35.13686483474656,35.13686483474656,35.13686483474656,35.13686483474656,35.13686483474656,0.0,0.0,0.0,100.94055768192548
1880,1969-07-31,65.54842079490209,57.44653686641676,140.16377070475554,65.54842079490209,65.54842079490209,35.304336580186686,35.304336580186686,35.304336580186686,35.304336580186686,35.304336580186686,35.304336580186686,0.0,0.0,0.0,100.85275737508877
1881,1969-08-01,65.29314874262525,59.06811701492418,141.61315843493333,65.29314874262525,65.29314874262525,35.47194413899585,35.47194413899585,35.47194413899585,35.47194413899585,35.47194413899585,35.47194413899585,0.0,0.0,0.0,100.7650928816211
1882,1969-08-04,64.52733258579455,58.44153186218907,140.09274155624445,64.52733258579455,64.52733258579455,35.975589796883376,35.975589796883376,35.975589796883376,35.975589796883376,35.975589796883376,35.975589796883376,0.0,0.0,0.0,100.50292238267792
1883,1969-08-05,64.27206053351763,58.32288152254271,140.4995602136202,64.27206053351763,64.27206053351763,36.143748723499925,36.143748723499925,36.143748723499925,36.143748723499925,36.143748723499925,36.143748723499925,0.0,0.0,0.0,100.41580925701756
1884,1969-08-06,64.01678848124071,60.06637070990062,140.67471866150032,64.01678848124071,64.01678848124071,36.31204753362162,36.31204753362162,36.31204753362162,36.31204753362162,36.31204753362162,36.31204753362162,0.0,0.0,0.0,100.32883601486233
1885,1969-08-07,63.76151642896378,61.146683951505935,143.25523780136172,63.76151642896377,63.76151642896377,36.48048704894289,36.48048704894289,36.48048704894289,36.48048704894289,36.48048704894289,36.48048704894289,0.0,0.0,0.0,100.24200347790668
1886,1969-08-08,63.50624437668694,60.54228314043019,138.2518050343977,63.50624437668694,63.50624437668694,36.64906809363721,36.64906809363721,36.64906809363721,36.64906809363721,36.64906809363721,36.64906809363721,0.0,0.0,0.0,100.15531247032415
1887,1969-08-11,62.74042821985625,59.04334243736404,141.306364430973,62.74042821985625,62.74042821985625,37.15566868218577,37.15566868218577,37.15566868218577,37.15566868218577,37.15566868218577,37.15566868218577,0.0,0.0,0.0,99.89609690204202
1888,1969-08-12,62.48515616757941,57.74666261421855,139.4986754577312,62.48515616757941,62.48515616757941,37.3248241345335,37.3248241345335,37.3248241345335,37.3248241345335,37.3248241345335,37.3248241345335,0.0,0.0,0.0,99.8099803021129
1889,1969-08-13,62.22988411530248,57.64645079877778,139.4695845857644,62.22988411530248,62.22988411530248,37.49412527315343,37.49412527315343,37.49412527315343,37.49412527315343,37.49412527315343,37.49412527315343,0.0,0.0,0.0,99.72400938845591
1890,1969-08-14,61.97461206302556,56.45783236322645,140.82845778581583,61.97461206302556,61.97461206302556,37.663572936401096,37.663572936401096,37.663572936401096,37.663572936401096,37.663572936401096,37.663572936401096,0.0,0.0,0.0,99.63818499942666
1891,1969-08-15,61.71934001074863,57.47870006704997,143.72264345111222,61.71934001074863,61.71934001074863,37.83316796488033,37.83316796488033,37.83316796488033,37.83316796488033,37.83316796488033,37.83316796488033,0.0,0.0,0.0,99.55250797562897
1892,1969-08-18,60.95352385391794,56.20156008747017,139.9724496422957,60.95352385391794,60.95352385391794,38.34284568077735,38.34284568077735,38.34284568077735,38.34284568077735,38.34284568077735,38.34284568077735,0.0,0.0,0.0,99.29636953469529
1893,1969-08-19,60.698251801641106,56.63476652696936,141.41240751858615,60.698251801641106,60.698251801641106,38.51303862003244,38.51303862003244,38.51303862003244,38.51303862003244,38.51303862003244,38.51303862003244,0.0,0.0,0.0,99.21129042167354
1894,1969-08-20,60.44297974936426,57.92002694083731,139.68924804064048,60.44297974936426,60.44297974936426,38.683383160108065,38.683383160108065,38.683383160108065,38.683383160108065,38.683383160108065,38.683383160108065,0.0,0.0,0.0,99.12636290947233
1895,1969-08-21,60.18770769708725,57.79111613921813,141.0734612777585,60.18770769708725,60.18770769708725,38.85388015440507,38.85388015440507,38.85388015440507,38.85388015440507,38.85388015440507,38.85388015440507,0.0,0.0,0.0,99.04158785149232
1896,1969-08-22,59.93243564481041,59.98146449952894,143.9310113123138,59.93243564481041,59.93243564481041,39.02453045834157,39.02453045834157,39.02453045834157,39.02453045834157,39.02453045834157,39.02453045834157,0.0,0.0,0.0,98.95696610315198
1897,1969-08-25,59.16661948797964,56.63047703128396,137.8686043465924,59.16661948797964,59.16661948797964,39.537409811737454,39.537409811737454,39.537409811737454,39.537409811737454,39.537409811737454,39.537409811737454,0.0,0.0,0.0,98.70402929971709
1898,1969-08-26,58.911347435702794,56.154164002160805,134.32484358186457,58.911347435702794,58.911347435702794,39.70868194760636,39.70868194760636,39.70868194760636,39.70868194760636,39.70868194760636,39.70868194760636,0.0,0.0,0.0,98.62002938330915
1899,1969-08-27,58.65607538342596,55.59102820064453,139.31619015601433,58.65607538342596,58.65607538342596,39.880111699311556,39.880111699311556,39.880111699311556,39.880111699311556,39.880111699311556,39.880111699311556,0.0,0.0,0.0,98.53618708273751
1900,1969-08-28,58.40080333114903,56.542906671696166,139.6165800980957,58.40080333114903,58.40080333114903,40.05169993368284,40.05169993368284,40.05169993368284,40.05169993368284,40.05169993368284,40.05169993368284,0.0,0.0,0.0,98.45250326483188
1901,1969-08-29,58.145531278872106,57.094524385734005,137.89068876069783,58.145531278872106,58.145531278872106,40.22344751933654,40.22344751933654,40.22344751933654,40.22344751933654,40.22344751933654,40.22344751933654,0.0,0.0,0.0,98.36897879820864
1902,1969-09-02,57.12444306976449,58.665101117377155,140.09109022065442,57.124443069764496,57.124443069764496,40.912048807788715,40.912048807788715,40.912048807788715,40.912048807788715,40.912048807788715,40.912048807788715,0.0,0.0,0.0,98.0364918775532
1903,1969-09-03,56.86917101748765,57.756885059826566,136.33131847339845,56.86917101748766,56.86917101748766,41.08460623932533,41.08460623932533,41.08460623932533,41.08460623932533,41.08460623932533,41.08460623932533,0.0,0.0,0.0,97.95377725681298
1904,1969-09-04,56.61389896521081,59.04831769599749,136.74907639269716,56.61389896521081,56.61389896521081,41.25732826951732,41.25732826951732,41.25732826951732,41.25732826951732,41.25732826951732,41.25732826951732,0.0,0.0,0.0,97.87122723472814
1905,1969-09-05,56.3586269129338,52.663683391367606,139.0520503222279,56.3586269129338,56.3586269129338,41.43021577856577,41.43021577856577,41.43021577856577,41.43021577856577,41.43021577856577,41.43021577856577,0.0,0.0,0.0,97.78884269149957
1906,1969-09-08,55.5928107561032,57.81739025126877,139.31197966355288,55.5928107561032,55.5928107561032,41.94988000351693,41.94988000351693,41.94988000351693,41.94988000351693,41.94988000351693,41.94988000351693,0.0,0.0,0.0,97.54269075962013
1907,1969-09-09,55.33753870382627,55.525215352220805,139.03566576219708,55.33753870382627,55.33753870382627,42.1234382599809,42.1234382599809,42.1234382599809,42.1234382599809,42.1234382599809,42.1234382599809,0.0,0.0,0.0,97.46097696380717
1908,1969-09-10,55.08226665154935,56.25487258785904,139.7387707691848,55.08226665154935,55.08226665154935,42.297166418504105,42.297166418504105,42.297166418504105,42.297166418504105,42.297166418504105,42.297166418504105,0.0,0.0,0.0,97.37943307005345
1909,1969-09-11,54.8269945992725,54.593834841838486,139.64649576698534,54.8269945992725,54.8269945992725,42.47106536793737,42.47106536793737,42.47106536793737,42.47106536793737,42.47106536793737,42.47106536793737,0.0,0.0,0.0,97.29805996720987
1910,1969-09-12,54.571722546995666,57.34218324403189,143.4865357072245,54.571722546995666,54.571722546995666,42.645135998458464,42.645135998458464,42.645135998458464,42.645135998458464,42.645135998458464,42.645135998458464,0.0,0.0,0.0,97.21685854545413
1911,1969-09-15,53.805906390164886,53.39399915951484,138.8300252412419,53.805906390164886,53.805906390164886,43.16838689754813,43.16838689754813,43.16838689754813,43.16838689754813,43.16838689754813,43.16838689754813,0.0,0.0,0.0,96.97429328771301
1912,1969-09-16,53.55063433788805,54.637067558846915,141.93373074342935,53.55063433788805,53.55063433788805,43.343153179598445,43.343153179598445,43.343153179598445,43.343153179598445,43.343153179598445,43.343153179598445,0.0,0.0,0.0,96.89378751748649
1913,1969-09-17,53.29536228561113,57.46870277395562,137.86400177482903,53.29536228561113,53.29536228561113,43.5180956123902,43.5180956123902,43.5180956123902,43.5180956123902,43.5180956123902,43.5180956123902,0.0,0.0,0.0,96.81345789800133
1914,1969-09-18,53.0400902333342,52.5000236817895,137.39192120045988,53.0400902333342,53.0400902333342,43.693215093378896,43.693215093378896,43.693215093378896,43.693215093378896,43.693215093378896,43.693215093378896,0.0,0.0,0.0,96.7333053267131
1915,1969-09-19,52.78481818105736,55.524295293445306,139.56838125838766,52.78481818105736,52.78481818105736,43.86851252111932,43.86851252111932,43.86851252111932,43.86851252111932,43.86851252111932,43.86851252111932,0.0,0.0,0.0,96.65333070217667
1916,1969-09-22,52.019002024226666,58.05281801108503,137.1857517683356,52.019002024226666,52.019002024226666,44.395481486204034,44.395481486204034,44.395481486204034,44.395481486204034,44.395481486204034,44.395481486204034,0.0,0.0,0.0,96.4144835104307
1917,1969-09-23,51.76372997194974,51.71543419132928,137.62811813013164,51.76372997194974,51.76372997194974,44.57149970734643,44.57149970734643,44.57149970734643,44.57149970734643,44.57149970734643,44.57149970734643,0.0,0.0,0.0,96.33522967929618
1918,1969-09-24,51.508457919672814,52.187294442937294,137.26209142036,51.508457919672814,51.508457919672814,44.74770038336686,44.74770038336686,44.74770038336686,44.74770038336686,44.74770038336686,44.74770038336686,0.0,0.0,0.0,96.25615830303968
1919,1969-09-25,51.25318586739598,56.274253781603825,139.78275947872763,51.25318586739598,51.25318586739598,44.924084418734914,44.924084418734914,44.924084418734914,44.924084418734914,44.924084418734914,44.924084418734914,0.0,0.0,0.0,96.17727028613089
1920,1969-09-26,50.997913815119055,54.01648221497534,136.7373877242931,50.997913815119055,50.997913815119055,45.100652718792865,45.100652718792865,45.100652718792865,45.100652718792865,45.100652718792865,45.100652718792865,0.0,0.0,0.0,96.09856653391192
1921,1969-09-29,50.23209765828836,53.32956526789056,135.96610449710926,50.23209765828837,50.23209765828837,45.631472272947256,45.631472272947256,45.631472272947256,45.631472272947256,45.631472272947256,45.631472272947256,0.0,0.0,0.0,95.86356993123562
1922,1969-09-30,49.97682560601152,54.232363618565074,135.780312910698,49.97682560601152,49.97682560601152,45.80878670152007,45.80878670152007,45.80878670152007,45.80878670152007,45.80878670152007,45.80878670152007,0.0,0.0,0.0,95.7856123075316
1923,1969-10-01,49.721553553734594,56.922020658706636,134.71321550947002,49.721553553734594,49.721553553734594,45.98628993346259,45.98628993346259,45.98628993346259,45.98628993346259,45.98628993346259,45.98628993346259,0.0,0.0,0.0,95.70784348719718
1924,1969-10-02,49.46628150145767,51.036770067556034,136.49848564881586,49.46628150145767,49.46628150145767,46.163982878680045,46.163982878680045,46.163982878680045,46.163982878680045,46.163982878680045,46.163982878680045,0.0,0.0,0.0,95.63026438013772
1925,1969-10-03,49.21100944918074,56.37819854991913,139.41714444962872,49.21100944918074,49.21100944918074,46.34186644772627,46.34186644772627,46.34186644772627,46.34186644772627,46.34186644772627,46.34186644772627,0.0,0.0,0.0,95.55287589690701
1926,1969-10-06,48.445193292350055,56.04370739071493,137.85458921590507,48.445193292350055,48.445193292350055,46.87667001243523,46.87667001243523,46.87667001243523,46.87667001243523,46.87667001243523,46.87667001243523,0.0,0.0,0.0,95.32186330478528
1927,1969-10-07,48.18992124007322,52.32895992955454,136.95764160908038,48.18992124007322,48.18992124007322,47.05532519419169,47.05532519419169,47.05532519419169,47.05532519419169,47.05532519419169,47.05532519419169,0.0,0.0,0.0,95.24524643426491
1928,1969-10-08,47.934649187796374,55.015847276622075,137.8059670076519,47.934649187796374,47.934649187796374,47.23417556116101,47.23417556116101,47.23417556116101,47.23417556116101,47.23417556116101,47.23417556116101,0.0,0.0,0.0,95.16882474895738
1929,1969-10-09,47.67937713551937,53.73884972168202,136.07935050810852,47.679377135519374,47.679377135519374,47.41322202712107,47.41322202712107,47.41322202712107,47.41322202712107,47.41322202712107,47.41322202712107,0.0,0.0,0.0,95.09259916264044
1930,1969-10-10,47.42410508324252,55.256488961118784,139.35398927692637,47.42410508324252,47.42410508324252,47.59246550627636,47.59246550627636,47.59246550627636,47.59246550627636,47.59246550627636,47.59246550627636,0.0,0.0,0.0,95.01657058951889
1931,1969-10-13,46.658288926411835,53.810393023406576,134.69381395678246,46.658288926411835,46.658288926411835,48.13138717069681,48.13138717069681,48.13138717069681,48.13138717069681,48.13138717069681,48.13138717069681,0.0,0.0,0.0,94.78967609710864
1932,1969-10-14,46.403016874134906,51.09604284817094,135.7130667364946,46.403016874134906,46.403016874134906,48.31142785210907,48.31142785210907,48.31142785210907,48.31142785210907,48.31142785210907,48.31142785210907,0.0,0.0,0.0,94.71444472624398
1933,1969-10-15,46.14774482185807,52.092007289723696,138.34447994053608,46.14774482185807,46.14774482185807,48.49167012303785,48.49167012303785,48.49167012303785,48.49167012303785,48.49167012303785,48.49167012303785,0.0,0.0,0.0,94.63941494489592
1934,1969-10-16,45.89247276958123,51.142101038321414,135.8248796735769,45.89247276958123,45.89247276958123,48.672114899587854,48.672114899587854,48.672114899587854,48.672114899587854,48.672114899587854,48.672114899587854,0.0,0.0,0.0,94.56458766916909
1935,1969-10-17,45.63720071730422,51.24046969985909,135.37760804900066,45.63720071730422,45.63720071730422,48.85276309807111,48.85276309807111,48.85276309807111,48.85276309807111,48.85276309807111,48.85276309807111,0.0,0.0,0.0,94.48996381537532
1936,1969-10-20,44.87138456047353,51.735655387245345,132.20082056390984,44.87138456047353,44.87138456047353,49.395937390697995,49.395937390697995,49.395937390697995,49.395937390697995,49.395937390697995,49.395937390697995,0.0,0.0,0.0,94.26732195117152
1937,1969-10-21,44.6161125081966,49.97103740923056,135.82403107770722,44.6161125081966,44.6161125081966,49.577408443094086,49.577408443094086,49.577408443094086,49.577408443094086,49.577408443094086,49.577408443094086,0.0,0.0,0.0,94.19352095129068
1938,1969-10-22,44.360840455919764,53.73593438892811,140.5520065518161,44.360840455919764,44.360840455919764,49.759087501007336,49.759087501007336,49.759087501007336,49.759087501007336,49.759087501007336,49.759087501007336,0.0,0.0,0.0,94.1199279569271
1939,1969-10-23,44.10556840364293,50.43833967239183,134.1093659662534,44.10556840364293,44.10556840364293,49.94097548134293,49.94097548134293,49.94097548134293,49.94097548134293,49.94097548134293,49.94097548134293,0.0,0.0,0.0,94.04654388498585
1940,1969-10-24,43.85029635136591,54.831200881965074,135.07695879960062,43.85029635136591,43.85029635136591,50.12307330099698,50.12307330099698,50.12307330099698,50.12307330099698,50.12307330099698,50.12307330099698,0.0,0.0,0.0,93.97336965236289
1941,1969-10-27,43.08448019453531,52.620378200150746,135.73193242662717,43.08448019453531,43.08448019453531,50.670634964052994,50.670634964052994,50.670634964052994,50.670634964052994,50.670634964052994,50.670634964052994,0.0,0.0,0.0,93.7551151585883
1942,1969-10-28,42.82920814225838,52.16005796436496,134.22464622590275,42.82920814225838,42.82920814225838,50.853581308690636,50.853581308690636,50.853581308690636,50.853581308690636,50.853581308690636,50.853581308690636,0.0,0.0,0.0,93.68278945094902
1943,1969-10-29,42.57393608998146,53.615781590938,135.01039809271907,42.57393608998146,42.57393608998146,51.03674207592169,51.03674207592169,51.03674207592169,51.03674207592169,51.03674207592169,51.03674207592169,0.0,0.0,0.0,93.61067816590315
1944,1969-10-30,42.318664037704615,50.26550558303319,134.43559576078943,42.31866403770461,42.31866403770461,51.22011818194695,51.22011818194695,51.22011818194695,51.22011818194695,51.22011818194695,51.22011818194695,0.0,0.0,0.0,93.53878221965157
1945,1969-10-31,42.06339198542778,52.65474846546642,133.03948764661106,42.06339198542777,42.06339198542777,51.403710542744875,51.403710542744875,51.403710542744875,51.403710542744875,51.403710542744875,51.403710542744875,0.0,0.0,0.0,93.46710252817266
1946,1969-11-03,41.29757582859709,49.528344031345526,136.4814349632517,41.29757582859709,41.29757582859709,51.95579430959495,51.95579430959495,51.95579430959495,51.95579430959495,51.95579430959495,51.95579430959495,0.0,0.0,0.0,93.25337013819204
1947,1969-11-04,41.04230377632016,52.18659455676385,133.96435368421254,41.04230377632016,41.04230377632016,52.14026084377162,52.14026084377162,52.14026084377162,52.14026084377162,52.14026084377162,52.14026084377162,0.0,0.0,0.0,93.18256462009178
1948,1969-11-05,40.78703172404324,55.23649986876036,134.5515175445713,40.78703172404324,40.78703172404324,52.324948208228015,52.324948208228015,52.324948208228015,52.324948208228015,52.324948208228015,52.324948208228015,0.0,0.0,0.0,93.11197993227125
1949,1969-11-06,40.53175967176631,52.417699556829454,133.61569987041614,40.53175967176631,40.53175967176631,52.50985731697875,52.50985731697875,52.50985731697875,52.50985731697875,52.50985731697875,52.50985731697875,0.0,0.0,0.0,93.04161698874506
1950,1969-11-07,40.27648761948947,51.86895071689834,132.82571519881185,40.27648761948947,40.27648761948947,52.69498908360661,52.69498908360661,52.69498908360661,52.69498908360661,52.69498908360661,52.69498908360661,0.0,0.0,0.0,92.97147670309607
1951,1969-11-10,39.510671462658784,55.734071178674604,136.17018789951007,39.510671462658784,39.510671462658784,53.25172945948154,53.25172945948154,53.25172945948154,53.25172945948154,53.25172945948154,53.25172945948154,0.0,0.0,0.0,92.76240092214033
1952,1969-11-11,39.25539941038194,50.705379886056406,136.8890829959066,39.25539941038194,39.25539941038194,53.43776098377347,53.43776098377347,53.43776098377347,53.43776098377347,53.43776098377347,53.43776098377347,0.0,0.0,0.0,92.69316039415541
1953,1969-11-12,39.00012735810493,50.14542990431457,135.11122696541292,39.00012735810493,39.00012735810493,53.62401972634423,53.62401972634423,53.62401972634423,53.62401972634423,53.62401972634423,53.62401972634423,0.0,0.0,0.0,92.62414708444916
1954,1969-11-13,38.74485530582809,54.19506090630132,131.98087089793063,38.74485530582809,38.74485530582809,53.81050659756577,53.81050659756577,53.81050659756577,53.81050659756577,53.81050659756577,53.81050659756577,0.0,0.0,0.0,92.55536190339386
1955,1969-11-14,38.48958325355117,51.130235076398975,133.4772836812232,38.48958325355117,38.48958325355117,53.9972225071723,53.9972225071723,53.9972225071723,53.9972225071723,53.9972225071723,53.9972225071723,0.0,0.0,0.0,92.48680576072347
1956,1969-11-17,37.72376709672047,47.704073288971436,133.97605947218574,37.72376709672047,37.72376709672047,54.55875355346711,54.55875355346711,54.55875355346711,54.55875355346711,54.55875355346711,54.55875355346711,0.0,0.0,0.0,92.28252065018759
1957,1969-11-18,37.468495044443635,48.54528419644192,132.4377913311182,37.468495044443635,37.468495044443635,54.74639470018388,54.74639470018388,54.74639470018388,54.74639470018388,54.74639470018388,54.74639470018388,0.0,0.0,0.0,92.21488974462751
1958,1969-11-19,37.2132229921668,48.179511093286365,134.07241400679584,37.2132229921668,37.2132229921668,54.93426942337467,54.93426942337467,54.93426942337467,54.93426942337467,54.93426942337467,54.93426942337467,0.0,0.0,0.0,92.14749241554148
1959,1969-11-20,36.957950939889784,45.944648317412785,133.34649535957192,36.957950939889784,36.957950939889784,55.122378628339,55.122378628339,55.122378628339,55.122378628339,55.122378628339,55.122378628339,0.0,0.0,0.0,92.08032956822879
1960,1969-11-21,36.70267888761295,51.04057920870698,130.57630632985243,36.70267888761295,36.70267888761295,55.31072321953651,55.31072321953651,55.31072321953651,55.31072321953651,55.31072321953651,55.31072321953651,0.0,0.0,0.0,92.01340210714946
1961,1969-11-24,35.93686273078217,49.80646977033763,133.76665384588844,35.93686273078217,35.93686273078217,55.87717834193034,55.87717834193034,55.87717834193034,55.87717834193034,55.87717834193034,55.87717834193034,0.0,0.0,0.0,91.81404107271251
1962,1969-11-25,35.68159067850533,47.95409632568023,132.0386469497029,35.68159067850533,35.68159067850533,56.066473504865975,56.066473504865975,56.066473504865975,56.066473504865975,56.066473504865975,56.066473504865975,0.0,0.0,0.0,91.7480641833713
1963,1969-11-26,35.42631862622849,51.078690057452874,134.74235531747564,35.42631862622849,35.42631862622849,56.25600856274171,56.25600856274171,56.25600856274171,56.25600856274171,56.25600856274171,56.25600856274171,0.0,0.0,0.0,91.6823271889702
1964,1969-11-28,34.91577452167464,48.49197337237232,132.4254110641398,34.91577452167464,34.91577452167464,56.6358019575768,56.6358019575768,56.6358019575768,56.6358019575768,56.6358019575768,56.6358019575768,0.0,0.0,0.0,91.55157647925145
1965,1969-12-01,34.14995836484395,49.46874568537634,133.52972508101976,34.14995836484395,34.14995836484395,57.20731369820317,57.20731369820317,57.20731369820317,57.20731369820317,57.20731369820317,57.20731369820317,0.0,0.0,0.0,91.35727206304712
1966,1969-12-02,33.894686312567025,48.89219812453255,132.4912790916398,33.894686312567025,33.894686312567025,57.398306963757996,57.398306963757996,57.398306963757996,57.398306963757996,57.398306963757996,57.398306963757996,0.0,0.0,0.0,91.29299327632502
1967,1969-12-03,33.63941426029018,50.46319206711233,128.98786241199227,33.63941426029018,33.63941426029018,57.589546393265934,57.589546393265934,57.589546393265934,57.589546393265934,57.589546393265934,57.589546393265934,0.0,0.0,0.0,91.22896065355611
1968,1969-12-04,33.384142208013344,50.42161506792075,132.55245135739523,33.384142208013344,33.384142208013344,57.78103287770584,57.78103287770584,57.78103287770584,57.78103287770584,57.78103287770584,57.78103287770584,0.0,0.0,0.0,91.16517508571918
1969,1969-12-05,33.12887015573633,50.311211055243405,132.86775809805465,33.12887015573633,33.12887015573633,57.97276730682553,57.97276730682553,57.97276730682553,57.97276730682553,57.97276730682553,57.97276730682553,0.0,0.0,0.0,91.10163746256185
1970,1969-12-08,32.36305399890564,48.86986243104919,132.8841791041563,32.36305399890564,32.36305399890564,58.54946714070148,58.54946714070148,58.54946714070148,58.54946714070148,58.54946714070148,58.54946714070148,0.0,0.0,0.0,90.91252113960712
1971,1969-12-09,32.107781946628805,50.14622445983385,131.32680307445054,32.107781946628805,32.107781946628805,58.74220222044219,58.74220222044219,58.74220222044219,58.74220222044219,58.74220222044219,58.74220222044219,0.0,0.0,0.0,90.849984167071
1972,1969-12-10,31.852509894351876,49.325835094274815,130.05941506719753,31.852509894351876,31.852509894351876,58.93518967418277,58.93518967418277,58.93518967418277,58.93518967418277,58.93518967418277,58.93518967418277,0.0,0.0,0.0,90.78769956853465
1973,1969-12-11,31.59723784207504,53.11057812278751,132.1310678687396,31.59723784207504,31.59723784207504,59.12843038371448,59.12843038371448,59.12843038371448,59.12843038371448,59.12843038371448,59.12843038371448,0.0,0.0,0.0,90.72566822578952
1974,1969-12-12,31.341965789798024,48.005643666477106,132.26788204175878,31.341965789798024,31.341965789798024,59.321925229408365,59.321925229408365,59.321925229408365,59.321925229408365,59.321925229408365,59.321925229408365,0.0,0.0,0.0,90.66389101920639
1975,1969-12-15,30.576149632967507,49.81506507906324,131.32759768448665,30.576149632967507,30.576149632967507,59.90394336531262,59.90394336531262,59.90394336531262,59.90394336531262,59.90394336531262,59.90394336531262,0.0,0.0,0.0,90.48009299828013
1976,1969-12-16,30.320877580690496,50.06243379111892,134.96041487537036,30.320877580690496,30.320877580690496,60.09846353003236,60.09846353003236,60.09846353003236,60.09846353003236,60.09846353003236,60.09846353003236,0.0,0.0,0.0,90.41934111072285
1977,1969-12-17,30.065605528413656,47.52345915261734,129.8279788710896,30.065605528413656,30.065605528413656,60.29324221053825,60.29324221053825,60.29324221053825,60.29324221053825,60.29324221053825,60.29324221053825,0.0,0.0,0.0,90.35884773895191
1978,1969-12-18,29.81033347613673,48.84664212249233,132.61702724454167,29.81033347613673,29.81033347613673,60.488280278124456,60.488280278124456,60.488280278124456,60.488280278124456,60.488280278124456,60.488280278124456,0.0,0.0,0.0,90.29861375426118
1979,1969-12-19,29.555061423859893,50.8996639864204,134.38170607129052,29.555061423859893,29.555061423859893,60.683578602480516,60.683578602480516,60.683578602480516,60.683578602480516,60.683578602480516,60.683578602480516,0.0,0.0,0.0,90.2386400263404
1980,1969-12-22,28.7892452670292,48.45908264831227,134.51965439812858,28.7892452670292,28.7892452670292,61.27104378845027,61.27104378845027,61.27104378845027,61.27104378845027,61.27104378845027,61.27104378845027,0.0,0.0,0.0,90.06028905547947
1981,1969-12-23,28.533973214752187,48.22327791949722,134.8525441365744,28.533973214752187,28.533973214752187,61.46739180378326,61.46739180378326,61.46739180378326,61.46739180378326,61.46739180378326,61.46739180378326,0.0,0.0,0.0,90.00136501853544
1982,1969-12-24,28.27870116247535,46.823935795823516,130.75508164053366,28.27870116247535,28.27870116247535,61.66400439936013,61.66400439936013,61.66400439936013,61.66400439936013,61.66400439936013,61.66400439936013,0.0,0.0,0.0,89.94270556183548
1983,1969-12-26,27.768157057921584,48.766875680402784,131.01580407868406,27.768157057921584,27.768157057921584,62.05802676754303,62.05802676754303,62.05802676754303,62.05802676754303,62.05802676754303,62.05802676754303,0.0,0.0,0.0,89.82618382546462
1984,1969-12-29,27.002340901090896,47.253099392478305,128.0175076702787,27.002340901090896,27.002340901090896,62.65106610113997,62.65106610113997,62.65106610113997,62.65106610113997,62.65106610113997,62.65106610113997,0.0,0.0,0.0,89.65340700223086
1985,1969-12-30,26.747068848814056,48.707866453993574,131.0141688642827,26.747068848814056,26.747068848814056,62.849284164779164,62.849284164779164,62.849284164779164,62.849284164779164,62.849284164779164,62.849284164779164,0.0,0.0,0.0,89.59635301359322
1986,1969-12-31,26.49179679653704,44.125727621492416,133.55001534850766,26.49179679653704,26.49179679653704,63.04777278695575,63.04777278695575,63.04777278695575,63.04777278695575,63.04777278695575,63.04777278695575,0.0,0.0,0.0,89.53956958349279
1987,1970-01-02,25.981252691983364,48.62883226254539,130.62933707214754,25.981252691983364,25.981252691983364,63.44556509097745,63.44556509097745,63.44556509097745,63.44556509097745,63.44556509097745,63.44556509097745,0.0,0.0,0.0,89.42681778296082
1988,1970-01-05,25.215436535152588,48.57361351334995,131.42164165979028,25.215436535152588,25.215436535152588,64.04430383445357,64.04430383445357,64.04430383445357,64.04430383445357,64.04430383445357,64.04430383445357,0.0,0.0,0.0,89.25974036960616
1989,1970-01-06,24.96016448287575,47.694119613628914,132.1716578272533,24.96016448287575,24.96016448287575,64.24443351501247,64.24443351501247,64.24443351501247,64.24443351501247,64.24443351501247,64.24443351501247,0.0,0.0,0.0,89.20459799788823
1990,1970-01-07,24.70489243059891,47.66942849234115,132.73965625062482,24.70489243059891,24.70489243059891,64.44483963764061,64.44483963764061,64.44483963764061,64.44483963764061,64.44483963764061,64.44483963764061,0.0,0.0,0.0,89.14973206823953
1991,1970-01-08,24.449620378321896,49.64769863544795,132.76481927056102,24.449620378321896,24.449620378321896,64.64552303461655,64.64552303461655,64.64552303461655,64.64552303461655,64.64552303461655,64.64552303461655,0.0,0.0,0.0,89.09514341293844
1992,1970-01-09,24.19434832604506,49.13821758646867,131.22453535009112,24.19434832604506,24.19434832604506,64.84648453609016,64.84648453609016,64.84648453609016,64.84648453609016,64.84648453609016,64.84648453609016,0.0,0.0,0.0,89.04083286213522
1993,1970-01-12,23.428532169214368,49.59694622544759,129.6039391665007,23.428532169214368,23.428532169214368,65.45104593656359,65.45104593656359,65.45104593656359,65.45104593656359,65.45104593656359,65.45104593656359,0.0,0.0,0.0,88.87957810577795
1994,1970-01-13,23.173260116937442,45.15489899364069,129.46426899298373,23.173260116937442,23.173260116937442,65.65312811411805,65.65312811411805,65.65312811411805,65.65312811411805,65.65312811411805,65.65312811411805,0.0,0.0,0.0,88.82638823105549
1995,1970-01-14,22.9179880646606,51.53232020702265,130.15783401477054,22.9179880646606,22.9179880646606,65.85549251415645,65.85549251415645,65.85549251415645,65.85549251415645,65.85549251415645,65.85549251415645,0.0,0.0,0.0,88.77348057881706
1996,1970-01-15,22.66271601238359,47.462844696067194,130.5052525750356,22.66271601238359,22.66271601238359,66.05813995355868,66.05813995355868,66.05813995355868,66.05813995355868,66.05813995355868,66.05813995355868,0.0,0.0,0.0,88.72085596594226
1997,1970-01-16,22.40744396010675,47.40134271943541,130.14529781254538,22.40744396010675,22.40744396010675,66.26107124691106,66.26107124691106,66.26107124691106,66.26107124691106,66.26107124691106,66.26107124691106,0.0,0.0,0.0,88.6685152070178
1998,1970-01-19,21.641627803276062,48.88318602111209,129.98931375889822,21.641627803276062,21.641627803276062,66.8715763616437,66.8715763616437,66.8715763616437,66.8715763616437,66.8715763616437,66.8715763616437,0.0,0.0,0.0,88.51320416491977
1999,1970-01-20,21.386355750999222,45.3380639021137,128.0037541818733,21.386355750999222,21.386355750999222,67.07565116998121,67.07565116998121,67.07565116998121,67.07565116998121,67.07565116998121,67.07565116998121,0.0,0.0,0.0,88.46200692098043
2000,1970-01-21,21.131083698722296,45.75845464967823,130.48419615968172,21.131083698722296,21.131083698722296,67.2800138699911,67.2800138699911,67.2800138699911,67.2800138699911,67.2800138699911,67.2800138699911,0.0,0.0,0.0,88.41109756871339
2001,1970-01-22,20.875811646445456,46.84113164757851,129.77456942537722,20.875811646445456,20.875811646445456,67.4846652620163,67.4846652620163,67.4846652620163,67.4846652620163,67.4846652620163,67.4846652620163,0.0,0.0,0.0,88.36047690846176
2002,1970-01-23,20.620539594168445,45.91000262012902,128.5796713680394,20.620539594168445,20.620539594168445,67.68960614394642,67.68960614394642,67.68960614394642,67.68960614394642,67.68960614394642,67.68960614394642,0.0,0.0,0.0,88.31014573811487
2003,1970-01-26,19.854723437337753,45.02347443653489,131.1791047121602,19.854723437337753,19.854723437337753,68.30617367079411,68.30617367079411,68.30617367079411,68.30617367079411,68.30617367079411,68.30617367079411,0.0,0.0,0.0,88.16089710813186
2004,1970-01-27,19.599451385060917,47.14361835294767,128.8931051016727,19.599451385060917,19.599451385060917,68.5122804413932,68.5122804413932,68.5122804413932,68.5122804413932,68.5122804413932,68.5122804413932,0.0,0.0,0.0,88.11173182645412
2005,1970-01-28,19.344179332784076,44.38357810384366,129.99236827972365,19.344179332784076,19.344179332784076,68.71868065376614,68.71868065376614,68.71868065376614,68.71868065376614,68.71868065376614,68.71868065376614,0.0,0.0,0.0,88.06285998655022
2006,1970-01-29,19.08890728050715,46.29478724157755,129.43106389871508,19.08890728050715,19.08890728050715,68.92537509061621,68.92537509061621,68.92537509061621,68.92537509061621,68.92537509061621,68.92537509061621,0.0,0.0,0.0,88.01428237112336
2007,1970-01-30,18.833635228230225,46.07359181917772,130.12716346939652,18.833635228230225,18.833635228230225,69.13236453203896,69.13236453203896,69.13236453203896,69.13236453203896,69.13236453203896,69.13236453203896,0.0,0.0,0.0,87.96599976026918
2008,1970-02-02,18.067819071399622,46.20130265898662,129.92388343477566,18.067819071399622,18.067819071399622,69.75511064512592,69.75511064512592,69.75511064512592,69.75511064512592,69.75511064512592,69.75511064512592,0.0,0.0,0.0,87.82292971652555
2009,1970-02-03,17.812547019122608,45.04088622943157,129.46607033499,17.812547019122608,17.812547019122608,69.96328785288098,69.96328785288098,69.96328785288098,69.96328785288098,69.96328785288098,69.96328785288098,0.0,0.0,0.0,87.77583487200359
2010,1970-02-04,17.55727496684577,46.997922017068106,130.02393151766196,17.55727496684577,17.55727496684577,70.17176392581365,70.17176392581365,70.17176392581365,70.17176392581365,70.17176392581365,70.17176392581365,0.0,0.0,0.0,87.72903889265942
2011,1970-02-05,17.30200291456893,48.14270356024685,129.42870191543278,17.30200291456893,17.30200291456893,70.38053962792104,70.38053962792104,70.38053962792104,70.38053962792104,70.38053962792104,70.38053962792104,0.0,0.0,0.0,87.68254254248997
2012,1970-02-06,17.046730862292005,45.041607970012926,127.68556059780691,17.046730862292005,17.046730862292005,70.58961572044285,70.58961572044285,70.58961572044285,70.58961572044285,70.58961572044285,70.58961572044285,0.0,0.0,0.0,87.63634658273486
2013,1970-02-09,16.280914705461313,45.23501429196557,127.25521455518944,16.280914705461313,16.280914705461313,71.21865391109355,71.21865391109355,71.21865391109355,71.21865391109355,71.21865391109355,71.21865391109355,0.0,0.0,0.0,87.49956861655487
2014,1970-02-10,16.025642653184303,45.755664483022265,129.7447559245389,16.025642653184303,16.025642653184303,71.42893912179356,71.42893912179356,71.42893912179356,71.42893912179356,71.42893912179356,71.42893912179356,0.0,0.0,0.0,87.45458177497787
2015,1970-02-11,15.770370600907462,43.91078167321006,131.85650535975702,15.770370600907462,15.770370600907462,71.6395284870179,71.6395284870179,71.6395284870179,71.6395284870179,71.6395284870179,71.6395284870179,0.0,0.0,0.0,87.40989908792537
2016,1970-02-12,15.515098548630624,46.71124451068405,126.61905519206576,15.515098548630624,15.515098548630624,71.85042275102644,71.85042275102644,71.85042275102644,71.85042275102644,71.85042275102644,71.85042275102644,0.0,0.0,0.0,87.36552129965706
2017,1970-02-13,15.259826496353785,44.377995836764825,128.38572346897223,15.259826496353785,15.259826496353785,72.06162265517737,72.06162265517737,72.06162265517737,72.06162265517737,72.06162265517737,72.06162265517737,0.0,0.0,0.0,87.32144915153116
2018,1970-02-16,14.494010339523008,46.23953486050643,123.90613688011118,14.494010339523008,14.494010339523008,72.6970635781185,72.6970635781185,72.6970635781185,72.6970635781185,72.6970635781185,72.6970635781185,0.0,0.0,0.0,87.19107391764152
2019,1970-02-17,14.23873828724617,47.820208654688756,128.45257223914177,14.238738287246168,14.238738287246168,72.90949339768319,72.90949339768319,72.90949339768319,72.90949339768319,72.90949339768319,72.90949339768319,0.0,0.0,0.0,87.14823168492936
2020,1970-02-18,13.983466234969157,47.95122759861416,126.42226797196642,13.983466234969157,13.983466234969157,73.12223251995299,73.12223251995299,73.12223251995299,73.12223251995299,73.12223251995299,73.12223251995299,0.0,0.0,0.0,87.10569875492214
2021,1970-02-19,13.728194182692317,46.14286100798017,127.8751354091988,13.728194182692317,13.728194182692317,73.33528166845552,73.33528166845552,73.33528166845552,73.33528166845552,73.33528166845552,73.33528166845552,0.0,0.0,0.0,87.06347585114784
2022,1970-02-20,13.472922130415478,45.50442193121631,127.54669633771879,13.472922130415478,13.472922130415478,73.54864156367755,73.54864156367755,73.54864156367755,73.54864156367755,73.54864156367755,73.54864156367755,0.0,0.0,0.0,87.02156369409303
2023,1970-02-24,12.451833921307863,45.03539137461411,127.4912181698283,12.451833921307863,12.451833921307863,74.40520291397446,74.40520291397446,74.40520291397446,74.40520291397446,74.40520291397446,74.40520291397446,0.0,0.0,0.0,86.85703683528233
2024,1970-02-25,12.196561869030937,45.64324402942063,128.91530409630255,12.196561869030937,12.196561869030937,74.62012724230485,74.62012724230485,74.62012724230485,74.62012724230485,74.62012724230485,74.62012724230485,0.0,0.0,0.0,86.81668911133579
2025,1970-02-26,11.941289816754011,47.73991337181779,127.0235708498949,11.941289816754011,11.941289816754011,74.83536657533222,74.83536657533222,74.83536657533222,74.83536657533222,74.83536657533222,74.83536657533222,0.0,0.0,0.0,86.77665639208622
2026,1970-02-27,11.686017764477171,45.90003757243923,127.34171725549596,11.686017764477171,11.686017764477171,75.05092161171734,75.05092161171734,75.05092161171734,75.05092161171734,75.05092161171734,75.05092161171734,0.0,0.0,0.0,86.73693937619451
2027,1970-03-02,10.920201607646481,47.46753727191166,130.63566963375914,10.920201607646481,10.920201607646481,75.69948787960654,75.69948787960654,75.69948787960654,75.69948787960654,75.69948787960654,75.69948787960654,0.0,0.0,0.0,86.61968948725301
2028,1970-03-03,10.664929555369643,43.50482106755492,125.8155979279873,10.664929555369643,10.664929555369643,75.91631265187331,75.91631265187331,75.91631265187331,75.91631265187331,75.91631265187331,75.91631265187331,0.0,0.0,0.0,86.58124220724295
2029,1970-03-04,10.409657503092717,41.683577131965606,131.7153928787585,10.409657503092717,10.409657503092717,76.1334565725218,76.1334565725218,76.1334565725218,76.1334565725218,76.1334565725218,76.1334565725218,0.0,0.0,0.0,86.54311407561451
2030,1970-03-05,10.154385450815791,45.004367847554306,124.45362857027625,10.154385450815791,10.154385450815791,76.3509203207717,76.3509203207717,76.3509203207717,76.3509203207717,76.3509203207717,76.3509203207717,0.0,0.0,0.0,86.5053057715875
2031,1970-03-06,9.899113398538866,46.93774423372717,129.59349859645008,9.899113398538866,9.899113398538866,76.56870457253844,76.56870457253844,76.56870457253844,76.56870457253844,76.56870457253844,76.56870457253844,0.0,0.0,0.0,86.4678179710773
2032,1970-03-09,9.133297241708174,44.434136392699926,127.28530529121974,9.133297241708174,9.133297241708174,77.22398705815097,77.22398705815097,77.22398705815097,77.22398705815097,77.22398705815097,77.22398705815097,0.0,0.0,0.0,86.35728429985915
2033,1970-03-10,8.878025189431336,46.05654937627985,130.46621768022675,8.878025189431336,8.878025189431336,77.44306001642349,77.44306001642349,77.44306001642349,77.44306001642349,77.44306001642349,77.44306001642349,0.0,0.0,0.0,86.32108520585483
2034,1970-03-11,8.62275313715441,44.380543996605404,127.61297406662591,8.62275313715441,8.62275313715441,77.66245680759714,77.66245680759714,77.66245680759714,77.66245680759714,77.66245680759714,77.66245680759714,0.0,0.0,0.0,86.28520994475154
2035,1970-03-12,8.367481084877571,47.236384412525396,126.75573338975924,8.367481084877571,8.367481084877571,77.88217808738594,77.88217808738594,77.88217808738594,77.88217808738594,77.88217808738594,77.88217808738594,0.0,0.0,0.0,86.2496591722635
2036,1970-03-13,8.112209032600646,47.97397321967597,124.91523686069854,8.112209032600646,8.112209032600646,78.10222450807535,78.10222450807535,78.10222450807535,78.10222450807535,78.10222450807535,78.10222450807535,0.0,0.0,0.0,86.214433540676
2037,1970-03-16,7.346392875769868,43.31007981326505,126.72365593913405,7.346392875769868,7.346392875769868,78.76432108660997,78.76432108660997,78.76432108660997,78.76432108660997,78.76432108660997,78.76432108660997,0.0,0.0,0.0,86.11071396237983
2038,1970-03-17,7.0911208234930285,44.312448630263034,127.39712866027173,7.0911208234930285,7.0911208234930285,78.98567452458003,78.98567452458003,78.98567452458003,78.98567452458003,78.98567452458003,78.98567452458003,0.0,0.0,0.0,86.07679534807306
2039,1970-03-18,6.83584877121619,44.48180157574878,129.29561080344095,6.83584877121619,6.83584877121619,79.20735631284569,79.20735631284569,79.20735631284569,79.20735631284569,79.20735631284569,79.20735631284569,0.0,0.0,0.0,86.04320508406188
2040,1970-03-19,6.580576718939264,46.74837195953096,129.03600787122602,6.580576718939264,6.580576718939264,79.42936708275991,79.42936708275991,79.42936708275991,79.42936708275991,79.42936708275991,79.42936708275991,0.0,0.0,0.0,86.00994380169918
2041,1970-03-20,6.325304666662338,44.352193146699335,128.06742300997777,6.325304666662338,6.325304666662338,79.65170746212782,79.65170746212782,79.65170746212782,79.65170746212782,79.65170746212782,79.65170746212782,0.0,0.0,0.0,85.97701212879015
2042,1970-03-23,5.559488509831734,45.33687486507529,129.5872217640341,5.559488509831734,5.559488509831734,80.32071248143463,80.32071248143463,80.32071248143463,80.32071248143463,80.32071248143463,80.32071248143463,0.0,0.0,0.0,85.88020099126636
2043,1970-03-24,5.3042164575547215,44.19399659497337,126.5459300620744,5.3042164575547215,5.3042164575547215,80.54437750512622,80.54437750512622,80.54437750512622,80.54437750512622,80.54437750512622,80.54437750512622,0.0,0.0,0.0,85.84859396268094
2044,1970-03-25,5.048944405277883,45.90897579078944,128.85058433034837,5.048944405277883,5.048944405277883,80.7683752234966,80.7683752234966,80.7683752234966,80.7683752234966,80.7683752234966,80.7683752234966,0.0,0.0,0.0,85.81731962877448
2045,1970-03-26,4.793672353001044,42.882757634253004,125.81699437019762,4.793672353001044,4.793672353001044,80.99270624271598,80.99270624271598,80.99270624271598,80.99270624271598,80.99270624271598,80.99270624271598,0.0,0.0,0.0,85.78637859571703
2046,1970-03-30,3.772584143893428,45.299418748592785,128.83262761061297,3.772584143893428,3.772584143893428,81.89337532295903,81.89337532295903,81.89337532295903,81.89337532295903,81.89337532295903,81.89337532295903,0.0,0.0,0.0,85.66595946685246
2047,1970-03-31,3.517312091616502,42.98854768371185,126.72585383294923,3.517312091616502,3.517312091616502,82.11938181022464,82.11938181022464,82.11938181022464,82.11938181022464,82.11938181022464,82.11938181022464,0.0,0.0,0.0,85.63669390184114
2048,1970-04-01,3.2620400393395763,43.98733748651839,129.01174769303015,3.2620400393395763,3.2620400393395763,82.3457251578871,82.3457251578871,82.3457251578871,82.3457251578871,82.3457251578871,82.3457251578871,0.0,0.0,0.0,85.60776519722668
2049,1970-04-02,3.0067679870627373,45.34598181611205,129.12284277404868,3.0067679870627373,3.0067679870627373,82.57240594614484,82.57240594614484,82.57240594614484,82.57240594614484,82.57240594614484,82.57240594614484,0.0,0.0,0.0,85.57917393320758
2050,1970-04-03,2.7514959347858983,43.389838646379104,128.02215189165022,2.7514959347858983,2.7514959347858983,82.79942475142352,82.79942475142352,82.79942475142352,82.79942475142352,82.79942475142352,82.79942475142352,0.0,0.0,0.0,85.55092068620941
2051,1970-04-06,1.985679777955121,45.02646289261414,124.6824565470764,1.985679777955121,1.985679777955121,83.48251497672737,83.48251497672737,83.48251497672737,83.48251497672737,83.48251497672737,83.48251497672737,0.0,0.0,0.0,85.4681947546825
2052,1970-04-07,1.7304077256782822,42.316131201744525,127.69767710803967,1.7304077256782822,1.7304077256782822,83.71089153835429,83.71089153835429,83.71089153835429,83.71089153835429,83.71089153835429,83.71089153835429,0.0,0.0,0.0,85.44129926403257
2053,1970-04-08,1.4751356734013563,41.498466581319974,125.44559311315629,1.4751356734013563,1.4751356734013563,83.9396089420038,83.9396089420038,83.9396089420038,83.9396089420038,83.9396089420038,83.9396089420038,0.0,0.0,0.0,85.41474461540516
2054,1970-04-09,1.2198636211244305,43.30794341559505,126.62530220207769,1.2198636211244305,1.2198636211244305,84.16866774114537,84.16866774114537,84.16866774114537,84.16866774114537,84.16866774114537,84.16866774114537,0.0,0.0,0.0,85.3885313622698
2055,1970-04-10,0.9645915688475916,45.915013628802896,129.3218798694944,0.9645915688475916,0.9645915688475916,84.39806848536993,84.39806848536993,84.39806848536993,84.39806848536993,84.39806848536993,84.39806848536993,0.0,0.0,0.0,85.36266005421753
2056,1970-04-13,0.1987754120169011,46.31655136549689,124.45520351658821,0.1987754120169011,0.1987754120169011,85.08832782596646,85.08832782596646,85.08832782596646,85.08832782596646,85.08832782596646,85.08832782596646,0.0,0.0,0.0,85.28710323798336
2057,1970-04-14,-0.056496640260024704,40.56486481760849,123.911716008223,-0.056496640260024704,-0.056496640260024704,85.31910176835062,85.31910176835062,85.31910176835062,85.31910176835062,85.31910176835062,85.31910176835062,0.0,0.0,0.0,85.2626051280906
2058,1970-04-15,-0.3117686925369505,45.17128153272766,129.53887095921525,-0.3117686925369505,-0.3117686925369505,85.55022034508374,85.55022034508374,85.55022034508374,85.55022034508374,85.55022034508374,85.55022034508374,0.0,0.0,0.0,85.2384516525468
2059,1970-04-16,-0.5670407448137894,40.780774424078885,127.51108568412917,-0.5670407448137894,-0.5670407448137894,85.78168408217998,85.78168408217998,85.78168408217998,85.78168408217998,85.78168408217998,85.78168408217998,0.0,0.0,0.0,85.21464333736618
2060,1970-04-17,-0.8223127970907153,43.99218118949325,127.46450757133807,-0.8223127970907151,-0.8223127970907151,86.01349350167366,86.01349350167366,86.01349350167366,86.01349350167366,86.01349350167366,86.01349350167366,0.0,0.0,0.0,85.19118070458295
2061,1970-04-20,-1.5881289539214056,44.91001527057529,126.02414323445295,-1.5881289539214056,-1.5881289539214056,86.711001014891,86.711001014891,86.711001014891,86.711001014891,86.711001014891,86.711001014891,0.0,0.0,0.0,85.12287206096958
2062,1970-04-21,-1.8434010061982447,44.857991837992934,125.25189065554625,-1.8434010061982447,-1.8434010061982447,86.94419830423095,86.94419830423095,86.94419830423095,86.94419830423095,86.94419830423095,86.94419830423095,0.0,0.0,0.0,85.1007972980327
2063,1970-04-22,-2.0986730584751703,41.88896587255352,126.29893185487336,-2.0986730584751703,-2.0986730584751703,87.1777438259528,87.1777438259528,87.1777438259528,87.1777438259528,87.1777438259528,87.1777438259528,0.0,0.0,0.0,85.07907076747763
2064,1970-04-23,-2.3539451107520963,43.38501366283066,128.4968059465887,-2.3539451107520963,-2.3539451107520963,87.41163807791885,87.41163807791885,87.41163807791885,87.41163807791885,87.41163807791885,87.41163807791885,0.0,0.0,0.0,85.05769296716676
2065,1970-04-24,-2.609217163029022,42.82343813492685,124.37207581149417,-2.609217163029022,-2.609217163029022,87.64588155391452,87.64588155391452,87.64588155391452,87.64588155391452,87.64588155391452,87.64588155391452,0.0,0.0,0.0,85.0366643908855
2066,1970-04-27,-3.3750333198597127,43.20655117004755,129.16202309922488,-3.3750333198597127,-3.3750333198597127,88.35071220249681,88.35071220249681,88.35071220249681,88.35071220249681,88.35071220249681,88.35071220249681,0.0,0.0,0.0,84.9756788826371
2067,1970-04-28,-3.6303053721365512,45.17252558317438,129.22812789281588,-3.6303053721365512,-3.6303053721365512,88.58635743045572,88.58635743045572,88.58635743045572,88.58635743045572,88.58635743045572,88.58635743045572,0.0,0.0,0.0,84.95605205831917
2068,1970-04-29,-3.8855774244133903,41.24691525516598,124.80899460300685,-3.8855774244133903,-3.8855774244133903,88.82235428974725,88.82235428974725,88.82235428974725,88.82235428974725,88.82235428974725,88.82235428974725,0.0,0.0,0.0,84.93677686533387
2069,1970-04-30,-4.140849476690403,41.86226628878961,126.45544460464986,-4.140849476690403,-4.140849476690403,89.05870324941407,89.05870324941407,89.05870324941407,89.05870324941407,89.05870324941407,89.05870324941407,0.0,0.0,0.0,84.91785377272366
2070,1970-05-01,-4.3961215289672415,43.870396788808165,126.2890017013916,-4.3961215289672415,-4.3961215289672415,89.2954047743288,89.2954047743288,89.2954047743288,89.2954047743288,89.2954047743288,89.2954047743288,0.0,0.0,0.0,84.89928324536156
2071,1970-05-04,-5.161937685797932,43.71468304903799,124.59312372122449,-5.161937685797932,-5.161937685797932,90.00762932646474,90.00762932646474,90.00762932646474,90.00762932646474,90.00762932646474,90.00762932646474,0.0,0.0,0.0,84.8456916406668
2072,1970-05-05,-5.417209738074858,43.90022031603645,128.31253273931293,-5.417209738074858,-5.417209738074858,90.24574567724468,90.24574567724468,90.24574567724468,90.24574567724468,90.24574567724468,90.24574567724468,0.0,0.0,0.0,84.82853593916983
2073,1970-05-06,-5.672481790351697,41.28756576533008,127.80709134504387,-5.672481790351697,-5.672481790351697,90.4842168546339,90.4842168546339,90.4842168546339,90.4842168546339,90.4842168546339,90.4842168546339,0.0,0.0,0.0,84.8117350642822
2074,1970-05-07,-5.927753842628536,44.07931432763114,124.10211671907199,-5.927753842628536,-5.927753842628536,90.72304329821489,90.72304329821489,90.72304329821489,90.72304329821489,90.72304329821489,90.72304329821489,0.0,0.0,0.0,84.79528945558636
2075,1970-05-08,-6.1830258949055485,44.06075358015668,126.02290429018407,-6.1830258949055485,-6.1830258949055485,90.96222544331104,90.96222544331104,90.96222544331104,90.96222544331104,90.96222544331104,90.96222544331104,0.0,0.0,0.0,84.77919954840549
2076,1970-05-11,-6.948842051736152,44.06039998323979,125.96663585975142,-6.948842051736152,-6.948842051736152,91.6819103767714,91.6819103767714,91.6819103767714,91.6819103767714,91.6819103767714,91.6819103767714,0.0,0.0,0.0,84.73306832503525
2077,1970-05-12,-7.204114104013165,42.665781535892336,124.48945224309426,-7.204114104013165,-7.204114104013165,91.9225195955393,91.9225195955393,91.9225195955393,91.9225195955393,91.9225195955393,91.9225195955393,0.0,0.0,0.0,84.71840549152614
2078,1970-05-13,-7.4593861562900035,43.17423702743936,128.38102639376723,-7.4593861562900035,-7.4593861562900035,92.1634866281152,92.1634866281152,92.1634866281152,92.1634866281152,92.1634866281152,92.1634866281152,0.0,0.0,0.0,84.70410047182519
2079,1970-05-14,-7.714658208566843,43.66350218822637,127.35234453590579,-7.714658208566843,-7.714658208566843,92.40481188400716,92.40481188400716,92.40481188400716,92.40481188400716,92.40481188400716,92.40481188400716,0.0,0.0,0.0,84.69015367544031
2080,1970-05-15,-7.9699302608436815,39.260601532614295,127.0056076150979,-7.9699302608436815,-7.9699302608436815,92.64649576837837,92.64649576837837,92.64649576837837,92.64649576837837,92.64649576837837,92.64649576837837,0.0,0.0,0.0,84.67656550753469
2081,1970-05-18,-8.73574641767446,44.29819685756267,125.5580167216811,-8.73574641767446,-8.73574641767446,93.37370317857294,93.37370317857294,93.37370317857294,93.37370317857294,93.37370317857294,93.37370317857294,0.0,0.0,0.0,84.63795676089848
2082,1970-05-19,-8.991018469951385,40.64843052394194,125.65634269471407,-8.991018469951385,-8.991018469951385,93.61682554117488,93.61682554117488,93.61682554117488,93.61682554117488,93.61682554117488,93.61682554117488,0.0,0.0,0.0,84.62580707122349
2083,1970-05-20,-9.24629052222831,42.77400102987729,123.78258056803016,-9.24629052222831,-9.24629052222831,93.86030849248013,93.86030849248013,93.86030849248013,93.86030849248013,93.86030849248013,93.86030849248013,0.0,0.0,0.0,84.61401797025182
2084,1970-05-21,-9.501562574505149,38.69343892773486,122.15566331032939,-9.501562574505149,-9.501562574505149,94.10415241133288,94.10415241133288,94.10415241133288,94.10415241133288,94.10415241133288,94.10415241133288,0.0,0.0,0.0,84.60258983682773
2085,1970-05-22,-9.756834626781988,43.86642328480838,126.14252881853449,-9.756834626781988,-9.756834626781988,94.34835767215,94.34835767215,94.34835767215,94.34835767215,94.34835767215,94.34835767215,0.0,0.0,0.0,84.591523045368
2086,1970-05-25,-10.52265078361268,44.40530996178529,123.32621501259263,-10.52265078361268,-10.52265078361268,95.08314518390527,95.08314518390527,95.08314518390527,95.08314518390527,95.08314518390527,95.08314518390527,0.0,0.0,0.0,84.5604944002926
2087,1970-05-26,-10.777922835889605,42.911625906536045,122.93098974851316,-10.777922835889605,-10.777922835889605,95.32879946780102,95.32879946780102,95.32879946780102,95.32879946780102,95.32879946780102,95.32879946780102,0.0,0.0,0.0,84.55087663191142
2088,1970-05-27,-11.03319488816653,41.302327918871555,128.05343618300674,-11.03319488816653,-11.03319488816653,95.57481689893557,95.57481689893557,95.57481689893557,95.57481689893557,95.57481689893557,95.57481689893557,0.0,0.0,0.0,84.54162201076903
2089,1970-05-28,-11.288466940443456,39.41537522221659,123.32244617861296,-11.288466940443456,-11.288466940443456,95.82119782492283,95.82119782492283,95.82119782492283,95.82119782492283,95.82119782492283,95.82119782492283,0.0,0.0,0.0,84.53273088447938
2090,1970-05-29,-11.543738992720208,41.11562461260825,125.70147464405295,-11.543738992720208,-11.543738992720208,96.0679425888702,96.0679425888702,96.0679425888702,96.0679425888702,96.0679425888702,96.0679425888702,0.0,0.0,0.0,84.52420359614999
2091,1970-06-01,-12.309555149550986,47.025355360337485,125.44194791581144,-12.309555149550988,-12.309555149550988,96.8103632717192,96.8103632717192,96.8103632717192,96.8103632717192,96.8103632717192,96.8103632717192,0.0,0.0,0.0,84.50080812216821
2092,1970-06-02,-12.564827201827912,40.75994228092133,127.43045032841951,-12.56482720182791,-12.56482720182791,97.0585667280673,97.0585667280673,97.0585667280673,97.0585667280673,97.0585667280673,97.0585667280673,0.0,0.0,0.0,84.4937395262394
2093,1970-06-03,-12.820099254104838,43.335283330472635,124.76049549178143,-12.820099254104838,-12.820099254104838,97.30713566993172,97.30713566993172,97.30713566993172,97.30713566993172,97.30713566993172,97.30713566993172,0.0,0.0,0.0,84.48703641582689
2094,1970-06-04,-13.075371306381763,42.06595045691269,127.99095754048022,-13.075371306381763,-13.075371306381763,97.5560704131514,97.5560704131514,97.5560704131514,97.5560704131514,97.5560704131514,97.5560704131514,0.0,0.0,0.0,84.48069910676963
2095,1970-06-05,-13.330643358658515,44.32046032824724,124.66395336499663,-13.330643358658515,-13.330643358658515,97.80537126898263,97.80537126898263,97.80537126898263,97.80537126898263,97.80537126898263,97.80537126898263,0.0,0.0,0.0,84.4747279103241
2096,1970-06-08,-14.096459515489293,45.025790023953235,130.52058289139558,-14.096459515489293,-14.096459515489293,98.55547355574919,98.55547355574919,98.55547355574919,98.55547355574919,98.55547355574919,98.55547355574919,0.0,0.0,0.0,84.45901404025989
2097,1970-06-09,-14.351731567766219,41.77311196886264,123.84609781297969,-14.351731567766219,-14.351731567766219,98.80624188256913,98.80624188256913,98.80624188256913,98.80624188256913,98.80624188256913,98.80624188256913,0.0,0.0,0.0,84.4545103148029
2098,1970-06-10,-14.60700362004297,42.536110648363874,123.99224334115064,-14.60700362004297,-14.60700362004297,99.05737780917421,99.05737780917421,99.05737780917421,99.05737780917421,99.05737780917421,99.05737780917421,0.0,0.0,0.0,84.45037418913124
2099,1970-06-11,-14.86227567232007,43.05736232128211,124.64760884920321,-14.86227567232007,-14.86227567232007,99.30888161910414,99.30888161910414,99.30888161910414,99.30888161910414,99.30888161910414,99.30888161910414,0.0,0.0,0.0,84.44660594678408
2100,1970-06-12,-15.117547724596822,42.54815760290002,126.68397245951178,-15.117547724596822,-15.117547724596822,99.56075359124273,99.56075359124273,99.56075359124273,99.56075359124273,99.56075359124273,99.56075359124273,0.0,0.0,0.0,84.44320586664591
2101,1970-06-15,-15.883363881427599,40.83873065110002,125.03276790943303,-15.883363881427599,-15.883363881427599,100.31858119969468,100.31858119969468,100.31858119969468,100.31858119969468,100.31858119969468,100.31858119969468,0.0,0.0,0.0,84.43521731826708
2102,1970-06-16,-16.13863593370435,42.53373088605288,124.61210111987847,-16.13863593370435,-16.13863593370435,100.57192851602977,100.57192851602977,100.57192851602977,100.57192851602977,100.57192851602977,100.57192851602977,0.0,0.0,0.0,84.43329258232542
2103,1970-06-17,-16.393907985981276,40.94839724421616,125.23670697191768,-16.393907985981276,-16.393907985981276,100.8256453187966,100.8256453187966,100.8256453187966,100.8256453187966,100.8256453187966,100.8256453187966,0.0,0.0,0.0,84.43173733281533
2104,1970-06-18,-16.6491800382582,44.300145055637,129.36252007797248,-16.6491800382582,-16.6491800382582,101.07973185872987,101.07973185872987,101.07973185872987,101.07973185872987,101.07973185872987,101.07973185872987,0.0,0.0,0.0,84.43055182047166
2105,1970-06-19,-16.904452090535127,40.059331988838785,122.81745175344787,-16.904452090535127,-16.904452090535127,101.3341883818375,101.3341883818375,101.3341883818375,101.3341883818375,101.3341883818375,101.3341883818375,0.0,0.0,0.0,84.42973629130238
2106,1970-06-22,-17.670268247365907,42.06729316456828,124.37347094378012,-17.670268247365907,-17.670268247365907,102.09978023917732,102.09978023917732,102.09978023917732,102.09978023917732,102.09978023917732,102.09978023917732,0.0,0.0,0.0,84.42951199181141
2107,1970-06-23,-17.92554029964266,44.52010963860226,125.93165638582377,-17.92554029964266,-17.92554029964266,102.35571906018124,102.35571906018124,102.35571906018124,102.35571906018124,102.35571906018124,102.35571906018124,0.0,0.0,0.0,84.43017876053858
2108,1970-06-24,-18.180812351919585,43.32945435204996,125.11073845033759,-18.180812351919585,-18.180812351919585,102.61202902315293,102.61202902315293,102.61202902315293,102.61202902315293,102.61202902315293,102.61202902315293,0.0,0.0,0.0,84.43121667123334
2109,1970-06-25,-18.43608440419651,42.764478800792794,124.53710742035683,-18.43608440419651,-18.43608440419651,102.86871034553315,102.86871034553315,102.86871034553315,102.86871034553315,102.86871034553315,102.86871034553315,0.0,0.0,0.0,84.43262594133664
2110,1970-06-26,-18.691356456473436,40.855969647657034,128.0851411365446,-18.691356456473436,-18.691356456473436,103.12576323996751,103.12576323996751,103.12576323996751,103.12576323996751,103.12576323996751,103.12576323996751,0.0,0.0,0.0,84.43440678349407
2111,1970-06-29,-19.45717261330404,45.35514277878858,123.57193635522486,-19.45717261330404,-19.45717261330404,103.89915340992167,103.89915340992167,103.89915340992167,103.89915340992167,103.89915340992167,103.89915340992167,0.0,0.0,0.0,84.44198079661763
2112,1970-06-30,-19.712444665580964,44.62934946994636,127.03869750882482,-19.712444665580964,-19.712444665580964,104.15769462278843,104.15769462278843,104.15769462278843,104.15769462278843,104.15769462278843,104.15769462278843,0.0,0.0,0.0,84.44524995720747
2113,1970-07-01,-19.96771671785789,40.99794877726466,124.08402224935243,-19.96771671785789,-19.96771671785789,104.4166083986736,104.4166083986736,104.4166083986736,104.4166083986736,104.4166083986736,104.4166083986736,0.0,0.0,0.0,84.4488916808157
2114,1970-07-02,-20.22298877013464,43.00463048608567,123.17728254048194,-20.22298877013464,-20.22298877013464,104.6758949212509,104.6758949212509,104.6758949212509,104.6758949212509,104.6758949212509,104.6758949212509,0.0,0.0,0.0,84.45290615111625
2115,1970-07-06,-21.244076979242347,43.145884292806095,124.88476326366825,-21.244076979242347,-21.244076979242347,105.71677198159696,105.71677198159696,105.71677198159696,105.71677198159696,105.71677198159696,105.71677198159696,0.0,0.0,0.0,84.47269500235461
2116,1970-07-07,-21.499349031519273,45.74070549360803,127.35658721930602,-21.499349031519273,-21.499349031519273,105.97792482225228,105.97792482225228,105.97792482225228,105.97792482225228,105.97792482225228,105.97792482225228,0.0,0.0,0.0,84.478575790733
2117,1970-07-08,-21.7546210837962,44.962964647955495,123.07950209339496,-21.7546210837962,-21.7546210837962,106.23945140921937,106.23945140921937,106.23945140921937,106.23945140921937,106.23945140921937,106.23945140921937,0.0,0.0,0.0,84.48483032542318
2118,1970-07-09,-22.00989313607295,41.86226622897429,127.2491861543698,-22.00989313607295,-22.00989313607295,106.50135189194481,106.50135189194481,106.50135189194481,106.50135189194481,106.50135189194481,106.50135189194481,0.0,0.0,0.0,84.49145875587186
2119,1970-07-10,-22.265165188349876,42.961995699391856,127.95114035724058,-22.265165188349876,-22.265165188349876,106.76362641494865,106.76362641494865,106.76362641494865,106.76362641494865,106.76362641494865,106.76362641494865,0.0,0.0,0.0,84.49846122659878
2120,1970-07-13,-23.030981345180653,45.313344599788486,126.82783867014265,-23.030981345180653,-23.030981345180653,107.55269559674537,107.55269559674537,107.55269559674537,107.55269559674537,107.55269559674537,107.55269559674537,0.0,0.0,0.0,84.52171425156472
2121,1970-07-14,-23.286253397457404,44.13949656575938,123.55355553892983,-23.286253397457404,-23.286253397457404,107.81646762721837,107.81646762721837,107.81646762721837,107.81646762721837,107.81646762721837,107.81646762721837,0.0,0.0,0.0,84.53021422976097
2122,1970-07-15,-23.541525449734504,41.91269774263748,125.7296174844193,-23.541525449734504,-23.541525449734504,108.08061434635691,108.08061434635691,108.08061434635691,108.08061434635691,108.08061434635691,108.08061434635691,0.0,0.0,0.0,84.5390888966224
2123,1970-07-16,-23.796797502011255,42.993287804619385,125.88810311987748,-23.796797502011255,-23.796797502011255,108.34513586893254,108.34513586893254,108.34513586893254,108.34513586893254,108.34513586893254,108.34513586893254,0.0,0.0,0.0,84.54833836692129
2124,1970-07-17,-24.05206955428818,43.30877223962949,126.18350930969076,-24.05206955428818,-24.05206955428818,108.61003230472727,108.61003230472727,108.61003230472727,108.61003230472727,108.61003230472727,108.61003230472727,0.0,0.0,0.0,84.55796275043909
2125,1970-07-20,-24.817885711118787,43.42045496623334,128.25873891189758,-24.817885711118787,-24.817885711118787,109.40697211421734,109.40697211421734,109.40697211421734,109.40697211421734,109.40697211421734,109.40697211421734,0.0,0.0,0.0,84.58908640309855
2126,1970-07-21,-25.073157763395713,40.08019954559119,123.38460747581676,-25.073157763395713,-25.073157763395713,109.6733692006078,109.6733692006078,109.6733692006078,109.6733692006078,109.6733692006078,109.6733692006078,0.0,0.0,0.0,84.60021143721208
2127,1970-07-22,-25.32842981567264,42.59227575527256,126.28877086794115,-25.32842981567264,-25.32842981567264,109.94014167397422,109.94014167397422,109.94014167397422,109.94014167397422,109.94014167397422,109.94014167397422,0.0,0.0,0.0,84.61171185830159
2128,1970-07-23,-25.583701867949564,42.61641692266648,126.4923903567746,-25.583701867949564,-25.583701867949564,110.20728961397552,110.20728961397552,110.20728961397552,110.20728961397552,110.20728961397552,110.20728961397552,0.0,0.0,0.0,84.62358774602595
2129,1970-07-24,-25.83897392022649,41.36760075701589,129.75401202736782,-25.83897392022649,-25.83897392022649,110.47481309521925,110.47481309521925,110.47481309521925,110.47481309521925,110.47481309521925,110.47481309521925,0.0,0.0,0.0,84.63583917499275
2130,1970-07-27,-26.604790077057093,40.999705154835254,128.33978411147504,-26.604790077057093,-26.604790077057093,111.27963745652802,111.27963745652802,111.27963745652802,111.27963745652802,111.27963745652802,111.27963745652802,0.0,0.0,0.0,84.67484737947093
2131,1970-07-28,-26.86006212933402,41.82810319516685,124.4524772241201,-26.86006212933402,-26.86006212933402,111.54866374748592,111.54866374748592,111.54866374748592,111.54866374748592,111.54866374748592,111.54866374748592,0.0,0.0,0.0,84.68860161815189
2132,1970-07-29,-27.115334181610944,44.749037822480396,125.10276183457223,-27.115334181610944,-27.115334181610944,111.81806587664948,111.81806587664948,111.81806587664948,111.81806587664948,111.81806587664948,111.81806587664948,0.0,0.0,0.0,84.70273169503854
2133,1970-07-30,-27.37060623388787,40.85436642474288,125.78876925649026,-27.37060623388787,-27.37060623388787,112.08784388813582,112.08784388813582,112.08784388813582,112.08784388813582,112.08784388813582,112.08784388813582,0.0,0.0,0.0,84.71723765424795
2134,1970-07-31,-27.625878286164795,40.269350434807734,125.4341774104607,-27.625878286164795,-27.625878286164795,112.35799782094985,112.35799782094985,112.35799782094985,112.35799782094985,112.35799782094985,112.35799782094985,0.0,0.0,0.0,84.73211953478506
2135,1970-08-03,-28.391694442995398,42.043140017515015,126.2101415319964,-28.391694442995398,-28.391694442995398,113.17071546054693,113.17071546054693,113.17071546054693,113.17071546054693,113.17071546054693,113.17071546054693,0.0,0.0,0.0,84.77902101755153
2136,1970-08-04,-28.646966495272324,45.456558647740714,126.4126593150676,-28.646966495272324,-28.646966495272324,113.44237336618025,113.44237336618025,113.44237336618025,113.44237336618025,113.44237336618025,113.44237336618025,0.0,0.0,0.0,84.79540687090793
2137,1970-08-05,-28.90223854754908,45.72840368448651,128.40377549430642,-28.90223854754908,-28.90223854754908,113.71440731118517,113.71440731118517,113.71440731118517,113.71440731118517,113.71440731118517,113.71440731118517,0.0,0.0,0.0,84.8121687636361
2138,1970-08-06,-29.15751059982618,44.25097043631574,125.61671617824031,-29.157510599826175,-29.157510599826175,113.98681730371442,113.98681730371442,113.98681730371442,113.98681730371442,113.98681730371442,113.98681730371442,0.0,0.0,0.0,84.82930670388824
2139,1970-08-07,-29.41278265210293,44.347839292844895,126.31753562133443,-29.41278265210293,-29.41278265210293,114.2596033467488,114.2596033467488,114.2596033467488,114.2596033467488,114.2596033467488,114.2596033467488,0.0,0.0,0.0,84.84682069464587
2140,1970-08-10,-30.178598808933707,45.084877101392465,124.64872094184133,-30.178598808933707,-30.178598808933707,115.08021773093324,115.08021773093324,115.08021773093324,115.08021773093324,115.08021773093324,115.08021773093324,0.0,0.0,0.0,84.90161892199953
2141,1970-08-11,-30.433870861210632,40.92946560196585,123.44388498586643,-30.433870861210632,-30.433870861210632,115.35450790206009,115.35450790206009,115.35450790206009,115.35450790206009,115.35450790206009,115.35450790206009,0.0,0.0,0.0,84.92063704084946
2142,1970-08-12,-30.689142913487384,45.068767145144676,126.16082586452796,-30.689142913487384,-30.689142913487384,115.62917406071995,115.62917406071995,115.62917406071995,115.62917406071995,115.62917406071995,115.62917406071995,0.0,0.0,0.0,84.94003114723256
2143,1970-08-13,-30.94441496576431,42.71748296819269,126.2212510880997,-30.94441496576431,-30.94441496576431,115.90421617868384,115.90421617868384,115.90421617868384,115.90421617868384,115.90421617868384,115.90421617868384,0.0,0.0,0.0,84.95980121291953
2144,1970-08-14,-31.199687018041235,42.111535263467836,125.57472899586588,-31.199687018041235,-31.199687018041235,116.17963422249164,116.17963422249164,116.17963422249164,116.17963422249164,116.17963422249164,116.17963422249164,0.0,0.0,0.0,84.97994720445041
2145,1970-08-17,-31.965503174871838,42.8333190629303,127.40604087223956,-31.965503174871838,-31.965503174871838,117.00814349573092,117.00814349573092,117.00814349573092,117.00814349573092,117.00814349573092,117.00814349573092,0.0,0.0,0.0,85.04264032085908
2146,1970-08-18,-32.22077522714894,45.91340164505313,126.64569676641305,-32.22077522714894,-32.22077522714894,117.28506480339279,117.28506480339279,117.28506480339279,117.28506480339279,117.28506480339279,117.28506480339279,0.0,0.0,0.0,85.06428957624385
2147,1970-08-19,-32.47604727942569,39.109674649861496,125.36135306752821,-32.47604727942569,-32.47604727942569,117.56236179083417,117.56236179083417,117.56236179083417,117.56236179083417,117.56236179083417,117.56236179083417,0.0,0.0,0.0,85.08631451140849
2148,1970-08-20,-32.731319331702615,46.413753938293134,127.40192291669656,-32.731319331702615,-32.731319331702615,117.8400343930306,117.8400343930306,117.8400343930306,117.8400343930306,117.8400343930306,117.8400343930306,0.0,0.0,0.0,85.10871506132798
2149,1970-08-21,-32.986591383979544,43.089940133861354,129.66264904641588,-32.986591383979544,-32.986591383979544,118.11808253966738,118.11808253966738,118.11808253966738,118.11808253966738,118.11808253966738,118.11808253966738,0.0,0.0,0.0,85.13149115568784
2150,1970-08-24,-33.75240754081015,44.98758438771761,127.45781990849409,-33.75240754081015,-33.75240754081015,118.95447946354336,118.95447946354336,118.95447946354336,118.95447946354336,118.95447946354336,118.95447946354336,0.0,0.0,0.0,85.20207192273321
2151,1970-08-25,-34.00767959308707,42.67039365635508,125.53445876476201,-34.00767959308707,-34.00767959308707,119.23402897869671,119.23402897869671,119.23402897869671,119.23402897869671,119.23402897869671,119.23402897869671,0.0,0.0,0.0,85.22634938560964
2152,1970-08-26,-34.262951645364,43.33072214410179,125.35041371776754,-34.262951645364,-34.262951645364,119.51395360706992,119.51395360706992,119.51395360706992,119.51395360706992,119.51395360706992,119.51395360706992,0.0,0.0,0.0,85.25100196170592
2153,1970-08-27,-34.51822369764092,44.25306525066195,129.63303080590134,-34.51822369764092,-34.51822369764092,119.79425324643087,119.79425324643087,119.79425324643087,119.79425324643087,119.79425324643087,119.79425324643087,0.0,0.0,0.0,85.27602954878995
2154,1970-08-28,-34.77349574991768,43.22996136190901,130.0284918065837,-34.77349574991768,-34.77349574991768,120.0749277891982,120.0749277891982,120.0749277891982,120.0749277891982,120.0749277891982,120.0749277891982,0.0,0.0,0.0,85.30143203928051
2155,1970-08-31,-35.53931190674845,43.546648414277165,129.64647752093282,-35.53931190674845,-35.53931190674845,120.9191996817138,120.9191996817138,120.9191996817138,120.9191996817138,120.9191996817138,120.9191996817138,0.0,0.0,0.0,85.37988777496535
2156,1970-09-01,-35.79458395902538,43.52572030044537,125.40154458332003,-35.79458395902538,-35.79458395902538,121.20137265501913,121.20137265501913,121.20137265501913,121.20137265501913,121.20137265501913,121.20137265501913,0.0,0.0,0.0,85.40678869599375
2157,1970-09-02,-36.0498560113023,46.06304613710158,127.32882976037125,-36.0498560113023,-36.0498560113023,121.48391991329474,121.48391991329474,121.48391991329474,121.48391991329474,121.48391991329474,121.48391991329474,0.0,0.0,0.0,85.43406390199243
2158,1970-09-03,-36.30512806357923,44.07315202824097,127.21571636678115,-36.30512806357923,-36.30512806357923,121.76684131668856,121.76684131668856,121.76684131668856,121.76684131668856,121.76684131668856,121.76684131668856,0.0,0.0,0.0,85.46171325310932
2159,1970-09-04,-36.560400115855984,46.22093088232894,127.04993996073982,-36.560400115855984,-36.560400115855984,122.05013671994047,122.05013671994047,122.05013671994047,122.05013671994047,122.05013671994047,122.05013671994047,0.0,0.0,0.0,85.48973660408448
2160,1970-09-08,-37.581488324963686,47.10233884507539,129.83141098927638,-37.581488324963686,-37.581488324963686,123.18705523657702,123.18705523657702,123.18705523657702,123.18705523657702,123.18705523657702,123.18705523657702,0.0,0.0,0.0,85.60556691161334
2161,1970-09-09,-37.83676037724061,42.928376239567186,126.26164140829115,-37.83676037724061,-37.83676037724061,123.47221827034885,123.47221827034885,123.47221827034885,123.47221827034885,123.47221827034885,123.47221827034885,0.0,0.0,0.0,85.63545789310824
2162,1970-09-10,-38.09203242951736,49.00261161031995,127.9717643700971,-38.09203242951736,-38.09203242951736,123.75775431837796,123.75775431837796,123.75775431837796,123.75775431837796,123.75775431837796,123.75775431837796,0.0,0.0,0.0,85.6657218888606
2163,1970-09-11,-38.34730448179429,47.38363249060948,125.78227334519272,-38.34730448179429,-38.34730448179429,124.04366319731169,124.04366319731169,124.04366319731169,124.04366319731169,124.04366319731169,124.04366319731169,0.0,0.0,0.0,85.69635871551739
2164,1970-09-14,-39.11312063862507,44.621536722420984,124.32107891196472,-39.11312063862507,-39.11312063862507,124.90362490382705,124.90362490382705,124.90362490382705,124.90362490382705,124.90362490382705,124.90362490382705,0.0,0.0,0.0,85.79050426520197
2165,1970-09-15,-39.36839269090182,44.46268119669741,126.62143931784813,-39.36839269090183,-39.36839269090183,125.19102316321008,125.19102316321008,125.19102316321008,125.19102316321008,125.19102316321008,125.19102316321008,0.0,0.0,0.0,85.82263047230825
2166,1970-09-16,-39.62366474317874,45.13340769360843,130.72201437389066,-39.62366474317874,-39.62366474317874,125.47879325442773,125.47879325442773,125.47879325442773,125.47879325442773,125.47879325442773,125.47879325442773,0.0,0.0,0.0,85.85512851124898
2167,1970-09-17,-39.87893679545567,42.9184163357087,130.01954084484888,-39.87893679545567,-39.87893679545567,125.76693496114473,125.76693496114473,125.76693496114473,125.76693496114473,125.76693496114473,125.76693496114473,0.0,0.0,0.0,85.88799816568905
2168,1970-09-18,-40.134208847732594,45.91746425754348,126.80137197228679,-40.134208847732594,-40.134208847732594,126.05544806149891,126.05544806149891,126.05544806149891,126.05544806149891,126.05544806149891,126.05544806149891,0.0,0.0,0.0,85.92123921376631
2169,1970-09-21,-40.900025004563375,44.6868920665879,130.38867765232695,-40.900025004563375,-40.900025004563375,126.92321342267475,126.92321342267475,126.92321342267475,126.92321342267475,126.92321342267475,126.92321342267475,0.0,0.0,0.0,86.02318841811137
2170,1970-09-22,-41.155297056840126,44.83463491604405,129.1666471554283,-41.155297056840126,-41.155297056840126,127.21320976811197,127.21320976811197,127.21320976811197,127.21320976811197,127.21320976811197,127.21320976811197,0.0,0.0,0.0,86.05791271127184
2171,1970-09-23,-41.41056910911705,43.86823004551293,126.84722423537474,-41.41056910911705,-41.41056910911705,127.50357631466728,127.50357631466728,127.50357631466728,127.50357631466728,127.50357631466728,127.50357631466728,0.0,0.0,0.0,86.09300720555024
2172,1970-09-24,-41.66584116139398,45.401696711351285,130.52320636479087,-41.66584116139398,-41.66584116139398,127.79431280713473,127.79431280713473,127.79431280713473,127.79431280713473,127.79431280713473,127.79431280713473,0.0,0.0,0.0,86.12847164574075
2173,1970-09-25,-41.9211132136709,42.25981599834458,126.20758271227625,-41.9211132136709,-41.9211132136709,128.08541898472075,128.08541898472075,128.08541898472075,128.08541898472075,128.08541898472075,128.08541898472075,0.0,0.0,0.0,86.16430577104984
2174,1970-09-28,-42.68692937050151,42.151726280241405,127.4279069624062,-42.68692937050151,-42.68692937050151,128.9609529362561,128.9609529362561,128.9609529362561,128.9609529362561,128.9609529362561,128.9609529362561,0.0,0.0,0.0,86.27402356575459
2175,1970-09-29,-42.94220142277843,43.18011848118018,128.14487381724382,-42.94220142277843,-42.94220142277843,129.2535351343216,129.2535351343216,129.2535351343216,129.2535351343216,129.2535351343216,129.2535351343216,0.0,0.0,0.0,86.31133371154317
2176,1970-09-30,-43.19747347505536,44.99579703790052,126.57771828247365,-43.19747347505536,-43.19747347505536,129.54648562941682,129.54648562941682,129.54648562941682,129.54648562941682,129.54648562941682,129.54648562941682,0.0,0.0,0.0,86.34901215436146
2177,1970-10-01,-43.45274552733211,44.12102642600622,129.54899028852216,-43.45274552733211,-43.45274552733211,129.8398041270382,129.8398041270382,129.8398041270382,129.8398041270382,129.8398041270382,129.8398041270382,0.0,0.0,0.0,86.3870585997061
2178,1970-10-02,-43.70801757960921,42.918418063060926,129.67610978975347,-43.70801757960921,-43.70801757960921,130.13349032703314,130.13349032703314,130.13349032703314,130.13349032703314,130.13349032703314,130.13349032703314,0.0,0.0,0.0,86.42547274742392
2179,1970-10-05,-44.473833736439815,42.75374184718992,129.7294284762961,-44.473833736439815,-44.473833736439815,131.0167520548079,131.0167520548079,131.0167520548079,131.0167520548079,131.0167520548079,131.0167520548079,0.0,0.0,0.0,86.5429183183681
2180,1970-10-06,-44.72910578871674,46.78053400827871,128.08753908678923,-44.72910578871674,-44.72910578871674,131.3119059494752,131.3119059494752,131.3119059494752,131.3119059494752,131.3119059494752,131.3119059494752,0.0,0.0,0.0,86.58280016075847
2181,1970-10-07,-44.984377840993666,45.637709139433056,122.66168211144779,-44.984377840993666,-44.984377840993666,131.6074259607033,131.6074259607033,131.6074259607033,131.6074259607033,131.6074259607033,131.6074259607033,0.0,0.0,0.0,86.62304811970964
2182,1970-10-08,-45.23964989327042,49.21516109459212,130.5036761055365,-45.23964989327042,-45.23964989327042,131.90331175425695,131.90331175425695,131.90331175425695,131.90331175425695,131.90331175425695,131.90331175425695,0.0,0.0,0.0,86.66366186098654
2183,1970-10-09,-45.49492194554752,45.434026534438225,126.42306624495359,-45.49492194554752,-45.49492194554752,132.19956299018935,132.19956299018935,132.19956299018935,132.19956299018935,132.19956299018935,132.19956299018935,0.0,0.0,0.0,86.70464104464183
2184,1970-10-12,-46.26073810237812,46.24130712320086,128.2731721466481,-46.26073810237812,-46.26073810237812,133.0905058669206,133.0905058669206,133.0905058669206,133.0905058669206,133.0905058669206,133.0905058669206,0.0,0.0,0.0,86.82976776454248
2185,1970-10-13,-46.51601015465504,46.19903873858346,128.4972216927107,-46.51601015465504,-46.51601015465504,133.3882153583433,133.3882153583433,133.3882153583433,133.3882153583433,133.3882153583433,133.3882153583433,0.0,0.0,0.0,86.87220520368825
2186,1970-10-14,-46.7712822069318,47.75870211420822,125.65739529983304,-46.7712822069318,-46.7712822069318,133.68628850641403,133.68628850641403,133.68628850641403,133.68628850641403,133.68628850641403,133.68628850641403,0.0,0.0,0.0,86.91500629948223
2187,1970-10-15,-47.02655425920872,45.17419648103863,127.22088187240088,-47.02655425920872,-47.02655425920872,133.9847249367235,133.9847249367235,133.9847249367235,133.9847249367235,133.9847249367235,133.9847249367235,0.0,0.0,0.0,86.95817067751477
2188,1970-10-16,-47.28182631148565,44.46698775180029,127.71692441767158,-47.28182631148565,-47.28182631148565,134.28352426908654,134.28352426908654,134.28352426908654,134.28352426908654,134.28352426908654,134.28352426908654,0.0,0.0,0.0,87.0016979576009
2189,1970-10-19,-48.047642468316255,46.331338378183034,131.44810333856063,-48.047642468316255,-48.047642468316255,135.18209578981362,135.18209578981362,135.18209578981362,135.18209578981362,135.18209578981362,135.18209578981362,0.0,0.0,0.0,87.13445332149736
2190,1970-10-20,-48.30291452059318,43.29444996519521,129.59497534164984,-48.30291452059318,-48.30291452059318,135.48234281269802,135.48234281269802,135.48234281269802,135.48234281269802,135.48234281269802,135.48234281269802,0.0,0.0,0.0,87.17942829210484
2191,1970-10-21,-48.558186572870106,45.643917396618775,128.29626165692218,-48.55818657287011,-48.55818657287011,135.78295074974756,135.78295074974756,135.78295074974756,135.78295074974756,135.78295074974756,135.78295074974756,0.0,0.0,0.0,87.22476417687744
2192,1970-10-22,-48.81345862514703,50.45564679331986,129.49790744707175,-48.81345862514703,-48.81345862514703,136.08391918592633,136.08391918592633,136.08391918592633,136.08391918592633,136.08391918592633,136.08391918592633,0.0,0.0,0.0,87.2704605607793
2193,1970-10-23,-49.06873067742396,45.38609970208249,129.4451017523402,-49.06873067742396,-49.06873067742396,136.38524770035738,136.38524770035738,136.38524770035738,136.38524770035738,136.38524770035738,136.38524770035738,0.0,0.0,0.0,87.31651702293343
2194,1970-10-26,-49.83454683425456,46.8646947053212,128.8822289358335,-49.83454683425456,-49.83454683425456,137.29138941657408,137.29138941657408,137.29138941657408,137.29138941657408,137.29138941657408,137.29138941657408,0.0,0.0,0.0,87.45684258231952
2195,1970-10-27,-50.08981888653148,49.230310531719525,130.50699491000265,-50.08981888653148,-50.08981888653148,137.59415391808443,137.59415391808443,137.59415391808443,137.59415391808443,137.59415391808443,137.59415391808443,0.0,0.0,0.0,87.50433503155296
2196,1970-10-28,-50.34509093880841,46.55083108238578,129.42577038700443,-50.34509093880841,-50.34509093880841,137.8972763055088,137.8972763055088,137.8972763055088,137.8972763055088,137.8972763055088,137.8972763055088,0.0,0.0,0.0,87.55218536670039
2197,1970-10-29,-50.60036299108533,44.1319351089834,129.91422656463055,-50.60036299108533,-50.60036299108533,138.20075612272183,138.20075612272183,138.20075612272183,138.20075612272183,138.20075612272183,138.20075612272183,0.0,0.0,0.0,87.6003931316365
2198,1970-10-30,-50.85563504336226,45.54338742681958,128.91619185411457,-50.85563504336227,-50.85563504336227,138.50459290768978,138.50459290768978,138.50459290768978,138.50459290768978,138.50459290768978,138.50459290768978,0.0,0.0,0.0,87.64895786432751
2199,1970-11-02,-51.621451200192865,48.34531418078654,130.19918101279148,-51.621451200192865,-51.621451200192865,139.4182403599551,139.4182403599551,139.4182403599551,139.4182403599551,139.4182403599551,139.4182403599551,0.0,0.0,0.0,87.79678915976223
2200,1970-11-03,-51.876723252469795,46.87582152449996,131.9030572296604,-51.876723252469795,-51.876723252469795,139.7235002770957,139.7235002770957,139.7235002770957,139.7235002770957,139.7235002770957,139.7235002770957,0.0,0.0,0.0,87.84677702462591
2201,1970-11-04,-52.131995304746546,43.19294580723553,129.39529628936813,-52.131995304746546,-52.131995304746546,140.02911476285442,140.02911476285442,140.02911476285442,140.02911476285442,140.02911476285442,140.02911476285442,0.0,0.0,0.0,87.89711945810788
2202,1970-11-05,-52.387267357023646,45.144816410732545,129.0201225906907,-52.387267357023646,-52.387267357023646,140.33508331954138,140.33508331954138,140.33508331954138,140.33508331954138,140.33508331954138,140.33508331954138,0.0,0.0,0.0,87.94781596251774
2203,1970-11-06,-52.6425394093004,43.871570153367315,129.51093402539792,-52.6425394093004,-52.6425394093004,140.64140544348942,140.64140544348942,140.64140544348942,140.64140544348942,140.64140544348942,140.64140544348942,0.0,0.0,0.0,87.99886603418902
2204,1970-11-09,-53.40835556613117,49.683123770091015,130.3037214600576,-53.40835556613117,-53.40835556613117,141.56248809235876,141.56248809235876,141.56248809235876,141.56248809235876,141.56248809235876,141.56248809235876,0.0,0.0,0.0,88.15413252622758
2205,1970-11-10,-53.6636276184081,47.3067105044042,130.97856921553628,-53.6636276184081,-53.6636276184081,141.870219328783,141.870219328783,141.870219328783,141.870219328783,141.870219328783,141.870219328783,0.0,0.0,0.0,88.20659171037491
2206,1970-11-11,-53.91889967068485,43.64912547622817,127.81111713301009,-53.91889967068485,-53.91889967068485,142.1783015241219,142.1783015241219,142.1783015241219,142.1783015241219,142.1783015241219,142.1783015241219,0.0,0.0,0.0,88.25940185343705
2207,1970-11-12,-54.17417172296195,45.30092849583559,126.46659095233271,-54.17417172296195,-54.17417172296195,142.48673413863332,142.48673413863332,142.48673413863332,142.48673413863332,142.48673413863332,142.48673413863332,0.0,0.0,0.0,88.31256241567138
2208,1970-11-13,-54.4294437752387,49.29644182689165,128.6117074428066,-54.4294437752387,-54.4294437752387,142.79551662652713,142.79551662652713,142.79551662652713,142.79551662652713,142.79551662652713,142.79551662652713,0.0,0.0,0.0,88.36607285128844
2209,1970-11-16,-55.19525993206948,49.181450306241786,134.453264780596,-55.19525993206948,-55.19525993206948,143.7239577816629,143.7239577816629,143.7239577816629,143.7239577816629,143.7239577816629,143.7239577816629,0.0,0.0,0.0,88.52869784959341
2210,1970-11-17,-55.450531984346405,48.21799016853995,130.80176475997283,-55.450531984346405,-55.450531984346405,144.03413418386182,144.03413418386182,144.03413418386182,144.03413418386182,144.03413418386182,144.03413418386182,0.0,0.0,0.0,88.58360219951541
2211,1970-11-18,-55.70580403662316,46.25219871668698,129.7528081422336,-55.70580403662316,-55.70580403662316,144.34465763940977,144.34465763940977,144.34465763940977,144.34465763940977,144.34465763940977,144.34465763940977,0.0,0.0,0.0,88.63885360278661
2212,1970-11-19,-55.961076088900086,48.656587591504156,130.29508568557446,-55.961076088900086,-55.961076088900086,144.65552756601107,144.65552756601107,144.65552756601107,144.65552756601107,144.65552756601107,144.65552756601107,0.0,0.0,0.0,88.69445147711099
2213,1970-11-20,-56.21634814117701,50.171822056188226,130.77764573149437,-56.21634814117701,-56.21634814117701,144.96674337524908,144.96674337524908,144.96674337524908,144.96674337524908,144.96674337524908,144.96674337524908,0.0,0.0,0.0,88.75039523407207
2214,1970-11-23,-56.98216429800761,45.52518574989133,128.15527740843896,-56.98216429800761,-56.98216429800761,145.90246012258103,145.90246012258103,145.90246012258103,145.90246012258103,145.90246012258103,145.90246012258103,0.0,0.0,0.0,88.92029582457343
2215,1970-11-24,-57.23743635028454,45.343985116877896,128.6694037178897,-57.23743635028454,-57.23743635028454,146.21505345541107,146.21505345541107,146.21505345541107,146.21505345541107,146.21505345541107,146.21505345541107,0.0,0.0,0.0,88.97761710512653
2216,1970-11-25,-57.49270840256146,46.616062421253964,132.6658330350859,-57.49270840256146,-57.49270840256146,146.52798963661024,146.52798963661024,146.52798963661024,146.52798963661024,146.52798963661024,146.52798963661024,0.0,0.0,0.0,89.03528123404878
2217,1970-11-27,-58.00325250711531,46.41037469485813,130.8958430362409,-58.00325250711531,-58.00325250711531,147.15488803645965,147.15488803645965,147.15488803645965,147.15488803645965,147.15488803645965,147.15488803645965,0.0,0.0,0.0,89.15163552934433
2218,1970-11-30,-58.76906866394592,45.43979546170577,129.4777458534084,-58.76906866394592,-58.76906866394592,148.097791163283,148.097791163283,148.097791163283,148.097791163283,148.097791163283,148.097791163283,0.0,0.0,0.0,89.32872249933709
2219,1970-12-01,-59.024340716222845,48.32882785354694,131.1617770180823,-59.024340716222845,-59.024340716222845,148.41277108479625,148.41277108479625,148.41277108479625,148.41277108479625,148.41277108479625,148.41277108479625,0.0,0.0,0.0,89.38843036857341
2220,1970-12-02,-59.279612768499774,51.00121790772745,129.32142027994905,-59.279612768499774,-59.279612768499774,148.72808934662982,148.72808934662982,148.72808934662982,148.72808934662982,148.72808934662982,148.72808934662982,0.0,0.0,0.0,89.44847657813004
2221,1970-12-03,-59.534884820776696,49.89244887387098,129.8939505936017,-59.534884820776696,-59.534884820776696,149.04374527981858,149.04374527981858,149.04374527981858,149.04374527981858,149.04374527981858,149.04374527981858,0.0,0.0,0.0,89.50886045904188
2222,1970-12-04,-59.79015687305345,48.23113304313057,128.86613313201855,-59.79015687305345,-59.79015687305345,149.35973820912452,149.35973820912452,149.35973820912452,149.35973820912452,149.35973820912452,149.35973820912452,0.0,0.0,0.0,89.56958133607107
2223,1970-12-07,-60.55597302988423,46.962700362698435,131.59974548513557,-60.55597302988423,-60.55597302988423,150.30973212703822,150.30973212703822,150.30973212703822,150.30973212703822,150.30973212703822,150.30973212703822,0.0,0.0,0.0,89.75375909715399
2224,1970-12-08,-60.81124508216098,48.238140727757624,130.2880334710284,-60.81124508216098,-60.81124508216098,150.62706616258436,150.62706616258436,150.62706616258436,150.62706616258436,150.62706616258436,150.62706616258436,0.0,0.0,0.0,89.81582108042338
2225,1970-12-09,-61.06651713443808,47.37640177407473,131.52955841386165,-61.06651713443808,-61.06651713443808,150.94473372357263,150.94473372357263,150.94473372357263,150.94473372357263,150.94473372357263,150.94473372357263,0.0,0.0,0.0,89.87821658913455
2226,1970-12-10,-61.32178918671483,47.650470893254784,133.1848971285554,-61.32178918671483,-61.32178918671483,151.26273409689165,151.26273409689165,151.26273409689165,151.26273409689165,151.26273409689165,151.26273409689165,0.0,0.0,0.0,89.94094491017682
2227,1970-12-11,-61.57706123899175,49.788526370788304,128.86166512544224,-61.57706123899175,-61.57706123899175,151.5810665630779,151.5810665630779,151.5810665630779,151.5810665630779,151.5810665630779,151.5810665630779,0.0,0.0,0.0,90.00400532408617
2228,1970-12-14,-62.34287739582253,48.28913706556543,130.32952618278202,-62.34287739582253,-62.34287739582253,152.5380492286829,152.5380492286829,152.5380492286829,152.5380492286829,152.5380492286829,152.5380492286829,0.0,0.0,0.0,90.19517183286035
2229,1970-12-15,-62.598149448099285,45.917470362630596,131.15930921676582,-62.598149448099285,-62.598149448099285,152.8577027442584,152.8577027442584,152.8577027442584,152.8577027442584,152.8577027442584,152.8577027442584,0.0,0.0,0.0,90.25955329615911
2230,1970-12-16,-62.853421500376385,49.290981785645,133.2523401793233,-62.853421500376385,-62.853421500376385,153.17768465969812,153.17768465969812,153.17768465969812,153.17768465969812,153.17768465969812,153.17768465969812,0.0,0.0,0.0,90.32426315932173
2231,1970-12-17,-63.108693552653136,49.169017053028014,129.98005216819982,-63.108693552653136,-63.108693552653136,153.49799421718265,153.49799421718265,153.49799421718265,153.49799421718265,153.49799421718265,153.49799421718265,0.0,0.0,0.0,90.38930066452951
2232,1970-12-18,-63.363965604930065,48.82141220741081,129.96896505303118,-63.363965604930065,-63.363965604930065,153.81863065245895,153.81863065245895,153.81863065245895,153.81863065245895,153.81863065245895,153.81863065245895,0.0,0.0,0.0,90.45466504752889
2233,1970-12-21,-64.12978176176084,48.45257532071379,131.622453413666,-64.12978176176084,-64.12978176176084,154.78249348575358,154.78249348575358,154.78249348575358,154.78249348575358,154.78249348575358,154.78249348575358,0.0,0.0,0.0,90.65271172399274
2234,1970-12-22,-64.38505381403759,48.35697501569261,131.32936606384982,-64.38505381403759,-64.38505381403759,155.10442966057735,155.10442966057735,155.10442966057735,155.10442966057735,155.10442966057735,155.10442966057735,0.0,0.0,0.0,90.71937584653976
2235,1970-12-23,-64.64032586631451,50.17359831914139,131.12338837959325,-64.64032586631451,-64.64032586631451,155.42668879500633,155.42668879500633,155.42668879500633,155.42668879500633,155.42668879500633,155.42668879500633,0.0,0.0,0.0,90.78636292869182
2236,1970-12-24,-64.89559791859145,49.852170959768706,131.22353905341268,-64.89559791859145,-64.89559791859145,155.749270085935,155.749270085935,155.749270085935,155.749270085935,155.749270085935,155.749270085935,0.0,0.0,0.0,90.85367216734355
2237,1970-12-28,-65.91668612769897,49.7307250933314,130.60384431223142,-65.91668612769897,-65.91668612769897,157.0428005241673,157.0428005241673,157.0428005241673,157.0428005241673,157.0428005241673,157.0428005241673,0.0,0.0,0.0,91.12611439646832
2238,1970-12-29,-66.1719581799759,50.40866779016362,131.20046710548115,-66.1719581799759,-66.1719581799759,157.36698032247097,157.36698032247097,157.36698032247097,157.36698032247097,157.36698032247097,157.36698032247097,0.0,0.0,0.0,91.19502214249506
2239,1970-12-30,-66.42723023225282,44.87935441248446,132.59545379336942,-66.42723023225282,-66.42723023225282,157.69147732134505,157.69147732134505,157.69147732134505,157.69147732134505,157.69147732134505,157.69147732134505,0.0,0.0,0.0,91.26424708909222
2240,1970-12-31,-66.7659413773629,50.073627045463624,132.3462278605183,-66.7659413773629,-66.7659413773629,158.01629067180377,158.01629067180377,158.01629067180377,158.01629067180377,158.01629067180377,158.01629067180377,0.0,0.0,0.0,91.25034929444087
2241,1971-01-04,-68.12078595780255,52.899720367954494,129.41043727609681,-68.12078595780255,-68.12078595780255,159.31869037837495,159.31869037837495,159.31869037837495,159.31869037837495,159.31869037837495,159.31869037837495,0.0,0.0,0.0,91.1979044205724
2242,1971-01-05,-68.45949710291228,52.64882340825008,132.90116754375296,-68.45949710291228,-68.45949710291228,159.64507252039985,159.64507252039985,159.64507252039985,159.64507252039985,159.64507252039985,159.64507252039985,0.0,0.0,0.0,91.18557541748757
2243,1971-01-06,-68.79820824802219,48.34561876572339,131.924406787925,-68.79820824802219,-68.79820824802219,159.97176578097626,159.97176578097626,159.97176578097626,159.97176578097626,159.97176578097626,159.97176578097626,0.0,0.0,0.0,91.17355753295406
2244,1971-01-07,-69.1369193931321,49.51011723796155,133.924396856109,-69.1369193931321,-69.1369193931321,160.29876926462777,160.29876926462777,160.29876926462777,160.29876926462777,160.29876926462777,160.29876926462777,0.0,0.0,0.0,91.16184987149566
2245,1971-01-08,-69.47563053824219,45.54280513361422,135.4807504690092,-69.47563053824219,-69.47563053824219,160.62608206918568,160.62608206918568,160.62608206918568,160.62608206918568,160.62608206918568,160.62608206918568,0.0,0.0,0.0,91.1504515309435
2246,1971-01-11,-70.49176397357192,50.305459572876835,132.36045588646215,-70.49176397357192,-70.49176397357192,161.60986728595557,161.60986728595557,161.60986728595557,161.60986728595557,161.60986728595557,161.60986728595557,0.0,0.0,0.0,91.11810331238365
2247,1971-01-12,-70.83047511868183,48.67214567608872,132.22221834686366,-70.83047511868183,-70.83047511868183,161.9384082181552,161.9384082181552,161.9384082181552,161.9384082181552,161.9384082181552,161.9384082181552,0.0,0.0,0.0,91.10793309947336
2248,1971-01-13,-71.16918626379157,47.95871972770393,130.91809194587856,-71.16918626379157,-71.16918626379157,162.2672538595822,162.2672538595822,162.2672538595822,162.2672538595822,162.2672538595822,162.2672538595822,0.0,0.0,0.0,91.09806759579064
2249,1971-01-14,-71.50789740890148,53.476973732238704,130.3753712780949,-71.50789740890147,-71.50789740890147,162.59640326764293,162.59640326764293,162.59640326764293,162.59640326764293,162.59640326764293,162.59640326764293,0.0,0.0,0.0,91.08850585874144
2250,1971-01-15,-71.84660855401157,50.81268316652442,135.46777144731104,-71.84660855401157,-71.84660855401157,162.92585549296055,162.92585549296055,162.92585549296055,162.92585549296055,162.92585549296055,162.92585549296055,0.0,0.0,0.0,91.07924693894898
2251,1971-01-18,-72.86274198934112,46.87313504700572,134.13397400866202,-72.86274198934112,-72.86274198934112,163.91601947666442,163.91601947666442,163.91601947666442,163.91601947666442,163.91601947666442,163.91601947666442,0.0,0.0,0.0,91.0532774873233
2252,1971-01-19,-73.2014531344512,52.27435582959748,131.42328586258134,-73.2014531344512,-73.2014531344512,164.2466733411188,164.2466733411188,164.2466733411188,164.2466733411188,164.2466733411188,164.2466733411188,0.0,0.0,0.0,91.0452202066676
2253,1971-01-20,-73.54016427956111,49.05826269110723,133.7269555134913,-73.54016427956111,-73.54016427956111,164.57762517373786,164.57762517373786,164.57762517373786,164.57762517373786,164.57762517373786,164.57762517373786,0.0,0.0,0.0,91.03746089417675
2254,1971-01-21,-73.87887542467085,49.975786753061236,131.0030002417951,-73.87887542467085,-73.87887542467085,164.90887398416837,164.90887398416837,164.90887398416837,164.90887398416837,164.90887398416837,164.90887398416837,0.0,0.0,0.0,91.02999855949751
2255,1971-01-22,-74.21758656978076,50.08081092193425,133.0195578079834,-74.21758656978076,-74.21758656978076,165.24041877518104,165.24041877518104,165.24041877518104,165.24041877518104,165.24041877518104,165.24041877518104,0.0,0.0,0.0,91.02283220540028
2256,1971-01-25,-75.23372000511067,51.31714328496063,132.5989602693749,-75.23372000511067,-75.23372000511067,166.23681895599387,166.23681895599387,166.23681895599387,166.23681895599387,166.23681895599387,166.23681895599387,0.0,0.0,0.0,91.0030989508832
2257,1971-01-26,-75.57243115022041,51.53152812930143,133.17688846973297,-75.57243115022041,-75.57243115022041,166.56953755904718,166.56953755904718,166.56953755904718,166.56953755904718,166.56953755904718,166.56953755904718,0.0,0.0,0.0,90.99710640882677
2258,1971-01-27,-75.91114229533049,51.965061910901575,132.46818737199527,-75.91114229533049,-75.91114229533049,166.90254705292128,166.90254705292128,166.90254705292128,166.90254705292128,166.90254705292128,166.90254705292128,0.0,0.0,0.0,90.99140475759079
2259,1971-01-28,-76.2498534404404,50.01368666832967,132.15429704587652,-76.2498534404404,-76.2498534404404,167.23584639884567,167.23584639884567,167.23584639884567,167.23584639884567,167.23584639884567,167.23584639884567,0.0,0.0,0.0,90.98599295840526
2260,1971-01-29,-76.58856458555032,49.51909864835143,133.41418523337927,-76.58856458555032,-76.58856458555032,167.56943455107861,167.56943455107861,167.56943455107861,167.56943455107861,167.56943455107861,167.56943455107861,0.0,0.0,0.0,90.9808699655283
2261,1971-02-01,-77.60469802088004,48.00900903415469,128.791511580936,-77.60469802088004,-77.60469802088004,168.5719212833523,168.5719212833523,168.5719212833523,168.5719212833523,168.5719212833523,168.5719212833523,0.0,0.0,0.0,90.96722326247227
2262,1971-02-02,-77.94340916598995,49.93410262737038,132.50184358071766,-77.94340916598995,-77.94340916598995,168.9066540634929,168.9066540634929,168.9066540634929,168.9066540634929,168.9066540634929,168.9066540634929,0.0,0.0,0.0,90.96324489750296
2263,1971-02-03,-78.28212031109986,47.34419918459457,133.11221801097307,-78.28212031109986,-78.28212031109986,169.24167031618023,169.24167031618023,169.24167031618023,169.24167031618023,169.24167031618023,169.24167031618023,0.0,0.0,0.0,90.95955000508037
2264,1971-02-04,-78.62083145620977,47.56675325293805,132.68238966066366,-78.62083145620977,-78.62083145620977,169.57696895355392,169.57696895355392,169.57696895355392,169.57696895355392,169.57696895355392,169.57696895355392,0.0,0.0,0.0,90.95613749734414
2265,1971-02-05,-78.95954260131968,50.99915673976256,130.25728377425386,-78.95954260131968,-78.95954260131968,169.91254888068522,169.91254888068522,169.91254888068522,169.91254888068522,169.91254888068522,169.91254888068522,0.0,0.0,0.0,90.95300627936554
2266,1971-02-08,-79.97567603664942,49.73065923886203,132.4365522158622,-79.97567603664942,-79.97567603664942,170.92096534501175,170.92096534501175,170.92096534501175,170.92096534501175,170.92096534501175,170.92096534501175,0.0,0.0,0.0,90.94528930836233
2267,1971-02-09,-80.31438718175933,51.338139249546025,131.79809469526523,-80.31438718175933,-80.31438718175933,171.25765934002055,171.25765934002055,171.25765934002055,171.25765934002055,171.25765934002055,171.25765934002055,0.0,0.0,0.0,90.94327215826122
2268,1971-02-10,-80.65309832686923,49.723333550800845,133.6773021166686,-80.65309832686923,-80.65309832686923,171.59462904362053,171.59462904362053,171.59462904362053,171.59462904362053,171.59462904362053,171.59462904362053,0.0,0.0,0.0,90.9415307167513
2269,1971-02-11,-80.99180947197914,48.17055157975989,130.25044477526168,-80.99180947197914,-80.99180947197914,171.931873318175,171.931873318175,171.931873318175,171.931873318175,171.931873318175,171.931873318175,0.0,0.0,0.0,90.94006384619587
2270,1971-02-12,-81.33052061708905,50.31343861423379,131.92091626019933,-81.33052061708905,-81.33052061708905,172.2693910188792,172.2693910188792,172.2693910188792,172.2693910188792,172.2693910188792,172.2693910188792,0.0,0.0,0.0,90.93887040179014
2271,1971-02-16,-82.6853651975287,49.48279297118333,134.95905116752917,-82.6853651975287,-82.6853651975287,173.62217293542412,173.62217293542412,173.62217293542412,173.62217293542412,173.62217293542412,173.62217293542412,0.0,0.0,0.0,90.93680773789542
2272,1971-02-17,-83.02407634263861,48.791584516624056,135.797661266196,-83.02407634263861,-83.02407634263861,173.96104034292918,173.96104034292918,173.96104034292918,173.96104034292918,173.96104034292918,173.96104034292918,0.0,0.0,0.0,90.93696400029057
2273,1971-02-18,-83.36278748774869,50.424379544586735,133.70752584309807,-83.36278748774869,-83.36278748774869,174.30017415642746,174.30017415642746,174.30017415642746,174.30017415642746,174.30017415642746,174.30017415642746,0.0,0.0,0.0,90.93738666867877
2274,1971-02-19,-83.70149863285843,47.498871721841454,132.21956431164378,-83.70149863285843,-83.70149863285843,174.63957318053627,174.63957318053627,174.63957318053627,174.63957318053627,174.63957318053627,174.63957318053627,0.0,0.0,0.0,90.93807454767784
2275,1971-02-22,-84.71763206818834,46.64615755467786,132.66193683954907,-84.71763206818835,-84.71763206818835,175.65934945336278,175.65934945336278,175.65934945336278,175.65934945336278,175.65934945336278,175.65934945336278,0.0,0.0,0.0,90.94171738517444
2276,1971-02-23,-85.05634321329823,50.834559632035734,133.05568886219504,-85.05634321329823,-85.05634321329823,175.99979722020157,175.99979722020157,175.99979722020157,175.99979722020157,175.99979722020157,175.99979722020157,0.0,0.0,0.0,90.94345400690334
2277,1971-02-24,-85.39505435840798,49.71192409461264,133.50338248857517,-85.39505435840798,-85.39505435840798,176.34050411119438,176.34050411119438,176.34050411119438,176.34050411119438,176.34050411119438,176.34050411119438,0.0,0.0,0.0,90.9454497527864
2278,1971-02-25,-85.73376550351789,52.63253155338688,131.44601019240503,-85.73376550351789,-85.73376550351789,176.68146888703853,176.68146888703853,176.68146888703853,176.68146888703853,176.68146888703853,176.68146888703853,0.0,0.0,0.0,90.94770338352065
2279,1971-02-26,-86.07247664862797,49.435569095689004,132.70687259821992,-86.07247664862797,-86.07247664862797,177.0226903010594,177.0226903010594,177.0226903010594,177.0226903010594,177.0226903010594,177.0226903010594,0.0,0.0,0.0,90.95021365243144
2280,1971-03-01,-87.0886100839577,49.92135656003843,131.27533805719247,-87.0886100839577,-87.0886100839577,178.04788179455323,178.04788179455323,178.04788179455323,178.04788179455323,178.04788179455323,178.04788179455323,0.0,0.0,0.0,90.95927171059553
2281,1971-03-02,-87.42732122906762,47.69106770117722,132.14972111027802,-87.42732122906762,-87.42732122906762,178.39011714658596,178.39011714658596,178.39011714658596,178.39011714658596,178.39011714658596,178.39011714658596,0.0,0.0,0.0,90.96279591751835
2282,1971-03-03,-87.76603237417753,50.02338371368072,130.06140391297856,-87.76603237417753,-87.76603237417753,178.73260279233003,178.73260279233003,178.73260279233003,178.73260279233003,178.73260279233003,178.73260279233003,0.0,0.0,0.0,90.9665704181525
2283,1971-03-04,-88.10474351928725,47.67405207554531,132.51847122800393,-88.10474351928727,-88.10474351928727,179.07533744056948,179.07533744056948,179.07533744056948,179.07533744056948,179.07533744056948,179.07533744056948,0.0,0.0,0.0,90.97059392128223
2284,1971-03-05,-88.44345466439735,52.8479285301999,129.9042710534286,-88.44345466439735,-88.44345466439735,179.41831979261244,179.41831979261244,179.41831979261244,179.41831979261244,179.41831979261244,179.41831979261244,0.0,0.0,0.0,90.97486512821509
2285,1971-03-08,-89.4595880997269,48.60107094637063,133.37597494882132,-89.4595880997269,-89.4595880997269,180.44873997219162,180.44873997219162,180.44873997219162,180.44873997219162,180.44873997219162,180.44873997219162,0.0,0.0,0.0,90.98915187246472
2286,1971-03-09,-89.79829924483698,50.60878115754648,133.0680287418448,-89.79829924483698,-89.79829924483698,180.79270000248798,180.79270000248798,180.79270000248798,180.79270000248798,180.79270000248798,180.79270000248798,0.0,0.0,0.0,90.994400757651
2287,1971-03-10,-90.1370103899469,50.87508518378833,131.02610437026055,-90.1370103899469,-90.1370103899469,181.136901130465,181.136901130465,181.136901130465,181.136901130465,181.136901130465,181.136901130465,0.0,0.0,0.0,90.9998907405181
2288,1971-03-11,-90.4757215350568,52.34234631007829,131.72414846217987,-90.4757215350568,-90.4757215350568,181.48134201225972,181.48134201225972,181.48134201225972,181.48134201225972,181.48134201225972,181.48134201225972,0.0,0.0,0.0,91.00562047720291
2289,1971-03-12,-90.81443268016655,48.96964075287595,132.20946586345713,-90.81443268016655,-90.81443268016655,181.82602129642785,181.82602129642785,181.82602129642785,181.82602129642785,181.82602129642785,181.82602129642785,0.0,0.0,0.0,91.0115886162613
2290,1971-03-15,-91.83056611549645,49.507345154001456,132.34179837296432,-91.83056611549645,-91.83056611549645,182.86147593468846,182.86147593468846,182.86147593468846,182.86147593468846,182.86147593468846,182.86147593468846,0.0,0.0,0.0,91.030909819192
2291,1971-03-16,-92.16927726060636,49.56181181680921,130.16729543261522,-92.16927726060636,-92.16927726060636,183.20709516174614,183.20709516174614,183.20709516174614,183.20709516174614,183.20709516174614,183.20709516174614,0.0,0.0,0.0,91.03781790113977
2292,1971-03-17,-92.50798840571628,51.758552912414984,134.0321267025047,-92.50798840571628,-92.50798840571628,183.552945919702,183.552945919702,183.552945919702,183.552945919702,183.552945919702,183.552945919702,0.0,0.0,0.0,91.04495751398574
2293,1971-03-18,-92.84669955082617,47.27001461001882,133.95950820907905,-92.84669955082617,-92.84669955082617,183.89902681130351,183.89902681130351,183.89902681130351,183.89902681130351,183.89902681130351,183.89902681130351,0.0,0.0,0.0,91.05232726047734
2294,1971-03-19,-93.18541069593608,47.03979980769228,133.72867253472566,-93.18541069593608,-93.18541069593608,184.24533643161018,184.24533643161018,184.24533643161018,184.24533643161018,184.24533643161018,184.24533643161018,0.0,0.0,0.0,91.0599257356741
2295,1971-03-22,-94.20154413126582,50.0973172722082,132.79208438943704,-94.20154413126582,-94.20154413126582,185.28562349971162,185.28562349971162,185.28562349971162,185.28562349971162,185.28562349971162,185.28562349971162,0.0,0.0,0.0,91.0840793684458
2296,1971-03-23,-94.54025527637573,49.46225034141173,131.01788513257156,-94.54025527637573,-94.54025527637573,185.63283383113418,185.63283383113418,185.63283383113418,185.63283383113418,185.63283383113418,185.63283383113418,0.0,0.0,0.0,91.09257855475845
2297,1971-03-24,-94.87896642148581,50.696006883165154,133.1023694837703,-94.87896642148581,-94.87896642148581,185.98026575070034,185.98026575070034,185.98026575070034,185.98026575070034,185.98026575070034,185.98026575070034,0.0,0.0,0.0,91.10129932921453
2298,1971-03-25,-95.21767756659555,51.451024306278356,131.94105289713957,-95.21767756659555,-95.21767756659555,186.32791780701857,186.32791780701857,186.32791780701857,186.32791780701857,186.32791780701857,186.32791780701857,0.0,0.0,0.0,91.11024024042301
2299,1971-03-26,-95.55638871170547,49.625007081728484,133.13280135612524,-95.55638871170547,-95.55638871170547,186.67578854090152,186.67578854090152,186.67578854090152,186.67578854090152,186.67578854090152,186.67578854090152,0.0,0.0,0.0,91.11939982919606
2300,1971-03-29,-96.57252214703519,49.3788186102832,133.7169170673429,-96.57252214703519,-96.57252214703519,187.72069809880566,187.72069809880566,187.72069809880566,187.72069809880566,187.72069809880566,187.72069809880566,0.0,0.0,0.0,91.14817595177047
2301,1971-03-30,-96.9112332921451,51.01092825660236,134.66327263645795,-96.9112332921451,-96.9112332921451,188.06942879461982,188.06942879461982,188.06942879461982,188.06942879461982,188.06942879461982,188.06942879461982,0.0,0.0,0.0,91.15819550247473
2302,1971-03-31,-97.24994443725501,49.74934354971206,136.8604631401491,-97.24994443725501,-97.24994443725501,188.41837075458605,188.41837075458605,188.41837075458605,188.41837075458605,188.41837075458605,188.41837075458605,0.0,0.0,0.0,91.16842631733104
2303,1971-04-01,-97.58865558236509,48.57131024552585,132.80357148744164,-97.58865558236509,-97.58865558236509,188.76752247241834,188.76752247241834,188.76752247241834,188.76752247241834,188.76752247241834,188.76752247241834,0.0,0.0,0.0,91.17886689005324
2304,1971-04-02,-97.92736672747483,47.15376401712652,134.23899526187267,-97.92736672747483,-97.92736672747483,189.11688243392683,189.11688243392683,189.11688243392683,189.11688243392683,189.11688243392683,189.11688243392683,0.0,0.0,0.0,91.189515706452
2305,1971-04-05,-98.94350016280474,51.97533122205422,132.1282615112384,-98.94350016280474,-98.94350016280474,190.16619651972618,190.16619651972618,190.16619651972618,190.16619651972618,190.16619651972618,190.16619651972618,0.0,0.0,0.0,91.22269635692145
2306,1971-04-06,-99.28221130791448,50.25319667749635,132.9109055840734,-99.28221130791448,-99.28221130791448,190.5163741554194,190.5163741554194,190.5163741554194,190.5163741554194,190.5163741554194,190.5163741554194,0.0,0.0,0.0,91.23416284750493
2307,1971-04-07,-99.62092245302439,50.42942655621111,130.25759897976474,-99.62092245302439,-99.62092245302439,190.86675234473773,190.86675234473773,190.86675234473773,190.86675234473773,190.86675234473773,190.86675234473773,0.0,0.0,0.0,91.24582989171334
2308,1971-04-08,-99.95963359813447,51.146242544124895,131.63656054416342,-99.95963359813447,-99.95963359813447,191.21732952574203,191.21732952574203,191.21732952574203,191.21732952574203,191.21732952574203,191.21732952574203,0.0,0.0,0.0,91.25769592760756
2309,1971-04-12,-101.3144781785741,50.60595589029691,137.41446619464077,-101.3144781785741,-101.3144781785741,192.62159664707167,192.62159664707167,192.62159664707167,192.62159664707167,192.62159664707167,192.62159664707167,0.0,0.0,0.0,91.30711846849756
2310,1971-04-13,-101.65318932368402,50.273025660210635,131.09302296096755,-101.65318932368402,-101.65318932368402,192.97314507643677,192.97314507643677,192.97314507643677,192.97314507643677,192.97314507643677,192.97314507643677,0.0,0.0,0.0,91.31995575275275
2311,1971-04-14,-101.99190046879393,51.25877268334571,134.05722916041537,-101.99190046879393,-101.99190046879393,193.32488295704644,193.32488295704644,193.32488295704644,193.32488295704644,193.32488295704644,193.32488295704644,0.0,0.0,0.0,91.33298248825251
2312,1971-04-15,-102.33061161390367,48.640695627464815,133.3523543990849,-102.33061161390367,-102.33061161390367,193.67680867054776,193.67680867054776,193.67680867054776,193.67680867054776,193.67680867054776,193.67680867054776,0.0,0.0,0.0,91.34619705664409
2313,1971-04-16,-102.66932275901375,49.08416513724389,134.8443232973472,-102.66932275901375,-102.66932275901375,194.02892059046664,194.02892059046664,194.02892059046664,194.02892059046664,194.02892059046664,194.02892059046664,0.0,0.0,0.0,91.35959783145289
2314,1971-04-19,-103.68545619434349,50.45189599940901,132.78783291491777,-103.68545619434349,-103.68545619434349,195.08635720184333,195.08635720184333,195.08635720184333,195.08635720184333,195.08635720184333,195.08635720184333,0.0,0.0,0.0,91.40090100749984
2315,1971-04-20,-104.0241673394534,50.03049436320146,134.31265746328904,-104.0241673394534,-104.0241673394534,195.43919751972402,195.43919751972402,195.43919751972402,195.43919751972402,195.43919751972402,195.43919751972402,0.0,0.0,0.0,91.41503018027062
2316,1971-04-21,-104.36287848456331,51.63726335994374,132.6391312499727,-104.36287848456331,-104.36287848456331,195.79221578929076,195.79221578929076,195.79221578929076,195.79221578929076,195.79221578929076,195.79221578929076,0.0,0.0,0.0,91.42933730472745
2317,1971-04-22,-104.70158962967321,46.19503383082275,131.20232634161093,-104.70158962967321,-104.70158962967321,196.14541033501644,196.14541033501644,196.14541033501644,196.14541033501644,196.14541033501644,196.14541033501644,0.0,0.0,0.0,91.44382070534323
2318,1971-04-23,-105.04030077478312,52.870700591064754,133.2399593392197,-105.04030077478312,-105.04030077478312,196.49877947314462,196.49877947314462,196.49877947314462,196.49877947314462,196.49877947314462,196.49877947314462,0.0,0.0,0.0,91.4584786983615
2319,1971-04-26,-106.05643421011285,48.41178836677945,133.057972883841,-106.05643421011285,-106.05643421011285,197.5599174806075,197.5599174806075,197.5599174806075,197.5599174806075,197.5599174806075,197.5599174806075,0.0,0.0,0.0,91.50348327049466
2320,1971-04-27,-106.39514535522277,48.411428071085126,132.15598404632692,-106.39514535522277,-106.39514535522277,197.9139679856449,197.9139679856449,197.9139679856449,197.9139679856449,197.9139679856449,197.9139679856449,0.0,0.0,0.0,91.51882263042212
2321,1971-04-28,-106.73385650033268,48.47438053953891,131.3140636822336,-106.73385650033268,-106.73385650033268,198.26818454031593,198.26818454031593,198.26818454031593,198.26818454031593,198.26818454031593,198.26818454031593,0.0,0.0,0.0,91.53432803998325
2322,1971-04-29,-107.07256764544259,54.663323643560865,130.96944189565053,-107.07256764544259,-107.07256764544259,198.62256541116184,198.62256541116184,198.62256541116184,198.62256541116184,198.62256541116184,198.62256541116184,0.0,0.0,0.0,91.54999776571925
2323,1971-04-30,-107.4112787905525,53.17725590632442,134.59575297727136,-107.4112787905525,-107.4112787905525,198.9771088563863,198.9771088563863,198.9771088563863,198.9771088563863,198.9771088563863,198.9771088563863,0.0,0.0,0.0,91.56583006583381
2324,1971-05-03,-108.42741222588222,50.69394852125444,128.12866968494038,-108.42741222588222,-108.42741222588222,200.04169709498115,200.04169709498115,200.04169709498115,200.04169709498115,200.04169709498115,200.04169709498115,0.0,0.0,0.0,91.61428486909892
2325,1971-05-04,-108.76612337099232,50.84299278258938,131.79683662117776,-108.76612337099232,-108.76612337099232,200.39687325246754,200.39687325246754,200.39687325246754,200.39687325246754,200.39687325246754,200.39687325246754,0.0,0.0,0.0,91.63074988147523
2326,1971-05-05,-109.10483451610204,51.30757097542242,131.11827462564557,-109.10483451610204,-109.10483451610204,200.7522031497501,200.7522031497501,200.7522031497501,200.7522031497501,200.7522031497501,200.7522031497501,0.0,0.0,0.0,91.64736863364806
2327,1971-05-06,-109.44354566121196,48.994944387601564,134.99526314453837,-109.44354566121196,-109.44354566121196,201.10768499468548,201.10768499468548,201.10768499468548,201.10768499468548,201.10768499468548,201.10768499468548,0.0,0.0,0.0,91.66413933347353
2328,1971-05-07,-109.78225680632187,49.9364091172353,131.95899382783404,-109.78225680632187,-109.78225680632187,201.46331698668553,201.46331698668553,201.46331698668553,201.46331698668553,201.46331698668553,201.46331698668553,0.0,0.0,0.0,91.68106018036366
2329,1971-05-10,-110.7983902416516,50.694406360612945,132.71923807491896,-110.7983902416516,-110.7983902416516,202.53109571220287,202.53109571220287,202.53109571220287,202.53109571220287,202.53109571220287,202.53109571220287,0.0,0.0,0.0,91.73270547055127
2330,1971-05-11,-111.13710138676151,48.58905951320753,134.32491730407756,-111.13710138676151,-111.13710138676151,202.88731011715578,202.88731011715578,202.88731011715578,202.88731011715578,202.88731011715578,202.88731011715578,0.0,0.0,0.0,91.75020873039426
2331,1971-05-12,-111.4758125318716,49.928943737305936,135.56705419344965,-111.4758125318716,-111.4758125318716,203.24366553903218,203.24366553903218,203.24366553903218,203.24366553903218,203.24366553903218,203.24366553903218,0.0,0.0,0.0,91.76785300716058
2332,1971-05-13,-111.81452367698134,50.365219509661046,132.76699328706934,-111.81452367698134,-111.81452367698134,203.60016012625798,203.60016012625798,203.60016012625798,203.60016012625798,203.60016012625798,203.60016012625798,0.0,0.0,0.0,91.78563644927664
2333,1971-05-14,-112.15323482209125,49.2147769014735,134.14522057011095,-112.15323482209125,-112.15323482209125,203.95679201870888,203.95679201870888,203.95679201870888,203.95679201870888,203.95679201870888,203.95679201870888,0.0,0.0,0.0,91.80355719661763
2334,1971-05-17,-113.16936825742114,50.382244921375964,138.3448097421141,-113.16936825742114,-113.16936825742114,205.02749279759655,205.02749279759655,205.02749279759655,205.02749279759655,205.02749279759655,205.02749279759655,0.0,0.0,0.0,91.85812454017541
2335,1971-05-18,-113.50807940253088,51.089893749372926,132.99433205251609,-113.50807940253088,-113.50807940253088,205.38465513817093,205.38465513817093,205.38465513817093,205.38465513817093,205.38465513817093,205.38465513817093,0.0,0.0,0.0,91.87657573564005
2336,1971-05-19,-113.84679054764096,51.53947476023262,133.4440494412198,-113.84679054764098,-113.84679054764098,205.74194535456874,205.74194535456874,205.74194535456874,205.74194535456874,205.74194535456874,205.74194535456874,0.0,0.0,0.0,91.89515480692778
2337,1971-05-20,-114.18550169275088,47.21629351752757,131.21526799033904,-114.18550169275088,-114.18550169275088,206.09936153504927,206.09936153504927,206.09936153504927,206.09936153504927,206.09936153504927,206.09936153504927,0.0,0.0,0.0,91.9138598422984
2338,1971-05-21,-114.52421283786079,50.76578682599803,131.88350916002852,-114.52421283786079,-114.52421283786079,206.45690175921771,206.45690175921771,206.45690175921771,206.45690175921771,206.45690175921771,206.45690175921771,0.0,0.0,0.0,91.93268892135693
2339,1971-05-24,-115.54034627319052,49.95381936806618,129.01782882265,-115.54034627319052,-115.54034627319052,207.53024735977235,207.53024735977235,207.53024735977235,207.53024735977235,207.53024735977235,207.53024735977235,0.0,0.0,0.0,91.98990108658182
2340,1971-05-25,-115.87905741830043,54.01382382225183,131.22440724795888,-115.87905741830042,-115.87905741830042,207.88826438113597,207.88826438113597,207.88826438113597,207.88826438113597,207.88826438113597,207.88826438113597,0.0,0.0,0.0,92.00920696283553
2341,1971-05-26,-116.21776856341016,50.174288975694054,130.95867235811744,-116.21776856341016,-116.21776856341016,208.24639571387968,208.24639571387968,208.24639571387968,208.24639571387968,208.24639571387968,208.24639571387968,0.0,0.0,0.0,92.02862715046952
2342,1971-05-27,-116.55647970852026,52.9590636044712,135.1263209863861,-116.55647970852026,-116.55647970852026,208.60463938537342,208.60463938537342,208.60463938537342,208.60463938537342,208.60463938537342,208.60463938537342,0.0,0.0,0.0,92.04815967685316
2343,1971-05-28,-116.89519085363015,51.901173647851834,129.25888215037378,-116.89519085363015,-116.89519085363015,208.96299341423003,208.96299341423003,208.96299341423003,208.96299341423003,208.96299341423003,208.96299341423003,0.0,0.0,0.0,92.06780256059987
2344,1971-06-01,-118.2500354340698,50.071426591574586,134.45202365473426,-118.2500354340698,-118.2500354340698,210.39747316825412,210.39747316825412,210.39747316825412,210.39747316825412,210.39747316825412,210.39747316825412,0.0,0.0,0.0,92.14743773418432
2345,1971-06-02,-118.58874657917971,51.07632372561915,135.20461918173174,-118.58874657917971,-118.58874657917971,210.7563489556285,210.7563489556285,210.7563489556285,210.7563489556285,210.7563489556285,210.7563489556285,0.0,0.0,0.0,92.1676023764488
2346,1971-06-03,-118.92745772428945,52.068601390314306,134.9887630133858,-118.92745772428945,-118.92745772428945,211.1153230273489,211.1153230273489,211.1153230273489,211.1153230273489,211.1153230273489,211.1153230273489,0.0,0.0,0.0,92.18786530305944
2347,1971-06-04,-119.26616886939954,51.57406042468129,138.28523421211762,-119.26616886939954,-119.26616886939954,211.47439334033047,211.47439334033047,211.47439334033047,211.47439334033047,211.47439334033047,211.47439334033047,0.0,0.0,0.0,92.20822447093093
2348,1971-06-07,-120.28230230472927,47.183727929618335,132.6621788042503,-120.28230230472927,-120.28230230472927,212.55216116285274,212.55216116285274,212.55216116285274,212.55216116285274,212.55216116285274,212.55216116285274,0.0,0.0,0.0,92.26985885812347
2349,1971-06-08,-120.62101344983917,48.95386589364923,132.89495569678388,-120.62101344983917,-120.62101344983917,212.91159583241148,212.91159583241148,212.91159583241148,212.91159583241148,212.91159583241148,212.91159583241148,0.0,0.0,0.0,92.29058238257231
2350,1971-06-09,-120.95972459494908,50.75274621735907,135.82632990680315,-120.95972459494908,-120.95972459494908,213.2711163944709,213.2711163944709,213.2711163944709,213.2711163944709,213.2711163944709,213.2711163944709,0.0,0.0,0.0,92.31139179952183
2351,1971-06-10,-121.29843574005899,51.94213260890506,132.50069892580854,-121.29843574005899,-121.29843574005899,213.63072075251486,213.63072075251486,213.63072075251486,213.63072075251486,213.63072075251486,213.63072075251486,0.0,0.0,0.0,92.33228501245587
2352,1971-06-11,-121.6371468851689,50.284188840215116,134.93629683128492,-121.6371468851689,-121.6371468851689,213.9904068010734,213.9904068010734,213.9904068010734,213.9904068010734,213.9904068010734,213.9904068010734,0.0,0.0,0.0,92.35325991590449
2353,1971-06-14,-122.65328032049864,47.906856744718965,129.29374957118344,-122.65328032049864,-122.65328032049864,215.06993390055206,215.06993390055206,215.06993390055206,215.06993390055206,215.06993390055206,215.06993390055206,0.0,0.0,0.0,92.41665358005342
2354,1971-06-15,-122.99199146560872,53.16162225542956,134.55542929569404,-122.99199146560872,-122.99199146560872,215.42992547692796,215.42992547692796,215.42992547692796,215.42992547692796,215.42992547692796,215.42992547692796,0.0,0.0,0.0,92.43793401131924
2355,1971-06-16,-123.33070261071846,49.14123959105644,134.00167714542326,-123.33070261071846,-123.33070261071846,215.78998808169462,215.78998808169462,215.78998808169462,215.78998808169462,215.78998808169462,215.78998808169462,0.0,0.0,0.0,92.45928547097616
2356,1971-06-17,-123.66941375582837,50.99000453276081,132.42905336097905,-123.66941375582837,-123.66941375582837,216.15011955537844,216.15011955537844,216.15011955537844,216.15011955537844,216.15011955537844,216.15011955537844,0.0,0.0,0.0,92.48070579955007
2357,1971-06-18,-124.00812490093828,47.31834648312999,135.1527802503703,-124.00812490093827,-124.00812490093827,216.510317729459,216.510317729459,216.510317729459,216.510317729459,216.510317729459,216.510317729459,0.0,0.0,0.0,92.5021928285207
2358,1971-06-21,-125.024258336268,52.08870111878737,137.38438988005063,-125.024258336268,-125.024258336268,217.59129063289402,217.59129063289402,217.59129063289402,217.59129063289402,217.59129063289402,217.59129063289402,0.0,0.0,0.0,92.56703229662601
2359,1971-06-22,-125.36296948137809,47.79009423267553,133.9855638596997,-125.36296948137809,-125.36296948137809,217.95173374195673,217.95173374195673,217.95173374195673,217.95173374195673,217.95173374195673,217.95173374195673,0.0,0.0,0.0,92.58876426057864
2360,1971-06-23,-125.701680626488,52.98591601654256,130.03280745859772,-125.701680626488,-125.701680626488,218.31223257265108,218.31223257265108,218.31223257265108,218.31223257265108,218.31223257265108,218.31223257265108,0.0,0.0,0.0,92.61055194616308
2361,1971-06-24,-126.04039177159774,55.603452007181,134.7889941989248,-126.04039177159774,-126.04039177159774,218.6727849019017,218.6727849019017,218.6727849019017,218.6727849019017,218.6727849019017,218.6727849019017,0.0,0.0,0.0,92.63239313030397
2362,1971-06-25,-126.37910291670765,49.599797758936155,132.11592942089524,-126.37910291670765,-126.37910291670765,219.03338849749596,219.03338849749596,219.03338849749596,219.03338849749596,219.03338849749596,219.03338849749596,0.0,0.0,0.0,92.65428558078831
2363,1971-06-28,-127.39523635203739,52.889501607294214,134.95243366563074,-127.39523635203739,-127.39523635203739,220.11548442289705,220.11548442289705,220.11548442289705,220.11548442289705,220.11548442289705,220.11548442289705,0.0,0.0,0.0,92.72024807085967
2364,1971-06-29,-127.7339474971473,50.68274377222061,133.44475824843454,-127.7339474971473,-127.7339474971473,220.4762705785627,220.4762705785627,220.4762705785627,220.4762705785627,220.4762705785627,220.4762705785627,0.0,0.0,0.0,92.74232308141539
2365,1971-06-30,-128.07265864225738,50.788870912325194,136.4668383648633,-128.07265864225738,-128.07265864225738,220.8370967020178,220.8370967020178,220.8370967020178,220.8370967020178,220.8370967020178,220.8370967020178,0.0,0.0,0.0,92.76443805976041
2366,1971-07-01,-128.41136978736728,46.30037330066742,133.81222012784272,-128.41136978736728,-128.41136978736728,221.1979605059674,221.1979605059674,221.1979605059674,221.1979605059674,221.1979605059674,221.1979605059674,0.0,0.0,0.0,92.78659071860011
2367,1971-07-02,-128.75008093247703,52.03814468835682,133.15484389035907,-128.75008093247703,-128.75008093247703,221.55885969389362,221.55885969389362,221.55885969389362,221.55885969389362,221.55885969389362,221.55885969389362,0.0,0.0,0.0,92.80877876141659
2368,1971-07-06,-130.10492551291685,51.261243083199,133.73875615415312,-130.10492551291685,-130.10492551291685,223.00276403154177,223.00276403154177,223.00276403154177,223.00276403154177,223.00276403154177,223.00276403154177,0.0,0.0,0.0,92.89783851862492
2369,1971-07-07,-130.44363665802675,53.276389180001,133.87087992580194,-130.44363665802675,-130.44363665802675,223.36380536795406,223.36380536795406,223.36380536795406,223.36380536795406,223.36380536795406,223.36380536795406,0.0,0.0,0.0,92.92016870992731
2370,1971-07-08,-130.78234780313667,52.69947706464176,134.2777675911507,-130.78234780313667,-130.78234780313667,223.72486811489526,223.72486811489526,223.72486811489526,223.72486811489526,223.72486811489526,223.72486811489526,0.0,0.0,0.0,92.94252031175859
2371,1971-07-09,-131.12105894824657,50.391159015194056,133.9818176725419,-131.12105894824657,-131.12105894824657,224.0859499109599,224.0859499109599,224.0859499109599,224.0859499109599,224.0859499109599,224.0859499109599,0.0,0.0,0.0,92.96489096271333
2372,1971-07-12,-132.1371923835763,53.68851794452765,133.515777270134,-132.1371923835763,-132.1371923835763,225.1692858400408,225.1692858400408,225.1692858400408,225.1692858400408,225.1692858400408,225.1692858400408,0.0,0.0,0.0,93.03209345646451
2373,1971-07-13,-132.47590352868622,53.732541760134445,133.25271946851151,-132.47590352868622,-132.47590352868622,225.53042003207003,225.53042003207003,225.53042003207003,225.53042003207003,225.53042003207003,225.53042003207003,0.0,0.0,0.0,93.05451650338381
2374,1971-07-14,-132.81461467379611,53.077274776817475,137.08025092175052,-132.81461467379611,-132.81461467379611,225.89156132624444,225.89156132624444,225.89156132624444,225.89156132624444,225.89156132624444,225.89156132624444,0.0,0.0,0.0,93.07694665244833
2375,1971-07-15,-133.15332581890604,53.08806152732791,137.86038087730145,-133.15332581890604,-133.15332581890604,226.25270730510238,226.25270730510238,226.25270730510238,226.25270730510238,226.25270730510238,226.25270730510238,0.0,0.0,0.0,93.09938148619634
2376,1971-07-16,-133.49203696401594,50.852215516068156,134.384328983357,-133.49203696401594,-133.49203696401594,226.6138555418021,226.6138555418021,226.6138555418021,226.6138555418021,226.6138555418021,226.6138555418021,0.0,0.0,0.0,93.12181857778617
2377,1971-07-19,-134.5081703993457,53.90629425612499,134.91744818597556,-134.5081703993457,-134.5081703993457,227.69728938961302,227.69728938961302,227.69728938961302,227.69728938961302,227.69728938961302,227.69728938961302,0.0,0.0,0.0,93.18911899026733
2378,1971-07-20,-134.84688154445558,53.899704338267405,133.20205256243173,-134.84688154445558,-134.84688154445558,228.05842220129568,228.05842220129568,228.05842220129568,228.05842220129568,228.05842220129568,228.05842220129568,0.0,0.0,0.0,93.2115406568401
2379,1971-07-21,-135.18559268956548,53.24093302789794,135.97221567293013,-135.18559268956548,-135.18559268956548,228.41954499554743,228.41954499554743,228.41954499554743,228.41954499554743,228.41954499554743,228.41954499554743,0.0,0.0,0.0,93.23395230598194
2380,1971-07-22,-135.52430383467558,51.95314094526453,132.70026525989192,-135.52430383467558,-135.52430383467558,228.7806552890306,228.7806552890306,228.7806552890306,228.7806552890306,228.7806552890306,228.7806552890306,0.0,0.0,0.0,93.25635145435501
2381,1971-07-23,-135.8630149797853,47.513445720425636,131.31664829991502,-135.8630149797853,-135.8630149797853,229.14175058895674,229.14175058895674,229.14175058895674,229.14175058895674,229.14175058895674,229.14175058895674,0.0,0.0,0.0,93.27873560917143
2382,1971-07-26,-136.87914841511522,53.801306398713926,134.49012210754282,-136.87914841511522,-136.87914841511522,230.2249214575472,230.2249214575472,230.2249214575472,230.2249214575472,230.2249214575472,230.2249214575472,0.0,0.0,0.0,93.34577304243197
2383,1971-07-27,-137.21785956022495,52.48851673645943,135.0320773618085,-137.21785956022495,-137.21785956022495,230.5859316660137,230.5859316660137,230.5859316660137,230.5859316660137,230.5859316660137,230.5859316660137,0.0,0.0,0.0,93.36807210578874
2384,1971-07-28,-137.55657070533488,54.20605671905571,135.5633713135386,-137.55657070533488,-137.55657070533488,230.94691427488928,230.94691427488928,230.94691427488928,230.94691427488928,230.94691427488928,230.94691427488928,0.0,0.0,0.0,93.3903435695544
2385,1971-07-29,-137.89528185044477,54.35653523457581,134.90834573742646,-137.89528185044477,-137.89528185044477,231.3078667344845,231.3078667344845,231.3078667344845,231.3078667344845,231.3078667344845,231.3078667344845,0.0,0.0,0.0,93.41258488403972
2386,1971-07-30,-138.23399299555487,54.492543985965376,134.14813949818742,-138.23399299555487,-138.23399299555487,231.6687864855945,231.6687864855945,231.6687864855945,231.6687864855945,231.6687864855945,231.6687864855945,0.0,0.0,0.0,93.43479349003962
2387,1971-08-02,-139.25012643088442,55.28134275672088,134.07482621500264,-139.25012643088442,-139.25012643088442,232.7513237530594,232.7513237530594,232.7513237530594,232.7513237530594,232.7513237530594,232.7513237530594,0.0,0.0,0.0,93.50119732217499
2388,1971-08-03,-139.5888375759945,52.928094082296724,135.48573588963154,-139.5888375759945,-139.5888375759945,233.11208688757907,233.11208688757907,233.11208688757907,233.11208688757907,233.11208688757907,233.11208688757907,0.0,0.0,0.0,93.52324931158458
2389,1971-08-04,-139.92754872110424,53.713569594978836,134.25700243858589,-139.92754872110424,-139.92754872110424,233.47280437456433,233.47280437456433,233.47280437456433,233.47280437456433,233.47280437456433,233.47280437456433,0.0,0.0,0.0,93.54525565346009
2390,1971-08-05,-140.26625986621414,48.78767491571591,135.01153036340187,-140.26625986621414,-140.26625986621414,233.83347359754242,233.83347359754242,233.83347359754242,233.83347359754242,233.83347359754242,233.83347359754242,0.0,0.0,0.0,93.56721373132828
2391,1971-08-06,-140.60497101132407,53.90907276355883,136.81399260661473,-140.60497101132407,-140.60497101132407,234.19409193046727,234.19409193046727,234.19409193046727,234.19409193046727,234.19409193046727,234.19409193046727,0.0,0.0,0.0,93.5891209191432
2392,1971-08-09,-141.6211044466538,50.18215600752129,135.9114084929329,-141.6211044466538,-141.6211044466538,235.2756151847081,235.2756151847081,235.2756151847081,235.2756151847081,235.2756151847081,235.2756151847081,0.0,0.0,0.0,93.65451073805431
2393,1971-08-10,-141.95981559176388,49.201710838503026,133.9804636658594,-141.95981559176388,-141.95981559176388,235.63600350523484,235.63600350523484,235.63600350523484,235.63600350523484,235.63600350523484,235.63600350523484,0.0,0.0,0.0,93.67618791347095
2394,1971-08-11,-142.29852673687378,51.722868393791096,132.29008686331943,-142.29852673687378,-142.29852673687378,235.99632766161943,235.99632766161943,235.99632766161943,235.99632766161943,235.99632766161943,235.99632766161943,0.0,0.0,0.0,93.69780092474565
2395,1971-08-12,-142.6372378819837,53.64390228631568,132.97639362987013,-142.6372378819837,-142.6372378819837,236.3565849702216,236.3565849702216,236.3565849702216,236.3565849702216,236.3565849702216,236.3565849702216,0.0,0.0,0.0,93.7193470882379
2396,1971-08-13,-142.97594902709344,52.13049349939569,135.7593347460627,-142.97594902709344,-142.97594902709344,236.71677273777703,236.71677273777703,236.71677273777703,236.71677273777703,236.71677273777703,236.71677273777703,0.0,0.0,0.0,93.7408237106836
2397,1971-08-16,-143.99208246242333,50.89470753870582,134.60921687543026,-143.99208246242335,-143.99208246242335,237.79689171702543,237.79689171702543,237.79689171702543,237.79689171702543,237.79689171702543,237.79689171702543,0.0,0.0,0.0,93.8048092546021
2398,1971-08-17,-144.33079360753308,52.296828511778735,135.6409238665286,-144.33079360753308,-144.33079360753308,238.15677419504655,238.15677419504655,238.15677419504655,238.15677419504655,238.15677419504655,238.15677419504655,0.0,0.0,0.0,93.82598058751347
2399,1971-08-18,-144.66950475264315,54.09084088464978,137.68288261609916,-144.66950475264315,-144.66950475264315,238.51657352111576,238.51657352111576,238.51657352111576,238.51657352111576,238.51657352111576,238.51657352111576,0.0,0.0,0.0,93.84706876847261
2400,1971-08-19,-145.00821589775308,52.152471015375625,136.9178724184242,-145.00821589775308,-145.00821589775308,238.876286944092,238.876286944092,238.876286944092,238.876286944092,238.876286944092,238.876286944092,0.0,0.0,0.0,93.86807104633891
2401,1971-08-20,-145.34692704286297,51.92770948252392,135.6866833311503,-145.34692704286297,-145.34692704286297,239.23591170316703,239.23591170316703,239.23591170316703,239.23591170316703,239.23591170316703,239.23591170316703,0.0,0.0,0.0,93.88898466030406
2402,1971-08-23,-146.36306047819272,50.854831921696295,138.76356246658372,-146.36306047819272,-146.36306047819272,240.31422624378575,240.31422624378575,240.31422624378575,240.31422624378575,240.31422624378575,240.31422624378575,0.0,0.0,0.0,93.95116576559303
2403,1971-08-24,-146.70177162330262,53.3604516044388,134.3628898206273,-146.70177162330262,-146.70177162330262,240.67346854564605,240.67346854564605,240.67346854564605,240.67346854564605,240.67346854564605,240.67346854564605,0.0,0.0,0.0,93.97169692234343
2404,1971-08-25,-147.04048276841252,51.647004518682984,135.5524756553548,-147.04048276841252,-147.04048276841252,241.03260823437242,241.03260823437242,241.03260823437242,241.03260823437242,241.03260823437242,241.03260823437242,0.0,0.0,0.0,93.9921254659599
2405,1971-08-26,-147.37919391352244,52.765142845895355,136.4423977727924,-147.37919391352244,-147.37919391352244,241.39164249104456,241.39164249104456,241.39164249104456,241.39164249104456,241.39164249104456,241.39164249104456,0.0,0.0,0.0,94.01244857752212
2406,1971-08-27,-147.71790505863234,50.9065785250199,135.12126267341228,-147.71790505863234,-147.71790505863234,241.75056848704023,241.75056848704023,241.75056848704023,241.75056848704023,241.75056848704023,241.75056848704023,0.0,0.0,0.0,94.03266342840789
2407,1971-08-30,-148.7340384939621,53.072573659142364,136.41388142747167,-148.7340384939621,-148.7340384939621,242.8266684791224,242.8266684791224,242.8266684791224,242.8266684791224,242.8266684791224,242.8266684791224,0.0,0.0,0.0,94.0926299851603
2408,1971-08-31,-149.072749639072,54.15384316240483,134.0502337096872,-149.072749639072,-149.072749639072,243.18513295199764,243.18513295199764,243.18513295199764,243.18513295199764,243.18513295199764,243.18513295199764,0.0,0.0,0.0,94.11238331292566
2409,1971-09-01,-149.4114607841819,52.54118774313578,135.87428849698773,-149.4114607841819,-149.4114607841819,243.54347487540733,243.54347487540733,243.54347487540733,243.54347487540733,243.54347487540733,243.54347487540733,0.0,0.0,0.0,94.13201409122541
2410,1971-09-02,-149.7501719292918,50.00039443298414,137.58860862098686,-149.7501719292918,-149.7501719292918,243.90169136243156,243.90169136243156,243.90169136243156,243.90169136243156,243.90169136243156,243.90169136243156,0.0,0.0,0.0,94.15151943313975
2411,1971-09-03,-150.08888307440174,51.611387003137686,139.94713820676506,-150.08888307440174,-150.08888307440174,244.25977951642187,244.25977951642187,244.25977951642187,244.25977951642187,244.25977951642187,244.25977951642187,0.0,0.0,0.0,94.17089644202014
2412,1971-09-07,-151.44372765484135,50.26992147517193,139.2801133168777,-151.44372765484135,-151.44372765484135,245.69079052840604,245.69079052840604,245.69079052840604,245.69079052840604,245.69079052840604,245.69079052840604,0.0,0.0,0.0,94.24706287356469
2413,1971-09-08,-151.78243879995128,54.10997790974751,136.27122352044665,-151.78243879995128,-151.78243879995128,246.04819322679325,246.04819322679325,246.04819322679325,246.04819322679325,246.04819322679325,246.04819322679325,0.0,0.0,0.0,94.26575442684197
2414,1971-09-09,-152.12114994506135,50.239763938800635,135.20485115560683,-152.12114994506135,-152.12114994506135,246.40545000779585,246.40545000779585,246.40545000779585,246.40545000779585,246.40545000779585,246.40545000779585,0.0,0.0,0.0,94.2843000627345
2415,1971-09-10,-152.45986109017127,55.66637356798413,134.05845714265476,-152.45986109017127,-152.45986109017127,246.76255790658965,246.76255790658965,246.76255790658965,246.76255790658965,246.76255790658965,246.76255790658965,0.0,0.0,0.0,94.30269681641838
2416,1971-09-13,-153.475994525501,50.153049376495524,134.2269447385209,-153.475994525501,-153.475994525501,247.83295851525065,247.83295851525065,247.83295851525065,247.83295851525065,247.83295851525065,247.83295851525065,0.0,0.0,0.0,94.35696398974966
2417,1971-09-14,-153.81470567061092,53.92634538274726,134.70457198652332,-153.81470567061092,-153.81470567061092,248.18944104199005,248.18944104199005,248.18944104199005,248.18944104199005,248.18944104199005,248.18944104199005,0.0,0.0,0.0,94.37473537137913
2418,1971-09-15,-154.15341681572065,53.01334635847249,132.15499946619272,-154.15341681572065,-154.15341681572065,248.5457597161556,248.5457597161556,248.5457597161556,248.5457597161556,248.5457597161556,248.5457597161556,0.0,0.0,0.0,94.39234290043495
2419,1971-09-16,-154.49212796083054,53.0181543023452,135.09632952169414,-154.49212796083054,-154.49212796083054,248.90191151441735,248.90191151441735,248.90191151441735,248.90191151441735,248.90191151441735,248.90191151441735,0.0,0.0,0.0,94.4097835535868
2420,1971-09-17,-154.83083910594064,50.20818188086423,134.0302522334325,-154.83083910594064,-154.83083910594064,249.25789340369178,249.25789340369178,249.25789340369178,249.25789340369178,249.25789340369178,249.25789340369178,0.0,0.0,0.0,94.42705429775114
2421,1971-09-20,-155.8469725412702,51.1379904159604,138.95685210450296,-155.8469725412702,-155.8469725412702,250.32478914044125,250.32478914044125,250.32478914044125,250.32478914044125,250.32478914044125,250.32478914044125,0.0,0.0,0.0,94.47781659917106
2422,1971-09-21,-156.1856836863803,54.31575702650076,134.20433719634727,-156.1856836863803,-156.1856836863803,250.68006086784578,250.68006086784578,250.68006086784578,250.68006086784578,250.68006086784578,250.68006086784578,0.0,0.0,0.0,94.4943771814655
2423,1971-09-22,-156.52439483149018,55.27607493582423,137.65316137505005,-156.52439483149016,-156.52439483149016,251.03514737453312,251.03514737453312,251.03514737453312,251.03514737453312,251.03514737453312,251.03514737453312,0.0,0.0,0.0,94.51075254304294
2424,1971-09-23,-156.86310597659994,53.580278087041414,135.22921745082505,-156.86310597659994,-156.86310597659994,251.39004556889722,251.39004556889722,251.39004556889722,251.39004556889722,251.39004556889722,251.39004556889722,0.0,0.0,0.0,94.52693959229728
2425,1971-09-24,-157.20181712171,52.50166442691051,136.73002129743722,-157.20181712171,-157.20181712171,251.74475234958047,251.74475234958047,251.74475234958047,251.74475234958047,251.74475234958047,251.74475234958047,0.0,0.0,0.0,94.54293522787046
2426,1971-09-27,-158.21795055703976,52.82254893088438,135.56263266239543,-158.21795055703976,-158.21795055703976,252.80769304972173,252.80769304972173,252.80769304972173,252.80769304972173,252.80769304972173,252.80769304972173,0.0,0.0,0.0,94.58974249268198
2427,1971-09-28,-158.55666170214965,52.0233649278189,137.9413932108538,-158.55666170214965,-158.55666170214965,253.16160296711993,253.16160296711993,253.16160296711993,253.16160296711993,253.16160296711993,253.16160296711993,0.0,0.0,0.0,94.60494126497028
2428,1971-09-29,-158.89537284725955,52.78557902087345,135.69399258079406,-158.89537284725955,-158.89537284725955,253.51530581782467,253.51530581782467,253.51530581782467,253.51530581782467,253.51530581782467,253.51530581782467,0.0,0.0,0.0,94.61993297056512
2429,1971-09-30,-159.23408399236948,52.554046508236866,137.52411742785245,-159.23408399236948,-159.23408399236948,253.86879844200132,253.86879844200132,253.86879844200132,253.86879844200132,253.86879844200132,253.86879844200132,0.0,0.0,0.0,94.63471444963184
2430,1971-10-01,-159.57279513747937,51.89643954932344,135.57500266273058,-159.57279513747937,-159.57279513747937,254.22207767007689,254.22207767007689,254.22207767007689,254.22207767007689,254.22207767007689,254.22207767007689,0.0,0.0,0.0,94.64928253259751
2431,1971-10-04,-160.58892857280912,52.11241613846124,134.36295244205735,-160.58892857280912,-160.58892857280912,255.28060313594384,255.28060313594384,255.28060313594384,255.28060313594384,255.28060313594384,255.28060313594384,0.0,0.0,0.0,94.69167456313471
2432,1971-10-05,-160.92763971791902,57.037067544519736,134.19455477457447,-160.92763971791902,-160.92763971791902,255.63299688921043,255.63299688921043,255.63299688921043,255.63299688921043,255.63299688921043,255.63299688921043,0.0,0.0,0.0,94.70535717129141
2433,1971-10-06,-161.26635086302895,50.243682333393906,137.073719973215,-161.26635086302895,-161.26635086302895,255.98516125253437,255.98516125253437,255.98516125253437,255.98516125253437,255.98516125253437,255.98516125253437,0.0,0.0,0.0,94.71881038950542
2434,1971-10-07,-161.60506200813884,53.59000701457136,138.03831070986635,-161.60506200813884,-161.60506200813884,256.3370929979761,256.3370929979761,256.3370929979761,256.3370929979761,256.3370929979761,256.3370929979761,0.0,0.0,0.0,94.73203098983723
2435,1971-10-08,-161.94377315324877,52.33953675753986,136.84034346069203,-161.94377315324877,-161.94377315324877,256.68878888788157,256.68878888788157,256.68878888788157,256.68878888788157,256.68878888788157,256.68878888788157,0.0,0.0,0.0,94.7450157346328
2436,1971-10-11,-162.9599065885785,55.677798870596504,135.1531928559064,-162.95990658857852,-162.95990658857852,257.7424289022148,257.7424289022148,257.7424289022148,257.7424289022148,257.7424289022148,257.7424289022148,0.0,0.0,0.0,94.78252231363629
2437,1971-10-12,-163.2986177336884,50.42834019265147,135.9502318203383,-163.2986177336884,-163.2986177336884,258.0931487993013,258.0931487993013,258.0931487993013,258.0931487993013,258.0931487993013,258.0931487993013,0.0,0.0,0.0,94.79453106561289
2438,1971-10-13,-163.63732887879848,52.685809826550795,134.38834411436335,-163.63732887879848,-163.63732887879848,258.44361650702393,258.44361650702393,258.44361650702393,258.44361650702393,258.44361650702393,258.44361650702393,0.0,0.0,0.0,94.80628762822545
2439,1971-10-14,-163.9760400239082,54.02859846713482,137.8890517317298,-163.9760400239082,-163.9760400239082,258.7938287295414,258.7938287295414,258.7938287295414,258.7938287295414,258.7938287295414,258.7938287295414,0.0,0.0,0.0,94.8177887056332
2440,1971-10-15,-164.31475116901814,52.04310589930228,135.95238000006964,-164.31475116901814,-164.31475116901814,259.14378216133343,259.14378216133343,259.14378216133343,259.14378216133343,259.14378216133343,259.14378216133343,0.0,0.0,0.0,94.8290309923153
2441,1971-10-18,-165.33088460434786,53.56647324497471,135.1408017703368,-165.33088460434786,-165.33088460434786,260.192056512099,260.192056512099,260.192056512099,260.192056512099,260.192056512099,260.192056512099,0.0,0.0,0.0,94.86117190775113
2442,1971-10-19,-165.66959574945778,53.16937166464134,134.92376058285254,-165.66959574945778,-165.66959574945778,260.54094153242534,260.54094153242534,260.54094153242534,260.54094153242534,260.54094153242534,260.54094153242534,0.0,0.0,0.0,94.87134578296755
2443,1971-10-20,-166.00830689456768,55.33693800252298,139.20737242109206,-166.00830689456768,-166.00830689456768,260.8895510894621,260.8895510894621,260.8895510894621,260.8895510894621,260.8895510894621,260.8895510894621,0.0,0.0,0.0,94.8812441948944
2444,1971-10-21,-166.34701803967778,56.3843768895669,137.9322635489517,-166.34701803967778,-166.34701803967778,261.2378818197515,261.2378818197515,261.2378818197515,261.2378818197515,261.2378818197515,261.2378818197515,0.0,0.0,0.0,94.89086378007374
2445,1971-10-22,-166.6857291847875,52.995643237895166,133.33059183620352,-166.6857291847875,-166.6857291847875,261.58593035020493,261.58593035020493,261.58593035020493,261.58593035020493,261.58593035020493,261.58593035020493,0.0,0.0,0.0,94.90020116541743
2446,1971-10-25,-167.7018626201174,51.38264466503115,137.31768607061358,-167.7018626201174,-167.7018626201174,262.6283488673597,262.6283488673597,262.6283488673597,262.6283488673597,262.6283488673597,262.6283488673597,0.0,0.0,0.0,94.92648624724231
2447,1971-10-26,-168.04057376522732,56.80338882655153,138.69759913033295,-168.04057376522732,-168.04057376522732,262.97523467523735,262.97523467523735,262.97523467523735,262.97523467523735,262.97523467523735,262.97523467523735,0.0,0.0,0.0,94.93466091001002
2448,1971-10-27,-168.37928491033705,51.43103403477988,135.2927180938608,-168.37928491033705,-168.37928491033705,263.3218212736509,263.3218212736509,263.3218212736509,263.3218212736509,263.3218212736509,263.3218212736509,0.0,0.0,0.0,94.94253636331388
2449,1971-10-28,-168.71799605544714,53.733587982464925,138.0927194517124,-168.71799605544714,-168.71799605544714,263.6681052318981,263.6681052318981,263.6681052318981,263.6681052318981,263.6681052318981,263.6681052318981,0.0,0.0,0.0,94.95010917645095
2450,1971-10-29,-169.05670720055704,51.50555066477198,138.76674451943043,-169.056707200557,-169.056707200557,264.0140831097061,264.0140831097061,264.0140831097061,264.0140831097061,264.0140831097061,264.0140831097061,0.0,0.0,0.0,94.95737590914908
2451,1971-11-01,-170.0728406358868,50.7293558591131,136.33268130767976,-170.0728406358868,-170.0728406358868,265.05014571440773,265.05014571440773,265.05014571440773,265.05014571440773,265.05014571440773,265.05014571440773,0.0,0.0,0.0,94.97730507852094
2452,1971-11-02,-170.4115517809967,53.95119363284637,135.41619639547977,-170.4115517809967,-170.4115517809967,265.39486467665665,265.39486467665665,265.39486467665665,265.39486467665665,265.39486467665665,265.39486467665665,0.0,0.0,0.0,94.98331289565996
2453,1971-11-03,-170.75026292610661,51.95393428571926,137.18693443323144,-170.75026292610661,-170.75026292610661,265.7392602138868,265.7392602138868,265.7392602138868,265.7392602138868,265.7392602138868,265.7392602138868,0.0,0.0,0.0,94.98899728778017
2454,1971-11-04,-171.08897407121634,53.84375302063742,141.16934663285937,-171.08897407121634,-171.08897407121634,266.0833288286129,266.0833288286129,266.0833288286129,266.0833288286129,266.0833288286129,266.0833288286129,0.0,0.0,0.0,94.99435475739654
2455,1971-11-05,-171.4276852163264,52.8554574729621,136.879648379959,-171.42768521632644,-171.42768521632644,266.4270670138518,266.4270670138518,266.4270670138518,266.4270670138518,266.4270670138518,266.4270670138518,0.0,0.0,0.0,94.99938179752539
2456,1971-11-08,-172.443818651656,57.99455351792548,138.6690917936685,-172.443818651656,-172.443818651656,267.4562637805987,267.4562637805987,267.4562637805987,267.4562637805987,267.4562637805987,267.4562637805987,0.0,0.0,0.0,95.01244512894272
2457,1971-11-09,-172.78252979676606,51.058418096276505,135.554964548795,-172.78252979676606,-172.78252979676606,267.7986449885206,267.7986449885206,267.7986449885206,267.7986449885206,267.7986449885206,267.7986449885206,0.0,0.0,0.0,95.01611519175455
2458,1971-11-10,-173.12124094187598,55.11645757333074,137.41717784209598,-173.12124094187598,-173.12124094187598,268.1406780899931,268.1406780899931,268.1406780899931,268.1406780899931,268.1406780899931,268.1406780899931,0.0,0.0,0.0,95.01943714811713
2459,1971-11-11,-173.45995208698588,51.13929406066628,136.93924067755916,-173.45995208698588,-173.45995208698588,268.48235952130096,268.48235952130096,268.48235952130096,268.48235952130096,268.48235952130096,268.48235952130096,0.0,0.0,0.0,95.02240743431508
2460,1971-11-12,-173.7986632320958,50.13103364354012,134.7327589203738,-173.7986632320958,-173.7986632320958,268.8236857093185,268.8236857093185,268.8236857093185,268.8236857093185,268.8236857093185,268.8236857093185,0.0,0.0,0.0,95.0250224772227
2461,1971-11-15,-174.81479666742553,53.30292206523931,138.95689774954582,-174.81479666742553,-174.81479666742553,269.84549694149786,269.84549694149786,269.84549694149786,269.84549694149786,269.84549694149786,269.84549694149786,0.0,0.0,0.0,95.03070027407233
2462,1971-11-16,-175.15350781253542,56.388023855624226,136.7277446472605,-175.15350781253542,-175.15350781253542,270.1853662373633,270.1853662373633,270.1853662373633,270.1853662373633,270.1853662373633,270.1853662373633,0.0,0.0,0.0,95.0318584248279
2463,1971-11-17,-175.49221895764535,53.281293431551894,136.9150335100459,-175.49221895764538,-175.49221895764538,270.52486228363347,270.52486228363347,270.52486228363347,270.52486228363347,270.52486228363347,270.52486228363347,0.0,0.0,0.0,95.03264332598812
2464,1971-11-18,-175.83093010275525,53.19360659836839,133.00825816360728,-175.83093010275525,-175.83093010275525,270.8639814510134,270.8639814510134,270.8639814510134,270.8639814510134,270.8639814510134,270.8639814510134,0.0,0.0,0.0,95.03305134825814
2465,1971-11-19,-176.16964124786517,50.53436492768245,134.78757394894498,-176.16964124786517,-176.16964124786517,271.2027201008973,271.2027201008973,271.2027201008973,271.2027201008973,271.2027201008973,271.2027201008973,0.0,0.0,0.0,95.03307885303212
2466,1971-11-22,-177.1857746831949,50.07788962712802,136.54844594005286,-177.1857746831949,-177.1857746831949,272.21661642020337,272.21661642020337,272.21661642020337,272.21661642020337,272.21661642020337,272.21661642020337,0.0,0.0,0.0,95.03084173700847
2467,1971-11-23,-177.52448582830482,54.367708936737735,134.11476476320166,-177.52448582830482,-177.52448582830482,272.5537964284052,272.5537964284052,272.5537964284052,272.5537964284052,272.5537964284052,272.5537964284052,0.0,0.0,0.0,95.02931060010036
2468,1971-11-24,-177.86319697341472,52.102104770926815,133.84592547587928,-177.86319697341472,-177.86319697341472,272.89057758699164,272.89057758699164,272.89057758699164,272.89057758699164,272.89057758699164,272.89057758699164,0.0,0.0,0.0,95.02738061357692
2469,1971-11-26,-178.54061926363454,52.37518176595948,141.13862559019765,-178.54061926363454,-178.54061926363454,273.5629285696138,273.5629285696138,273.5629285696138,273.5629285696138,273.5629285696138,273.5629285696138,0.0,0.0,0.0,95.02230930597926
2470,1971-11-29,-179.55675269896426,54.33453027436732,136.64934308998818,-179.55675269896426,-179.55675269896426,274.5683710197869,274.5683710197869,274.5683710197869,274.5683710197869,274.5683710197869,274.5683710197869,0.0,0.0,0.0,95.01161832082266
2471,1971-11-30,-179.8954638440742,51.55180854913117,137.47393080890055,-179.8954638440742,-179.8954638440742,274.90268118281057,274.90268118281057,274.90268118281057,274.90268118281057,274.90268118281057,274.90268118281057,0.0,0.0,0.0,95.00721733873638
2472,1971-12-01,-180.23417498918425,55.049568718486015,134.5891181947143,-180.23417498918425,-180.23417498918425,275.236566444864,275.236566444864,275.236566444864,275.236566444864,275.236566444864,275.236566444864,0.0,0.0,0.0,95.00239145567977
2473,1971-12-02,-180.57288613429418,53.43624120738331,134.82084990183517,-180.57288613429418,-180.57288613429418,275.57002304783754,275.57002304783754,275.57002304783754,275.57002304783754,275.57002304783754,275.57002304783754,0.0,0.0,0.0,94.99713691354336
2474,1971-12-03,-180.9115972794039,52.80382953771001,136.29114122786166,-180.9115972794039,-180.9115972794039,275.90304722455625,275.90304722455625,275.90304722455625,275.90304722455625,275.90304722455625,275.90304722455625,0.0,0.0,0.0,94.99144994515234
2475,1971-12-06,-181.92773071473383,50.883203663036845,137.22247013833888,-181.92773071473383,-181.92773071473383,276.8994873898795,276.8994873898795,276.8994873898795,276.8994873898795,276.8994873898795,276.8994873898795,0.0,0.0,0.0,94.97175667514566
2476,1971-12-07,-182.26644185984355,50.522070938554876,133.7267782842658,-182.26644185984355,-182.26644185984355,277.2307440092315,277.2307440092315,277.2307440092315,277.2307440092315,277.2307440092315,277.2307440092315,0.0,0.0,0.0,94.96430214938795
2477,1971-12-08,-182.60515300495345,53.90873580741161,136.10431327030562,-182.60515300495345,-182.60515300495345,277.561549231184,277.561549231184,277.561549231184,277.561549231184,277.561549231184,277.561549231184,0.0,0.0,0.0,94.95639622623057
2478,1971-12-09,-182.94386415006355,56.58040105577831,138.32104001063794,-182.94386415006355,-182.94386415006355,277.89189923459895,277.89189923459895,277.89189923459895,277.89189923459895,277.89189923459895,277.89189923459895,0.0,0.0,0.0,94.9480350845354
2479,1971-12-10,-183.28257529517344,54.319101320249665,136.36674138263618,-183.28257529517344,-183.28257529517344,278.2217901894184,278.2217901894184,278.2217901894184,278.2217901894184,278.2217901894184,278.2217901894184,0.0,0.0,0.0,94.93921489424497
2480,1971-12-13,-184.2987087305032,53.33134097456484,137.18915264206834,-184.2987087305032,-184.2987087305032,279.2086703283879,279.2086703283879,279.2086703283879,279.2086703283879,279.2086703283879,279.2086703283879,0.0,0.0,0.0,94.90996159788469
2481,1971-12-14,-184.6374198756131,54.864038410541056,134.83677791028336,-184.6374198756131,-184.6374198756131,279.53668661062204,279.53668661062204,279.53668661062204,279.53668661062204,279.53668661062204,279.53668661062204,0.0,0.0,0.0,94.89926673500895
2482,1971-12-15,-184.97613102072285,53.182599920069705,136.10895515533267,-184.97613102072285,-184.97613102072285,279.8642245609518,279.8642245609518,279.8642245609518,279.8642245609518,279.8642245609518,279.8642245609518,0.0,0.0,0.0,94.88809354022897
2483,1971-12-16,-185.3148421658329,54.418169294168,136.46495996336014,-185.3148421658329,-185.3148421658329,280.19128029627217,280.19128029627217,280.19128029627217,280.19128029627217,280.19128029627217,280.19128029627217,0.0,0.0,0.0,94.87643813043925
2484,1971-12-17,-185.65355331094284,50.8810671122552,137.53113244308216,-185.65355331094284,-185.65355331094284,280.5178499247187,280.5178499247187,280.5178499247187,280.5178499247187,280.5178499247187,280.5178499247187,0.0,0.0,0.0,94.86429661377585
2485,1971-12-20,-186.66968674627256,53.167455933734175,137.43269819966667,-186.66968674627256,-186.66968674627256,281.4946031192903,281.4946031192903,281.4946031192903,281.4946031192903,281.4946031192903,281.4946031192903,0.0,0.0,0.0,94.82491637301771
2486,1971-12-21,-187.00839789138246,53.19744851125142,137.31795643477497,-187.00839789138246,-187.00839789138246,281.8191892272629,281.8191892272629,281.8191892272629,281.8191892272629,281.8191892272629,281.8191892272629,0.0,0.0,0.0,94.81079133588042
2487,1971-12-22,-187.34710903649238,55.890344677541094,134.12600768146874,-187.34710903649238,-187.34710903649238,282.14326963850704,282.14326963850704,282.14326963850704,282.14326963850704,282.14326963850704,282.14326963850704,0.0,0.0,0.0,94.79616060201465
2488,1971-12-23,-187.68582018160228,54.617864303814216,136.5485117225383,-187.68582018160228,-187.68582018160228,282.46684040912163,282.46684040912163,282.46684040912163,282.46684040912163,282.46684040912163,282.46684040912163,0.0,0.0,0.0,94.78102022751935
2489,1971-12-27,-189.04066476204193,53.771264771155955,139.3475816949947,-189.04066476204193,-189.04066476204193,283.75594790741604,283.75594790741604,283.75594790741604,283.75594790741604,283.75594790741604,283.75594790741604,0.0,0.0,0.0,94.71528314537412
2490,1971-12-28,-189.37937590715185,54.48648809841008,136.69978938215175,-189.37937590715185,-189.37937590715185,284.0769110168951,284.0769110168951,284.0769110168951,284.0769110168951,284.0769110168951,284.0769110168951,0.0,0.0,0.0,94.69753510974326
2491,1971-12-29,-189.71808705226175,54.24685551400732,139.52030749112117,-189.71808705226175,-189.71808705226175,284.39734064303366,284.39734064303366,284.39734064303366,284.39734064303366,284.39734064303366,284.39734064303366,0.0,0.0,0.0,94.6792535907719
2492,1971-12-30,-190.05679819737168,57.063004733744606,138.06486719113047,-190.05679819737168,-190.05679819737168,284.71723278241745,284.71723278241745,284.71723278241745,284.71723278241745,284.71723278241745,284.71723278241745,0.0,0.0,0.0,94.66043458504578
2493,1971-12-31,-190.39550934248174,53.13597319934007,134.13267570221606,-190.39550934248174,-190.39550934248174,285.03658342324206,285.03658342324206,285.03658342324206,285.03658342324206,285.03658342324206,285.03658342324206,0.0,0.0,0.0,94.64107408076032
2494,1972-01-03,-191.4116427778113,55.24356216477953,137.16742250672965,-191.4116427778113,-191.4116427778113,285.99134611106405,285.99134611106405,285.99134611106405,285.99134611106405,285.99134611106405,285.99134611106405,0.0,0.0,0.0,94.57970333325275
2495,1972-01-04,-191.7503539229214,54.71133039562135,134.957142628344,-191.7503539229214,-191.7503539229214,286.3084904728118,286.3084904728118,286.3084904728118,286.3084904728118,286.3084904728118,286.3084904728118,0.0,0.0,0.0,94.5581365498904
2496,1972-01-05,-192.08906506803112,54.9723327767906,133.94392047825775,-192.08906506803112,-192.08906506803112,286.62507315214106,286.62507315214106,286.62507315214106,286.62507315214106,286.62507315214106,286.62507315214106,0.0,0.0,0.0,94.53600808410994
2497,1972-01-06,-192.42777621314104,53.82806438868849,137.98966476377095,-192.42777621314104,-192.42777621314104,286.9410900875219,286.9410900875219,286.9410900875219,286.9410900875219,286.9410900875219,286.9410900875219,0.0,0.0,0.0,94.51331387438086
2498,1972-01-07,-192.76648735825094,53.139729098368335,135.0295528595956,-192.76648735825094,-192.76648735825094,287.2565372092428,287.2565372092428,287.2565372092428,287.2565372092428,287.2565372092428,287.2565372092428,0.0,0.0,0.0,94.49004985099188
2499,1972-01-10,-193.7826207935807,55.70031091791592,135.7085831657032,-193.7826207935807,-193.7826207935807,288.19941887326894,288.19941887326894,288.19941887326894,288.19941887326894,288.19941887326894,288.19941887326894,0.0,0.0,0.0,94.41679807968825
2500,1972-01-11,-194.1213319386906,55.518889931741924,133.82760390242646,-194.1213319386906,-194.1213319386906,288.5125458807075,288.5125458807075,288.5125458807075,288.5125458807075,288.5125458807075,288.5125458807075,0.0,0.0,0.0,94.39121394201689
2501,1972-01-12,-194.46004308380068,49.42556904426195,137.11988113164037,-194.46004308380068,-194.46004308380068,288.8250826043124,288.8250826043124,288.8250826043124,288.8250826043124,288.8250826043124,288.8250826043124,0.0,0.0,0.0,94.36503952051171
2502,1972-01-13,-194.7987542289104,52.92330026973732,133.53713467697048,-194.7987542289104,-194.7987542289104,289.13702492595155,289.13702492595155,289.13702492595155,289.13702492595155,289.13702492595155,289.13702492595155,0.0,0.0,0.0,94.33827069704114
2503,1972-01-14,-195.1374653740203,50.48205566272146,136.0463483652573,-195.1374653740203,-195.1374653740203,289.4483687195369,289.4483687195369,289.4483687195369,289.4483687195369,289.4483687195369,289.4483687195369,0.0,0.0,0.0,94.3109033455166
2504,1972-01-17,-196.15359880935023,52.70274412269424,135.87144120480218,-196.15359880935023,-196.15359880935023,290.3787675524673,290.3787675524673,290.3787675524673,290.3787675524673,290.3787675524673,290.3787675524673,0.0,0.0,0.0,94.22516874311708
2505,1972-01-18,-196.49230995445996,53.71984766482929,134.5828403099163,-196.49230995445996,-196.49230995445996,290.68767581503226,290.68767581503226,290.68767581503226,290.68767581503226,290.68767581503226,290.68767581503226,0.0,0.0,0.0,94.19536586057231
2506,1972-01-19,-196.83102109957005,54.6736915690716,134.9831586442707,-196.83102109957005,-196.83102109957005,290.9959648009601,290.9959648009601,290.9959648009601,290.9959648009601,290.9959648009601,290.9959648009601,0.0,0.0,0.0,94.16494370139006
2507,1972-01-20,-197.16973224467995,51.65976001787244,136.8727628134827,-197.16973224467995,-197.16973224467995,291.3036303371481,291.3036303371481,291.3036303371481,291.3036303371481,291.3036303371481,291.3036303371481,0.0,0.0,0.0,94.13389809246814
2508,1972-01-21,-197.50844338978987,54.64300148885188,137.6581778323001,-197.50844338978987,-197.50844338978987,291.61066824278106,291.61066824278106,291.61066824278106,291.61066824278106,291.61066824278106,291.61066824278106,0.0,0.0,0.0,94.10222485299118
2509,1972-01-24,-198.5245768251196,53.500866991192275,137.10901754425325,-198.5245768251196,-198.5245768251196,292.52797425326514,292.52797425326514,292.52797425326514,292.52797425326514,292.52797425326514,292.52797425326514,0.0,0.0,0.0,94.00339742814555
2510,1972-01-25,-198.86328797022952,52.15416864753667,135.24661682927825,-198.86328797022952,-198.86328797022952,292.8324596755404,292.8324596755404,292.8324596755404,292.8324596755404,292.8324596755404,292.8324596755404,0.0,0.0,0.0,93.96917170531088
2511,1972-01-26,-199.20199911533925,51.90221696886055,135.84255707295893,-199.20199911533925,-199.20199911533925,293.13629644876886,293.13629644876886,293.13629644876886,293.13629644876886,293.13629644876886,293.13629644876886,0.0,0.0,0.0,93.93429733342961
2512,1972-01-27,-199.54071026044932,52.81765475848821,135.57051090259114,-199.54071026044932,-199.54071026044932,293.4394803466295,293.4394803466295,293.4394803466295,293.4394803466295,293.4394803466295,293.4394803466295,0.0,0.0,0.0,93.8987700861802
2513,1972-01-28,-199.87942140555924,52.00705343071233,136.0815315781719,-199.87942140555924,-199.87942140555924,293.7420071353484,293.7420071353484,293.7420071353484,293.7420071353484,293.7420071353484,293.7420071353484,0.0,0.0,0.0,93.86258572978915
2514,1972-01-31,-200.89555484088896,51.62535911514932,136.32202426337273,-200.89555484088896,-200.89555484088896,294.6456023979424,294.6456023979424,294.6456023979424,294.6456023979424,294.6456023979424,294.6456023979424,0.0,0.0,0.0,93.75004755705345
2515,1972-02-01,-201.2342659859989,50.07192460753614,135.89657371353613,-201.2342659859989,-201.2342659859989,294.94545826466447,294.94545826466447,294.94545826466447,294.94545826466447,294.94545826466447,294.94545826466447,0.0,0.0,0.0,93.71119227866558
2516,1972-02-02,-201.5729771311088,52.60838469099249,136.86189906755266,-201.5729771311088,-201.5729771311088,295.24463574295095,295.24463574295095,295.24463574295095,295.24463574295095,295.24463574295095,295.24463574295095,0.0,0.0,0.0,93.67165861184216
2517,1972-02-03,-201.9116882762187,52.61173179331783,134.7116790737012,-201.9116882762187,-201.9116882762187,295.5431305551358,295.5431305551358,295.5431305551358,295.5431305551358,295.5431305551358,295.5431305551358,0.0,0.0,0.0,93.63144227891709
2518,1972-02-04,-202.2503994213286,52.866290115071315,134.63614823024207,-202.2503994213286,-202.2503994213286,295.8409384163778,295.8409384163778,295.8409384163778,295.8409384163778,295.8409384163778,295.8409384163778,0.0,0.0,0.0,93.5905389950492
2519,1972-02-07,-203.26653285665833,50.866918708528885,134.2404723371676,-203.26653285665833,-203.26653285665833,296.73019733927765,296.73019733927765,296.73019733927765,296.73019733927765,296.73019733927765,296.73019733927765,0.0,0.0,0.0,93.46366448261932
2520,1972-02-08,-203.60524400176826,51.61085580075552,136.81716113652328,-203.60524400176826,-203.60524400176826,297.025214406285,297.025214406285,297.025214406285,297.025214406285,297.025214406285,297.025214406285,0.0,0.0,0.0,93.41997040451673
2521,1972-02-09,-203.94395514687815,53.39745025936958,134.92360859549478,-203.94395514687815,-203.94395514687815,297.3195229919715,297.3195229919715,297.3195229919715,297.3195229919715,297.3195229919715,297.3195229919715,0.0,0.0,0.0,93.37556784509334
2522,1972-02-10,-204.28266629198808,51.735250290667615,133.4078781566747,-204.28266629198808,-204.28266629198808,297.61311876932217,297.61311876932217,297.61311876932217,297.61311876932217,297.61311876932217,297.61311876932217,0.0,0.0,0.0,93.33045247733409
2523,1972-02-11,-204.62137743709798,53.07906371656495,136.11155677952402,-204.62137743709798,-204.62137743709798,297.9059974044427,297.9059974044427,297.9059974044427,297.9059974044427,297.9059974044427,297.9059974044427,0.0,0.0,0.0,93.28461996734472
2524,1972-02-14,-205.63751087242773,51.897096739495375,134.77442520242846,-205.63751087242773,-205.63751087242773,298.7802870152033,298.7802870152033,298.7802870152033,298.7802870152033,298.7802870152033,298.7802870152033,0.0,0.0,0.0,93.1427761427756
2525,1972-02-15,-205.97622201753762,53.40392939078126,136.6738833740484,-205.97622201753762,-205.97622201753762,299.07025360640137,299.07025360640137,299.07025360640137,299.07025360640137,299.07025360640137,299.07025360640137,0.0,0.0,0.0,93.09403158886374
2526,1972-02-16,-206.31493316264755,51.725719982786615,137.11433437924333,-206.31493316264755,-206.31493316264755,299.35948128424275,299.35948128424275,299.35948128424275,299.35948128424275,299.35948128424275,299.35948128424275,0.0,0.0,0.0,93.0445481215952
2527,1972-02-17,-206.65364430775745,53.12240982818936,134.31847582509917,-206.65364430775745,-206.65364430775745,299.6479656744847,299.6479656744847,299.6479656744847,299.6479656744847,299.6479656744847,299.6479656744847,0.0,0.0,0.0,92.99432136672723
2528,1972-02-18,-206.99235545286754,52.33576148871598,134.68733048524956,-206.99235545286754,-206.99235545286754,299.9357023963177,299.9357023963177,299.9357023963177,299.9357023963177,299.9357023963177,299.9357023963177,0.0,0.0,0.0,92.94334694345017
2529,1972-02-22,-208.34720003330716,49.91453100846803,133.53477965966783,-208.34720003330716,-208.34720003330716,301.0790847561405,301.0790847561405,301.0790847561405,301.0790847561405,301.0790847561405,301.0790847561405,0.0,0.0,0.0,92.73188472283334
2530,1972-02-23,-208.6859111784171,51.24760348334616,132.63024423981534,-208.6859111784171,-208.6859111784171,301.36301719721354,301.36301719721354,301.36301719721354,301.36301719721354,301.36301719721354,301.36301719721354,0.0,0.0,0.0,92.67710601879645
2531,1972-02-24,-209.0246223235268,51.10865166691847,135.19848311592605,-209.0246223235268,-209.0246223235268,301.6461755497369,301.6461755497369,301.6461755497369,301.6461755497369,301.6461755497369,301.6461755497369,0.0,0.0,0.0,92.62155322621007
2532,1972-02-25,-209.36333346863674,50.74061906307775,131.3539959845735,-209.36333346863674,-209.36333346863674,301.9285553882496,301.9285553882496,301.9285553882496,301.9285553882496,301.9285553882496,301.9285553882496,0.0,0.0,0.0,92.56522191961287
2533,1972-02-28,-210.37946690396646,49.11750348701323,135.37174612095626,-210.37946690396646,-210.37946690396646,302.7709794726093,302.7709794726093,302.7709794726093,302.7709794726093,302.7709794726093,302.7709794726093,0.0,0.0,0.0,92.39151256864287
2534,1972-02-29,-210.71817804907636,50.477243829891584,133.79086828912796,-210.71817804907636,-210.71817804907636,303.05020087747533,303.05020087747533,303.05020087747533,303.05020087747533,303.05020087747533,303.05020087747533,0.0,0.0,0.0,92.33202282839898
2535,1972-03-01,-211.05688919418645,50.52731995070982,132.9917867541112,-211.05688919418645,-211.05688919418645,303.3286215492138,303.3286215492138,303.3286215492138,303.3286215492138,303.3286215492138,303.3286215492138,0.0,0.0,0.0,92.27173235502732
2536,1972-03-02,-211.39560033929635,51.22969066449085,132.90733279976666,-211.39560033929635,-211.39560033929635,303.6062370259879,303.6062370259879,303.6062370259879,303.6062370259879,303.6062370259879,303.6062370259879,0.0,0.0,0.0,92.21063668669157
2537,1972-03-03,-211.7343114844061,49.280402951989664,130.86938280126378,-211.7343114844061,-211.7343114844061,303.8830428400746,303.8830428400746,303.8830428400746,303.8830428400746,303.8830428400746,303.8830428400746,0.0,0.0,0.0,92.1487313556685
2538,1972-03-06,-212.750444919736,51.60142960910533,133.1316971979286,-212.750444919736,-212.750444919736,304.7085575417641,304.7085575417641,304.7085575417641,304.7085575417641,304.7085575417641,304.7085575417641,0.0,0.0,0.0,91.9581126220281
2539,1972-03-07,-213.08915606484575,50.721915970063755,130.1449757440533,-213.08915606484575,-213.08915606484575,304.9820799119473,304.9820799119473,304.9820799119473,304.9820799119473,304.9820799119473,304.9820799119473,0.0,0.0,0.0,91.89292384710157
2540,1972-03-08,-213.42786720995582,50.66437309936062,134.48657612779908,-213.42786720995582,-213.42786720995582,305.25477019434175,305.25477019434175,305.25477019434175,305.25477019434175,305.25477019434175,305.25477019434175,0.0,0.0,0.0,91.82690298438592
2541,1972-03-09,-213.76657835506575,51.8495405881779,133.91404210587805,-213.76657835506575,-213.76657835506575,305.52662388699736,305.52662388699736,305.52662388699736,305.52662388699736,305.52662388699736,305.52662388699736,0.0,0.0,0.0,91.76004553193161
2542,1972-03-10,-214.10528950017564,54.0197249854947,137.3013129684372,-214.10528950017564,-214.10528950017564,305.79763648244466,305.79763648244466,305.79763648244466,305.79763648244466,305.79763648244466,305.79763648244466,0.0,0.0,0.0,91.69234698226902
2543,1972-03-13,-215.12142293550536,49.83579244635639,129.75955104983026,-215.12142293550536,-215.12142293550536,306.6055825291886,306.6055825291886,306.6055825291886,306.6055825291886,306.6055825291886,306.6055825291886,0.0,0.0,0.0,91.48415959368324
2544,1972-03-14,-215.4601340806153,49.813434983993005,132.2001263398517,-215.46013408061532,-215.46013408061532,306.8731855526188,306.8731855526188,306.8731855526188,306.8731855526188,306.8731855526188,306.8731855526188,0.0,0.0,0.0,91.4130514720035
2545,1972-03-15,-215.7988452257252,50.19286962708524,131.56007443848432,-215.7988452257252,-215.7988452257252,307.1399248606054,307.1399248606054,307.1399248606054,307.1399248606054,307.1399248606054,307.1399248606054,0.0,0.0,0.0,91.3410796348802
2546,1972-03-16,-216.1375563708351,51.418994374295316,134.1181312630106,-216.1375563708351,-216.1375563708351,307.4057959137091,307.4057959137091,307.4057959137091,307.4057959137091,307.4057959137091,307.4057959137091,0.0,0.0,0.0,91.26823954287397
2547,1972-03-17,-216.476267515945,49.62567678949439,133.4923447378422,-216.476267515945,-216.476267515945,307.6707941673565,307.6707941673565,307.6707941673565,307.6707941673565,307.6707941673565,307.6707941673565,0.0,0.0,0.0,91.19452665141151
2548,1972-03-20,-217.49240095127476,51.85995283897313,131.49797692369003,-217.49240095127476,-217.49240095127476,308.4605066100074,308.4605066100074,308.4605066100074,308.4605066100074,308.4605066100074,308.4605066100074,0.0,0.0,0.0,90.96810565873267
2549,1972-03-21,-217.83111209638466,48.61541139389592,131.69311141660938,-217.83111209638466,-217.83111209638466,308.72196811940256,308.72196811940256,308.72196811940256,308.72196811940256,308.72196811940256,308.72196811940256,0.0,0.0,0.0,90.8908560230179
2550,1972-03-22,-218.16982324149458,52.75880278402421,134.7299202345391,-218.16982324149458,-218.16982324149458,308.98253403145605,308.98253403145605,308.98253403145605,308.98253403145605,308.98253403145605,308.98253403145605,0.0,0.0,0.0,90.81271078996147
2551,1972-03-23,-218.50853438660465,48.96294052428488,135.15674861500904,-218.50853438660465,-218.50853438660465,309.2421997719903,309.2421997719903,309.2421997719903,309.2421997719903,309.2421997719903,309.2421997719903,0.0,0.0,0.0,90.73366538538562
2552,1972-03-24,-218.84724553171438,47.93477916684334,131.75872790363437,-218.84724553171438,-218.84724553171438,309.5009607620971,309.5009607620971,309.5009607620971,309.5009607620971,309.5009607620971,309.5009607620971,0.0,0.0,0.0,90.65371523038274
2553,1972-03-27,-219.8633789670443,49.37995591530096,131.65927958478196,-219.8633789670443,-219.8633789670443,310.2717693710574,310.2717693710574,310.2717693710574,310.2717693710574,310.2717693710574,310.2717693710574,0.0,0.0,0.0,90.40839040401312
2554,1972-03-28,-220.20209011215402,48.65079341444044,130.15552267615178,-220.20209011215402,-220.20209011215402,310.5268654778376,310.5268654778376,310.5268654778376,310.5268654778376,310.5268654778376,310.5268654778376,0.0,0.0,0.0,90.32477536568356
2555,1972-03-29,-220.54080125726395,50.92603287765686,129.55717682397403,-220.54080125726395,-220.54080125726395,310.7810338707718,310.7810338707718,310.7810338707718,310.7810338707718,310.7810338707718,310.7810338707718,0.0,0.0,0.0,90.24023261350786
2556,1972-03-30,-220.87951240237385,48.42112969603273,132.3968518876889,-220.87951240237385,-220.87951240237385,311.0342699438221,311.0342699438221,311.0342699438221,311.0342699438221,311.0342699438221,311.0342699438221,0.0,0.0,0.0,90.15475754144825
2557,1972-04-03,-222.23435698281367,48.94288870954896,132.52394014344404,-222.23435698281367,-222.23435698281367,312.03779876689794,312.03779876689794,312.03779876689794,312.03779876689794,312.03779876689794,312.03779876689794,0.0,0.0,0.0,89.80344178408427
2558,1972-04-04,-222.5730681279236,48.90773763069879,130.7747257236387,-222.5730681279236,-222.5730681279236,312.28630400130135,312.28630400130135,312.28630400130135,312.28630400130135,312.28630400130135,312.28630400130135,0.0,0.0,0.0,89.71323587337776
2559,1972-04-05,-222.91177927303332,48.61231295024375,134.65552475650355,-222.91177927303332,-222.91177927303332,312.53384919127035,312.53384919127035,312.53384919127035,312.53384919127035,312.53384919127035,312.53384919127035,0.0,0.0,0.0,89.62206991823703
2560,1972-04-06,-223.25049041814322,46.30359980822346,132.97063642345637,-223.25049041814322,-223.25049041814322,312.7804297019099,312.7804297019099,312.7804297019099,312.7804297019099,312.7804297019099,312.7804297019099,0.0,0.0,0.0,89.52993928376668
2561,1972-04-07,-223.5892015632533,48.16460886280058,130.2121494403112,-223.5892015632533,-223.5892015632533,313.0260408944556,313.0260408944556,313.0260408944556,313.0260408944556,313.0260408944556,313.0260408944556,0.0,0.0,0.0,89.4368393312023
2562,1972-04-10,-224.60533499858286,45.62153706220853,129.13595879434646,-224.60533499858286,-224.60533499858286,313.7570121191862,313.7570121191862,313.7570121191862,313.7570121191862,313.7570121191862,313.7570121191862,0.0,0.0,0.0,89.15167712060332
2563,1972-04-11,-224.94404614369296,47.47278261469116,130.13232670641167,-224.94404614369296,-224.94404614369296,313.9986995765682,313.9986995765682,313.9986995765682,313.9986995765682,313.9986995765682,313.9986995765682,0.0,0.0,0.0,89.05465343287523
2564,1972-04-12,-225.28275728880286,46.654290458246756,130.99512220500523,-225.28275728880286,-225.28275728880286,314.23939446624587,314.23939446624587,314.23939446624587,314.23939446624587,314.23939446624587,314.23939446624587,0.0,0.0,0.0,88.95663717744301
2565,1972-04-13,-225.62146843391278,46.603054680977976,132.0301784333567,-225.62146843391278,-225.62146843391278,314.4790921275971,314.4790921275971,314.4790921275971,314.4790921275971,314.4790921275971,314.4790921275971,0.0,0.0,0.0,88.8576236936843
2566,1972-04-14,-225.9601795790225,47.55879526964945,128.9743145870121,-225.9601795790225,-225.9601795790225,314.71778789658674,314.71778789658674,314.71778789658674,314.71778789658674,314.71778789658674,314.71778789658674,0.0,0.0,0.0,88.75760831756423
2567,1972-04-17,-226.9763130143524,48.97069621257012,132.21958616746576,-226.9763130143524,-226.9763130143524,315.4278171592522,315.4278171592522,315.4278171592522,315.4278171592522,315.4278171592522,315.4278171592522,0.0,0.0,0.0,88.45150414489979
2568,1972-04-18,-227.31502415946215,49.318355118483055,127.36023062260142,-227.31502415946215,-227.31502415946215,315.6624586525381,315.6624586525381,315.6624586525381,315.6624586525381,315.6624586525381,315.6624586525381,0.0,0.0,0.0,88.34743449307592
2569,1972-04-19,-227.65373530457222,50.36000340882173,129.20741065174442,-227.65373530457222,-227.65373530457222,315.89607488444767,315.89607488444767,315.89607488444767,315.89607488444767,315.89607488444767,315.89607488444767,0.0,0.0,0.0,88.24233957987545
2570,1972-04-20,-227.99244644968215,48.352483553550954,128.88714783092126,-227.99244644968218,-227.99244644968218,316.1286611718851,316.1286611718851,316.1286611718851,316.1286611718851,316.1286611718851,316.1286611718851,0.0,0.0,0.0,88.13621472220294
2571,1972-04-21,-228.33115759479205,42.963347922947534,129.48404593638247,-228.33115759479205,-228.33115759479205,316.3602128288164,316.3602128288164,316.3602128288164,316.3602128288164,316.3602128288164,316.3602128288164,0.0,0.0,0.0,88.02905523402433
2572,1972-04-24,-229.3472910301218,46.81648175498859,132.05762179827514,-229.3472910301218,-229.3472910301218,317.0486131136296,317.0486131136296,317.0486131136296,317.0486131136296,317.0486131136296,317.0486131136296,0.0,0.0,0.0,87.70132208350779
2573,1972-04-25,-229.6860021752317,45.199163982514655,125.54420614305306,-229.6860021752317,-229.6860021752317,317.27597933187843,317.27597933187843,317.27597933187843,317.27597933187843,317.27597933187843,317.27597933187843,0.0,0.0,0.0,87.58997715664674
2574,1972-04-26,-230.02471332034162,49.149129192507466,131.39359226785842,-230.02471332034162,-230.02471332034162,317.5022874478247,317.5022874478247,317.5022874478247,317.5022874478247,317.5022874478247,317.5022874478247,0.0,0.0,0.0,87.47757412748308
2575,1972-04-27,-230.36342446545152,46.48192398630692,129.48896573588038,-230.36342446545152,-230.36342446545152,317.72753275927596,317.72753275927596,317.72753275927596,317.72753275927596,317.72753275927596,317.72753275927596,0.0,0.0,0.0,87.36410829382444
2576,1972-04-28,-230.70213561056144,46.681630462012535,128.0599665272028,-230.70213561056144,-230.70213561056144,317.9517105615946,317.9517105615946,317.9517105615946,317.9517105615946,317.9517105615946,317.9517105615946,0.0,0.0,0.0,87.24957495103317
2577,1972-05-01,-231.71826904589116,49.535107196815105,128.40091756901862,-231.71826904589116,-231.71826904589116,318.6177918322084,318.6177918322084,318.6177918322084,318.6177918322084,318.6177918322084,318.6177918322084,0.0,0.0,0.0,86.89952278631725
2578,1972-05-02,-232.05698019100106,46.466879432430375,126.91208021854136,-232.05698019100106,-232.05698019100106,318.83765250523413,318.83765250523413,318.83765250523413,318.83765250523413,318.83765250523413,318.83765250523413,0.0,0.0,0.0,86.78067231423307
2579,1972-05-03,-232.39569133611099,44.2790176801434,128.40612471730537,-232.39569133611099,-232.39569133611099,319.0564221117845,319.0564221117845,319.0564221117845,319.0564221117845,319.0564221117845,319.0564221117845,0.0,0.0,0.0,86.66073077567353
2580,1972-05-04,-232.73440248122088,46.63613216382443,127.72490711919549,-232.73440248122088,-232.73440248122088,319.27409593407015,319.27409593407015,319.27409593407015,319.27409593407015,319.27409593407015,319.27409593407015,0.0,0.0,0.0,86.53969345284926
2581,1972-05-05,-233.0731136263308,45.23492425112196,127.87586911663914,-233.0731136263308,-233.0731136263308,319.4906692523658,319.4906692523658,319.4906692523658,319.4906692523658,319.4906692523658,319.4906692523658,0.0,0.0,0.0,86.41755562603501
2582,1972-05-08,-234.0892470616607,45.40911221399891,128.81281424045292,-234.0892470616607,-234.0892470616607,320.13373895859286,320.13373895859286,320.13373895859286,320.13373895859286,320.13373895859286,320.13373895859286,0.0,0.0,0.0,86.04449189693216
2583,1972-05-09,-234.42795820677046,44.79451589370858,127.08927917196924,-234.42795820677048,-234.42795820677048,320.3458630275748,320.3458630275748,320.3458630275748,320.3458630275748,320.3458630275748,320.3458630275748,0.0,0.0,0.0,85.91790482080435
2584,1972-05-10,-234.76666935188035,44.96851967085943,129.7628764726234,-234.76666935188035,-234.76666935188035,320.55686296751986,320.55686296751986,320.55686296751986,320.55686296751986,320.55686296751986,320.55686296751986,0.0,0.0,0.0,85.79019361563951
2585,1972-05-11,-235.10538049699045,45.92620433238392,125.00530444637093,-235.10538049699045,-235.10538049699045,320.766734048661,320.766734048661,320.766734048661,320.766734048661,320.766734048661,320.766734048661,0.0,0.0,0.0,85.66135355167057
2586,1972-05-12,-235.44409164210035,47.41845993930499,127.61351753784257,-235.44409164210035,-235.44409164210035,320.9754715398227,320.9754715398227,320.9754715398227,320.9754715398227,320.9754715398227,320.9754715398227,0.0,0.0,0.0,85.53137989772236
2587,1972-05-15,-236.46022507743007,43.45726199554261,128.26736270038688,-236.4602250774301,-236.4602250774301,321.59483514215725,321.59483514215725,321.59483514215725,321.59483514215725,321.59483514215725,321.59483514215725,0.0,0.0,0.0,85.13461006472718
2588,1972-05-16,-236.79893622254,43.040369280057526,126.25927807601595,-236.79893622254,-236.79893622254,321.7989909361617,321.7989909361617,321.7989909361617,321.7989909361617,321.7989909361617,321.7989909361617,0.0,0.0,0.0,85.00005471362172
2589,1972-05-17,-237.13764736764972,43.404685950555276,124.443458188231,-237.13764736764972,-237.13764736764972,322.0019894658733,322.0019894658733,322.0019894658733,322.0019894658733,322.0019894658733,322.0019894658733,0.0,0.0,0.0,84.86434209822357
2590,1972-05-18,-237.47635851275965,44.49274524059149,126.27385007868102,-237.47635851275965,-237.47635851275965,322.2038259932859,322.2038259932859,322.2038259932859,322.2038259932859,322.2038259932859,322.2038259932859,0.0,0.0,0.0,84.72746748052623
2591,1972-05-19,-237.8150696578697,38.844976534756256,124.54681434025264,-237.8150696578697,-237.8150696578697,322.40449577952825,322.40449577952825,322.40449577952825,322.40449577952825,322.40449577952825,322.40449577952825,0.0,0.0,0.0,84.58942612165853
2592,1972-05-22,-238.83120309319946,40.5074291983725,126.03047951395585,-238.83120309319946,-238.83120309319946,322.9994572912067,322.9994572912067,322.9994572912067,322.9994572912067,322.9994572912067,322.9994572912067,0.0,0.0,0.0,84.16825419800722
2593,1972-05-23,-239.16991423830936,45.603933392093126,124.70166024431654,-239.16991423830936,-239.16991423830936,323.19541270952647,323.19541270952647,323.19541270952647,323.19541270952647,323.19541270952647,323.19541270952647,0.0,0.0,0.0,84.0254984712171
2594,1972-05-24,-239.50862538341926,43.06486056593458,126.35381107681492,-239.50862538341926,-239.50862538341926,323.3901776821207,323.3901776821207,323.3901776821207,323.3901776821207,323.3901776821207,323.3901776821207,0.0,0.0,0.0,83.88155229870142
2595,1972-05-25,-239.847336528529,43.450699273215626,122.57154196548294,-239.847336528529,-239.847336528529,323.58374746659837,323.58374746659837,323.58374746659837,323.58374746659837,323.58374746659837,323.58374746659837,0.0,0.0,0.0,83.73641093806935
2596,1972-05-26,-240.18604767363908,43.11854083263371,125.8208188708158,-240.18604767363908,-240.18604767363908,323.7761173202636,323.7761173202636,323.7761173202636,323.7761173202636,323.7761173202636,323.7761173202636,0.0,0.0,0.0,83.59006964662453
2597,1972-05-30,-241.54089225407873,39.920900366033656,122.35299338952909,-241.54089225407873,-241.54089225407873,324.5335025667668,324.5335025667668,324.5335025667668,324.5335025667668,324.5335025667668,324.5335025667668,0.0,0.0,0.0,82.99261031268807
2598,1972-05-31,-241.87960339918865,43.021078193062976,123.16833595258687,-241.87960339918865,-241.87960339918865,324.7198016209638,324.7198016209638,324.7198016209638,324.7198016209638,324.7198016209638,324.7198016209638,0.0,0.0,0.0,82.84019822177513
2599,1972-06-01,-242.21831454429855,42.48116391521769,123.69750461347732,-242.21831454429855,-242.21831454429855,324.9048722863428,324.9048722863428,324.9048722863428,324.9048722863428,324.9048722863428,324.9048722863428,0.0,0.0,0.0,82.68655774204427
2600,1972-06-02,-242.55702568940848,39.7387785291927,127.23400106027864,-242.55702568940848,-242.55702568940848,325.0887098203678,325.0887098203678,325.0887098203678,325.0887098203678,325.0887098203678,325.0887098203678,0.0,0.0,0.0,82.53168413095932
2601,1972-06-05,-243.5731591247382,40.615163635232705,119.63050522539147,-243.5731591247382,-243.5731591247382,325.6327762147768,325.6327762147768,325.6327762147768,325.6327762147768,325.6327762147768,325.6327762147768,0.0,0.0,0.0,82.05961709003861
2602,1972-06-06,-243.9118702698481,42.61163835540442,124.4838144129124,-243.9118702698481,-243.9118702698481,325.81163380637383,325.81163380637383,325.81163380637383,325.81163380637383,325.81163380637383,325.81163380637383,0.0,0.0,0.0,81.89976353652574
2603,1972-06-07,-244.25058141495802,43.620958367756856,120.95888888991988,-244.25058141495802,-244.25058141495802,325.9892345609364,325.9892345609364,325.9892345609364,325.9892345609364,325.9892345609364,325.9892345609364,0.0,0.0,0.0,81.73865314597836
2604,1972-06-08,-244.58929256006792,42.76129293946883,122.35970443935913,-244.58929256006792,-244.58929256006792,326.1655737393204,326.1655737393204,326.1655737393204,326.1655737393204,326.1655737393204,326.1655737393204,0.0,0.0,0.0,81.57628117925248
2605,1972-06-09,-244.92800370517784,41.49059029215973,119.14632939290726,-244.92800370517784,-244.92800370517784,326.34064660324435,326.34064660324435,326.34064660324435,326.34064660324435,326.34064660324435,326.34064660324435,0.0,0.0,0.0,81.41264289806651
2606,1972-06-12,-245.94413714050756,39.42434244947592,119.10785545435431,-245.94413714050756,-245.94413714050756,326.8582199401853,326.8582199401853,326.8582199401853,326.8582199401853,326.8582199401853,326.8582199401853,0.0,0.0,0.0,80.91408279967771
2607,1972-06-13,-246.2828482856175,41.20415375353076,120.36541570155887,-246.2828482856175,-246.2828482856175,327.02818018371687,327.02818018371687,327.02818018371687,327.02818018371687,327.02818018371687,327.02818018371687,0.0,0.0,0.0,80.74533189809938
2608,1972-06-14,-246.62155943072756,43.22803730359489,119.8524272120986,-246.62155943072756,-246.62155943072756,327.1968504373343,327.1968504373343,327.1968504373343,327.1968504373343,327.1968504373343,327.1968504373343,0.0,0.0,0.0,80.57529100660676
2609,1972-06-15,-246.96027057583728,36.64804470170259,120.06347882834328,-246.96027057583728,-246.96027057583728,327.3642259697445,327.3642259697445,327.3642259697445,327.3642259697445,327.3642259697445,327.3642259697445,0.0,0.0,0.0,80.40395539390721
2610,1972-06-16,-247.2989817209472,37.596963581576084,122.96995620087212,-247.2989817209472,-247.2989817209472,327.5303020511235,327.5303020511235,327.5303020511235,327.5303020511235,327.5303020511235,327.5303020511235,0.0,0.0,0.0,80.23132033017629
2611,1972-06-19,-248.31511515627693,36.40483051025643,118.82183766516137,-248.31511515627693,-248.31511515627693,328.0206863147286,328.0206863147286,328.0206863147286,328.0206863147286,328.0206863147286,328.0206863147286,0.0,0.0,0.0,79.70557115845168
2612,1972-06-20,-248.65382630138686,39.23471659016928,118.61960329606889,-248.65382630138686,-248.65382630138686,328.18151732622056,328.18151732622056,328.18151732622056,328.18151732622056,328.18151732622056,328.18151732622056,0.0,0.0,0.0,79.5276910248337
2613,1972-06-21,-248.9925374464971,37.47760845985032,120.31394168261043,-248.9925374464971,-248.9925374464971,328.34102526269373,328.34102526269373,328.34102526269373,328.34102526269373,328.34102526269373,328.34102526269373,0.0,0.0,0.0,79.34848781619664
2614,1972-06-22,-248.64395603277413,40.90537343394839,120.91267742631956,-248.64395603277413,-248.64395603277413,328.49920540499846,328.49920540499846,328.49920540499846,328.49920540499846,328.49920540499846,328.49920540499846,0.0,0.0,0.0,79.85524937222434
2615,1972-06-23,-248.2953746190515,36.818389575559905,119.84601612965973,-248.2953746190515,-248.2953746190515,328.65605303607606,328.65605303607606,328.65605303607606,328.65605303607606,328.65605303607606,328.65605303607606,0.0,0.0,0.0,80.36067841702456
2616,1972-06-26,-247.24963037788328,41.420930438340974,123.13449748834519,-247.24963037788328,-247.24963037788328,329.1185537246197,329.1185537246197,329.1185537246197,329.1185537246197,329.1185537246197,329.1185537246197,0.0,0.0,0.0,81.86892334673641
2617,1972-06-27,-246.90104896416048,42.88602967785799,123.07783277914237,-246.90104896416048,-246.90104896416048,329.2700241851819,329.2700241851819,329.2700241851819,329.2700241851819,329.2700241851819,329.2700241851819,0.0,0.0,0.0,82.36897522102143
2618,1972-06-28,-246.55246755043785,39.119521271343515,123.10657501098571,-246.55246755043783,-246.55246755043783,329.42013858375094,329.42013858375094,329.42013858375094,329.42013858375094,329.42013858375094,329.42013858375094,0.0,0.0,0.0,82.86767103331309
2619,1972-06-29,-246.20388613671489,43.25208168147688,129.3210967976651,-246.20388613671489,-246.20388613671489,329.5688922177148,329.5688922177148,329.5688922177148,329.5688922177148,329.5688922177148,329.5688922177148,0.0,0.0,0.0,83.3650060809999
2620,1972-06-30,-245.85530472299226,46.646478201388135,123.93057829009017,-245.85530472299226,-245.85530472299226,329.7162803871886,329.7162803871886,329.7162803871886,329.7162803871886,329.7162803871886,329.7162803871886,0.0,0.0,0.0,83.86097566419633
2621,1972-07-03,-244.80956048182387,46.26107570077035,126.49130937292125,-244.80956048182387,-244.80956048182387,330.15020515265627,330.15020515265627,330.15020515265627,330.15020515265627,330.15020515265627,330.15020515265627,0.0,0.0,0.0,85.3406446708324
2622,1972-07-05,-244.11239765437844,43.14034871374888,129.51088959748256,-244.11239765437844,-244.11239765437844,330.43257497372764,330.43257497372764,330.43257497372764,330.43257497372764,330.43257497372764,330.43257497372764,0.0,0.0,0.0,86.3201773193492
2623,1972-07-06,-243.7638162406558,44.66277493479606,126.93953889390593,-243.7638162406558,-243.7638162406558,330.57167182300753,330.57167182300753,330.57167182300753,330.57167182300753,330.57167182300753,330.57167182300753,0.0,0.0,0.0,86.80785558235172
2624,1972-07-07,-243.41523482693285,47.59305541787629,129.63205839288364,-243.41523482693285,-243.41523482693285,330.7093703927169,330.7093703927169,330.7093703927169,330.7093703927169,330.7093703927169,330.7093703927169,0.0,0.0,0.0,87.29413556578405
2625,1972-07-10,-242.36949058576462,47.75789359018642,128.7376339836854,-242.36949058576462,-242.36949058576462,331.11402969498215,331.11402969498215,331.11402969498215,331.11402969498215,331.11402969498215,331.11402969498215,0.0,0.0,0.0,88.74453910921753
2626,1972-07-11,-242.0209091720418,46.68515550278991,133.77821302779017,-242.0209091720418,-242.0209091720418,331.24608843516984,331.24608843516984,331.24608843516984,331.24608843516984,331.24608843516984,331.24608843516984,0.0,0.0,0.0,89.22517926312804
2627,1972-07-12,-241.6723277583192,45.775886723419696,131.3722447750852,-241.6723277583192,-241.6723277583192,331.3767255586985,331.3767255586985,331.3767255586985,331.3767255586985,331.3767255586985,331.3767255586985,0.0,0.0,0.0,89.70439780037933
2628,1972-07-13,-241.32374634459637,47.904912028051434,133.99543408273405,-241.32374634459637,-241.32374634459637,331.50593640960125,331.50593640960125,331.50593640960125,331.50593640960125,331.50593640960125,331.50593640960125,0.0,0.0,0.0,90.18219006500487
2629,1972-07-14,-240.97516493087358,50.70441310925568,131.24979494522591,-240.97516493087358,-240.97516493087358,331.63371633595,331.63371633595,331.63371633595,331.63371633595,331.63371633595,331.63371633595,0.0,0.0,0.0,90.65855140507642
2630,1972-07-17,-239.92942068970552,50.076893850609856,134.11662303319383,-239.92942068970552,-239.92942068970552,332.00842411098773,332.00842411098773,332.00842411098773,332.00842411098773,332.00842411098773,332.00842411098773,0.0,0.0,0.0,92.07900342128221
2631,1972-07-18,-239.58083927598256,53.266599512030666,133.2291627664817,-239.58083927598256,-239.58083927598256,332.13043390397365,332.13043390397365,332.13043390397365,332.13043390397365,332.13043390397365,332.13043390397365,0.0,0.0,0.0,92.5495946279911
2632,1972-07-19,-239.23225786225993,49.467081126658414,132.34709521277006,-239.23225786225993,-239.23225786225993,332.25098957670735,332.25098957670735,332.25098957670735,332.25098957670735,332.25098957670735,332.25098957670735,0.0,0.0,0.0,93.01873171444743
2633,1972-07-20,-238.88367644853713,53.23201894624205,135.294006920643,-238.88367644853713,-238.88367644853713,332.37008650351254,332.37008650351254,332.37008650351254,332.37008650351254,332.37008650351254,332.37008650351254,0.0,0.0,0.0,93.48641005497541
2634,1972-07-21,-238.5350950348145,50.14755000326285,135.0501836469499,-238.5350950348145,-238.5350950348145,332.4877200634268,332.4877200634268,332.4877200634268,332.4877200634268,332.4877200634268,332.4877200634268,0.0,0.0,0.0,93.95262502861232
2635,1972-07-24,-237.4893507936461,53.1938219789597,136.1259285851507,-237.4893507936461,-237.4893507936461,332.83179440495485,332.83179440495485,332.83179440495485,332.83179440495485,332.83179440495485,332.83179440495485,0.0,0.0,0.0,95.34244361130874
2636,1972-07-25,-237.1407693799233,58.832551190718185,135.72427183026858,-237.1407693799233,-237.1407693799233,332.9435283853729,332.9435283853729,332.9435283853729,332.9435283853729,332.9435283853729,332.9435283853729,0.0,0.0,0.0,95.80275900544956
2637,1972-07-26,-236.79218796620052,54.58145798432869,138.43734546703126,-236.79218796620052,-236.79218796620052,333.05377596821324,333.05377596821324,333.05377596821324,333.05377596821324,333.05377596821324,333.05377596821324,0.0,0.0,0.0,96.26158800201273
2638,1972-07-27,-236.4436065524779,56.03772382436121,136.98089811370943,-236.4436065524779,-236.4436065524779,333.16253256285086,333.16253256285086,333.16253256285086,333.16253256285086,333.16253256285086,333.16253256285086,0.0,0.0,0.0,96.71892601037297
2639,1972-07-28,-236.0950251387551,55.2158864412219,137.19033677888262,-236.0950251387551,-236.0950251387551,333.2697935840606,333.2697935840606,333.2697935840606,333.2697935840606,333.2697935840606,333.2697935840606,0.0,0.0,0.0,97.17476844530552
2640,1972-07-31,-235.04928089758687,53.87043694571567,140.21565966087337,-235.04928089758687,-235.04928089758687,333.5825574379653,333.5825574379653,333.5825574379653,333.5825574379653,333.5825574379653,333.5825574379653,0.0,0.0,0.0,98.53327654037844
2641,1972-08-01,-234.70069948386407,55.8409962839342,141.13286955468976,-234.70069948386407,-234.70069948386407,333.68379042469826,333.68379042469826,333.68379042469826,333.68379042469826,333.68379042469826,333.68379042469826,0.0,0.0,0.0,98.98309094083419
2642,1972-08-02,-234.35211807014127,57.680556617306976,140.0885856168332,-234.35211807014127,-234.35211807014127,333.7835049963619,333.7835049963619,333.7835049963619,333.7835049963619,333.7835049963619,333.7835049963619,0.0,0.0,0.0,99.43138692622063
2643,1972-08-03,-234.00353665641865,57.30080359015905,139.81098632864075,-234.00353665641865,-234.00353665641865,333.88169660222223,333.88169660222223,333.88169660222223,333.88169660222223,333.88169660222223,333.88169660222223,0.0,0.0,0.0,99.87815994580359
2644,1972-08-04,-233.65495524269585,59.722760539613155,141.3945280671815,-233.65495524269585,-233.65495524269585,333.97836069764355,333.97836069764355,333.97836069764355,333.97836069764355,333.97836069764355,333.97836069764355,0.0,0.0,0.0,100.3234054549477
2645,1972-08-07,-232.60921100152763,60.877106319674986,145.67862415100402,-232.60921100152763,-232.60921100152763,334.2591425685059,334.2591425685059,334.2591425685059,334.2591425685059,334.2591425685059,334.2591425685059,0.0,0.0,0.0,101.6499315669783
2646,1972-08-08,-232.2606295878048,59.99908232989553,143.9890832203978,-232.26062958780477,-232.26062958780477,334.3496513013059,334.3496513013059,334.3496513013059,334.3496513013059,334.3496513013059,334.3496513013059,0.0,0.0,0.0,102.08902171350113
2647,1972-08-09,-231.912048174082,61.0084274710635,145.560748124673,-231.912048174082,-231.912048174082,334.4386098954908,334.4386098954908,334.4386098954908,334.4386098954908,334.4386098954908,334.4386098954908,0.0,0.0,0.0,102.5265617214088
2648,1972-08-10,-231.5634667603592,60.17967262892708,146.13522911466,-231.5634667603592,-231.5634667603592,334.52601384513383,334.52601384513383,334.52601384513383,334.52601384513383,334.52601384513383,334.52601384513383,0.0,0.0,0.0,102.96254708477463
2649,1972-08-11,-231.21488534663658,60.021636808370666,144.21630622758028,-231.21488534663658,-231.21488534663658,334.61185865111463,334.61185865111463,334.61185865111463,334.61185865111463,334.61185865111463,334.61185865111463,0.0,0.0,0.0,103.39697330447805
2650,1972-08-14,-230.16914110546819,60.45603861737169,143.2473911646588,-230.16914110546819,-230.16914110546819,334.8599933201219,334.8599933201219,334.8599933201219,334.8599933201219,334.8599933201219,334.8599933201219,0.0,0.0,0.0,104.69085221465369
2651,1972-08-15,-229.82055969174556,63.60797979457274,145.72732275704738,-229.82055969174556,-229.82055969174556,334.9395566999542,334.9395566999542,334.9395566999542,334.9395566999542,334.9395566999542,334.9395566999542,0.0,0.0,0.0,105.11899700820865
2652,1972-08-16,-229.47197827802276,61.289134586487926,146.04969873813045,-229.47197827802276,-229.47197827802276,335.0175385461958,335.0175385461958,335.0175385461958,335.0175385461958,335.0175385461958,335.0175385461958,0.0,0.0,0.0,105.54556026817303
2653,1972-08-17,-229.12339686429996,65.22007615290715,150.0774008550922,-229.12339686429996,-229.12339686429996,335.09393440271305,335.09393440271305,335.09393440271305,335.09393440271305,335.09393440271305,335.09393440271305,0.0,0.0,0.0,105.97053753841308
2654,1972-08-18,-228.77481545057717,65.8000859374171,148.17234390684396,-228.77481545057717,-228.77481545057717,335.1687398208969,335.1687398208969,335.1687398208969,335.1687398208969,335.1687398208969,335.1687398208969,0.0,0.0,0.0,106.39392437031975
2655,1972-08-21,-227.72907120940894,65.27903405340045,147.92157548018645,-227.72907120940897,-227.72907120940897,335.38356907438566,335.38356907438566,335.38356907438566,335.38356907438566,335.38356907438566,335.38356907438566,0.0,0.0,0.0,107.65449786497672
2656,1972-08-22,-227.38048979568632,67.54780920196534,152.5570801023316,-227.38048979568632,-227.38048979568632,335.45196840724304,335.45196840724304,335.45196840724304,335.45196840724304,335.45196840724304,335.45196840724304,0.0,0.0,0.0,108.07147861155673
2657,1972-08-23,-227.03190838196352,67.2549315290512,151.74116665976115,-227.03190838196352,-227.03190838196352,335.518755175203,335.518755175203,335.518755175203,335.518755175203,335.518755175203,335.518755175203,0.0,0.0,0.0,108.4868467932395
2658,1972-08-24,-226.6833269682409,68.91314629582145,150.67071964029816,-226.6833269682409,-226.6833269682409,335.58392497697577,335.58392497697577,335.58392497697577,335.58392497697577,335.58392497697577,335.58392497697577,0.0,0.0,0.0,108.90059800873487
2659,1972-08-25,-226.33474555451792,66.31464209991577,152.951716234356,-226.33474555451792,-226.33474555451792,335.6474734195224,335.6474734195224,335.6474734195224,335.6474734195224,335.6474734195224,335.6474734195224,0.0,0.0,0.0,109.31272786500446
2660,1972-08-28,-225.2890013133497,69.73683148479843,154.76552406709126,-225.2890013133497,-225.2890013133497,335.82834678736776,335.82834678736776,335.82834678736776,335.82834678736776,335.82834678736776,335.82834678736776,0.0,0.0,0.0,110.53934547401806
2661,1972-08-29,-224.9404198996269,71.18501113243346,155.10458012713607,-224.9404198996269,-224.9404198996269,335.88536603129,335.88536603129,335.88536603129,335.88536603129,335.88536603129,335.88536603129,0.0,0.0,0.0,110.9449461316631
2662,1972-08-30,-224.59183848590428,73.48445386047842,152.29826520257635,-224.59183848590428,-224.59183848590428,335.9407420782113,335.9407420782113,335.9407420782113,335.9407420782113,335.9407420782113,335.9407420782113,0.0,0.0,0.0,111.34890359230704
2663,1972-08-31,-224.24325707218148,68.86092179519957,157.3980535696305,-224.2432570721815,-224.2432570721815,335.99447058679505,335.99447058679505,335.99447058679505,335.99447058679505,335.99447058679505,335.99447058679505,0.0,0.0,0.0,111.75121351461357
2664,1972-09-01,-223.89467565845865,68.46080347495601,151.39231602385271,-223.89467565845865,-223.89467565845865,336.04654722468996,336.04654722468996,336.04654722468996,336.04654722468996,336.04654722468996,336.04654722468996,0.0,0.0,0.0,112.1518715662313
2665,1972-09-05,-222.50035000356763,71.09028971532162,156.94053999452794,-222.50035000356763,-222.50035000356763,336.2382487427422,336.2382487427422,336.2382487427422,336.2382487427422,336.2382487427422,336.2382487427422,0.0,0.0,0.0,113.73789873917457
2666,1972-09-06,-222.15176858984483,71.03388339031193,155.5810130800555,-222.15176858984483,-222.15176858984483,336.2820013637921,336.2820013637921,336.2820013637921,336.2820013637921,336.2820013637921,336.2820013637921,0.0,0.0,0.0,114.13023277394728
2667,1972-09-07,-221.8031871761222,74.01549899056494,158.6765736655078,-221.8031871761222,-221.8031871761222,336.3240763146491,336.3240763146491,336.3240763146491,336.3240763146491,336.3240763146491,336.3240763146491,0.0,0.0,0.0,114.52088913852691
2668,1972-09-08,-221.4546057623994,73.39353618114819,156.0041788677046,-221.4546057623994,-221.4546057623994,336.36446932881927,336.36446932881927,336.36446932881927,336.36446932881927,336.36446932881927,336.36446932881927,0.0,0.0,0.0,114.90986356641986
2669,1972-09-11,-220.4088615212312,71.75972758028976,160.42275302731937,-220.4088615212312,-220.4088615212312,336.4755142344026,336.4755142344026,336.4755142344026,336.4755142344026,336.4755142344026,336.4755142344026,0.0,0.0,0.0,116.06665271317144
2670,1972-09-12,-220.0602801075084,76.11980530985326,156.18643130137363,-220.0602801075084,-220.0602801075084,336.50913703514425,336.50913703514425,336.50913703514425,336.50913703514425,336.50913703514425,336.50913703514425,0.0,0.0,0.0,116.44885692763586
2671,1972-09-13,-219.7116986937856,74.02848813347707,156.98664024585273,-219.7116986937856,-219.7116986937856,336.5410567163571,336.5410567163571,336.5410567163571,336.5410567163571,336.5410567163571,336.5410567163571,0.0,0.0,0.0,116.82935802257151
2672,1972-09-14,-219.36311728006297,73.05076498890016,154.5323377208883,-219.36311728006297,-219.36311728006297,336.5712690721461,336.5712690721461,336.5712690721461,336.5712690721461,336.5712690721461,336.5712690721461,0.0,0.0,0.0,117.20815179208313
2673,1972-09-15,-219.01453586634017,75.75800702177492,159.15674985455993,-219.01453586634017,-219.01453586634017,336.59976990709043,336.59976990709043,336.59976990709043,336.59976990709043,336.59976990709043,336.59976990709043,0.0,0.0,0.0,117.58523404075027
2674,1972-09-18,-217.96879162517195,78.55505692808791,160.1247116764536,-217.96879162517195,-217.96879162517195,336.6749614920132,336.6749614920132,336.6749614920132,336.6749614920132,336.6749614920132,336.6749614920132,0.0,0.0,0.0,118.70616986684126
2675,1972-09-19,-217.62021021144915,76.41281654833053,161.70728093662913,-217.62021021144915,-217.62021021144915,336.696574502611,336.696574502611,336.696574502611,336.696574502611,336.696574502611,336.696574502611,0.0,0.0,0.0,119.07636429116184
2676,1972-09-20,-217.27162879772635,76.23232161929243,160.29381741058003,-217.27162879772635,-217.27162879772635,336.7164551761311,336.7164551761311,336.7164551761311,336.7164551761311,336.7164551761311,336.7164551761311,0.0,0.0,0.0,119.44482637840474
2677,1972-09-21,-216.92304738400355,76.29261591549046,163.0116253288256,-216.92304738400355,-216.92304738400355,336.734599382254,336.734599382254,336.734599382254,336.734599382254,336.734599382254,336.734599382254,0.0,0.0,0.0,119.81155199825042
2678,1972-09-22,-216.57446597028093,80.4045754045897,160.99024235007408,-216.57446597028093,-216.57446597028093,336.75100300188734,336.75100300188734,336.75100300188734,336.75100300188734,336.75100300188734,336.75100300188734,0.0,0.0,0.0,120.17653703160641
2679,1972-09-25,-215.52872172911253,83.68918790692913,169.1766287992276,-215.52872172911253,-215.52872172911253,336.78972932160434,336.78972932160434,336.78972932160434,336.78972932160434,336.78972932160434,336.78972932160434,0.0,0.0,0.0,121.26100759249181
2680,1972-09-26,-215.1801403153899,79.10767153785345,163.24973784763608,-215.1801403153899,-215.1801403153899,336.7991296326817,336.7991296326817,336.7991296326817,336.7991296326817,336.7991296326817,336.7991296326817,0.0,0.0,0.0,121.61898931729178
2681,1972-09-27,-214.8315589016669,80.45470894836686,166.72710787468594,-214.8315589016669,-214.8315589016669,336.80676893399726,336.80676893399726,336.80676893399726,336.80676893399726,336.80676893399726,336.80676893399726,0.0,0.0,0.0,121.97521003233035
2682,1972-09-28,-214.48297748794428,83.23600886116523,163.22074088705253,-214.4829774879443,-214.4829774879443,336.8126431760917,336.8126431760917,336.8126431760917,336.8126431760917,336.8126431760917,336.8126431760917,0.0,0.0,0.0,122.3296656881474
2683,1972-09-29,-214.13439607422148,77.47867289259113,160.9351229608777,-214.13439607422148,-214.13439607422148,336.8167483214902,336.8167483214902,336.8167483214902,336.8167483214902,336.8167483214902,336.8167483214902,0.0,0.0,0.0,122.68235224726871
2684,1972-10-02,-213.08865183305326,84.60797950799021,166.4656164168059,-213.08865183305326,-213.08865183305326,336.8184089848073,336.8184089848073,336.8184089848073,336.8184089848073,336.8184089848073,336.8184089848073,0.0,0.0,0.0,123.72975715175406
2685,1972-10-03,-212.74007041933064,79.65970440082872,164.3057295876508,-212.74007041933064,-212.74007041933064,336.8153976121614,336.8153976121614,336.8153976121614,336.8153976121614,336.8153976121614,336.8153976121614,0.0,0.0,0.0,124.07532719283077
2686,1972-10-04,-212.39148900560784,83.4188871451482,164.83912786306442,-212.39148900560784,-212.39148900560784,336.81059713901163,336.81059713901163,336.81059713901163,336.81059713901163,336.81059713901163,336.81059713901163,0.0,0.0,0.0,124.4191081334038
2687,1972-10-05,-212.04290759188504,83.83553204703645,166.35707753463453,-212.04290759188504,-212.04290759188504,336.8040036020707,336.8040036020707,336.8040036020707,336.8040036020707,336.8040036020707,336.8040036020707,0.0,0.0,0.0,124.76109601018564
2688,1972-10-06,-211.69432617816224,80.19580548293997,163.0401747561717,-211.69432617816224,-211.69432617816224,336.79561305079596,336.79561305079596,336.79561305079596,336.79561305079596,336.79561305079596,336.79561305079596,0.0,0.0,0.0,125.10128687263372
2689,1972-10-09,-210.64858193699402,85.19721145999196,166.74478428672734,-210.64858193699402,-210.64858193699402,336.75961999901085,336.75961999901085,336.75961999901085,336.75961999901085,336.75961999901085,336.75961999901085,0.0,0.0,0.0,126.11103806201683
2690,1972-10-10,-210.30000052327122,86.4542334542628,168.43868963185878,-210.30000052327122,-210.30000052327122,336.7440021436931,336.7440021436931,336.7440021436931,336.7440021436931,336.7440021436931,336.7440021436931,0.0,0.0,0.0,126.44400162042186
2691,1972-10-11,-209.9514191095486,85.48785334175487,165.47796030993615,-209.9514191095486,-209.9514191095486,336.72656771631995,336.72656771631995,336.72656771631995,336.72656771631995,336.72656771631995,336.72656771631995,0.0,0.0,0.0,126.77514860677135
2692,1972-10-12,-209.60283769582563,83.77706990377175,170.50226991084895,-209.60283769582563,-209.60283769582563,336.7073128451079,336.7073128451079,336.7073128451079,336.7073128451079,336.7073128451079,336.7073128451079,0.0,0.0,0.0,127.10447514928225
2693,1972-10-13,-209.254256282103,84.05617097448544,170.10353606152574,-209.254256282103,-209.254256282103,336.686233671782,336.686233671782,336.686233671782,336.686233671782,336.686233671782,336.686233671782,0.0,0.0,0.0,127.43197738967902
2694,1972-10-16,-208.2085120409346,86.12916591200592,170.7486170400963,-208.2085120409346,-208.2085120409346,336.6120119612858,336.6120119612858,336.6120119612858,336.6120119612858,336.6120119612858,336.6120119612858,0.0,0.0,0.0,128.4034999203512
2695,1972-10-17,-207.85993062721198,87.69949754135355,169.0354168455355,-207.85993062721198,-207.85993062721198,336.58359727073844,336.58359727073844,336.58359727073844,336.58359727073844,336.58359727073844,336.58359727073844,0.0,0.0,0.0,128.72366664352646
2696,1972-10-18,-207.51134921348918,87.70982933735428,171.98355945324738,-207.51134921348918,-207.51134921348918,336.55333919314563,336.55333919314563,336.55333919314563,336.55333919314563,336.55333919314563,336.55333919314563,0.0,0.0,0.0,129.04198997965645
2697,1972-10-19,-207.16276779976656,85.72637290571738,171.1266981171154,-207.16276779976656,-207.16276779976656,336.52123395357444,336.52123395357444,336.52123395357444,336.52123395357444,336.52123395357444,336.52123395357444,0.0,0.0,0.0,129.35846615380788
2698,1972-10-20,-206.81418638604376,89.5611587715133,170.64220171445967,-206.81418638604376,-206.81418638604376,336.4872777913643,336.4872777913643,336.4872777913643,336.4872777913643,336.4872777913643,336.4872777913643,0.0,0.0,0.0,129.67309140532055
2699,1972-10-23,-205.7684421448755,86.8329698351105,175.24809058938868,-205.7684421448755,-205.7684421448755,336.374266378679,336.374266378679,336.374266378679,336.374266378679,336.374266378679,336.374266378679,0.0,0.0,0.0,130.6058242338035
2700,1972-10-24,-205.4198607311527,88.59168935619509,171.86655990507103,-205.4198607311527,-205.4198607311527,336.33286920858444,336.33286920858444,336.33286920858444,336.33286920858444,336.33286920858444,336.33286920858444,0.0,0.0,0.0,130.91300847743173
2701,1972-10-25,-205.0712793174299,88.1105522806406,173.10780482599256,-205.0712793174299,-205.0712793174299,336.2896025304614,336.2896025304614,336.2896025304614,336.2896025304614,336.2896025304614,336.2896025304614,0.0,0.0,0.0,131.2183232130315
2702,1972-10-26,-204.72269790370729,86.57074414702666,175.33553592828096,-204.72269790370729,-204.72269790370729,336.24446267157936,336.24446267157936,336.24446267157936,336.24446267157936,336.24446267157936,336.24446267157936,0.0,0.0,0.0,131.52176476787207
2703,1972-10-27,-204.3741164899845,89.58066298926626,175.17223935682372,-204.3741164899845,-204.3741164899845,336.1974459742451,336.1974459742451,336.1974459742451,336.1974459742451,336.1974459742451,336.1974459742451,0.0,0.0,0.0,131.82332948426063
2704,1972-10-30,-203.32837224881627,91.540441154483,172.5871946097381,-203.32837224881627,-203.32837224881627,336.0450985024491,336.0450985024491,336.0450985024491,336.0450985024491,336.0450985024491,336.0450985024491,0.0,0.0,0.0,132.71672625363283
2705,1972-10-31,-202.9797908350933,89.40926145793944,176.38566416669045,-202.9797908350933,-202.9797908350933,335.9905381789412,335.9905381789412,335.9905381789412,335.9905381789412,335.9905381789412,335.9905381789412,0.0,0.0,0.0,133.01074734384792
2706,1972-11-01,-202.63120942137067,91.96528728199843,174.26447687570038,-202.63120942137067,-202.63120942137067,335.9340829578962,335.9340829578962,335.9340829578962,335.9340829578962,335.9340829578962,335.9340829578962,0.0,0.0,0.0,133.3028735365255
2707,1972-11-02,-202.28262800764787,90.6380655161573,173.84003018103283,-202.28262800764787,-202.28262800764787,335.8757292741371,335.8757292741371,335.8757292741371,335.8757292741371,335.8757292741371,335.8757292741371,0.0,0.0,0.0,133.5931012664892
2708,1972-11-03,-201.93404659392525,92.78340769982663,174.26810548658506,-201.93404659392525,-201.93404659392525,335.8154735782885,335.8154735782885,335.8154735782885,335.8154735782885,335.8154735782885,335.8154735782885,0.0,0.0,0.0,133.88142698436326
2709,1972-11-06,-200.88830235275685,90.36144510964404,176.4940601685708,-200.88830235275685,-200.88830235275685,335.62325916375835,335.62325916375835,335.62325916375835,335.62325916375835,335.62325916375835,335.62325916375835,0.0,0.0,0.0,134.7349568110015
2710,1972-11-08,-200.19113952531126,91.81822124963641,176.0390025558994,-200.19113952531126,-200.19113952531126,335.48554180938106,335.48554180938106,335.48554180938106,335.48554180938106,335.48554180938106,335.48554180938106,0.0,0.0,0.0,135.2944022840698
2711,1972-11-09,-199.84255811158863,94.0208765684937,174.44469978639094,-199.84255811158863,-199.84255811158863,335.41380040271133,335.41380040271133,335.41380040271133,335.41380040271133,335.41380040271133,335.41380040271133,0.0,0.0,0.0,135.5712422911227
2712,1972-11-10,-199.493976697866,93.0202967128411,181.27277503859355,-199.493976697866,-199.493976697866,335.3401325899109,335.3401325899109,335.3401325899109,335.3401325899109,335.3401325899109,335.3401325899109,0.0,0.0,0.0,135.84615589204492
2713,1972-11-13,-198.4482324566976,94.74439329884044,179.92591099532544,-198.4482324566976,-198.4482324566976,335.1075366082901,335.1075366082901,335.1075366082901,335.1075366082901,335.1075366082901,335.1075366082901,0.0,0.0,0.0,136.6593041515925
2714,1972-11-14,-198.09965104297498,95.8193784941664,182.03092210785556,-198.09965104297498,-198.09965104297498,335.02612914886913,335.02612914886913,335.02612914886913,335.02612914886913,335.02612914886913,335.02612914886913,0.0,0.0,0.0,136.92647810589415
2715,1972-11-15,-197.751069629252,97.426115684069,178.37494063352574,-197.751069629252,-197.751069629252,334.9427783569856,334.9427783569856,334.9427783569856,334.9427783569856,334.9427783569856,334.9427783569856,0.0,0.0,0.0,137.19170872773364
2716,1972-11-16,-197.4024882155294,92.22135756396385,181.06985338722737,-197.4024882155294,-197.4024882155294,334.857480898583,334.857480898583,334.857480898583,334.857480898583,334.857480898583,334.857480898583,0.0,0.0,0.0,137.4549926830536
2717,1972-11-17,-197.05390680180656,97.07372219274097,178.62038424570258,-197.05390680180656,-197.05390680180656,334.77023345692686,334.77023345692686,334.77023345692686,334.77023345692686,334.77023345692686,334.77023345692686,0.0,0.0,0.0,137.7163266551203
2718,1972-11-20,-196.00816256063834,93.18828396162122,178.75297835647007,-196.00816256063834,-196.00816256063834,334.4967583272065,334.4967583272065,334.4967583272065,334.4967583272065,334.4967583272065,334.4967583272065,0.0,0.0,0.0,138.48859576656818
2719,1972-11-21,-195.65958114691554,96.19954114111896,179.27550378082756,-195.65958114691554,-195.65958114691554,334.40167813543087,334.40167813543087,334.40167813543087,334.40167813543087,334.40167813543087,334.40167813543087,0.0,0.0,0.0,138.74209698851533
2720,1972-11-22,-195.31099973319292,96.62402546513991,178.49468232656557,-195.31099973319292,-195.31099973319292,334.30463164035245,334.30463164035245,334.30463164035245,334.30463164035245,334.30463164035245,334.30463164035245,0.0,0.0,0.0,138.99363190715954
2721,1972-11-24,-194.61383690574732,96.08952335116747,181.45366108845496,-194.61383690574732,-194.61383690574732,334.1046269162429,334.1046269162429,334.1046269162429,334.1046269162429,334.1046269162429,334.1046269162429,0.0,0.0,0.0,139.4907900104956
2722,1972-11-27,-193.56809266457893,102.03309517469086,178.91694687531685,-193.5680926645789,-193.5680926645789,333.78979288182916,333.78979288182916,333.78979288182916,333.78979288182916,333.78979288182916,333.78979288182916,0.0,0.0,0.0,140.22170021725023
2723,1972-11-28,-193.2195112508563,100.31163794256976,180.98886397780734,-193.21951125085633,-193.21951125085633,333.6808817822749,333.6808817822749,333.6808817822749,333.6808817822749,333.6808817822749,333.6808817822749,0.0,0.0,0.0,140.46137053141862
2724,1972-11-29,-192.8709298371335,93.6089586759428,179.93141407817538,-192.8709298371335,-192.8709298371335,333.5699822890955,333.5699822890955,333.5699822890955,333.5699822890955,333.5699822890955,333.5699822890955,0.0,0.0,0.0,140.699052451962
2725,1972-11-30,-192.5223484234107,100.39888976437855,181.53646010197062,-192.5223484234107,-192.5223484234107,333.45709132055794,333.45709132055794,333.45709132055794,333.45709132055794,333.45709132055794,333.45709132055794,0.0,0.0,0.0,140.93474289714723
2726,1972-12-01,-192.17376700968808,101.70464286678776,185.3369389564129,-192.17376700968808,-192.17376700968808,333.34220581375706,333.34220581375706,333.34220581375706,333.34220581375706,333.34220581375706,333.34220581375706,0.0,0.0,0.0,141.16843880406898
2727,1972-12-04,-191.12802276851968,101.56793281203402,180.26206335402816,-191.12802276851968,-191.12802276851968,332.98555171937744,332.98555171937744,332.98555171937744,332.98555171937744,332.98555171937744,332.98555171937744,0.0,0.0,0.0,141.85752895085776
2728,1972-12-05,-190.77944135479706,101.90931009576047,182.66732954555738,-190.77944135479706,-190.77944135479706,332.8626578107563,332.8626578107563,332.8626578107563,332.8626578107563,332.8626578107563,332.8626578107563,0.0,0.0,0.0,142.08321645595922
2729,1972-12-06,-190.43085994107426,98.74143198275429,185.93552414673218,-190.43085994107426,-190.43085994107426,332.7377543354901,332.7377543354901,332.7377543354901,332.7377543354901,332.7377543354901,332.7377543354901,0.0,0.0,0.0,142.30689439441582
2730,1972-12-07,-190.08227852735163,102.29906680028381,184.7964900771911,-190.08227852735163,-190.08227852735163,332.6108383458751,332.6108383458751,332.6108383458751,332.6108383458751,332.6108383458751,332.6108383458751,0.0,0.0,0.0,142.52855981852346
2731,1972-12-08,-189.73369711362866,102.90363653471452,182.6636842308,-189.73369711362866,-189.73369711362866,332.4819069137791,332.4819069137791,332.4819069137791,332.4819069137791,332.4819069137791,332.4819069137791,0.0,0.0,0.0,142.74820980015042
2732,1972-12-11,-188.6879528724606,100.40325443325546,187.48182259742043,-188.6879528724606,-188.6879528724606,332.08299097707027,332.08299097707027,332.08299097707027,332.08299097707027,332.08299097707027,332.08299097707027,0.0,0.0,0.0,143.39503810460965
2733,1972-12-12,-188.33937145873762,105.12894014412768,183.88843976426756,-188.33937145873762,-188.33937145873762,331.9459688888498,331.9459688888498,331.9459688888498,331.9459688888498,331.9459688888498,331.9459688888498,0.0,0.0,0.0,143.60659743011217
2734,1972-12-13,-187.990790045015,102.90008198992994,185.48614872770185,-187.990790045015,-187.990790045015,331.8069170147505,331.8069170147505,331.8069170147505,331.8069170147505,331.8069170147505,331.8069170147505,0.0,0.0,0.0,143.81612696973554
2735,1972-12-14,-187.6422086312922,99.62946365451606,184.15045979243632,-187.6422086312922,-187.6422086312922,331.6658325462818,331.6658325462818,331.6658325462818,331.6658325462818,331.6658325462818,331.6658325462818,0.0,0.0,0.0,144.02362391498963
2736,1972-12-15,-187.2936272175694,104.51974084935404,187.54166226963414,-187.2936272175694,-187.2936272175694,331.522712695261,331.522712695261,331.522712695261,331.522712695261,331.522712695261,331.522712695261,0.0,0.0,0.0,144.22908547769163
2737,1972-12-18,-186.24788297640117,102.90890079557767,183.06690543540165,-186.24788297640117,-186.24788297640117,331.0811132718642,331.0811132718642,331.0811132718642,331.0811132718642,331.0811132718642,331.0811132718642,0.0,0.0,0.0,144.833230295463
2738,1972-12-19,-185.89930156267837,105.39976226109168,186.34472938303716,-185.89930156267837,-185.89930156267837,330.9298244186124,330.9298244186124,330.9298244186124,330.9298244186124,330.9298244186124,330.9298244186124,0.0,0.0,0.0,145.030522855934
2739,1972-12-20,-185.55072014895575,107.40110241297681,187.5348184885858,-185.55072014895575,-185.55072014895575,330.77648655015986,330.77648655015986,330.77648655015986,330.77648655015986,330.77648655015986,330.77648655015986,0.0,0.0,0.0,145.2257664012041
2740,1972-12-21,-185.20213873523295,101.42536385459134,186.62228968431353,-185.20213873523295,-185.20213873523295,330.62109700235777,330.62109700235777,330.62109700235777,330.62109700235777,330.62109700235777,330.62109700235777,0.0,0.0,0.0,145.41895826712482
2741,1972-12-22,-184.85355732151032,104.39671775122359,186.75313063676649,-184.85355732151032,-184.85355732151032,330.4636531320925,330.4636531320925,330.4636531320925,330.4636531320925,330.4636531320925,330.4636531320925,0.0,0.0,0.0,145.61009581058215
2742,1972-12-26,-183.4592316666193,103.98335509665996,188.91116484576654,-183.4592316666193,-183.4592316666193,329.81328230613366,329.81328230613366,329.81328230613366,329.81328230613366,329.81328230613366,329.81328230613366,0.0,0.0,0.0,146.35405063951436
2743,1972-12-27,-183.11065025289633,106.78222603875739,191.9880888288848,-183.11065025289633,-183.11065025289633,329.6455279202931,329.6455279202931,329.6455279202931,329.6455279202931,329.6455279202931,329.6455279202931,0.0,0.0,0.0,146.53487766739676
2744,1972-12-29,-182.4134874254509,106.48739154463672,188.9307369180399,-182.4134874254509,-182.4134874254509,329.3038074546994,329.3038074546994,329.3038074546994,329.3038074546994,329.3038074546994,329.3038074546994,0.0,0.0,0.0,146.89032002924847
2745,1973-01-02,-181.0191617705599,106.68077174386663,192.46030403169559,-181.0191617705599,-181.0191617705599,328.5954507112002,328.5954507112002,328.5954507112002,328.5954507112002,328.5954507112002,328.5954507112002,0.0,0.0,0.0,147.57628894064032
2746,1973-01-03,-180.6705803568371,103.13107221842698,189.04861028153326,-180.6705803568371,-180.6705803568371,328.41315660555523,328.41315660555523,328.41315660555523,328.41315660555523,328.41315660555523,328.41315660555523,0.0,0.0,0.0,147.74257624871814
2747,1973-01-04,-180.3219989431143,104.71007508293476,191.24834717798487,-180.3219989431143,-180.3219989431143,328.22877577783555,328.22877577783555,328.22877577783555,328.22877577783555,328.22877577783555,328.22877577783555,0.0,0.0,0.0,147.90677683472126
2748,1973-01-05,-179.97341752939167,105.64790427177716,189.66592185481454,-179.97341752939167,-179.97341752939167,328.0423058901573,328.0423058901573,328.0423058901573,328.0423058901573,328.0423058901573,328.0423058901573,0.0,0.0,0.0,148.06888836076564
2749,1973-01-08,-178.92767328822342,108.65730599421954,190.56487851948074,-178.92767328822342,-178.92767328822342,327.47033882753243,327.47033882753243,327.47033882753243,327.47033882753243,327.47033882753243,327.47033882753243,0.0,0.0,0.0,148.542665539309
2750,1973-01-09,-178.57909187450062,108.56554280635959,190.51015072980272,-178.57909187450062,-178.57909187450062,327.2754897738777,327.2754897738777,327.2754897738777,327.2754897738777,327.2754897738777,327.2754897738777,0.0,0.0,0.0,148.6963978993771
2751,1973-01-10,-178.230510460778,108.03660864466313,187.2463533273792,-178.230510460778,-178.230510460778,327.0785403112372,327.0785403112372,327.0785403112372,327.0785403112372,327.0785403112372,327.0785403112372,0.0,0.0,0.0,148.8480298504592
2752,1973-01-11,-177.88192904705502,107.98901089741143,190.82180535891789,-177.88192904705502,-177.88192904705502,326.87948823857874,326.87948823857874,326.87948823857874,326.87948823857874,326.87948823857874,326.87948823857874,0.0,0.0,0.0,148.99755919152372
2753,1973-01-12,-177.5333476333324,105.28239212925764,191.90998575967535,-177.5333476333324,-177.5333476333324,326.6783313780245,326.6783313780245,326.6783313780245,326.6783313780245,326.6783313780245,326.6783313780245,0.0,0.0,0.0,149.1449837446921
2754,1973-01-15,-176.487603392164,108.85541111379585,190.52095163598077,-176.487603392164,-176.487603392164,326.0622106395935,326.0622106395935,326.0622106395935,326.0622106395935,326.0622106395935,326.0622106395935,0.0,0.0,0.0,149.5746072474295
2755,1973-01-16,-176.13902197844138,108.34291407125609,190.22938254542527,-176.13902197844138,-176.13902197844138,325.85261331520667,325.85261331520667,325.85261331520667,325.85261331520667,325.85261331520667,325.85261331520667,0.0,0.0,0.0,149.7135913367653
2756,1973-01-17,-175.79044056471858,110.08560518040959,191.40645239286494,-175.79044056471858,-175.79044056471858,325.64090066428435,325.64090066428435,325.64090066428435,325.64090066428435,325.64090066428435,325.64090066428435,0.0,0.0,0.0,149.85046009956577
2757,1973-01-18,-175.44185915099578,109.88645838403414,190.31712665389855,-175.4418591509958,-175.4418591509958,325.42707064992993,325.42707064992993,325.42707064992993,325.42707064992993,325.42707064992993,325.42707064992993,0.0,0.0,0.0,149.98521149893415
2758,1973-01-19,-175.09327773727298,107.1990752557503,189.9288913604895,-175.09327773727298,-175.09327773727298,325.2111212590826,325.2111212590826,325.2111212590826,325.2111212590826,325.2111212590826,325.2111212590826,0.0,0.0,0.0,150.1178435218096
2759,1973-01-22,-174.04753349610476,109.79405141293199,193.25592465447932,-174.04753349610476,-174.04753349610476,324.5505370565391,324.5505370565391,324.5505370565391,324.5505370565391,324.5505370565391,324.5505370565391,0.0,0.0,0.0,150.50300356043434
2760,1973-01-23,-173.69895208238196,106.20433233759327,190.805322578853,-173.69895208238196,-173.69895208238196,324.3260905091995,324.3260905091995,324.3260905091995,324.3260905091995,324.3260905091995,324.3260905091995,0.0,0.0,0.0,150.62713842681754
2761,1973-01-24,-173.35037066865934,109.43952704864228,190.84090460726003,-173.35037066865934,-173.35037066865934,324.0995148809637,324.0995148809637,324.0995148809637,324.0995148809637,324.0995148809637,324.0995148809637,0.0,0.0,0.0,150.74914421230434
2762,1973-01-26,-172.65320784121374,111.59788902601935,192.985322879602,-172.65320784121374,-172.65320784121374,323.639968934172,323.639968934172,323.639968934172,323.639968934172,323.639968934172,323.639968934172,0.0,0.0,0.0,150.98676109295823
2763,1973-01-29,-171.6074636000457,108.9456866213177,190.69351188354207,-171.6074636000457,-171.6074636000457,322.93463600474706,322.93463600474706,322.93463600474706,322.93463600474706,322.93463600474706,322.93463600474706,0.0,0.0,0.0,151.32717240470137
2764,1973-01-30,-171.25888218632272,109.38570882091722,195.58216286530703,-171.25888218632272,-171.25888218632272,322.6952475233233,322.6952475233233,322.6952475233233,322.6952475233233,322.6952475233233,322.6952475233233,0.0,0.0,0.0,151.43636533700058
2765,1973-01-31,-170.9103007726001,109.41842390846327,192.60124134100363,-170.9103007726001,-170.9103007726001,322.4537174026148,322.4537174026148,322.4537174026148,322.4537174026148,322.4537174026148,322.4537174026148,0.0,0.0,0.0,151.54341663001472
2766,1973-02-01,-170.56171935887727,109.26660732559588,193.65314731280336,-170.56171935887727,-170.56171935887727,322.21004394807386,322.21004394807386,322.21004394807386,322.21004394807386,322.21004394807386,322.21004394807386,0.0,0.0,0.0,151.6483245891966
2767,1973-02-02,-170.21313794515447,110.16735741921977,196.23431617416358,-170.21313794515447,-170.21313794515447,321.96422549030706,321.96422549030706,321.96422549030706,321.96422549030706,321.96422549030706,321.96422549030706,0.0,0.0,0.0,151.7510875451526
2768,1973-02-05,-169.16739370398625,110.41230155234206,192.688916009075,-169.16739370398625,-169.16739370398625,321.2138837829626,321.2138837829626,321.2138837829626,321.2138837829626,321.2138837829626,321.2138837829626,0.0,0.0,0.0,152.04649007897638
2769,1973-02-06,-168.81881229026345,110.62761570969352,194.43882365228467,-168.81881229026345,-168.81881229026345,320.959469124655,320.959469124655,320.959469124655,320.959469124655,320.959469124655,320.959469124655,0.0,0.0,0.0,152.14065683439156
2770,1973-02-07,-168.47023087654065,109.5048827586356,192.67779019021398,-168.47023087654065,-168.47023087654065,320.7029014966721,320.7029014966721,320.7029014966721,320.7029014966721,320.7029014966721,320.7029014966721,0.0,0.0,0.0,152.23267062013144
2771,1973-02-08,-168.12164946281803,111.14360207225002,193.48395524850582,-168.12164946281803,-168.12164946281803,320.44417938246175,320.44417938246175,320.44417938246175,320.44417938246175,320.44417938246175,320.44417938246175,0.0,0.0,0.0,152.32252991964373
2772,1973-02-09,-167.77306804909523,111.44739419685993,192.8131538609414,-167.77306804909523,-167.77306804909523,320.18330129126105,320.18330129126105,320.18330129126105,320.18330129126105,320.18330129126105,320.18330129126105,0.0,0.0,0.0,152.41023324216582
2773,1973-02-12,-166.727323807927,109.18125099485334,195.7839990102973,-166.727323807927,-166.727323807927,319.38771663679705,319.38771663679705,319.38771663679705,319.38771663679705,319.38771663679705,319.38771663679705,0.0,0.0,0.0,152.66039282887004
2774,1973-02-13,-166.3787423942042,114.32410407584409,194.7007127724949,-166.3787423942042,-166.3787423942042,319.1182002489047,319.1182002489047,319.1182002489047,319.1182002489047,319.1182002489047,319.1182002489047,0.0,0.0,0.0,152.7394578547005
2775,1973-02-14,-166.0301609804814,109.74453103931305,194.85411988037927,-166.0301609804814,-166.0301609804814,318.8465208201546,318.8465208201546,318.8465208201546,318.8465208201546,318.8465208201546,318.8465208201546,0.0,0.0,0.0,152.81635983967317
2776,1973-02-15,-165.68157956675861,111.83094239833355,195.2092039183508,-165.68157956675861,-165.68157956675861,318.57267701637954,318.57267701637954,318.57267701637954,318.57267701637954,318.57267701637954,318.57267701637954,0.0,0.0,0.0,152.89109744962093
2777,1973-02-16,-165.332998153036,112.8993730906816,193.16058981382199,-165.332998153036,-165.332998153036,318.2966675298179,318.2966675298179,318.2966675298179,318.2966675298179,318.2966675298179,318.2966675298179,0.0,0.0,0.0,152.96366937678192
2778,1973-02-20,-163.93867249814497,110.7714045055873,191.85957364965617,-163.93867249814497,-163.93867249814497,317.17094752951095,317.17094752951095,317.17094752951095,317.17094752951095,317.17094752951095,317.17094752951095,0.0,0.0,0.0,153.232275031366
2779,1973-02-21,-163.59009108442217,110.90756992913926,192.99159900626478,-163.59009108442217,-163.59009108442217,316.8840909428311,316.8840909428311,316.8840909428311,316.8840909428311,316.8840909428311,316.8840909428311,0.0,0.0,0.0,153.29399985840894
2780,1973-02-22,-163.24150967069937,113.43932200453499,192.0897548783428,-163.24150967069937,-163.24150967069937,316.5950613861361,316.5950613861361,316.5950613861361,316.5950613861361,316.5950613861361,316.5950613861361,0.0,0.0,0.0,153.3535517154367
2781,1973-02-23,-162.89292825697675,111.5806182577953,195.05702096449448,-162.89292825697675,-162.89292825697675,316.30385773890595,316.30385773890595,316.30385773890595,316.30385773890595,316.30385773890595,316.30385773890595,0.0,0.0,0.0,153.4109294819292
2782,1973-02-26,-161.84718401580832,111.0695272084874,194.6730470243045,-161.84718401580832,-161.84718401580832,315.4171914556133,315.4171914556133,315.4171914556133,315.4171914556133,315.4171914556133,315.4171914556133,0.0,0.0,0.0,153.57000743980498
2783,1973-02-27,-161.4986026020857,114.2109087740497,197.50739451690828,-161.4986026020857,-161.4986026020857,315.11728078403377,315.11728078403377,315.11728078403377,315.11728078403377,315.11728078403377,315.11728078403377,0.0,0.0,0.0,153.61867818194807
2784,1973-02-28,-161.1500211883629,111.81742440625841,192.4383503927349,-161.1500211883629,-161.1500211883629,314.8151908272865,314.8151908272865,314.8151908272865,314.8151908272865,314.8151908272865,314.8151908272865,0.0,0.0,0.0,153.66516963892357
2785,1973-03-01,-160.8014397746401,112.74668457670367,193.4468887992045,-160.8014397746401,-160.8014397746401,314.5109206286152,314.5109206286152,314.5109206286152,314.5109206286152,314.5109206286152,314.5109206286152,0.0,0.0,0.0,153.70948085397512
2786,1973-03-02,-160.4528583609173,114.42038724091736,196.23512942134207,-160.4528583609173,-160.4528583609173,314.20446925884454,314.20446925884454,314.20446925884454,314.20446925884454,314.20446925884454,314.20446925884454,0.0,0.0,0.0,153.75161089792724
2787,1973-03-05,-159.40711411974908,112.01594062291214,196.50148390384874,-159.40711411974908,-159.40711411974908,313.27201924658283,313.27201924658283,313.27201924658283,313.27201924658283,313.27201924658283,313.27201924658283,0.0,0.0,0.0,153.86490512683375
2788,1973-03-06,-159.05853270602628,113.36449112491854,198.67369677569337,-159.05853270602628,-159.05853270602628,312.95683445508905,312.95683445508905,312.95683445508905,312.95683445508905,312.95683445508905,312.95683445508905,0.0,0.0,0.0,153.89830174906277
2789,1973-03-07,-158.70995129230366,112.74544581119117,195.1457806663071,-158.70995129230366,-158.70995129230366,312.6394642631384,312.6394642631384,312.6394642631384,312.6394642631384,312.6394642631384,312.6394642631384,0.0,0.0,0.0,153.92951297083474
2790,1973-03-08,-158.36136987858086,112.84690259615732,194.96106468837434,-158.36136987858086,-158.36136987858086,312.31990790871976,312.31990790871976,312.31990790871976,312.31990790871976,312.31990790871976,312.31990790871976,0.0,0.0,0.0,153.9585380301389
2791,1973-03-09,-158.01278846485806,114.09341489173025,195.8353786858058,-158.01278846485806,-158.01278846485806,311.998164657958,311.998164657958,311.998164657958,311.998164657958,311.998164657958,311.998164657958,0.0,0.0,0.0,153.98537619309994
2792,1973-03-12,-156.96704422368984,113.27115493375584,192.67008734034974,-156.96704422368984,-156.96704422368984,311.01980661254,311.01980661254,311.01980661254,311.01980661254,311.01980661254,311.01980661254,0.0,0.0,0.0,154.05276238885014
2793,1973-03-13,-156.61846280996704,110.91281459543995,196.57729312731328,-156.61846280996704,-156.61846280996704,310.68930900309454,310.68930900309454,310.68930900309454,310.68930900309454,310.68930900309454,310.68930900309454,0.0,0.0,0.0,154.0708461931275
2794,1973-03-14,-156.26988139624441,112.1319592788941,193.38088172514085,-156.26988139624441,-156.26988139624441,310.3566212526799,310.3566212526799,310.3566212526799,310.3566212526799,310.3566212526799,310.3566212526799,0.0,0.0,0.0,154.08673985643546
2795,1973-03-15,-155.92129998252162,115.36577877021186,195.67879170390228,-155.92129998252162,-155.92129998252162,310.021742797854,310.021742797854,310.021742797854,310.021742797854,310.021742797854,310.021742797854,0.0,0.0,0.0,154.1004428153324
2796,1973-03-16,-155.57271856879882,110.93490050613562,193.26518393590106,-155.57271856879882,-155.57271856879882,309.68467310384494,309.68467310384494,309.68467310384494,309.68467310384494,309.68467310384494,309.68467310384494,0.0,0.0,0.0,154.11195453504612
2797,1973-03-19,-154.5269743276306,113.0522913227179,197.4855701136348,-154.5269743276306,-154.5269743276306,308.6603116706061,308.6603116706061,308.6603116706061,308.6603116706061,308.6603116706061,308.6603116706061,0.0,0.0,0.0,154.13333734297552
2798,1973-03-20,-154.1783929139078,112.02522373872178,194.8412341314463,-154.1783929139078,-154.1783929139078,308.3144722481357,308.3144722481357,308.3144722481357,308.3144722481357,308.3144722481357,308.3144722481357,0.0,0.0,0.0,154.1360793342279
2799,1973-03-21,-153.829811500185,110.69052234839786,194.773875535999,-153.829811500185,-153.829811500185,307.9664393452565,307.9664393452565,307.9664393452565,307.9664393452565,307.9664393452565,307.9664393452565,0.0,0.0,0.0,154.1366278450715
2800,1973-03-22,-153.48123008646238,113.85877469315503,195.21775380017277,-153.48123008646238,-153.48123008646238,307.6162126007602,307.6162126007602,307.6162126007602,307.6162126007602,307.6162126007602,307.6162126007602,0.0,0.0,0.0,154.13498251429783
2801,1973-03-23,-153.13264867273938,111.6685887255334,195.82832321263595,-153.13264867273938,-153.13264867273938,307.2637916826187,307.2637916826187,307.2637916826187,307.2637916826187,307.2637916826187,307.2637916826187,0.0,0.0,0.0,154.13114300987934
2802,1973-03-26,-152.08690443157133,111.32713303499241,196.9981148625951,-152.08690443157133,-152.08690443157133,306.19336100522327,306.19336100522327,306.19336100522327,306.19336100522327,306.19336100522327,306.19336100522327,0.0,0.0,0.0,154.10645657365194
2803,1973-03-27,-151.73832301784853,111.71008377106345,196.8418725902418,-151.73832301784853,-151.73832301784853,305.8321606582864,305.8321606582864,305.8321606582864,305.8321606582864,305.8321606582864,305.8321606582864,0.0,0.0,0.0,154.09383764043787
2804,1973-03-28,-151.38974160412573,111.26419102220892,194.5267070000976,-151.38974160412573,-151.38974160412573,305.46876491772446,305.46876491772446,305.46876491772446,305.46876491772446,305.46876491772446,305.46876491772446,0.0,0.0,0.0,154.07902331359873
2805,1973-03-29,-151.0411601904031,111.30480657795492,189.70057587470103,-151.0411601904031,-151.0411601904031,305.1031736280595,305.1031736280595,305.1031736280595,305.1031736280595,305.1031736280595,305.1031736280595,0.0,0.0,0.0,154.0620134376564
2806,1973-03-30,-150.6925787766803,112.61300720409405,194.98216181721568,-150.6925787766803,-150.6925787766803,304.73538666347827,304.73538666347827,304.73538666347827,304.73538666347827,304.73538666347827,304.73538666347827,0.0,0.0,0.0,154.04280788679796
2807,1973-04-02,-149.64683453551208,113.07796299407825,196.53606105453287,-149.64683453551208,-149.64683453551208,303.618850908497,303.618850908497,303.618850908497,303.618850908497,303.618850908497,303.618850908497,0.0,0.0,0.0,153.9720163729849
2808,1973-04-03,-149.2982531217893,110.81298625109685,193.72889000135086,-149.2982531217893,-149.2982531217893,303.24228058177073,303.24228058177073,303.24228058177073,303.24228058177073,303.24228058177073,303.24228058177073,0.0,0.0,0.0,153.94402745998144
2809,1973-04-04,-148.9496717080665,112.77849707677825,194.29046809868007,-148.9496717080665,-148.9496717080665,302.8635143983785,302.8635143983785,302.8635143983785,302.8635143983785,302.8635143983785,302.8635143983785,0.0,0.0,0.0,153.91384269031204
2810,1973-04-05,-148.6010902943437,112.7663547568909,194.2947928605062,-148.6010902943437,-148.6010902943437,302.4825524118928,302.4825524118928,302.4825524118928,302.4825524118928,302.4825524118928,302.4825524118928,0.0,0.0,0.0,153.88146211754912
2811,1973-04-06,-148.25250888062106,115.29147869204984,198.71138721141483,-148.25250888062106,-148.25250888062106,302.0993947060115,302.0993947060115,302.0993947060115,302.0993947060115,302.0993947060115,302.0993947060115,0.0,0.0,0.0,153.84688582539042
2812,1973-04-09,-147.20676463945267,112.50586852678526,195.79905991932162,-147.20676463945267,-147.20676463945267,300.93674856217217,300.93674856217217,300.93674856217217,300.93674856217217,300.93674856217217,300.93674856217217,0.0,0.0,0.0,153.7299839227195
2813,1973-04-10,-146.85818322573004,112.94987424620415,198.26653825479417,-146.85818322573004,-146.85818322573004,300.54480942039316,300.54480942039316,300.54480942039316,300.54480942039316,300.54480942039316,300.54480942039316,0.0,0.0,0.0,153.68662619466312
2814,1973-04-11,-146.50960181200708,110.35178877092504,195.4296042306674,-146.50960181200708,-146.50960181200708,300.15067543178407,300.15067543178407,300.15067543178407,300.15067543178407,300.15067543178407,300.15067543178407,0.0,0.0,0.0,153.641073619777
2815,1973-04-12,-146.16102039828445,110.2776640442538,193.5954310437137,-146.16102039828445,-146.16102039828445,299.7543468621063,299.7543468621063,299.7543468621063,299.7543468621063,299.7543468621063,299.7543468621063,0.0,0.0,0.0,153.59332646382182
2816,1973-04-13,-145.81243898456165,110.43633982309585,196.66769441032784,-145.81243898456165,-145.81243898456165,299.3558240076791,299.3558240076791,299.3558240076791,299.3558240076791,299.3558240076791,299.3558240076791,0.0,0.0,0.0,153.54338502311742
2817,1973-04-16,-144.76669474339343,114.81099582019124,199.01538146362637,-144.76669474339343,-144.76669474339343,298.147093158714,298.147093158714,298.147093158714,298.147093158714,298.147093158714,298.147093158714,0.0,0.0,0.0,153.38039841532054
2818,1973-04-17,-144.4181133296708,111.25256970744816,195.61507574323764,-144.4181133296708,-144.4181133296708,297.73979674171744,297.73979674171744,297.73979674171744,297.73979674171744,297.73979674171744,297.73979674171744,0.0,0.0,0.0,153.32168341204664
2819,1973-04-18,-144.069531915948,110.48811181905626,194.6883637978778,-144.069531915948,-144.069531915948,297.33030798200446,297.33030798200446,297.33030798200446,297.33030798200446,297.33030798200446,297.33030798200446,0.0,0.0,0.0,153.26077606605645
2820,1973-04-19,-143.72095050222518,110.10905815336292,193.41973019281278,-143.72095050222518,-143.72095050222518,296.9186273604737,296.9186273604737,296.9186273604737,296.9186273604737,296.9186273604737,296.9186273604737,0.0,0.0,0.0,153.1976768582485
2821,1973-04-23,-142.32662484733416,114.03289255621569,190.1805636008102,-142.32662484733416,-142.32662484733416,295.24999695902426,295.24999695902426,295.24999695902426,295.24999695902426,295.24999695902426,295.24999695902426,0.0,0.0,0.0,152.9233721116901
2822,1973-04-24,-141.97804343361136,112.08354305063457,196.74707963848581,-141.97804343361136,-141.97804343361136,294.82736532753165,294.82736532753165,294.82736532753165,294.82736532753165,294.82736532753165,294.82736532753165,0.0,0.0,0.0,152.8493218939203
2823,1973-04-25,-141.62946201988873,112.17164805572102,194.7352659586297,-141.62946201988873,-141.62946201988873,294.4025453717662,294.4025453717662,294.4025453717662,294.4025453717662,294.4025453717662,294.4025453717662,0.0,0.0,0.0,152.7730833518775
2824,1973-04-26,-141.28088060616577,110.2127306245792,193.24702811253417,-141.28088060616577,-141.28088060616577,293.97553779051526,293.97553779051526,293.97553779051526,293.97553779051526,293.97553779051526,293.97553779051526,0.0,0.0,0.0,152.6946571843495
2825,1973-04-27,-140.93229919244314,114.2998263904263,195.70127293688162,-140.93229919244314,-140.93229919244314,293.54634331390645,293.54634331390645,293.54634331390645,293.54634331390645,293.54634331390645,293.54634331390645,0.0,0.0,0.0,152.6140441214633
2826,1973-04-30,-139.88655495127475,113.38408432972231,195.22766041070474,-139.88655495127475,-139.88655495127475,292.2456462843807,292.2456462843807,292.2456462843807,292.2456462843807,292.2456462843807,292.2456462843807,0.0,0.0,0.0,152.35909133310597
2827,1973-05-01,-139.53797353755212,105.48938889080178,191.7288337924673,-139.53797353755212,-139.53797353755212,291.80771215619865,291.80771215619865,291.80771215619865,291.80771215619865,291.80771215619865,291.80771215619865,0.0,0.0,0.0,152.26973861864653
2828,1973-05-02,-139.18939212382932,111.6012631540491,194.77654098774863,-139.18939212382932,-139.18939212382932,291.36759525517164,291.36759525517164,291.36759525517164,291.36759525517164,291.36759525517164,291.36759525517164,0.0,0.0,0.0,152.17820313134231
2829,1973-05-03,-138.8408107101067,111.17818090806273,194.47065716488865,-138.8408107101067,-138.8408107101067,290.9252965005245,290.9252965005245,290.9252965005245,290.9252965005245,290.9252965005245,290.9252965005245,0.0,0.0,0.0,152.0844857904178
2830,1973-05-04,-138.49222929638373,109.2372856854861,191.5158421465913,-138.49222929638373,-138.49222929638373,290.48081684316884,290.48081684316884,290.48081684316884,290.48081684316884,290.48081684316884,290.48081684316884,0.0,0.0,0.0,151.9885875467851
2831,1973-05-07,-137.44648505521567,109.10955132998582,190.71541643118098,-137.44648505521567,-137.44648505521567,289.1343024402545,289.1343024402545,289.1343024402545,289.1343024402545,289.1343024402545,289.1343024402545,0.0,0.0,0.0,151.6878173850388
2832,1973-05-08,-137.09790364149288,112.78139138351351,194.3504733667541,-137.09790364149288,-137.09790364149288,288.6811093165538,288.6811093165538,288.6811093165538,288.6811093165538,288.6811093165538,288.6811093165538,0.0,0.0,0.0,151.5832056750609
2833,1973-05-09,-136.74932222777008,109.64485161005032,194.40250026691496,-136.74932222777008,-136.74932222777008,288.22574052163225,288.22574052163225,288.22574052163225,288.22574052163225,288.22574052163225,288.22574052163225,0.0,0.0,0.0,151.47641829386217
2834,1973-05-10,-136.40074081404745,110.2063474779289,191.75331902348742,-136.40074081404745,-136.40074081404745,287.76819719749045,287.76819719749045,287.76819719749045,287.76819719749045,287.76819719749045,287.76819719749045,0.0,0.0,0.0,151.367456383443
2835,1973-05-11,-136.05215940032446,109.08720665703947,193.37741694011268,-136.05215940032446,-136.05215940032446,287.3084805181315,287.3084805181315,287.3084805181315,287.3084805181315,287.3084805181315,287.3084805181315,0.0,0.0,0.0,151.25632111780703
2836,1973-05-14,-135.00641515915643,107.42776014485771,190.49608493802182,-135.00641515915643,-135.00641515915643,285.91630256973144,285.91630256973144,285.91630256973144,285.91630256973144,285.91630256973144,285.91630256973144,0.0,0.0,0.0,150.909887410575
2837,1973-05-15,-134.65783374543344,107.90111162494046,194.98638654992615,-134.65783374543344,-134.65783374543344,285.44790485108865,285.44790485108865,285.44790485108865,285.44790485108865,285.44790485108865,285.44790485108865,0.0,0.0,0.0,150.79007110565522
2838,1973-05-16,-134.3092523317108,109.86020981081387,194.95246759288227,-134.3092523317108,-134.3092523317108,284.9773401287691,284.9773401287691,284.9773401287691,284.9773401287691,284.9773401287691,284.9773401287691,0.0,0.0,0.0,150.66808779705826
2839,1973-05-17,-133.960670917988,111.21659541743834,191.28529077938467,-133.960670917988,-133.960670917988,284.5046097696703,284.5046097696703,284.5046097696703,284.5046097696703,284.5046097696703,284.5046097696703,0.0,0.0,0.0,150.5439388516823
2840,1973-05-18,-133.61208950426538,112.07443332981353,190.29280929639887,-133.61208950426538,-133.61208950426538,284.0297151729789,284.0297151729789,284.0297151729789,284.0297151729789,284.0297151729789,284.0297151729789,0.0,0.0,0.0,150.41762566871353
2841,1973-05-21,-132.566345263097,110.36488438331978,191.01768918689964,-132.566345263097,-132.566345263097,282.5920604343359,282.5920604343359,282.5920604343359,282.5920604343359,282.5920604343359,282.5920604343359,0.0,0.0,0.0,150.02571517123891
2842,1973-05-22,-132.21776384937436,109.1292215909743,186.048414038744,-132.21776384937436,-132.21776384937436,282.10852352622885,282.10852352622885,282.10852352622885,282.10852352622885,282.10852352622885,282.10852352622885,0.0,0.0,0.0,149.8907596768545
2843,1973-05-23,-131.8691824356514,110.27784364694087,189.78238778337487,-131.8691824356514,-131.8691824356514,281.62282986210073,281.62282986210073,281.62282986210073,281.62282986210073,281.62282986210073,281.62282986210073,0.0,0.0,0.0,149.75364742644933
2844,1973-05-24,-131.52060102192877,106.96971961880917,192.56691001603858,-131.52060102192877,-131.52060102192877,281.134981035647,281.134981035647,281.134981035647,281.134981035647,281.134981035647,281.134981035647,0.0,0.0,0.0,149.61438001371823
2845,1973-05-25,-131.17201960820597,107.76605679492138,190.02267859125718,-131.17201960820597,-131.17201960820597,280.6449786731046,280.6449786731046,280.6449786731046,280.6449786731046,280.6449786731046,280.6449786731046,0.0,0.0,0.0,149.47295906489865
2846,1973-05-29,-129.77769395331512,105.64955593456655,189.27319860193649,-129.77769395331512,-129.77769395331512,278.6634675275964,278.6634675275964,278.6634675275964,278.6634675275964,278.6634675275964,278.6634675275964,0.0,0.0,0.0,148.8857735742813
2847,1973-05-30,-129.42911253959215,106.57974603080376,190.77888454420216,-129.42911253959215,-129.42911253959215,278.16272301942354,278.16272301942354,278.16272301942354,278.16272301942354,278.16272301942354,278.16272301942354,0.0,0.0,0.0,148.73361047983138
2848,1973-05-31,-129.08053112586953,106.90211779937901,189.55394420627593,-129.08053112586953,-129.08053112586953,277.6598354177827,277.6598354177827,277.6598354177827,277.6598354177827,277.6598354177827,277.6598354177827,0.0,0.0,0.0,148.57930429191316
2849,1973-06-01,-128.73194971214673,107.72544363146417,189.55865061490604,-128.73194971214673,-128.73194971214673,277.1548065776006,277.1548065776006,277.1548065776006,277.1548065776006,277.1548065776006,277.1548065776006,0.0,0.0,0.0,148.42285686545387
2850,1973-06-04,-127.68620547097849,108.09299290987877,189.06192372836549,-127.68620547097849,-127.68620547097849,275.6268916670947,275.6268916670947,275.6268916670947,275.6268916670947,275.6268916670947,275.6268916670947,0.0,0.0,0.0,147.9406861961162
2851,1973-06-05,-127.3376240572557,105.06817234070816,188.22889668498757,-127.3376240572557,-127.3376240572557,275.1133170782347,275.1133170782347,275.1133170782347,275.1133170782347,275.1133170782347,275.1133170782347,0.0,0.0,0.0,147.77569302097896
2852,1973-06-06,-126.98904264353307,104.94346670691294,190.3790433482791,-126.98904264353308,-126.98904264353308,274.5976110178695,274.5976110178695,274.5976110178695,274.5976110178695,274.5976110178695,274.5976110178695,0.0,0.0,0.0,147.60856837433641
2853,1973-06-07,-126.6404612298101,105.29057379078247,188.23460266966558,-126.6404612298101,-126.6404612298101,274.07977553807274,274.07977553807274,274.07977553807274,274.07977553807274,274.07977553807274,274.07977553807274,0.0,0.0,0.0,147.43931430826262
2854,1973-06-08,-126.29187981608747,104.62769339609193,189.03424208765318,-126.29187981608747,-126.29187981608747,273.5598127238664,273.5598127238664,273.5598127238664,273.5598127238664,273.5598127238664,273.5598127238664,0.0,0.0,0.0,147.2679329077789
2855,1973-06-11,-125.24613557491908,105.29454084538462,186.24703272934184,-125.24613557491908,-125.24613557491908,271.987181619714,271.987181619714,271.987181619714,271.987181619714,271.987181619714,271.987181619714,0.0,0.0,0.0,146.74104604479493
2856,1973-06-12,-124.89755416119645,105.19779354114107,187.24673734810767,-124.89755416119644,-124.89755416119644,271.45873097785596,271.45873097785596,271.45873097785596,271.45873097785596,271.45873097785596,271.45873097785596,0.0,0.0,0.0,146.5611768166595
2857,1973-06-13,-124.54897274747364,104.837827398762,189.54156723638303,-124.54897274747364,-124.54897274747364,270.92816392171926,270.92816392171926,270.92816392171926,270.92816392171926,270.92816392171926,270.92816392171926,0.0,0.0,0.0,146.37919117424562
2858,1973-06-14,-124.20039133375084,103.50136961981659,186.75296871175718,-124.20039133375084,-124.20039133375084,270.39548273448685,270.39548273448685,270.39548273448685,270.39548273448685,270.39548273448685,270.39548273448685,0.0,0.0,0.0,146.195091400736
2859,1973-06-15,-123.85180992002822,104.21567311915875,186.25479486638244,-123.85180992002822,-123.85180992002822,269.8606897324407,269.8606897324407,269.8606897324407,269.8606897324407,269.8606897324407,269.8606897324407,0.0,0.0,0.0,146.00887981241246
2860,1973-06-18,-122.80606567885982,103.10656572574239,186.18283682274722,-122.80606567885982,-122.80606567885982,268.243663497121,268.243663497121,268.243663497121,268.243663497121,268.243663497121,268.243663497121,0.0,0.0,0.0,145.4375978182612
2861,1973-06-19,-122.4574842651372,104.26678815282857,185.06562419193867,-122.4574842651372,-122.4574842651372,267.7004470612715,267.7004470612715,267.7004470612715,267.7004470612715,267.7004470612715,267.7004470612715,0.0,0.0,0.0,145.24296279613432
2862,1973-06-20,-122.1089028514144,102.1608219713747,183.62642931329134,-122.1089028514144,-122.1089028514144,267.1551308891424,267.1551308891424,267.1551308891424,267.1551308891424,267.1551308891424,267.1551308891424,0.0,0.0,0.0,145.046228037728
2863,1973-06-21,-121.76032143769177,103.89756036580441,186.75760902061188,-121.76032143769177,-121.76032143769177,266.607717495982,266.607717495982,266.607717495982,266.607717495982,266.607717495982,266.607717495982,0.0,0.0,0.0,144.84739605829023
2864,1973-06-22,-121.4117400239688,105.34368220561943,189.53942855280542,-121.4117400239688,-121.4117400239688,266.0582094302542,266.0582094302542,266.0582094302542,266.0582094302542,266.0582094302542,266.0582094302542,0.0,0.0,0.0,144.64646940628538
2865,1973-06-25,-120.36599578280058,103.59196828653296,187.84302676240438,-120.36599578280058,-120.36599578280058,264.3971431808294,264.3971431808294,264.3971431808294,264.3971431808294,264.3971431808294,264.3971431808294,0.0,0.0,0.0,144.03114739802882
2866,1973-06-26,-120.01741436907777,104.27371411669385,184.36689881277428,-120.01741436907777,-120.01741436907777,263.83928257425623,263.83928257425623,263.83928257425623,263.83928257425623,263.83928257425623,263.83928257425623,0.0,0.0,0.0,143.82186820517848
2867,1973-06-27,-119.66883295535514,101.81718212969915,183.37116889821945,-119.66883295535514,-119.66883295535514,263.2793405361295,263.2793405361295,263.2793405361295,263.2793405361295,263.2793405361295,263.2793405361295,0.0,0.0,0.0,143.61050758077437
2868,1973-06-28,-119.32025154163235,97.79851278102018,187.0818423348117,-119.32025154163235,-119.32025154163235,262.71731981447124,262.71731981447124,262.71731981447124,262.71731981447124,262.71731981447124,262.71731981447124,0.0,0.0,0.0,143.3970682728389
2869,1973-06-29,-118.97167012790955,99.47467481252187,186.09294713412746,-118.97167012790955,-118.97167012790955,262.15322319060033,262.15322319060033,262.15322319060033,262.15322319060033,262.15322319060033,262.15322319060033,0.0,0.0,0.0,143.1815530626908
2870,1973-07-02,-117.92592588674133,105.6481972459226,183.08943639066734,-117.92592588674133,-117.92592588674133,260.44850621852254,260.44850621852254,260.44850621852254,260.44850621852254,260.44850621852254,260.44850621852254,0.0,0.0,0.0,142.52258033178123
2871,1973-07-03,-117.57734447301853,98.70872763349686,186.07293671862809,-117.57734447301853,-117.57734447301853,259.8761344652044,259.8761344652044,259.8761344652044,259.8761344652044,259.8761344652044,259.8761344652044,0.0,0.0,0.0,142.2987899921859
2872,1973-07-05,-116.8801816455731,101.1251789201285,184.71367886880364,-116.8801816455731,-116.8801816455731,258.725209452132,258.725209452132,258.725209452132,258.725209452132,258.725209452132,258.725209452132,0.0,0.0,0.0,141.8450278065589
2873,1973-07-06,-116.53160023185048,99.72917307824319,183.68072978360004,-116.53160023185048,-116.53160023185048,258.1466621882228,258.1466621882228,258.1466621882228,258.1466621882228,258.1466621882228,258.1466621882228,0.0,0.0,0.0,141.61506195637236
2874,1973-07-09,-115.48585599068207,98.35888103139365,183.28751703807856,-115.48585599068207,-115.48585599068207,256.39871804229875,256.39871804229875,256.39871804229875,256.39871804229875,256.39871804229875,256.39871804229875,0.0,0.0,0.0,140.91286205161668
2875,1973-07-10,-115.13727457695946,97.33767927686873,181.63073038072784,-115.13727457695946,-115.13727457695946,255.81197959103525,255.81197959103525,255.81197959103525,255.81197959103525,255.81197959103525,255.81197959103525,0.0,0.0,0.0,140.6747050140758
2876,1973-07-11,-114.78869316323647,95.92428554097447,181.8727273238471,-114.78869316323647,-114.78869316323647,255.22320121288953,255.22320121288953,255.22320121288953,255.22320121288953,255.22320121288953,255.22320121288953,0.0,0.0,0.0,140.43450804965306
2877,1973-07-12,-114.44011174951385,95.46364742001555,180.63485381932898,-114.44011174951385,-114.44011174951385,254.63238612254375,254.63238612254375,254.63238612254375,254.63238612254375,254.63238612254375,254.63238612254375,0.0,0.0,0.0,140.1922743730299
2878,1973-07-13,-114.09153033579105,99.08176357528207,180.15530937343112,-114.09153033579105,-114.09153033579105,254.03953756802755,254.03953756802755,254.03953756802755,254.03953756802755,254.03953756802755,254.03953756802755,0.0,0.0,0.0,139.9480072322365
2879,1973-07-16,-113.04578609462283,96.7866949276569,180.33093355510073,-113.04578609462283,-113.04578609462283,252.24882409993504,252.24882409993504,252.24882409993504,252.24882409993504,252.24882409993504,252.24882409993504,0.0,0.0,0.0,139.2030380053122
2880,1973-07-17,-112.69720468090003,96.77527354844811,181.46380735326164,-112.69720468090003,-112.69720468090003,251.64787483591792,251.64787483591792,251.64787483591792,251.64787483591792,251.64787483591792,251.64787483591792,0.0,0.0,0.0,138.9506701550179
2881,1973-07-18,-112.34862326717723,96.13037509387928,179.1742473205721,-112.34862326717723,-112.34862326717723,251.04490884800842,251.04490884800842,251.04490884800842,251.04490884800842,251.04490884800842,251.04490884800842,0.0,0.0,0.0,138.6962855808312
2882,1973-07-19,-112.00004185345443,99.82715460241691,181.54063449957377,-112.00004185345443,-112.00004185345443,250.43992958425721,250.43992958425721,250.43992958425721,250.43992958425721,250.43992958425721,250.43992958425721,0.0,0.0,0.0,138.43988773080278
2883,1973-07-20,-111.6514604397318,96.35416158000106,181.3671001924635,-111.6514604397318,-111.6514604397318,249.83294052603355,249.83294052603355,249.83294052603355,249.83294052603355,249.83294052603355,249.83294052603355,0.0,0.0,0.0,138.18148008630175
2884,1973-07-23,-110.6057161985634,93.93615850718878,176.812261989728,-110.60571619856341,-110.60571619856341,247.999949897831,247.999949897831,247.999949897831,247.999949897831,247.999949897831,247.999949897831,0.0,0.0,0.0,137.3942336992676
2885,1973-07-24,-110.25713478484077,94.9408265758608,179.2321378324134,-110.25713478484077,-110.25713478484077,247.38495714149778,247.38495714149778,247.38495714149778,247.38495714149778,247.38495714149778,247.38495714149778,0.0,0.0,0.0,137.12782235665702
2886,1973-07-25,-109.90855337111797,92.52066809547289,176.99666061324046,-109.90855337111797,-109.90855337111797,246.7679724970248,246.7679724970248,246.7679724970248,246.7679724970248,246.7679724970248,246.7679724970248,0.0,0.0,0.0,136.8594191259068
2887,1973-07-26,-109.55997195739518,93.84831332829866,175.46405437136454,-109.55997195739518,-109.55997195739518,246.1489996455086,246.1489996455086,246.1489996455086,246.1489996455086,246.1489996455086,246.1489996455086,0.0,0.0,0.0,136.58902768811345
2888,1973-07-27,-109.21139054367255,92.053118844931,175.84371778122448,-109.21139054367256,-109.21139054367256,245.5280423012954,245.5280423012954,245.5280423012954,245.5280423012954,245.5280423012954,245.5280423012954,0.0,0.0,0.0,136.31665175762282
2889,1973-07-30,-108.16564630250416,91.98863067879876,175.53605295520512,-108.16564630250416,-108.16564630250416,243.65330095441567,243.65330095441567,243.65330095441567,243.65330095441567,243.65330095441567,243.65330095441567,0.0,0.0,0.0,135.4876546519115
2890,1973-07-31,-107.81706488878153,94.21291105815831,175.71631187151087,-107.81706488878153,-107.81706488878153,243.0244434474173,243.0244434474173,243.0244434474173,243.0244434474173,243.0244434474173,243.0244434474173,0.0,0.0,0.0,135.20737855863575
2891,1973-08-01,-107.46848347505873,92.76444882214612,178.17915098561437,-107.46848347505873,-107.46848347505873,242.39362051773077,242.39362051773077,242.39362051773077,242.39362051773077,242.39362051773077,242.39362051773077,0.0,0.0,0.0,134.92513704267202
2892,1973-08-02,-107.11990206133594,92.7790249475858,176.55895163689317,-107.11990206133595,-107.11990206133595,241.76083607890743,241.76083607890743,241.76083607890743,241.76083607890743,241.76083607890743,241.76083607890743,0.0,0.0,0.0,134.6409340175715
2893,1973-08-03,-106.77132064761312,92.97451106459278,179.77048942697752,-106.77132064761312,-106.77132064761312,241.12609407764194,241.12609407764194,241.12609407764194,241.12609407764194,241.12609407764194,241.12609407764194,0.0,0.0,0.0,134.3547734300288
2894,1973-08-06,-105.72557640644507,90.44085176707259,176.8424414034613,-105.72557640644507,-105.72557640644507,239.21016266291352,239.21016266291352,239.21016266291352,239.21016266291352,239.21016266291352,239.21016266291352,0.0,0.0,0.0,133.48458625646845
2895,1973-08-07,-105.37699499272227,91.46790891232163,174.61465971405588,-105.37699499272227,-105.37699499272227,238.56763054105235,238.56763054105235,238.56763054105235,238.56763054105235,238.56763054105235,238.56763054105235,0.0,0.0,0.0,133.19063554833008
2896,1973-08-08,-105.0284135789993,91.96512745428814,173.09518627752504,-105.0284135789993,-105.0284135789993,237.92316108671565,237.92316108671565,237.92316108671565,237.92316108671565,237.92316108671565,237.92316108671565,0.0,0.0,0.0,132.89474750771635
2897,1973-08-09,-104.67983216527651,89.88721550374956,173.10263499553125,-104.67983216527651,-104.67983216527651,237.2767584450494,237.2767584450494,237.2767584450494,237.2767584450494,237.2767584450494,237.2767584450494,0.0,0.0,0.0,132.5969262797729
2898,1973-08-10,-104.33125075155388,91.69382718731636,174.274994491512,-104.33125075155388,-104.33125075155388,236.6284267942,236.6284267942,236.6284267942,236.6284267942,236.6284267942,236.6284267942,0.0,0.0,0.0,132.29717604264613
2899,1973-08-13,-103.28550651038566,93.57107100805138,175.34374493206332,-103.28550651038566,-103.28550651038566,234.6719000624899,234.6719000624899,234.6719000624899,234.6719000624899,234.6719000624899,234.6719000624899,0.0,0.0,0.0,131.38639355210424
2900,1973-08-14,-102.93692509666303,91.16156609663255,171.83449431787284,-102.93692509666303,-102.93692509666303,234.01589481549576,234.01589481549576,234.01589481549576,234.01589481549576,234.01589481549576,234.01589481549576,0.0,0.0,0.0,131.07896971883272
2901,1973-08-15,-102.58834368294005,89.1840615433807,172.01435090472222,-102.58834368294005,-102.58834368294005,233.35798194417129,233.35798194417129,233.35798194417129,233.35798194417129,233.35798194417129,233.35798194417129,0.0,0.0,0.0,130.76963826123125
2902,1973-08-16,-102.23976226921725,91.78881604586343,170.56546392873202,-102.23976226921725,-102.23976226921725,232.69816582412855,232.69816582412855,232.69816582412855,232.69816582412855,232.69816582412855,232.69816582412855,0.0,0.0,0.0,130.45840355491129
2903,1973-08-17,-101.89118085549462,87.6529850212731,169.8646025886336,-101.89118085549462,-101.89118085549462,232.03645086379413,232.03645086379413,232.03645086379413,232.03645086379413,232.03645086379413,232.03645086379413,0.0,0.0,0.0,130.14527000829952
2904,1973-08-20,-100.8454366143264,88.1465861453538,170.51361094895134,-100.8454366143264,-100.8454366143264,230.03995751692142,230.03995751692142,230.03995751692142,230.03995751692142,230.03995751692142,230.03995751692142,0.0,0.0,0.0,129.194520902595
2905,1973-08-21,-100.49685520060378,86.68953730367868,167.51470363993283,-100.49685520060378,-100.49685520060378,229.3706919349536,229.3706919349536,229.3706919349536,229.3706919349536,229.3706919349536,229.3706919349536,0.0,0.0,0.0,128.87383673434982
2906,1973-08-22,-100.14827378688098,85.66879299799278,168.0208605260561,-100.14827378688098,-100.14827378688098,228.6995500460027,228.6995500460027,228.6995500460027,228.6995500460027,228.6995500460027,228.6995500460027,0.0,0.0,0.0,128.55127625912172
2907,1973-08-23,-99.79969237315801,84.52649414874007,170.09432511424012,-99.79969237315801,-99.79969237315801,228.02653645474183,228.02653645474183,228.02653645474183,228.02653645474183,228.02653645474183,228.02653645474183,0.0,0.0,0.0,128.2268440815838
2908,1973-08-24,-99.45111095943521,87.0837461132405,169.01109829141987,-99.45111095943521,-99.45111095943521,227.35165579843695,227.35165579843695,227.35165579843695,227.35165579843695,227.35165579843695,227.35165579843695,0.0,0.0,0.0,127.90054483900174
2909,1973-08-27,-98.40536671826716,87.31994223000189,171.2682169617955,-98.40536671826716,-98.40536671826716,225.3158583000612,225.3158583000612,225.3158583000612,225.3158583000612,225.3158583000612,225.3158583000612,0.0,0.0,0.0,126.91049158179403
2910,1973-08-28,-98.05678530454436,83.55864297066069,166.73823917600393,-98.05678530454436,-98.05678530454436,224.63355640684424,224.63355640684424,224.63355640684424,224.63355640684424,224.63355640684424,224.63355640684424,0.0,0.0,0.0,126.57677110229987
2911,1973-08-29,-97.70820389082174,87.9855992647324,166.52233061255907,-97.70820389082174,-97.70820389082174,223.94941112254494,223.94941112254494,223.94941112254494,223.94941112254494,223.94941112254494,223.94941112254494,0.0,0.0,0.0,126.24120723172321
2912,1973-08-30,-97.35962247709858,84.09877490634005,170.1716392464497,-97.35962247709858,-97.35962247709858,223.26342727922017,223.26342727922017,223.26342727922017,223.26342727922017,223.26342727922017,223.26342727922017,0.0,0.0,0.0,125.90380480212158
2913,1973-08-31,-97.01104106337596,85.913840970887,168.94038538545686,-97.01104106337596,-97.01104106337596,222.5756097412566,222.5756097412566,222.5756097412566,222.5756097412566,222.5756097412566,222.5756097412566,0.0,0.0,0.0,125.56456867788066
2914,1973-09-04,-95.6167154084851,82.3119011138736,169.12292656185897,-95.6167154084851,-95.6167154084851,219.80610106001694,219.80610106001694,219.80610106001694,219.80610106001694,219.80610106001694,219.80610106001694,0.0,0.0,0.0,124.18938565153184
2915,1973-09-05,-95.26813399476248,81.14601822654232,165.96724476847032,-95.26813399476248,-95.26813399476248,219.10918914333348,219.10918914333348,219.10918914333348,219.10918914333348,219.10918914333348,219.10918914333348,0.0,0.0,0.0,123.841055148571
2916,1973-09-06,-94.91955258103968,78.0281148599096,165.59627419562014,-94.91955258103968,-94.91955258103968,218.41047339493568,218.41047339493568,218.41047339493568,218.41047339493568,218.41047339493568,218.41047339493568,0.0,0.0,0.0,123.490920813896
2917,1973-09-07,-94.57097116731671,80.91922676482163,163.34304650186905,-94.57097116731671,-94.57097116731671,217.70995890433855,217.70995890433855,217.70995890433855,217.70995890433855,217.70995890433855,217.70995890433855,0.0,0.0,0.0,123.13898773702184
2918,1973-09-10,-93.52522692614848,74.99863761054571,163.035679597588,-93.52522692614848,-93.52522692614848,215.5976743539529,215.5976743539529,215.5976743539529,215.5976743539529,215.5976743539529,215.5976743539529,0.0,0.0,0.0,122.07244742780442
2919,1973-09-11,-93.17664551242586,80.34552686287172,162.53472080192938,-93.17664551242586,-93.17664551242586,214.89001642864372,214.89001642864372,214.89001642864372,214.89001642864372,214.89001642864372,214.89001642864372,0.0,0.0,0.0,121.71337091621785
2920,1973-09-12,-92.82806409870305,82.09815229275233,165.17869488769588,-92.82806409870305,-92.82806409870305,214.180585687491,214.180585687491,214.180585687491,214.180585687491,214.180585687491,214.180585687491,0.0,0.0,0.0,121.35252158878795
2921,1973-09-13,-92.47948268498043,80.23285382883806,158.64841073499935,-92.47948268498044,-92.47948268498044,213.4693874111809,213.4693874111809,213.4693874111809,213.4693874111809,213.4693874111809,213.4693874111809,0.0,0.0,0.0,120.98990472620046
2922,1973-09-14,-92.13090127125729,80.11063456693311,166.34998593871458,-92.13090127125729,-92.13090127125729,212.7564269120868,212.7564269120868,212.7564269120868,212.7564269120868,212.7564269120868,212.7564269120868,0.0,0.0,0.0,120.62552564082951
2923,1973-09-17,-91.08515703008923,78.21668536197218,162.40960835181653,-91.08515703008923,-91.08515703008923,210.6070256760524,210.6070256760524,210.6070256760524,210.6070256760524,210.6070256760524,210.6070256760524,0.0,0.0,0.0,119.52186864596315
2924,1973-09-18,-90.73657561636644,78.9078324988056,168.187379440481,-90.73657561636644,-90.73657561636644,209.88707004147278,209.88707004147278,209.88707004147278,209.88707004147278,209.88707004147278,209.88707004147278,0.0,0.0,0.0,119.15049442510634
2925,1973-09-19,-90.38799420264381,79.3204361502912,159.83656668140299,-90.3879942026438,-90.3879942026438,209.1653792194425,209.1653792194425,209.1653792194425,209.1653792194425,209.1653792194425,209.1653792194425,0.0,0.0,0.0,118.7773850167987
2926,1973-09-20,-90.03941278892101,77.18532127524017,158.85778255913561,-90.03941278892101,-90.03941278892101,208.44195871134076,208.44195871134076,208.44195871134076,208.44195871134076,208.44195871134076,208.44195871134076,0.0,0.0,0.0,118.40254592241975
2927,1973-09-21,-89.69083137519839,77.22290889616784,157.40439274301008,-89.69083137519839,-89.69083137519839,207.71681404985384,207.71681404985384,207.71681404985384,207.71681404985384,207.71681404985384,207.71681404985384,0.0,0.0,0.0,118.02598267465545
2928,1973-09-24,-88.64508713402998,75.81615759420545,160.36780351569868,-88.64508713402998,-88.64508713402998,205.5310909403258,205.5310909403258,205.5310909403258,205.5310909403258,205.5310909403258,205.5310909403258,0.0,0.0,0.0,116.88600380629583
2929,1973-09-25,-88.29650572030718,73.64442192810412,156.96236925911063,-88.29650572030718,-88.29650572030718,204.79910561625942,204.79910561625942,204.79910561625942,204.79910561625942,204.79910561625942,204.79910561625942,0.0,0.0,0.0,116.50259989595224
2930,1973-09-26,-87.94792430658455,76.36677613436426,154.74121831186145,-87.94792430658455,-87.94792430658455,204.06542426979527,204.06542426979527,204.06542426979527,204.06542426979527,204.06542426979527,204.06542426979527,0.0,0.0,0.0,116.11749996321072
2931,1973-09-27,-87.59934289286176,76.02237659953884,157.25580118357476,-87.59934289286176,-87.59934289286176,203.3300526202222,203.3300526202222,203.3300526202222,203.3300526202222,203.3300526202222,203.3300526202222,0.0,0.0,0.0,115.73070972736045
2932,1973-09-28,-87.25076147913913,76.87309676030127,155.61030783958643,-87.25076147913913,-87.25076147913913,202.59299641771574,202.59299641771574,202.59299641771574,202.59299641771574,202.59299641771574,202.59299641771574,0.0,0.0,0.0,115.34223493857661
2933,1973-10-01,-86.20501723797057,70.52819259795069,155.15847098834598,-86.20501723797057,-86.20501723797057,200.37177845632135,200.37177845632135,200.37177845632135,200.37177845632135,200.37177845632135,200.37177845632135,0.0,0.0,0.0,114.16676121835079
2934,1973-10-02,-85.85643582424794,73.86915161816533,157.32377955392883,-85.85643582424794,-85.85643582424794,199.62804215934287,199.62804215934287,199.62804215934287,199.62804215934287,199.62804215934287,199.62804215934287,0.0,0.0,0.0,113.77160633509493
2935,1973-10-03,-85.50785441052514,70.42831342431195,152.11228071623606,-85.50785441052514,-85.50785441052514,198.8826505213683,198.8826505213683,198.8826505213683,198.8826505213683,198.8826505213683,198.8826505213683,0.0,0.0,0.0,113.37479611084316
2936,1973-10-04,-85.15927299680251,70.91765770303864,155.12736972911446,-85.15927299680251,-85.15927299680251,198.1356094765377,198.1356094765377,198.1356094765377,198.1356094765377,198.1356094765377,198.1356094765377,0.0,0.0,0.0,112.97633647973518
2937,1973-10-05,-84.81069158307972,69.51118400391638,153.644781086099,-84.81069158307972,-84.81069158307972,197.38692498941808,197.38692498941808,197.38692498941808,197.38692498941808,197.38692498941808,197.38692498941808,0.0,0.0,0.0,112.57623340633836
2938,1973-10-08,-83.76494734191131,69.69427609135238,150.26820491078598,-83.76494734191131,-83.76494734191131,195.1310709749503,195.1310709749503,195.1310709749503,195.1310709749503,195.1310709749503,195.1310709749503,0.0,0.0,0.0,111.36612363303898
2939,1973-10-09,-83.41636592818851,67.34233778629871,152.87241527481615,-83.41636592818851,-83.41636592818851,194.37587297046116,194.37587297046116,194.37587297046116,194.37587297046116,194.37587297046116,194.37587297046116,0.0,0.0,0.0,110.95950704227265
2940,1973-10-10,-83.06778451446588,69.01005815093056,150.15594939432899,-83.06778451446588,-83.06778451446588,193.61906180048817,193.61906180048817,193.61906180048817,193.61906180048817,193.61906180048817,193.61906180048817,0.0,0.0,0.0,110.55127728602228
2941,1973-10-11,-82.71920310074309,67.46021335236011,150.52798958820472,-82.7192031007431,-82.7192031007431,192.86064361068742,192.86064361068742,192.86064361068742,192.86064361068742,192.86064361068742,192.86064361068742,0.0,0.0,0.0,110.14144050994433
2942,1973-10-12,-82.37062168702046,66.91407688523496,147.92464847202538,-82.37062168702046,-82.37062168702046,192.1006245766441,192.1006245766441,192.1006245766441,192.1006245766441,192.1006245766441,192.1006245766441,0.0,0.0,0.0,109.73000288962363
2943,1973-10-15,-81.32487744585207,68.65355823815715,150.41653179579907,-81.32487744585207,-81.32487744585207,189.81102461226652,189.81102461226652,189.81102461226652,189.81102461226652,189.81102461226652,189.81102461226652,0.0,0.0,0.0,108.48614716641445
2944,1973-10-16,-80.97629603212927,66.10278011392423,151.2226319549956,-80.97629603212927,-80.97629603212927,189.04466455305052,189.04466455305052,189.04466455305052,189.04466455305052,189.04466455305052,189.04466455305052,0.0,0.0,0.0,108.06836852092125
2945,1973-10-17,-80.62771461840664,65.97813154860583,150.44547917983283,-80.62771461840664,-80.62771461840664,188.27673497381105,188.27673497381105,188.27673497381105,188.27673497381105,188.27673497381105,188.27673497381105,0.0,0.0,0.0,107.6490203554044
2946,1973-10-18,-80.27913320468383,65.25487744598556,147.57074950439042,-80.27913320468383,-80.27913320468383,187.50724222811397,187.50724222811397,187.50724222811397,187.50724222811397,187.50724222811397,187.50724222811397,0.0,0.0,0.0,107.22810902343014
2947,1973-10-19,-79.93055179096122,67.843133792022,148.0328929394635,-79.93055179096122,-79.93055179096122,186.73619269891506,186.73619269891506,186.73619269891506,186.73619269891506,186.73619269891506,186.73619269891506,0.0,0.0,0.0,106.80564090795384
2948,1973-10-22,-78.88480754979264,62.837323952573804,145.93399999920385,-78.88480754979264,-78.88480754979264,184.41376767904677,184.41376767904677,184.41376767904677,184.41376767904677,184.41376767904677,184.41376767904677,0.0,0.0,0.0,105.52896012925413
2949,1973-10-23,-78.53622613607001,61.93661348610456,148.43901941975588,-78.53622613607001,-78.53622613607001,183.63655543040375,183.63655543040375,183.63655543040375,183.63655543040375,183.63655543040375,183.63655543040375,0.0,0.0,0.0,105.10032929433373
2950,1973-10-24,-78.18764472234722,61.580525680589176,150.84958752498943,-78.18764472234722,-78.18764472234722,182.85781875107577,182.85781875107577,182.85781875107577,182.85781875107577,182.85781875107577,182.85781875107577,0.0,0.0,0.0,104.67017402872855
2951,1973-10-25,-77.83906330862459,64.69399032606573,146.11283212405635,-77.83906330862459,-77.83906330862459,182.07756419865729,182.07756419865729,182.07756419865729,182.07756419865729,182.07756419865729,182.07756419865729,0.0,0.0,0.0,104.2385008900327
2952,1973-10-26,-77.49048189490179,62.9083511177794,143.79237130929909,-77.49048189490179,-77.49048189490179,181.2957983595573,181.2957983595573,181.2957983595573,181.2957983595573,181.2957983595573,181.2957983595573,0.0,0.0,0.0,103.8053164646555
2953,1973-10-29,-76.44473765373374,59.151591275925696,140.88615357338082,-76.44473765373374,-76.44473765373374,178.94149941667436,178.94149941667436,178.94149941667436,178.94149941667436,178.94149941667436,178.94149941667436,0.0,0.0,0.0,102.49676176294062
2954,1973-10-30,-76.09615624001076,60.01561143593342,147.51510702774516,-76.09615624001076,-76.09615624001076,178.15375486821966,178.15375486821966,178.15375486821966,178.15375486821966,178.15375486821966,178.15375486821966,0.0,0.0,0.0,102.05759862820891
2955,1973-10-31,-75.74757482628796,58.70424421703771,143.77202906294826,-75.74757482628796,-75.74757482628796,177.36453239432726,177.36453239432726,177.36453239432726,177.36453239432726,177.36453239432726,177.36453239432726,0.0,0.0,0.0,101.6169575680393
2956,1973-11-01,-75.39899341256533,59.78304920269473,141.83776386267067,-75.39899341256533,-75.39899341256533,176.57383875247123,176.57383875247123,176.57383875247123,176.57383875247123,176.57383875247123,176.57383875247123,0.0,0.0,0.0,101.1748453399059
2957,1973-11-02,-75.05041199884253,57.913415605775285,143.37055177424475,-75.05041199884253,-75.05041199884253,175.78168072832506,175.78168072832506,175.78168072832506,175.78168072832506,175.78168072832506,175.78168072832506,0.0,0.0,0.0,100.73126872948252
2958,1973-11-05,-74.00466775767448,58.65932943798392,141.00907132588475,-74.00466775767448,-74.00466775767448,173.39648863996933,173.39648863996933,173.39648863996933,173.39648863996933,173.39648863996933,173.39648863996933,0.0,0.0,0.0,99.39182088229485
2959,1973-11-06,-73.65608634395134,56.6426503180289,137.95605485850703,-73.65608634395134,-73.65608634395134,172.59854150420188,172.59854150420188,172.59854150420188,172.59854150420188,172.59854150420188,172.59854150420188,0.0,0.0,0.0,98.94245516025053
2960,1973-11-07,-73.30750493022872,55.68084120346765,138.3036541256478,-73.30750493022872,-73.30750493022872,171.7991643343027,171.7991643343027,171.7991643343027,171.7991643343027,171.7991643343027,171.7991643343027,0.0,0.0,0.0,98.49165940407399
2961,1973-11-08,-72.95892351650592,56.211051406844774,138.78523163810345,-72.95892351650592,-72.95892351650592,170.9983640832094,170.9983640832094,170.9983640832094,170.9983640832094,170.9983640832094,170.9983640832094,0.0,0.0,0.0,98.03944056670348
2962,1973-11-09,-72.61034210278329,56.052038709955916,137.64711030237905,-72.6103421027833,-72.6103421027833,170.19614773140623,170.19614773140623,170.19614773140623,170.19614773140623,170.19614773140623,170.19614773140623,0.0,0.0,0.0,97.58580562862294
2963,1973-11-12,-71.56459786161507,56.21165219413807,137.75335896805112,-71.56459786161507,-71.56459786161507,167.78107228776173,167.78107228776173,167.78107228776173,167.78107228776173,167.78107228776173,167.78107228776173,0.0,0.0,0.0,96.21647442614666
2964,1973-11-13,-71.21601644789244,53.58502827682999,139.89116066576258,-71.21601644789244,-71.21601644789244,166.9732618855214,166.9732618855214,166.9732618855214,166.9732618855214,166.9732618855214,166.9732618855214,0.0,0.0,0.0,95.75724543762895
2965,1973-11-14,-70.86743503416929,55.2620127484691,137.96537119708003,-70.86743503416929,-70.86743503416929,166.16407069480547,166.16407069480547,166.16407069480547,166.16407069480547,166.16407069480547,166.16407069480547,0.0,0.0,0.0,95.29663566063618
2966,1973-11-15,-70.51885362044666,54.26548851666089,137.8485651921468,-70.51885362044666,-70.51885362044666,165.35350585933284,165.35350585933284,165.35350585933284,165.35350585933284,165.35350585933284,165.35350585933284,0.0,0.0,0.0,94.83465223888618
2967,1973-11-16,-70.17027220672387,48.207012789803834,136.46552802319994,-70.17027220672387,-70.17027220672387,164.5415745496803,164.5415745496803,164.5415745496803,164.5415745496803,164.5415745496803,164.5415745496803,0.0,0.0,0.0,94.37130234295643
2968,1973-11-19,-69.12452796555581,49.84423263374772,132.81975889581406,-69.12452796555581,-69.12452796555581,162.0976538821292,162.0976538821292,162.0976538821292,162.0976538821292,162.0976538821292,162.0976538821292,0.0,0.0,0.0,92.9731259165734
2969,1973-11-20,-68.77594655183302,52.796998156977985,134.59147397966626,-68.77594655183302,-68.77594655183302,161.2803289150962,161.2803289150962,161.2803289150962,161.2803289150962,161.2803289150962,161.2803289150962,0.0,0.0,0.0,92.50438236326318
2970,1973-11-21,-68.42736513811005,49.06115782772941,137.46138859384075,-68.42736513811005,-68.42736513811005,160.46167372604268,160.46167372604268,160.46167372604268,160.46167372604268,160.46167372604268,160.46167372604268,0.0,0.0,0.0,92.03430858793263
2971,1973-11-23,-67.73020231066462,50.3665030042766,134.55654442655393,-67.73020231066462,-67.73020231066462,158.82040202624523,158.82040202624523,158.82040202624523,158.82040202624523,158.82040202624523,158.82040202624523,0.0,0.0,0.0,91.09019971558061
2972,1973-11-26,-66.68445806949657,48.16747450292999,132.5144976583113,-66.68445806949657,-66.68445806949657,156.3487018973856,156.3487018973856,156.3487018973856,156.3487018973856,156.3487018973856,156.3487018973856,0.0,0.0,0.0,89.66424382788904
2973,1973-11-27,-66.33587665577376,45.69409158198,128.3590372238971,-66.33587665577376,-66.33587665577376,155.52222020777847,155.52222020777847,155.52222020777847,155.52222020777847,155.52222020777847,155.52222020777847,0.0,0.0,0.0,89.18634355200471
2974,1973-11-28,-65.98729524205115,49.18104412412342,127.63703126035767,-65.98729524205115,-65.98729524205115,154.69446014804316,154.69446014804316,154.69446014804316,154.69446014804316,154.69446014804316,154.69446014804316,0.0,0.0,0.0,88.70716490599202
2975,1973-11-29,-65.638713828328,45.79105815547042,132.42720757477693,-65.638713828328,-65.638713828328,153.86542922838245,153.86542922838245,153.86542922838245,153.86542922838245,153.86542922838245,153.86542922838245,0.0,0.0,0.0,88.22671540005446
2976,1973-11-30,-65.29013241460537,47.86544843989353,131.34581689482036,-65.29013241460537,-65.29013241460537,153.03513498436607,153.03513498436607,153.03513498436607,153.03513498436607,153.03513498436607,153.03513498436607,0.0,0.0,0.0,87.7450025697607
2977,1973-12-03,-64.24438817343714,43.25866933232945,127.30036148583017,-64.24438817343714,-64.24438817343714,150.53674804002893,150.53674804002893,150.53674804002893,150.53674804002893,150.53674804002893,150.53674804002893,0.0,0.0,0.0,86.29235986659178
2978,1973-12-04,-63.89580675971452,46.108573952428344,128.9965233952948,-63.89580675971452,-63.89580675971452,149.7014763576927,149.7014763576927,149.7014763576927,149.7014763576927,149.7014763576927,149.7014763576927,0.0,0.0,0.0,85.8056695979782
2979,1973-12-05,-63.54722534599172,40.11322290645514,124.9145199371619,-63.54722534599172,-63.54722534599172,148.86497940540943,148.86497940540943,148.86497940540943,148.86497940540943,148.86497940540943,148.86497940540943,0.0,0.0,0.0,85.31775405941771
2980,1973-12-06,-63.198643932268745,41.018343224435505,123.99798850846665,-63.19864393226874,-63.19864393226874,148.02726486857378,148.02726486857378,148.02726486857378,148.02726486857378,148.02726486857378,148.02726486857378,0.0,0.0,0.0,84.82862093630504
2981,1973-12-07,-62.85006251854595,42.64699292509636,126.01441576476643,-62.85006251854595,-62.85006251854595,147.1883404571482,147.1883404571482,147.1883404571482,147.1883404571482,147.1883404571482,147.1883404571482,0.0,0.0,0.0,84.33827793860226
2982,1973-12-10,-61.804318277377895,39.76370169794056,125.19946668980677,-61.8043182773779,-61.8043182773779,144.66438544101354,144.66438544101354,144.66438544101354,144.66438544101354,144.66438544101354,144.66438544101354,0.0,0.0,0.0,82.86006716363565
2983,1973-12-11,-61.45573686365509,39.88866304672562,126.47764668362359,-61.45573686365509,-61.45573686365509,143.8206991181009,143.8206991181009,143.8206991181009,143.8206991181009,143.8206991181009,143.8206991181009,0.0,0.0,0.0,82.3649622544458
2984,1973-12-12,-61.10715544993247,42.934668492882814,120.95479378982873,-61.10715544993248,-61.10715544993248,142.9758418348092,142.9758418348092,142.9758418348092,142.9758418348092,142.9758418348092,142.9758418348092,0.0,0.0,0.0,81.86868638487672
2985,1973-12-13,-60.75857403620984,39.51803049333567,125.1767399373509,-60.75857403620984,-60.75857403620984,142.12982144602535,142.12982144602535,142.12982144602535,142.12982144602535,142.12982144602535,142.12982144602535,0.0,0.0,0.0,81.37124740981551
2986,1973-12-14,-60.4099926224867,38.651268220302725,120.07628536635717,-60.4099926224867,-60.4099926224867,141.28264583037134,141.28264583037134,141.28264583037134,141.28264583037134,141.28264583037134,141.28264583037134,0.0,0.0,0.0,80.87265320788464
2987,1973-12-17,-57.991557459241065,36.142259860010654,127.27130952668344,-57.991557459241065,-57.991557459241065,138.73426676184405,138.73426676184405,138.73426676184405,138.73426676184405,138.73426676184405,138.73426676184405,0.0,0.0,0.0,80.74270930260299
2988,1973-12-18,-57.185412404825854,40.32306401587913,121.27318461478443,-57.185412404825854,-57.185412404825854,137.88254949531714,137.88254949531714,137.88254949531714,137.88254949531714,137.88254949531714,137.88254949531714,0.0,0.0,0.0,80.69713709049128
2989,1973-12-19,-56.37926735040995,40.972949333608945,120.53573048334826,-56.37926735040995,-56.37926735040995,137.02971674674183,137.02971674674183,137.02971674674183,137.02971674674183,137.02971674674183,137.02971674674183,0.0,0.0,0.0,80.65044939633188
2990,1973-12-20,-55.573122295994736,38.75607555131028,121.86075133704986,-55.573122295994736,-55.573122295994736,136.1757765345576,136.1757765345576,136.1757765345576,136.1757765345576,136.1757765345576,136.1757765345576,0.0,0.0,0.0,80.60265423856286
2991,1973-12-21,-54.76697724157883,37.198722726328384,122.81958244675623,-54.76697724157883,-54.76697724157883,135.32073690006825,135.32073690006825,135.32073690006825,135.32073690006825,135.32073690006825,135.32073690006825,0.0,0.0,0.0,80.55375965848943
2992,1973-12-24,-52.3485420783325,40.77624570270935,122.92600412916983,-52.3485420783325,-52.3485420783325,132.7491022161335,132.7491022161335,132.7491022161335,132.7491022161335,132.7491022161335,132.7491022161335,0.0,0.0,0.0,80.40056013780101
2993,1973-12-26,-50.73625196950208,40.24244893248186,122.12500757059692,-50.73625196950208,-50.73625196950208,131.02933042326535,131.02933042326535,131.02933042326535,131.02933042326535,131.02933042326535,131.02933042326535,0.0,0.0,0.0,80.29307845376327
2994,1973-12-27,-49.93010691508687,38.876407741591876,126.8351947022541,-49.93010691508687,-49.93010691508687,130.167864386752,130.167864386752,130.167864386752,130.167864386752,130.167864386752,130.167864386752,0.0,0.0,0.0,80.23775747166513
2995,1973-12-28,-49.123961860671656,38.242192719216604,119.1586491171843,-49.123961860671656,-49.123961860671656,129.30535584656496,129.30535584656496,129.30535584656496,129.30535584656496,129.30535584656496,129.30535584656496,0.0,0.0,0.0,80.18139398589331
2996,1973-12-31,-46.70552669742464,36.14524577912307,120.64009704695512,-46.70552669742463,-46.70552669742463,126.71165750840296,126.71165750840296,126.71165750840296,126.71165750840296,126.71165750840296,126.71165750840296,0.0,0.0,0.0,80.00613081097833
2997,1974-01-02,-45.093236588594216,38.06042414122176,118.80894845168403,-45.093236588594216,-45.093236588594216,124.97746403349372,124.97746403349372,124.97746403349372,124.97746403349372,124.97746403349372,124.97746403349372,0.0,0.0,0.0,79.8842274448995
2998,1974-01-03,-44.28709153417831,39.93169558577581,122.4615247998425,-44.28709153417831,-44.28709153417831,124.1088738378624,124.1088738378624,124.1088738378624,124.1088738378624,124.1088738378624,124.1088738378624,0.0,0.0,0.0,79.8217823036841
2999,1974-01-04,-43.4809464797631,35.37463492343583,120.10198250650309,-43.4809464797631,-43.4809464797631,123.23929912684032,123.23929912684032,123.23929912684032,123.23929912684032,123.23929912684032,123.23929912684032,0.0,0.0,0.0,79.75835264707723
3000,1974-01-07,-41.06251131651677,40.02371504957381,120.01411545774614,-41.06251131651677,-41.06251131651677,120.62475169203728,120.62475169203728,120.62475169203728,120.62475169203728,120.62475169203728,120.62475169203728,0.0,0.0,0.0,79.5622403755205
3001,1974-01-08,-40.25636626210086,37.53730030687979,119.92289155766159,-40.25636626210086,-40.25636626210086,119.75132281329323,119.75132281329323,119.75132281329323,119.75132281329323,119.75132281329323,119.75132281329323,0.0,0.0,0.0,79.49495655119236
3002,1974-01-09,-39.45022120768565,36.65349896650561,125.45279673473361,-39.45022120768565,-39.45022120768565,118.8769514688286,118.8769514688286,118.8769514688286,118.8769514688286,118.8769514688286,118.8769514688286,0.0,0.0,0.0,79.42673026114295
3003,1974-01-10,-38.64407615327044,37.028810642961524,121.21824765791874,-38.64407615327044,-38.64407615327044,118.00164612974334,118.00164612974334,118.00164612974334,118.00164612974334,118.00164612974334,118.00164612974334,0.0,0.0,0.0,79.35756997647289
3004,1974-01-11,-37.837931098855236,38.00522422324549,119.17702644933249,-37.837931098855236,-37.837931098855236,117.12541528720027,117.12541528720027,117.12541528720027,117.12541528720027,117.12541528720027,117.12541528720027,0.0,0.0,0.0,79.28748418834503
3005,1974-01-14,-35.41949593560821,37.786503905577746,122.26034598385928,-35.41949593560821,-35.41949593560821,114.49125494844994,114.49125494844994,114.49125494844994,114.49125494844994,114.49125494844994,114.49125494844994,0.0,0.0,0.0,79.07175901284172
3006,1974-01-15,-34.613350881193,37.27434397376972,117.21590365174265,-34.613350881193,-34.613350881193,113.61140740004284,113.61140740004284,113.61140740004284,113.61140740004284,113.61140740004284,113.61140740004284,0.0,0.0,0.0,78.99805651884984
3007,1974-01-16,-33.80720582677779,36.167541671298224,119.0272297261904,-33.80720582677779,-33.80720582677779,112.7306771000049,112.7306771000049,112.7306771000049,112.7306771000049,112.7306771000049,112.7306771000049,0.0,0.0,0.0,78.92347127322711
3008,1974-01-17,-33.00106077236258,39.04236079144873,118.98720254551603,-33.00106077236258,-33.00106077236258,111.84907265690737,111.84907265690737,111.84907265690737,111.84907265690737,111.84907265690737,111.84907265690737,0.0,0.0,0.0,78.84801188454479
3009,1974-01-18,-32.19491571794737,35.21618899312854,115.57210828270668,-32.19491571794737,-32.19491571794737,110.9666026983879,110.9666026983879,110.9666026983879,110.9666026983879,110.9666026983879,110.9666026983879,0.0,0.0,0.0,78.77168698044053
3010,1974-01-21,-29.776480554700345,36.98554880455763,119.02091380300878,-29.776480554700345,-29.776480554700345,108.31408628963706,108.31408628963706,108.31408628963706,108.31408628963706,108.31408628963706,108.31408628963706,0.0,0.0,0.0,78.53760573493672
3011,1974-01-22,-28.970335500285135,33.57303380466597,119.82034764766063,-28.970335500285135,-28.970335500285135,107.42824092206686,107.42824092206686,107.42824092206686,107.42824092206686,107.42824092206686,107.42824092206686,0.0,0.0,0.0,78.45790542178173
3012,1974-01-23,-28.164190445869924,36.18628324973503,118.37993170514811,-28.164190445869924,-28.164190445869924,106.54157345817806,106.54157345817806,106.54157345817806,106.54157345817806,106.54157345817806,106.54157345817806,0.0,0.0,0.0,78.37738301230814
3013,1974-01-24,-27.358045391454016,39.49648975540532,120.79692430777118,-27.358045391454016,-27.358045391454016,105.6540926369476,105.6540926369476,105.6540926369476,105.6540926369476,105.6540926369476,105.6540926369476,0.0,0.0,0.0,78.29604724549358
3014,1974-01-25,-26.551900337038806,34.66266432984422,122.29614470373167,-26.551900337038806,-26.551900337038806,104.76580721539352,104.76580721539352,104.76580721539352,104.76580721539352,104.76580721539352,104.76580721539352,0.0,0.0,0.0,78.21390687835472
3015,1974-01-28,-24.133465173791784,35.452208548144114,118.16879648493219,-24.133465173791784,-24.133465173791784,102.09621118643818,102.09621118643818,102.09621118643818,102.09621118643818,102.09621118643818,102.09621118643818,0.0,0.0,0.0,77.96274601264639
3016,1974-01-29,-23.327320119376573,38.04730986355205,120.25834436754229,-23.327320119376573,-23.327320119376573,101.20479528934875,101.20479528934875,101.20479528934875,101.20479528934875,101.20479528934875,101.20479528934875,0.0,0.0,0.0,77.87747516997217
3017,1974-01-30,-22.521175064961362,37.53711330104033,118.23249444345683,-22.521175064961362,-22.521175064961362,100.31261884239777,100.31261884239777,100.31261884239777,100.31261884239777,100.31261884239777,100.31261884239777,0.0,0.0,0.0,77.7914437774364
3018,1974-01-31,-21.71503001054615,33.800308789770824,120.82707025063227,-21.71503001054615,-21.71503001054615,99.41969070769744,99.41969070769744,99.41969070769744,99.41969070769744,99.41969070769744,99.41969070769744,0.0,0.0,0.0,77.7046606971513
3019,1974-02-01,-20.90888495613094,35.384814464997916,118.78633623510852,-20.90888495613094,-20.90888495613094,98.5260197643462,98.5260197643462,98.5260197643462,98.5260197643462,98.5260197643462,98.5260197643462,0.0,0.0,0.0,77.61713480821527
3020,1974-02-04,-18.49044979288392,36.53532971254188,118.49178960764227,-18.49044979288392,-18.49044979288392,95.84063912494061,95.84063912494061,95.84063912494061,95.84063912494061,95.84063912494061,95.84063912494061,0.0,0.0,0.0,77.35018933205669
3021,1974-02-05,-17.684304738468708,35.10329710635799,120.64758191272584,-17.684304738468708,-17.684304738468708,94.94408607231885,94.94408607231885,94.94408607231885,94.94408607231885,94.94408607231885,94.94408607231885,0.0,0.0,0.0,77.25978133385014
3022,1974-02-06,-16.878159684053497,36.40360081911621,118.20692726635998,-16.878159684053497,-16.878159684053497,94.04683485595106,94.04683485595106,94.04683485595106,94.04683485595106,94.04683485595106,94.04683485595106,0.0,0.0,0.0,77.16867517189756
3023,1974-02-07,-16.072014629638286,34.63663747358917,119.82049863174817,-16.072014629638286,-16.072014629638286,93.14889445361862,93.14889445361862,93.14889445361862,93.14889445361862,93.14889445361862,93.14889445361862,0.0,0.0,0.0,77.07687982398033
3024,1974-02-08,-15.26586957522238,35.852307044585274,118.00642623523646,-15.26586957522238,-15.26586957522238,92.2502738590068,92.2502738590068,92.2502738590068,92.2502738590068,92.2502738590068,92.2502738590068,0.0,0.0,0.0,76.98440428378441
3025,1974-02-11,-12.847434411976748,37.09359251502747,117.73590532559905,-12.847434411976746,-12.847434411976746,89.55042109359913,89.55042109359913,89.55042109359913,89.55042109359913,89.55042109359913,89.55042109359913,0.0,0.0,0.0,76.70298668162238
3026,1974-02-12,-12.041289357560842,35.15341483035658,120.20411857746305,-12.041289357560842,-12.041289357560842,88.64916997929001,88.64916997929001,88.64916997929001,88.64916997929001,88.64916997929001,88.64916997929001,0.0,0.0,0.0,76.60788062172917
3027,1974-02-13,-11.235144303144937,35.474652787020126,119.41795365302991,-11.235144303144937,-11.235144303144937,87.747283874173,87.747283874173,87.747283874173,87.747283874173,87.747283874173,87.747283874173,0.0,0.0,0.0,76.51213957102806
3028,1974-02-14,-10.428999248729726,37.714858252180406,118.13563614842104,-10.428999248729726,-10.428999248729726,86.8447718640432,86.8447718640432,86.8447718640432,86.8447718640432,86.8447718640432,86.8447718640432,0.0,0.0,0.0,76.41577261531347
3029,1974-02-15,-9.622854194314515,34.25442773126308,118.5077072766651,-9.622854194314517,-9.622854194314517,85.94164304949089,85.94164304949089,85.94164304949089,85.94164304949089,85.94164304949089,85.94164304949089,0.0,0.0,0.0,76.31878885517638
3030,1974-02-19,-6.398273976652977,36.017214491621075,115.46550314469246,-6.398273976652977,-6.398273976652977,82.32314226769128,82.32314226769128,82.32314226769128,82.32314226769128,82.32314226769128,82.32314226769128,0.0,0.0,0.0,75.92486829103831
3031,1974-02-20,-5.592128922237071,36.896859999896236,118.3010579547793,-5.592128922237071,-5.592128922237071,81.41706644644901,81.41706644644901,81.41706644644901,81.41706644644901,81.41706644644901,81.41706644644901,0.0,0.0,0.0,75.82493752421195
3032,1974-02-21,-4.7859838678218605,32.13344421442938,114.46768841857806,-4.7859838678218605,-4.7859838678218605,80.51042872600283,80.51042872600283,80.51042872600283,80.51042872600283,80.51042872600283,80.51042872600283,0.0,0.0,0.0,75.72444485818097
3033,1974-02-22,-3.9798388134066496,34.04876673092542,117.8126100145779,-3.9798388134066496,-3.9798388134066496,79.60323830598828,79.60323830598828,79.60323830598828,79.60323830598828,79.60323830598828,79.60323830598828,0.0,0.0,0.0,75.62339949258164
3034,1974-02-25,-1.5614036501603223,33.361853973291076,119.15875050840083,-1.5614036501603223,-1.5614036501603223,76.87844304636741,76.87844304636741,76.87844304636741,76.87844304636741,76.87844304636741,76.87844304636741,0.0,0.0,0.0,75.3170393962071
3035,1974-02-26,-0.7552585957451116,34.27561642355373,115.69599337769742,-0.7552585957451116,-0.7552585957451116,75.96913409191923,75.96913409191923,75.96913409191923,75.96913409191923,75.96913409191923,75.96913409191923,0.0,0.0,0.0,75.21387549617411
3036,1974-02-27,0.05088645867079423,34.57162438360726,116.6533289737362,0.050886458670794235,0.050886458670794235,75.05931863525115,75.05931863525115,75.05931863525115,75.05931863525115,75.05931863525115,75.05931863525115,0.0,0.0,0.0,75.11020509392193
3037,1974-02-28,0.8570315130867001,30.036888732722257,116.60563794048491,0.8570315130867001,0.8570315130867001,74.14900595450895,74.14900595450895,74.14900595450895,74.14900595450895,74.14900595450895,74.14900595450895,0.0,0.0,0.0,75.00603746759565
3038,1974-03-01,1.6631765675019108,31.30918851818186,116.73607300260015,1.6631765675019108,1.6631765675019108,73.23820534034404,73.23820534034404,73.23820534034404,73.23820534034404,73.23820534034404,73.23820534034404,0.0,0.0,0.0,74.90138190784594
3039,1974-03-04,4.081611730747543,31.554753238077236,117.35447994420822,4.081611730747543,4.081611730747543,70.50296898787249,70.50296898787249,70.50296898787249,70.50296898787249,70.50296898787249,70.50296898787249,0.0,0.0,0.0,74.58458071862003
3040,1974-03-05,4.887756785163449,32.94080484987623,119.27974782463913,4.887756785163449,4.887756785163449,69.5903097907515,69.5903097907515,69.5903097907515,69.5903097907515,69.5903097907515,69.5903097907515,0.0,0.0,0.0,74.47806657591495
3041,1974-03-06,5.693901839578659,34.23759605918269,113.65907389004748,5.693901839578659,5.693901839578659,68.67720929516045,68.67720929516045,68.67720929516045,68.67720929516045,68.67720929516045,68.67720929516045,0.0,0.0,0.0,74.37111113473911
3042,1974-03-07,6.500046893994566,33.704438672593305,115.63057381376255,6.500046893994566,6.500046893994566,67.76367686325001,67.76367686325001,67.76367686325001,67.76367686325001,67.76367686325001,67.76367686325001,0.0,0.0,0.0,74.26372375724458
3043,1974-03-08,7.306191948409777,30.86871718155119,112.36512798765105,7.306191948409777,7.306191948409777,66.84972186849544,66.84972186849544,66.84972186849544,66.84972186849544,66.84972186849544,66.84972186849544,0.0,0.0,0.0,74.15591381690521
3044,1974-03-11,9.724627111656103,33.97000710522668,115.79683637659181,9.724627111656103,9.724627111656103,64.10541540821481,64.10541540821481,64.10541540821481,64.10541540821481,64.10541540821481,64.10541540821481,0.0,0.0,0.0,73.83004251987091
3045,1974-03-12,10.530772166071314,31.120260343167963,113.63406078622864,10.530772166071314,10.530772166071314,63.18986411736516,63.18986411736516,63.18986411736516,63.18986411736516,63.18986411736516,63.18986411736516,0.0,0.0,0.0,73.72063628343648
3046,1974-03-13,11.336917220486525,31.166295181555256,117.25183919893655,11.336917220486525,11.336917220486525,62.2739372949458,62.2739372949458,62.2739372949458,62.2739372949458,62.2739372949458,62.2739372949458,0.0,0.0,0.0,73.61085451543232
3047,1974-03-14,12.14306227490243,31.971704630614312,115.40215133263577,12.14306227490243,12.14306227490243,61.357644378790184,61.357644378790184,61.357644378790184,61.357644378790184,61.357644378790184,61.357644378790184,0.0,0.0,0.0,73.50070665369262
3048,1974-03-15,12.949207329318337,33.7644086423381,114.72523495608849,12.949207329318337,12.949207329318337,60.440994816855955,60.440994816855955,60.440994816855955,60.440994816855955,60.440994816855955,60.440994816855955,0.0,0.0,0.0,73.39020214617429
3049,1974-03-18,15.367642492563968,33.867696505387585,115.01718683337381,15.367642492563968,15.367642492563968,57.68900088418313,57.68900088418313,57.68900088418313,57.68900088418313,57.68900088418313,57.68900088418313,0.0,0.0,0.0,73.0566433767471
3050,1974-03-19,16.17378754697918,30.153072989684667,108.13460231506136,16.17378754697918,16.17378754697918,56.77101941512579,56.77101941512579,56.77101941512579,56.77101941512579,56.77101941512579,56.77101941512579,0.0,0.0,0.0,72.94480696210498
3051,1974-03-20,16.979932601394392,31.052547394398513,113.14392900825811,16.979932601394392,16.979932601394392,55.85272868586607,55.85272868586607,55.85272868586607,55.85272868586607,55.85272868586607,55.85272868586607,0.0,0.0,0.0,72.83266128726046
3052,1974-03-21,17.786077655810296,28.665817010197923,111.05320699400765,17.786077655810296,17.786077655810296,54.934138201456456,54.934138201456456,54.934138201456456,54.934138201456456,54.934138201456456,54.934138201456456,0.0,0.0,0.0,72.72021585726675
3053,1974-03-22,18.592222710226203,31.55440459825069,114.38009922310768,18.592222710226203,18.592222710226203,54.01525747585282,54.01525747585282,54.01525747585282,54.01525747585282,54.01525747585282,54.01525747585282,0.0,0.0,0.0,72.60748018607902
3054,1974-03-25,21.010657873471835,29.385462547057298,114.14414943232997,21.010657873471835,21.010657873471835,51.256969121302774,51.256969121302774,51.256969121302774,51.256969121302774,51.256969121302774,51.256969121302774,0.0,0.0,0.0,72.26762699477462
3055,1974-03-26,21.81680292788774,30.93985519430127,112.67289533941869,21.81680292788774,21.81680292788774,50.33702274240005,50.33702274240005,50.33702274240005,50.33702274240005,50.33702274240005,50.33702274240005,0.0,0.0,0.0,72.15382567028779
3056,1974-03-27,22.62294798230295,30.9181232914924,115.5732248091273,22.62294798230295,22.62294798230295,49.41683381947474,49.41683381947474,49.41683381947474,49.41683381947474,49.41683381947474,49.41683381947474,0.0,0.0,0.0,72.03978180177769
3057,1974-03-28,23.42909303671816,29.33035604335662,112.05124189354163,23.42909303671816,23.42909303671816,48.49641191620037,48.49641191620037,48.49641191620037,48.49641191620037,48.49641191620037,48.49641191620037,0.0,0.0,0.0,71.92550495291853
3058,1974-03-29,24.235238091134068,29.084916065618607,108.7673875302969,24.235238091134068,24.235238091134068,47.57576660391629,47.57576660391629,47.57576660391629,47.57576660391629,47.57576660391629,47.57576660391629,0.0,0.0,0.0,71.81100469505036
3059,1974-04-01,26.653673254380394,28.18907615074654,113.06223457669188,26.653673254380394,26.653673254380394,44.81258603762951,44.81258603762951,44.81258603762951,44.81258603762951,44.81258603762951,44.81258603762951,0.0,0.0,0.0,71.46625929200991
3060,1974-04-02,27.459818308795604,28.85960818455932,111.06116807999885,27.459818308795604,27.459818308795604,43.891142949756265,43.891142949756265,43.891142949756265,43.891142949756265,43.891142949756265,43.891142949756265,0.0,0.0,0.0,71.35096125855188
3061,1974-04-03,28.265963363210815,30.041938981869077,113.59890660296597,28.265963363210815,28.265963363210815,42.96952441829613,42.96952441829613,42.96952441829613,42.96952441829613,42.96952441829613,42.96952441829613,0.0,0.0,0.0,71.23548778150695
3062,1974-04-04,29.072108417626026,26.765556095232952,110.55547775096748,29.072108417626026,29.072108417626026,42.04774005682475,42.04774005682475,42.04774005682475,42.04774005682475,42.04774005682475,42.04774005682475,0.0,0.0,0.0,71.11984847445078
3063,1974-04-05,29.878253472041933,27.76030691031452,113.3095826822583,29.878253472041933,29.878253472041933,41.125799485326155,41.125799485326155,41.125799485326155,41.125799485326155,41.125799485326155,41.125799485326155,0.0,0.0,0.0,71.00405295736809
3064,1974-04-08,32.29668863528826,27.56073157044291,113.10455196398422,32.29668863528826,32.29668863528826,38.35913680287896,38.35913680287896,38.35913680287896,38.35913680287896,38.35913680287896,38.35913680287896,0.0,0.0,0.0,70.65582543816723
3065,1974-04-09,33.10283368970347,31.68719569409615,112.36521724396069,33.10283368970347,33.10283368970347,37.43666771300097,37.43666771300097,37.43666771300097,37.43666771300097,37.43666771300097,37.43666771300097,0.0,0.0,0.0,70.53950140270445
3066,1974-04-10,33.90897874411938,27.570734591542912,109.77983080279859,33.90897874411938,33.90897874411938,36.51409060284324,36.51409060284324,36.51409060284324,36.51409060284324,36.51409060284324,36.51409060284324,0.0,0.0,0.0,70.42306934696262
3067,1974-04-11,34.71512379853459,28.711251275799174,110.90849011025391,34.71512379853459,34.71512379853459,35.59141512704903,35.59141512704903,35.59141512704903,35.59141512704903,35.59141512704903,35.59141512704903,0.0,0.0,0.0,70.30653892558362
3068,1974-04-15,37.93970401619682,28.78901934484189,110.7419137257142,37.93970401619681,37.93970401619681,31.899922836430623,31.899922836430623,31.899922836430623,31.899922836430623,31.899922836430623,31.899922836430623,0.0,0.0,0.0,69.83962685262745
3069,1974-04-16,38.74584907061203,27.739974288458377,112.71542125720462,38.74584907061203,38.74584907061203,30.976900525599532,30.976900525599532,30.976900525599532,30.976900525599532,30.976900525599532,30.976900525599532,0.0,0.0,0.0,69.72274959621157
3070,1974-04-17,39.55199412502724,28.52927617333534,110.72275879004071,39.55199412502724,39.55199412502724,30.053837878526323,30.053837878526323,30.053837878526323,30.053837878526323,30.053837878526323,30.053837878526323,0.0,0.0,0.0,69.60583200355356
3071,1974-04-18,40.35813917944245,26.71928975122342,113.37954547701713,40.35813917944245,40.35813917944245,29.130744581988463,29.130744581988463,29.130744581988463,29.130744581988463,29.130744581988463,29.130744581988463,0.0,0.0,0.0,69.48888376143091
3072,1974-04-19,41.164284233857664,23.974679668575543,111.06098612606868,41.164284233857664,41.164284233857664,28.207630326618908,28.207630326618908,28.207630326618908,28.207630326618908,28.207630326618908,28.207630326618908,0.0,0.0,0.0,69.37191456047657
3073,1974-04-22,43.58271939710469,24.320083675208625,110.40331568598482,43.58271939710469,43.58271939710469,25.438258767812762,25.438258767812762,25.438258767812762,25.438258767812762,25.438258767812762,25.438258767812762,0.0,0.0,0.0,69.02097816491745
3074,1974-04-23,44.3888644515199,24.03325026266967,111.26065844449457,44.38886445151989,44.38886445151989,24.515157654102246,24.515157654102246,24.515157654102246,24.515157654102246,24.515157654102246,24.515157654102246,0.0,0.0,0.0,68.90402210562215
3075,1974-04-24,45.19500950593511,28.05308611734015,109.0342728045647,45.19500950593511,45.19500950593511,23.59208408609868,23.59208408609868,23.59208408609868,23.59208408609868,23.59208408609868,23.59208408609868,0.0,0.0,0.0,68.78709359203378
3076,1974-04-25,46.00115456035101,25.135078755929094,110.00319734399771,46.00115456035101,46.00115456035101,22.669047773687222,22.669047773687222,22.669047773687222,22.669047773687222,22.669047773687222,22.669047773687222,0.0,0.0,0.0,68.67020233403824
3077,1974-04-26,46.80729961476622,24.42966831119731,110.28808564222389,46.80729961476622,46.80729961476622,21.74605842931455,21.74605842931455,21.74605842931455,21.74605842931455,21.74605842931455,21.74605842931455,0.0,0.0,0.0,68.55335804408077
3078,1974-04-29,49.22573477801255,25.684625372925442,109.7314880888295,49.22573477801255,49.22573477801255,18.977469363370762,18.977469363370762,18.977469363370762,18.977469363370762,18.977469363370762,18.977469363370762,0.0,0.0,0.0,68.20320414138331
3079,1974-04-30,50.03187983242846,29.52457032759681,106.52393717978103,50.03187983242846,50.03187983242846,18.054765060287203,18.054765060287203,18.054765060287203,18.054765060287203,18.054765060287203,18.054765060287203,0.0,0.0,0.0,68.08664489271567
3080,1974-05-01,50.83802488684367,25.871206643816077,107.80191002359199,50.83802488684367,50.83802488684367,17.132156319347697,17.132156319347697,17.132156319347697,17.132156319347697,17.132156319347697,17.132156319347697,0.0,0.0,0.0,67.97018120619137
3081,1974-05-02,51.64416994125888,23.560403070328913,111.98597409434073,51.64416994125888,51.64416994125888,16.209652864442297,16.209652864442297,16.209652864442297,16.209652864442297,16.209652864442297,16.209652864442297,0.0,0.0,0.0,67.85382280570118
3082,1974-05-03,52.45031499567409,26.557180084991497,111.20919689671996,52.45031499567409,52.45031499567409,15.287264420713708,15.287264420713708,15.287264420713708,15.287264420713708,15.287264420713708,15.287264420713708,0.0,0.0,0.0,67.7375794163878
3083,1974-05-06,54.86875015892111,26.396702556797162,107.0583739467375,54.86875015892111,54.86875015892111,12.520886422882846,12.520886422882846,12.520886422882846,12.520886422882846,12.520886422882846,12.520886422882846,0.0,0.0,0.0,67.38963658180396
3084,1974-05-07,55.67489521333632,27.549638180233565,109.21083195814296,55.67489521333632,55.67489521333632,11.599055293794464,11.599055293794464,11.599055293794464,11.599055293794464,11.599055293794464,11.599055293794464,0.0,0.0,0.0,67.27395050713079
3085,1974-05-08,56.48104026775153,24.90859490808482,108.88528358025164,56.48104026775153,56.48104026775153,10.677387813830725,10.677387813830725,10.677387813830725,10.677387813830725,10.677387813830725,10.677387813830725,0.0,0.0,0.0,67.15842808158226
3086,1974-05-09,57.28718532216674,23.52183483228979,106.73756087635084,57.28718532216674,57.28718532216674,9.755893711712433,9.755893711712433,9.755893711712433,9.755893711712433,9.755893711712433,9.755893711712433,0.0,0.0,0.0,67.04307903387918
3087,1974-05-10,58.09333037658265,26.059600879807732,108.9554582922768,58.09333037658265,58.09333037658265,8.834582716098163,8.834582716098163,8.834582716098163,8.834582716098163,8.834582716098163,8.834582716098163,0.0,0.0,0.0,66.92791309268081
3088,1974-05-13,60.51176553982898,26.829140155689924,107.16704213740161,60.51176553982897,60.51176553982897,6.071845649968839,6.071845649968839,6.071845649968839,6.071845649968839,6.071845649968839,6.071845649968839,0.0,0.0,0.0,66.58361118979782
3089,1974-05-14,61.31791059424419,23.997129801602537,109.18858946291311,61.31791059424419,61.31791059424419,5.151364359108362,5.151364359108362,5.151364359108362,5.151364359108362,5.151364359108362,5.151364359108362,0.0,0.0,0.0,66.46927495335255
3090,1974-05-15,62.1240556486601,25.169465880180528,108.00424983662501,62.1240556486601,62.1240556486601,4.231114810507009,4.231114810507009,4.231114810507009,4.231114810507009,4.231114810507009,4.231114810507009,0.0,0.0,0.0,66.35517045916711
3091,1974-05-16,62.93020070307531,26.24780238493745,109.26141028691589,62.93020070307531,62.93020070307531,3.3111067284865285,3.3111067284865285,3.3111067284865285,3.3111067284865285,3.3111067284865285,3.3111067284865285,0.0,0.0,0.0,66.24130743156184
3092,1974-05-17,63.73634575749052,25.635695626536023,106.31970393316169,63.73634575749052,63.73634575749052,2.3913498359828984,2.3913498359828984,2.3913498359828984,2.3913498359828984,2.3913498359828984,2.3913498359828984,0.0,0.0,0.0,66.12769559347342
3093,1974-05-20,66.15478092073614,23.369444448752855,106.45865181565557,66.15478092073614,66.15478092073614,-0.3663164998093607,-0.3663164998093607,-0.3663164998093607,-0.3663164998093607,-0.3663164998093607,-0.3663164998093607,0.0,0.0,0.0,65.78846442092679
3094,1974-05-21,66.96092597515275,24.96716357086488,107.0590745242122,66.96092597515275,66.96092597515275,-1.284971439205884,-1.284971439205884,-1.284971439205884,-1.284971439205884,-1.284971439205884,-1.284971439205884,0.0,0.0,0.0,65.67595453594686
3095,1974-05-22,67.76707102956796,23.09619726171935,107.41711277575077,67.76707102956796,67.76707102956796,-2.2033266018070288,-2.2033266018070288,-2.2033266018070288,-2.2033266018070288,-2.2033266018070288,-2.2033266018070288,0.0,0.0,0.0,65.56374442776092
3096,1974-05-23,68.57321608398317,25.001290551953204,106.52367586070055,68.57321608398317,68.57321608398317,-3.1213722769664862,-3.1213722769664862,-3.1213722769664862,-3.1213722769664862,-3.1213722769664862,-3.1213722769664862,0.0,0.0,0.0,65.45184380701669
3097,1974-05-24,69.37936113839838,24.359636038661268,106.71701072677355,69.37936113839838,69.37936113839838,-4.0390987567498025,-4.0390987567498025,-4.0390987567498025,-4.0390987567498025,-4.0390987567498025,-4.0390987567498025,0.0,0.0,0.0,65.34026238164857
3098,1974-05-28,72.60394135606062,25.988841248558217,104.90615691503064,72.60394135606062,72.60394135606062,-7.706618669037233,-7.706618669037233,-7.706618669037233,-7.706618669037233,-7.706618669037233,-7.706618669037233,0.0,0.0,0.0,64.89732268702338
3099,1974-05-29,73.41008641047583,21.419979002637586,105.26337215928055,73.41008641047583,73.41008641047583,-8.622603661186657,-8.622603661186657,-8.622603661186657,-8.622603661186657,-8.622603661186657,-8.622603661186657,0.0,0.0,0.0,64.78748274928917
3100,1974-05-30,74.21623146489173,22.17824897693432,104.11850195172138,74.21623146489173,74.21623146489173,-9.538211277972852,-9.538211277972852,-9.538211277972852,-9.538211277972852,-9.538211277972852,-9.538211277972852,0.0,0.0,0.0,64.67802018691889
3101,1974-05-31,75.02237651930695,23.358505542254935,105.69733498274482,75.02237651930695,75.02237651930695,-10.453431835777009,-10.453431835777009,-10.453431835777009,-10.453431835777009,-10.453431835777009,-10.453431835777009,0.0,0.0,0.0,64.56894468352993
3102,1974-06-03,77.44081168255258,20.39938772558941,105.12060639105351,77.44081168255258,77.44081168255258,-13.196674383772965,-13.196674383772965,-13.196674383772965,-13.196674383772965,-13.196674383772965,-13.196674383772965,0.0,0.0,0.0,64.2441372987796
3103,1974-06-04,78.24695673696779,22.366582396209267,104.27976915049872,78.24695673696779,78.24695673696779,-14.110249957015407,-14.110249957015407,-14.110249957015407,-14.110249957015407,-14.110249957015407,-14.110249957015407,0.0,0.0,0.0,64.13670677995238
3104,1974-06-05,79.05310179138439,20.286156431407644,102.59427318353912,79.05310179138439,79.05310179138439,-15.023390120516584,-15.023390120516584,-15.023390120516584,-15.023390120516584,-15.023390120516584,-15.023390120516584,0.0,0.0,0.0,64.02971167086781
3105,1974-06-06,79.8592468457996,22.417557230684668,108.42680118372596,79.8592468457996,79.8592468457996,-15.936085218925358,-15.936085218925358,-15.936085218925358,-15.936085218925358,-15.936085218925358,-15.936085218925358,0.0,0.0,0.0,63.92316162687425
3106,1974-06-07,80.66539190021481,22.003602224929008,105.55401603924892,80.66539190021481,80.66539190021481,-16.84832560226966,-16.84832560226966,-16.84832560226966,-16.84832560226966,-16.84832560226966,-16.84832560226966,0.0,0.0,0.0,63.81706629794515
3107,1974-06-10,83.08382706346113,23.436495344203806,103.05194497034266,83.08382706346113,83.08382706346113,-19.582222046874573,-19.582222046874573,-19.582222046874573,-19.582222046874573,-19.582222046874573,-19.582222046874573,0.0,0.0,0.0,63.50160501658655
3108,1974-06-11,83.88997211787634,17.470217276710645,104.5361236111206,83.88997211787634,83.88997211787634,-20.49254718448066,-20.49254718448066,-20.49254718448066,-20.49254718448066,-20.49254718448066,-20.49254718448066,0.0,0.0,0.0,63.39742493339568
3109,1974-06-12,84.69611717229225,25.19465200428898,103.45563238291605,84.69611717229225,84.69611717229225,-21.402369444509908,-21.402369444509908,-21.402369444509908,-21.402369444509908,-21.402369444509908,-21.402369444509908,0.0,0.0,0.0,63.29374772778234
3110,1974-06-13,85.50226222670746,21.053120389681737,106.01233348272638,85.50226222670746,85.50226222670746,-22.311679213264423,-22.311679213264423,-22.311679213264423,-22.311679213264423,-22.311679213264423,-22.311679213264423,0.0,0.0,0.0,63.19058301344303
3111,1974-06-14,86.30840728112267,21.81500477866417,104.84177691690788,86.30840728112267,86.30840728112267,-23.220466883758004,-23.220466883758004,-23.220466883758004,-23.220466883758004,-23.220466883758004,-23.220466883758004,0.0,0.0,0.0,63.08794039736466
3112,1974-06-17,88.726842444369,21.2132391197737,105.31822544183132,88.726842444369,88.726842444369,-25.943601340509836,-25.943601340509836,-25.943601340509836,-25.943601340509836,-25.943601340509836,-25.943601340509836,0.0,0.0,0.0,62.78324110385916
3113,1974-06-18,89.53298749878421,21.08169503421102,102.51911289303699,89.53298749878421,89.53298749878421,-26.85020468902616,-26.85020468902616,-26.85020468902616,-26.85020468902616,-26.85020468902616,-26.85020468902616,0.0,0.0,0.0,62.68278280975805
3114,1974-06-19,90.33913255319942,19.555030771988363,102.20079528444788,90.33913255319942,90.33913255319942,-27.756238011711755,-27.756238011711755,-27.756238011711755,-27.756238011711755,-27.756238011711755,-27.756238011711755,0.0,0.0,0.0,62.58289454148766
3115,1974-06-20,91.14527760761602,21.254034361342253,102.62204392011331,91.14527760761602,91.14527760761602,-28.66169174585651,-28.66169174585651,-28.66169174585651,-28.66169174585651,-28.66169174585651,-28.66169174585651,0.0,0.0,0.0,62.483585861759515
3116,1974-06-21,91.95142266203123,22.340315820841063,103.19382130330324,91.95142266203123,91.95142266203123,-29.56655633679708,-29.56655633679708,-29.56655633679708,-29.56655633679708,-29.56655633679708,-29.56655633679708,0.0,0.0,0.0,62.38486632523416
3117,1974-06-24,94.36985782527687,22.979918038744245,103.30156050380464,94.36985782527687,94.36985782527687,-32.27751982842848,-32.27751982842848,-32.27751982842848,-32.27751982842848,-32.27751982842848,-32.27751982842848,0.0,0.0,0.0,62.092337996848386
3118,1974-06-25,95.17600287969277,19.855503315063324,102.01455694582091,95.17600287969277,95.17600287969277,-33.17993246747762,-33.17993246747762,-33.17993246747762,-33.17993246747762,-33.17993246747762,-33.17993246747762,0.0,0.0,0.0,61.996070412215154
3119,1974-06-26,95.98214793410799,19.532261904280553,106.57248049530187,95.98214793410799,95.98214793410799,-34.08170831734012,-34.08170831734012,-34.08170831734012,-34.08170831734012,-34.08170831734012,-34.08170831734012,0.0,0.0,0.0,61.90043961676786
3120,1974-06-27,96.7882929885232,18.934666188901208,103.8174382517192,96.7882929885232,96.7882929885232,-34.98283787561715,-34.98283787561715,-34.98283787561715,-34.98283787561715,-34.98283787561715,-34.98283787561715,0.0,0.0,0.0,61.805455112906046
3121,1974-06-28,97.5944380429391,18.75660214777528,102.08838925882709,97.5944380429391,97.5944380429391,-35.88331164928473,-35.88331164928473,-35.88331164928473,-35.88331164928473,-35.88331164928473,-35.88331164928473,0.0,0.0,0.0,61.711126393654375
3122,1974-07-01,100.01287320618543,23.432068652137538,101.06473634742831,100.01287320618543,100.01287320618543,-38.58070347700181,-38.58070347700181,-38.58070347700181,-38.58070347700181,-38.58070347700181,-38.58070347700181,0.0,0.0,0.0,61.43216972918362
3123,1974-07-02,100.81901826060064,22.82660252061144,104.00008072521283,100.81901826060064,100.81901826060064,-39.478459376133,-39.478459376133,-39.478459376133,-39.478459376133,-39.478459376133,-39.478459376133,0.0,0.0,0.0,61.34055888446764
3124,1974-07-03,101.62516331501585,21.47052541480966,108.11723148403442,101.62516331501585,101.62516331501585,-40.37551217279713,-40.37551217279713,-40.37551217279713,-40.37551217279713,-40.37551217279713,-40.37551217279713,0.0,0.0,0.0,61.249651142218724
3125,1974-07-05,103.23745342384765,14.524599730056671,105.1189346276117,103.23745342384765,103.23745342384765,-42.16747073824853,-42.16747073824853,-42.16747073824853,-42.16747073824853,-42.16747073824853,-42.16747073824853,0.0,0.0,0.0,61.06998268559912
3126,1974-07-08,105.65588858709329,14.77556698221927,99.74560173489519,105.65588858709329,105.65588858709329,-44.84989984978616,-44.84989984978616,-44.84989984978616,-44.84989984978616,-44.84989984978616,-44.84989984978616,0.0,0.0,0.0,60.805988737307125
3127,1974-07-09,106.4620336415085,21.547166969053865,109.23160045075936,106.4620336415085,106.4620336415085,-45.74253632407935,-45.74253632407935,-45.74253632407935,-45.74253632407935,-45.74253632407935,-45.74253632407935,0.0,0.0,0.0,60.719497317429145
3128,1974-07-10,107.2681786959244,20.559028922684973,104.39409192478756,107.2681786959244,107.2681786959244,-46.63440389765028,-46.63440389765028,-46.63440389765028,-46.63440389765028,-46.63440389765028,-46.63440389765028,0.0,0.0,0.0,60.633774798274125
3129,1974-07-11,108.07432375033962,18.832919002478086,103.19254057439515,108.07432375033962,108.07432375033962,-47.525493216564904,-47.525493216564904,-47.525493216564904,-47.525493216564904,-47.525493216564904,-47.525493216564904,0.0,0.0,0.0,60.54883053377471
3130,1974-07-12,108.88046880475483,19.324073205293246,100.90561568565334,108.88046880475483,108.88046880475483,-48.415794938907005,-48.415794938907005,-48.415794938907005,-48.415794938907005,-48.415794938907005,-48.415794938907005,0.0,0.0,0.0,60.46467386584782
3131,1974-07-15,111.29890396800185,19.56798928082094,99.64816166649776,111.29890396800185,111.29890396800185,-51.08188129155292,-51.08188129155292,-51.08188129155292,-51.08188129155292,-51.08188129155292,-51.08188129155292,0.0,0.0,0.0,60.217022676448934
3132,1974-07-16,112.10504902241706,20.785555188692047,101.03573088771122,112.10504902241706,112.10504902241706,-51.96893945537598,-51.96893945537598,-51.96893945537598,-51.96893945537598,-51.96893945537598,-51.96893945537598,0.0,0.0,0.0,60.13610956704108
3133,1974-07-17,112.91119407683227,16.380976787463396,102.17376421331393,112.91119407683227,112.91119407683227,-52.85516349988338,-52.85516349988338,-52.85516349988338,-52.85516349988338,-52.85516349988338,-52.85516349988338,0.0,0.0,0.0,60.05603057694889
3134,1974-07-18,113.71733913124748,17.959884619229644,103.18602292539188,113.71733913124748,113.71733913124748,-53.74054415920328,-53.74054415920328,-53.74054415920328,-53.74054415920328,-53.74054415920328,-53.74054415920328,0.0,0.0,0.0,59.9767949720442
3135,1974-07-19,114.5234841856627,16.62468358622136,102.28804119897791,114.5234841856627,114.5234841856627,-54.62507218079284,-54.62507218079284,-54.62507218079284,-54.62507218079284,-54.62507218079284,-54.62507218079284,0.0,0.0,0.0,59.898412004869854
3136,1974-07-22,116.94191934890972,17.443723342449147,97.63504325555581,116.94191934890972,116.94191934890972,-57.27344809757986,-57.27344809757986,-57.27344809757986,-57.27344809757986,-57.27344809757986,-57.27344809757986,0.0,0.0,0.0,59.66847125132986
3137,1974-07-23,117.74806440332493,16.10208983638469,100.90474946328399,117.74806440332493,117.74806440332493,-58.154473315894776,-58.154473315894776,-58.154473315894776,-58.154473315894776,-58.154473315894776,-58.154473315894776,0.0,0.0,0.0,59.593591087430156
3138,1974-07-24,118.55420945774014,18.46733605289725,100.52152038730713,118.55420945774014,118.55420945774014,-59.03459984019858,-59.03459984019858,-59.03459984019858,-59.03459984019858,-59.03459984019858,-59.03459984019858,0.0,0.0,0.0,59.51960961754156
3139,1974-07-25,119.36035451215605,16.52078749884907,99.36282290833189,119.36035451215605,119.36035451215605,-59.913818501822384,-59.913818501822384,-59.913818501822384,-59.913818501822384,-59.913818501822384,-59.913818501822384,0.0,0.0,0.0,59.446536010333666
3140,1974-07-26,120.16649956657126,17.11064996589248,101.60518852657884,120.16649956657126,120.16649956657126,-60.792120146724095,-60.792120146724095,-60.792120146724095,-60.792120146724095,-60.792120146724095,-60.792120146724095,0.0,0.0,0.0,59.374379419847166
3141,1974-07-29,122.58493472981759,19.759600714917468,100.08367953073494,122.58493472981759,122.58493472981759,-63.42143166397984,-63.42143166397984,-63.42143166397984,-63.42143166397984,-63.42143166397984,-63.42143166397984,0.0,0.0,0.0,59.16350306583775
3142,1974-07-30,123.39107978423348,15.35472972363928,99.66403157824662,123.39107978423348,123.39107978423348,-64.29597400059629,-64.29597400059629,-64.29597400059629,-64.29597400059629,-64.29597400059629,-64.29597400059629,0.0,0.0,0.0,59.095105783637194
3143,1974-07-31,124.1972248386487,21.801342472758073,100.86524423548956,124.1972248386487,124.1972248386487,-65.16955377615741,-65.16955377615741,-65.16955377615741,-65.16955377615741,-65.16955377615741,-65.16955377615741,0.0,0.0,0.0,59.02767106249128
3144,1974-08-01,125.0033698930639,19.37698054273722,99.3968241123791,125.0033698930639,125.0033698930639,-66.04216192825848,-66.04216192825848,-66.04216192825848,-66.04216192825848,-66.04216192825848,-66.04216192825848,0.0,0.0,0.0,58.961207964805425
3145,1974-08-02,125.80951494747912,16.60051482960374,101.81553595100104,125.80951494747912,125.80951494747912,-66.91378941041127,-66.91378941041127,-66.91378941041127,-66.91378941041127,-66.91378941041127,-66.91378941041127,0.0,0.0,0.0,58.89572553706785
3146,1974-08-05,128.22795011072614,18.9105796172285,103.33357079637403,128.22795011072614,128.22795011072614,-69.52269761486151,-69.52269761486151,-69.52269761486151,-69.52269761486151,-69.52269761486151,-69.52269761486151,0.0,0.0,0.0,58.70525249586463
3147,1974-08-06,129.03409516514137,18.73490431946447,101.02613833815013,129.03409516514137,129.03409516514137,-70.3903122770378,-70.3903122770378,-70.3903122770378,-70.3903122770378,-70.3903122770378,-70.3903122770378,0.0,0.0,0.0,58.64378288810357
3148,1974-08-07,129.84024021955656,17.36073490661459,99.12272179687665,129.84024021955656,129.84024021955656,-71.25690128194559,-71.25690128194559,-71.25690128194559,-71.25690128194559,-71.25690128194559,-71.25690128194559,0.0,0.0,0.0,58.583338937610975
3149,1974-08-08,130.6463852739718,16.4519012918788,96.79350188903005,130.6463852739718,130.6463852739718,-72.12245568242032,-72.12245568242032,-72.12245568242032,-72.12245568242032,-72.12245568242032,-72.12245568242032,0.0,0.0,0.0,58.523929591551465
3150,1974-08-09,131.45253032838698,16.714884421390707,96.2030678911485,131.45253032838698,131.45253032838698,-72.98696654848592,-72.98696654848592,-72.98696654848592,-72.98696654848592,-72.98696654848592,-72.98696654848592,0.0,0.0,0.0,58.46556377990106
3151,1974-08-12,133.870965491634,16.28597622032415,101.38487873717109,133.870965491634,133.870965491634,-75.57414890211507,-75.57414890211507,-75.57414890211507,-75.57414890211507,-75.57414890211507,-75.57414890211507,0.0,0.0,0.0,58.296816589518926
3152,1974-08-13,134.67711054604922,19.209849580555012,98.41109339900359,134.67711054604922,134.67711054604922,-76.43439668090555,-76.43439668090555,-76.43439668090555,-76.43439668090555,-76.43439668090555,-76.43439668090555,0.0,0.0,0.0,58.24271386514367
3153,1974-08-14,135.48325560046442,18.5743874672399,101.49302126160359,135.48325560046442,135.48325560046442,-77.29355653957111,-77.29355653957111,-77.29355653957111,-77.29355653957111,-77.29355653957111,-77.29355653957111,0.0,0.0,0.0,58.189699060893304
3154,1974-08-15,136.28940065488032,14.963702487667573,102.07620285061145,136.28940065488032,136.28940065488032,-78.15161965505989,-78.15161965505989,-78.15161965505989,-78.15161965505989,-78.15161965505989,-78.15161965505989,0.0,0.0,0.0,58.137780999820436
3155,1974-08-16,137.09554570929555,16.021580217878522,98.65182673561742,137.09554570929555,137.09554570929555,-79.00857722276822,-79.00857722276822,-79.00857722276822,-79.00857722276822,-79.00857722276822,-79.00857722276822,0.0,0.0,0.0,58.086968486527326
3156,1974-08-19,139.51398087254188,14.174866054286664,100.77543481994974,139.51398087254188,139.51398087254188,-81.57272887364167,-81.57272887364167,-81.57272887364167,-81.57272887364167,-81.57272887364167,-81.57272887364167,0.0,0.0,0.0,57.94125199890021
3157,1974-08-20,140.3201259269578,18.2201503198938,98.1777647375419,140.3201259269578,140.3201259269578,-82.42517657939511,-82.42517657939511,-82.42517657939511,-82.42517657939511,-82.42517657939511,-82.42517657939511,0.0,0.0,0.0,57.89494934756267
3158,1974-08-21,141.12627098137298,17.433256284005612,98.9122772096419,141.12627098137298,141.12627098137298,-83.27647499730824,-83.27647499730824,-83.27647499730824,-83.27647499730824,-83.27647499730824,-83.27647499730824,0.0,0.0,0.0,57.84979598406474
3159,1974-08-22,141.9324160357882,15.822004419197631,99.86754697236967,141.9324160357882,141.9324160357882,-84.12661543720212,-84.12661543720212,-84.12661543720212,-84.12661543720212,-84.12661543720212,-84.12661543720212,0.0,0.0,0.0,57.80580059858609
3160,1974-08-23,142.7385610902034,15.529940192696596,97.61065935703749,142.7385610902034,142.7385610902034,-84.97558922858845,-84.97558922858845,-84.97558922858845,-84.97558922858845,-84.97558922858845,-84.97558922858845,0.0,0.0,0.0,57.76297186161496
3161,1974-08-26,145.15699625344973,16.347203915577726,98.7644582266607,145.15699625344973,145.15699625344973,-87.51542430585866,-87.51542430585866,-87.51542430585866,-87.51542430585866,-87.51542430585866,-87.51542430585866,0.0,0.0,0.0,57.641571947591075
3162,1974-08-27,145.96314130786564,15.400996353407622,98.35694806088237,145.96314130786564,145.96314130786564,-88.35964519827803,-88.35964519827803,-88.35964519827803,-88.35964519827803,-88.35964519827803,-88.35964519827803,0.0,0.0,0.0,57.60349610958761
3163,1974-08-28,146.76928636228087,15.576847368569544,98.91549138611879,146.76928636228087,146.76928636228087,-89.20265639123942,-89.20265639123942,-89.20265639123942,-89.20265639123942,-89.20265639123942,-89.20265639123942,0.0,0.0,0.0,57.56662997104145
3164,1974-08-29,147.57543141669606,18.468974071947855,99.10231987945072,147.57543141669606,147.57543141669606,-90.04444933607458,-90.04444933607458,-90.04444933607458,-90.04444933607458,-90.04444933607458,-90.04444933607458,0.0,0.0,0.0,57.530982080621484
3165,1974-08-30,148.38157647111197,16.36044548546136,101.29126288899755,148.38157647111197,148.38157647111197,-90.88501550502717,-90.88501550502717,-90.88501550502717,-90.88501550502717,-90.88501550502717,-90.88501550502717,0.0,0.0,0.0,57.4965609660848
3166,1974-09-03,151.60615668877352,16.20743047019662,96.90200826273444,151.60615668877352,151.60615668877352,-94.23484260852639,-94.23484260852639,-94.23484260852639,-94.23484260852639,-94.23484260852639,-94.23484260852639,0.0,0.0,0.0,57.37131408024713
3167,1974-09-04,152.41230174318943,13.878730988864074,99.32945223894262,152.41230174318943,152.41230174318943,-95.06914772576971,-95.06914772576971,-95.06914772576971,-95.06914772576971,-95.06914772576971,-95.06914772576971,0.0,0.0,0.0,57.34315401741972
3168,1974-09-05,153.21844679760463,15.216979575978387,99.0579353768306,153.21844679760463,153.21844679760463,-95.90217534942684,-95.90217534942684,-95.90217534942684,-95.90217534942684,-95.90217534942684,-95.90217534942684,0.0,0.0,0.0,57.31627144817779
3169,1974-09-06,154.02459185201985,17.921917744372706,97.86330530083546,154.02459185201985,154.02459185201985,-96.73391710295309,-96.73391710295309,-96.73391710295309,-96.73391710295309,-96.73391710295309,-96.73391710295309,0.0,0.0,0.0,57.29067474906677
3170,1974-09-09,156.44302701526615,16.07908780439012,100.12087202882873,156.44302701526615,156.44302701526615,-99.22134371260286,-99.22134371260286,-99.22134371260286,-99.22134371260286,-99.22134371260286,-99.22134371260286,0.0,0.0,0.0,57.221683302663294
3171,1974-09-10,157.24917206968138,12.812268656475142,100.6674331243377,157.24917206968138,157.24917206968138,-100.04785866840993,-100.04785866840993,-100.04785866840993,-100.04785866840993,-100.04785866840993,-100.04785866840993,0.0,0.0,0.0,57.20131340127145
3172,1974-09-11,158.0553171240973,17.381452402190032,100.18202181955539,158.0553171240973,158.0553171240973,-100.87304620902752,-100.87304620902752,-100.87304620902752,-100.87304620902752,-100.87304620902752,-100.87304620902752,0.0,0.0,0.0,57.182270915069765
3173,1974-09-12,158.86146217851248,16.660566009866564,101.17339541291209,158.86146217851248,158.86146217851248,-101.6968980941568,-101.6968980941568,-101.6968980941568,-101.6968980941568,-101.6968980941568,-101.6968980941568,0.0,0.0,0.0,57.16456408435569
3174,1974-09-13,159.6676072329277,10.053533876521326,97.86808079202132,159.6676072329277,159.6676072329277,-102.519406106794,-102.519406106794,-102.519406106794,-102.519406106794,-102.519406106794,-102.519406106794,0.0,0.0,0.0,57.14820112613371
3175,1974-09-16,162.08604239617404,16.864168776650903,98.86221823156262,162.08604239617404,162.08604239617404,-104.97878509264555,-104.97878509264555,-104.97878509264555,-104.97878509264555,-104.97878509264555,-104.97878509264555,0.0,0.0,0.0,57.107257303528485
3176,1974-09-17,162.89218745058923,17.6717818021762,98.86961671465436,162.89218745058923,162.89218745058923,-105.79583591701147,-105.79583591701147,-105.79583591701147,-105.79583591701147,-105.79583591701147,-105.79583591701147,0.0,0.0,0.0,57.09635153357776
3177,1974-09-18,163.69833250500514,14.891459796550294,97.43022463873501,163.69833250500514,163.69833250500514,-106.61150213911654,-106.61150213911654,-106.61150213911654,-106.61150213911654,-106.61150213911654,-106.61150213911654,0.0,0.0,0.0,57.0868303658886
3178,1974-09-19,164.50447755942105,14.466733996847442,97.45909302675894,164.50447755942105,164.50447755942105,-107.42577568521328,-107.42577568521328,-107.42577568521328,-107.42577568521328,-107.42577568521328,-107.42577568521328,0.0,0.0,0.0,57.078701874207766
3179,1974-09-20,165.31062261383627,13.616025934973036,96.28057292065965,165.31062261383627,165.31062261383627,-108.23864850600648,-108.23864850600648,-108.23864850600648,-108.23864850600648,-108.23864850600648,-108.23864850600648,0.0,0.0,0.0,57.07197410782979
3180,1974-09-23,167.7290577770819,12.616684539813694,98.58342017874055,167.7290577770819,167.7290577770819,-110.66878249381041,-110.66878249381041,-110.66878249381041,-110.66878249381041,-110.66878249381041,-110.66878249381041,0.0,0.0,0.0,57.06027528327148
3181,1974-09-24,168.5352028314978,16.26640414429421,97.57086856003855,168.5352028314978,168.5352028314978,-111.47597241517259,-111.47597241517259,-111.47597241517259,-111.47597241517259,-111.47597241517259,-111.47597241517259,0.0,0.0,0.0,57.05923041632521
3182,1974-09-25,169.34134788591302,11.71926378831737,98.09023179770287,169.34134788591302,169.34134788591302,-112.28172173722493,-112.28172173722493,-112.28172173722493,-112.28172173722493,-112.28172173722493,-112.28172173722493,0.0,0.0,0.0,57.059626148688096
3183,1974-09-26,170.14749294032893,16.236656841481715,101.05511697356138,170.14749294032893,170.14749294032893,-113.08602256079216,-113.08602256079216,-113.08602256079216,-113.08602256079216,-113.08602256079216,-113.08602256079216,0.0,0.0,0.0,57.06147037953677
3184,1974-09-27,170.95363799474413,15.14759705020359,98.74477311247365,170.95363799474413,170.95363799474413,-113.8888670122817,-113.8888670122817,-113.8888670122817,-113.8888670122817,-113.8888670122817,-113.8888670122817,0.0,0.0,0.0,57.064770982462434
3185,1974-09-30,173.37207315799046,19.881369916279798,99.48123898862178,173.37207315799046,173.37207315799046,-116.28858378544396,-116.28858378544396,-116.28858378544396,-116.28858378544396,-116.28858378544396,-116.28858378544396,0.0,0.0,0.0,57.083489372546495
3186,1974-10-01,174.17821821240568,14.08016539351251,100.83002891670225,174.17821821240568,174.17821821240568,-117.08552452992275,-117.08552452992275,-117.08552452992275,-117.08552452992275,-117.08552452992275,-117.08552452992275,0.0,0.0,0.0,57.09269368248293
3187,1974-10-02,174.98436326682088,15.093151907289725,98.14000674845131,174.98436326682088,174.98436326682088,-117.88096992366525,-117.88096992366525,-117.88096992366525,-117.88096992366525,-117.88096992366525,-117.88096992366525,0.0,0.0,0.0,57.10339334315563
3188,1974-10-03,175.79050832123679,15.540636249608628,98.84755604200008,175.79050832123679,175.79050832123679,-118.67491224990461,-118.67491224990461,-118.67491224990461,-118.67491224990461,-118.67491224990461,-118.67491224990461,0.0,0.0,0.0,57.11559607133218
3189,1974-10-04,176.5966533756527,14.310495598334228,98.2779198277062,176.5966533756527,176.5966533756527,-119.46734381856224,-119.46734381856224,-119.46734381856224,-119.46734381856224,-119.46734381856224,-119.46734381856224,0.0,0.0,0.0,57.12930955709045
3190,1974-10-07,179.0150885388983,14.537570991077589,99.22221386069097,179.01508853889828,179.01508853889828,-121.83549748181518,-121.83549748181518,-121.83549748181518,-121.83549748181518,-121.83549748181518,-121.83549748181518,0.0,0.0,0.0,57.17959105708313
3191,1974-10-08,179.82123359331354,16.219915045115652,99.80183088383431,179.82123359331354,179.82123359331354,-122.621809658521,-122.621809658521,-122.621809658521,-122.621809658521,-122.621809658521,-122.621809658521,0.0,0.0,0.0,57.199423934792534
3192,1974-10-09,180.62737864772873,17.66220900781027,97.10684092692972,180.62737864772873,180.62737864772873,-123.40657303297408,-123.40657303297408,-123.40657303297408,-123.40657303297408,-123.40657303297408,-123.40657303297408,0.0,0.0,0.0,57.22080561475465
3193,1974-10-10,181.43352370214464,13.795939350325586,99.55940975965295,181.43352370214464,181.43352370214464,-124.18978007846178,-124.18978007846178,-124.18978007846178,-124.18978007846178,-124.18978007846178,-124.18978007846178,0.0,0.0,0.0,57.24374362368286
3194,1974-10-11,182.23966875656055,14.553483579611843,99.3619007158806,182.23966875656055,182.23966875656055,-124.971423296033,-124.971423296033,-124.971423296033,-124.971423296033,-124.971423296033,-124.971423296033,0.0,0.0,0.0,57.26824546052755
3195,1974-10-14,184.6581039198062,17.28487180070414,99.92544536528035,184.6581039198062,184.6581039198062,-127.30689541135919,-127.30689541135919,-127.30689541135919,-127.30689541135919,-127.30689541135919,-127.30689541135919,0.0,0.0,0.0,57.351208508447
3196,1974-10-15,185.4642489742221,16.398689967246266,97.24391511670093,185.4642489742221,185.4642489742221,-128.08220888829655,-128.08220888829655,-128.08220888829655,-128.08220888829655,-128.08220888829655,-128.08220888829655,0.0,0.0,0.0,57.38204008592555
3197,1974-10-16,186.2703940286373,20.20873274681203,98.56737605538879,186.27039402863727,186.27039402863727,-128.85592146427823,-128.85592146427823,-128.85592146427823,-128.85592146427823,-128.85592146427823,-128.85592146427823,0.0,0.0,0.0,57.41447256435907
3198,1974-10-17,187.07653908305252,13.015291253292016,98.43304808487206,187.07653908305252,187.07653908305252,-129.62802581008393,-129.62802581008393,-129.62802581008393,-129.62802581008393,-129.62802581008393,-129.62802581008393,0.0,0.0,0.0,57.4485132729686
3199,1974-10-18,187.88268413746843,16.623795924327595,98.47635944503737,187.88268413746843,187.88268413746843,-130.3985146253022,-130.3985146253022,-130.3985146253022,-130.3985146253022,-130.3985146253022,-130.3985146253022,0.0,0.0,0.0,57.48416951216623
3200,1974-10-21,190.30111930071476,14.238061174545122,100.38815875967985,190.30111930071476,190.30111930071476,-132.7002153185199,-132.7002153185199,-132.7002153185199,-132.7002153185199,-132.7002153185199,-132.7002153185199,0.0,0.0,0.0,57.600903982194865
3201,1974-10-22,191.10726435512996,18.00137654182857,100.91684557455073,191.10726435512996,191.10726435512996,-133.4641695885632,-133.4641695885632,-133.4641695885632,-133.4641695885632,-133.4641695885632,-133.4641695885632,0.0,0.0,0.0,57.64309476656675
3202,1974-10-23,191.91340940954518,14.537989985324298,100.58294482110946,191.91340940954518,191.91340940954518,-134.22647226320137,-134.22647226320137,-134.22647226320137,-134.22647226320137,-134.22647226320137,-134.22647226320137,0.0,0.0,0.0,57.68693714634381
3203,1974-10-24,192.71955446396038,18.050906708029522,99.66665469274567,192.71955446396038,192.71955446396038,-134.98711621793313,-134.98711621793313,-134.98711621793313,-134.98711621793313,-134.98711621793313,-134.98711621793313,0.0,0.0,0.0,57.73243824602724
3204,1974-10-25,193.52569951837629,17.497372873896726,102.11057848080716,193.52569951837626,193.52569951837626,-135.74609435807895,-135.74609435807895,-135.74609435807895,-135.74609435807895,-135.74609435807895,-135.74609435807895,0.0,0.0,0.0,57.779605160297336
3205,1974-10-28,195.94413468162261,13.337488526967359,97.93737549482206,195.94413468162261,195.94413468162261,-138.01296339452844,-138.01296339452844,-138.01296339452844,-138.01296339452844,-138.01296339452844,-138.01296339452844,0.0,0.0,0.0,57.93117128709417
3206,1974-10-29,196.75027973603784,17.011207794214805,100.7399747702109,196.75027973603784,196.75027973603784,-138.76520793095048,-138.76520793095048,-138.76520793095048,-138.76520793095048,-138.76520793095048,-138.76520793095048,0.0,0.0,0.0,57.98507180508736
3207,1974-10-30,197.55642479045372,17.072760865780918,100.13956244046743,197.55642479045372,197.55642479045372,-139.5157516316796,-139.5157516316796,-139.5157516316796,-139.5157516316796,-139.5157516316796,-139.5157516316796,0.0,0.0,0.0,58.040673158774126
3208,1974-10-31,198.36256984486894,13.677822796949688,98.88566284812177,198.36256984486894,198.36256984486894,-140.26458758393326,-140.26458758393326,-140.26458758393326,-140.26458758393326,-140.26458758393326,-140.26458758393326,0.0,0.0,0.0,58.09798226093568
3209,1974-11-01,199.16871489928414,20.872844759407148,101.2594475666394,199.16871489928414,199.16871489928414,-141.01170890573266,-141.01170890573266,-141.01170890573266,-141.01170890573266,-141.01170890573266,-141.01170890573266,0.0,0.0,0.0,58.15700599355148
3210,1974-11-04,201.58715006253118,17.235103277797805,97.58777589823184,201.58715006253118,201.58715006253118,-143.24271673354238,-143.24271673354238,-143.24271673354238,-143.24271673354238,-143.24271673354238,-143.24271673354238,0.0,0.0,0.0,58.3444333289888
3211,1974-11-05,202.39329511694638,15.93094277736113,102.6150957461472,202.39329511694638,202.39329511694638,-143.98291133459335,-143.98291133459335,-143.98291133459335,-143.98291133459335,-143.98291133459335,-143.98291133459335,0.0,0.0,0.0,58.41038378235302
3212,1974-11-06,203.1994401713616,18.238267559051444,99.8472489619962,203.1994401713616,203.1994401713616,-144.72135736212903,-144.72135736212903,-144.72135736212903,-144.72135736212903,-144.72135736212903,-144.72135736212903,0.0,0.0,0.0,58.478082809232575
3213,1974-11-07,204.0055852257768,17.673179245365155,98.30950178518381,204.0055852257768,204.0055852257768,-145.45804812185048,-145.45804812185048,-145.45804812185048,-145.45804812185048,-145.45804812185048,-145.45804812185048,0.0,0.0,0.0,58.54753710392632
3214,1974-11-08,204.81173028019202,18.29033634304544,102.48848940987422,204.81173028019202,204.81173028019202,-146.19297695120983,-146.19297695120983,-146.19297695120983,-146.19297695120983,-146.19297695120983,-146.19297695120983,0.0,0.0,0.0,58.618753328982194
3215,1974-11-11,207.23016544343903,15.971080114957033,99.75480697059969,207.23016544343903,207.23016544343903,-148.38712571065992,-148.38712571065992,-148.38712571065992,-148.38712571065992,-148.38712571065992,-148.38712571065992,0.0,0.0,0.0,58.84303973277912
3216,1974-11-12,208.03631049785426,21.884059231472467,101.17714354376582,208.03631049785423,208.03631049785423,-149.1149408327093,-149.1149408327093,-149.1149408327093,-149.1149408327093,-149.1149408327093,-149.1149408327093,0.0,0.0,0.0,58.921369665144965
3217,1974-11-13,208.84245555226946,17.30836294994217,103.76509437673646,208.84245555226946,208.84245555226946,-149.84096119251478,-149.84096119251478,-149.84096119251478,-149.84096119251478,-149.84096119251478,-149.84096119251478,0.0,0.0,0.0,59.00149435975467
3218,1974-11-14,209.64860060668536,17.66519158526224,101.33153369577543,209.64860060668536,209.64860060668536,-150.5651803207833,-150.5651803207833,-150.5651803207833,-150.5651803207833,-150.5651803207833,-150.5651803207833,0.0,0.0,0.0,59.083420285902065
3219,1974-11-15,210.4547456611006,16.431822846806362,101.97051979663823,210.4547456611006,210.4547456611006,-151.28759178088293,-151.28759178088293,-151.28759178088293,-151.28759178088293,-151.28759178088293,-151.28759178088293,0.0,0.0,0.0,59.167153880217654
3220,1974-11-18,212.87318082434692,17.514826542820025,99.56716458739939,212.87318082434692,212.87318082434692,-153.4439162784292,-153.4439162784292,-153.4439162784292,-153.4439162784292,-153.4439162784292,-153.4439162784292,0.0,0.0,0.0,59.429264545917704
3221,1974-11-19,213.67932587876282,18.11081171134734,98.73691402985582,213.67932587876282,213.67932587876282,-154.1590333571904,-154.1590333571904,-154.1590333571904,-154.1590333571904,-154.1590333571904,-154.1590333571904,0.0,0.0,0.0,59.52029252157243
3222,1974-11-20,214.48547093317802,19.283250434487503,101.69845171529239,214.48547093317802,214.48547093317802,-154.87231107896426,-154.87231107896426,-154.87231107896426,-154.87231107896426,-154.87231107896426,-154.87231107896426,0.0,0.0,0.0,59.61315985421376
3223,1974-11-21,215.29161598759325,18.8271631883151,102.26825248214993,215.29161598759322,215.29161598759322,-155.58374320572955,-155.58374320572955,-155.58374320572955,-155.58374320572955,-155.58374320572955,-155.58374320572955,0.0,0.0,0.0,59.7078727818637
3224,1974-11-22,216.09776104200844,19.944187294739187,101.35139449849017,216.09776104200844,216.09776104200844,-156.29332353299995,-156.29332353299995,-156.29332353299995,-156.29332353299995,-156.29332353299995,-156.29332353299995,0.0,0.0,0.0,59.804437509008494
3225,1974-11-25,218.51619620525545,19.44893979870718,98.57314141641075,218.51619620525543,218.51619620525543,-158.4108921785658,-158.4108921785658,-158.4108921785658,-158.4108921785658,-158.4108921785658,-158.4108921785658,0.0,0.0,0.0,60.10530402668965
3226,1974-11-26,219.32234125967068,20.482707680178393,101.14195109416936,219.32234125967068,219.32234125967068,-159.1130039379492,-159.1130039379492,-159.1130039379492,-159.1130039379492,-159.1130039379492,-159.1130039379492,0.0,0.0,0.0,60.20933732172148
3227,1974-11-27,220.12848631408588,17.423366217555156,102.41013559142908,220.12848631408588,220.12848631408588,-159.81323338267137,-159.81323338267137,-159.81323338267137,-159.81323338267137,-159.81323338267137,-159.81323338267137,0.0,0.0,0.0,60.315252931414506
3228,1974-11-29,221.740776422917,18.297823875160194,103.99921156213267,221.740776422917,221.740776422917,-161.20802135952349,-161.20802135952349,-161.20802135952349,-161.20802135952349,-161.20802135952349,-161.20802135952349,0.0,0.0,0.0,60.53275506339352
3229,1974-12-02,224.15921158616263,19.89236211046774,100.58738175259194,224.15921158616263,224.15921158616263,-163.28593706571152,-163.28593706571152,-163.28593706571152,-163.28593706571152,-163.28593706571152,-163.28593706571152,0.0,0.0,0.0,60.873274520451105
3230,1974-12-03,224.96535664057853,18.75797468085792,104.28121635153391,224.96535664057853,224.96535664057853,-163.97474781385796,-163.97474781385796,-163.97474781385796,-163.97474781385796,-163.97474781385796,-163.97474781385796,0.0,0.0,0.0,60.990608826720575
3231,1974-12-04,225.77150169499444,19.755648584102367,104.40226172950234,225.7715016949944,225.7715016949944,-164.66163496795838,-164.66163496795838,-164.66163496795838,-164.66163496795838,-164.66163496795838,-164.66163496795838,0.0,0.0,0.0,61.109866727036064
3232,1974-12-05,226.57764674940967,18.02761155742388,105.83130020562464,226.57764674940967,226.57764674940967,-165.34659277027671,-165.34659277027671,-165.34659277027671,-165.34659277027671,-165.34659277027671,-165.34659277027671,0.0,0.0,0.0,61.23105397913295
3233,1974-12-06,227.38379180382486,22.54860346817944,104.39262611094661,227.38379180382486,227.38379180382486,-166.02961549824428,-166.02961549824428,-166.02961549824428,-166.02961549824428,-166.02961549824428,-166.02961549824428,0.0,0.0,0.0,61.35417630558058
3234,1974-12-09,229.8022269670705,17.076028384573533,100.89074075757067,229.8022269670705,229.8022269670705,-168.06701654017564,-168.06701654017564,-168.06701654017564,-168.06701654017564,-168.06701654017564,-168.06701654017564,0.0,0.0,0.0,61.73521042689487
3235,1974-12-10,230.6083720214871,21.389611823625913,105.67236039984601,230.6083720214871,230.6083720214871,-168.7422424522456,-168.7422424522456,-168.7422424522456,-168.7422424522456,-168.7422424522456,-168.7422424522456,0.0,0.0,0.0,61.86612956924151
3236,1974-12-11,231.41451707590232,21.771271236850186,102.11919055177981,231.41451707590232,231.41451707590232,-169.4155052084664,-169.4155052084664,-169.4155052084664,-169.4155052084664,-169.4155052084664,-169.4155052084664,0.0,0.0,0.0,61.99901186743591
3237,1974-12-12,232.22066213031752,22.230457030968314,106.10920504132486,232.22066213031752,232.22066213031752,-170.08679929956432,-170.08679929956432,-170.08679929956432,-170.08679929956432,-170.08679929956432,-170.08679929956432,0.0,0.0,0.0,62.1338628307532
3238,1974-12-13,233.02680718473275,22.50220242875685,101.9124107779139,233.02680718473275,233.02680718473275,-170.75611925218723,-170.75611925218723,-170.75611925218723,-170.75611925218723,-170.75611925218723,-170.75611925218723,0.0,0.0,0.0,62.27068793254551
3239,1974-12-16,235.44524234797908,19.746017057480163,103.07916939120254,235.4452423479791,235.4452423479791,-172.75218008672314,-172.75218008672314,-172.75218008672314,-172.75218008672314,-172.75218008672314,-172.75218008672314,0.0,0.0,0.0,62.69306226125593
3240,1974-12-17,236.25138740239427,17.789736710359442,106.29556131130028,236.25138740239427,236.25138740239427,-173.41354947403042,-173.41354947403042,-173.41354947403042,-173.41354947403042,-173.41354947403042,-173.41354947403042,0.0,0.0,0.0,62.837837928363854
3241,1974-12-18,237.05753245681018,22.613354920466303,107.59061696558061,237.05753245681018,237.05753245681018,-174.07291789857834,-174.07291789857834,-174.07291789857834,-174.07291789857834,-174.07291789857834,-174.07291789857834,0.0,0.0,0.0,62.98461455823184
3242,1974-12-19,237.8636775112261,20.53605754815525,102.37502126153487,237.8636775112261,237.8636775112261,-174.73028010471856,-174.73028010471856,-174.73028010471856,-174.73028010471856,-174.73028010471856,-174.73028010471856,0.0,0.0,0.0,63.13339740650753
3243,1974-12-20,238.66982256564128,24.928436027344716,105.75766937427744,238.66982256564128,238.66982256564128,-175.3856308734404,-175.3856308734404,-175.3856308734404,-175.3856308734404,-175.3856308734404,-175.3856308734404,0.0,0.0,0.0,63.28419169220089
3244,1974-12-23,241.08825772888693,24.16064468200961,107.6279038397501,241.08825772888693,241.08825772888693,-177.33956291659615,-177.33956291659615,-177.33956291659615,-177.33956291659615,-177.33956291659615,-177.33956291659615,0.0,0.0,0.0,63.74869481229078
3245,1974-12-24,241.89440278330213,21.3153797689175,106.1893034359964,241.89440278330213,241.89440278330213,-177.98681648169722,-177.98681648169722,-177.98681648169722,-177.98681648169722,-177.98681648169722,-177.98681648169722,0.0,0.0,0.0,63.90758630160491
3246,1974-12-26,243.50669289213394,23.90761635884662,106.92335603215346,243.50669289213394,243.50669289213394,-179.27520767623193,-179.27520767623193,-179.27520767623193,-179.27520767623193,-179.27520767623193,-179.27520767623193,0.0,0.0,0.0,64.23148521590201
3247,1974-12-27,244.31283794654917,21.680587095377614,105.20186130634232,244.31283794654917,244.31283794654917,-179.91633534866972,-179.91633534866972,-179.91633534866972,-179.91633534866972,-179.91633534866972,-179.91633534866972,0.0,0.0,0.0,64.39650259787945
3248,1974-12-30,246.7312731097955,23.942419259604716,106.17166469701729,246.7312731097955,246.7312731097955,-181.82738771008795,-181.82738771008795,-181.82738771008795,-181.82738771008795,-181.82738771008795,-181.82738771008795,0.0,0.0,0.0,64.90388539970755
3249,1974-12-31,247.5374181642107,23.59261252098122,109.6503119078805,247.5374181642107,247.5374181642107,-182.4602787874523,-182.4602787874523,-182.4602787874523,-182.4602787874523,-182.4602787874523,-182.4602787874523,0.0,0.0,0.0,65.0771393767584
3250,1975-01-02,249.14970827304182,26.591591293970097,105.37164542953838,249.14970827304182,249.14970827304182,-183.7198426893864,-183.7198426893864,-183.7198426893864,-183.7198426893864,-183.7198426893864,-183.7198426893864,0.0,0.0,0.0,65.42986558365541
3251,1975-01-03,249.95585332745702,23.295984590938215,104.23355525139435,249.95585332745702,249.95585332745702,-184.34650608371348,-184.34650608371348,-184.34650608371348,-184.34650608371348,-184.34650608371348,-184.34650608371348,0.0,0.0,0.0,65.60934724374354
3252,1975-01-06,252.37428849070335,25.42541098234796,105.1225320525954,252.37428849070335,252.37428849070335,-186.21396625712248,-186.21396625712248,-186.21396625712248,-186.21396625712248,-186.21396625712248,-186.21396625712248,0.0,0.0,0.0,66.16032223358087
3253,1975-01-07,253.18043354511858,22.763679225426912,113.11787893999208,253.18043354511858,253.18043354511858,-186.83226103903334,-186.83226103903334,-186.83226103903334,-186.83226103903334,-186.83226103903334,-186.83226103903334,0.0,0.0,0.0,66.34817250608523
3254,1975-01-08,253.98657859953377,23.718183342669896,107.07066864828971,253.98657859953377,253.98657859953377,-187.4484523090402,-187.4484523090402,-187.4484523090402,-187.4484523090402,-187.4484523090402,-187.4484523090402,0.0,0.0,0.0,66.53812629049358
3255,1975-01-09,254.7927236539504,26.718992718163015,107.45806613616512,254.79272365395036,254.79272365395036,-188.06253560037482,-188.06253560037482,-188.06253560037482,-188.06253560037482,-188.06253560037482,-188.06253560037482,0.0,0.0,0.0,66.73018805357557
3256,1975-01-10,255.5988687083656,23.04567338505444,109.58701435327102,255.5988687083656,255.5988687083656,-188.67450648478737,-188.67450648478737,-188.67450648478737,-188.67450648478737,-188.67450648478737,-188.67450648478737,0.0,0.0,0.0,66.92436222357821
3257,1975-01-13,258.0173038716112,24.949613629828768,108.92737607399167,258.0173038716112,258.0173038716112,-190.4977009934291,-190.4977009934291,-190.4977009934291,-190.4977009934291,-190.4977009934291,-190.4977009934291,0.0,0.0,0.0,67.5196028781821
3258,1975-01-14,258.82344892602714,23.304435676801734,111.65179887521286,258.82344892602714,258.82344892602714,-191.10117874078026,-191.10117874078026,-191.10117874078026,-191.10117874078026,-191.10117874078026,-191.10117874078026,0.0,0.0,0.0,67.72227018524688
3259,1975-01-15,259.62959398044234,28.829093589133606,111.78007990315622,259.62959398044234,259.62959398044234,-191.70252252048155,-191.70252252048155,-191.70252252048155,-191.70252252048155,-191.70252252048155,-191.70252252048155,0.0,0.0,0.0,67.92707145996079
3260,1975-01-16,260.43573903485753,25.749123929794088,107.60913098333533,260.43573903485753,260.43573903485753,-192.30172813702887,-192.30172813702887,-192.30172813702887,-192.30172813702887,-192.30172813702887,-192.30172813702887,0.0,0.0,0.0,68.13401089782866
3261,1975-01-17,261.24188408927347,25.08364669254564,109.76685597074145,261.24188408927347,261.24188408927347,-192.89879143397323,-192.89879143397323,-192.89879143397323,-192.89879143397323,-192.89879143397323,-192.89879143397323,0.0,0.0,0.0,68.34309265530024
3262,1975-01-20,263.6603192525198,28.815855701391833,113.94749921847264,263.6603192525198,263.6603192525198,-194.67708643004795,-194.67708643004795,-194.67708643004795,-194.67708643004795,-194.67708643004795,-194.67708643004795,0.0,0.0,0.0,68.98323282247185
3263,1975-01-21,264.466464306935,25.26362728107069,109.62582791301655,264.466464306935,264.466464306935,-195.26553966772408,-195.26553966772408,-195.26553966772408,-195.26553966772408,-195.26553966772408,-195.26553966772408,0.0,0.0,0.0,69.20092463921091
3264,1975-01-22,265.2726093613502,28.33780062297091,111.58812532370771,265.2726093613502,265.2726093613502,-195.85183039189826,-195.85183039189826,-195.85183039189826,-195.85183039189826,-195.85183039189826,-195.85183039189826,0.0,0.0,0.0,69.42077896945193
3265,1975-01-23,266.0787544157654,27.30130164116442,111.00306209619711,266.0787544157654,266.0787544157654,-196.43595468195116,-196.43595468195116,-196.43595468195116,-196.43595468195116,-196.43595468195116,-196.43595468195116,0.0,0.0,0.0,69.64279973381423
3266,1975-01-24,266.884899470182,27.39022581956455,109.55369593356112,266.884899470182,266.884899470182,-197.0179086568086,-197.0179086568086,-197.0179086568086,-197.0179086568086,-197.0179086568086,-197.0179086568086,0.0,0.0,0.0,69.8669908133734
3267,1975-01-27,269.30333463342765,29.52185847526784,111.39185237724337,269.30333463342765,269.30333463342765,-198.750710474044,-198.750710474044,-198.750710474044,-198.750710474044,-198.750710474044,-198.750710474044,0.0,0.0,0.0,70.55262415938364
3268,1975-01-28,270.10947968784285,31.466636572370117,114.67856439927516,270.10947968784285,270.10947968784285,-199.32394517059873,-199.32394517059873,-199.32394517059873,-199.32394517059873,-199.32394517059873,-199.32394517059873,0.0,0.0,0.0,70.78553451724412
3269,1975-01-29,270.9156247422588,29.480102474921193,113.18612443958745,270.9156247422588,270.9156247422588,-199.89499074206248,-199.89499074206248,-199.89499074206248,-199.89499074206248,-199.89499074206248,-199.89499074206248,0.0,0.0,0.0,71.02063400019631
3270,1975-01-30,271.721769796674,31.741451987425343,112.4035987969018,271.721769796674,271.721769796674,-200.46384354599462,-200.46384354599462,-200.46384354599462,-200.46384354599462,-200.46384354599462,-200.46384354599462,0.0,0.0,0.0,71.25792625067936
3271,1975-01-31,272.5279148510892,32.37154799617527,114.40728850678165,272.5279148510892,272.5279148510892,-201.0304999799441,-201.0304999799441,-201.0304999799441,-201.0304999799441,-201.0304999799441,-201.0304999799441,0.0,0.0,0.0,71.49741487114508
3272,1975-02-03,274.9463500143362,31.270223634594686,110.71098335742035,274.9463500143362,274.9463500143362,-202.7172556384672,-202.7172556384672,-202.7172556384672,-202.7172556384672,-202.7172556384672,-202.7172556384672,0.0,0.0,0.0,72.22909437586898
3273,1975-02-04,275.75249506875144,33.021028904249334,116.0768198711053,275.75249506875144,275.75249506875144,-203.2750913698236,-203.2750913698236,-203.2750913698236,-203.2750913698236,-203.2750913698236,-203.2750913698236,0.0,0.0,0.0,72.47740369892784
3274,1975-02-05,276.55864012316664,29.68585076315233,113.46209520709488,276.55864012316664,276.55864012316664,-203.83071332083102,-203.83071332083102,-203.83071332083102,-203.83071332083102,-203.83071332083102,-203.83071332083102,0.0,0.0,0.0,72.72792680233562
3275,1975-02-06,277.36478517758184,32.53965089342511,113.64327741106635,277.36478517758184,277.36478517758184,-204.38411813018982,-204.38411813018982,-204.38411813018982,-204.38411813018982,-204.38411813018982,-204.38411813018982,0.0,0.0,0.0,72.98066704739202
3276,1975-02-07,278.17093023199703,31.849621366057303,114.38787545544882,278.17093023199703,278.17093023199703,-204.9353024769861,-204.9353024769861,-204.9353024769861,-204.9353024769861,-204.9353024769861,-204.9353024769861,0.0,0.0,0.0,73.23562775501094
3277,1975-02-10,280.58936539524404,33.71614360953891,115.51812482343138,280.58936539524404,280.58936539524404,-206.5755001397379,-206.5755001397379,-206.5755001397379,-206.5755001397379,-206.5755001397379,-206.5755001397379,0.0,0.0,0.0,74.01386525550615
3278,1975-02-11,281.3955104496593,33.59946943525155,118.88206214740167,281.3955104496593,281.3955104496593,-207.11777023667136,-207.11777023667136,-207.11777023667136,-207.11777023667136,-207.11777023667136,-207.11777023667136,0.0,0.0,0.0,74.27774021298794
3279,1975-02-12,282.2016555040745,35.515243277449756,115.55805649774204,282.2016555040745,282.2016555040745,-207.6578038740593,-207.6578038740593,-207.6578038740593,-207.6578038740593,-207.6578038740593,-207.6578038740593,0.0,0.0,0.0,74.54385163001518
3280,1975-02-13,283.0078005584897,33.24545742755906,118.49413653018483,283.0078005584897,283.0078005584897,-208.19559797437006,-208.19559797437006,-208.19559797437006,-208.19559797437006,-208.19559797437006,-208.19559797437006,0.0,0.0,0.0,74.81220258411963
3281,1975-02-14,283.8139456129056,34.86508436879518,118.46854233290917,283.8139456129056,283.8139456129056,-208.73114950080455,-208.73114950080455,-208.73114950080455,-208.73114950080455,-208.73114950080455,-208.73114950080455,0.0,0.0,0.0,75.08279611210108
3282,1975-02-18,287.03852583056783,36.83021337628568,114.72342704556722,287.0385258305678,287.0385258305678,-210.85087055998173,-210.85087055998173,-210.85087055998173,-210.85087055998173,-210.85087055998173,-210.85087055998173,0.0,0.0,0.0,76.1876552705861
3283,1975-02-19,287.84467088498303,35.272874656163104,115.94960662311313,287.84467088498303,287.84467088498303,-211.37516509384193,-211.37516509384193,-211.37516509384193,-211.37516509384193,-211.37516509384193,-211.37516509384193,0.0,0.0,0.0,76.4695057911411
3284,1975-02-20,288.6508159393983,37.64434656257363,118.25796881189314,288.6508159393983,288.6508159393983,-211.8971996909091,-211.8971996909091,-211.8971996909091,-211.8971996909091,-211.8971996909091,-211.8971996909091,0.0,0.0,0.0,76.75361624848918
3285,1975-02-21,289.4569609938135,35.713255807568835,120.42132148761846,289.4569609938135,289.4569609938135,-212.41697160073682,-212.41697160073682,-212.41697160073682,-212.41697160073682,-212.41697160073682,-212.41697160073682,0.0,0.0,0.0,77.03998939307667
3286,1975-02-24,291.8753961570605,37.07482379145358,122.16705557790395,291.8753961570605,291.8753961570605,-213.96268431859184,-213.96268431859184,-213.96268431859184,-213.96268431859184,-213.96268431859184,-213.96268431859184,0.0,0.0,0.0,77.91271183846865
3287,1975-02-25,292.6815412114757,38.93343343646536,121.53026335792553,292.6815412114757,292.6815412114757,-214.47337879695456,-214.47337879695456,-214.47337879695456,-214.47337879695456,-214.47337879695456,-214.47337879695456,0.0,0.0,0.0,78.20816241452113
3288,1975-02-26,293.48768626589094,35.772517095061474,121.127833822255,293.48768626589094,293.48768626589094,-214.98179745263252,-214.98179745263252,-214.98179745263252,-214.98179745263252,-214.98179745263252,-214.98179745263252,0.0,0.0,0.0,78.50588881325842
3289,1975-02-27,294.29383132030614,36.531329735016115,118.34300613596616,294.29383132030614,294.29383132030614,-215.48793778214403,-215.48793778214403,-215.48793778214403,-215.48793778214403,-215.48793778214403,-215.48793778214403,0.0,0.0,0.0,78.80589353816211
3290,1975-02-28,295.09997637472134,35.245124902797414,121.19078346618551,295.09997637472134,295.09997637472134,-215.9917973232873,-215.9917973232873,-215.9917973232873,-215.9917973232873,-215.9917973232873,-215.9917973232873,0.0,0.0,0.0,79.10817905143404
3291,1975-03-03,297.51841153796835,38.857658355906416,119.97188637993656,297.51841153796835,297.51841153796835,-217.48966721435647,-217.48966721435647,-217.48966721435647,-217.48966721435647,-217.48966721435647,-217.48966721435647,0.0,0.0,0.0,80.02874432361187
3292,1975-03-04,298.3245565923836,37.89129029559109,123.62159890043631,298.3245565923836,298.3245565923836,-217.9843798067066,-217.9843798067066,-217.9843798067066,-217.9843798067066,-217.9843798067066,-217.9843798067066,0.0,0.0,0.0,80.34017678567699
3293,1975-03-05,299.1307016467988,38.43090122039887,119.5369144929609,299.1307016467988,299.1307016467988,-218.47679991995844,-218.47679991995844,-218.47679991995844,-218.47679991995844,-218.47679991995844,-218.47679991995844,0.0,0.0,0.0,80.65390172684036
3294,1975-03-06,299.9368467012147,39.78832823351088,126.04262707316443,299.9368467012147,299.9368467012147,-218.96692534022122,-218.96692534022122,-218.96692534022122,-218.96692534022122,-218.96692534022122,-218.96692534022122,0.0,0.0,0.0,80.96992136099345
3295,1975-03-07,300.74299175562993,38.329160680651505,122.85257501154175,300.74299175562993,300.74299175562993,-219.4547538950841,-219.4547538950841,-219.4547538950841,-219.4547538950841,-219.4547538950841,-219.4547538950841,0.0,0.0,0.0,81.28823786054582
3296,1975-03-10,303.1614269188755,43.493603263802164,124.65141502058941,303.1614269188755,303.1614269188755,-220.90443726586975,-220.90443726586975,-220.90443726586975,-220.90443726586975,-220.90443726586975,-220.90443726586975,0.0,0.0,0.0,82.25698965300577
3297,1975-03-11,303.96757197329214,41.66028493578223,123.30405673469812,303.96757197329214,303.96757197329214,-221.3830574654575,-221.3830574654575,-221.3830574654575,-221.3830574654575,-221.3830574654575,-221.3830574654575,0.0,0.0,0.0,82.58451450783463
3298,1975-03-12,304.77371702770733,41.781438848234444,127.17038806180462,304.77371702770733,304.77371702770733,-221.85937056060985,-221.85937056060985,-221.85937056060985,-221.85937056060985,-221.85937056060985,-221.85937056060985,0.0,0.0,0.0,82.91434646709749
3299,1975-03-13,305.57986208212253,43.40700862021598,125.86299182199141,305.57986208212253,305.57986208212253,-222.33337462827322,-222.33337462827322,-222.33337462827322,-222.33337462827322,-222.33337462827322,-222.33337462827322,0.0,0.0,0.0,83.24648745384931
3300,1975-03-14,306.3860071365378,43.44240916692459,124.18839523007959,306.3860071365378,306.3860071365378,-222.80506778702295,-222.80506778702295,-222.80506778702295,-222.80506778702295,-222.80506778702295,-222.80506778702295,0.0,0.0,0.0,83.58093934951484
3301,1975-03-17,308.8044422997841,44.406411971047206,126.22111834020055,308.8044422997841,308.8044422997841,-224.20626362034207,-224.20626362034207,-224.20626362034207,-224.20626362034207,-224.20626362034207,-224.20626362034207,0.0,0.0,0.0,84.59817867944204
3302,1975-03-18,309.6105873542,42.741176458864274,125.60114986452632,309.6105873542,309.6105873542,-224.66869516236255,-224.66869516236255,-224.66869516236255,-224.66869516236255,-224.66869516236255,-224.66869516236255,0.0,0.0,0.0,84.94189219183744
3303,1975-03-19,310.4167324086152,46.92751332148222,127.431140619274,310.4167324086152,310.4167324086152,-225.1288070133552,-225.1288070133552,-225.1288070133552,-225.1288070133552,-225.1288070133552,-225.1288070133552,0.0,0.0,0.0,85.28792539525998
3304,1975-03-20,311.22287746303044,42.35424333376509,129.67740767359572,311.22287746303044,311.22287746303044,-225.58659754199752,-225.58659754199752,-225.58659754199752,-225.58659754199752,-225.58659754199752,-225.58659754199752,0.0,0.0,0.0,85.63627992103292
3305,1975-03-21,312.0290225174463,43.39723900769764,128.42937662355118,312.0290225174463,312.0290225174463,-226.04206515869578,-226.04206515869578,-226.04206515869578,-226.04206515869578,-226.04206515869578,-226.04206515869578,0.0,0.0,0.0,85.98695735875054
3306,1975-03-24,314.44745768069197,45.829250049281406,129.88969396064175,314.44745768069197,314.44745768069197,-227.39451526731654,-227.39451526731654,-227.39451526731654,-227.39451526731654,-227.39451526731654,-227.39451526731654,0.0,0.0,0.0,87.05294241337543
3307,1975-03-25,315.25360273510717,48.883224212608596,134.00520591143743,315.25360273510717,315.25360273510717,-227.84067617519622,-227.84067617519622,-227.84067617519622,-227.84067617519622,-227.84067617519622,-227.84067617519622,0.0,0.0,0.0,87.41292655991094
3308,1975-03-26,316.0597477895238,48.45325246394783,131.69340434609467,316.0597477895237,316.0597477895237,-228.28450684940293,-228.28450684940293,-228.28450684940293,-228.28450684940293,-228.28450684940293,-228.28450684940293,0.0,0.0,0.0,87.77524094012085
3309,1975-03-27,316.865892843939,43.758153217115265,131.35855602798787,316.865892843939,316.865892843939,-228.72600595088707,-228.72600595088707,-228.72600595088707,-228.72600595088707,-228.72600595088707,-228.72600595088707,0.0,0.0,0.0,88.13988689305191
3310,1975-03-31,320.0904730616005,46.40454289510357,129.97354629999643,320.0904730616005,320.0904730616005,-230.46866131085307,-230.46866131085307,-230.46866131085307,-230.46866131085307,-230.46866131085307,-230.46866131085307,0.0,0.0,0.0,89.62181175074744
3311,1975-04-01,320.89661811601576,46.96915434712625,133.10489749094046,320.89661811601576,320.89661811601576,-230.89848392525047,-230.89848392525047,-230.89848392525047,-230.89848392525047,-230.89848392525047,-230.89848392525047,0.0,0.0,0.0,89.99813419076528
3312,1975-04-02,321.70276317043164,48.101130769698166,130.96059310692021,321.70276317043164,321.70276317043164,-231.32596781000484,-231.32596781000484,-231.32596781000484,-231.32596781000484,-231.32596781000484,-231.32596781000484,0.0,0.0,0.0,90.3767953604268
3313,1975-04-03,322.50890822484683,49.88571426117201,131.89029963494855,322.50890822484683,322.50890822484683,-231.7511119185271,-231.7511119185271,-231.7511119185271,-231.7511119185271,-231.7511119185271,-231.7511119185271,0.0,0.0,0.0,90.75779630631973
3314,1975-04-04,323.31505327926203,50.37299617048244,134.4697663825978,323.31505327926203,323.31505327926203,-232.1739152460031,-232.1739152460031,-232.1739152460031,-232.1739152460031,-232.1739152460031,-232.1739152460031,0.0,0.0,0.0,91.14113803325893
3315,1975-04-07,325.73348844250836,51.92438809482485,132.19436716936545,325.73348844250836,325.73348844250836,-233.42827112052882,-233.42827112052882,-233.42827112052882,-233.42827112052882,-233.42827112052882,-233.42827112052882,0.0,0.0,0.0,92.30521732197954
3316,1975-04-08,326.5396334969236,50.7520699431244,136.48337331113134,326.5396334969236,326.5396334969236,-233.84170211099212,-233.84170211099212,-233.84170211099212,-233.84170211099212,-233.84170211099212,-233.84170211099212,0.0,0.0,0.0,92.6979313859315
3317,1975-04-09,327.3457785513388,48.57909347941543,136.38911425449507,327.3457785513388,327.3457785513388,-234.25278792276572,-234.25278792276572,-234.25278792276572,-234.25278792276572,-234.25278792276572,-234.25278792276572,0.0,0.0,0.0,93.09299062857309
3318,1975-04-10,328.1519236057554,47.6552312031084,133.68021520614445,328.1519236057554,328.1519236057554,-234.66152780155375,-234.66152780155375,-234.66152780155375,-234.66152780155375,-234.66152780155375,-234.66152780155375,0.0,0.0,0.0,93.49039580420168
3319,1975-04-11,328.9580686601706,53.27930678888221,134.5029125715783,328.9580686601706,328.9580686601706,-235.06792103478202,-235.06792103478202,-235.06792103478202,-235.06792103478202,-235.06792103478202,-235.06792103478202,0.0,0.0,0.0,93.89014762538861
3320,1975-04-14,331.3765038234163,53.27270844300767,137.58417579246128,331.37650382341633,331.37650382341633,-236.27301436094302,-236.27301436094302,-236.27301436094302,-236.27301436094302,-236.27301436094302,-236.27301436094302,0.0,0.0,0.0,95.10348946247325
3321,1975-04-15,332.18264887783215,56.92399846497425,135.99734996286014,332.18264887783215,332.18264887783215,-236.67001472019783,-236.67001472019783,-236.67001472019783,-236.67001472019783,-236.67001472019783,-236.67001472019783,0.0,0.0,0.0,95.51263415763432
3322,1975-04-16,332.98879393224735,58.642608732544254,136.56729185671946,332.98879393224735,332.98879393224735,-237.0646654964047,-237.0646654964047,-237.0646654964047,-237.0646654964047,-237.0646654964047,-237.0646654964047,0.0,0.0,0.0,95.92412843584265
3323,1975-04-17,333.7949389866633,57.442936281628604,136.62237584925856,333.7949389866633,333.7949389866633,-237.45696622703912,-237.45696622703912,-237.45696622703912,-237.45696622703912,-237.45696622703912,-237.45696622703912,0.0,0.0,0.0,96.33797275962417
3324,1975-04-18,334.6010840410785,55.727080520901396,136.12050117561085,334.6010840410785,334.6010840410785,-237.84691649119486,-237.84691649119486,-237.84691649119486,-237.84691649119486,-237.84691649119486,-237.84691649119486,0.0,0.0,0.0,96.75416754988362
3325,1975-04-21,337.0195192043248,55.60270757336583,139.9845904392909,337.0195192043248,337.0195192043248,-239.0026608995967,-239.0026608995967,-239.0026608995967,-239.0026608995967,-239.0026608995967,-239.0026608995967,0.0,0.0,0.0,98.01685830472812
3326,1975-04-22,337.82566425874,56.30559584431919,139.31034586312612,337.82566425874,337.82566425874,-239.38320592045727,-239.38320592045727,-239.38320592045727,-239.38320592045727,-239.38320592045727,-239.38320592045727,0.0,0.0,0.0,98.44245833828273
3327,1975-04-23,338.63180931315526,56.024924949347934,139.44092298172788,338.63180931315526,338.63180931315526,-239.76139899388482,-239.76139899388482,-239.76139899388482,-239.76139899388482,-239.76139899388482,-239.76139899388482,0.0,0.0,0.0,98.87041031927043
3328,1975-04-24,339.43795436757046,58.94998685037041,138.17720470028428,339.43795436757046,339.43795436757046,-240.1372399482496,-240.1372399482496,-240.1372399482496,-240.1372399482496,-240.1372399482496,-240.1372399482496,0.0,0.0,0.0,99.30071441932085
3329,1975-04-25,340.2440994219871,62.1220899659098,142.44899633634986,340.2440994219871,340.2440994219871,-240.5107286533866,-240.5107286533866,-240.5107286533866,-240.5107286533866,-240.5107286533866,-240.5107286533866,0.0,0.0,0.0,99.73337076860048
3330,1975-04-28,342.66253458523266,64.66980554594313,145.00573233725527,342.66253458523266,342.66253458523266,-241.6170805931902,-241.6170805931902,-241.6170805931902,-241.6170805931902,-241.6170805931902,-241.6170805931902,0.0,0.0,0.0,101.04545399204247
3331,1975-04-29,343.4686796396479,59.44553953783493,142.05760821949067,343.4686796396479,343.4686796396479,-241.981159828117,-241.981159828117,-241.981159828117,-241.981159828117,-241.981159828117,-241.981159828117,0.0,0.0,0.0,101.48751981153092
3332,1975-04-30,344.2748246940631,60.239248778123105,141.10039775004006,344.2748246940631,344.2748246940631,-242.34288678400577,-242.34288678400577,-242.34288678400577,-242.34288678400577,-242.34288678400577,-242.34288678400577,0.0,0.0,0.0,101.93193791005734
3333,1975-05-01,345.080969748479,60.78043078978339,139.4630748765548,345.080969748479,345.080969748479,-242.7022615788935,-242.7022615788935,-242.7022615788935,-242.7022615788935,-242.7022615788935,-242.7022615788935,0.0,0.0,0.0,102.37870816958548
3334,1975-05-02,345.8871148028949,57.358069849980694,142.8698527701556,345.8871148028949,345.8871148028949,-243.05928437207672,-243.05928437207672,-243.05928437207672,-243.05928437207672,-243.05928437207672,-243.05928437207672,0.0,0.0,0.0,102.82783043081821
3335,1975-05-05,348.3055499661405,61.79380774719674,147.26527984550466,348.3055499661405,348.3055499661405,-244.11624295256112,-244.11624295256112,-244.11624295256112,-244.11624295256112,-244.11624295256112,-244.11624295256112,0.0,0.0,0.0,104.1893070135794
3336,1975-05-06,349.11169502055645,63.709119474896134,145.96802477123074,349.11169502055645,349.11169502055645,-244.4638601559075,-244.4638601559075,-244.4638601559075,-244.4638601559075,-244.4638601559075,-244.4638601559075,0.0,0.0,0.0,104.64783486464896
3337,1975-05-07,349.91784007497165,63.40919062583042,147.16224531893292,349.91784007497165,349.91784007497165,-244.8091267717329,-244.8091267717329,-244.8091267717329,-244.8091267717329,-244.8091267717329,-244.8091267717329,0.0,0.0,0.0,105.10871330323874
3338,1975-05-08,350.72398512938685,62.24250355139094,148.02206556608905,350.72398512938685,350.72398512938685,-245.15204320615922,-245.15204320615922,-245.15204320615922,-245.15204320615922,-245.15204320615922,-245.15204320615922,0.0,0.0,0.0,105.57194192322763
3339,1975-05-09,351.5301301838021,63.94731794306287,147.18287176014618,351.5301301838021,351.5301301838021,-245.49260990631404,-245.49260990631404,-245.49260990631404,-245.49260990631404,-245.49260990631404,-245.49260990631404,0.0,0.0,0.0,106.03752027748806
3340,1975-05-12,353.9485653470491,64.73767586209944,149.12952492706634,353.9485653470491,353.9485653470491,-246.50021668665698,-246.50021668665698,-246.50021668665698,-246.50021668665698,-246.50021668665698,-246.50021668665698,0.0,0.0,0.0,107.44834866039213
3341,1975-05-13,354.7547104014643,62.713474555172716,148.89770458690745,354.7547104014643,354.7547104014643,-246.83138973968093,-246.83138973968093,-246.83138973968093,-246.83138973968093,-246.83138973968093,-246.83138973968093,0.0,0.0,0.0,107.92332066178338
3342,1975-05-14,355.5608554558795,67.60525220120887,150.28870210922844,355.5608554558795,355.5608554558795,-247.16021590770683,-247.16021590770683,-247.16021590770683,-247.16021590770683,-247.16021590770683,-247.16021590770683,0.0,0.0,0.0,108.40063954817268
3343,1975-05-15,356.36700051029476,66.38558124629199,148.88183066388908,356.36700051029476,356.36700051029476,-247.4866958830122,-247.4866958830122,-247.4866958830122,-247.4866958830122,-247.4866958830122,-247.4866958830122,0.0,0.0,0.0,108.88030462728256
3344,1975-05-16,357.17314556471064,66.00761336332064,148.54076812593274,357.17314556471064,357.17314556471064,-247.81083039857583,-247.81083039857583,-247.81083039857583,-247.81083039857583,-247.81083039857583,-247.81083039857583,0.0,0.0,0.0,109.3623151661348
3345,1975-05-19,359.59158072795697,68.4869600875645,152.9040793369585,359.59158072795697,359.59158072795697,-248.76916912612236,-248.76916912612236,-248.76916912612236,-248.76916912612236,-248.76916912612236,-248.76916912612236,0.0,0.0,0.0,110.8224116018346
3346,1975-05-20,360.39772578237216,73.0639198527692,152.60061549431785,360.39772578237216,360.39772578237216,-249.08392994485402,-249.08392994485402,-249.08392994485402,-249.08392994485402,-249.08392994485402,-249.08392994485402,0.0,0.0,0.0,111.31379583751814
3347,1975-05-21,361.2038708367881,69.11349810081387,152.57412378862742,361.2038708367881,361.2038708367881,-249.3963495775633,-249.3963495775633,-249.3963495775633,-249.3963495775633,-249.3963495775633,-249.3963495775633,0.0,0.0,0.0,111.80752125922479
3348,1975-05-22,362.0100158912033,72.49996616073783,154.3590191853227,362.0100158912033,362.0100158912033,-249.70642900040562,-249.70642900040562,-249.70642900040562,-249.70642900040562,-249.70642900040562,-249.70642900040562,0.0,0.0,0.0,112.30358689079767
3349,1975-05-23,362.8161609456185,69.00784820462619,154.2175228935319,362.8161609456185,362.8161609456185,-250.01416922988463,-250.01416922988463,-250.01416922988463,-250.01416922988463,-250.01416922988463,-250.01416922988463,0.0,0.0,0.0,112.80199171573386
3350,1975-05-27,366.04074116328076,69.52102326048873,155.97219785745546,366.04074116328076,366.04074116328076,-251.22175995333504,-251.22175995333504,-251.22175995333504,-251.22175995333504,-251.22175995333504,-251.22175995333504,0.0,0.0,0.0,114.81898120994572
3351,1975-05-28,366.84688621769595,75.5441977766671,156.9531103635235,366.84688621769595,366.84688621769595,-251.51782087185813,-251.51782087185813,-251.51782087185813,-251.51782087185813,-251.51782087185813,-251.51782087185813,0.0,0.0,0.0,115.32906534583782
3352,1975-05-29,367.65303127211115,74.6857387781217,157.89092886850077,367.65303127211115,367.65303127211115,-251.81154954022517,-251.81154954022517,-251.81154954022517,-251.81154954022517,-251.81154954022517,-251.81154954022517,0.0,0.0,0.0,115.84148173188598
3353,1975-05-30,368.45917632652635,74.47856752339584,156.60239330205937,368.4591763265264,368.4591763265264,-252.1029472557945,-252.1029472557945,-252.1029472557945,-252.1029472557945,-252.1029472557945,-252.1029472557945,0.0,0.0,0.0,116.35622907073184
3354,1975-06-02,370.8776114897734,73.75497084693673,158.82443283517912,370.87761148977347,370.87761148977347,-252.9631682571829,-252.9631682571829,-252.9631682571829,-252.9631682571829,-252.9631682571829,-252.9631682571829,0.0,0.0,0.0,117.91444323259051
3355,1975-06-03,371.6837565441886,74.4736315131224,160.88644562270747,371.6837565441886,371.6837565441886,-253.24525593188358,-253.24525593188358,-253.24525593188358,-253.24525593188358,-253.24525593188358,-253.24525593188358,0.0,0.0,0.0,118.43850061230503
3356,1975-06-04,372.4899015986038,77.6969682965587,160.98689094758987,372.4899015986038,372.4899015986038,-253.52501973757728,-253.52501973757728,-253.52501973757728,-253.52501973757728,-253.52501973757728,-253.52501973757728,0.0,0.0,0.0,118.96488186102653
3357,1975-06-05,373.29604665301974,76.54936569718363,159.3721303890426,373.29604665301974,373.29604665301974,-253.80246120997145,-253.80246120997145,-253.80246120997145,-253.80246120997145,-253.80246120997145,-253.80246120997145,0.0,0.0,0.0,119.49358544304829
3358,1975-06-06,374.10219170743494,80.00937873048285,160.65235765859435,374.10219170743494,374.10219170743494,-254.07758192426923,-254.07758192426923,-254.07758192426923,-254.07758192426923,-254.07758192426923,-254.07758192426923,0.0,0.0,0.0,120.02460978316572
3359,1975-06-09,376.5206268706819,78.27742593246194,162.18526679126484,376.5206268706819,376.5206268706819,-254.88903586159665,-254.88903586159665,-254.88903586159665,-254.88903586159665,-254.88903586159665,-254.88903586159665,0.0,0.0,0.0,121.63159100908524
3360,1975-06-10,376.38139575125945,79.58691114738362,161.12889021872041,376.38139575125945,376.38139575125945,-255.1548900830274,-255.1548900830274,-255.1548900830274,-255.1548900830274,-255.1548900830274,-255.1548900830274,0.0,0.0,0.0,121.22650566823205
3361,1975-06-11,376.2421646318371,82.05058916656714,161.8464538714309,376.2421646318371,376.2421646318371,-255.4184320123776,-255.4184320123776,-255.4184320123776,-255.4184320123776,-255.4184320123776,-255.4184320123776,0.0,0.0,0.0,120.82373261945952
3362,1975-06-12,376.1029335124147,76.67313552218694,165.5005090892859,376.10293351241467,376.10293351241467,-255.67966346035277,-255.67966346035277,-255.67966346035277,-255.67966346035277,-255.67966346035277,-255.67966346035277,0.0,0.0,0.0,120.42327005206195
3363,1975-06-13,375.9637023929924,76.20086854038128,159.8085759340726,375.96370239299245,375.96370239299245,-255.9385862766549,-255.9385862766549,-255.9385862766549,-255.9385862766549,-255.9385862766549,-255.9385862766549,0.0,0.0,0.0,120.0251161163375
3364,1975-06-16,375.54600903472516,74.1836739908973,159.4271072127511,375.54600903472516,375.54600903472516,-256.7015220159132,-256.7015220159132,-256.7015220159132,-256.7015220159132,-256.7015220159132,-256.7015220159132,0.0,0.0,0.0,118.84448701881195
3365,1975-06-17,375.4067779153027,75.59700232705285,159.92034986023089,375.4067779153027,375.4067779153027,-256.9512295798331,-256.9512295798331,-256.9512295798331,-256.9512295798331,-256.9512295798331,-256.9512295798331,0.0,0.0,0.0,118.45554833546959
3366,1975-06-18,375.2675467958804,73.11804666224157,159.936699745817,375.2675467958804,375.2675467958804,-257.1986383428822,-257.1986383428822,-257.1986383428822,-257.1986383428822,-257.1986383428822,-257.1986383428822,0.0,0.0,0.0,118.06890845299819
3367,1975-06-19,375.128315676458,75.28007276396865,159.67418473537063,375.128315676458,375.128315676458,-257.4437503871336,-257.4437503871336,-257.4437503871336,-257.4437503871336,-257.4437503871336,-257.4437503871336,0.0,0.0,0.0,117.68456528932438
3368,1975-06-20,374.98908455703565,74.48449744728396,155.98923044459255,374.98908455703565,374.98908455703565,-257.6865678331125,-257.6865678331125,-257.6865678331125,-257.6865678331125,-257.6865678331125,-257.6865678331125,0.0,0.0,0.0,117.30251672392313
3369,1975-06-23,374.5713911987685,74.87647878436347,157.37118184065676,374.5713911987685,374.5713911987685,-258.40127436171224,-258.40127436171224,-258.40127436171224,-258.40127436171224,-258.40127436171224,-258.40127436171224,0.0,0.0,0.0,116.17011683705624
3370,1975-06-24,374.432160079346,74.0882353537127,157.9505581370446,374.432160079346,374.432160079346,-258.634935386,-258.634935386,-258.634935386,-258.634935386,-258.634935386,-258.634935386,0.0,0.0,0.0,115.79722469334598
3371,1975-06-25,374.29292895992364,74.62149010125906,155.37059036022399,374.29292895992364,374.29292895992364,-258.8663129885195,-258.8663129885195,-258.8663129885195,-258.8663129885195,-258.8663129885195,-258.8663129885195,0.0,0.0,0.0,115.42661597140415
3372,1975-06-26,374.15369784050125,76.27035698345051,157.27390953079205,374.15369784050125,374.15369784050125,-259.0954095187561,-259.0954095187561,-259.0954095187561,-259.0954095187561,-259.0954095187561,-259.0954095187561,0.0,0.0,0.0,115.05828832174512
3373,1975-06-27,374.0144667210789,71.35836833570757,156.57572795720196,374.0144667210789,374.0144667210789,-259.3222273640551,-259.3222273640551,-259.3222273640551,-259.3222273640551,-259.3222273640551,-259.3222273640551,0.0,0.0,0.0,114.69223935702382
3374,1975-06-30,373.59677336281175,72.16479426314459,155.40342141445984,373.59677336281175,373.59677336281175,-259.98903322981846,-259.98903322981846,-259.98903322981846,-259.98903322981846,-259.98903322981846,-259.98903322981846,0.0,0.0,0.0,113.60774013299329
3375,1975-07-01,373.45754224338924,70.70685414843756,153.19210486654578,373.4575422433893,373.4575422433893,-260.206760962911,-260.206760962911,-260.206760962911,-260.206760962911,-260.206760962911,-260.206760962911,0.0,0.0,0.0,113.25078128047824
3376,1975-07-02,373.3183111239669,67.9563818862236,154.13487691271823,373.3183111239669,373.3183111239669,-260.4222225125709,-260.4222225125709,-260.4222225125709,-260.4222225125709,-260.4222225125709,-260.4222225125709,0.0,0.0,0.0,112.89608861139601
3377,1975-07-03,373.1790800045445,72.9174084919677,156.33226756233907,373.1790800045445,373.1790800045445,-260.63542049141824,-260.63542049141824,-260.63542049141824,-260.63542049141824,-260.63542049141824,-260.63542049141824,0.0,0.0,0.0,112.54365951312627
3378,1975-07-07,372.6221555268551,66.31787219484487,155.79181324446012,372.6221555268551,372.6221555268551,-261.46563025189056,-261.46563025189056,-261.46563025189056,-261.46563025189056,-261.46563025189056,-261.46563025189056,0.0,0.0,0.0,111.15652527496457
3379,1975-07-08,372.4829244074327,67.83208731995703,148.87277649233414,372.4829244074327,372.4829244074327,-261.66755086544697,-261.66755086544697,-261.66755086544697,-261.66755086544697,-261.66755086544697,-261.66755086544697,0.0,0.0,0.0,110.81537354198571
3380,1975-07-09,372.3436932880102,69.98450842036863,150.04653312545935,372.3436932880102,372.3436932880102,-261.8672243622494,-261.8672243622494,-261.8672243622494,-261.8672243622494,-261.8672243622494,-261.8672243622494,0.0,0.0,0.0,110.4764689257608
3381,1975-07-10,372.2044621685879,70.20474599685997,151.43189606555114,372.2044621685879,372.2044621685879,-262.0646536134596,-262.0646536134596,-262.0646536134596,-262.0646536134596,-262.0646536134596,-262.0646536134596,0.0,0.0,0.0,110.1398085551283
3382,1975-07-11,372.06523104916545,68.46826259049799,154.38475620503786,372.06523104916545,372.06523104916545,-262.2598415267811,-262.2598415267811,-262.2598415267811,-262.2598415267811,-262.2598415267811,-262.2598415267811,0.0,0.0,0.0,109.80538952238436
3383,1975-07-14,371.6475376908984,67.59101207477305,147.7102115525839,371.6475376908984,371.6475376908984,-262.8319868624476,-262.8319868624476,-262.8319868624476,-262.8319868624476,-262.8319868624476,-262.8319868624476,0.0,0.0,0.0,108.8155508284508
3384,1975-07-15,371.508306571476,65.3384980229437,148.84029658509965,371.508306571476,371.508306571476,-263.01823922853106,-263.01823922853106,-263.01823922853106,-263.01823922853106,-263.01823922853106,-263.01823922853106,0.0,0.0,0.0,108.49006734294494
3385,1975-07-16,371.36907545205366,64.04556613747538,149.4906806797827,371.36907545205366,371.36907545205366,-263.20226533980417,-263.20226533980417,-263.20226533980417,-263.20226533980417,-263.20226533980417,-263.20226533980417,0.0,0.0,0.0,108.1668101122495
3386,1975-07-17,371.22984433263116,64.96623262759859,149.17830050278545,371.22984433263116,371.22984433263116,-263.38406832106995,-263.38406832106995,-263.38406832106995,-263.38406832106995,-263.38406832106995,-263.38406832106995,0.0,0.0,0.0,107.84577601156121
3387,1975-07-18,371.0906132132087,63.0648891471569,149.5880066982751,371.0906132132087,371.0906132132087,-263.56365133294753,-263.56365133294753,-263.56365133294753,-263.56365133294753,-263.56365133294753,-263.56365133294753,0.0,0.0,0.0,107.52696188026118
3388,1975-07-21,370.67291985494165,66.81028972450005,147.48256369025637,370.67291985494165,370.67291985494165,-264.08911269344304,-264.08911269344304,-264.08911269344304,-264.08911269344304,-264.08911269344304,-264.08911269344304,0.0,0.0,0.0,106.58380716149861
3389,1975-07-22,370.53368873551926,69.2161684660935,150.6377242790248,370.53368873551926,370.53368873551926,-264.2598481465311,-264.2598481465311,-264.2598481465311,-264.2598481465311,-264.2598481465311,-264.2598481465311,0.0,0.0,0.0,106.27384058898815
3390,1975-07-23,370.39445761609693,60.26675280751174,146.81730549612598,370.39445761609693,370.39445761609693,-264.42837996680095,-264.42837996680095,-264.42837996680095,-264.42837996680095,-264.42837996680095,-264.42837996680095,0.0,0.0,0.0,105.96607764929598
3391,1975-07-24,370.2552264966744,65.26714906729968,148.06791153064148,370.2552264966744,370.2552264966744,-264.59471152749336,-264.59471152749336,-264.59471152749336,-264.59471152749336,-264.59471152749336,-264.59471152749336,0.0,0.0,0.0,105.66051496918107
3392,1975-07-25,370.115995377252,63.14016140406264,148.6512946294577,370.115995377252,370.115995377252,-264.7588462368982,-264.7588462368982,-264.7588462368982,-264.7588462368982,-264.7588462368982,-264.7588462368982,0.0,0.0,0.0,105.35714914035378
3393,1975-07-28,369.6983020189849,66.85262815566064,146.67371686720696,369.6983020189849,369.6983020189849,-265.23810386364585,-265.23810386364585,-265.23810386364585,-265.23810386364585,-265.23810386364585,-265.23810386364585,0.0,0.0,0.0,104.46019815533907
3394,1975-07-29,369.5590708995625,61.0871050124299,147.90738304874174,369.55907089956247,369.55907089956247,-265.39348594781,-265.39348594781,-265.39348594781,-265.39348594781,-265.39348594781,-265.39348594781,0.0,0.0,0.0,104.16558495175252
3395,1975-07-30,369.4198397801402,61.90998597701705,143.88922580496555,369.41983978014025,369.41983978014025,-265.5466887438883,-265.5466887438883,-265.5466887438883,-265.5466887438883,-265.5466887438883,-265.5466887438883,0.0,0.0,0.0,103.8731510362519
3396,1975-07-31,369.28060866071775,64.52406720291933,146.176450285772,369.28060866071775,369.28060866071775,-265.6977158680624,-265.6977158680624,-265.6977158680624,-265.6977158680624,-265.6977158680624,-265.6977158680624,0.0,0.0,0.0,103.58289279265534
3397,1975-08-01,369.14137754129524,59.139085354301564,144.61726543486668,369.14137754129524,369.14137754129524,-265.84657097075416,-265.84657097075416,-265.84657097075416,-265.84657097075416,-265.84657097075416,-265.84657097075416,0.0,0.0,0.0,103.29480657054108
3398,1975-08-04,368.7236841830282,60.17242632804347,145.08326168725722,368.7236841830282,368.7236841830282,-266.2801411652559,-266.2801411652559,-266.2801411652559,-266.2801411652559,-266.2801411652559,-266.2801411652559,0.0,0.0,0.0,102.4435430177723
3399,1975-08-05,368.5844530636058,58.32539132519095,143.752403335469,368.5844530636058,368.5844530636058,-266.42034536686464,-266.42034536686464,-266.42034536686464,-266.42034536686464,-266.42034536686464,-266.42034536686464,0.0,0.0,0.0,102.16410769674115
3400,1975-08-06,368.44522194418346,59.55522315512677,144.9423345239415,368.44522194418346,368.44522194418346,-266.55839630851557,-266.55839630851557,-266.55839630851557,-266.55839630851557,-266.55839630851557,-266.55839630851557,0.0,0.0,0.0,101.88682563566789
3401,1975-08-07,368.305990824761,60.92528596220077,141.70218134735046,368.305990824761,368.305990824761,-266.69429784354713,-266.69429784354713,-266.69429784354713,-266.69429784354713,-266.69429784354713,-266.69429784354713,0.0,0.0,0.0,101.61169298121388
3402,1975-08-08,368.1667597053385,62.32978145265027,142.967702661125,368.1667597053385,368.1667597053385,-266.82805385868926,-266.82805385868926,-266.82805385868926,-266.82805385868926,-266.82805385868926,-266.82805385868926,0.0,0.0,0.0,101.33870584664925
3403,1975-08-11,367.74906634707145,62.480885684199066,140.09869990272787,367.74906634707145,367.74906634707145,-267.216488150321,-267.216488150321,-267.216488150321,-267.216488150321,-267.216488150321,-267.216488150321,0.0,0.0,0.0,100.53257819675042
3404,1975-08-12,367.60983522764906,60.595096910294245,141.4893596940862,367.60983522764906,367.60983522764906,-267.34170161664895,-267.34170161664895,-267.34170161664895,-267.34170161664895,-267.34170161664895,-267.34170161664895,0.0,0.0,0.0,100.26813361100011
3405,1975-08-13,367.4706041082267,60.37262141947113,142.46641084047963,367.4706041082267,367.4706041082267,-267.46478949321613,-267.46478949321613,-267.46478949321613,-267.46478949321613,-267.46478949321613,-267.46478949321613,0.0,0.0,0.0,100.00581461501059
3406,1975-08-14,367.3313729888043,57.36966941201815,142.9807607785002,367.3313729888043,367.3313729888043,-267.58575586445625,-267.58575586445625,-267.58575586445625,-267.58575586445625,-267.58575586445625,-267.58575586445625,0.0,0.0,0.0,99.74561712434803
3407,1975-08-15,367.192141869382,61.436727677272046,138.49608396660807,367.192141869382,367.192141869382,-267.70460484730575,-267.70460484730575,-267.70460484730575,-267.70460484730575,-267.70460484730575,-267.70460484730575,0.0,0.0,0.0,99.48753702207625
3408,1975-08-18,366.7744485111147,58.32464815696211,140.89955632041497,366.7744485111147,366.7744485111147,-268.04848911968105,-268.04848911968105,-268.04848911968105,-268.04848911968105,-268.04848911968105,-268.04848911968105,0.0,0.0,0.0,98.72595939143366
3409,1975-08-19,366.6352173916924,58.79138911737698,141.64934262711012,366.6352173916924,366.6352173916924,-268.15891036382266,-268.15891036382266,-268.15891036382266,-268.15891036382266,-268.15891036382266,-268.15891036382266,0.0,0.0,0.0,98.47630702786972
3410,1975-08-20,366.49598627227,59.32634445486413,141.87403738097055,366.49598627227,366.49598627227,-268.2672352872216,-268.2672352872216,-268.2672352872216,-268.2672352872216,-268.2672352872216,-268.2672352872216,0.0,0.0,0.0,98.2287509850484
3411,1975-08-21,366.35675515284765,57.001825933237704,140.9504835634415,366.35675515284765,366.35675515284765,-268.3734681990742,-268.3734681990742,-268.3734681990742,-268.3734681990742,-268.3734681990742,-268.3734681990742,0.0,0.0,0.0,97.98328695377347
3412,1975-08-22,366.21752403342526,56.124435277475705,140.00267001684594,366.21752403342526,366.21752403342526,-268.4776134401544,-268.4776134401544,-268.4776134401544,-268.4776134401544,-268.4776134401544,-268.4776134401544,0.0,0.0,0.0,97.73991059327085
3413,1975-08-25,365.799830675158,57.038737983718605,139.59498511746185,365.799830675158,365.799830675158,-268.77756701730095,-268.77756701730095,-268.77756701730095,-268.77756701730095,-268.77756701730095,-268.77756701730095,0.0,0.0,0.0,97.02226365785702
3414,1975-08-26,365.66059955573564,55.578771485777544,136.35362026566267,365.66059955573564,365.66059955573564,-268.873405609812,-268.873405609812,-268.873405609812,-268.873405609812,-268.873405609812,-268.873405609812,0.0,0.0,0.0,96.78719394592366
3415,1975-08-27,365.52136843631325,53.95260573927931,136.25772212852766,365.52136843631325,365.52136843631325,-268.9671787043093,-268.9671787043093,-268.9671787043093,-268.9671787043093,-268.9671787043093,-268.9671787043093,0.0,0.0,0.0,96.55418973200398
3416,1975-08-28,365.3821373168909,59.60117667395591,138.64848252507588,365.3821373168909,365.3821373168909,-269.0588908281604,-269.0588908281604,-269.0588908281604,-269.0588908281604,-269.0588908281604,-269.0588908281604,0.0,0.0,0.0,96.32324648873055
3417,1975-08-29,365.2429061974685,54.34420851861179,138.50759610402332,365.2429061974685,365.2429061974685,-269.1485465393469,-269.1485465393469,-269.1485465393469,-269.1485465393469,-269.1485465393469,-269.1485465393469,0.0,0.0,0.0,96.09435965812162
3418,1975-09-02,364.6859817197789,51.55992282786429,133.35667685773984,364.6859817197789,364.6859817197789,-269.4866974807055,-269.4866974807055,-269.4866974807055,-269.4866974807055,-269.4866974807055,-269.4866974807055,0.0,0.0,0.0,95.19928423907339
3419,1975-09-03,364.5467506003565,51.971815043877086,137.74131326821077,364.5467506003565,364.5467506003565,-269.56614055993157,-269.56614055993157,-269.56614055993157,-269.56614055993157,-269.56614055993157,-269.56614055993157,0.0,0.0,0.0,94.98061004042495
3420,1975-09-04,364.4075194809342,52.45701228230209,137.9589090968587,364.4075194809342,364.4075194809342,-269.64355520937323,-269.64355520937323,-269.64355520937323,-269.64355520937323,-269.64355520937323,-269.64355520937323,0.0,0.0,0.0,94.76396427156095
3421,1975-09-05,364.2682883615118,53.69464635109065,137.69211015878665,364.2682883615118,364.2682883615118,-269.7189461973421,-269.7189461973421,-269.7189461973421,-269.7189461973421,-269.7189461973421,-269.7189461973421,0.0,0.0,0.0,94.54934216416967
3422,1975-09-08,363.8505950032445,51.91519085667589,135.17508280055299,363.8505950032445,363.8505950032445,-269.9330253167212,-269.9330253167212,-269.9330253167212,-269.9330253167212,-269.9330253167212,-269.9330253167212,0.0,0.0,0.0,93.91756968652328
3423,1975-09-09,363.71136388382223,52.9097542570293,133.32933192851135,363.71136388382223,363.71136388382223,-270.0003699291484,-270.0003699291484,-270.0003699291484,-270.0003699291484,-270.0003699291484,-270.0003699291484,0.0,0.0,0.0,93.71099395467382
3424,1975-09-10,363.5721327643998,55.42274439155116,137.76170231035553,363.5721327643998,363.5721327643998,-270.0657151608022,-270.0657151608022,-270.0657151608022,-270.0657151608022,-270.0657151608022,-270.0657151608022,0.0,0.0,0.0,93.50641760359758
3425,1975-09-11,363.43290164497745,50.524068796520034,136.3620184411327,363.43290164497745,363.43290164497745,-270.1290659546195,-270.1290659546195,-270.1290659546195,-270.1290659546195,-270.1290659546195,-270.1290659546195,0.0,0.0,0.0,93.30383569035797
3426,1975-09-12,363.29367052555506,54.425816725721425,133.4165694861642,363.29367052555506,363.29367052555506,-270.19042728212287,-270.19042728212287,-270.19042728212287,-270.19042728212287,-270.19042728212287,-270.19042728212287,0.0,0.0,0.0,93.10324324343219
3427,1975-09-15,362.87597716728783,47.82533638829089,135.0469923284731,362.87597716728783,362.87597716728783,-270.3626246076026,-270.3626246076026,-270.3626246076026,-270.3626246076026,-270.3626246076026,-270.3626246076026,0.0,0.0,0.0,92.51335255968525
3428,1975-09-16,362.7367460478655,53.61175463378689,130.88421719217752,362.7367460478655,362.7367460478655,-270.41607835152223,-270.41607835152223,-270.41607835152223,-270.41607835152223,-270.41607835152223,-270.41607835152223,0.0,0.0,0.0,92.32066769634326
3429,1975-09-17,362.59751492844305,51.629524906091795,134.08462113252673,362.59751492844305,362.59751492844305,-270.46756791025075,-270.46756791025075,-270.46756791025075,-270.46756791025075,-270.46756791025075,-270.46756791025075,0.0,0.0,0.0,92.1299470181923
3430,1975-09-18,362.4582838090207,52.15464206424563,129.14938918851198,362.4582838090207,362.4582838090207,-270.5170984236514,-270.5170984236514,-270.5170984236514,-270.5170984236514,-270.5170984236514,-270.5170984236514,0.0,0.0,0.0,91.9411853853693
3431,1975-09-19,362.3190526895983,49.02861872510839,132.83150578585946,362.3190526895983,362.3190526895983,-270.56467505910956,-270.56467505910956,-270.56467505910956,-270.56467505910956,-270.56467505910956,-270.56467505910956,0.0,0.0,0.0,91.75437763048876
3432,1975-09-22,361.9013593313311,47.93628469862585,131.6851743804531,361.9013593313311,361.9013593313311,-270.6957337812639,-270.6957337812639,-270.6957337812639,-270.6957337812639,-270.6957337812639,-270.6957337812639,0.0,0.0,0.0,91.20562555006717
3433,1975-09-23,361.76212821190876,50.67832901385569,131.99779806037208,361.76212821190876,361.76212821190876,-270.7355471238266,-270.7355471238266,-270.7355471238266,-270.7355471238266,-270.7355471238266,-270.7355471238266,0.0,0.0,0.0,91.02658108808214
3434,1975-09-24,361.6228970924863,49.305439898897994,130.04467219452215,361.6228970924863,361.6228970924863,-270.77343283277634,-270.77343283277634,-270.77343283277634,-270.77343283277634,-270.77343283277634,-270.77343283277634,0.0,0.0,0.0,90.84946425970998
3435,1975-09-25,361.483665973064,46.996684199447316,134.65851525202544,361.483665973064,361.483665973064,-270.8093962373657,-270.8093962373657,-270.8093962373657,-270.8093962373657,-270.8093962373657,-270.8093962373657,0.0,0.0,0.0,90.67426973569826
3436,1975-09-26,361.3444348536416,47.763681819750076,131.98530128063712,361.3444348536416,361.3444348536416,-270.84344269327516,-270.84344269327516,-270.84344269327516,-270.84344269327516,-270.84344269327516,-270.84344269327516,0.0,0.0,0.0,90.50099216036642
3437,1975-09-29,360.92674149537453,48.13333438266103,128.4557759727707,360.92674149537453,360.92674149537453,-270.93413431881174,-270.93413431881174,-270.93413431881174,-270.93413431881174,-270.93413431881174,-270.93413431881174,0.0,0.0,0.0,89.99260717656279
3438,1975-09-30,360.787510375952,47.98488351692741,129.8435867309452,360.787510375952,360.787510375952,-270.96056705979913,-270.96056705979913,-270.96056705979913,-270.96056705979913,-270.96056705979913,-270.96056705979913,0.0,0.0,0.0,89.82694331615289
3439,1975-10-01,360.6482792565297,52.888358923561555,133.23360180905993,360.6482792565297,360.6482792565297,-270.9851100213534,-270.9851100213534,-270.9851100213534,-270.9851100213534,-270.9851100213534,-270.9851100213534,0.0,0.0,0.0,89.66316923517627
3440,1975-10-02,360.50904813710724,45.51601469177087,130.93878205206536,360.50904813710724,360.50904813710724,-271.0077687143699,-271.0077687143699,-271.0077687143699,-271.0077687143699,-271.0077687143699,-271.0077687143699,0.0,0.0,0.0,89.50127942273735
3441,1975-10-03,360.36981701768497,45.47340088772418,129.2589715617159,360.36981701768497,360.36981701768497,-271.02854867504834,-271.02854867504834,-271.02854867504834,-271.02854867504834,-271.02854867504834,-271.02854867504834,0.0,0.0,0.0,89.34126834263662
3442,1975-10-06,359.9521236594178,50.10199757725042,131.53697438596544,359.9521236594178,359.9521236594178,-271.079671901206,-271.079671901206,-271.079671901206,-271.079671901206,-271.079671901206,-271.079671901206,0.0,0.0,0.0,88.87245175821181
3443,1975-10-07,359.8128925399953,49.44320356980648,128.556968853833,359.8128925399953,359.8128925399953,-271.0929927949208,-271.0929927949208,-271.0929927949208,-271.0929927949208,-271.0929927949208,-271.0929927949208,0.0,0.0,0.0,88.71989974507449
3444,1975-10-08,359.67366142057296,51.07164960936901,132.57361962422817,359.67366142057296,359.67366142057296,-271.10446301115445,-271.10446301115445,-271.10446301115445,-271.10446301115445,-271.10446301115445,-271.10446301115445,0.0,0.0,0.0,88.5691984094185
3445,1975-10-09,359.5344303011505,46.844846335984066,130.16401012361592,359.53443030115045,359.53443030115045,-271.11408823449926,-271.11408823449926,-271.11408823449926,-271.11408823449926,-271.11408823449926,-271.11408823449926,0.0,0.0,0.0,88.42034206665124
3446,1975-10-10,359.39519918172823,48.3118134860554,130.45455054079522,359.39519918172823,359.39519918172823,-271.12187417370137,-271.12187417370137,-271.12187417370137,-271.12187417370137,-271.12187417370137,-271.12187417370137,0.0,0.0,0.0,88.27332500802686
3447,1975-10-13,358.97750582346106,47.32744481324294,126.63133383479381,358.97750582346106,358.97750582346106,-271.13425373272844,-271.13425373272844,-271.13425373272844,-271.13425373272844,-271.13425373272844,-271.13425373272844,0.0,0.0,0.0,87.84325209073262
3448,1975-10-14,358.8382747040387,47.770987554426966,126.7013443026728,358.8382747040387,358.8382747040387,-271.1347401000686,-271.1347401000686,-271.1347401000686,-271.1347401000686,-271.1347401000686,-271.1347401000686,0.0,0.0,0.0,87.70353460397013
3449,1975-10-15,358.6990435846162,42.92501705687408,130.65472646892297,358.6990435846162,358.6990435846162,-271.1334160834645,-271.1334160834645,-271.1334160834645,-271.1334160834645,-271.1334160834645,-271.1334160834645,0.0,0.0,0.0,87.56562750115171
3450,1975-10-16,358.55981246519383,47.8242398476898,130.63408113832034,358.5598124651938,358.5598124651938,-271.1302875330726,-271.1302875330726,-271.1302875330726,-271.1302875330726,-271.1302875330726,-271.1302875330726,0.0,0.0,0.0,87.42952493212124
3451,1975-10-17,358.4205813457715,42.00560711789496,124.79302905407289,358.42058134577155,358.42058134577155,-271.125360322027,-271.125360322027,-271.125360322027,-271.125360322027,-271.125360322027,-271.125360322027,0.0,0.0,0.0,87.29522102374449
3452,1975-10-20,358.0028879875043,45.233431545328,124.56839937884656,358.0028879875043,358.0028879875043,-271.09984579740154,-271.09984579740154,-271.09984579740154,-271.09984579740154,-271.09984579740154,-271.09984579740154,0.0,0.0,0.0,86.90304219010278
3453,1975-10-21,357.863656868082,43.320199133957566,126.21195714806194,357.863656868082,357.863656868082,-271.0877831286756,-271.0877831286756,-271.0877831286756,-271.0877831286756,-271.0877831286756,-271.0877831286756,0.0,0.0,0.0,86.77587373940639
3454,1975-10-22,357.7244257486595,41.8997764277175,126.7685258773323,357.7244257486595,357.7244257486595,-271.0739515036637,-271.0739515036637,-271.0739515036637,-271.0739515036637,-271.0739515036637,-271.0739515036637,0.0,0.0,0.0,86.65047424499579
3455,1975-10-23,357.5851946292371,44.175484071872376,130.39324029236093,357.5851946292371,357.5851946292371,-271.05835692977814,-271.05835692977814,-271.05835692977814,-271.05835692977814,-271.05835692977814,-271.05835692977814,0.0,0.0,0.0,86.52683769945895
3456,1975-10-24,357.44596350981476,43.034374137632035,128.34616455302535,357.44596350981476,357.44596350981476,-271.0410054362086,-271.0410054362086,-271.0410054362086,-271.0410054362086,-271.0410054362086,-271.0410054362086,0.0,0.0,0.0,86.40495807360617
3457,1975-10-27,357.0282701515476,41.83328380986427,126.42303824922766,357.0282701515476,357.0282701515476,-270.9784700523031,-270.9784700523031,-270.9784700523031,-270.9784700523031,-270.9784700523031,-270.9784700523031,0.0,0.0,0.0,86.04980009924446
3458,1975-10-28,356.88903903212525,43.211635403680745,124.64052228473162,356.88903903212525,356.88903903212525,-270.95415160135786,-270.95415160135786,-270.95415160135786,-270.95415160135786,-270.95415160135786,-270.95415160135786,0.0,0.0,0.0,85.93488743076739
3459,1975-10-29,356.74980791270286,45.501081707308686,124.31654130873488,356.74980791270286,356.74980791270286,-270.92810669724946,-270.92810669724946,-270.92810669724946,-270.92810669724946,-270.92810669724946,-270.92810669724946,0.0,0.0,0.0,85.8217012154534
3460,1975-10-30,356.61057679328036,47.077979041696096,128.21292503372166,356.61057679328036,356.61057679328036,-270.9003414961743,-270.9003414961743,-270.9003414961743,-270.9003414961743,-270.9003414961743,-270.9003414961743,0.0,0.0,0.0,85.71023529710607
3461,1975-10-31,356.471345673858,43.09600496333485,128.7349209520287,356.471345673858,356.471345673858,-270.8708621748825,-270.8708621748825,-270.8708621748825,-270.8708621748825,-270.8708621748825,-270.8708621748825,0.0,0.0,0.0,85.6004834989755
3462,1975-11-03,356.05365231559085,43.46752886607879,128.3750640180044,356.05365231559085,356.05365231559085,-270.7722015618154,-270.7722015618154,-270.7722015618154,-270.7722015618154,-270.7722015618154,-270.7722015618154,0.0,0.0,0.0,85.28145075377546
3463,1975-11-04,355.9144211961685,48.55289669269534,127.3360586687233,355.9144211961685,355.9144211961685,-270.7359279320604,-270.7359279320604,-270.7359279320604,-270.7359279320604,-270.7359279320604,-270.7359279320604,0.0,0.0,0.0,85.17849326410811
3464,1975-11-05,355.7751900767461,41.639710511449884,126.64492780007156,355.7751900767461,355.7751900767461,-270.697971367964,-270.697971367964,-270.697971367964,-270.697971367964,-270.697971367964,-270.697971367964,0.0,0.0,0.0,85.07721870878214
3465,1975-11-06,355.6359589573236,43.41228948731279,125.57468442565133,355.6359589573236,355.6359589573236,-270.6583381658822,-270.6583381658822,-270.6583381658822,-270.6583381658822,-270.6583381658822,-270.6583381658822,0.0,0.0,0.0,84.97762079144144
3466,1975-11-07,355.4967278379013,42.58881526722803,124.06407202540512,355.4967278379013,355.4967278379013,-270.6170346414819,-270.6170346414819,-270.6170346414819,-270.6170346414819,-270.6170346414819,-270.6170346414819,0.0,0.0,0.0,84.8796931964194
3467,1975-11-10,355.0790344796341,42.849440898214596,124.60207258438165,355.0790344796341,355.0790344796341,-270.4831655769314,-270.4831655769314,-270.4831655769314,-270.4831655769314,-270.4831655769314,-270.4831655769314,0.0,0.0,0.0,84.5958689027027
3468,1975-11-11,354.9398033602118,45.3608696219663,126.96049757159487,354.9398033602118,354.9398033602118,-270.4352442998572,-270.4352442998572,-270.4352442998572,-270.4352442998572,-270.4352442998572,-270.4352442998572,0.0,0.0,0.0,84.50455906035461
3469,1975-11-12,354.80057224078945,43.37582603885639,125.57595031190169,354.80057224078945,354.80057224078945,-270.3856845621718,-270.3856845621718,-270.3856845621718,-270.3856845621718,-270.3856845621718,-270.3856845621718,0.0,0.0,0.0,84.41488767861767
3470,1975-11-13,354.66134112136706,45.29683854915103,124.03118127038819,354.66134112136706,354.66134112136706,-270.334492791629,-270.334492791629,-270.334492791629,-270.334492791629,-270.334492791629,-270.334492791629,0.0,0.0,0.0,84.32684832973808
3471,1975-11-14,354.52211000194455,39.50734393730619,124.07936944013848,354.52211000194455,354.52211000194455,-270.28167543403043,-270.28167543403043,-270.28167543403043,-270.28167543403043,-270.28167543403043,-270.28167543403043,0.0,0.0,0.0,84.24043456791412
3472,1975-11-17,354.1044166436775,40.311331514840305,125.36305228315004,354.1044166436775,354.1044166436775,-270.11353456382443,-270.11353456382443,-270.11353456382443,-270.11353456382443,-270.11353456382443,-270.11353456382443,0.0,0.0,0.0,83.99088207985307
3473,1975-11-18,353.96518552425505,42.36000900895703,121.20420268646973,353.96518552425505,353.96518552425505,-270.0542796706176,-270.0542796706176,-270.0542796706176,-270.0542796706176,-270.0542796706176,-270.0542796706176,0.0,0.0,0.0,83.91090585363747
3474,1975-11-19,353.8259544048327,42.438708191246235,127.33022785512026,353.8259544048327,353.8259544048327,-269.99343168371394,-269.99343168371394,-269.99343168371394,-269.99343168371394,-269.99343168371394,-269.99343168371394,0.0,0.0,0.0,83.83252272111878
3475,1975-11-20,353.6867232854103,41.970851693357915,127.9779690129962,353.6867232854103,353.6867232854103,-269.93099715337536,-269.93099715337536,-269.93099715337536,-269.93099715337536,-269.93099715337536,-269.93099715337536,0.0,0.0,0.0,83.75572613203497
3476,1975-11-21,353.547492165988,43.101575408599516,124.84285793216783,353.547492165988,353.547492165988,-269.8669826466328,-269.8669826466328,-269.8669826466328,-269.8669826466328,-269.8669826466328,-269.8669826466328,0.0,0.0,0.0,83.68050951935521
3477,1975-11-24,353.12979880772076,41.616080961441384,125.9975498532279,353.12979880772076,353.12979880772076,-269.66552518595324,-269.66552518595324,-269.66552518595324,-269.66552518595324,-269.66552518595324,-269.66552518595324,0.0,0.0,0.0,83.46427362176752
3478,1975-11-25,352.9905676882983,42.6380848923301,124.70719608982868,352.99056768829837,352.99056768829837,-269.59525677282966,-269.59525677282966,-269.59525677282966,-269.59525677282966,-269.59525677282966,-269.59525677282966,0.0,0.0,0.0,83.39531091546866
3479,1975-11-26,352.851336568876,40.54315664199756,124.75500273159632,352.85133656887604,352.85133656887604,-269.523441463535,-269.523441463535,-269.523441463535,-269.523441463535,-269.523441463535,-269.523441463535,0.0,0.0,0.0,83.32789510534099
3480,1975-11-28,352.57287433003125,41.50251408565304,124.38939549758595,352.57287433003125,352.57287433003125,-269.37519682697746,-269.37519682697746,-269.37519682697746,-269.37519682697746,-269.37519682697746,-269.37519682697746,0.0,0.0,0.0,83.1976775030538
3481,1975-12-01,352.155180971764,40.896799812186956,126.27214201629398,352.155180971764,352.155180971764,-269.14139524405056,-269.14139524405056,-269.14139524405056,-269.14139524405056,-269.14139524405056,-269.14139524405056,0.0,0.0,0.0,83.01378572771347
3482,1975-12-02,352.0159498523416,41.189547553571984,123.27582856887642,352.0159498523416,352.0159498523416,-269.0604390319275,-269.0604390319275,-269.0604390319275,-269.0604390319275,-269.0604390319275,-269.0604390319275,0.0,0.0,0.0,82.95551082041408
3483,1975-12-03,351.87671873291924,38.9965864632909,124.92929828137916,351.87671873291924,351.87671873291924,-268.9779828884421,-268.9779828884421,-268.9779828884421,-268.9779828884421,-268.9779828884421,-268.9779828884421,0.0,0.0,0.0,82.89873584447713
3484,1975-12-04,351.73748761349685,41.743812721568055,124.23160261688068,351.73748761349685,351.73748761349685,-268.89403358176406,-268.89403358176406,-268.89403358176406,-268.89403358176406,-268.89403358176406,-268.89403358176406,0.0,0.0,0.0,82.84345403173279
3485,1975-12-05,351.5982564940745,38.15943111892548,124.93971922146616,351.5982564940745,351.5982564940745,-268.8085978942295,-268.8085978942295,-268.8085978942295,-268.8085978942295,-268.8085978942295,-268.8085978942295,0.0,0.0,0.0,82.78965859984504
3486,1975-12-08,351.1805631358073,41.484980752492824,124.9563070073626,351.1805631358073,351.1805631358073,-268.54344057839336,-268.54344057839336,-268.54344057839336,-268.54344057839336,-268.54344057839336,-268.54344057839336,0.0,0.0,0.0,82.63712255741393
3487,1975-12-09,351.04133201638484,44.03155477949991,124.06052994053385,351.04133201638484,351.04133201638484,-268.4521274675375,-268.4521274675375,-268.4521274675375,-268.4521274675375,-268.4521274675375,-268.4521274675375,0.0,0.0,0.0,82.58920454884736
3488,1975-12-10,350.90210089696257,39.40675912907941,124.52862154155062,350.90210089696257,350.90210089696257,-268.35936209341577,-268.35936209341577,-268.35936209341577,-268.35936209341577,-268.35936209341577,-268.35936209341577,0.0,0.0,0.0,82.5427388035468
3489,1975-12-11,350.7628697775401,39.65108317726155,121.74714553996682,350.7628697775401,350.7628697775401,-268.2651513194092,-268.2651513194092,-268.2651513194092,-268.2651513194092,-268.2651513194092,-268.2651513194092,0.0,0.0,0.0,82.49771845813092
3490,1975-12-12,350.6236386581178,40.13657699977234,123.89079505640026,350.6236386581178,350.6236386581178,-268.16950202174553,-268.16950202174553,-268.16950202174553,-268.16950202174553,-268.16950202174553,-268.16950202174553,0.0,0.0,0.0,82.45413663637225
3491,1975-12-15,350.20594529985055,39.24751985427264,124.28322767952129,350.20594529985055,350.20594529985055,-267.8739919378121,-267.8739919378121,-267.8739919378121,-267.8739919378121,-267.8739919378121,-267.8739919378121,0.0,0.0,0.0,82.33195336203846
3492,1975-12-16,350.06671418042816,40.423611787866434,123.85243572012641,350.06671418042816,350.06671418042816,-267.7726575581017,-267.7726575581017,-267.7726575581017,-267.7726575581017,-267.7726575581017,-267.7726575581017,0.0,0.0,0.0,82.29405662232648
3493,1975-12-17,349.92748306100583,40.76216123405797,125.3485781621137,349.92748306100583,349.92748306100583,-267.6699192219415,-267.6699192219415,-267.6699192219415,-267.6699192219415,-267.6699192219415,-267.6699192219415,0.0,0.0,0.0,82.25756383906435
3494,1975-12-18,349.7882519415834,39.48815950043533,123.4948210497138,349.7882519415834,349.7882519415834,-267.565783878658,-267.565783878658,-267.565783878658,-267.565783878658,-267.565783878658,-267.565783878658,0.0,0.0,0.0,82.22246806292537
3495,1975-12-19,349.64902082216105,38.49024316269597,121.24131848301906,349.64902082216105,349.64902082216105,-267.46025848909545,-267.46025848909545,-267.46025848909545,-267.46025848909545,-267.46025848909545,-267.46025848909545,0.0,0.0,0.0,82.1887623330656
3496,1975-12-22,349.2313274638938,42.987613417996045,123.89852091826165,349.2313274638938,349.2313274638938,-267.1354118199407,-267.1354118199407,-267.1354118199407,-267.1354118199407,-267.1354118199407,-267.1354118199407,0.0,0.0,0.0,82.0959156439531
3497,1975-12-23,349.09209634447143,40.5802377949464,125.6002751909885,349.09209634447143,349.09209634447143,-267.02439607738916,-267.02439607738916,-267.02439607738916,-267.02439607738916,-267.02439607738916,-267.02439607738916,0.0,0.0,0.0,82.06770026708227
3498,1975-12-24,348.9528652250491,37.9720065212995,122.76851779431337,348.9528652250491,348.9528652250491,-266.91202525887365,-266.91202525887365,-266.91202525887365,-266.91202525887365,-266.91202525887365,-266.91202525887365,0.0,0.0,0.0,82.04083996617544
3499,1975-12-26,348.6744029862043,39.59833991046571,122.83626344504204,348.6744029862043,348.6744029862043,-266.6832465079135,-266.6832465079135,-266.6832465079135,-266.6832465079135,-266.6832465079135,-266.6832465079135,0.0,0.0,0.0,81.9911564782908
3500,1975-12-29,348.2567096279371,42.34571220660167,123.02642652200184,348.2567096279371,348.2567096279371,-266.33009128724484,-266.33009128724484,-266.33009128724484,-266.33009128724484,-266.33009128724484,-266.33009128724484,0.0,0.0,0.0,81.92661834069224
3501,1975-12-30,348.11747850851475,42.69461624988216,124.45225126223623,348.11747850851475,348.11747850851475,-266.209737907437,-266.209737907437,-266.209737907437,-266.209737907437,-266.209737907437,-266.209737907437,0.0,0.0,0.0,81.90774060107776
3502,1975-12-31,347.97824738909236,40.73706495896391,123.49759335193134,347.97824738909236,347.97824738909236,-266.0880788403836,-266.0880788403836,-266.0880788403836,-266.0880788403836,-266.0880788403836,-266.0880788403836,0.0,0.0,0.0,81.89016854870874
3503,1976-01-02,347.6997851502476,41.48584521952296,126.47710117243149,347.6997851502476,347.6997851502476,-265.8408720261383,-265.8408720261383,-265.8408720261383,-265.8408720261383,-265.8408720261383,-265.8408720261383,0.0,0.0,0.0,81.85891312410928
3504,1976-01-05,347.2820917919805,43.16641717611243,122.30191671382428,347.2820917919805,347.2820917919805,-265.46044676340364,-265.46044676340364,-265.46044676340364,-265.46044676340364,-265.46044676340364,-265.46044676340364,0.0,0.0,0.0,81.82164502857688
3505,1976-01-06,347.142860672558,40.48865977137062,124.27580408719888,347.142860672558,347.142860672558,-265.3311028324995,-265.3311028324995,-265.3311028324995,-265.3311028324995,-265.3311028324995,-265.3311028324995,0.0,0.0,0.0,81.81175784005853
3506,1976-01-07,347.0036295531356,41.324424776378024,127.279880852672,347.0036295531356,347.0036295531356,-265.2005030455697,-265.2005030455697,-265.2005030455697,-265.2005030455697,-265.2005030455697,-265.2005030455697,0.0,0.0,0.0,81.80312650756593
3507,1976-01-08,346.8643984337133,38.38776519347412,119.99311218942132,346.8643984337133,346.8643984337133,-265.06865455363976,-265.06865455363976,-265.06865455363976,-265.06865455363976,-265.06865455363976,-265.06865455363976,0.0,0.0,0.0,81.79574388007353
3508,1976-01-09,346.72516731429084,40.78034233523399,124.34240623101194,346.72516731429084,346.72516731429084,-264.93556451522795,-264.93556451522795,-264.93556451522795,-264.93556451522795,-264.93556451522795,-264.93556451522795,0.0,0.0,0.0,81.78960279906289
3509,1976-01-12,346.3074739560238,41.70470384090898,122.41799188354551,346.3074739560238,346.3074739560238,-264.52891681463757,-264.52891681463757,-264.52891681463757,-264.52891681463757,-264.52891681463757,-264.52891681463757,0.0,0.0,0.0,81.77855714138622
3510,1976-01-13,346.1682428366013,40.00259615376771,123.79061371995687,346.1682428366013,346.1682428366013,-264.3909323186026,-264.3909323186026,-264.3909323186026,-264.3909323186026,-264.3909323186026,-264.3909323186026,0.0,0.0,0.0,81.77731051799867
3511,1976-01-14,346.0290117171789,40.835289566396916,123.19548358144235,346.0290117171789,346.0290117171789,-264.25174217433226,-264.25174217433226,-264.25174217433226,-264.25174217433226,-264.25174217433226,-264.25174217433226,0.0,0.0,0.0,81.77726954284662
3512,1976-01-15,345.88978059775656,40.57866795020326,122.56851968205221,345.88978059775656,345.88978059775656,-264.11135358125887,-264.11135358125887,-264.11135358125887,-264.11135358125887,-264.11135358125887,-264.11135358125887,0.0,0.0,0.0,81.77842701649769
3513,1976-01-16,345.75054947833416,37.32249464714178,125.28768433694509,345.75054947833416,345.75054947833416,-263.96977374495907,-263.96977374495907,-263.96977374495907,-263.96977374495907,-263.96977374495907,-263.96977374495907,0.0,0.0,0.0,81.7807757333751
3514,1976-01-19,345.33285612006705,41.49303665294073,123.75782865902647,345.33285612006705,345.33285612006705,-263.5379589205998,-263.5379589205998,-263.5379589205998,-263.5379589205998,-263.5379589205998,-263.5379589205998,0.0,0.0,0.0,81.79489719946724
3515,1976-01-20,345.19362500064466,40.068676767394166,125.37144740339238,345.19362500064466,345.19362500064466,-263.39168628332027,-263.39168628332027,-263.39168628332027,-263.39168628332027,-263.39168628332027,-263.39168628332027,0.0,0.0,0.0,81.80193871732439
3516,1976-01-21,345.05439388122215,42.70886774945858,123.34299997625133,345.05439388122215,345.05439388122215,-263.24425851613114,-263.24425851613114,-263.24425851613114,-263.24425851613114,-263.24425851613114,-263.24425851613114,0.0,0.0,0.0,81.81013536509101
3517,1976-01-22,344.9151627617998,35.888196003325056,126.36063422224103,344.9151627617998,344.9151627617998,-263.09568285743387,-263.09568285743387,-263.09568285743387,-263.09568285743387,-263.09568285743387,-263.09568285743387,0.0,0.0,0.0,81.81947990436595
3518,1976-01-23,344.77593164237743,38.66817977029081,125.41876052242236,344.77593164237743,344.77593164237743,-262.9459665504274,-262.9459665504274,-262.9459665504274,-262.9459665504274,-262.9459665504274,-262.9459665504274,0.0,0.0,0.0,81.82996509195004
3519,1976-01-26,344.3582382841103,41.15151916193918,124.57867741516112,344.3582382841103,344.3582382841103,-262.49004623945154,-262.49004623945154,-262.49004623945154,-262.49004623945154,-262.49004623945154,-262.49004623945154,0.0,0.0,0.0,81.86819204465877
3520,1976-01-27,344.2190071646879,41.02442037907928,122.37472212108284,344.2190071646879,344.2190071646879,-262.3358398603987,-262.3358398603987,-262.3358398603987,-262.3358398603987,-262.3358398603987,-262.3358398603987,0.0,0.0,0.0,81.8831673042892
3521,1976-01-28,344.0797760452654,38.888733730008504,125.99243042038808,344.0797760452654,344.0797760452654,-262.1805291142499,-262.1805291142499,-262.1805291142499,-262.1805291142499,-262.1805291142499,-262.1805291142499,0.0,0.0,0.0,81.89924693101551
3522,1976-01-29,343.9405449258431,41.10170649105337,123.51110295717753,343.9405449258431,343.9405449258431,-262.02412126894626,-262.02412126894626,-262.02412126894626,-262.02412126894626,-262.02412126894626,-262.02412126894626,0.0,0.0,0.0,81.91642365689682
3523,1976-01-30,343.8013138064207,40.565253972341104,121.40651573232077,343.8013138064207,343.8013138064207,-261.8666235958795,-261.8666235958795,-261.8666235958795,-261.8666235958795,-261.8666235958795,-261.8666235958795,0.0,0.0,0.0,81.93469021054119
3524,1976-02-02,343.3836204481536,40.572719927213825,122.54998107941593,343.3836204481536,343.3836204481536,-261.3876643717515,-261.3876643717515,-261.3876643717515,-261.3876643717515,-261.3876643717515,-261.3876643717515,0.0,0.0,0.0,81.99595607640208
3525,1976-02-03,343.2443893287312,41.57102873766601,123.92342718741153,343.2443893287312,343.2443893287312,-261.22588016385174,-261.22588016385174,-261.22588016385174,-261.22588016385174,-261.22588016385174,-261.22588016385174,0.0,0.0,0.0,82.01850916487945
3526,1976-02-04,343.10515820930885,42.530680500244095,123.65446815952764,343.10515820930885,343.10515820930885,-261.0630425301957,-261.0630425301957,-261.0630425301957,-261.0630425301957,-261.0630425301957,-261.0630425301957,0.0,0.0,0.0,82.04211567911318
3527,1976-02-05,342.96592708988635,42.776562466605604,125.64124221092047,342.96592708988635,342.96592708988635,-260.89915875885214,-260.89915875885214,-260.89915875885214,-260.89915875885214,-260.89915875885214,-260.89915875885214,0.0,0.0,0.0,82.06676833103421
3528,1976-02-06,342.826695970464,38.57128481713353,127.16645312854047,342.826695970464,342.826695970464,-260.7342361399992,-260.7342361399992,-260.7342361399992,-260.7342361399992,-260.7342361399992,-260.7342361399992,0.0,0.0,0.0,82.0924598304648
3529,1976-02-09,342.4090026121969,39.83435211411362,121.83944505707801,342.4090026121969,342.4090026121969,-260.2333081277799,-260.2333081277799,-260.2333081277799,-260.2333081277799,-260.2333081277799,-260.2333081277799,0.0,0.0,0.0,82.17569448441702
3530,1976-02-10,342.26977149277457,38.87244320802301,125.25303102400012,342.26977149277457,342.26977149277457,-260.064303056154,-260.064303056154,-260.064303056154,-260.064303056154,-260.064303056154,-260.064303056154,0.0,0.0,0.0,82.20546843662055
3531,1976-02-11,342.1305403733521,42.65438400331697,126.31326924885457,342.1305403733521,342.1305403733521,-259.8942956128516,-259.8942956128516,-259.8942956128516,-259.8942956128516,-259.8942956128516,-259.8942956128516,0.0,0.0,0.0,82.23624476050054
3532,1976-02-12,341.9913092539296,39.576457474954324,122.58128630064427,341.99130925392967,341.99130925392967,-259.72329309669175,-259.72329309669175,-259.72329309669175,-259.72329309669175,-259.72329309669175,-259.72329309669175,0.0,0.0,0.0,82.26801615723787
3533,1976-02-13,341.8520781345073,41.029386173905685,124.4449454765719,341.85207813450734,341.85207813450734,-259.55130280726627,-259.55130280726627,-259.55130280726627,-259.55130280726627,-259.55130280726627,-259.55130280726627,0.0,0.0,0.0,82.30077532724101
3534,1976-02-17,341.29515365681783,42.32834166036166,125.9759990295837,341.29515365681783,341.29515365681783,-258.8536099251359,-258.8536099251359,-258.8536099251359,-258.8536099251359,-258.8536099251359,-258.8536099251359,0.0,0.0,0.0,82.44154373168192
3535,1976-02-18,341.1559225373954,41.3529148133205,123.71904440449487,341.1559225373954,341.1559225373954,-258.6767902769922,-258.6767902769922,-258.6767902769922,-258.6767902769922,-258.6767902769922,-258.6767902769922,0.0,0.0,0.0,82.47913226040316
3536,1976-02-19,341.01669141797305,41.563358323991395,123.80790701942944,341.01669141797305,341.01669141797305,-258.4990266587156,-258.4990266587156,-258.4990266587156,-258.4990266587156,-258.4990266587156,-258.4990266587156,0.0,0.0,0.0,82.51766475925746
3537,1976-02-20,340.87746029855055,41.43069478031849,122.77624662005786,340.87746029855055,340.87746029855055,-258.3203263699881,-258.3203263699881,-258.3203263699881,-258.3203263699881,-258.3203263699881,-258.3203263699881,0.0,0.0,0.0,82.55713392856245
3538,1976-02-23,340.45976694028343,41.11434447546061,124.89492146205757,340.45976694028343,340.45976694028343,-257.7786784656126,-257.7786784656126,-257.7786784656126,-257.7786784656126,-257.7786784656126,-257.7786784656126,0.0,0.0,0.0,82.68108847467084
3539,1976-02-24,340.3205358208611,40.67624011794447,125.485396202328,340.3205358208611,340.3205358208611,-257.59630447417175,-257.59630447417175,-257.59630447417175,-257.59630447417175,-257.59630447417175,-257.59630447417175,0.0,0.0,0.0,82.72423134668935
3540,1976-02-25,340.18130470143865,38.19342327590091,124.03894928555154,340.18130470143865,340.18130470143865,-257.41303029574283,-257.41303029574283,-257.41303029574283,-257.41303029574283,-257.41303029574283,-257.41303029574283,0.0,0.0,0.0,82.76827440569582
3541,1976-02-26,340.0420735820163,44.5409407034149,123.16965890608358,340.0420735820163,340.0420735820163,-257.2288632227105,-257.2288632227105,-257.2288632227105,-257.2288632227105,-257.2288632227105,-257.2288632227105,0.0,0.0,0.0,82.8132103593058
3542,1976-02-27,339.9028424625938,41.3370078942761,125.531687754663,339.9028424625938,339.9028424625938,-257.0438105455842,-257.0438105455842,-257.0438105455842,-257.0438105455842,-257.0438105455842,-257.0438105455842,0.0,0.0,0.0,82.85903191700959
3543,1976-03-01,339.4851491043267,44.15659016413517,123.4766218112626,339.4851491043267,339.4851491043267,-256.48341176268207,-256.48341176268207,-256.48341176268207,-256.48341176268207,-256.48341176268207,-256.48341176268207,0.0,0.0,0.0,83.00173734164463
3544,1976-03-02,339.34591798490436,45.07581158028009,123.9363006224163,339.34591798490436,339.34591798490436,-256.2948895302245,-256.2948895302245,-256.2948895302245,-256.2948895302245,-256.2948895302245,-256.2948895302245,0.0,0.0,0.0,83.05102845467985
3545,1976-03-03,339.2066868654819,39.91553753432588,121.15429703677552,339.2066868654819,339.2066868654819,-256.1055181115459,-256.1055181115459,-256.1055181115459,-256.1055181115459,-256.1055181115459,-256.1055181115459,0.0,0.0,0.0,83.10116875393601
3546,1976-03-04,339.06745574605964,43.43221247590252,126.55829920427172,339.06745574605964,339.06745574605964,-255.91530478197805,-255.91530478197805,-255.91530478197805,-255.91530478197805,-255.91530478197805,-255.91530478197805,0.0,0.0,0.0,83.15215096408159
3547,1976-03-05,338.9282246266372,41.051709456963245,127.34501432463496,338.9282246266372,338.9282246266372,-255.72425681367076,-255.72425681367076,-255.72425681367076,-255.72425681367076,-255.72425681367076,-255.72425681367076,0.0,0.0,0.0,83.20396781296643
3548,1976-03-08,338.51053126836996,41.76525701645015,126.90185694825946,338.51053126836996,338.51053126836996,-255.1461777461787,-255.1461777461787,-255.1461777461787,-255.1461777461787,-255.1461777461787,-255.1461777461787,0.0,0.0,0.0,83.36435352219127
3549,1976-03-09,338.3713001489476,44.372613899254894,124.78083611865779,338.3713001489476,338.3713001489476,-254.95186387427262,-254.95186387427262,-254.95186387427262,-254.95186387427262,-254.95186387427262,-254.95186387427262,0.0,0.0,0.0,83.41943627467501
3550,1976-03-10,338.2320690295252,40.95646667854506,122.99787655218074,338.2320690295252,338.2320690295252,-254.75675167015225,-254.75675167015225,-254.75675167015225,-254.75675167015225,-254.75675167015225,-254.75675167015225,0.0,0.0,0.0,83.47531735937292
3551,1976-03-11,338.0928379101029,43.847091128932405,125.91155760812649,338.09283791010284,338.09283791010284,-254.56084838298364,-254.56084838298364,-254.56084838298364,-254.56084838298364,-254.56084838298364,-254.56084838298364,0.0,0.0,0.0,83.53198952711926
3552,1976-03-12,337.95360679068045,43.72927410965549,126.50798719025985,337.95360679068045,337.95360679068045,-254.3641612574562,-254.3641612574562,-254.3641612574562,-254.3641612574562,-254.3641612574562,-254.3641612574562,0.0,0.0,0.0,83.58944553322425
3553,1976-03-15,337.5359134324132,43.065308839014314,125.85104205707063,337.5359134324132,337.5359134324132,-253.7694692266202,-253.7694692266202,-253.7694692266202,-253.7694692266202,-253.7694692266202,-253.7694692266202,0.0,0.0,0.0,83.76644420579302
3554,1976-03-16,337.3966823129909,40.19918254239248,125.15237666837834,337.3966823129909,337.3966823129909,-253.56971909860692,-253.56971909860692,-253.56971909860692,-253.56971909860692,-253.56971909860692,-253.56971909860692,0.0,0.0,0.0,83.82696321438397
3555,1976-03-17,337.2574511935685,41.64386570568198,127.36458833353583,337.2574511935685,337.2574511935685,-253.36922128212083,-253.36922128212083,-253.36922128212083,-253.36922128212083,-253.36922128212083,-253.36922128212083,0.0,0.0,0.0,83.88822991144767
3556,1976-03-18,337.11822007414617,44.077369486643555,126.02595663532551,337.11822007414617,337.11822007414617,-253.1679829911472,-253.1679829911472,-253.1679829911472,-253.1679829911472,-253.1679829911472,-253.1679829911472,0.0,0.0,0.0,83.95023708299897
3557,1976-03-19,336.97898895472383,43.02483527081212,125.65716820348229,336.97898895472383,336.97898895472383,-252.96601143391646,-252.96601143391646,-252.96601143391646,-252.96601143391646,-252.96601143391646,-252.96601143391646,0.0,0.0,0.0,84.01297752080737
3558,1976-03-22,336.56129559645655,43.75712375380242,126.3662243673985,336.56129559645655,336.56129559645655,-252.3557691568441,-252.3557691568441,-252.3557691568441,-252.3557691568441,-252.3557691568441,-252.3557691568441,0.0,0.0,0.0,84.20552643961244
3559,1976-03-23,336.42206447703416,39.862118919866944,123.76720087684197,336.42206447703416,336.42206447703416,-252.15093649543692,-252.15093649543692,-252.15093649543692,-252.15093649543692,-252.15093649543692,-252.15093649543692,0.0,0.0,0.0,84.27112798159723
3560,1976-03-24,336.2828333576118,42.62989760547528,125.22911927069555,336.2828333576118,336.2828333576118,-251.94540651625653,-251.94540651625653,-251.94540651625653,-251.94540651625653,-251.94540651625653,-251.94540651625653,0.0,0.0,0.0,84.3374268413553
3561,1976-03-25,336.14360223818943,43.168140315771055,124.04376003516624,336.14360223818943,336.14360223818943,-251.73918638920412,-251.73918638920412,-251.73918638920412,-251.73918638920412,-251.73918638920412,-251.73918638920412,0.0,0.0,0.0,84.40441584898531
3562,1976-03-26,336.0043711187671,46.252476050208344,128.82585533542166,336.0043711187671,336.0043711187671,-251.532283277164,-251.532283277164,-251.532283277164,-251.532283277164,-251.532283277164,-251.532283277164,0.0,0.0,0.0,84.4720878416031
3563,1976-03-29,335.58667776049987,43.67592934885524,122.26613770207065,335.58667776049987,335.58667776049987,-250.90754755094102,-250.90754755094102,-250.90754755094102,-250.90754755094102,-250.90754755094102,-250.90754755094102,0.0,0.0,0.0,84.67913020955885
3564,1976-03-30,335.4474466410774,44.333023666821354,125.80713359340496,335.4474466410775,335.4474466410775,-250.6979839811888,-250.6979839811888,-250.6979839811888,-250.6979839811888,-250.6979839811888,-250.6979839811888,0.0,0.0,0.0,84.74946265988862
3565,1976-03-31,335.3082155216551,41.16389600359807,126.5174562291081,335.3082155216551,335.3082155216551,-250.4877731293612,-250.4877731293612,-250.4877731293612,-250.4877731293612,-250.4877731293612,-250.4877731293612,0.0,0.0,0.0,84.8204423922939
3566,1976-04-01,335.1689844022327,40.317563642472706,125.41710798288968,335.1689844022327,335.1689844022327,-250.276922112496,-250.276922112496,-250.276922112496,-250.276922112496,-250.276922112496,-250.276922112496,0.0,0.0,0.0,84.89206228973669
3567,1976-04-02,335.02975328281036,40.30282336247821,128.05665098650928,335.02975328281036,335.02975328281036,-250.06543803936998,-250.06543803936998,-250.06543803936998,-250.06543803936998,-250.06543803936998,-250.06543803936998,0.0,0.0,0.0,84.96431524344038
3568,1976-04-05,334.61205992454313,43.579367236307,127.72448831304057,334.61205992454313,334.61205992454313,-249.42725844258797,-249.42725844258797,-249.42725844258797,-249.42725844258797,-249.42725844258797,-249.42725844258797,0.0,0.0,0.0,85.18480148195516
3569,1976-04-06,334.4728288051207,41.38314807466216,124.72884741508864,334.4728288051207,334.4728288051207,-249.2133130608174,-249.2133130608174,-249.2133130608174,-249.2133130608174,-249.2133130608174,-249.2133130608174,0.0,0.0,0.0,85.25951574430329
3570,1976-04-07,334.33359768569835,42.00675373840939,126.60080817545888,334.33359768569835,334.33359768569835,-248.9987700366111,-248.9987700366111,-248.9987700366111,-248.9987700366111,-248.9987700366111,-248.9987700366111,0.0,0.0,0.0,85.33482764908726
3571,1976-04-08,334.19436656627596,44.4495426798391,127.66178136749492,334.19436656627596,334.19436656627596,-248.78363642549976,-248.78363642549976,-248.78363642549976,-248.78363642549976,-248.78363642549976,-248.78363642549976,0.0,0.0,0.0,85.4107301407762
3572,1976-04-09,334.0551354468536,43.72205351981844,127.94493291029589,334.0551354468536,334.0551354468536,-248.56791927352972,-248.56791927352972,-248.56791927352972,-248.56791927352972,-248.56791927352972,-248.56791927352972,0.0,0.0,0.0,85.4872161733239
3573,1976-04-12,333.63744208858645,43.00260419419621,129.3672832943434,333.63744208858645,333.63744208858645,-247.91733688704505,-247.91733688704505,-247.91733688704505,-247.91733688704505,-247.91733688704505,-247.91733688704505,0.0,0.0,0.0,85.7201052015414
3574,1976-04-13,333.49821096916395,46.21602309022412,128.86303732121382,333.49821096916395,333.49821096916395,-247.6993558363838,-247.6993558363838,-247.6993558363838,-247.6993558363838,-247.6993558363838,-247.6993558363838,0.0,0.0,0.0,85.79885513278015
3575,1976-04-14,333.3589798497416,44.49516463344705,129.32667773873231,333.3589798497416,333.3589798497416,-247.48082632680098,-247.48082632680098,-247.48082632680098,-247.48082632680098,-247.48082632680098,-247.48082632680098,0.0,0.0,0.0,85.87815352294064
3576,1976-04-15,333.2197487303192,46.006715291572995,124.080164892158,333.2197487303192,333.2197487303192,-247.26175534382426,-247.26175534382426,-247.26175534382426,-247.26175534382426,-247.26175534382426,-247.26175534382426,0.0,0.0,0.0,85.95799338649496
3577,1976-04-19,332.6628242526297,40.580261193416995,123.58680311630948,332.6628242526297,332.6628242526297,-246.38019601100342,-246.38019601100342,-246.38019601100342,-246.38019601100342,-246.38019601100342,-246.38019601100342,0.0,0.0,0.0,86.2826282416263
3578,1976-04-20,332.5235931332072,47.03562081096308,126.9601770183534,332.5235931332072,332.5235931332072,-246.1585220640768,-246.1585220640768,-246.1585220640768,-246.1585220640768,-246.1585220640768,-246.1585220640768,0.0,0.0,0.0,86.36507106913041
3579,1976-04-21,332.3843620137849,47.626088434864485,126.50784969527619,332.3843620137849,332.3843620137849,-245.93634832662173,-245.93634832662173,-245.93634832662173,-245.93634832662173,-245.93634832662173,-245.93634832662173,0.0,0.0,0.0,86.44801368716315
3580,1976-04-22,332.2451308943625,44.83761447712684,128.46018449541197,332.2451308943625,332.2451308943625,-245.71368170582736,-245.71368170582736,-245.71368170582736,-245.71368170582736,-245.71368170582736,-245.71368170582736,0.0,0.0,0.0,86.53144918853513
3581,1976-04-23,332.10589977494016,46.329838867820584,126.3766311390257,332.10589977494016,332.10589977494016,-245.4905290970209,-245.4905290970209,-245.4905290970209,-245.4905290970209,-245.4905290970209,-245.4905290970209,0.0,0.0,0.0,86.61537067791926
3582,1976-04-26,331.688206416673,44.000620865580636,130.0324914177927,331.688206416673,331.688206416673,-244.818224114392,-244.818224114392,-244.818224114392,-244.818224114392,-244.818224114392,-244.818224114392,0.0,0.0,0.0,86.86998230228099
3583,1976-04-27,331.54897529725065,45.567309792202494,127.76512353088113,331.54897529725065,331.54897529725065,-244.59319626377243,-244.59319626377243,-244.59319626377243,-244.59319626377243,-244.59319626377243,-244.59319626377243,0.0,0.0,0.0,86.95577903347822
3584,1976-04-28,331.40974417782814,45.801202290356414,127.25352836997496,331.40974417782814,331.40974417782814,-244.36771671805536,-244.36771671805536,-244.36771671805536,-244.36771671805536,-244.36771671805536,-244.36771671805536,0.0,0.0,0.0,87.04202745977278
3585,1976-04-29,331.27051305840575,45.96055418151908,127.55988998530982,331.27051305840575,331.27051305840575,-244.1417922979272,-244.1417922979272,-244.1417922979272,-244.1417922979272,-244.1417922979272,-244.1417922979272,0.0,0.0,0.0,87.12872076047856
3586,1976-04-30,331.1312819389834,44.92841782602413,130.45984274448438,331.1312819389834,331.1312819389834,-243.91542981106133,-243.91542981106133,-243.91542981106133,-243.91542981106133,-243.91542981106133,-243.91542981106133,0.0,0.0,0.0,87.21585212792209
3587,1976-05-03,330.71358858071636,46.02649376694805,129.33799572231268,330.71358858071636,330.71358858071636,-243.23378182816265,-243.23378182816265,-243.23378182816265,-243.23378182816265,-243.23378182816265,-243.23378182816265,0.0,0.0,0.0,87.47980675255371
3588,1976-05-04,330.5743574612939,45.914511323205545,130.49977866198455,330.5743574612939,330.5743574612939,-243.00573488513865,-243.00573488513865,-243.00573488513865,-243.00573488513865,-243.00573488513865,-243.00573488513865,0.0,0.0,0.0,87.56862257615526
3589,1976-05-05,330.43512634187147,46.13918074268654,128.94723462643756,330.43512634187147,330.43512634187147,-242.77728371287876,-242.77728371287876,-242.77728371287876,-242.77728371287876,-242.77728371287876,-242.77728371287876,0.0,0.0,0.0,87.65784262899271
3590,1976-05-06,330.29589522244913,49.58772903330131,128.88293930832717,330.29589522244913,330.29589522244913,-242.5484350375856,-242.5484350375856,-242.5484350375856,-242.5484350375856,-242.5484350375856,-242.5484350375856,0.0,0.0,0.0,87.74746018486354
3591,1976-05-07,330.1566641030267,43.5845903881017,127.60711421703124,330.1566641030267,330.1566641030267,-242.31919557132363,-242.31919557132363,-242.31919557132363,-242.31919557132363,-242.31919557132363,-242.31919557132363,0.0,0.0,0.0,87.83746853170305
3592,1976-05-10,329.7389707447596,47.97729678049483,129.80601292061286,329.7389707447596,329.7389707447596,-241.62919933197998,-241.62919933197998,-241.62919933197998,-241.62919933197998,-241.62919933197998,-241.62919933197998,0.0,0.0,0.0,88.10977141277965
3593,1976-05-11,329.59973962533724,46.42070127325523,130.3829415556926,329.59973962533724,329.59973962533724,-241.39846353419802,-241.39846353419802,-241.39846353419802,-241.39846353419802,-241.39846353419802,-241.39846353419802,0.0,0.0,0.0,88.20127609113922
3594,1976-05-12,329.4605085059149,45.419826540885374,130.11374314318226,329.4605085059149,329.4605085059149,-241.16737028817687,-241.16737028817687,-241.16737028817687,-241.16737028817687,-241.16737028817687,-241.16737028817687,0.0,0.0,0.0,88.29313821773803
3595,1976-05-13,329.3212773864924,47.918236430123066,126.13977048693623,329.3212773864924,329.3212773864924,-240.9359262178478,-240.9359262178478,-240.9359262178478,-240.9359262178478,-240.9359262178478,-240.9359262178478,0.0,0.0,0.0,88.3853511686446
3596,1976-05-14,329.18204626706995,50.1981182109001,129.24658904198236,329.18204626706995,329.18204626706995,-240.7041379319076,-240.7041379319076,-240.7041379319076,-240.7041379319076,-240.7041379319076,-240.7041379319076,0.0,0.0,0.0,88.47790833516234
3597,1976-05-17,328.7643529088029,46.17281595823892,129.59773081815828,328.7643529088029,328.7643529088029,-240.00677363564188,-240.00677363564188,-240.00677363564188,-240.00677363564188,-240.00677363564188,-240.00677363564188,0.0,0.0,0.0,88.75757927316101
3598,1976-05-18,328.6251217893805,48.888847059724704,128.57588902527914,328.6251217893805,328.6251217893805,-239.77367426415816,-239.77367426415816,-239.77367426415816,-239.77367426415816,-239.77367426415816,-239.77367426415816,0.0,0.0,0.0,88.85144752522234
3599,1976-05-19,328.48589066995817,44.6360938179304,131.9808553941513,328.48589066995817,328.48589066995817,-239.5402634866599,-239.5402634866599,-239.5402634866599,-239.5402634866599,-239.5402634866599,-239.5402634866599,0.0,0.0,0.0,88.94562718329826
3600,1976-05-20,328.34665955053566,48.465395272205825,132.27200047316293,328.34665955053566,328.34665955053566,-239.30654781722288,-239.30654781722288,-239.30654781722288,-239.30654781722288,-239.30654781722288,-239.30654781722288,0.0,0.0,0.0,89.04011173331278
3601,1976-05-21,328.2074284311132,46.74199048580136,132.34855505259318,328.2074284311132,328.2074284311132,-239.0725337536225,-239.0725337536225,-239.0725337536225,-239.0725337536225,-239.0725337536225,-239.0725337536225,0.0,0.0,0.0,89.1348946774907
3602,1976-05-24,327.78973507284616,49.7452562315369,130.84377177243852,327.78973507284616,327.78973507284616,-238.36876592795096,-238.36876592795096,-238.36876592795096,-238.36876592795096,-238.36876592795096,-238.36876592795096,0.0,0.0,0.0,89.4209691448952
3603,1976-05-25,327.65050395342377,47.72301324983907,130.34554756383224,327.65050395342377,327.65050395342377,-238.13362293421758,-238.13362293421758,-238.13362293421758,-238.13362293421758,-238.13362293421758,-238.13362293421758,0.0,0.0,0.0,89.51688101920618
3604,1976-05-26,327.51127283400143,46.070316803559464,129.96602584451247,327.51127283400143,327.51127283400143,-237.89821378547458,-237.89821378547458,-237.89821378547458,-237.89821378547458,-237.89821378547458,-237.89821378547458,0.0,0.0,0.0,89.61305904852685
3605,1976-05-27,327.372041714579,49.64168309344045,132.63948445343814,327.372041714579,327.372041714579,-237.6625448785732,-237.6625448785732,-237.6625448785732,-237.6625448785732,-237.6625448785732,-237.6625448785732,0.0,0.0,0.0,89.7094968360058
3606,1976-05-28,327.2328105951565,47.72700674636553,128.68809196666106,327.2328105951565,327.2328105951565,-237.4266225930302,-237.4266225930302,-237.4266225930302,-237.4266225930302,-237.4266225930302,-237.4266225930302,0.0,0.0,0.0,89.80618800212628
3607,1976-06-01,326.67588611746703,48.86011773463239,132.26584413654888,326.67588611746703,326.67588611746703,-236.4805266399367,-236.4805266399367,-236.4805266399367,-236.4805266399367,-236.4805266399367,-236.4805266399367,0.0,0.0,0.0,90.19535947753033
3608,1976-06-02,326.5366549980447,48.13916284259579,131.2762552780553,326.5366549980447,326.5366549980447,-236.24343253708602,-236.24343253708602,-236.24343253708602,-236.24343253708602,-236.24343253708602,-236.24343253708602,0.0,0.0,0.0,90.29322246095867
3609,1976-06-03,326.39742387862225,48.239192672664856,132.42951935501802,326.39742387862225,326.39742387862225,-236.00612296057784,-236.00612296057784,-236.00612296057784,-236.00612296057784,-236.00612296057784,-236.00612296057784,0.0,0.0,0.0,90.39130091804441
3610,1976-06-04,326.25819275919974,47.70873936515525,131.36493059717594,326.25819275919974,326.25819275919974,-235.76860416455781,-235.76860416455781,-235.76860416455781,-235.76860416455781,-235.76860416455781,-235.76860416455781,0.0,0.0,0.0,90.48958859464193
3611,1976-06-07,325.8404994009327,51.43945382802688,132.88386169476823,325.8404994009327,325.8404994009327,-235.054854722891,-235.054854722891,-235.054854722891,-235.054854722891,-235.054854722891,-235.054854722891,0.0,0.0,0.0,90.78564467804168
3612,1976-06-08,325.7012682815103,47.076465792736855,132.50605694924627,325.7012682815103,325.7012682815103,-234.8165612186494,-234.8165612186494,-234.8165612186494,-234.8165612186494,-234.8165612186494,-234.8165612186494,0.0,0.0,0.0,90.88470706286088
3613,1976-06-09,325.56203716208796,50.73164077815222,132.90339055895757,325.56203716208796,325.56203716208796,-234.5780894856866,-234.5780894856866,-234.5780894856866,-234.5780894856866,-234.5780894856866,-234.5780894856866,0.0,0.0,0.0,90.98394767640136
3614,1976-06-10,325.4228060426655,49.950329485564296,132.83030062448879,325.4228060426655,325.4228060426655,-234.3394456652056,-234.3394456652056,-234.3394456652056,-234.3394456652056,-234.3394456652056,-234.3394456652056,0.0,0.0,0.0,91.08336037745991
3615,1976-06-11,325.28357492324324,49.9695871742832,130.99557173852315,325.28357492324324,325.28357492324324,-234.10063587910494,-234.10063587910494,-234.10063587910494,-234.10063587910494,-234.10063587910494,-234.10063587910494,0.0,0.0,0.0,91.1829390441383
3616,1976-06-14,324.86588156497595,52.36486354144497,135.90441713306564,324.86588156497595,324.86588156497595,-233.38327165366962,-233.38327165366962,-233.38327165366962,-233.38327165366962,-233.38327165366962,-233.38327165366962,0.0,0.0,0.0,91.48260991130633
3617,1976-06-15,324.7266504455536,48.09799537937824,135.7706944907614,324.7266504455536,324.7266504455536,-233.14385883326872,-233.14385883326872,-233.14385883326872,-233.14385883326872,-233.14385883326872,-233.14385883326872,0.0,0.0,0.0,91.5827916122849
3618,1976-06-16,324.5874193261312,48.60630159617939,132.27654531840045,324.5874193261312,324.5874193261312,-232.9043103624651,-232.9043103624651,-232.9043103624651,-232.9043103624651,-232.9043103624651,-232.9043103624651,0.0,0.0,0.0,91.68310896366611
3619,1976-06-17,324.4481882067089,51.89757226185609,135.15886168355814,324.4481882067089,324.4481882067089,-232.6646322445149,-232.6646322445149,-232.6646322445149,-232.6646322445149,-232.6646322445149,-232.6646322445149,0.0,0.0,0.0,91.78355596219399
3620,1976-06-18,324.3089570872865,50.20044104407695,133.35286334125635,324.3089570872865,324.3089570872865,-232.42483046243754,-232.42483046243754,-232.42483046243754,-232.42483046243754,-232.42483046243754,-232.42483046243754,0.0,0.0,0.0,91.88412662484896
3621,1976-06-21,323.8912637290192,51.08198634645424,130.94752097304087,323.8912637290192,323.8912637290192,-231.70474265536419,-231.70474265536419,-231.70474265536419,-231.70474265536419,-231.70474265536419,-231.70474265536419,0.0,0.0,0.0,92.18652107365503
3622,1976-06-22,323.7520326095969,50.14103905921047,133.88299462744124,323.7520326095969,323.7520326095969,-231.4645056377056,-231.4645056377056,-231.4645056377056,-231.4645056377056,-231.4645056377056,-231.4645056377056,0.0,0.0,0.0,92.28752697189128
3623,1976-06-23,323.6128014901745,50.60847129566469,135.00076020716256,323.6128014901745,323.6128014901745,-231.22417456294178,-231.22417456294178,-231.22417456294178,-231.22417456294178,-231.22417456294178,-231.22417456294178,0.0,0.0,0.0,92.3886269272327
3624,1976-06-24,323.47357037075216,51.02519000137187,134.61248094749945,323.47357037075216,323.47357037075216,-230.98375528996624,-230.98375528996624,-230.98375528996624,-230.98375528996624,-230.98375528996624,-230.98375528996624,0.0,0.0,0.0,92.48981508078592
3625,1976-06-25,323.33433925132977,52.729013610568074,136.34880574843268,323.33433925132977,323.33433925132977,-230.74325365654073,-230.74325365654073,-230.74325365654073,-230.74325365654073,-230.74325365654073,-230.74325365654073,0.0,0.0,0.0,92.59108559478904
3626,1976-06-28,322.9166458930625,51.41564910844903,131.89081761029757,322.9166458930625,322.9166458930625,-230.0213126515902,-230.0213126515902,-230.0213126515902,-230.0213126515902,-230.0213126515902,-230.0213126515902,0.0,0.0,0.0,92.89533324147229
3627,1976-06-29,322.7774147736402,51.04783923893105,138.3409371363056,322.7774147736402,322.7774147736402,-229.78053952699378,-229.78053952699378,-229.78053952699378,-229.78053952699378,-229.78053952699378,-229.78053952699378,0.0,0.0,0.0,92.99687524664643
3628,1976-06-30,322.63818365421776,52.0254740900168,135.4792075958038,322.63818365421776,322.63818365421776,-229.53971290943673,-229.53971290943673,-229.53971290943673,-229.53971290943673,-229.53971290943673,-229.53971290943673,0.0,0.0,0.0,93.09847074478103
3629,1976-07-01,322.4989525347954,51.054372618076776,134.84520576851602,322.4989525347954,322.4989525347954,-229.29883850729527,-229.29883850729527,-229.29883850729527,-229.29883850729527,-229.29883850729527,-229.29883850729527,0.0,0.0,0.0,93.20011402750015
3630,1976-07-02,322.35972141537303,53.81333556461404,136.0948126614502,322.3597214153731,322.3597214153731,-229.05792200695615,-229.05792200695615,-229.05792200695615,-229.05792200695615,-229.05792200695615,-229.05792200695615,0.0,0.0,0.0,93.30179940841688
3631,1976-07-06,321.80279693768347,53.92079252504548,135.92258220489003,321.80279693768347,321.80279693768347,-228.0939479750699,-228.0939479750699,-228.0939479750699,-228.0939479750699,-228.0939479750699,-228.0939479750699,0.0,0.0,0.0,93.70884896261356
3632,1976-07-07,321.663565818261,54.71387955030319,133.9487245117569,321.663565818261,321.663565818261,-227.8529055016063,-227.8529055016063,-227.8529055016063,-227.8529055016063,-227.8529055016063,-227.8529055016063,0.0,0.0,0.0,93.81066031665472
3633,1976-07-08,321.5243346988387,51.93818957152973,135.92739096814856,321.52433469883863,321.52433469883863,-227.61185457986065,-227.61185457986065,-227.61185457986065,-227.61185457986065,-227.61185457986065,-227.61185457986065,0.0,0.0,0.0,93.91248011897804
3634,1976-07-09,321.3851035794163,54.37390315363251,135.832019764968,321.3851035794163,321.3851035794163,-227.3708007389973,-227.3708007389973,-227.3708007389973,-227.3708007389973,-227.3708007389973,-227.3708007389973,0.0,0.0,0.0,94.01430284041899
3635,1976-07-12,320.96741022114907,52.50505189954867,136.95914704250634,320.96741022114907,320.96741022114907,-226.6476766488374,-226.6476766488374,-226.6476766488374,-226.6476766488374,-226.6476766488374,-226.6476766488374,0.0,0.0,0.0,94.31973357231166
3636,1976-07-13,320.82817910172673,50.78974462010883,137.48747035793818,320.82817910172673,320.82817910172673,-226.40666596301938,-226.40666596301938,-226.40666596301938,-226.40666596301938,-226.40666596301938,-226.40666596301938,0.0,0.0,0.0,94.42151313870735
3637,1976-07-14,320.6889479823043,52.416537874260804,135.9594822994968,320.6889479823043,320.6889479823043,-226.1656796578323,-226.1656796578323,-226.1656796578323,-226.1656796578323,-226.1656796578323,-226.1656796578323,0.0,0.0,0.0,94.52326832447199
3638,1976-07-15,320.54971686288195,52.618246221001215,137.0341311081221,320.54971686288195,320.54971686288195,-225.92472312323252,-225.92472312323252,-225.92472312323252,-225.92472312323252,-225.92472312323252,-225.92472312323252,0.0,0.0,0.0,94.62499373964943
3639,1976-07-16,320.41048574345956,54.3026417370718,134.54235023177378,320.41048574345956,320.41048574345956,-225.6838017255906,-225.6838017255906,-225.6838017255906,-225.6838017255906,-225.6838017255906,-225.6838017255906,0.0,0.0,0.0,94.72668401786896
3640,1976-07-19,319.99279238519233,55.00109378502106,134.74505946474733,319.99279238519233,319.99279238519233,-224.96130166205154,-224.96130166205154,-224.96130166205154,-224.96130166205154,-224.96130166205154,-224.96130166205154,0.0,0.0,0.0,95.03149072314079
3641,1976-07-20,319.85356126577,56.226812696469366,136.85732626690677,319.85356126577,319.85356126577,-224.72057400044898,-224.72057400044898,-224.72057400044898,-224.72057400044898,-224.72057400044898,-224.72057400044898,0.0,0.0,0.0,95.13298726532102
3642,1976-07-21,319.71433014634755,51.639004038365925,137.41895663001947,319.71433014634755,319.71433014634755,-224.47990795010716,-224.47990795010716,-224.47990795010716,-224.47990795010716,-224.47990795010716,-224.47990795010716,0.0,0.0,0.0,95.23442219624039
3643,1976-07-22,319.5750990269252,54.11454228436514,137.6100027140949,319.5750990269252,319.5750990269252,-224.23930873363966,-224.23930873363966,-224.23930873363966,-224.23930873363966,-224.23930873363966,-224.23930873363966,0.0,0.0,0.0,95.33579029328556
3644,1976-07-23,319.4358679075029,54.25360626273107,135.87245318121998,319.4358679075029,319.4358679075029,-223.9987815493356,-223.9987815493356,-223.9987815493356,-223.9987815493356,-223.9987815493356,-223.9987815493356,0.0,0.0,0.0,95.43708635816728
3645,1976-07-26,319.01817454923577,51.58706023680653,135.95050594048413,319.01817454923577,319.01817454923577,-223.27768380529398,-223.27768380529398,-223.27768380529398,-223.27768380529398,-223.27768380529398,-223.27768380529398,0.0,0.0,0.0,95.74049074394179
3646,1976-07-27,318.87894342981326,53.58024027205778,135.0993703319573,318.87894342981326,318.87894342981326,-223.03749624249625,-223.03749624249625,-223.03749624249625,-223.03749624249625,-223.03749624249625,-223.03749624249625,0.0,0.0,0.0,95.84144718731702
3647,1976-07-28,318.7397123103909,52.714568960068064,138.21957217093316,318.7397123103909,318.7397123103909,-222.79740633490277,-222.79740633490277,-222.79740633490277,-222.79740633490277,-222.79740633490277,-222.79740633490277,0.0,0.0,0.0,95.94230597548815
3648,1976-07-29,318.6004811909685,51.97713331170456,137.71376536980327,318.6004811909685,318.6004811909685,-222.55741913274525,-222.55741913274525,-222.55741913274525,-222.55741913274525,-222.55741913274525,-222.55741913274525,0.0,0.0,0.0,96.04306205822323
3649,1976-07-30,318.4612500715462,55.1591843828136,136.375448759831,318.4612500715462,318.4612500715462,-222.31753966123475,-222.31753966123475,-222.31753966123475,-222.31753966123475,-222.31753966123475,-222.31753966123475,0.0,0.0,0.0,96.14371041031146
3650,1976-08-02,318.04355671327903,55.401432218312806,137.94056263640564,318.04355671327903,318.04355671327903,-221.59859750538763,-221.59859750538763,-221.59859750538763,-221.59859750538763,-221.59859750538763,-221.59859750538763,0.0,0.0,0.0,96.4449592078914
3651,1976-08-03,317.9043255938567,52.387032844212975,140.2228832627412,317.9043255938567,317.9043255938567,-221.35919870483585,-221.35919870483585,-221.35919870483585,-221.35919870483585,-221.35919870483585,-221.35919870483585,0.0,0.0,0.0,96.54512688902085
3652,1976-08-04,317.7650944744342,56.47186060314098,138.62618864458227,317.7650944744342,317.7650944744342,-221.1199323823581,-221.1199323823581,-221.1199323823581,-221.1199323823581,-221.1199323823581,-221.1199323823581,0.0,0.0,0.0,96.6451620920761
3653,1976-08-05,317.6258633550118,56.274374376328794,137.52760741393467,317.6258633550118,317.6258633550118,-220.880803411061,-220.880803411061,-220.880803411061,-220.880803411061,-220.880803411061,-220.880803411061,0.0,0.0,0.0,96.74505994395079
3654,1976-08-06,317.48663223558947,55.88312438473699,136.3716169780856,317.48663223558947,317.48663223558947,-220.6418166383775,-220.6418166383775,-220.6418166383775,-220.6418166383775,-220.6418166383775,-220.6418166383775,0.0,0.0,0.0,96.84481559721198
3655,1976-08-09,317.0689388773223,53.90089617077727,138.7288836895135,317.0689388773223,317.0689388773223,-219.9257575993623,-219.9257575993623,-219.9257575993623,-219.9257575993623,-219.9257575993623,-219.9257575993623,0.0,0.0,0.0,97.14318127796
3656,1976-08-10,316.92970775789996,56.404373463673046,136.8474537103817,316.92970775789996,316.92970775789996,-219.68738757887618,-219.68738757887618,-219.68738757887618,-219.68738757887618,-219.68738757887618,-219.68738757887618,0.0,0.0,0.0,97.24232017902378
3657,1976-08-11,316.79047663847746,56.04162877653282,138.9846910884586,316.79047663847746,316.79047663847746,-219.44918360595977,-219.44918360595977,-219.44918360595977,-219.44918360595977,-219.44918360595977,-219.44918360595977,0.0,0.0,0.0,97.34129303251768
3658,1976-08-12,316.65124551905507,55.96100260139802,137.5524888993371,316.65124551905507,316.65124551905507,-219.21115037215256,-219.21115037215256,-219.21115037215256,-219.21115037215256,-219.21115037215256,-219.21115037215256,0.0,0.0,0.0,97.44009514690251
3659,1976-08-13,316.51201439963273,57.908703410371515,141.00367006909246,316.51201439963273,316.51201439963273,-218.97329254271122,-218.97329254271122,-218.97329254271122,-218.97329254271122,-218.97329254271122,-218.97329254271122,0.0,0.0,0.0,97.53872185692151
3660,1976-08-16,316.09432104136556,54.87571834749225,140.41395877104011,316.09432104136556,316.09432104136556,-218.2608177371595,-218.2608177371595,-218.2608177371595,-218.2608177371595,-218.2608177371595,-218.2608177371595,0.0,0.0,0.0,97.83350330420606
3661,1976-08-17,315.9550899219432,56.48088761659735,142.2311174560502,315.9550899219432,315.9550899219432,-218.0237076491876,-218.0237076491876,-218.0237076491876,-218.0237076491876,-218.0237076491876,-218.0237076491876,0.0,0.0,0.0,97.93138227275563
3662,1976-08-18,315.81585880252084,56.80699816949437,137.4919625791646,315.81585880252084,315.81585880252084,-217.78679589473083,-217.78679589473083,-217.78679589473083,-217.78679589473083,-217.78679589473083,-217.78679589473083,0.0,0.0,0.0,98.02906290779
3663,1976-08-19,315.67662768309833,57.806661955205534,138.21515374873755,315.67662768309833,315.67662768309833,-217.55008697962688,-217.55008697962688,-217.55008697962688,-217.55008697962688,-217.55008697962688,-217.55008697962688,0.0,0.0,0.0,98.12654070347145
3664,1976-08-20,315.537396563676,55.72734737231933,141.32566133861584,315.537396563676,315.537396563676,-217.31358538286463,-217.31358538286463,-217.31358538286463,-217.31358538286463,-217.31358538286463,-217.31358538286463,0.0,0.0,0.0,98.22381118081137
3665,1976-08-23,315.1197032054088,54.99306038772327,138.21261642452214,315.1197032054088,315.1197032054088,-216.6053688881823,-216.6053688881823,-216.6053688881823,-216.6053688881823,-216.6053688881823,-216.6053688881823,0.0,0.0,0.0,98.51433431722651
3666,1976-08-24,314.9804720859865,60.040106320429715,137.85652414794276,314.98047208598655,314.98047208598655,-216.36974081503172,-216.36974081503172,-216.36974081503172,-216.36974081503172,-216.36974081503172,-216.36974081503172,0.0,0.0,0.0,98.61073127095477
3667,1976-08-25,314.8412409665641,55.71327223146325,140.00838922679367,314.8412409665641,314.8412409665641,-216.13434204977577,-216.13434204977577,-216.13434204977577,-216.13434204977577,-216.13434204977577,-216.13434204977577,0.0,0.0,0.0,98.70689891678833
3668,1976-08-26,314.7020098471416,53.97229343238602,139.11105942380468,314.7020098471416,314.7020098471416,-215.89917690872582,-215.89917690872582,-215.89917690872582,-215.89917690872582,-215.89917690872582,-215.89917690872582,0.0,0.0,0.0,98.80283293841578
3669,1976-08-27,314.56277872771926,53.69127111098164,139.42175134493903,314.56277872771926,314.56277872771926,-215.66424968082418,-215.66424968082418,-215.66424968082418,-215.66424968082418,-215.66424968082418,-215.66424968082418,0.0,0.0,0.0,98.89852904689508
3670,1976-08-30,314.1450853694521,57.99063191374892,138.61480340330922,314.1450853694521,314.1450853694521,-214.96093795341912,-214.96093795341912,-214.96093795341912,-214.96093795341912,-214.96093795341912,-214.96093795341912,0.0,0.0,0.0,99.18414741603297
3671,1976-08-31,314.00585425002976,57.36139621845653,139.34862697739314,314.00585425002976,314.00585425002976,-214.72700471769906,-214.72700471769906,-214.72700471769906,-214.72700471769906,-214.72700471769906,-214.72700471769906,0.0,0.0,0.0,99.2788495323307
3672,1976-09-01,313.86662313060737,55.40591582142674,142.08264953073092,313.86662313060737,313.86662313060737,-214.49333042686212,-214.49333042686212,-214.49333042686212,-214.49333042686212,-214.49333042686212,-214.49333042686212,0.0,0.0,0.0,99.37329270374525
3673,1976-09-02,313.72739201118503,57.06254509635353,142.25531403164885,313.72739201118503,313.72739201118503,-214.2599192041845,-214.2599192041845,-214.2599192041845,-214.2599192041845,-214.2599192041845,-214.2599192041845,0.0,0.0,0.0,99.46747280700052
3674,1976-09-03,313.5881608917625,59.55719190981527,141.10068953091317,313.5881608917625,313.5881608917625,-214.0267751450983,-214.0267751450983,-214.0267751450983,-214.0267751450983,-214.0267751450983,-214.0267751450983,0.0,0.0,0.0,99.56138574666423
3675,1976-09-07,313.031236414073,62.11082051568773,140.61130850255,313.031236414073,313.031236414073,-213.09695147519108,-213.09695147519108,-213.09695147519108,-213.09695147519108,-213.09695147519108,-213.09695147519108,0.0,0.0,0.0,99.93428493888194
3676,1976-09-08,312.8920052946507,58.39393004421286,138.32025240370137,312.8920052946507,312.8920052946507,-212.86520368655292,-212.86520368655292,-212.86520368655292,-212.86520368655292,-212.86520368655292,-212.86520368655292,0.0,0.0,0.0,100.02680160809777
3677,1976-09-09,312.7527741752283,60.25021572997274,142.77705422111922,312.7527741752283,312.7527741752283,-212.63374704584027,-212.63374704584027,-212.63374704584027,-212.63374704584027,-212.63374704584027,-212.63374704584027,0.0,0.0,0.0,100.11902712938803
3678,1976-09-10,312.6135430558058,57.56748273307202,141.33404464705944,312.6135430558058,312.6135430558058,-212.4025854518313,-212.4025854518313,-212.4025854518313,-212.4025854518313,-212.4025854518313,-212.4025854518313,0.0,0.0,0.0,100.21095760397449
3679,1976-09-13,312.19584969753873,62.74049840598326,139.28528120923175,312.19584969753873,312.19584969753873,-211.7109095124954,-211.7109095124954,-211.7109095124954,-211.7109095124954,-211.7109095124954,-211.7109095124954,0.0,0.0,0.0,100.48494018504334
3680,1976-09-14,312.0566185781163,58.72576542487243,141.1455792422777,312.0566185781163,312.0566185781163,-211.48096652560872,-211.48096652560872,-211.48096652560872,-211.48096652560872,-211.48096652560872,-211.48096652560872,0.0,0.0,0.0,100.57565205250756
3681,1976-09-15,311.91738745869395,56.274063498120114,141.84134536561217,311.91738745869395,311.91738745869395,-211.25133765322667,-211.25133765322667,-211.25133765322667,-211.25133765322667,-211.25133765322667,-211.25133765322667,0.0,0.0,0.0,100.66604980546728
3682,1976-09-16,311.77815633927156,59.001933416411454,141.07068242973276,311.77815633927156,311.77815633927156,-211.02202662330848,-211.02202662330848,-211.02202662330848,-211.02202662330848,-211.02202662330848,-211.02202662330848,0.0,0.0,0.0,100.75612971596308
3683,1976-09-17,311.6389252198492,60.832912806067185,141.71439409626447,311.6389252198492,311.6389252198492,-210.79303713515645,-210.79303713515645,-210.79303713515645,-210.79303713515645,-210.79303713515645,-210.79303713515645,0.0,0.0,0.0,100.84588808469277
3684,1976-09-20,311.221231861582,59.83959639727353,140.61594727356612,311.221231861582,311.221231861582,-210.10803448340585,-210.10803448340585,-210.10803448340585,-210.10803448340585,-210.10803448340585,-210.10803448340585,0.0,0.0,0.0,101.11319737817615
3685,1976-09-21,311.08200074215955,61.32411598285371,143.3000072888013,311.08200074215955,311.08200074215955,-209.88036758044205,-209.88036758044205,-209.88036758044205,-209.88036758044205,-209.88036758044205,-209.88036758044205,0.0,0.0,0.0,101.2016331617175
3686,1976-09-22,310.9427696227372,60.24697516208887,144.21077041167277,310.9427696227372,310.9427696227372,-209.65304028415338,-209.65304028415338,-209.65304028415338,-209.65304028415338,-209.65304028415338,-209.65304028415338,0.0,0.0,0.0,101.28972933858384
3687,1976-09-23,310.8035385033148,61.73935129219957,142.8924644647735,310.8035385033148,310.8035385033148,-209.4260561208643,-209.4260561208643,-209.4260561208643,-209.4260561208643,-209.4260561208643,-209.4260561208643,0.0,0.0,0.0,101.37748238245052
3688,1976-09-24,310.6643073838925,59.2279742597708,143.89356306544335,310.6643073838925,310.6643073838925,-209.19941858790577,-209.19941858790577,-209.19941858790577,-209.19941858790577,-209.19941858790577,-209.19941858790577,0.0,0.0,0.0,101.46488879598672
3689,1976-09-27,310.24661402562526,59.55441539512472,142.3557992384183,310.24661402562526,310.24661402562526,-208.52162030849814,-208.52162030849814,-208.52162030849814,-208.52162030849814,-208.52162030849814,-208.52162030849814,0.0,0.0,0.0,101.72499371712712
3690,1976-09-28,310.1073829062028,60.4552706645714,142.26586641685086,310.1073829062028,310.1073829062028,-208.2964036887728,-208.2964036887728,-208.2964036887728,-208.2964036887728,-208.2964036887728,-208.2964036887728,0.0,0.0,0.0,101.81097921743
3691,1976-09-29,309.96815178678054,58.913362130589974,141.90354989744802,309.96815178678054,309.96815178678054,-208.071550749615,-208.071550749615,-208.071550749615,-208.071550749615,-208.071550749615,-208.071550749615,0.0,0.0,0.0,101.89660103716554
3692,1976-09-30,309.8289206673581,58.50767914261686,141.7626286676555,309.8289206673581,309.8289206673581,-207.84706481349872,-207.84706481349872,-207.84706481349872,-207.84706481349872,-207.84706481349872,-207.84706481349872,0.0,0.0,0.0,101.98185585385937
3693,1976-10-01,309.68968954793576,63.318303795877576,142.13019344531153,309.68968954793576,309.68968954793576,-207.62294917361487,-207.62294917361487,-207.62294917361487,-207.62294917361487,-207.62294917361487,-207.62294917361487,0.0,0.0,0.0,102.06674037432089
3694,1976-10-04,309.2719961896685,62.513066102309956,146.35666210516442,309.2719961896685,309.2719961896685,-206.95285652323625,-206.95285652323625,-206.95285652323625,-206.95285652323625,-206.95285652323625,-206.95285652323625,0.0,0.0,0.0,102.31913966643228
3695,1976-10-05,309.1327650702461,59.023922533608534,143.88628822189946,309.1327650702461,309.1327650702461,-206.73025441323227,-206.73025441323227,-206.73025441323227,-206.73025441323227,-206.73025441323227,-206.73025441323227,0.0,0.0,0.0,102.4025106570138
3696,1976-10-06,308.9935339508238,63.17092196403723,145.15115688270714,308.9935339508238,308.9935339508238,-206.50803862488627,-206.50803862488627,-206.50803862488627,-206.50803862488627,-206.50803862488627,-206.50803862488627,0.0,0.0,0.0,102.48549532593753
3697,1976-10-07,308.85430283140136,59.87165986804567,146.2364432683356,308.85430283140136,308.85430283140136,-206.28621227493502,-206.28621227493502,-206.28621227493502,-206.28621227493502,-206.28621227493502,-206.28621227493502,0.0,0.0,0.0,102.56809055646633
3698,1976-10-08,308.715071711979,62.78625808912715,145.2958750714906,308.715071711979,308.715071711979,-206.06477845058922,-206.06477845058922,-206.06477845058922,-206.06477845058922,-206.06477845058922,-206.06477845058922,0.0,0.0,0.0,102.6502932613898
3699,1976-10-11,308.2973783537118,62.13452375354739,145.5861083031132,308.2973783537118,308.2973783537118,-205.40286255976548,-205.40286255976548,-205.40286255976548,-205.40286255976548,-205.40286255976548,-205.40286255976548,0.0,0.0,0.0,102.89451579394631
3700,1976-10-12,308.1581472342894,59.86501102327732,141.86968587159646,308.1581472342894,308.1581472342894,-205.18302911837503,-205.18302911837503,-205.18302911837503,-205.18302911837503,-205.18302911837503,-205.18302911837503,0.0,0.0,0.0,102.97511811591437
3701,1976-10-13,308.01891611486707,59.7894704174813,142.95537676067318,308.01891611486707,308.01891611486707,-204.96360319471162,-204.96360319471162,-204.96360319471162,-204.96360319471162,-204.96360319471162,-204.96360319471162,0.0,0.0,0.0,103.05531292015544
3702,1976-10-14,307.8796849954446,60.4798651552118,144.49513863570715,307.8796849954446,307.8796849954446,-204.7445876982176,-204.7445876982176,-204.7445876982176,-204.7445876982176,-204.7445876982176,-204.7445876982176,0.0,0.0,0.0,103.13509729722702
3703,1976-10-15,307.7404538760223,63.011697871284404,142.87738410390503,307.7404538760223,307.7404538760223,-204.52598550861387,-204.52598550861387,-204.52598550861387,-204.52598550861387,-204.52598550861387,-204.52598550861387,0.0,0.0,0.0,103.21446836740841
3704,1976-10-18,307.32276051775506,59.93329399662491,147.22947470048015,307.32276051775506,307.32276051775506,-203.872687132035,-203.872687132035,-203.872687132035,-203.872687132035,-203.872687132035,-203.872687132035,0.0,0.0,0.0,103.45007338572006
3705,1976-10-19,307.1835293983327,62.49793235961214,145.68463224087887,307.1835293983327,307.1835293983327,-203.65576637195284,-203.65576637195284,-203.65576637195284,-203.65576637195284,-203.65576637195284,-203.65576637195284,0.0,0.0,0.0,103.52776302637989
3706,1976-10-20,307.04429827891033,61.416955405603844,147.7843928296672,307.04429827891033,307.04429827891033,-203.43927287073677,-203.43927287073677,-203.43927287073677,-203.43927287073677,-203.43927287073677,-203.43927287073677,0.0,0.0,0.0,103.60502540817356
3707,1976-10-21,306.905067159488,60.84538796391548,145.00310596417725,306.905067159488,306.905067159488,-203.2232093293078,-203.2232093293078,-203.2232093293078,-203.2232093293078,-203.2232093293078,-203.2232093293078,0.0,0.0,0.0,103.6818578301802
3708,1976-10-22,306.76583604006555,58.776749818075636,143.27164476863146,306.76583604006555,306.76583604006555,-203.0075784187175,-203.0075784187175,-203.0075784187175,-203.0075784187175,-203.0075784187175,-203.0075784187175,0.0,0.0,0.0,103.75825762134806
3709,1976-10-25,306.3481426817983,61.814775548152845,147.87799482502544,306.3481426817983,306.3481426817983,-202.36330773409298,-202.36330773409298,-202.36330773409298,-202.36330773409298,-202.36330773409298,-202.36330773409298,0.0,0.0,0.0,103.98483494770534
3710,1976-10-26,306.208911562376,59.71519125137355,144.34358955508628,306.208911562376,306.208911562376,-202.14943345939426,-202.14943345939426,-202.14943345939426,-202.14943345939426,-202.14943345939426,-202.14943345939426,0.0,0.0,0.0,104.05947810298173
3711,1976-10-27,306.0696804429536,61.30690315190677,144.6715803199511,306.0696804429536,306.0696804429536,-201.936004722175,-201.936004722175,-201.936004722175,-201.936004722175,-201.936004722175,-201.936004722175,0.0,0.0,0.0,104.1336757207786
3712,1976-10-28,305.93044932353126,63.92744437731269,144.94399763638677,305.93044932353126,305.93044932353126,-201.72302401393873,-201.72302401393873,-201.72302401393873,-201.72302401393873,-201.72302401393873,-201.72302401393873,0.0,0.0,0.0,104.20742530959254
3713,1976-10-29,305.7912182041088,64.05352991690391,146.05481702117436,305.7912182041088,305.7912182041088,-201.51049379621847,-201.51049379621847,-201.51049379621847,-201.51049379621847,-201.51049379621847,-201.51049379621847,0.0,0.0,0.0,104.28072440789035
3714,1976-11-01,305.37352484584176,63.46860038809281,144.29029071913368,305.37352484584176,305.37352484584176,-200.87563025170792,-200.87563025170792,-200.87563025170792,-200.87563025170792,-200.87563025170792,-200.87563025170792,0.0,0.0,0.0,104.49789459413384
3715,1976-11-03,305.09506260699686,63.36530275944064,143.28496823277754,305.09506260699686,305.09506260699686,-200.4546841198104,-200.4546841198104,-200.4546841198104,-200.4546841198104,-200.4546841198104,-200.4546841198104,0.0,0.0,0.0,104.64037848718647
3716,1976-11-04,304.9558314875745,63.182690625315715,144.3567100686601,304.9558314875745,304.9558314875745,-200.24490685780688,-200.24490685780688,-200.24490685780688,-200.24490685780688,-200.24490685780688,-200.24490685780688,0.0,0.0,0.0,104.71092462976765
3717,1976-11-05,304.81660036815214,63.69559119582004,148.26870457385192,304.81660036815214,304.81660036815214,-200.03559647710222,-200.03559647710222,-200.03559647710222,-200.03559647710222,-200.03559647710222,-200.03559647710222,0.0,0.0,0.0,104.78100389104992
3718,1976-11-08,304.398907009885,63.92528965557778,147.85018372455008,304.398907009885,304.398907009885,-199.41048868728876,-199.41048868728876,-199.41048868728876,-199.41048868728876,-199.41048868728876,-199.41048868728876,0.0,0.0,0.0,104.98841832259626
3719,1976-11-09,304.2596758904625,62.439617827923946,151.33797981129425,304.2596758904625,304.2596758904625,-199.20306774612283,-199.20306774612283,-199.20306774612283,-199.20306774612283,-199.20306774612283,-199.20306774612283,0.0,0.0,0.0,105.05660814433969
3720,1976-11-10,304.1204447710401,64.56104451689706,149.85899239322939,304.1204447710401,304.1204447710401,-198.9961244932593,-198.9961244932593,-198.9961244932593,-198.9961244932593,-198.9961244932593,-198.9961244932593,0.0,0.0,0.0,105.12432027778084
3721,1976-11-11,303.9812136516178,64.70083006328255,147.77645033092602,303.98121365161785,303.98121365161785,-198.7896609999976,-198.7896609999976,-198.7896609999976,-198.7896609999976,-198.7896609999976,-198.7896609999976,0.0,0.0,0.0,105.19155265162019
3722,1976-11-12,303.8419825321954,62.11971733492136,145.63157970736208,303.8419825321954,303.8419825321954,-198.5836793076048,-198.5836793076048,-198.5836793076048,-198.5836793076048,-198.5836793076048,-198.5836793076048,0.0,0.0,0.0,105.2583032245906
3723,1976-11-15,303.4242891739283,62.01295489413371,148.51818214935983,303.4242891739283,303.4242891739283,-197.96864499790163,-197.96864499790163,-197.96864499790163,-197.96864499790163,-197.96864499790163,-197.96864499790163,0.0,0.0,0.0,105.45564417602665
3724,1976-11-16,303.2850580545059,63.623474071038444,152.36837830557477,303.2850580545059,303.2850580545059,-197.76461032113968,-197.76461032113968,-197.76461032113968,-197.76461032113968,-197.76461032113968,-197.76461032113968,0.0,0.0,0.0,105.52044773336621
3725,1976-11-17,303.1458269350834,63.864974263536936,149.08211908371743,303.1458269350834,303.1458269350834,-197.56106720123753,-197.56106720123753,-197.56106720123753,-197.56106720123753,-197.56106720123753,-197.56106720123753,0.0,0.0,0.0,105.58475973384586
3726,1976-11-18,303.00659581566106,66.74923150808056,148.20339504852436,303.00659581566106,303.00659581566106,-197.35801749936377,-197.35801749936377,-197.35801749936377,-197.35801749936377,-197.35801749936377,-197.35801749936377,0.0,0.0,0.0,105.64857831629729
3727,1976-11-19,302.86736469623867,64.52376264848607,146.6559822157415,302.86736469623867,302.86736469623867,-197.1554630466946,-197.1554630466946,-197.1554630466946,-197.1554630466946,-197.1554630466946,-197.1554630466946,0.0,0.0,0.0,105.71190164954407
3728,1976-11-22,302.44967133797155,62.99450994976566,146.31733371894597,302.44967133797155,302.44967133797155,-196.55078904599904,-196.55078904599904,-196.55078904599904,-196.55078904599904,-196.55078904599904,-196.55078904599904,0.0,0.0,0.0,105.89888229197251
3729,1976-11-23,302.31044021854916,63.72145010430149,147.46038332440793,302.31044021854916,302.31044021854916,-196.35023330241648,-196.35023330241648,-196.35023330241648,-196.35023330241648,-196.35023330241648,-196.35023330241648,0.0,0.0,0.0,105.96020691613268
3730,1976-11-24,302.17120909912666,65.63757296517215,147.88509565704354,302.17120909912666,302.17120909912666,-196.15018151439963,-196.15018151439963,-196.15018151439963,-196.15018151439963,-196.15018151439963,-196.15018151439963,0.0,0.0,0.0,106.02102758472702
3731,1976-11-26,301.89274686028193,66.09253802148592,147.93583657682439,301.89274686028193,301.89274686028193,-195.7515963809723,-195.7515963809723,-195.7515963809723,-195.7515963809723,-195.7515963809723,-195.7515963809723,0.0,0.0,0.0,106.14115047930963
3732,1976-11-29,301.47505350201476,64.0553271889434,151.7463170796904,301.47505350201476,301.47505350201476,-195.15753866230793,-195.15753866230793,-195.15753866230793,-195.15753866230793,-195.15753866230793,-195.15753866230793,0.0,0.0,0.0,106.31751483970683
3733,1976-11-30,301.32193111583075,65.17663742165435,146.43391024076772,301.32193111583075,301.32193111583075,-194.96054424207463,-194.96054424207463,-194.96054424207463,-194.96054424207463,-194.96054424207463,-194.96054424207463,0.0,0.0,0.0,106.36138687375612
3734,1976-12-01,301.16880872964697,68.10985487586352,147.72958604274646,301.16880872964697,301.16880872964697,-194.76406471014408,-194.76406471014408,-194.76406471014408,-194.76406471014408,-194.76406471014408,-194.76406471014408,0.0,0.0,0.0,106.40474401950289
3735,1976-12-02,301.01568634346296,63.12332525391804,147.71478185593185,301.01568634346296,301.01568634346296,-194.5681015089944,-194.5681015089944,-194.5681015089944,-194.5681015089944,-194.5681015089944,-194.5681015089944,0.0,0.0,0.0,106.44758483446856
3736,1976-12-03,300.862563957279,63.771769269269285,145.44281977244444,300.862563957279,300.862563957279,-194.37265605132933,-194.37265605132933,-194.37265605132933,-194.37265605132933,-194.37265605132933,-194.37265605132933,0.0,0.0,0.0,106.48990790594968
3737,1976-12-06,300.4031967987274,65.4202382848718,149.5254125582313,300.4031967987274,300.4031967987274,-193.78943982014084,-193.78943982014084,-193.78943982014084,-193.78943982014084,-193.78943982014084,-193.78943982014084,0.0,0.0,0.0,106.61375697858654
3738,1976-12-07,300.25007441254337,66.46638889427169,150.9677226375797,300.25007441254337,300.25007441254337,-193.59607886876847,-193.59607886876847,-193.59607886876847,-193.59607886876847,-193.59607886876847,-193.59607886876847,0.0,0.0,0.0,106.6539955437749
3739,1976-12-08,300.0969520263596,65.88824866876729,146.57494695949774,300.0969520263596,300.0969520263596,-193.4032422786018,-193.4032422786018,-193.4032422786018,-193.4032422786018,-193.4032422786018,-193.4032422786018,0.0,0.0,0.0,106.6937097477578
3740,1976-12-09,299.9438296401756,62.81684622431837,149.37294174967153,299.9438296401756,299.9438296401756,-193.21093128420262,-193.21093128420262,-193.21093128420262,-193.21093128420262,-193.21093128420262,-193.21093128420262,0.0,0.0,0.0,106.73289835597296
3741,1976-12-10,299.7907072539916,63.73005471525976,146.29089363051548,299.7907072539916,299.7907072539916,-193.01914709053554,-193.01914709053554,-193.01914709053554,-193.01914709053554,-193.01914709053554,-193.01914709053554,0.0,0.0,0.0,106.77156016345609
3742,1976-12-13,299.3313400954398,62.26256986674237,146.36785684551447,299.3313400954398,299.3313400954398,-192.44696692022652,-192.44696692022652,-192.44696692022652,-192.44696692022652,-192.44696692022652,-192.44696692022652,0.0,0.0,0.0,106.88437317521331
3743,1976-12-14,299.178217709256,65.1279263188346,148.69622667958828,299.178217709256,299.178217709256,-192.2573013882191,-192.2573013882191,-192.2573013882191,-192.2573013882191,-192.2573013882191,-192.2573013882191,0.0,0.0,0.0,106.92091632103688
3744,1976-12-15,299.02509532307204,63.38229002594592,151.95278007988404,299.02509532307204,299.02509532307204,-192.06816823885237,-192.06816823885237,-192.06816823885237,-192.06816823885237,-192.06816823885237,-192.06816823885237,0.0,0.0,0.0,106.95692708421967
3745,1976-12-16,298.8719729368882,63.501613083997185,148.20808808432196,298.8719729368882,298.8719729368882,-191.87956850014726,-191.87956850014726,-191.87956850014726,-191.87956850014726,-191.87956850014726,-191.87956850014726,0.0,0.0,0.0,106.99240443674094
3746,1976-12-17,298.718850550704,63.35112695665674,147.7646105267186,298.718850550704,298.718850550704,-191.6915031707498,-191.6915031707498,-191.6915031707498,-191.6915031707498,-191.6915031707498,-191.6915031707498,0.0,0.0,0.0,107.02734737995422
3747,1976-12-20,298.25948339215245,67.20163791132116,148.19772769152578,298.25948339215245,298.25948339215245,-191.13052318498086,-191.13052318498086,-191.13052318498086,-191.13052318498086,-191.13052318498086,-191.13052318498086,0.0,0.0,0.0,107.12896020717159
3748,1976-12-21,298.10636100596844,63.92225892422178,150.44892798394187,298.10636100596844,298.10636100596844,-190.94460489302358,-190.94460489302358,-190.94460489302358,-190.94460489302358,-190.94460489302358,-190.94460489302358,0.0,0.0,0.0,107.16175611294486
3749,1976-12-22,297.95323861978466,65.95147133786116,149.31717135526,297.95323861978466,297.95323861978466,-190.75922556424354,-190.75922556424354,-190.75922556424354,-190.75922556424354,-190.75922556424354,-190.75922556424354,0.0,0.0,0.0,107.19401305554112
3750,1976-12-23,297.80011623360065,64.50405101389761,148.08941185783283,297.80011623360065,297.80011623360065,-190.57438602180935,-190.57438602180935,-190.57438602180935,-190.57438602180935,-190.57438602180935,-190.57438602180935,0.0,0.0,0.0,107.2257302117913
3751,1976-12-27,297.1876266888649,65.26055731644664,147.00578949425343,297.1876266888649,297.1876266888649,-189.84044116097476,-189.84044116097476,-189.84044116097476,-189.84044116097476,-189.84044116097476,-189.84044116097476,0.0,0.0,0.0,107.34718552789013
3752,1976-12-28,297.03450430268106,64.47712130228912,147.27970183630433,297.03450430268106,297.03450430268106,-189.65831188046621,-189.65831188046621,-189.65831188046621,-189.65831188046621,-189.65831188046621,-189.65831188046621,0.0,0.0,0.0,107.37619242221484
3753,1976-12-29,296.88138191649705,65.36763618039109,148.9772800128793,296.88138191649705,296.88138191649705,-189.47672671551837,-189.47672671551837,-189.47672671551837,-189.47672671551837,-189.47672671551837,-189.47672671551837,0.0,0.0,0.0,107.40465520097868
3754,1976-12-30,296.72825953031327,66.93411605055542,150.73158473754097,296.72825953031327,296.72825953031327,-189.2956862864439,-189.2956862864439,-189.2956862864439,-189.2956862864439,-189.2956862864439,-189.2956862864439,0.0,0.0,0.0,107.43257324386937
3755,1976-12-31,296.57513714412926,64.39633333785466,147.0630621867788,296.57513714412926,296.57513714412926,-189.11519118475636,-189.11519118475636,-189.11519118475636,-189.11519118475636,-189.11519118475636,-189.11519118475636,0.0,0.0,0.0,107.4599459593729
3756,1977-01-03,296.11576998557746,64.19385389166526,151.90402620751547,296.11576998557746,296.11576998557746,-188.57698332818208,-188.57698332818208,-188.57698332818208,-188.57698332818208,-188.57698332818208,-188.57698332818208,0.0,0.0,0.0,107.53878665739538
3757,1977-01-04,295.9626475993937,64.61423862425777,148.0920022288068,295.9626475993937,295.9626475993937,-188.39867487689688,-188.39867487689688,-188.39867487689688,-188.39867487689688,-188.39867487689688,-188.39867487689688,0.0,0.0,0.0,107.5639727224968
3758,1977-01-05,295.80952521320967,65.46860987001165,145.10445696603693,295.80952521320967,295.80952521320967,-188.2209142802904,-188.2209142802904,-188.2209142802904,-188.2209142802904,-188.2209142802904,-188.2209142802904,0.0,0.0,0.0,107.58861093291927
3759,1977-01-06,295.6564028270259,66.96889830498593,147.93125326039308,295.6564028270259,295.6564028270259,-188.04370195811865,-188.04370195811865,-188.04370195811865,-188.04370195811865,-188.04370195811865,-188.04370195811865,0.0,0.0,0.0,107.61270086890724
3760,1977-01-07,295.5032804408419,65.72383231486981,146.95966409303085,295.5032804408419,295.5032804408419,-187.8670383016916,-187.8670383016916,-187.8670383016916,-187.8670383016916,-187.8670383016916,-187.8670383016916,0.0,0.0,0.0,107.63624213915028
3761,1977-01-10,295.0439132822901,68.69827868861596,148.99504910235032,295.0439132822901,295.0439132822901,-187.34034281443232,-187.34034281443232,-187.34034281443232,-187.34034281443232,-187.34034281443232,-187.34034281443232,0.0,0.0,0.0,107.70357046785776
3762,1977-01-11,294.8907908961061,66.17025363751547,149.5319131269166,294.8907908961061,294.8907908961061,-187.16587716707474,-187.16587716707474,-187.16587716707474,-187.16587716707474,-187.16587716707474,-187.16587716707474,0.0,0.0,0.0,107.72491372903139
3763,1977-01-12,294.7376685099223,65.81506768443623,151.31658005359515,294.7376685099223,294.7376685099223,-186.99196171724216,-186.99196171724216,-186.99196171724216,-186.99196171724216,-186.99196171724216,-186.99196171724216,0.0,0.0,0.0,107.74570679268012
3764,1977-01-13,294.58454612373833,68.4736824195122,148.1289117587738,294.58454612373833,294.58454612373833,-186.81859668673124,-186.81859668673124,-186.81859668673124,-186.81859668673124,-186.81859668673124,-186.81859668673124,0.0,0.0,0.0,107.7659494370071
3765,1977-01-14,294.4314237375545,65.17736049360705,150.3901829472748,294.4314237375545,294.4314237375545,-186.64578226928833,-186.64578226928833,-186.64578226928833,-186.64578226928833,-186.64578226928833,-186.64578226928833,0.0,0.0,0.0,107.78564146826616
3766,1977-01-17,293.9720565790025,67.16969138816911,151.60378660760378,293.9720565790026,293.9720565790026,-186.13064421332967,-186.13064421332967,-186.13064421332967,-186.13064421332967,-186.13064421332967,-186.13064421332967,0.0,0.0,0.0,107.84141236567285
3767,1977-01-18,293.81893419281874,67.63580872417063,148.97229561288484,293.81893419281874,293.81893419281874,-185.96003362671647,-185.96003362671647,-185.96003362671647,-185.96003362671647,-185.96003362671647,-185.96003362671647,0.0,0.0,0.0,107.85890056610228
3768,1977-01-19,293.66581180663474,67.03005737506702,149.26528262878412,293.66581180663474,293.66581180663474,-185.78997420326405,-185.78997420326405,-185.78997420326405,-185.78997420326405,-185.78997420326405,-185.78997420326405,0.0,0.0,0.0,107.87583760337068
3769,1977-01-20,293.51268942045095,66.63319010689582,149.360851197825,293.51268942045095,293.51268942045095,-185.6204659696995,-185.6204659696995,-185.6204659696995,-185.6204659696995,-185.6204659696995,-185.6204659696995,0.0,0.0,0.0,107.89222345075146
3770,1977-01-21,293.35956703426695,64.05644411471145,146.64282076180706,293.35956703426695,293.35956703426695,-185.45150892513544,-185.45150892513544,-185.45150892513544,-185.45150892513544,-185.45150892513544,-185.45150892513544,0.0,0.0,0.0,107.9080581091315
3771,1977-01-24,292.90019987571515,67.46026809251119,151.34538975990438,292.90019987571515,292.90019987571515,-184.9479445037403,-184.9479445037403,-184.9479445037403,-184.9479445037403,-184.9479445037403,-184.9479445037403,0.0,0.0,0.0,107.95225537197484
3772,1977-01-25,292.74707748953136,67.09071294405138,150.09233533014637,292.74707748953136,292.74707748953136,-184.78119165633004,-184.78119165633004,-184.78119165633004,-184.78119165633004,-184.78119165633004,-184.78119165633004,0.0,0.0,0.0,107.96588583320133
3773,1977-01-26,292.59395510334735,62.932179772385425,150.84561552210846,292.59395510334735,292.59395510334735,-184.614989581592,-184.614989581592,-184.614989581592,-184.614989581592,-184.614989581592,-184.614989581592,0.0,0.0,0.0,107.97896552175536
3774,1977-01-27,292.4408327171635,67.25241857960123,147.4079881694741,292.4408327171635,292.4408327171635,-184.44933811435894,-184.44933811435894,-184.44933811435894,-184.44933811435894,-184.44933811435894,-184.44933811435894,0.0,0.0,0.0,107.99149460280458
3775,1977-01-28,292.28771033097956,65.69649291593682,147.60448660900593,292.28771033097956,292.28771033097956,-184.2842370623252,-184.2842370623252,-184.2842370623252,-184.2842370623252,-184.2842370623252,-184.2842370623252,0.0,0.0,0.0,108.00347326865437
3776,1977-01-31,291.82834317242776,66.34704079784622,150.3495489467353,291.82834317242776,291.82834317242776,-183.7922340687993,-183.7922340687993,-183.7922340687993,-183.7922340687993,-183.7922340687993,-183.7922340687993,0.0,0.0,0.0,108.03610910362846
3777,1977-02-01,291.67522078624376,67.09500259083974,151.1029825104146,291.67522078624376,291.67522078624376,-183.62933221426147,-183.62933221426147,-183.62933221426147,-183.62933221426147,-183.62933221426147,-183.62933221426147,0.0,0.0,0.0,108.04588857198229
3778,1977-02-02,291.52209840006,67.8205520068282,148.450857975701,291.52209840006,291.52209840006,-183.46697940884948,-183.46697940884948,-183.46697940884948,-183.46697940884948,-183.46697940884948,-183.46697940884948,0.0,0.0,0.0,108.05511899121049
3779,1977-02-03,291.36897601387597,67.52107126144064,154.99965716113442,291.36897601387597,291.36897601387597,-183.30517529895508,-183.30517529895508,-183.30517529895508,-183.30517529895508,-183.30517529895508,-183.30517529895508,0.0,0.0,0.0,108.06380071492089
3780,1977-02-04,291.2158536276922,67.34404768008886,146.7966294248545,291.2158536276922,291.2158536276922,-183.14391950434802,-183.14391950434802,-183.14391950434802,-183.14391950434802,-183.14391950434802,-183.14391950434802,0.0,0.0,0.0,108.07193412334416
3781,1977-02-07,290.7564864691404,67.06724837641438,149.32068747445356,290.7564864691404,290.7564864691404,-182.66343781223256,-182.66343781223256,-182.66343781223256,-182.66343781223256,-182.66343781223256,-182.66343781223256,0.0,0.0,0.0,108.09304865690783
3782,1977-02-08,290.6033640829564,66.1245328786214,146.0537513029227,290.6033640829564,290.6033640829564,-182.50437094673202,-182.50437094673202,-182.50437094673202,-182.50437094673202,-182.50437094673202,-182.50437094673202,0.0,0.0,0.0,108.09899313622435
3783,1977-02-09,290.4502416967724,65.1149109215716,149.6233652249615,290.4502416967724,290.4502416967724,-182.34585009874988,-182.34585009874988,-182.34585009874988,-182.34585009874988,-182.34585009874988,-182.34585009874988,0.0,0.0,0.0,108.10439159802254
3784,1977-02-10,290.2971193105886,67.9983593275927,149.50940323662817,290.2971193105886,290.2971193105886,-182.18787472996289,-182.18787472996289,-182.18787472996289,-182.18787472996289,-182.18787472996289,-182.18787472996289,0.0,0.0,0.0,108.1092445806257
3785,1977-02-11,290.14399692440463,65.37312744556976,151.84731732136885,290.14399692440463,290.14399692440463,-182.03044427597996,-182.03044427597996,-182.03044427597996,-182.03044427597996,-182.03044427597996,-182.03044427597996,0.0,0.0,0.0,108.11355264842467
3786,1977-02-14,289.684629765853,68.68924481114128,149.93787678589288,289.684629765853,289.684629765853,-181.56141636964878,-181.56141636964878,-181.56141636964878,-181.56141636964878,-181.56141636964878,-181.56141636964878,0.0,0.0,0.0,108.12321339620422
3787,1977-02-15,289.531507379669,63.10796625427439,148.2024381840309,289.531507379669,289.531507379669,-181.40615941249632,-181.40615941249632,-181.40615941249632,-181.40615941249632,-181.40615941249632,-181.40615941249632,0.0,0.0,0.0,108.12534796717267
3788,1977-02-16,289.37838499348504,64.70695655388361,150.75070353330915,289.37838499348504,289.37838499348504,-181.25144416007103,-181.25144416007103,-181.25144416007103,-181.25144416007103,-181.25144416007103,-181.25144416007103,0.0,0.0,0.0,108.12694083341401
3789,1977-02-17,289.2252626073012,66.87405955583706,150.47371623054337,289.2252626073012,289.2252626073012,-181.09726989332475,-181.09726989332475,-181.09726989332475,-181.09726989332475,-181.09726989332475,-181.09726989332475,0.0,0.0,0.0,108.12799271397645
3790,1977-02-18,289.07214022111725,65.6439397021608,146.85528150326755,289.07214022111725,289.07214022111725,-180.94363586773233,-180.94363586773233,-180.94363586773233,-180.94363586773233,-180.94363586773233,-180.94363586773233,0.0,0.0,0.0,108.12850435338493
3791,1977-02-22,288.4596506763816,68.28426684804815,149.49663441833695,288.4596506763816,288.4596506763816,-180.3344863996116,-180.3344863996116,-180.3344863996116,-180.3344863996116,-180.3344863996116,-180.3344863996116,0.0,0.0,0.0,108.12516427677002
3792,1977-02-23,288.30652829019766,68.0851021421623,152.1484706124293,288.30652829019766,288.30652829019766,-180.18354152636965,-180.18354152636965,-180.18354152636965,-180.18354152636965,-180.18354152636965,-180.18354152636965,0.0,0.0,0.0,108.12298676382801
3793,1977-02-24,288.15340590401365,63.98862132613205,147.627452626076,288.15340590401365,288.15340590401365,-180.0331318970563,-180.0331318970563,-180.0331318970563,-180.0331318970563,-180.0331318970563,-180.0331318970563,0.0,0.0,0.0,108.12027400695735
3794,1977-02-25,288.0002835178298,66.53734061173277,149.34495259588581,288.0002835178298,288.0002835178298,-179.88325659129464,-179.88325659129464,-179.88325659129464,-179.88325659129464,-179.88325659129464,-179.88325659129464,0.0,0.0,0.0,108.11702692653517
3795,1977-02-28,287.54091635927807,67.45881526537127,152.71230811525476,287.54091635927807,287.54091635927807,-179.4368270407452,-179.4368270407452,-179.4368270407452,-179.4368270407452,-179.4368270407452,-179.4368270407452,0.0,0.0,0.0,108.10408931853289
3796,1977-03-01,287.38779397309423,66.26309975681723,149.2051576624538,287.38779397309423,287.38779397309423,-179.2890793316694,-179.2890793316694,-179.2890793316694,-179.2890793316694,-179.2890793316694,-179.2890793316694,0.0,0.0,0.0,108.09871464142483
3797,1977-03-02,287.23467158691005,66.00079774303478,147.9780402207268,287.23467158691005,287.23467158691005,-179.14186097476957,-179.14186097476957,-179.14186097476957,-179.14186097476957,-179.14186097476957,-179.14186097476957,0.0,0.0,0.0,108.09281061214048
3798,1977-03-03,287.0815492007263,68.25499401456298,152.91591849711585,287.0815492007263,287.0815492007263,-178.99517090253426,-178.99517090253426,-178.99517090253426,-178.99517090253426,-178.99517090253426,-178.99517090253426,0.0,0.0,0.0,108.08637829819202
3799,1977-03-04,286.92842681454226,68.09127604565212,152.5418330922076,286.92842681454226,286.92842681454226,-178.84900802326362,-178.84900802326362,-178.84900802326362,-178.84900802326362,-178.84900802326362,-178.84900802326362,0.0,0.0,0.0,108.07941879127864
3800,1977-03-07,286.4690596559907,65.99507087329334,152.3735816764232,286.4690596559907,286.4690596559907,-178.41367126546558,-178.41367126546558,-178.41367126546558,-178.41367126546558,-178.41367126546558,-178.41367126546558,0.0,0.0,0.0,108.05538839052511
3801,1977-03-08,286.3159372698067,67.9762639492816,148.7450151341593,286.3159372698067,286.3159372698067,-178.2696057607099,-178.2696057607099,-178.2696057607099,-178.2696057607099,-178.2696057607099,-178.2696057607099,0.0,0.0,0.0,108.04633150909677
3802,1977-03-09,286.16281488362284,67.22306061352934,146.90612592817521,286.16281488362284,286.16281488362284,-178.12606163102492,-178.12606163102492,-178.12606163102492,-178.12606163102492,-178.12606163102492,-178.12606163102492,0.0,0.0,0.0,108.03675325259792
3803,1977-03-10,286.0096924974387,66.80043371736737,149.4056369886461,286.0096924974387,286.0096924974387,-177.98303764164802,-177.98303764164802,-177.98303764164802,-177.98303764164802,-177.98303764164802,-177.98303764164802,0.0,0.0,0.0,108.0266548557907
3804,1977-03-11,285.8565701112549,69.37828646729145,151.40837816270053,285.8565701112549,285.8565701112549,-177.84053253432364,-177.84053253432364,-177.84053253432364,-177.84053253432364,-177.84053253432364,-177.84053253432364,0.0,0.0,0.0,108.01603757693124
3805,1977-03-14,285.3972029527031,68.08154368931476,147.81835499524647,285.3972029527031,285.3972029527031,-177.41611757185905,-177.41611757185905,-177.41611757185905,-177.41611757185905,-177.41611757185905,-177.41611757185905,0.0,0.0,0.0,107.98108538084404
3806,1977-03-15,285.2440805665193,66.53907227655206,151.2474206008829,285.2440805665193,285.2440805665193,-177.27567494390965,-177.27567494390965,-177.27567494390965,-177.27567494390965,-177.27567494390965,-177.27567494390965,0.0,0.0,0.0,107.96840562260965
3807,1977-03-16,285.0909581803353,65.03484437629947,150.89656367158625,285.0909581803353,285.0909581803353,-177.13574455793045,-177.13574455793045,-177.13574455793045,-177.13574455793045,-177.13574455793045,-177.13574455793045,0.0,0.0,0.0,107.95521362240484
3808,1977-03-17,284.93783579415134,65.83719045851258,151.50511306407685,284.93783579415134,284.93783579415134,-176.99632501687148,-176.99632501687148,-176.99632501687148,-176.99632501687148,-176.99632501687148,-176.99632501687148,0.0,0.0,0.0,107.94151077727986
3809,1977-03-18,284.7847134079675,68.73082154615264,147.10771769765805,284.7847134079675,284.7847134079675,-176.85741490091718,-176.85741490091718,-176.85741490091718,-176.85741490091718,-176.85741490091718,-176.85741490091718,0.0,0.0,0.0,107.92729850705032
3810,1977-03-21,284.3253462494157,67.09754174333936,148.62416619756866,284.3253462494157,284.3253462494157,-176.44372656627985,-176.44372656627985,-176.44372656627985,-176.44372656627985,-176.44372656627985,-176.44372656627985,0.0,0.0,0.0,107.88161968313585
3811,1977-03-22,284.1722238632319,65.07460464684519,150.87802773517518,284.1722238632319,284.1722238632319,-176.3068395010125,-176.3068395010125,-176.3068395010125,-176.3068395010125,-176.3068395010125,-176.3068395010125,0.0,0.0,0.0,107.86538436221943
3812,1977-03-23,284.0191014770479,62.893721731440024,149.7217901589385,284.0191014770479,284.0191014770479,-176.1704544240337,-176.1704544240337,-176.1704544240337,-176.1704544240337,-176.1704544240337,-176.1704544240337,0.0,0.0,0.0,107.84864705301422
3813,1977-03-24,283.86597909086413,67.1772585052507,149.3547673321536,283.86597909086413,283.86597909086413,-176.0345697811905,-176.0345697811905,-176.0345697811905,-176.0345697811905,-176.0345697811905,-176.0345697811905,0.0,0.0,0.0,107.83140930967363
3814,1977-03-25,283.71285670467995,67.08651012410382,148.7833291389933,283.71285670467995,283.71285670467995,-175.89918399632307,-175.89918399632307,-175.89918399632307,-175.89918399632307,-175.89918399632307,-175.89918399632307,0.0,0.0,0.0,107.81367270835688
3815,1977-03-28,283.2534895461283,67.63289928169065,147.65170750860094,283.2534895461283,283.2534895461283,-175.4960037001872,-175.4960037001872,-175.4960037001872,-175.4960037001872,-175.4960037001872,-175.4960037001872,0.0,0.0,0.0,107.75748584594112
3816,1977-03-29,283.10036715994437,67.2264436764476,150.10219395142644,283.10036715994437,283.10036715994437,-175.36259714935585,-175.36259714935585,-175.36259714935585,-175.36259714935585,-175.36259714935585,-175.36259714935585,0.0,0.0,0.0,107.73777001058852
3817,1977-03-30,282.94724477376053,63.64455228939795,147.30504619595803,282.94724477376053,282.94724477376053,-175.2296812494816,-175.2296812494816,-175.2296812494816,-175.2296812494816,-175.2296812494816,-175.2296812494816,0.0,0.0,0.0,107.71756352427894
3818,1977-03-31,282.7941223875766,66.30049709945118,150.23314106533283,282.7941223875766,282.7941223875766,-175.09725429470473,-175.09725429470473,-175.09725429470473,-175.09725429470473,-175.09725429470473,-175.09725429470473,0.0,0.0,0.0,107.69686809287185
3819,1977-04-01,282.64100000139257,65.60407460574714,146.73887576389572,282.64100000139257,282.64100000139257,-174.96531455794536,-174.96531455794536,-174.96531455794536,-174.96531455794536,-174.96531455794536,-174.96531455794536,0.0,0.0,0.0,107.67568544344721
3820,1977-04-04,282.18163284284077,66.17135737412748,149.13518651097797,282.18163284284077,282.18163284284077,-174.57240106908935,-174.57240106908935,-174.57240106908935,-174.57240106908935,-174.57240106908935,-174.57240106908935,0.0,0.0,0.0,107.60923177375142
3821,1977-04-05,282.028510456657,65.32467667844138,147.88497031259632,282.028510456657,282.028510456657,-174.44239251323148,-174.44239251323148,-174.44239251323148,-174.44239251323148,-174.44239251323148,-174.44239251323148,0.0,0.0,0.0,107.5861179434255
3822,1977-04-06,281.875388070473,66.34183250416385,150.5709537950539,281.875388070473,281.875388070473,-174.31286222572916,-174.31286222572916,-174.31286222572916,-174.31286222572916,-174.31286222572916,-174.31286222572916,0.0,0.0,0.0,107.56252584474382
3823,1977-04-07,281.72226568428914,66.36485592599263,152.81655394084882,281.72226568428914,281.72226568428914,-174.18380835461286,-174.18380835461286,-174.18380835461286,-174.18380835461286,-174.18380835461286,-174.18380835461286,0.0,0.0,0.0,107.53845732967628
3824,1977-04-11,281.1097761395534,63.264633285211595,149.194073347437,281.1097761395534,281.1097761395534,-173.67231928294606,-173.67231928294606,-173.67231928294606,-173.67231928294606,-173.67231928294606,-173.67231928294606,0.0,0.0,0.0,107.43745685660733
3825,1977-04-12,280.9566537533696,67.96337846638448,149.29969607731178,280.9566537533696,280.9566537533696,-173.54561900421552,-173.54561900421552,-173.54561900421552,-173.54561900421552,-173.54561900421552,-173.54561900421552,0.0,0.0,0.0,107.41103474915408
3826,1977-04-13,280.8035313671856,64.36609484325189,146.04220144698377,280.8035313671856,280.8035313671856,-173.41938360572686,-173.41938360572686,-173.41938360572686,-173.41938360572686,-173.41938360572686,-173.41938360572686,0.0,0.0,0.0,107.38414776145873
3827,1977-04-14,280.65040898100176,65.77211430471307,147.43937901511407,280.65040898100176,280.65040898100176,-173.2936110951884,-173.2936110951884,-173.2936110951884,-173.2936110951884,-173.2936110951884,-173.2936110951884,0.0,0.0,0.0,107.35679788581336
3828,1977-04-15,280.4972865948178,62.94950964313215,147.48461580867956,280.4972865948178,280.4972865948178,-173.16829946074554,-173.16829946074554,-173.16829946074554,-173.16829946074554,-173.16829946074554,-173.16829946074554,0.0,0.0,0.0,107.32898713407226
3829,1977-04-18,280.037919436266,65.38643699378643,149.02859842254742,280.037919436266,280.037919436266,-172.79510940457382,-172.79510940457382,-172.79510940457382,-172.79510940457382,-172.79510940457382,-172.79510940457382,0.0,0.0,0.0,107.24281003169219
3830,1977-04-19,279.884797050082,66.41872626983545,149.8925329402223,279.884797050082,279.884797050082,-172.67162076900195,-172.67162076900195,-172.67162076900195,-172.67162076900195,-172.67162076900195,-172.67162076900195,0.0,0.0,0.0,107.21317628108005
3831,1977-04-20,279.7316746638982,68.30151180674935,147.65329905467198,279.7316746638982,279.7316746638982,-172.54858266110855,-172.54858266110855,-172.54858266110855,-172.54858266110855,-172.54858266110855,-172.54858266110855,0.0,0.0,0.0,107.18309200278966
3832,1977-04-21,279.5785522777142,64.69582708656777,151.4077597842395,279.5785522777142,279.5785522777142,-172.4259929542484,-172.4259929542484,-172.4259929542484,-172.4259929542484,-172.4259929542484,-172.4259929542484,0.0,0.0,0.0,107.15255932346582
3833,1977-04-22,279.4254298915304,69.3036616350196,149.1198967091781,279.4254298915304,279.4254298915304,-172.30384950307968,-172.30384950307968,-172.30384950307968,-172.30384950307968,-172.30384950307968,-172.30384950307968,0.0,0.0,0.0,107.12158038845075
3834,1977-04-25,278.96606273297846,66.3602717866898,149.39476546140295,278.96606273297846,278.96606273297846,-171.94007495250816,-171.94007495250816,-171.94007495250816,-171.94007495250816,-171.94007495250816,-171.94007495250816,0.0,0.0,0.0,107.0259877804703
3835,1977-04-26,278.8129403467946,63.80805380038216,148.96546497679148,278.8129403467946,278.8129403467946,-171.81969470117753,-171.81969470117753,-171.81969470117753,-171.81969470117753,-171.81969470117753,-171.81969470117753,0.0,0.0,0.0,106.9932456456171
3836,1977-04-27,278.65981796061067,66.23192620205612,147.9904640343167,278.65981796061067,278.65981796061067,-171.69974970280592,-171.69974970280592,-171.69974970280592,-171.69974970280592,-171.69974970280592,-171.69974970280592,0.0,0.0,0.0,106.96006825780475
3837,1977-04-28,278.50669557442683,67.12242199541653,149.8477592400459,278.50669557442683,278.50669557442683,-171.58023770253203,-171.58023770253203,-171.58023770253203,-171.58023770253203,-171.58023770253203,-171.58023770253203,0.0,0.0,0.0,106.9264578718948
3838,1977-04-29,278.3535731882429,67.22270194063282,149.27568501501446,278.3535731882429,278.3535731882429,-171.46115642768854,-171.46115642768854,-171.46115642768854,-171.46115642768854,-171.46115642768854,-171.46115642768854,0.0,0.0,0.0,106.89241676055434
3839,1977-05-02,277.8942060296911,64.97521143233537,146.3955687419974,277.8942060296911,277.8942060296911,-171.10647396468653,-171.10647396468653,-171.10647396468653,-171.10647396468653,-171.10647396468653,-171.10647396468653,0.0,0.0,0.0,106.78773206500455
3840,1977-05-03,277.74108364350724,65.86897571997227,148.5527678003355,277.74108364350724,277.74108364350724,-170.9890925132919,-170.9890925132919,-170.9890925132919,-170.9890925132919,-170.9890925132919,-170.9890925132919,0.0,0.0,0.0,106.75199113021534
3841,1977-05-04,277.5879612573233,64.24069403476565,148.86961245458144,277.5879612573233,277.5879612573233,-170.87213016142837,-170.87213016142837,-170.87213016142837,-170.87213016142837,-170.87213016142837,-170.87213016142837,0.0,0.0,0.0,106.71583109589491
3842,1977-05-05,277.43483887113945,61.272164851179625,148.47713403783075,277.43483887113945,277.43483887113945,-170.7555845323153,-170.7555845323153,-170.7555845323153,-170.7555845323153,-170.7555845323153,-170.7555845323153,0.0,0.0,0.0,106.67925433882414
3843,1977-05-06,277.28171648495544,62.82592425667612,147.85840850876306,277.28171648495544,277.28171648495544,-170.639453232278,-170.639453232278,-170.639453232278,-170.639453232278,-170.639453232278,-170.639453232278,0.0,0.0,0.0,106.64226325267745
3844,1977-05-09,276.8223493264037,69.40679873355761,147.87314601053458,276.8223493264037,276.8223493264037,-170.2935211192319,-170.2935211192319,-170.2935211192319,-170.2935211192319,-170.2935211192319,-170.2935211192319,0.0,0.0,0.0,106.52882820717178
3845,1977-05-10,276.6692269402197,59.84139409175555,146.12375166482144,276.6692269402197,276.6692269402197,-170.17902286549014,-170.17902286549014,-170.17902286549014,-170.17902286549014,-170.17902286549014,-170.17902286549014,0.0,0.0,0.0,106.49020407472955
3846,1977-05-11,276.5161045540359,63.32995511127449,149.47187041876,276.5161045540359,276.5161045540359,-170.06492672366772,-170.06492672366772,-170.06492672366772,-170.06492672366772,-170.06492672366772,-170.06492672366772,0.0,0.0,0.0,106.45117783036818
3847,1977-05-12,276.3629821678519,65.46633253835904,145.689077555428,276.3629821678519,276.3629821678519,-169.95123020150882,-169.95123020150882,-169.95123020150882,-169.95123020150882,-169.95123020150882,-169.95123020150882,0.0,0.0,0.0,106.41175196634308
3848,1977-05-13,276.20985978166806,64.82817096065854,148.3210555334827,276.20985978166806,276.20985978166806,-169.83793079079535,-169.83793079079535,-169.83793079079535,-169.83793079079535,-169.83793079079535,-169.83793079079535,0.0,0.0,0.0,106.3719289908727
3849,1977-05-16,275.7504926231163,64.88176380181325,149.00182978495206,275.7504926231163,275.7504926231163,-169.5003899085418,-169.5003899085418,-169.5003899085418,-169.5003899085418,-169.5003899085418,-169.5003899085418,0.0,0.0,0.0,106.25010271457452
3850,1977-05-17,275.5973702369323,62.788455853712854,148.1788972373221,275.5973702369323,275.5973702369323,-169.38865354690324,-169.38865354690324,-169.38865354690324,-169.38865354690324,-169.38865354690324,-169.38865354690324,0.0,0.0,0.0,106.20871669002906
3851,1977-05-18,275.4442478507483,65.46212786692546,145.0144177819121,275.4442478507483,275.4442478507483,-169.2773015209108,-169.2773015209108,-169.2773015209108,-169.2773015209108,-169.2773015209108,-169.2773015209108,0.0,0.0,0.0,106.16694632983749
3852,1977-05-19,275.2911254645645,66.8612100688422,149.75885865675966,275.2911254645645,275.2911254645645,-169.16633122941357,-169.16633122941357,-169.16633122941357,-169.16633122941357,-169.16633122941357,-169.16633122941357,0.0,0.0,0.0,106.12479423515094
3853,1977-05-20,275.1380030783805,64.53338985678167,146.26212927197278,275.1380030783805,275.1380030783805,-169.05574005624834,-169.05574005624834,-169.05574005624834,-169.05574005624834,-169.05574005624834,-169.05574005624834,0.0,0.0,0.0,106.08226302213217
3854,1977-05-23,274.67863591982893,62.7168725549622,145.14816166336652,274.67863591982893,274.67863591982893,-168.72621486281912,-168.72621486281912,-168.72621486281912,-168.72621486281912,-168.72621486281912,-168.72621486281912,0.0,0.0,0.0,105.95242105700981
3855,1977-05-24,274.52551353364476,65.52019076732563,150.12398612821636,274.52551353364476,274.52551353364476,-168.61711370592204,-168.61711370592204,-168.61711370592204,-168.61711370592204,-168.61711370592204,-168.61711370592204,0.0,0.0,0.0,105.90839982772272
3856,1977-05-25,274.3723911474609,63.15790579837048,144.01739950895964,274.3723911474609,274.3723911474609,-168.50837836617626,-168.50837836617626,-168.50837836617626,-168.50837836617626,-168.50837836617626,-168.50837836617626,0.0,0.0,0.0,105.86401278128466
3857,1977-05-26,274.21926876127696,63.36906551437666,145.03288938066436,274.21926876127696,274.21926876127696,-168.4000061402397,-168.4000061402397,-168.4000061402397,-168.4000061402397,-168.4000061402397,-168.4000061402397,0.0,0.0,0.0,105.81926262103727
3858,1977-05-27,274.0661463750931,67.53196584406471,151.69836024985725,274.0661463750931,274.0661463750931,-168.29199431072584,-168.29199431072584,-168.29199431072584,-168.29199431072584,-168.29199431072584,-168.29199431072584,0.0,0.0,0.0,105.77415206436729
3859,1977-05-31,273.45365683035755,61.881200637655944,146.78873682136168,273.45365683035755,273.45365683035755,-167.8634961254161,-167.8634961254161,-167.8634961254161,-167.8634961254161,-167.8634961254161,-167.8634961254161,0.0,0.0,0.0,105.59016070494144
3860,1977-06-01,273.30053444417354,65.20026990035973,149.13333394392188,273.30053444417354,273.30053444417354,-167.7572450354294,-167.7572450354294,-167.7572450354294,-167.7572450354294,-167.7572450354294,-167.7572450354294,0.0,0.0,0.0,105.54328940874413
3861,1977-06-02,273.1474120579896,64.71216089509687,149.79516464197042,273.1474120579896,273.1474120579896,-167.65133775043705,-167.65133775043705,-167.65133775043705,-167.65133775043705,-167.65133775043705,-167.65133775043705,0.0,0.0,0.0,105.49607430755253
3862,1977-06-03,272.99428967180575,67.41269272997644,147.9201501777677,272.99428967180575,272.99428967180575,-167.54577145866097,-167.54577145866097,-167.54577145866097,-167.54577145866097,-167.54577145866097,-167.54577145866097,0.0,0.0,0.0,105.44851821314478
3863,1977-06-06,272.53492251325395,64.31992179079283,148.74445836367687,272.53492251325395,272.53492251325395,-167.23109023188726,-167.23109023188726,-167.23109023188726,-167.23109023188726,-167.23109023188726,-167.23109023188726,0.0,0.0,0.0,105.30383228136668
3864,1977-06-07,272.38180012707016,67.36714625971791,146.60837319127637,272.38180012707016,272.38180012707016,-167.12685953890585,-167.12685953890585,-167.12685953890585,-167.12685953890585,-167.12685953890585,-167.12685953890585,0.0,0.0,0.0,105.25494058816432
3865,1977-06-08,272.228677740886,59.920839449970465,147.10600448669177,272.228677740886,272.228677740886,-167.02295558927642,-167.02295558927642,-167.02295558927642,-167.02295558927642,-167.02295558927642,-167.02295558927642,0.0,0.0,0.0,105.20572215160956
3866,1977-06-09,272.0755553547022,61.5220398008463,145.56680173395307,272.0755553547022,272.0755553547022,-166.91937549582707,-166.91937549582707,-166.91937549582707,-166.91937549582707,-166.91937549582707,-166.91937549582707,0.0,0.0,0.0,105.15617985887513
3867,1977-06-10,271.9224329685182,63.36637039205904,148.76008427353403,271.9224329685182,271.9224329685182,-166.81611635931975,-166.81611635931975,-166.81611635931975,-166.81611635931975,-166.81611635931975,-166.81611635931975,0.0,0.0,0.0,105.10631660919844
3868,1977-06-13,271.46306580996657,62.35819047281915,144.94994246969344,271.46306580996657,271.46306580996657,-166.50823552107926,-166.50823552107926,-166.50823552107926,-166.50823552107926,-166.50823552107926,-166.50823552107926,0.0,0.0,0.0,104.95483028888731
3869,1977-06-14,271.3099434237826,61.136911345640286,147.2892409959947,271.3099434237826,271.3099434237826,-166.406230983646,-166.406230983646,-166.406230983646,-166.406230983646,-166.406230983646,-166.406230983646,0.0,0.0,0.0,104.90371244013662
3870,1977-06-15,271.1568210375988,62.21252808393694,145.16390843821537,271.1568210375988,271.1568210375988,-166.30453273098792,-166.30453273098792,-166.30453273098792,-166.30453273098792,-166.30453273098792,-166.30453273098792,0.0,0.0,0.0,104.85228830661086
3871,1977-06-16,271.0036986514146,65.33540677746264,149.29060247191202,271.0036986514146,271.0036986514146,-166.20313779448435,-166.20313779448435,-166.20313779448435,-166.20313779448435,-166.20313779448435,-166.20313779448435,0.0,0.0,0.0,104.80056085693025
3872,1977-06-17,270.8505762652308,63.21062037631179,149.01433332036396,270.8505762652308,270.8505762652308,-166.10204319445518,-166.10204319445518,-166.10204319445518,-166.10204319445518,-166.10204319445518,-166.10204319445518,0.0,0.0,0.0,104.74853307077564
3873,1977-06-20,270.391209106679,63.43108744844891,145.00819431370633,270.391209106679,270.391209106679,-165.80053145357377,-165.80053145357377,-165.80053145357377,-165.80053145357377,-165.80053145357377,-165.80053145357377,0.0,0.0,0.0,104.59067765310525
3874,1977-06-21,270.23808672049523,62.70850914680382,144.6359559020101,270.23808672049523,270.23808672049523,-165.70060818653658,-165.70060818653658,-165.70060818653658,-165.70060818653658,-165.70060818653658,-165.70060818653658,0.0,0.0,0.0,104.53747853395865
3875,1977-06-22,270.0849643343112,62.08607451198808,145.2596336644517,270.0849643343112,270.0849643343112,-165.60097019676437,-165.60097019676437,-165.60097019676437,-165.60097019676437,-165.60097019676437,-165.60097019676437,0.0,0.0,0.0,104.48399413754686
3876,1977-06-23,269.9318419481272,63.36450477992321,145.17324794232567,269.9318419481272,269.9318419481272,-165.50161444127102,-165.50161444127102,-165.50161444127102,-165.50161444127102,-165.50161444127102,-165.50161444127102,0.0,0.0,0.0,104.4302275068562
3877,1977-06-24,269.77871956194343,60.396764906827876,145.44351965727535,269.77871956194343,269.77871956194343,-165.40253786702834,-165.40253786702834,-165.40253786702834,-165.40253786702834,-165.40253786702834,-165.40253786702834,0.0,0.0,0.0,104.37618169491509
3878,1977-06-27,269.31935240339163,64.57120102523604,147.1565529301315,269.31935240339163,269.31935240339163,-165.10695255397368,-165.10695255397368,-165.10695255397368,-165.10695255397368,-165.10695255397368,-165.10695255397368,0.0,0.0,0.0,104.21239984941795
3879,1977-06-28,269.16623001720785,62.13153952687608,146.2892080678515,269.16623001720785,269.16623001720785,-165.00896197874232,-165.00896197874232,-165.00896197874232,-165.00896197874232,-165.00896197874232,-165.00896197874232,0.0,0.0,0.0,104.15726803846553
3880,1977-06-29,269.01310763102384,63.68821557958122,149.5027136948362,269.01310763102384,269.01310763102384,-164.9112351741186,-164.9112351741186,-164.9112351741186,-164.9112351741186,-164.9112351741186,-164.9112351741186,0.0,0.0,0.0,104.10187245690526
3881,1977-06-30,268.85998524484,63.473956015108406,146.13918023584793,268.85998524484,268.85998524484,-164.81376902989888,-164.81376902989888,-164.81376902989888,-164.81376902989888,-164.81376902989888,-164.81376902989888,0.0,0.0,0.0,104.04621621494113
3882,1977-07-01,268.7068628586559,65.0411620569681,146.63062745090053,268.7068628586559,268.7068628586559,-164.7165604268638,-164.7165604268638,-164.7165604268638,-164.7165604268638,-164.7165604268638,-164.7165604268638,0.0,0.0,0.0,103.99030243179209
3883,1977-07-05,268.09437331392024,63.922247437992276,143.47927349483885,268.09437331392024,268.09437331392024,-164.33023873487383,-164.33023873487383,-164.33023873487383,-164.33023873487383,-164.33023873487383,-164.33023873487383,0.0,0.0,0.0,103.76413457904641
3884,1977-07-06,267.94125092773646,60.591885000781325,146.27409581829227,267.94125092773646,267.94125092773646,-164.23427074422577,-164.23427074422577,-164.23427074422577,-164.23427074422577,-164.23427074422577,-164.23427074422577,0.0,0.0,0.0,103.7069801835107
3885,1977-07-07,267.78812854155245,62.58699518405415,145.69310943904668,267.78812854155245,267.78812854155245,-164.13854139836286,-164.13854139836286,-164.13854139836286,-164.13854139836286,-164.13854139836286,-164.13854139836286,0.0,0.0,0.0,103.64958714318959
3886,1977-07-08,267.6350061553685,62.18371986180102,145.9987290795735,267.6350061553685,267.6350061553685,-164.0430475190815,-164.0430475190815,-164.0430475190815,-164.0430475190815,-164.0430475190815,-164.0430475190815,0.0,0.0,0.0,103.59195863628699
3887,1977-07-11,267.1756389968167,63.495101465871066,144.476678755075,267.1756389968167,267.1756389968167,-163.75794678204446,-163.75794678204446,-163.75794678204446,-163.75794678204446,-163.75794678204446,-163.75794678204446,0.0,0.0,0.0,103.41769221477225
3888,1977-07-12,267.02251661063286,60.60293625307277,143.61839050208292,267.02251661063286,267.02251661063286,-163.66336283256192,-163.66336283256192,-163.66336283256192,-163.66336283256192,-163.66336283256192,-163.66336283256192,0.0,0.0,0.0,103.35915377807095
3889,1977-07-13,266.8693942244489,62.99856737198135,144.36233705961607,266.8693942244489,266.8693942244489,-163.56899834407037,-163.56899834407037,-163.56899834407037,-163.56899834407037,-163.56899834407037,-163.56899834407037,0.0,0.0,0.0,103.30039588037855
3890,1977-07-15,266.5631494520811,59.97400663255559,141.81938243858494,266.5631494520811,266.5631494520811,-163.38091485113145,-163.38091485113145,-163.38091485113145,-163.38091485113145,-163.38091485113145,-163.38091485113145,0.0,0.0,0.0,103.18223460094967
3891,1977-07-18,266.1037822935293,60.40725329500379,144.44937836990366,266.1037822935293,266.1037822935293,-163.1003547716242,-163.1003547716242,-163.1003547716242,-163.1003547716242,-163.1003547716242,-163.1003547716242,0.0,0.0,0.0,103.00342752190511
3892,1977-07-19,265.9506599073455,62.43944767145757,146.76544432120173,265.9506599073455,265.9506599073455,-163.00723912824225,-163.00723912824225,-163.00723912824225,-163.00723912824225,-163.00723912824225,-163.00723912824225,0.0,0.0,0.0,102.94342077910323
3893,1977-07-20,265.79753752116153,63.271686824850335,147.14909402452827,265.79753752116153,265.79753752116153,-162.9143202442038,-162.9143202442038,-162.9143202442038,-162.9143202442038,-162.9143202442038,-162.9143202442038,0.0,0.0,0.0,102.88321727695774
3894,1977-07-21,265.6444151349777,58.96305614363462,140.76881597847358,265.6444151349777,265.6444151349777,-162.82159485100695,-162.82159485100695,-162.82159485100695,-162.82159485100695,-162.82159485100695,-162.82159485100695,0.0,0.0,0.0,102.82282028397074
3895,1977-07-22,265.4912927487937,60.55744348322003,143.251933691997,265.4912927487937,265.4912927487937,-162.72905967424344,-162.72905967424344,-162.72905967424344,-162.72905967424344,-162.72905967424344,-162.72905967424344,0.0,0.0,0.0,102.76223307455024
3896,1977-07-25,265.03192559024194,62.6342406565948,142.5801994584846,265.03192559024194,265.03192559024194,-162.45256261299684,-162.45256261299684,-162.45256261299684,-162.45256261299684,-162.45256261299684,-162.45256261299684,0.0,0.0,0.0,102.5793629772451
3897,1977-07-26,264.87880320405793,61.88471561432065,142.882839384767,264.87880320405793,264.87880320405793,-162.36075544496055,-162.36075544496055,-162.36075544496055,-162.36075544496055,-162.36075544496055,-162.36075544496055,0.0,0.0,0.0,102.51804775909739
3898,1977-07-27,264.72568081787415,60.94215476118545,145.73924940422035,264.72568081787415,264.72568081787415,-162.26912203792548,-162.26912203792548,-162.26912203792548,-162.26912203792548,-162.26912203792548,-162.26912203792548,0.0,0.0,0.0,102.45655877994867
3899,1977-07-28,264.57255843169014,58.5717076725848,142.15505418423388,264.57255843169014,264.57255843169014,-162.17765908516827,-162.17765908516827,-162.17765908516827,-162.17765908516827,-162.17765908516827,-162.17765908516827,0.0,0.0,0.0,102.39489934652187
3900,1977-07-29,264.4194360455063,60.28241504764248,142.82200850355238,264.4194360455063,264.4194360455063,-162.08636327510052,-162.08636327510052,-162.08636327510052,-162.08636327510052,-162.08636327510052,-162.08636327510052,0.0,0.0,0.0,102.33307277040578
3901,1977-08-01,263.9600688869544,60.868921815043066,144.58118203032274,263.9600688869544,263.9600688869544,-161.8134455152978,-161.8134455152978,-161.8134455152978,-161.8134455152978,-161.8134455152978,-161.8134455152978,0.0,0.0,0.0,102.1466233716566
3902,1977-08-02,263.80694650077055,60.17961394920238,145.91832320530133,263.80694650077055,263.80694650077055,-161.72278506800782,-161.72278506800782,-161.72278506800782,-161.72278506800782,-161.72278506800782,-161.72278506800782,0.0,0.0,0.0,102.08416143276273
3903,1977-08-03,263.65382411458654,60.68140703563574,142.25443331583273,263.65382411458654,263.65382411458654,-161.63227513769448,-161.63227513769448,-161.63227513769448,-161.63227513769448,-161.63227513769448,-161.63227513769448,0.0,0.0,0.0,102.02154897689206
3904,1977-08-04,263.50070172840276,61.5507982824284,142.6229544313762,263.50070172840276,263.50070172840276,-161.54191238670165,-161.54191238670165,-161.54191238670165,-161.54191238670165,-161.54191238670165,-161.54191238670165,0.0,0.0,0.0,101.9587893417011
3905,1977-08-05,263.34757934221875,60.14067551248998,145.38890556650358,263.34757934221875,263.34757934221875,-161.451693473549,-161.451693473549,-161.451693473549,-161.451693473549,-161.451693473549,-161.451693473549,0.0,0.0,0.0,101.89588586866975
3906,1977-08-08,262.88821218366695,60.4626134777908,148.28812620044005,262.88821218366695,262.88821218366695,-161.18186629208446,-161.18186629208446,-161.18186629208446,-161.18186629208446,-161.18186629208446,-161.18186629208446,0.0,0.0,0.0,101.70634589158249
3907,1977-08-09,262.735089797483,59.72898506504042,143.94548418257395,262.735089797483,262.735089797483,-161.09218924420216,-161.09218924420216,-161.09218924420216,-161.09218924420216,-161.09218924420216,-161.09218924420216,0.0,0.0,0.0,101.64290055328084
3908,1977-08-10,262.58196741129916,59.722158640645006,141.43293738219592,262.58196741129916,262.58196741129916,-161.00263927459133,-161.00263927459133,-161.00263927459133,-161.00263927459133,-161.00263927459133,-161.00263927459133,0.0,0.0,0.0,101.57932813670783
3909,1977-08-11,262.4288450251152,57.543342848228335,141.0136876179388,262.4288450251152,262.4288450251152,-160.91321302194353,-160.91321302194353,-160.91321302194353,-160.91321302194353,-160.91321302194353,-160.91321302194353,0.0,0.0,0.0,101.51563200317167
3910,1977-08-12,262.27572263893137,63.308365550868714,142.9264848582603,262.27572263893137,262.27572263893137,-160.82390712216468,-160.82390712216468,-160.82390712216468,-160.82390712216468,-160.82390712216468,-160.82390712216468,0.0,0.0,0.0,101.45181551676669
3911,1977-08-15,261.81635548037957,62.62240027526101,141.5122445708572,261.81635548037957,261.81635548037957,-160.55667786042355,-160.55667786042355,-160.55667786042355,-160.55667786042355,-160.55667786042355,-160.55667786042355,0.0,0.0,0.0,101.25967761995602
3912,1977-08-16,261.6632330941956,60.95386053714408,144.1854092825615,261.6632330941956,261.6632330941956,-160.46781968064602,-160.46781968064602,-160.46781968064602,-160.46781968064602,-160.46781968064602,-160.46781968064602,0.0,0.0,0.0,101.1954134135496
3913,1977-08-17,261.5101107080118,61.46591290753628,143.05136254401094,261.5101107080118,261.5101107080118,-160.3790649966615,-160.3790649966615,-160.3790649966615,-160.3790649966615,-160.3790649966615,-160.3790649966615,0.0,0.0,0.0,101.13104571135028
3914,1977-08-18,261.3569883218278,60.93324405027996,141.78023837790744,261.3569883218278,261.3569883218278,-160.29041043076847,-160.29041043076847,-160.29041043076847,-160.29041043076847,-160.29041043076847,-160.29041043076847,0.0,0.0,0.0,101.06657789105935
3915,1977-08-19,261.203865935644,60.40440885669611,146.11242374677877,261.203865935644,261.203865935644,-160.20185260351465,-160.20185260351465,-160.20185260351465,-160.20185260351465,-160.20185260351465,-160.20185260351465,0.0,0.0,0.0,101.00201333212934
3916,1977-08-22,260.7444987770922,58.844915578900924,143.3379835241824,260.7444987770922,260.7444987770922,-159.93672573589467,-159.93672573589467,-159.93672573589467,-159.93672573589467,-159.93672573589467,-159.93672573589467,0.0,0.0,0.0,100.80777304119752
3917,1977-08-23,260.59137639090824,59.37607188160704,139.4725944905327,260.59137639090824,260.59137639090824,-159.84852103881096,-159.84852103881096,-159.84852103881096,-159.84852103881096,-159.84852103881096,-159.84852103881096,0.0,0.0,0.0,100.74285535209728
3918,1977-08-24,260.43825400472423,60.62457897114479,144.7357520284786,260.43825400472423,260.43825400472423,-159.76039616199475,-159.76039616199475,-159.76039616199475,-159.76039616199475,-159.76039616199475,-159.76039616199475,0.0,0.0,0.0,100.67785784272948
3919,1977-08-25,260.28513161854045,56.20691577556193,142.51544952417285,260.28513161854045,260.28513161854045,-159.67234771857912,-159.67234771857912,-159.67234771857912,-159.67234771857912,-159.67234771857912,-159.67234771857912,0.0,0.0,0.0,100.61278389996133
3920,1977-08-26,260.13200923235644,53.95475461308826,142.7844898864322,260.13200923235644,260.13200923235644,-159.58437232097486,-159.58437232097486,-159.58437232097486,-159.58437232097486,-159.58437232097486,-159.58437232097486,0.0,0.0,0.0,100.54763691138157
3921,1977-08-29,259.6726420738048,58.19614429233911,141.79520090643635,259.6726420738048,259.6726420738048,-159.32085051938762,-159.32085051938762,-159.32085051938762,-159.32085051938762,-159.32085051938762,-159.32085051938762,0.0,0.0,0.0,100.35179155441719
3922,1977-08-30,259.5195196876207,60.352208789076826,143.2292038102151,259.5195196876207,259.5195196876207,-159.23313341982495,-159.23313341982495,-159.23313341982495,-159.23313341982495,-159.23313341982495,-159.23313341982495,0.0,0.0,0.0,100.28638626779573
3923,1977-08-31,259.36639730143685,60.67530188107675,140.65619051950495,259.36639730143685,259.36639730143685,-159.14547242242185,-159.14547242242185,-159.14547242242185,-159.14547242242185,-159.14547242242185,-159.14547242242185,0.0,0.0,0.0,100.220924879015
3924,1977-09-01,259.21327491525284,60.24199109641622,144.40892822946816,259.21327491525284,259.21327491525284,-159.05786413832791,-159.05786413832791,-159.05786413832791,-159.05786413832791,-159.05786413832791,-159.05786413832791,0.0,0.0,0.0,100.15541077692492
3925,1977-09-02,259.06015252906906,59.91602266283637,143.27665307402458,259.06015252906906,259.06015252906906,-158.97030517899336,-158.97030517899336,-158.97030517899336,-158.97030517899336,-158.97030517899336,-158.97030517899336,0.0,0.0,0.0,100.0898473500757
3926,1977-09-06,258.4476629843335,58.77435552322996,137.8812741716226,258.4476629843335,258.4476629843335,-158.62049483687593,-158.62049483687593,-158.62049483687593,-158.62049483687593,-158.62049483687593,-158.62049483687593,0.0,0.0,0.0,99.82716814745754
3927,1977-09-07,258.29454059814947,59.627640706015725,142.49246582912255,258.29454059814947,258.29454059814947,-158.53313169374482,-158.53313169374482,-158.53313169374482,-158.53313169374482,-158.53313169374482,-158.53313169374482,0.0,0.0,0.0,99.76140890440465
3928,1977-09-08,258.14141821196546,58.50572685654532,138.55041544616714,258.14141821196546,258.14141821196546,-158.44579755849418,-158.44579755849418,-158.44579755849418,-158.44579755849418,-158.44579755849418,-158.44579755849418,0.0,0.0,0.0,99.69562065347128
3929,1977-09-09,257.9882958257817,56.339523880828146,140.30802509269284,257.9882958257817,257.9882958257817,-158.35848904873063,-158.35848904873063,-158.35848904873063,-158.35848904873063,-158.35848904873063,-158.35848904873063,0.0,0.0,0.0,99.62980677705104
3930,1977-09-12,257.5289286672299,57.46806659499063,139.8817069518491,257.5289286672299,257.5289286672299,-158.0966834711425,-158.0966834711425,-158.0966834711425,-158.0966834711425,-158.0966834711425,-158.0966834711425,0.0,0.0,0.0,99.43224519608737
3931,1977-09-13,257.37580628104604,55.169717533492,139.58954158084657,257.37580628104604,257.37580628104604,-158.00944367068195,-158.00944367068195,-158.00944367068195,-158.00944367068195,-158.00944367068195,-158.00944367068195,0.0,0.0,0.0,99.36636261036409
3932,1977-09-14,257.2226838948619,54.755891547902365,138.6301660458169,257.2226838948619,257.2226838948619,-157.92221260846173,-157.92221260846173,-157.92221260846173,-157.92221260846173,-157.92221260846173,-157.92221260846173,0.0,0.0,0.0,99.30047128640018
3933,1977-09-15,257.0695615086781,55.81987520309455,143.88776636196908,257.0695615086781,257.0695615086781,-157.8349869129789,-157.8349869129789,-157.8349869129789,-157.8349869129789,-157.8349869129789,-157.8349869129789,0.0,0.0,0.0,99.23457459569917
3934,1977-09-16,256.9164391224941,57.15777620121848,138.35725857317865,256.9164391224941,256.9164391224941,-157.74776321504547,-157.74776321504547,-157.74776321504547,-157.74776321504547,-157.74776321504547,-157.74776321504547,0.0,0.0,0.0,99.16867590744866
3935,1977-09-19,256.4570719639425,55.99981280275852,144.29655696371245,256.4570719639425,256.4570719639425,-157.4860704523713,-157.4860704523713,-157.4860704523713,-157.4860704523713,-157.4860704523713,-157.4860704523713,0.0,0.0,0.0,98.97100151157119
3936,1977-09-20,256.3039495777585,55.59485922565975,140.68262479460356,256.3039495777585,256.3039495777585,-157.3988211040284,-157.3988211040284,-157.3988211040284,-157.3988211040284,-157.3988211040284,-157.3988211040284,0.0,0.0,0.0,98.90512847373009
3937,1977-09-21,256.1508271915747,56.49258900366627,139.76658573060558,256.1508271915747,256.1508271915747,-157.3115569469895,-157.3115569469895,-157.3115569469895,-157.3115569469895,-157.3115569469895,-157.3115569469895,0.0,0.0,0.0,98.83927024458521
3938,1977-09-22,255.99770480539053,56.08949256910022,141.32131491081068,255.99770480539053,255.99770480539053,-157.22427462893455,-157.22427462893455,-157.22427462893455,-157.22427462893455,-157.22427462893455,-157.22427462893455,0.0,0.0,0.0,98.77343017645597
3939,1977-09-23,255.84458241920672,58.28056022889296,140.64599358374537,255.84458241920672,255.84458241920672,-157.13697080084847,-157.13697080084847,-157.13697080084847,-157.13697080084847,-157.13697080084847,-157.13697080084847,0.0,0.0,0.0,98.70761161835824
3940,1977-09-26,255.38521526065495,55.87442156583636,139.91948587152106,255.38521526065495,255.38521526065495,-156.87489681877702,-156.87489681877702,-156.87489681877702,-156.87489681877702,-156.87489681877702,-156.87489681877702,0.0,0.0,0.0,98.51031844187793
3941,1977-09-27,255.2320928744711,55.577348786292966,142.33098165395032,255.2320928744711,255.2320928744711,-156.78747353142614,-156.78747353142614,-156.78747353142614,-156.78747353142614,-156.78747353142614,-156.78747353142614,0.0,0.0,0.0,98.44461934304496
3942,1977-09-28,255.07897048828713,56.991467884179436,140.113673915246,255.07897048828713,255.07897048828713,-156.70001204344817,-156.70001204344817,-156.70001204344817,-156.70001204344817,-156.70001204344817,-156.70001204344817,0.0,0.0,0.0,98.37895844483896
3943,1977-09-29,254.92584810210315,56.92172995958152,141.48852188155578,254.92584810210315,254.92584810210315,-156.61250902859624,-156.61250902859624,-156.61250902859624,-156.61250902859624,-156.61250902859624,-156.61250902859624,0.0,0.0,0.0,98.31333907350691
3944,1977-09-30,254.77272571591934,55.301348651996086,139.75458037302022,254.77272571591934,254.77272571591934,-156.5249611649043,-156.5249611649043,-156.5249611649043,-156.5249611649043,-156.5249611649043,-156.5249611649043,0.0,0.0,0.0,98.24776455101502
3945,1977-10-03,254.31335855736754,56.89405005332096,140.3591696765514,254.31335855736754,254.31335855736754,-156.2620153282521,-156.2620153282521,-156.2620153282521,-156.2620153282521,-156.2620153282521,-156.2620153282521,0.0,0.0,0.0,98.05134322911545
3946,1977-10-04,254.16023617118373,58.339638215136844,143.08186668135548,254.16023617118373,254.16023617118373,-156.17425494000122,-156.17425494000122,-156.17425494000122,-156.17425494000122,-156.17425494000122,-156.17425494000122,0.0,0.0,0.0,97.9859812311825
3947,1977-10-05,254.00711378499975,59.80498326535547,139.72798377193342,254.00711378499975,254.00711378499975,-156.0864331621291,-156.0864331621291,-156.0864331621291,-156.0864331621291,-156.0864331621291,-156.0864331621291,0.0,0.0,0.0,97.92068062287063
3948,1977-10-06,253.85399139881594,60.252482206084856,138.12356623998974,253.85399139881594,253.85399139881594,-155.99854670124972,-155.99854670124972,-155.99854670124972,-155.99854670124972,-155.99854670124972,-155.99854670124972,0.0,0.0,0.0,97.85544469756621
3949,1977-10-07,253.70086901263178,54.76844302548652,138.4989185779225,253.7008690126318,253.7008690126318,-155.91059226921962,-155.91059226921962,-155.91059226921962,-155.91059226921962,-155.91059226921962,-155.91059226921962,0.0,0.0,0.0,97.79027674341216
3950,1977-10-10,253.24150185408016,56.62991563753338,139.68148911062985,253.24150185408016,253.24150185408016,-155.64628834627442,-155.64628834627442,-155.64628834627442,-155.64628834627442,-155.64628834627442,-155.64628834627442,0.0,0.0,0.0,97.59521350780574
3951,1977-10-11,253.08837946789617,54.766759840043974,139.07587131783785,253.08837946789617,253.08837946789617,-155.55802925780011,-155.55802925780011,-155.55802925780011,-155.55802925780011,-155.55802925780011,-155.55802925780011,0.0,0.0,0.0,97.53035021009606
3952,1977-10-12,252.93525708171236,54.44267145838604,140.76287697356494,252.93525708171236,252.93525708171236,-155.4696858408357,-155.4696858408357,-155.4696858408357,-155.4696858408357,-155.4696858408357,-155.4696858408357,0.0,0.0,0.0,97.46557124087667
3953,1977-10-13,252.78213469552838,56.53036682282861,141.33809271825208,252.78213469552838,252.78213469552838,-155.381254841533,-155.381254841533,-155.381254841533,-155.381254841533,-155.381254841533,-155.381254841533,0.0,0.0,0.0,97.40087985399538
3954,1977-10-14,252.6290123093444,58.301656551622585,139.06239107203024,252.6290123093444,252.6290123093444,-155.29273301223043,-155.29273301223043,-155.29273301223043,-155.29273301223043,-155.29273301223043,-155.29273301223043,0.0,0.0,0.0,97.33627929711398
3955,1977-10-17,252.1696451507926,54.47480315618344,139.16587326292023,252.1696451507926,252.1696451507926,-155.02659016329517,-155.02659016329517,-155.02659016329517,-155.02659016329517,-155.02659016329517,-155.02659016329517,0.0,0.0,0.0,97.14305498749744
3956,1977-10-18,252.0165227646088,54.85116640788704,140.96101841523782,252.0165227646088,252.0165227646088,-154.93767266575887,-154.93767266575887,-154.93767266575887,-154.93767266575887,-154.93767266575887,-154.93767266575887,0.0,0.0,0.0,97.07885009884993
3957,1977-10-19,251.8634003784248,58.46469231820537,139.10278227280818,251.8634003784248,251.8634003784248,-154.848648197362,-154.848648197362,-154.848648197362,-154.848648197362,-154.848648197362,-154.848648197362,0.0,0.0,0.0,97.01475218106282
3958,1977-10-20,251.710277992241,56.56405653281643,138.3372225165037,251.710277992241,251.710277992241,-154.75951355034775,-154.75951355034775,-154.75951355034775,-154.75951355034775,-154.75951355034775,-154.75951355034775,0.0,0.0,0.0,96.95076444189326
3959,1977-10-21,251.557155606057,57.19860515537035,139.71248729167507,251.557155606057,251.557155606057,-154.67026552407154,-154.67026552407154,-154.67026552407154,-154.67026552407154,-154.67026552407154,-154.67026552407154,0.0,0.0,0.0,96.88689008198546
3960,1977-10-24,251.09778844750522,52.88069729666384,137.80480432944188,251.09778844750522,251.09778844750522,-154.4018092726411,-154.4018092726411,-154.4018092726411,-154.4018092726411,-154.4018092726411,-154.4018092726411,0.0,0.0,0.0,96.69597917486414
3961,1977-10-25,250.94466606132124,57.12711315091963,137.71242981468683,250.94466606132124,250.94466606132124,-154.31207586967005,-154.31207586967005,-154.31207586967005,-154.31207586967005,-154.31207586967005,-154.31207586967005,0.0,0.0,0.0,96.63259019165119
3962,1977-10-26,250.7915436751374,56.25433805859657,138.87244147685902,250.7915436751374,250.7915436751374,-154.2222131954491,-154.2222131954491,-154.2222131954491,-154.2222131954491,-154.2222131954491,-154.2222131954491,0.0,0.0,0.0,96.56933047968832
3963,1977-10-27,250.63842128895342,51.80778702825014,139.42538223091108,250.63842128895342,250.63842128895342,-154.13221809473367,-154.13221809473367,-154.13221809473367,-154.13221809473367,-154.13221809473367,-154.13221809473367,0.0,0.0,0.0,96.50620319421975
3964,1977-10-28,250.4852989027696,51.475042514857165,137.1065897213936,250.4852989027696,250.4852989027696,-154.04208742029718,-154.04208742029718,-154.04208742029718,-154.04208742029718,-154.04208742029718,-154.04208742029718,0.0,0.0,0.0,96.44321148247244
3965,1977-10-31,250.02593174421784,53.48659587399567,136.9301161126381,250.02593174421784,250.02593174421784,-153.77085060533682,-153.77085060533682,-153.77085060533682,-153.77085060533682,-153.77085060533682,-153.77085060533682,0.0,0.0,0.0,96.25508113888102
3966,1977-11-01,249.87280935803383,53.199848869366754,139.37517558530968,249.87280935803383,249.87280935803383,-153.68014632856145,-153.68014632856145,-153.68014632856145,-153.68014632856145,-153.68014632856145,-153.68014632856145,0.0,0.0,0.0,96.19266302947239
3967,1977-11-02,249.71968697185002,54.51281253695614,138.7963708476844,249.71968697185002,249.71968697185002,-153.58929086665012,-153.58929086665012,-153.58929086665012,-153.58929086665012,-153.58929086665012,-153.58929086665012,0.0,0.0,0.0,96.1303961051999
3968,1977-11-03,249.56656458566604,54.55103053695409,139.89287239576882,249.56656458566604,249.56656458566604,-153.49828112314842,-153.49828112314842,-153.49828112314842,-153.49828112314842,-153.49828112314842,-153.49828112314842,0.0,0.0,0.0,96.06828346251763
3969,1977-11-04,249.41344219948223,55.84080254636593,135.87443732419865,249.41344219948223,249.41344219948223,-153.40711401050382,-153.40711401050382,-153.40711401050382,-153.40711401050382,-153.40711401050382,-153.40711401050382,0.0,0.0,0.0,96.00632818897842
3970,1977-11-07,248.95407504093026,56.40383920915674,138.59623547528327,248.95407504093026,248.95407504093026,-153.13263771833678,-153.13263771833678,-153.13263771833678,-153.13263771833678,-153.13263771833678,-153.13263771833678,0.0,0.0,0.0,95.82143732259348
3971,1977-11-08,248.80095265474645,56.24676615860103,135.90593734790556,248.80095265474645,248.80095265474645,-153.0408104359928,-153.0408104359928,-153.0408104359928,-153.0408104359928,-153.0408104359928,-153.0408104359928,0.0,0.0,0.0,95.76014221875366
3972,1977-11-09,248.64783026856247,53.38741995290301,136.5528098138001,248.64783026856247,248.64783026856247,-152.94881048462133,-152.94881048462133,-152.94881048462133,-152.94881048462133,-152.94881048462133,-152.94881048462133,0.0,0.0,0.0,95.69901978394114
3973,1977-11-10,248.49470788237866,55.143478198507445,135.83635806217632,248.49470788237866,248.49470788237866,-152.85663483268297,-152.85663483268297,-152.85663483268297,-152.85663483268297,-152.85663483268297,-152.85663483268297,0.0,0.0,0.0,95.63807304969569
3974,1977-11-11,248.34158549619468,53.74287606548893,135.47240893911493,248.34158549619468,248.34158549619468,-152.7642804584022,-152.7642804584022,-152.7642804584022,-152.7642804584022,-152.7642804584022,-152.7642804584022,0.0,0.0,0.0,95.57730503779248
3975,1977-11-14,247.88221833764288,51.98377756929771,134.1321964929503,247.88221833764288,247.88221833764288,-152.48611493275757,-152.48611493275757,-152.48611493275757,-152.48611493275757,-152.48611493275757,-152.48611493275757,0.0,0.0,0.0,95.39610340488531
3976,1977-11-15,247.7290959514589,54.15481708557847,138.40611474912907,247.7290959514589,247.7290959514589,-152.39301565087052,-152.39301565087052,-152.39301565087052,-152.39301565087052,-152.39301565087052,-152.39301565087052,0.0,0.0,0.0,95.33608030058838
3977,1977-11-16,247.5759735652751,54.67008967633272,136.01570317155435,247.5759735652751,247.5759735652751,-152.29972268845313,-152.29972268845313,-152.29972268845313,-152.29972268845313,-152.29972268845313,-152.29972268845313,0.0,0.0,0.0,95.27625087682196
3978,1977-11-17,247.4228511790911,53.33542732308954,138.63897952186338,247.4228511790911,247.4228511790911,-152.2062330848434,-152.2062330848434,-152.2062330848434,-152.2062330848434,-152.2062330848434,-152.2062330848434,0.0,0.0,0.0,95.2166180942477
3979,1977-11-18,247.2697287929073,51.957665004895766,137.5589509092622,247.2697287929073,247.2697287929073,-152.11254388998196,-152.11254388998196,-152.11254388998196,-152.11254388998196,-152.11254388998196,-152.11254388998196,0.0,0.0,0.0,95.15718490292534
3980,1977-11-21,246.8103616343555,50.062373184188594,137.14694395640777,246.8103616343555,246.8103616343555,-151.83024941879404,-151.83024941879404,-151.83024941879404,-151.83024941879404,-151.83024941879404,-151.83024941879404,0.0,0.0,0.0,94.98011221556146
3981,1977-11-22,246.65723924817152,54.564062864607585,134.80726990551443,246.65723924817152,246.65723924817152,-151.73573257448444,-151.73573257448444,-151.73573257448444,-151.73573257448444,-151.73573257448444,-151.73573257448444,0.0,0.0,0.0,94.92150667368708
3982,1977-11-23,246.5041168619877,54.001063783289545,134.64159826087,246.5041168619877,246.5041168619877,-151.6410015517607,-151.6410015517607,-151.6410015517607,-151.6410015517607,-151.6410015517607,-151.6410015517607,0.0,0.0,0.0,94.86311531022702
3983,1977-11-25,246.1978720896199,55.21002649796439,135.36448287173133,246.1978720896199,246.1978720896199,-151.45088544651642,-151.45088544651642,-151.45088544651642,-151.45088544651642,-151.45088544651642,-151.45088544651642,0.0,0.0,0.0,94.74698664310347
3984,1977-11-28,245.73850493106795,53.06311695536649,137.11269647631863,245.73850493106795,245.73850493106795,-151.16403322411404,-151.16403322411404,-151.16403322411404,-151.16403322411404,-151.16403322411404,-151.16403322411404,0.0,0.0,0.0,94.57447170695391
3985,1977-11-29,245.58538254488414,51.47571941238485,136.689565060474,245.58538254488414,245.58538254488414,-151.06795697057174,-151.06795697057174,-151.06795697057174,-151.06795697057174,-151.06795697057174,-151.06795697057174,0.0,0.0,0.0,94.5174255743124
3986,1977-11-30,245.43226015870013,54.375466276284186,132.76623411539416,245.43226015870013,245.43226015870013,-150.97164659435643,-150.97164659435643,-150.97164659435643,-150.97164659435643,-150.97164659435643,-150.97164659435643,0.0,0.0,0.0,94.4606135643437
3987,1977-12-01,245.27913777251632,54.41153082377763,138.25106331876884,245.27913777251632,245.27913777251632,-150.87509929375625,-150.87509929375625,-150.87509929375625,-150.87509929375625,-150.87509929375625,-150.87509929375625,0.0,0.0,0.0,94.40403847876007
3988,1977-12-02,245.12601538633234,54.20824370600284,141.32985983073587,245.12601538633234,245.12601538633234,-150.7783122792612,-150.7783122792612,-150.7783122792612,-150.7783122792612,-150.7783122792612,-150.7783122792612,0.0,0.0,0.0,94.34770310707114
3989,1977-12-05,244.66664822778074,52.527162796542896,130.39559092991482,244.66664822778074,244.66664822778074,-150.48648524263515,-150.48648524263515,-150.48648524263515,-150.48648524263515,-150.48648524263515,-150.48648524263515,0.0,0.0,0.0,94.18016298514559
3990,1977-12-06,244.51352584159656,53.98304792382332,136.42149712063662,244.51352584159656,244.51352584159656,-150.38871172533112,-150.38871172533112,-150.38871172533112,-150.38871172533112,-150.38871172533112,-150.38871172533112,0.0,0.0,0.0,94.12481411626544
3991,1977-12-07,244.36040345541275,54.56666730809506,135.0006452670395,244.36040345541275,244.36040345541275,-150.29068473343875,-150.29068473343875,-150.29068473343875,-150.29068473343875,-150.29068473343875,-150.29068473343875,0.0,0.0,0.0,94.069718721974
3992,1977-12-08,244.20728106922877,50.430972825342096,136.24775026547766,244.20728106922877,244.20728106922877,-150.1924015529498,-150.1924015529498,-150.1924015529498,-150.1924015529498,-150.1924015529498,-150.1924015529498,0.0,0.0,0.0,94.01487951627897
3993,1977-12-09,244.05415868304496,50.60808221791013,135.26693525957035,244.05415868304493,244.05415868304493,-150.0938594828162,-150.0938594828162,-150.0938594828162,-150.0938594828162,-150.0938594828162,-150.0938594828162,0.0,0.0,0.0,93.96029920022875
3994,1977-12-12,243.59479152449316,50.94144932069191,136.3251336886629,243.59479152449316,243.59479152449316,-149.79665312069957,-149.79665312069957,-149.79665312069957,-149.79665312069957,-149.79665312069957,-149.79665312069957,0.0,0.0,0.0,93.79813840379359
3995,1977-12-13,243.44166913830918,51.047143375230306,133.4565496451071,243.44166913830918,243.44166913830918,-149.69704874441808,-149.69704874441808,-149.69704874441808,-149.69704874441808,-149.69704874441808,-149.69704874441808,0.0,0.0,0.0,93.7446203938911
3996,1977-12-14,243.28854675212537,49.90996283447423,135.84772236248818,243.28854675212534,243.28854675212534,-149.59717217135085,-149.59717217135085,-149.59717217135085,-149.59717217135085,-149.59717217135085,-149.59717217135085,0.0,0.0,0.0,93.69137458077452
3997,1977-12-15,243.1354243659414,51.47808033816759,135.4544396397194,243.1354243659414,243.1354243659414,-149.49702078041952,-149.49702078041952,-149.49702078041952,-149.49702078041952,-149.49702078041952,-149.49702078041952,0.0,0.0,0.0,93.63840358552187
3998,1977-12-16,242.98230197975758,55.12528537478535,138.20555122447357,242.9823019797576,242.9823019797576,-149.39659196423614,-149.39659196423614,-149.39659196423614,-149.39659196423614,-149.39659196423614,-149.39659196423614,0.0,0.0,0.0,93.58571001552144
3999,1977-12-19,242.52293482120578,52.48172692037425,134.6284559160797,242.52293482120575,242.52293482120575,-149.0936150977867,-149.0936150977867,-149.0936150977867,-149.0936150977867,-149.0936150977867,-149.0936150977867,0.0,0.0,0.0,93.42931972341907
4000,1977-12-20,242.36981243502197,51.21449033886499,137.9923133430606,242.36981243502197,242.36981243502197,-148.99205078407837,-148.99205078407837,-148.99205078407837,-148.99205078407837,-148.99205078407837,-148.99205078407837,0.0,0.0,0.0,93.3777616509436
4001,1977-12-21,242.21669004883782,49.60594795321856,136.24900034162647,242.21669004883782,242.21669004883782,-148.89019621708022,-148.89019621708022,-148.89019621708022,-148.89019621708022,-148.89019621708022,-148.89019621708022,0.0,0.0,0.0,93.3264938317576
4002,1977-12-22,242.063567662654,52.0975625597777,133.6288548545996,242.063567662654,242.063567662654,-148.78804887366528,-148.78804887366528,-148.78804887366528,-148.78804887366528,-148.78804887366528,-148.78804887366528,0.0,0.0,0.0,93.27551878898873
4003,1977-12-23,241.91044527647003,53.528446239983836,136.5182309766416,241.91044527647003,241.91044527647003,-148.68560624509755,-148.68560624509755,-148.68560624509755,-148.68560624509755,-148.68560624509755,-148.68560624509755,0.0,0.0,0.0,93.22483903137248
4004,1977-12-27,241.29795573173442,49.24765064747598,132.65707391013322,241.29795573173442,241.29795573173442,-148.27283321370058,-148.27283321370058,-148.27283321370058,-148.27283321370058,-148.27283321370058,-148.27283321370058,0.0,0.0,0.0,93.02512251803384
4005,1977-12-28,241.1448333455506,50.79669916474142,132.34783436931218,241.1448333455506,241.1448333455506,-148.16887703879863,-148.16887703879863,-148.16887703879863,-148.16887703879863,-148.16887703879863,-148.16887703879863,0.0,0.0,0.0,92.97595630675198
4006,1977-12-29,240.99171095936643,49.60113282725514,134.1335809135468,240.99171095936643,240.99171095936643,-148.06461083395243,-148.06461083395243,-148.06461083395243,-148.06461083395243,-148.06461083395243,-148.06461083395243,0.0,0.0,0.0,92.927100125414
4007,1977-12-30,240.83858857318262,49.53458488398806,135.66737702994442,240.83858857318262,240.83858857318262,-147.96003219385736,-147.96003219385736,-147.96003219385736,-147.96003219385736,-147.96003219385736,-147.96003219385736,0.0,0.0,0.0,92.87855637932526
4008,1978-01-03,240.22609902844704,49.503873162476715,132.9618881931524,240.22609902844704,240.22609902844704,-147.5385457071933,-147.5385457071933,-147.5385457071933,-147.5385457071933,-147.5385457071933,-147.5385457071933,0.0,0.0,0.0,92.68755332125374
4009,1978-01-04,240.07297664226306,51.07169489938257,132.93194363972785,240.07297664226306,240.07297664226306,-147.43236934486862,-147.43236934486862,-147.43236934486862,-147.43236934486862,-147.43236934486862,-147.43236934486862,0.0,0.0,0.0,92.64060729739444
4010,1978-01-05,239.91985425607905,50.62312766844431,136.8258331151239,239.91985425607905,239.91985425607905,-147.32586643689754,-147.32586643689754,-147.32586643689754,-147.32586643689754,-147.32586643689754,-147.32586643689754,0.0,0.0,0.0,92.5939878191815
4011,1978-01-06,239.76673186989507,50.574095071628925,133.13729541397055,239.76673186989507,239.76673186989507,-147.21903468596642,-147.21903468596642,-147.21903468596642,-147.21903468596642,-147.21903468596642,-147.21903468596642,0.0,0.0,0.0,92.54769718392865
4012,1978-01-09,239.30736471134347,50.63518485952443,132.1580314289889,239.30736471134347,239.30736471134347,-146.8965436395978,-146.8965436395978,-146.8965436395978,-146.8965436395978,-146.8965436395978,-146.8965436395978,0.0,0.0,0.0,92.41082107174566
4013,1978-01-10,239.15424232515946,51.63608488413791,135.84279046775714,239.15424232515946,239.15424232515946,-146.78837386073016,-146.78837386073016,-146.78837386073016,-146.78837386073016,-146.78837386073016,-146.78837386073016,0.0,0.0,0.0,92.3658684644293
4014,1978-01-11,239.00111993897565,52.71325408239481,130.4924586577043,239.00111993897565,239.00111993897565,-146.6798639908753,-146.6798639908753,-146.6798639908753,-146.6798639908753,-146.6798639908753,-146.6798639908753,0.0,0.0,0.0,92.32125594810034
4015,1978-01-12,238.84799755279167,50.24220775978807,131.54695699218408,238.84799755279167,238.84799755279167,-146.57101182874126,-146.57101182874126,-146.57101182874126,-146.57101182874126,-146.57101182874126,-146.57101182874126,0.0,0.0,0.0,92.2769857240504
4016,1978-01-13,238.6948751666077,50.27146257446594,132.4789692820335,238.6948751666077,238.6948751666077,-146.4618151893389,-146.4618151893389,-146.4618151893389,-146.4618151893389,-146.4618151893389,-146.4618151893389,0.0,0.0,0.0,92.2330599772688
4017,1978-01-16,238.2355080080561,49.62402425659122,132.63199083416492,238.2355080080561,238.2355080080561,-146.13213680392948,-146.13213680392948,-146.13213680392948,-146.13213680392948,-146.13213680392948,-146.13213680392948,0.0,0.0,0.0,92.1033712041266
4018,1978-01-17,238.08238562187208,50.81411622320771,134.50955754478895,238.08238562187208,238.08238562187208,-146.02154073453835,-146.02154073453835,-146.02154073453835,-146.02154073453835,-146.02154073453835,-146.02154073453835,0.0,0.0,0.0,92.06084488733373
4019,1978-01-18,237.92926323568827,50.76483988993864,137.92503680001766,237.92926323568827,237.92926323568827,-145.91058951038409,-145.91058951038409,-145.91058951038409,-145.91058951038409,-145.91058951038409,-145.91058951038409,0.0,0.0,0.0,92.01867372530418
4020,1978-01-19,237.7761408495043,51.43011663085659,132.6315772733204,237.7761408495043,237.7761408495043,-145.79928104602917,-145.79928104602917,-145.79928104602917,-145.79928104602917,-145.79928104602917,-145.79928104602917,0.0,0.0,0.0,91.97685980347512
4021,1978-01-20,237.6230184633203,52.378297570921134,136.8398446852377,237.6230184633203,237.6230184633203,-145.68761327291082,-145.68761327291082,-145.68761327291082,-145.68761327291082,-145.68761327291082,-145.68761327291082,0.0,0.0,0.0,91.93540519040948
4022,1978-01-23,237.1636513047685,52.4606412610085,134.10464446069773,237.1636513047685,237.1636513047685,-145.35043367011446,-145.35043367011446,-145.35043367011446,-145.35043367011446,-145.35043367011446,-145.35043367011446,0.0,0.0,0.0,91.81321763465405
4023,1978-01-24,237.0105289185847,50.192647826348136,132.73045700412962,237.0105289185847,237.0105289185847,-145.23730831654797,-145.23730831654797,-145.23730831654797,-145.23730831654797,-145.23730831654797,-145.23730831654797,0.0,0.0,0.0,91.77322060203673
4024,1978-01-25,236.85740653240072,49.67449120848397,135.97394399836674,236.85740653240072,236.85740653240072,-145.12381356725604,-145.12381356725604,-145.12381356725604,-145.12381356725604,-145.12381356725604,-145.12381356725604,0.0,0.0,0.0,91.73359296514468
4025,1978-01-26,236.7042841462169,52.55838871137892,136.03063955421825,236.7042841462169,236.7042841462169,-145.009947456554,-145.009947456554,-145.009947456554,-145.009947456554,-145.009947456554,-145.009947456554,0.0,0.0,0.0,91.69433668966292
4026,1978-01-27,236.55116176003293,51.64235056148749,130.13180626364868,236.55116176003293,236.55116176003293,-144.89570803616863,-144.89570803616863,-144.89570803616863,-144.89570803616863,-144.89570803616863,-144.89570803616863,0.0,0.0,0.0,91.6554537238643
4027,1978-01-30,236.09179460148113,47.638325616944044,129.50633756297086,236.09179460148113,236.09179460148113,-144.55073069690468,-144.55073069690468,-144.55073069690468,-144.55073069690468,-144.55073069690468,-144.55073069690468,0.0,0.0,0.0,91.54106390457645
4028,1978-01-31,235.93867221529715,52.82219170283316,136.518539815026,235.93867221529715,235.93867221529715,-144.43497890586067,-144.43497890586067,-144.43497890586067,-144.43497890586067,-144.43497890586067,-144.43497890586067,0.0,0.0,0.0,91.50369330943647
4029,1978-02-01,235.78554982911334,50.37568432862035,133.23892060056505,235.78554982911334,235.78554982911334,-144.3188443275047,-144.3188443275047,-144.3188443275047,-144.3188443275047,-144.3188443275047,-144.3188443275047,0.0,0.0,0.0,91.46670550160863
4030,1978-02-02,235.63242744292936,50.205181879281916,131.62396283665672,235.63242744292936,235.63242744292936,-144.20232511956013,-144.20232511956013,-144.20232511956013,-144.20232511956013,-144.20232511956013,-144.20232511956013,0.0,0.0,0.0,91.43010232336923
4031,1978-02-03,235.47930505674552,49.52031394739743,134.15297765518721,235.47930505674552,235.47930505674552,-144.08541945766467,-144.08541945766467,-144.08541945766467,-144.08541945766467,-144.08541945766467,-144.08541945766467,0.0,0.0,0.0,91.39388559908085
4032,1978-02-06,235.01993789819375,52.24011846416158,131.74642298515317,235.01993789819375,235.01993789819375,-143.7323657747955,-143.7323657747955,-143.7323657747955,-143.7323657747955,-143.7323657747955,-143.7323657747955,0.0,0.0,0.0,91.28757212339823
4033,1978-02-07,234.86681551200977,47.67011603704146,133.34989344333638,234.86681551200977,234.86681551200977,-143.6138964141421,-143.6138964141421,-143.6138964141421,-143.6138964141421,-143.6138964141421,-143.6138964141421,0.0,0.0,0.0,91.25291909786768
4034,1978-02-08,234.71369312582596,52.04784143244973,133.65220631512037,234.71369312582596,234.71369312582596,-143.49503174881644,-143.49503174881644,-143.49503174881644,-143.49503174881644,-143.49503174881644,-143.49503174881644,0.0,0.0,0.0,91.21866137700951
4035,1978-02-09,234.56057073964195,52.10699993845612,133.66343726869815,234.56057073964195,234.56057073964195,-143.37577006335925,-143.37577006335925,-143.37577006335925,-143.37577006335925,-143.37577006335925,-143.37577006335925,0.0,0.0,0.0,91.18480067628269
4036,1978-02-10,234.40744835345814,52.17249605016972,136.61118864327202,234.40744835345814,234.40744835345814,-143.25610966069155,-143.25610966069155,-143.25610966069155,-143.25610966069155,-143.25610966069155,-143.25610966069155,0.0,0.0,0.0,91.15133869276659
4037,1978-02-13,233.9480811949062,49.32360615085577,136.41618026827092,233.9480811949062,233.9480811949062,-142.89471945567098,-142.89471945567098,-142.89471945567098,-142.89471945567098,-142.89471945567098,-142.89471945567098,0.0,0.0,0.0,91.05336173923521
4038,1978-02-14,233.79495880872238,49.17158193326217,131.44547348621774,233.79495880872238,233.79495880872238,-142.7734475831901,-142.7734475831901,-142.7734475831901,-142.7734475831901,-142.7734475831901,-142.7734475831901,0.0,0.0,0.0,91.0215112255323
4039,1978-02-15,233.64183642253838,50.75507568019682,130.15246351214927,233.64183642253838,233.64183642253838,-142.65176878601122,-142.65176878601122,-142.65176878601122,-142.65176878601122,-142.65176878601122,-142.65176878601122,0.0,0.0,0.0,90.99006763652716
4040,1978-02-16,233.48871403635457,50.908893924862774,127.5964698396752,233.48871403635457,233.48871403635457,-142.5296814786489,-142.5296814786489,-142.5296814786489,-142.5296814786489,-142.5296814786489,-142.5296814786489,0.0,0.0,0.0,90.95903255770565
4041,1978-02-17,233.33559165017058,47.45126540699293,132.3099612152985,233.33559165017058,233.33559165017058,-142.40718409442843,-142.40718409442843,-142.40718409442843,-142.40718409442843,-142.40718409442843,-142.40718409442843,0.0,0.0,0.0,90.92840755574215
4042,1978-02-21,232.7231021054348,48.25155824675295,130.25605261340584,232.7231021054348,232.7231021054348,-141.91306311708377,-141.91306311708377,-141.91306311708377,-141.91306311708377,-141.91306311708377,-141.91306311708377,0.0,0.0,0.0,90.81003898835104
4043,1978-02-22,232.569979719251,51.210327908455014,131.82981516322124,232.569979719251,232.569979719251,-141.78849251086595,-141.78849251086595,-141.78849251086595,-141.78849251086595,-141.78849251086595,-141.78849251086595,0.0,0.0,0.0,90.78148720838504
4044,1978-02-23,232.41685733306701,50.22090310077794,131.48317399825828,232.41685733306701,232.41685733306701,-141.66350282598293,-141.66350282598293,-141.66350282598293,-141.66350282598293,-141.66350282598293,-141.66350282598293,0.0,0.0,0.0,90.75335450708408
4045,1978-02-24,232.2637349468832,48.44642646156462,134.97330740263354,232.2637349468832,232.2637349468832,-141.53809262902823,-141.53809262902823,-141.53809262902823,-141.53809262902823,-141.53809262902823,-141.53809262902823,0.0,0.0,0.0,90.72564231785498
4046,1978-02-27,231.8043677883314,45.883725950306925,133.87257846507077,231.8043677883314,231.8043677883314,-141.15932492084377,-141.15932492084377,-141.15932492084377,-141.15932492084377,-141.15932492084377,-141.15932492084377,0.0,0.0,0.0,90.64504286748763
4047,1978-02-28,231.65124540214742,48.55553454192147,128.97007374193672,231.65124540214742,231.65124540214742,-141.03221872746545,-141.03221872746545,-141.03221872746545,-141.03221872746545,-141.03221872746545,-141.03221872746545,0.0,0.0,0.0,90.61902667468198
4048,1978-03-01,231.4981230159636,48.26892308941771,133.27221443652496,231.4981230159636,231.4981230159636,-140.9046851448784,-140.9046851448784,-140.9046851448784,-140.9046851448784,-140.9046851448784,-140.9046851448784,0.0,0.0,0.0,90.5934378710852
4049,1978-03-02,231.34500062977963,50.12409069814081,129.49993675312092,231.34500062977963,231.34500062977963,-140.77672285599047,-140.77672285599047,-140.77672285599047,-140.77672285599047,-140.77672285599047,-140.77672285599047,0.0,0.0,0.0,90.56827777378916
4050,1978-03-03,231.19187824359582,50.95248307097007,131.2365648265169,231.19187824359582,231.19187824359582,-140.64833056326907,-140.64833056326907,-140.64833056326907,-140.64833056326907,-140.64833056326907,-140.64833056326907,0.0,0.0,0.0,90.54354768032675
4051,1978-03-06,230.73251108504385,49.806210407076904,130.69317616212334,230.73251108504385,230.73251108504385,-140.26056098118363,-140.26056098118363,-140.26056098118363,-140.26056098118363,-140.26056098118363,-140.26056098118363,0.0,0.0,0.0,90.47195010386022
4052,1978-03-07,230.57938869886004,45.19994000648878,135.74410671610903,230.57938869886004,230.57938869886004,-140.1304360906666,-140.1304360906666,-140.1304360906666,-140.1304360906666,-140.1304360906666,-140.1304360906666,0.0,0.0,0.0,90.44895260819345
4053,1978-03-08,230.42626631267606,47.28570296616765,134.38804590327362,230.42626631267606,230.42626631267606,-139.99987500370366,-139.99987500370366,-139.99987500370366,-139.99987500370366,-139.99987500370366,-139.99987500370366,0.0,0.0,0.0,90.4263913089724
4054,1978-03-09,230.27314392649225,49.38176325116268,130.53958755505332,230.27314392649225,230.27314392649225,-139.86887654110072,-139.86887654110072,-139.86887654110072,-139.86887654110072,-139.86887654110072,-139.86887654110072,0.0,0.0,0.0,90.40426738539153
4055,1978-03-10,230.12002154030824,51.97537349252268,131.47735817454995,230.12002154030824,230.12002154030824,-139.737439543542,-139.737439543542,-139.737439543542,-139.737439543542,-139.737439543542,-139.737439543542,0.0,0.0,0.0,90.38258199676625
4056,1978-03-13,229.66065438175664,48.48411853846068,131.00952265951534,229.66065438175664,229.66065438175664,-139.3404860470405,-139.3404860470405,-139.3404860470405,-139.3404860470405,-139.3404860470405,-139.3404860470405,0.0,0.0,0.0,90.32016833471613
4057,1978-03-14,229.5075319955725,50.0213158614826,127.39589695238743,229.5075319955725,229.5075319955725,-139.2072837155439,-139.2072837155439,-139.2072837155439,-139.2072837155439,-139.2072837155439,-139.2072837155439,0.0,0.0,0.0,90.3002482800286
4058,1978-03-15,229.35440960938868,49.1947711833401,129.97459284321437,229.35440960938868,229.35440960938868,-139.07363735215046,-139.07363735215046,-139.07363735215046,-139.07363735215046,-139.07363735215046,-139.07363735215046,0.0,0.0,0.0,90.28077225723823
4059,1978-03-16,229.20128722320467,46.34794032803329,133.20740421796137,229.20128722320467,229.20128722320467,-138.93954591767982,-138.93954591767982,-138.93954591767982,-138.93954591767982,-138.93954591767982,-138.93954591767982,0.0,0.0,0.0,90.26174130552485
4060,1978-03-17,229.04816483702086,50.87937248478773,130.92284174357388,229.04816483702086,229.04816483702086,-138.8050083931109,-138.8050083931109,-138.8050083931109,-138.8050083931109,-138.8050083931109,-138.8050083931109,0.0,0.0,0.0,90.24315644390995
4061,1978-03-20,228.5887976784691,48.60612147015056,129.6088974376268,228.5887976784691,228.5887976784691,-138.39870939175995,-138.39870939175995,-138.39870939175995,-138.39870939175995,-138.39870939175995,-138.39870939175995,0.0,0.0,0.0,90.19008828670914
4062,1978-03-21,228.4356752922851,48.56511154783428,133.82000601083922,228.4356752922851,228.4356752922851,-138.2623777210461,-138.2623777210461,-138.2623777210461,-138.2623777210461,-138.2623777210461,-138.2623777210461,0.0,0.0,0.0,90.173297571239
4063,1978-03-22,228.2825529061011,48.07827027250685,135.48344116938463,228.2825529061011,228.2825529061011,-138.12559516878156,-138.12559516878156,-138.12559516878156,-138.12559516878156,-138.12559516878156,-138.12559516878156,0.0,0.0,0.0,90.15695773731954
4064,1978-03-23,228.1294305199173,47.77231364666371,129.2738832489248,228.1294305199173,228.1294305199173,-137.98836083764908,-137.98836083764908,-137.98836083764908,-137.98836083764908,-137.98836083764908,-137.98836083764908,0.0,0.0,0.0,90.14106968226821
4065,1978-03-27,227.5169409751817,48.37335590977929,131.2637088519333,227.5169409751817,227.5169409751817,-137.43488849279296,-137.43488849279296,-137.43488849279296,-137.43488849279296,-137.43488849279296,-137.43488849279296,0.0,0.0,0.0,90.08205248238875
4066,1978-03-28,227.3638185889977,50.78247539604688,131.37038813151435,227.3638185889977,227.3638185889977,-137.2953825226926,-137.2953825226926,-137.2953825226926,-137.2953825226926,-137.2953825226926,-137.2953825226926,0.0,0.0,0.0,90.06843606630511
4067,1978-03-29,227.21069620281372,46.91339999403054,133.44684987623722,227.21069620281372,227.21069620281372,-137.155419819323,-137.155419819323,-137.155419819323,-137.155419819323,-137.155419819323,-137.155419819323,0.0,0.0,0.0,90.05527638349074
4068,1978-03-30,227.0575738166299,49.99889101698363,132.42631173056978,227.0575738166299,227.0575738166299,-137.01499962881002,-137.01499962881002,-137.01499962881002,-137.01499962881002,-137.01499962881002,-137.01499962881002,0.0,0.0,0.0,90.0425741878199
4069,1978-03-31,226.90445143044593,49.595788757961515,131.1251610856862,226.90445143044593,226.90445143044593,-136.87412121788512,-136.87412121788512,-136.87412121788512,-136.87412121788512,-136.87412121788512,-136.87412121788512,0.0,0.0,0.0,90.03033021256081
4070,1978-04-03,226.4450842718943,51.84159746532011,133.41983858142416,226.4450842718943,226.4450842718943,-136.4487296395673,-136.4487296395673,-136.4487296395673,-136.4487296395673,-136.4487296395673,-136.4487296395673,0.0,0.0,0.0,89.99635463232701
4071,1978-04-04,226.29196188571032,48.442446274869404,133.48121716962015,226.29196188571032,226.29196188571032,-136.30601142730194,-136.30601142730194,-136.30601142730194,-136.30601142730194,-136.30601142730194,-136.30601142730194,0.0,0.0,0.0,89.98595045840838
4072,1978-04-05,226.13883949952634,48.44140846029098,130.8953535974278,226.13883949952634,226.13883949952634,-136.16283163823965,-136.16283163823965,-136.16283163823965,-136.16283163823965,-136.16283163823965,-136.16283163823965,0.0,0.0,0.0,89.97600786128669
4073,1978-04-06,225.98571711334236,48.16359718238653,130.16504286561323,225.9857171133424,225.9857171133424,-136.01918966326056,-136.01918966326056,-136.01918966326056,-136.01918966326056,-136.01918966326056,-136.01918966326056,0.0,0.0,0.0,89.9665274500818
4074,1978-04-07,225.83259472715855,50.70708718793553,130.3047477694363,225.83259472715855,225.83259472715855,-135.87508491401513,-135.87508491401513,-135.87508491401513,-135.87508491401513,-135.87508491401513,-135.87508491401513,0.0,0.0,0.0,89.95750981314342
4075,1978-04-10,225.37322756860675,46.510616024865485,128.6982515294691,225.37322756860675,225.37322756860675,-135.43998844916774,-135.43998844916774,-135.43998844916774,-135.43998844916774,-135.43998844916774,-135.43998844916774,0.0,0.0,0.0,89.93323911943901
4076,1978-04-11,225.22010518242294,48.26154610916787,134.59482906988984,225.22010518242294,225.22010518242294,-135.2940271354707,-135.2940271354707,-135.2940271354707,-135.2940271354707,-135.2940271354707,-135.2940271354707,0.0,0.0,0.0,89.92607804695223
4077,1978-04-12,225.06698279623896,49.568489667584274,130.30073944395997,225.06698279623896,225.06698279623896,-135.1476004180048,-135.1476004180048,-135.1476004180048,-135.1476004180048,-135.1476004180048,-135.1476004180048,0.0,0.0,0.0,89.91938237823416
4078,1978-04-13,224.91386041005498,46.59174455479263,132.13035080848007,224.91386041005498,224.91386041005498,-135.00070783344466,-135.00070783344466,-135.00070783344466,-135.00070783344466,-135.00070783344466,-135.00070783344466,0.0,0.0,0.0,89.91315257661032
4079,1978-04-14,224.76073802387097,50.43624790106079,132.45627153293069,224.76073802387094,224.76073802387094,-134.85334893936252,-134.85334893936252,-134.85334893936252,-134.85334893936252,-134.85334893936252,-134.85334893936252,0.0,0.0,0.0,89.90738908450845
4080,1978-04-17,224.30137086531937,47.63022249300628,133.74326686196613,224.30137086531937,224.30137086531937,-134.40847028946357,-134.40847028946357,-134.40847028946357,-134.40847028946357,-134.40847028946357,-134.40847028946357,0.0,0.0,0.0,89.8929005758558
4081,1978-04-18,224.1482484791354,49.34360568692706,132.2303929061862,224.1482484791354,224.1482484791354,-134.25924215145625,-134.25924215145625,-134.25924215145625,-134.25924215145625,-134.25924215145625,-134.25924215145625,0.0,0.0,0.0,89.88900632767914
4082,1978-04-19,223.99512609295158,48.292750148829136,131.53491034454854,223.99512609295158,223.99512609295158,-134.10954580573568,-134.10954580573568,-134.10954580573568,-134.10954580573568,-134.10954580573568,-134.10954580573568,0.0,0.0,0.0,89.8855802872159
4083,1978-04-20,223.84200370676757,47.53444486879405,132.5098662810519,223.84200370676757,223.84200370676757,-133.95938093554082,-133.95938093554082,-133.95938093554082,-133.95938093554082,-133.95938093554082,-133.95938093554082,0.0,0.0,0.0,89.88262277122675
4084,1978-04-21,223.6888813205836,47.50367088741107,132.01399469586596,223.68888132058362,223.68888132058362,-133.80874724509636,-133.80874724509636,-133.80874724509636,-133.80874724509636,-133.80874724509636,-133.80874724509636,0.0,0.0,0.0,89.88013407548723
4085,1978-04-24,223.229514162032,49.32968177611985,132.96900034101907,223.229514162032,223.229514162032,-133.3540306094732,-133.3540306094732,-133.3540306094732,-133.3540306094732,-133.3540306094732,-133.3540306094732,0.0,0.0,0.0,89.87548355255879
4086,1978-04-25,223.076391775848,49.49043225917598,132.242379237589,223.076391775848,223.076391775848,-133.2015191002836,-133.2015191002836,-133.2015191002836,-133.2015191002836,-133.2015191002836,-133.2015191002836,0.0,0.0,0.0,89.8748726755644
4087,1978-04-26,222.9232693896642,51.21151605586276,132.567418167649,222.9232693896642,222.9232693896642,-133.04853760704052,-133.04853760704052,-133.04853760704052,-133.04853760704052,-133.04853760704052,-133.04853760704052,0.0,0.0,0.0,89.87473178262368
4088,1978-04-27,222.7701470034802,45.31484248275245,132.2350043487294,222.7701470034802,222.7701470034802,-132.89508596004774,-132.89508596004774,-132.89508596004774,-132.89508596004774,-132.89508596004774,-132.89508596004774,0.0,0.0,0.0,89.87506104343245
4089,1978-04-28,222.6170246172962,49.04967941810557,129.3543888051158,222.6170246172962,222.6170246172962,-132.74116401064296,-132.74116401064296,-132.74116401064296,-132.74116401064296,-132.74116401064296,-132.74116401064296,0.0,0.0,0.0,89.87586060665325
4090,1978-05-01,222.15765745874444,51.7753619530927,133.77725368875346,222.15765745874444,222.15765745874444,-132.2765751769213,-132.2765751769213,-132.2765751769213,-132.2765751769213,-132.2765751769213,-132.2765751769213,0.0,0.0,0.0,89.88108228182313
4091,1978-05-02,222.0045350725606,49.75897591396022,130.54945242591054,222.0045350725606,222.0045350725606,-132.12077095204813,-132.12077095204813,-132.12077095204813,-132.12077095204813,-132.12077095204813,-132.12077095204813,0.0,0.0,0.0,89.88376412051247
4092,1978-05-03,221.85141268637662,49.972664614661895,129.38885027072848,221.85141268637662,221.85141268637662,-131.96449599707265,-131.96449599707265,-131.96449599707265,-131.96449599707265,-131.96449599707265,-131.96449599707265,0.0,0.0,0.0,89.88691668930397
4093,1978-05-04,221.6982903001928,50.34077020006937,131.31133403667422,221.6982903001928,221.6982903001928,-131.80775028959204,-131.80775028959204,-131.80775028959204,-131.80775028959204,-131.80775028959204,-131.80775028959204,0.0,0.0,0.0,89.89054001060077
4094,1978-05-05,221.54516791400883,48.7175117636768,131.2384913806436,221.54516791400883,221.54516791400883,-131.65053382824848,-131.65053382824848,-131.65053382824848,-131.65053382824848,-131.65053382824848,-131.65053382824848,0.0,0.0,0.0,89.89463408576034
4095,1978-05-08,221.08580075545703,47.59517609605741,129.89063661861374,221.08580075545703,221.08580075545703,-131.17606022309764,-131.17606022309764,-131.17606022309764,-131.17606022309764,-131.17606022309764,-131.17606022309764,0.0,0.0,0.0,89.9097405323594
4096,1978-05-09,220.93267836927305,48.31723749542294,128.9061407933693,220.93267836927305,220.93267836927305,-131.01696115355173,-131.01696115355173,-131.01696115355173,-131.01696115355173,-131.01696115355173,-131.01696115355173,0.0,0.0,0.0,89.91571721572132
4097,1978-05-10,220.77955598308924,51.46202900073145,135.4518975476392,220.77955598308924,220.77955598308924,-130.85739163894584,-130.85739163894584,-130.85739163894584,-130.85739163894584,-130.85739163894584,-130.85739163894584,0.0,0.0,0.0,89.9221643441434
4098,1978-05-11,220.62643359690526,50.4821569286935,130.57152824804754,220.62643359690526,220.62643359690526,-130.69735180413184,-130.69735180413184,-130.69735180413184,-130.69735180413184,-130.69735180413184,-130.69735180413184,0.0,0.0,0.0,89.92908179277342
4099,1978-05-12,220.47331121072145,49.40784482466546,132.22325169776056,220.47331121072145,220.47331121072145,-130.53684179497844,-130.53684179497844,-130.53684179497844,-130.53684179497844,-130.53684179497844,-130.53684179497844,0.0,0.0,0.0,89.936469415743
4100,1978-05-15,220.01394405216965,49.259285790816406,131.80136583545,220.01394405216965,220.01394405216965,-130.05249249528683,-130.05249249528683,-130.05249249528683,-130.05249249528683,-130.05249249528683,-130.05249249528683,0.0,0.0,0.0,89.96145155688282
4101,1978-05-16,219.86082166598567,51.49408640301346,129.5549233764328,219.86082166598567,219.86082166598567,-129.89010366755846,-129.89010366755846,-129.89010366755846,-129.89010366755846,-129.89010366755846,-129.89010366755846,0.0,0.0,0.0,89.9707179984272
4102,1978-05-17,219.70769927980186,45.721787037500874,132.95636750741096,219.70769927980186,219.70769927980186,-129.72724570982788,-129.72724570982788,-129.72724570982788,-129.72724570982788,-129.72724570982788,-129.72724570982788,0.0,0.0,0.0,89.98045356997397
4103,1978-05-18,219.55457689361788,52.12169653323653,136.09705839268088,219.55457689361788,219.55457689361788,-129.5639188938945,-129.5639188938945,-129.5639188938945,-129.5639188938945,-129.5639188938945,-129.5639188938945,0.0,0.0,0.0,89.99065799972337
4104,1978-05-19,219.40145450743407,50.909933163014585,130.93288953438378,219.40145450743407,219.40145450743407,-129.40012351251067,-129.40012351251067,-129.40012351251067,-129.40012351251067,-129.40012351251067,-129.40012351251067,0.0,0.0,0.0,90.00133099492339
4105,1978-05-22,218.9420873488821,51.67233468955864,132.26226329321625,218.9420873488821,218.9420873488821,-128.9059292171929,-128.9059292171929,-128.9059292171929,-128.9059292171929,-128.9059292171929,-128.9059292171929,0.0,0.0,0.0,90.0361581316892
4106,1978-05-23,218.7889649626983,49.88254079833273,131.48208917004447,218.7889649626983,218.7889649626983,-128.74026292011945,-128.74026292011945,-128.74026292011945,-128.74026292011945,-128.74026292011945,-128.74026292011945,0.0,0.0,0.0,90.04870204257884
4107,1978-05-24,218.63582501324942,48.93945048910943,133.0166538144596,218.63582501324942,218.63582501324942,-128.57412983517594,-128.57412983517594,-128.57412983517594,-128.57412983517594,-128.57412983517594,-128.57412983517594,0.0,0.0,0.0,90.06169517807348
4108,1978-05-25,218.48268506380055,47.58622833313579,131.87117170117253,218.48268506380055,218.48268506380055,-128.40753038053933,-128.40753038053933,-128.40753038053933,-128.40753038053933,-128.40753038053933,-128.40753038053933,0.0,0.0,0.0,90.07515468326122
4109,1978-05-26,218.32954511435167,48.810898187453844,132.42941822575844,218.32954511435167,218.32954511435167,-128.24046499523544,-128.24046499523544,-128.24046499523544,-128.24046499523544,-128.24046499523544,-128.24046499523544,0.0,0.0,0.0,90.08908011911623
4110,1978-05-30,217.716985316556,47.96176883270992,130.44500419879998,217.716985316556,217.716985316556,-127.56755365656495,-127.56755365656495,-127.56755365656495,-127.56755365656495,-127.56755365656495,-127.56755365656495,0.0,0.0,0.0,90.14943165999104
4111,1978-05-31,217.56384536710712,44.83964559621961,131.62042896106584,217.5638453671071,217.5638453671071,-127.39816593174174,-127.39816593174174,-127.39816593174174,-127.39816593174174,-127.39816593174174,-127.39816593174174,0.0,0.0,0.0,90.16567943536538
4112,1978-06-01,217.41070541765825,48.3508313006478,133.46341398780956,217.41070541765825,217.41070541765825,-127.22831534718702,-127.22831534718702,-127.22831534718702,-127.22831534718702,-127.22831534718702,-127.22831534718702,0.0,0.0,0.0,90.18239007047123
4113,1978-06-02,217.25756546820938,46.92915479891351,131.21837388728477,217.25756546820935,217.25756546820935,-127.05800248732932,-127.05800248732932,-127.05800248732932,-127.05800248732932,-127.05800248732932,-127.05800248732932,0.0,0.0,0.0,90.19956298088006
4114,1978-06-05,216.79814561986257,50.030727743776175,134.11909269383534,216.79814561986257,216.79814561986257,-126.54429641035989,-126.54429641035989,-126.54429641035989,-126.54429641035989,-126.54429641035989,-126.54429641035989,0.0,0.0,0.0,90.25384920950268
4115,1978-06-06,216.6450056704137,45.40213096614853,132.2212954207286,216.6450056704137,216.6450056704137,-126.37214070692197,-126.37214070692197,-126.37214070692197,-126.37214070692197,-126.37214070692197,-126.37214070692197,0.0,0.0,0.0,90.27286496349173
4116,1978-06-07,216.49186572096482,47.88522372475013,132.31077958983278,216.49186572096482,216.49186572096482,-126.19952596011791,-126.19952596011791,-126.19952596011791,-126.19952596011791,-126.19952596011791,-126.19952596011791,0.0,0.0,0.0,90.29233976084691
4117,1978-06-08,216.33872577151595,51.82572804967806,130.49572897180596,216.33872577151595,216.33872577151595,-126.02645287811693,-126.02645287811693,-126.02645287811693,-126.02645287811693,-126.02645287811693,-126.02645287811693,0.0,0.0,0.0,90.31227289339903
4118,1978-06-09,216.18558582206708,50.63845280596784,131.55480244379575,216.18558582206708,216.18558582206708,-125.85292218961906,-125.85292218961906,-125.85292218961906,-125.85292218961906,-125.85292218961906,-125.85292218961906,0.0,0.0,0.0,90.33266363244802
4119,1978-06-12,215.7261659737203,49.24303134351433,131.10265099727428,215.7261659737203,215.7261659737203,-125.32959207951811,-125.32959207951811,-125.32959207951811,-125.32959207951811,-125.32959207951811,-125.32959207951811,0.0,0.0,0.0,90.39657389420219
4120,1978-06-13,215.57302602427143,47.02237081687324,131.63978966453544,215.57302602427143,215.57302602427143,-125.15423866165659,-125.15423866165659,-125.15423866165659,-125.15423866165659,-125.15423866165659,-125.15423866165659,0.0,0.0,0.0,90.41878736261484
4121,1978-06-14,215.41988607482253,46.83210123134513,128.33795288581734,215.41988607482253,215.41988607482253,-124.97843158775302,-124.97843158775302,-124.97843158775302,-124.97843158775302,-124.97843158775302,-124.97843158775302,0.0,0.0,0.0,90.4414544870695
4122,1978-06-15,215.26674612537366,49.924415458839086,131.87789269847707,215.26674612537366,215.26674612537366,-124.80217170907538,-124.80217170907538,-124.80217170907538,-124.80217170907538,-124.80217170907538,-124.80217170907538,0.0,0.0,0.0,90.46457441629828
4123,1978-06-16,215.1136061759248,45.91087596409511,130.41077523582015,215.1136061759248,215.1136061759248,-124.62545989720907,-124.62545989720907,-124.62545989720907,-124.62545989720907,-124.62545989720907,-124.62545989720907,0.0,0.0,0.0,90.48814627871572
4124,1978-06-19,214.65418632757817,48.805002511352434,128.55575434120448,214.65418632757817,214.65418632757817,-124.09262188239364,-124.09262188239364,-124.09262188239364,-124.09262188239364,-124.09262188239364,-124.09262188239364,0.0,0.0,0.0,90.56156444518453
4125,1978-06-20,214.50104637812913,48.6415606292915,135.6135518694612,214.50104637812913,214.50104637812913,-123.91411145879711,-123.91411145879711,-123.91411145879711,-123.91411145879711,-123.91411145879711,-123.91411145879711,0.0,0.0,0.0,90.58693491933202
4126,1978-06-21,214.34790642868026,48.678052788760596,134.325753271711,214.34790642868026,214.34790642868026,-123.73515376350923,-123.73515376350923,-123.73515376350923,-123.73515376350923,-123.73515376350923,-123.73515376350923,0.0,0.0,0.0,90.61275266517103
4127,1978-06-22,214.1947664792314,47.7191619553566,130.34752658017115,214.1947664792314,214.1947664792314,-123.55574978929364,-123.55574978929364,-123.55574978929364,-123.55574978929364,-123.55574978929364,-123.55574978929364,0.0,0.0,0.0,90.63901668993775
4128,1978-06-23,214.0416265297825,47.72451636413086,133.61988040674132,214.0416265297825,214.0416265297825,-123.37590054898233,-123.37590054898233,-123.37590054898233,-123.37590054898233,-123.37590054898233,-123.37590054898233,0.0,0.0,0.0,90.66572598080016
4129,1978-06-26,213.58220668143588,48.94929141947706,129.52121173317926,213.58220668143588,213.58220668143588,-122.83369166000683,-122.83369166000683,-122.83369166000683,-122.83369166000683,-122.83369166000683,-122.83369166000683,0.0,0.0,0.0,90.74851502142904
4130,1978-06-27,213.42906673198684,51.58125177832918,138.13190482339076,213.42906673198684,213.42906673198684,-122.65207188363675,-122.65207188363675,-122.65207188363675,-122.65207188363675,-122.65207188363675,-122.65207188363675,0.0,0.0,0.0,90.77699484835009
4131,1978-06-28,213.27592678253797,47.416798493915124,129.10396820914846,213.27592678253797,213.27592678253797,-122.47001220498312,-122.47001220498312,-122.47001220498312,-122.47001220498312,-122.47001220498312,-122.47001220498312,0.0,0.0,0.0,90.80591457755484
4132,1978-06-29,213.1227868330891,50.12834384414926,133.43541759268015,213.1227868330891,213.1227868330891,-122.2875137564534,-122.2875137564534,-122.2875137564534,-122.2875137564534,-122.2875137564534,-122.2875137564534,0.0,0.0,0.0,90.8352730766357
4133,1978-06-30,212.96964688364022,51.70875567586875,129.85897749474876,212.96964688364022,212.96964688364022,-122.10457769023992,-122.10457769023992,-122.10457769023992,-122.10457769023992,-122.10457769023992,-122.10457769023992,0.0,0.0,0.0,90.8650691934003
4134,1978-07-03,212.51022703529358,49.793937869151385,132.6296802430601,212.51022703529355,212.51022703529355,-121.5531556032513,-121.5531556032513,-121.5531556032513,-121.5531556032513,-121.5531556032513,-121.5531556032513,0.0,0.0,0.0,90.95707143204228
4135,1978-07-05,212.20394713639567,50.082822523152686,134.4964279578773,212.20394713639567,212.20394713639567,-121.18337479994973,-121.18337479994973,-121.18337479994973,-121.18337479994973,-121.18337479994973,-121.18337479994973,0.0,0.0,0.0,91.02057233644594
4136,1978-07-06,212.0508071869468,50.34900823964561,133.67325594102056,212.0508071869468,212.0508071869468,-120.99783832598298,-120.99783832598298,-120.99783832598298,-120.99783832598298,-120.99783832598298,-120.99783832598298,0.0,0.0,0.0,91.05296886096382
4137,1978-07-07,211.89766723749793,44.89092143939526,131.0562622807108,211.89766723749793,211.89766723749793,-120.81187284987907,-120.81187284987907,-120.81187284987907,-120.81187284987907,-120.81187284987907,-120.81187284987907,0.0,0.0,0.0,91.08579438761886
4138,1978-07-10,211.43824738915131,47.251868428599245,134.45011499193626,211.43824738915131,211.43824738915131,-120.2514155939102,-120.2514155939102,-120.2514155939102,-120.2514155939102,-120.2514155939102,-120.2514155939102,0.0,0.0,0.0,91.18683179524112
4139,1978-07-11,211.28510743970241,49.22243535978747,132.83323112969498,211.28510743970241,211.28510743970241,-120.0637473910605,-120.0637473910605,-120.0637473910605,-120.0637473910605,-120.0637473910605,-120.0637473910605,0.0,0.0,0.0,91.22136004864191
4140,1978-07-12,211.13196749025337,51.622998392458975,133.6828210269328,211.13196749025337,211.13196749025337,-119.87565692343597,-119.87565692343597,-119.87565692343597,-119.87565692343597,-119.87565692343597,-119.87565692343597,0.0,0.0,0.0,91.2563105668174
4141,1978-07-13,210.9788275408045,49.47527092608596,130.29629959674742,210.9788275408045,210.9788275408045,-119.68714559620668,-119.68714559620668,-119.68714559620668,-119.68714559620668,-119.68714559620668,-119.68714559620668,0.0,0.0,0.0,91.29168194459783
4142,1978-07-14,210.82568759135563,50.45487780087835,130.56934585359585,210.82568759135563,210.82568759135563,-119.49821483365574,-119.49821483365574,-119.49821483365574,-119.49821483365574,-119.49821483365574,-119.49821483365574,0.0,0.0,0.0,91.3274727576999
4143,1978-07-17,210.36626774300902,51.712922416062696,129.89432789086754,210.36626774300902,210.36626774300902,-118.92892046245836,-118.92892046245836,-118.92892046245836,-118.92892046245836,-118.92892046245836,-118.92892046245836,0.0,0.0,0.0,91.43734728055065
4144,1978-07-18,210.21312779356015,50.73665080357999,129.59244178637178,210.21312779356015,210.21312779356015,-118.73832658181338,-118.73832658181338,-118.73832658181338,-118.73832658181338,-118.73832658181338,-118.73832658181338,0.0,0.0,0.0,91.47480121174677
4145,1978-07-19,210.05998784411128,49.53979629451162,135.18721497458486,210.05998784411128,210.05998784411128,-118.54732067205771,-118.54732067205771,-118.54732067205771,-118.54732067205771,-118.54732067205771,-118.54732067205771,0.0,0.0,0.0,91.51266717205357
4146,1978-07-20,209.9068478946622,50.004518798426204,134.35015087129906,209.9068478946622,209.9068478946622,-118.35590427100716,-118.35590427100716,-118.35590427100716,-118.35590427100716,-118.35590427100716,-118.35590427100716,0.0,0.0,0.0,91.55094362365504
4147,1978-07-21,209.75370794521334,52.1391675798022,132.8609214754032,209.75370794521334,209.75370794521334,-118.1640789352043,-118.1640789352043,-118.1640789352043,-118.1640789352043,-118.1640789352043,-118.1640789352043,0.0,0.0,0.0,91.58962901000903
4148,1978-07-24,209.29428809686672,51.89109266657154,130.80035109009162,209.2942880968667,209.2942880968667,-117.58616516438288,-117.58616516438288,-117.58616516438288,-117.58616516438288,-117.58616516438288,-117.58616516438288,0.0,0.0,0.0,91.70812293248385
4149,1978-07-25,209.14114814741785,50.65282472143607,129.8394202668283,209.14114814741785,209.14114814741785,-117.39272002748596,-117.39272002748596,-117.39272002748596,-117.39272002748596,-117.39272002748596,-117.39272002748596,0.0,0.0,0.0,91.74842811993189
4150,1978-07-26,208.98800819796898,53.866995288807736,136.73220675131714,208.988008197969,208.988008197969,-117.19887401739967,-117.19887401739967,-117.19887401739967,-117.19887401739967,-117.19887401739967,-117.19887401739967,0.0,0.0,0.0,91.7891341805693
4151,1978-07-27,208.83486824851994,47.87605258866528,133.8266499696572,208.83486824851994,208.83486824851994,-117.00462880178898,-117.00462880178898,-117.00462880178898,-117.00462880178898,-117.00462880178898,-117.00462880178898,0.0,0.0,0.0,91.83023944673096
4152,1978-07-28,208.68172829907107,53.99707149165633,133.08684730214443,208.68172829907107,208.68172829907107,-116.8099860666276,-116.8099860666276,-116.8099860666276,-116.8099860666276,-116.8099860666276,-116.8099860666276,0.0,0.0,0.0,91.87174223244347
4153,1978-07-31,208.22230845072443,50.73597822566148,131.46364389711636,208.22230845072443,208.22230845072443,-116.22368987688981,-116.22368987688981,-116.22368987688981,-116.22368987688981,-116.22368987688981,-116.22368987688981,0.0,0.0,0.0,91.99861857383462
4154,1978-08-01,208.06916850127556,49.88113350306694,134.68467770398016,208.06916850127556,208.06916850127556,-116.02747428723904,-116.02747428723904,-116.02747428723904,-116.02747428723904,-116.02747428723904,-116.02747428723904,0.0,0.0,0.0,92.04169421403651
4155,1978-08-02,207.91602855182668,51.402539619176935,135.18373471476946,207.91602855182668,207.91602855182668,-115.83086988033267,-115.83086988033267,-115.83086988033267,-115.83086988033267,-115.83086988033267,-115.83086988033267,0.0,0.0,0.0,92.08515867149401
4156,1978-08-03,207.7628886023778,49.63743290618279,134.68996564304382,207.7628886023778,207.7628886023778,-115.63387845066585,-115.63387845066585,-115.63387845066585,-115.63387845066585,-115.63387845066585,-115.63387845066585,0.0,0.0,0.0,92.12901015171197
4157,1978-08-04,207.60974865292877,53.45602501278664,133.25846877471588,207.60974865292877,207.60974865292877,-115.4365018105936,-115.4365018105936,-115.4365018105936,-115.4365018105936,-115.4365018105936,-115.4365018105936,0.0,0.0,0.0,92.17324684233517
4158,1978-08-07,207.15032880458213,50.77063110118942,133.34360166848134,207.15032880458213,207.15032880458213,-114.8420790179848,-114.8420790179848,-114.8420790179848,-114.8420790179848,-114.8420790179848,-114.8420790179848,0.0,0.0,0.0,92.30824978659733
4159,1978-08-08,206.99718885513326,50.74085713210776,132.63713947829496,206.99718885513326,206.99718885513326,-114.64318001468804,-114.64318001468804,-114.64318001468804,-114.64318001468804,-114.64318001468804,-114.64318001468804,0.0,0.0,0.0,92.35400884044522
4160,1978-08-09,206.8440489056844,49.83321052873051,133.0830979704508,206.8440489056844,206.8440489056844,-114.44390512830095,-114.44390512830095,-114.44390512830095,-114.44390512830095,-114.44390512830095,-114.44390512830095,0.0,0.0,0.0,92.40014377738343
4161,1978-08-10,206.69090895623552,50.80925083428028,132.11288829627384,206.69090895623552,206.69090895623552,-114.24425627691551,-114.24425627691551,-114.24425627691551,-114.24425627691551,-114.24425627691551,-114.24425627691551,0.0,0.0,0.0,92.44665267932001
4162,1978-08-11,206.53776900678648,51.516688741935035,134.36191207542097,206.53776900678648,206.53776900678648,-114.04423539600404,-114.04423539600404,-114.04423539600404,-114.04423539600404,-114.04423539600404,-114.04423539600404,0.0,0.0,0.0,92.49353361078244
4163,1978-08-14,206.07834915843986,51.39094318895066,137.31469038585317,206.07834915843986,206.07834915843986,-113.44196019004775,-113.44196019004775,-113.44196019004775,-113.44196019004775,-113.44196019004775,-113.44196019004775,0.0,0.0,0.0,92.63638896839211
4164,1978-08-15,205.925209208991,49.36966866285714,135.02274080496633,205.925209208991,205.925209208991,-113.2404708908679,-113.2404708908679,-113.2404708908679,-113.2404708908679,-113.2404708908679,-113.2404708908679,0.0,0.0,0.0,92.6847383181231
4165,1978-08-16,205.7720692595421,51.365663026412015,136.77613922987274,205.7720692595421,205.7720692595421,-113.03861949772694,-113.03861949772694,-113.03861949772694,-113.03861949772694,-113.03861949772694,-113.03861949772694,0.0,0.0,0.0,92.73344976181515
4166,1978-08-17,205.61892931009322,53.498202850665535,135.06478335729685,205.61892931009322,205.61892931009322,-112.83640804887013,-112.83640804887013,-112.83640804887013,-112.83640804887013,-112.83640804887013,-112.83640804887013,0.0,0.0,0.0,92.7825212612231
4167,1978-08-18,205.46578936064435,53.697399547278145,135.39190922121273,205.46578936064435,205.46578936064435,-112.63383859941484,-112.63383859941484,-112.63383859941484,-112.63383859941484,-112.63383859941484,-112.63383859941484,0.0,0.0,0.0,92.8319507612295
4168,1978-08-21,205.00636951229757,52.73664793242258,136.6148485775858,205.00636951229757,205.00636951229757,-112.02400305012969,-112.02400305012969,-112.02400305012969,-112.02400305012969,-112.02400305012969,-112.02400305012969,0.0,0.0,0.0,92.98236646216787
4169,1978-08-22,204.8532295628487,53.472185782020475,130.8859000981167,204.8532295628487,204.8532295628487,-111.82002248425407,-111.82002248425407,-111.82002248425407,-111.82002248425407,-111.82002248425407,-111.82002248425407,0.0,0.0,0.0,93.03320707859463
4170,1978-08-23,204.70008961339983,55.39444501315167,133.84854912498085,204.70008961339983,204.70008961339983,-111.61569444379998,-111.61569444379998,-111.61569444379998,-111.61569444379998,-111.61569444379998,-111.61569444379998,0.0,0.0,0.0,93.08439516959984
4171,1978-08-24,204.54694966395095,49.662617141768294,136.012125590785,204.54694966395095,204.54694966395095,-111.41102108352193,-111.41102108352193,-111.41102108352193,-111.41102108352193,-111.41102108352193,-111.41102108352193,0.0,0.0,0.0,93.13592858042902
4172,1978-08-25,204.39380971450205,50.048570464996224,133.43167953572694,204.39380971450205,204.39380971450205,-111.20600457450954,-111.20600457450954,-111.20600457450954,-111.20600457450954,-111.20600457450954,-111.20600457450954,0.0,0.0,0.0,93.18780513999252
4173,1978-08-28,203.93438986615527,49.44149686238886,134.3246703665518,203.93438986615527,203.93438986615527,-110.5889181093243,-110.5889181093243,-110.5889181093243,-110.5889181093243,-110.5889181093243,-110.5889181093243,0.0,0.0,0.0,93.34547175683097
4174,1978-08-29,203.7812499167064,50.50338179976866,132.62789141497237,203.7812499167064,203.7812499167064,-110.38255104019716,-110.38255104019716,-110.38255104019716,-110.38255104019716,-110.38255104019716,-110.38255104019716,0.0,0.0,0.0,93.39869887650924
4175,1978-08-30,203.62810996725753,48.81524902878158,133.46734860478514,203.62810996725753,203.62810996725753,-110.1758519200287,-110.1758519200287,-110.1758519200287,-110.1758519200287,-110.1758519200287,-110.1758519200287,0.0,0.0,0.0,93.45225804722882
4176,1978-08-31,203.47497001780866,53.28732440017036,137.39787346085126,203.47497001780866,203.47497001780866,-109.96882301624306,-109.96882301624306,-109.96882301624306,-109.96882301624306,-109.96882301624306,-109.96882301624306,0.0,0.0,0.0,93.5061470015656
4177,1978-09-01,203.3218300683598,53.6462519292248,135.80699415947436,203.3218300683598,203.3218300683598,-109.7614666120357,-109.7614666120357,-109.7614666120357,-109.7614666120357,-109.7614666120357,-109.7614666120357,0.0,0.0,0.0,93.56036345632408
4178,1978-09-05,202.7092702705641,52.77899256044967,135.31070540348193,202.7092702705641,202.7092702705641,-108.92881220224895,-108.92881220224895,-108.92881220224895,-108.92881220224895,-108.92881220224895,-108.92881220224895,0.0,0.0,0.0,93.78045806831516
4179,1978-09-06,202.55613032111523,51.38374445365423,133.79808627241638,202.55613032111523,202.55613032111523,-108.71985309004268,-108.71985309004268,-108.71985309004268,-108.71985309004268,-108.71985309004268,-108.71985309004268,0.0,0.0,0.0,93.83627723107256
4180,1978-09-07,202.40299037166636,51.99278142317749,134.1974761260151,202.40299037166636,202.40299037166636,-108.51058050311755,-108.51058050311755,-108.51058050311755,-108.51058050311755,-108.51058050311755,-108.51058050311755,0.0,0.0,0.0,93.89240986854881
4181,1978-09-08,202.2498504222175,52.36165227144184,134.7475478534713,202.2498504222175,202.2498504222175,-108.30099683272303,-108.30099683272303,-108.30099683272303,-108.30099683272303,-108.30099683272303,-108.30099683272303,0.0,0.0,0.0,93.94885358949446
4182,1978-09-11,201.7904305738707,52.66321822984018,136.1905628377554,201.7904305738707,201.7904305738707,-107.67040345912785,-107.67040345912785,-107.67040345912785,-107.67040345912785,-107.67040345912785,-107.67040345912785,0.0,0.0,0.0,94.12002711474285
4183,1978-09-12,201.6372906244218,53.404952282982045,134.4963819420623,201.6372906244218,201.6372906244218,-107.45959966795176,-107.45959966795176,-107.45959966795176,-107.45959966795176,-107.45959966795176,-107.45959966795176,0.0,0.0,0.0,94.17769095647004
4184,1978-09-13,201.48415067497294,52.777187656696334,134.76276959030835,201.48415067497294,201.48415067497294,-107.24849697423846,-107.24849697423846,-107.24849697423846,-107.24849697423846,-107.24849697423846,-107.24849697423846,0.0,0.0,0.0,94.23565370073447
4185,1978-09-14,201.33101072552407,50.07516732585181,134.06034793830156,201.33101072552407,201.33101072552407,-107.0370978584964,-107.0370978584964,-107.0370978584964,-107.0370978584964,-107.0370978584964,-107.0370978584964,0.0,0.0,0.0,94.29391286702767
4186,1978-09-15,201.1778707760752,51.63482114842685,138.65110717515256,201.1778707760752,201.1778707760752,-106.82540481580024,-106.82540481580024,-106.82540481580024,-106.82540481580024,-106.82540481580024,-106.82540481580024,0.0,0.0,0.0,94.35246596027496
4187,1978-09-18,200.7184509277284,51.330785930538546,136.24445978173304,200.7184509277284,200.7184509277284,-106.18858729335057,-106.18858729335057,-106.18858729335057,-106.18858729335057,-106.18858729335057,-106.18858729335057,0.0,0.0,0.0,94.52986363437785
4188,1978-09-19,200.56531097827954,53.05986450141972,134.45311117640097,200.56531097827954,200.56531097827954,-105.97574378177055,-105.97574378177055,-105.97574378177055,-105.97574378177055,-105.97574378177055,-105.97574378177055,0.0,0.0,0.0,94.589567196509
4189,1978-09-20,200.41217102883067,55.58022693220647,135.87663236197514,200.41217102883067,200.41217102883067,-105.76261903395351,-105.76261903395351,-105.76261903395351,-105.76261903395351,-105.76261903395351,-105.76261903395351,0.0,0.0,0.0,94.64955199487716
4190,1978-09-21,200.25903107938177,50.848158925980826,134.03432554816115,200.25903107938177,200.25903107938177,-105.54921563047289,-105.54921563047289,-105.54921563047289,-105.54921563047289,-105.54921563047289,-105.54921563047289,0.0,0.0,0.0,94.70981544890888
4191,1978-09-22,200.1058911299329,54.21458824012482,134.39328266973016,200.1058911299329,200.1058911299329,-105.33553616582974,-105.33553616582974,-105.33553616582974,-105.33553616582974,-105.33553616582974,-105.33553616582974,0.0,0.0,0.0,94.77035496410316
4192,1978-09-25,199.6464712815863,53.840657833327754,138.44271214808117,199.6464712815863,199.6464712815863,-104.69286755691061,-104.69286755691061,-104.69286755691061,-104.69286755691061,-104.69286755691061,-104.69286755691061,0.0,0.0,0.0,94.95360372467567
4193,1978-09-26,199.49333133213725,54.08161693589716,136.2872654447589,199.49333133213725,199.49333133213725,-104.47811006793435,-104.47811006793435,-104.47811006793435,-104.47811006793435,-104.47811006793435,-104.47811006793435,0.0,0.0,0.0,95.01522126420289
4194,1978-09-27,199.34019138268837,51.85208797619743,140.00986037774922,199.34019138268837,199.34019138268837,-104.26308969595615,-104.26308969595615,-104.26308969595615,-104.26308969595615,-104.26308969595615,-104.26308969595615,0.0,0.0,0.0,95.07710168673222
4195,1978-09-28,199.1870514332395,54.09676767826495,138.26225286212303,199.1870514332395,199.1870514332395,-104.0478091170768,-104.0478091170768,-104.0478091170768,-104.0478091170768,-104.0478091170768,-104.0478091170768,0.0,0.0,0.0,95.13924231616271
4196,1978-09-29,199.03391148379063,53.591401033500404,135.71428711083618,199.03391148379063,199.03391148379063,-103.83227102066562,-103.83227102066562,-103.83227102066562,-103.83227102066562,-103.83227102066562,-103.83227102066562,0.0,0.0,0.0,95.20164046312502
4197,1978-10-02,198.574491635444,56.00361037071875,135.17267928836702,198.574491635444,198.574491635444,-103.18413871692046,-103.18413871692046,-103.18413871692046,-103.18413871692046,-103.18413871692046,-103.18413871692046,0.0,0.0,0.0,95.39035291852353
4198,1978-10-03,198.42135168599495,51.17250651016266,137.8266120867799,198.42135168599495,198.42135168599495,-102.96759770604609,-102.96759770604609,-102.96759770604609,-102.96759770604609,-102.96759770604609,-102.96759770604609,0.0,0.0,0.0,95.45375397994886
4199,1978-10-04,198.26821173654608,53.64969065583126,134.99660122032458,198.26821173654608,198.26821173654608,-102.75081282011634,-102.75081282011634,-102.75081282011634,-102.75081282011634,-102.75081282011634,-102.75081282011634,0.0,0.0,0.0,95.51739891642974
4200,1978-10-05,198.1150717870972,52.08380478975456,137.9055058774734,198.1150717870972,198.1150717870972,-102.53378682607018,-102.53378682607018,-102.53378682607018,-102.53378682607018,-102.53378682607018,-102.53378682607018,0.0,0.0,0.0,95.58128496102702
4201,1978-10-06,197.96193183764834,53.096043289224575,136.8126609208037,197.96193183764834,197.96193183764834,-102.31652250343296,-102.31652250343296,-102.31652250343296,-102.31652250343296,-102.31652250343296,-102.31652250343296,0.0,0.0,0.0,95.64540933421537
4202,1978-10-09,197.5025119893017,55.33820156081414,137.72818120789753,197.5025119893017,197.5025119893017,-101.66332754592274,-101.66332754592274,-101.66332754592274,-101.66332754592274,-101.66332754592274,-101.66332754592274,0.0,0.0,0.0,95.83918444337895
4203,1978-10-10,197.34937203985282,55.85537388365326,139.80418408074772,197.34937203985282,197.34937203985282,-101.44513795240317,-101.44513795240317,-101.44513795240317,-101.44513795240317,-101.44513795240317,-101.44513795240317,0.0,0.0,0.0,95.90423408744965
4204,1978-10-11,197.19623209040378,53.65536508135902,134.88639940029364,197.19623209040378,197.19623209040378,-101.22672411321723,-101.22672411321723,-101.22672411321723,-101.22672411321723,-101.22672411321723,-101.22672411321723,0.0,0.0,0.0,95.96950797718655
4205,1978-10-12,197.0430921409549,55.71975377087328,137.21111811366836,197.0430921409549,197.0430921409549,-101.00808888130763,-101.00808888130763,-101.00808888130763,-101.00808888130763,-101.00808888130763,-101.00808888130763,0.0,0.0,0.0,96.03500325964728
4206,1978-10-13,196.88995219150604,56.65362031206743,138.6076569143983,196.88995219150604,196.88995219150604,-100.78923512150148,-100.78923512150148,-100.78923512150148,-100.78923512150148,-100.78923512150148,-100.78923512150148,0.0,0.0,0.0,96.10071707000456
4207,1978-10-16,196.43053234315943,53.86648738722278,138.3930339186342,196.43053234315943,196.43053234315943,-100.13139149907802,-100.13139149907802,-100.13139149907802,-100.13139149907802,-100.13139149907802,-100.13139149907802,0.0,0.0,0.0,96.2991408440814
4208,1978-10-17,196.27739239371056,55.69485447092603,139.3522900079741,196.27739239371056,196.27739239371056,-99.91169251004897,-99.91169251004897,-99.91169251004897,-99.91169251004897,-99.91169251004897,-99.91169251004897,0.0,0.0,0.0,96.36569988366159
4209,1978-10-18,196.1242524442615,54.01969252942752,141.42204083284295,196.1242524442615,196.1242524442615,-99.69178949193176,-99.69178949193176,-99.69178949193176,-99.69178949193176,-99.69178949193176,-99.69178949193176,0.0,0.0,0.0,96.43246295232973
4210,1978-10-19,195.97111249481262,54.80298966909565,135.90660911112832,195.97111249481262,195.97111249481262,-99.47168537870385,-99.47168537870385,-99.47168537870385,-99.47168537870385,-99.47168537870385,-99.47168537870385,0.0,0.0,0.0,96.49942711610876
4211,1978-10-20,195.81797254536374,56.248518358170564,136.45306897183815,195.81797254536374,195.81797254536374,-99.25138311550447,-99.25138311550447,-99.25138311550447,-99.25138311550447,-99.25138311550447,-99.25138311550447,0.0,0.0,0.0,96.56658942985928
4212,1978-10-23,195.35855269701713,55.590334067671726,139.6032012554159,195.35855269701713,195.35855269701713,-98.58931704272867,-98.58931704272867,-98.58931704272867,-98.58931704272867,-98.58931704272867,-98.58931704272867,0.0,0.0,0.0,96.76923565428847
4213,1978-10-24,195.20541274756826,54.7175613970871,136.1018001538597,195.20541274756826,195.20541274756826,-98.368251850644,-98.368251850644,-98.368251850644,-98.368251850644,-98.368251850644,-98.368251850644,0.0,0.0,0.0,96.83716089692426
4214,1978-10-25,195.0522727981194,54.53172216216861,140.02077944649088,195.0522727981194,195.0522727981194,-98.1470033980684,-98.1470033980684,-98.1470033980684,-98.1470033980684,-98.1470033980684,-98.1470033980684,0.0,0.0,0.0,96.90526940005098
4215,1978-10-26,194.89913284867032,55.49641908361142,138.43047494380482,194.89913284867032,194.89913284867032,-97.92557469491646,-97.92557469491646,-97.92557469491646,-97.92557469491646,-97.92557469491646,-97.92557469491646,0.0,0.0,0.0,96.97355815375386
4216,1978-10-27,194.74599289922145,52.30307664733287,138.43164705056836,194.74599289922145,194.74599289922145,-97.70396876152836,-97.70396876152836,-97.70396876152836,-97.70396876152836,-97.70396876152836,-97.70396876152836,0.0,0.0,0.0,97.04202413769309
4217,1978-10-30,194.28657305087484,58.29924264029327,140.33277467385352,194.28657305087484,194.28657305087484,-97.03811793748584,-97.03811793748584,-97.03811793748584,-97.03811793748584,-97.03811793748584,-97.03811793748584,0.0,0.0,0.0,97.248455113389
4218,1978-10-31,194.13343310142596,52.774006248460296,141.30873397944023,194.13343310142596,194.13343310142596,-96.8158334913202,-96.8158334913202,-96.8158334913202,-96.8158334913202,-96.8158334913202,-96.8158334913202,0.0,0.0,0.0,97.31759961010576
4219,1978-11-01,193.9802931519771,55.308685664148804,141.1569441868229,193.9802931519771,193.9802931519771,-96.59338706925394,-96.59338706925394,-96.59338706925394,-96.59338706925394,-96.59338706925394,-96.59338706925394,0.0,0.0,0.0,97.38690608272316
4220,1978-11-02,193.82715320252805,57.98733454107375,139.85626155225302,193.82715320252805,193.82715320252805,-96.37078175192728,-96.37078175192728,-96.37078175192728,-96.37078175192728,-96.37078175192728,-96.37078175192728,0.0,0.0,0.0,97.45637145060077
4221,1978-11-03,193.67401325307918,56.963127753179705,141.29331294752,193.67401325307918,193.67401325307918,-96.14802062965254,-96.14802062965254,-96.14802062965254,-96.14802062965254,-96.14802062965254,-96.14802062965254,0.0,0.0,0.0,97.52599262342665
4222,1978-11-06,193.21459340473254,55.326904512232716,136.8982726580119,193.21459340473254,193.21459340473254,-95.47883347905416,-95.47883347905416,-95.47883347905416,-95.47883347905416,-95.47883347905416,-95.47883347905416,0.0,0.0,0.0,97.73575992567838
4223,1978-11-07,193.06145345528367,56.06425518914143,138.33385080229198,193.06145345528364,193.06145345528364,-95.25548022973204,-95.25548022973204,-95.25548022973204,-95.25548022973204,-95.25548022973204,-95.25548022973204,0.0,0.0,0.0,97.80597322555163
4224,1978-11-08,192.9083135058348,56.024336238166434,134.39107014323818,192.9083135058348,192.9083135058348,-95.03198676828127,-95.03198676828127,-95.03198676828127,-95.03198676828127,-95.03198676828127,-95.03198676828127,0.0,0.0,0.0,97.87632673755353
4225,1978-11-09,192.75517355638593,57.4503921869446,138.86376559565247,192.7551735563859,192.7551735563859,-94.8083562407495,-94.8083562407495,-94.8083562407495,-94.8083562407495,-94.8083562407495,-94.8083562407495,0.0,0.0,0.0,97.94681731563642
4226,1978-11-10,192.60203360693689,59.27168526828038,141.68647170511065,192.60203360693689,192.60203360693689,-94.58459180208757,-94.58459180208757,-94.58459180208757,-94.58459180208757,-94.58459180208757,-94.58459180208757,0.0,0.0,0.0,98.01744180484931
4227,1978-11-13,192.14261375859027,56.88477824932769,138.6256479951018,192.14261375859027,192.14261375859027,-93.91252670006138,-93.91252670006138,-93.91252670006138,-93.91252670006138,-93.91252670006138,-93.91252670006138,0.0,0.0,0.0,98.2300870585289
4228,1978-11-14,191.98947380914137,55.815960413466826,138.78237464531415,191.98947380914137,191.98947380914137,-93.68825834058379,-93.68825834058379,-93.68825834058379,-93.68825834058379,-93.68825834058379,-93.68825834058379,0.0,0.0,0.0,98.30121546855759
4229,1978-11-15,191.8363338596925,55.94003053094584,139.61666954746914,191.8363338596925,191.8363338596925,-93.46387197440247,-93.46387197440247,-93.46387197440247,-93.46387197440247,-93.46387197440247,-93.46387197440247,0.0,0.0,0.0,98.37246188529004
4230,1978-11-16,191.68319391024363,58.48764500034991,142.25631581805084,191.68319391024363,191.68319391024363,-93.23937080755518,-93.23937080755518,-93.23937080755518,-93.23937080755518,-93.23937080755518,-93.23937080755518,0.0,0.0,0.0,98.44382310268846
4231,1978-11-17,191.5300539607946,58.50952339989255,141.39577028639147,191.5300539607946,191.5300539607946,-93.01475805420333,-93.01475805420333,-93.01475805420333,-93.01475805420333,-93.01475805420333,-93.01475805420333,0.0,0.0,0.0,98.51529590659126
4232,1978-11-20,191.07063411244798,57.24287102562982,140.09948992484203,191.07063411244798,191.07063411244798,-92.34028253620333,-92.34028253620333,-92.34028253620333,-92.34028253620333,-92.34028253620333,-92.34028253620333,0.0,0.0,0.0,98.73035157624464
4233,1978-11-21,190.9174941629991,56.612248030807535,140.55026726862937,190.9174941629991,190.9174941629991,-92.11525573695252,-92.11525573695252,-92.11525573695252,-92.11525573695252,-92.11525573695252,-92.11525573695252,0.0,0.0,0.0,98.80223842604659
4234,1978-11-22,190.76435421355023,59.602881334098356,140.77638695818445,190.76435421355023,190.76435421355023,-91.89013353989525,-91.89013353989525,-91.89013353989525,-91.89013353989525,-91.89013353989525,-91.89013353989525,0.0,0.0,0.0,98.87422067365499
4235,1978-11-24,190.45807431465246,55.86386854495233,137.4140136721036,190.45807431465246,190.45807431465246,-91.43961600179526,-91.43961600179526,-91.43961600179526,-91.43961600179526,-91.43961600179526,-91.43961600179526,0.0,0.0,0.0,99.0184583128572
4236,1978-11-27,189.99865446630568,55.1957566965738,145.79563175634257,189.99865446630568,189.99865446630568,-90.76320596007265,-90.76320596007265,-90.76320596007265,-90.76320596007265,-90.76320596007265,-90.76320596007265,0.0,0.0,0.0,99.23544850623303
4237,1978-11-28,189.8455145168568,58.71398552457867,139.8602548197585,189.8455145168568,189.8455145168568,-90.53758009977368,-90.53758009977368,-90.53758009977368,-90.53758009977368,-90.53758009977368,-90.53758009977368,0.0,0.0,0.0,99.30793441708313
4238,1978-11-29,189.69237456740794,59.45973479304229,141.1853179751971,189.69237456740794,189.69237456740794,-90.31188181527962,-90.31188181527962,-90.31188181527962,-90.31188181527962,-90.31188181527962,-90.31188181527962,0.0,0.0,0.0,99.38049275212832
4239,1978-11-30,189.53923461795907,56.14556779234013,140.45010398285547,189.53923461795904,189.53923461795904,-90.08611441602338,-90.08611441602338,-90.08611441602338,-90.08611441602338,-90.08611441602338,-90.08611441602338,0.0,0.0,0.0,99.45312020193569
4240,1978-12-01,189.3860946685102,60.26797798198015,143.05494138134935,189.3860946685102,189.3860946685102,-89.86028121796525,-89.86028121796525,-89.86028121796525,-89.86028121796525,-89.86028121796525,-89.86028121796525,0.0,0.0,0.0,99.52581345054494
4241,1978-12-04,188.92667482016338,60.404112525330355,139.96137140841395,188.92667482016338,188.92667482016338,-89.18242008606138,-89.18242008606138,-89.18242008606138,-89.18242008606138,-89.18242008606138,-89.18242008606138,0.0,0.0,0.0,99.744254734102
4242,1978-12-05,188.7735348707145,58.08311993752133,141.37553558167227,188.7735348707145,188.7735348707145,-88.95635697889503,-88.95635697889503,-88.95635697889503,-88.95635697889503,-88.95635697889503,-88.95635697889503,0.0,0.0,0.0,99.81717789181948
4243,1978-12-06,188.62039492126564,59.479827430011014,142.8557916193407,188.62039492126564,188.62039492126564,-88.73024474658784,-88.73024474658784,-88.73024474658784,-88.73024474658784,-88.73024474658784,-88.73024474658784,0.0,0.0,0.0,99.8901501746778
4244,1978-12-07,188.46725497181677,59.61917259411306,140.98579441910147,188.46725497181677,188.46725497181677,-88.50408674183272,-88.50408674183272,-88.50408674183272,-88.50408674183272,-88.50408674183272,-88.50408674183272,0.0,0.0,0.0,99.96316822998405
4245,1978-12-08,188.3141150223679,56.82086421252086,139.57742034814274,188.3141150223679,188.3141150223679,-88.27788632303742,-88.27788632303742,-88.27788632303742,-88.27788632303742,-88.27788632303742,-88.27788632303742,0.0,0.0,0.0,100.03622869933048
4246,1978-12-11,187.8546951740211,55.70787815874895,142.06025648332852,187.8546951740211,187.8546951740211,-87.59906424977538,-87.59906424977538,-87.59906424977538,-87.59906424977538,-87.59906424977538,-87.59906424977538,0.0,0.0,0.0,100.25563092424571
4247,1978-12-12,187.70155522457222,59.58334497525409,144.25525298003248,187.70155522457222,187.70155522457222,-87.37272786912716,-87.37272786912716,-87.37272786912716,-87.37272786912716,-87.37272786912716,-87.37272786912716,0.0,0.0,0.0,100.32882735544506
4248,1978-12-13,187.54841527512335,59.24521652096393,140.41763214117807,187.54841527512335,187.54841527512335,-87.1463659481264,-87.1463659481264,-87.1463659481264,-87.1463659481264,-87.1463659481264,-87.1463659481264,0.0,0.0,0.0,100.40204932699694
4249,1978-12-14,187.39527532567448,57.727662922258205,140.8758210630788,187.39527532567448,187.39527532567448,-86.91998187702022,-86.91998187702022,-86.91998187702022,-86.91998187702022,-86.91998187702022,-86.91998187702022,0.0,0.0,0.0,100.47529344865426
4250,1978-12-15,187.2421353762256,57.86615858070056,143.20689337487778,187.2421353762256,187.2421353762256,-86.69357905095335,-86.69357905095335,-86.69357905095335,-86.69357905095335,-86.69357905095335,-86.69357905095335,0.0,0.0,0.0,100.54855632527226
4251,1978-12-18,186.78271552787882,59.45893453194313,141.31177651620035,186.78271552787882,186.78271552787882,-86.01429206540881,-86.01429206540881,-86.01429206540881,-86.01429206540881,-86.01429206540881,-86.01429206540881,0.0,0.0,0.0,100.76842346247001
4252,1978-12-19,186.62957557842995,59.4413914891093,140.95788751398092,186.62957557842995,186.62957557842995,-85.78784826475498,-85.78784826475498,-85.78784826475498,-85.78784826475498,-85.78784826475498,-85.78784826475498,0.0,0.0,0.0,100.84172731367497
4253,1978-12-20,186.47643562898105,59.141348318023134,142.12464946932607,186.47643562898105,186.47643562898105,-85.56140275419158,-85.56140275419158,-85.56140275419158,-85.56140275419158,-85.56140275419158,-85.56140275419158,0.0,0.0,0.0,100.91503287478947
4254,1978-12-21,186.32329567953218,56.85190711485484,140.67112260589028,186.32329567953218,186.32329567953218,-85.33495895577015,-85.33495895577015,-85.33495895577015,-85.33495895577015,-85.33495895577015,-85.33495895577015,0.0,0.0,0.0,100.98833672376203
4255,1978-12-22,186.1701557300833,59.80930015368712,145.2781321836181,186.1701557300833,186.1701557300833,-85.10852029561374,-85.10852029561374,-85.10852029561374,-85.10852029561374,-85.10852029561374,-85.10852029561374,0.0,0.0,0.0,101.06163543446957
4256,1978-12-26,185.55759593228765,61.096795170392625,141.01123990967787,185.55759593228765,185.55759593228765,-84.20288569598145,-84.20288569598145,-84.20288569598145,-84.20288569598145,-84.20288569598145,-84.20288569598145,0.0,0.0,0.0,101.3547102363062
4257,1978-12-27,185.40445598283878,60.022969973809246,143.57505108282803,185.40445598283878,185.40445598283878,-83.9765242532206,-83.9765242532206,-83.9765242532206,-83.9765242532206,-83.9765242532206,-83.9765242532206,0.0,0.0,0.0,101.42793172961818
4258,1978-12-28,185.2513160333899,61.56454051268039,143.10721109303927,185.2513160333899,185.2513160333899,-83.75018858434008,-83.75018858434008,-83.75018858434008,-83.75018858434008,-83.75018858434008,-83.75018858434008,0.0,0.0,0.0,101.50112744904983
4259,1978-12-29,185.098176083941,59.14401057181222,140.1591382375384,185.098176083941,185.098176083941,-83.5238821406493,-83.5238821406493,-83.5238821406493,-83.5238821406493,-83.5238821406493,-83.5238821406493,0.0,0.0,0.0,101.5742939432917
4260,1979-01-02,184.48561628614536,62.85044754009114,144.0973079293121,184.48561628614536,184.48561628614536,-82.61901775079866,-82.61901775079866,-82.61901775079866,-82.61901775079866,-82.61901775079866,-82.61901775079866,0.0,0.0,0.0,101.8665985353467
4261,1979-01-03,184.3324763366965,61.55044812994532,145.63765153967847,184.3324763366965,184.3324763366965,-82.39290930786237,-82.39290930786237,-82.39290930786237,-82.39290930786237,-82.39290930786237,-82.39290930786237,0.0,0.0,0.0,101.93956702883412
4262,1979-01-04,184.17933638724762,63.142754205263785,141.0583126301696,184.17933638724762,184.17933638724762,-82.16685085940793,-82.16685085940793,-82.16685085940793,-82.16685085940793,-82.16685085940793,-82.16685085940793,0.0,0.0,0.0,102.01248552783969
4263,1979-01-05,184.02619643779875,60.7212172134414,141.7740041593218,184.02619643779875,184.02619643779875,-81.94084587611268,-81.94084587611268,-81.94084587611268,-81.94084587611268,-81.94084587611268,-81.94084587611268,0.0,0.0,0.0,102.08535056168607
4264,1979-01-08,183.5667765894521,58.51057318942165,144.44791444521286,183.5667765894521,183.5667765894521,-81.26318645761725,-81.26318645761725,-81.26318645761725,-81.26318645761725,-81.26318645761725,-81.26318645761725,0.0,0.0,0.0,102.30359013183485
4265,1979-01-09,183.41363664000306,62.53735770862568,142.69701286541508,183.41363664000306,183.41363664000306,-81.03743008577689,-81.03743008577689,-81.03743008577689,-81.03743008577689,-81.03743008577689,-81.03743008577689,0.0,0.0,0.0,102.37620655422617
4266,1979-01-10,183.2604966905542,58.34826690664582,139.43271218773938,183.2604966905542,183.2604966905542,-80.81174456447098,-80.81174456447098,-80.81174456447098,-80.81174456447098,-80.81174456447098,-80.81174456447098,0.0,0.0,0.0,102.4487521260832
4267,1979-01-11,183.10735674110532,62.77411386399427,144.42996141985043,183.10735674110532,183.10735674110532,-80.58613337633751,-80.58613337633751,-80.58613337633751,-80.58613337633751,-80.58613337633751,-80.58613337633751,0.0,0.0,0.0,102.5212233647678
4268,1979-01-12,182.95421679165645,60.64091542550275,143.16645914908372,182.95421679165645,182.95421679165645,-80.36060000559108,-80.36060000559108,-80.36060000559108,-80.36060000559108,-80.36060000559108,-80.36060000559108,0.0,0.0,0.0,102.59361678606537
4269,1979-01-15,182.49479694330984,62.00324879353374,142.25246060146867,182.49479694330984,182.49479694330984,-79.68450166096399,-79.68450166096399,-79.68450166096399,-79.68450166096399,-79.68450166096399,-79.68450166096399,0.0,0.0,0.0,102.81029528234585
4270,1979-01-16,182.34165699386094,60.75793227826719,143.82271523864247,182.34165699386094,182.34165699386094,-79.45931442926928,-79.45931442926928,-79.45931442926928,-79.45931442926928,-79.45931442926928,-79.45931442926928,0.0,0.0,0.0,102.88234256459165
4271,1979-01-17,182.1885170444119,60.42148790803481,142.08148016519334,182.1885170444119,182.1885170444119,-79.23422245551096,-79.23422245551096,-79.23422245551096,-79.23422245551096,-79.23422245551096,-79.23422245551096,0.0,0.0,0.0,102.95429458890094
4272,1979-01-18,182.03537709496302,62.81503299816209,142.088136080206,182.03537709496302,182.03537709496302,-79.0092292308594,-79.0092292308594,-79.0092292308594,-79.0092292308594,-79.0092292308594,-79.0092292308594,0.0,0.0,0.0,103.02614786410362
4273,1979-01-19,181.88223714551415,62.69121838900891,149.27172012271166,181.88223714551415,181.88223714551415,-78.78433824722897,-78.78433824722897,-78.78433824722897,-78.78433824722897,-78.78433824722897,-78.78433824722897,0.0,0.0,0.0,103.09789889828518
4274,1979-01-22,181.42281729716754,63.890440307904775,145.40028177404386,181.42281729716754,181.42281729716754,-78.1103136702431,-78.1103136702431,-78.1103136702431,-78.1103136702431,-78.1103136702431,-78.1103136702431,0.0,0.0,0.0,103.31250362692444
4275,1979-01-23,181.26967734771867,63.262308123291355,144.45013256536112,181.26967734771864,181.26967734771864,-77.88586658052294,-77.88586658052294,-77.88586658052294,-77.88586658052294,-77.88586658052294,-77.88586658052294,0.0,0.0,0.0,103.38381076719573
4276,1979-01-24,181.1165373982696,59.09988231418856,147.19105214382057,181.1165373982696,181.1165373982696,-77.66153919836817,-77.66153919836817,-77.66153919836817,-77.66153919836817,-77.66153919836817,-77.66153919836817,0.0,0.0,0.0,103.45499819990142
4277,1979-01-25,180.96339744882073,58.30010238776342,147.61169204617562,180.96339744882073,180.96339744882073,-77.4373350176495,-77.4373350176495,-77.4373350176495,-77.4373350176495,-77.4373350176495,-77.4373350176495,0.0,0.0,0.0,103.52606243117123
4278,1979-01-26,180.81025749937186,59.66926172665632,142.62164593317064,180.81025749937186,180.81025749937186,-77.21325753214921,-77.21325753214921,-77.21325753214921,-77.21325753214921,-77.21325753214921,-77.21325753214921,0.0,0.0,0.0,103.59699996722264
4279,1979-01-29,180.35083765102524,58.98851082275788,144.9043201771978,180.35083765102524,180.35083765102524,-76.54182018093269,-76.54182018093269,-76.54182018093269,-76.54182018093269,-76.54182018093269,-76.54182018093269,0.0,0.0,0.0,103.80901747009256
4280,1979-01-30,180.19769770157637,62.08639141663308,146.11344640672047,180.19769770157637,180.19769770157637,-76.31828440817166,-76.31828440817166,-76.31828440817166,-76.31828440817166,-76.31828440817166,-76.31828440817166,0.0,0.0,0.0,103.87941329340471
4281,1979-01-31,180.0445577521275,63.666453334916646,146.72800169269706,180.0445577521275,180.0445577521275,-76.09489279403783,-76.09489279403783,-76.09489279403783,-76.09489279403783,-76.09489279403783,-76.09489279403783,0.0,0.0,0.0,103.94966495808967
4282,1979-02-01,179.89141780267846,62.10131772499969,144.9103634023341,179.89141780267846,179.89141780267846,-75.87164882928329,-75.87164882928329,-75.87164882928329,-75.87164882928329,-75.87164882928329,-75.87164882928329,0.0,0.0,0.0,104.01976897339517
4283,1979-02-02,179.7382778532296,62.966923369279044,147.76387958434773,179.7382778532296,179.7382778532296,-75.64855600374172,-75.64855600374172,-75.64855600374172,-75.64855600374172,-75.64855600374172,-75.64855600374172,0.0,0.0,0.0,104.08972184948787
4284,1979-02-05,179.27885800488295,61.42654759208496,148.29334279295918,179.27885800488295,179.27885800488295,-74.9802192444527,-74.9802192444527,-74.9802192444527,-74.9802192444527,-74.9802192444527,-74.9802192444527,0.0,0.0,0.0,104.29863876043025
4285,1979-02-06,179.12571805543408,61.344638609312916,143.23328905818545,179.12571805543408,179.12571805543408,-74.75776585157239,-74.75776585157239,-74.75776585157239,-74.75776585157239,-74.75776585157239,-74.75776585157239,0.0,0.0,0.0,104.36795220386169
4286,1979-02-07,178.9725781059852,61.85505366060829,145.83490231427606,178.9725781059852,178.9725781059852,-74.5354810291471,-74.5354810291471,-74.5354810291471,-74.5354810291471,-74.5354810291471,-74.5354810291471,0.0,0.0,0.0,104.4370970768381
4287,1979-02-08,178.81943815653617,61.667991747166106,144.51306459035888,178.81943815653617,178.81943815653617,-74.31336825901573,-74.31336825901573,-74.31336825901573,-74.31336825901573,-74.31336825901573,-74.31336825901573,0.0,0.0,0.0,104.50606989752043
4288,1979-02-09,178.6662982070873,60.39499916928637,146.7003975442869,178.6662982070873,178.6662982070873,-74.09143102127248,-74.09143102127248,-74.09143102127248,-74.09143102127248,-74.09143102127248,-74.09143102127248,0.0,0.0,0.0,104.57486718581481
4289,1979-02-12,178.20687835874065,64.2231400921494,145.4646893004427,178.20687835874065,178.20687835874065,-73.42670727467315,-73.42670727467315,-73.42670727467315,-73.42670727467315,-73.42670727467315,-73.42670727467315,0.0,0.0,0.0,104.7801710840675
4290,1979-02-13,178.05373840929178,66.14969746590867,147.46750476201748,178.05373840929178,178.05373840929178,-73.20550692841898,-73.20550692841898,-73.20550692841898,-73.20550692841898,-73.20550692841898,-73.20550692841898,0.0,0.0,0.0,104.8482314808728
4291,1979-02-14,177.9005984598429,63.785540793572906,144.68608730174964,177.9005984598429,177.9005984598429,-72.98449948474568,-72.98449948474568,-72.98449948474568,-72.98449948474568,-72.98449948474568,-72.98449948474568,0.0,0.0,0.0,104.91609897509723
4292,1979-02-15,177.74745851039404,62.22156907784543,144.8020110416282,177.74745851039404,177.74745851039404,-72.76368841081685,-72.76368841081685,-72.76368841081685,-72.76368841081685,-72.76368841081685,-72.76368841081685,0.0,0.0,0.0,104.98377009957719
4293,1979-02-16,177.594318560945,61.52506983405893,146.17299447521026,177.594318560945,177.594318560945,-72.54307717123204,-72.54307717123204,-72.54307717123204,-72.54307717123204,-72.54307717123204,-72.54307717123204,0.0,0.0,0.0,105.05124138971296
4294,1979-02-20,176.98175876314951,65.39805398569352,146.45223383892719,176.98175876314951,176.98175876314951,-71.66269975204179,-71.66269975204179,-71.66269975204179,-71.66269975204179,-71.66269975204179,-71.66269975204179,0.0,0.0,0.0,105.31905901110773
4295,1979-02-21,176.82861881370061,65.78135467330627,145.44415458303504,176.82861881370061,176.82861881370061,-71.44313955526363,-71.44313955526363,-71.44313955526363,-71.44313955526363,-71.44313955526363,-71.44313955526363,0.0,0.0,0.0,105.38547925843699
4296,1979-02-22,176.67547886425174,63.94910048853193,146.25675382031505,176.67547886425174,176.67547886425174,-71.22379992005806,-71.22379992005806,-71.22379992005806,-71.22379992005806,-71.22379992005806,-71.22379992005806,0.0,0.0,0.0,105.45167894419369
4297,1979-02-23,176.5223389148027,64.43457173637744,145.27668174755294,176.5223389148027,176.5223389148027,-71.00468428981927,-71.00468428981927,-71.00468428981927,-71.00468428981927,-71.00468428981927,-71.00468428981927,0.0,0.0,0.0,105.51765462498344
4298,1979-02-26,176.0629190664561,61.70971600224373,146.36247261973384,176.0629190664561,176.0629190664561,-70.34871580976683,-70.34871580976683,-70.34871580976683,-70.34871580976683,-70.34871580976683,-70.34871580976683,0.0,0.0,0.0,105.71420325668926
4299,1979-02-27,175.90977911700722,61.24953309210779,146.41505307420695,175.90977911700722,175.90977911700722,-70.13053056176017,-70.13053056176017,-70.13053056176017,-70.13053056176017,-70.13053056176017,-70.13053056176017,0.0,0.0,0.0,105.77924855524705
4300,1979-02-28,175.75663916755835,62.75815971951806,150.0697535354742,175.75663916755835,175.75663916755835,-69.91258648100263,-69.91258648100263,-69.91258648100263,-69.91258648100263,-69.91258648100263,-69.91258648100263,0.0,0.0,0.0,105.84405268655571
4301,1979-03-01,175.60349921810948,64.75496683648424,146.40989110130252,175.60349921810948,175.60349921810948,-69.69488698820821,-69.69488698820821,-69.69488698820821,-69.69488698820821,-69.69488698820821,-69.69488698820821,0.0,0.0,0.0,105.90861222990127
4302,1979-03-02,175.45035926866058,62.15720097095412,149.76726960861367,175.45035926866058,175.45035926866058,-69.4774354999103,-69.4774354999103,-69.4774354999103,-69.4774354999103,-69.4774354999103,-69.4774354999103,0.0,0.0,0.0,105.97292376875028
4303,1979-03-05,174.9909394203138,64.87227841543826,147.1985118076835,174.9909394203138,174.9909394203138,-68.8266031622139,-68.8266031622139,-68.8266031622139,-68.8266031622139,-68.8266031622139,-68.8266031622139,0.0,0.0,0.0,106.1643362580999
4304,1979-03-06,174.83779947086492,63.385980872002214,148.41462031612988,174.83779947086492,174.83779947086492,-68.61017776961936,-68.61017776961936,-68.61017776961936,-68.61017776961936,-68.61017776961936,-68.61017776961936,0.0,0.0,0.0,106.22762170124557
4305,1979-03-07,174.68465952141605,65.82347380542978,147.21430579713422,174.68465952141605,174.68465952141605,-68.39401739748133,-68.39401739748133,-68.39401739748133,-68.39401739748133,-68.39401739748133,-68.39401739748133,0.0,0.0,0.0,106.29064212393472
4306,1979-03-08,174.53151957196718,65.10514548240117,146.68742959990843,174.53151957196718,174.53151957196718,-68.17812543485623,-68.17812543485623,-68.17812543485623,-68.17812543485623,-68.17812543485623,-68.17812543485623,0.0,0.0,0.0,106.35339413711095
4307,1979-03-09,174.3783796225183,63.66907562335907,146.42378663490803,174.3783796225183,174.3783796225183,-67.96250526582459,-67.96250526582459,-67.96250526582459,-67.96250526582459,-67.96250526582459,-67.96250526582459,0.0,0.0,0.0,106.41587435669372
4308,1979-03-12,173.9189597741715,62.89451914042751,146.21406771703178,173.9189597741715,173.9189597741715,-67.31730928409662,-67.31730928409662,-67.31730928409662,-67.31730928409662,-67.31730928409662,-67.31730928409662,0.0,0.0,0.0,106.60165049007487
4309,1979-03-13,173.76581982472263,64.4498486915789,147.0432348515532,173.76581982472263,173.76581982472263,-67.10281002679183,-67.10281002679183,-67.10281002679183,-67.10281002679183,-67.10281002679183,-67.10281002679183,0.0,0.0,0.0,106.6630097979308
4310,1979-03-14,173.61267987527376,64.07857156741053,146.72255570266714,173.61267987527376,173.61267987527376,-66.8885994049127,-66.8885994049127,-66.8885994049127,-66.8885994049127,-66.8885994049127,-66.8885994049127,0.0,0.0,0.0,106.72408047036106
4311,1979-03-15,173.45953992582488,64.43712624772981,151.2216240869551,173.45953992582488,173.45953992582488,-66.67468077032808,-66.67468077032808,-66.67468077032808,-66.67468077032808,-66.67468077032808,-66.67468077032808,0.0,0.0,0.0,106.7848591554968
4312,1979-03-16,173.306399976376,60.96623516378037,147.52401322170832,173.30639997637599,173.30639997637599,-66.46105746914732,-66.46105746914732,-66.46105746914732,-66.46105746914732,-66.46105746914732,-66.46105746914732,0.0,0.0,0.0,106.8453425072287
4313,1979-03-19,172.8469801280292,66.73102686139846,147.41960561085097,172.8469801280292,172.8469801280292,-65.82199293840802,-65.82199293840802,-65.82199293840802,-65.82199293840802,-65.82199293840802,-65.82199293840802,0.0,0.0,0.0,107.02498718962119
4314,1979-03-20,172.69384017858033,65.6262776439584,149.80950400762765,172.69384017858033,172.69384017858033,-65.60958431287573,-65.60958431287573,-65.60958431287573,-65.60958431287573,-65.60958431287573,-65.60958431287573,0.0,0.0,0.0,107.0842558657046
4315,1979-03-21,172.54070022913146,66.1877080515128,148.9273791352871,172.54070022913146,172.54070022913146,-65.3974876610321,-65.3974876610321,-65.3974876610321,-65.3974876610321,-65.3974876610321,-65.3974876610321,0.0,0.0,0.0,107.14321256809936
4316,1979-03-22,172.3875602796826,66.59944020950726,147.46555002084318,172.3875602796826,172.3875602796826,-65.18570629211037,-65.18570629211037,-65.18570629211037,-65.18570629211037,-65.18570629211037,-65.18570629211037,0.0,0.0,0.0,107.20185398757222
4317,1979-03-23,172.23442033023372,66.79701809668379,149.20456075195187,172.23442033023372,172.23442033023372,-64.97424350881298,-64.97424350881298,-64.97424350881298,-64.97424350881298,-64.97424350881298,-64.97424350881298,0.0,0.0,0.0,107.26017682142074
4318,1979-03-26,171.77500048188693,66.70298085067917,147.35443642926697,171.77500048188693,171.77500048188693,-64.34179959945028,-64.34179959945028,-64.34179959945028,-64.34179959945028,-64.34179959945028,-64.34179959945028,0.0,0.0,0.0,107.43320088243665
4319,1979-03-27,171.62186053243806,66.0292118275619,149.8772502888296,171.62186053243806,171.62186053243806,-64.13164405125833,-64.13164405125833,-64.13164405125833,-64.13164405125833,-64.13164405125833,-64.13164405125833,0.0,0.0,0.0,107.49021648117973
4320,1979-03-28,171.4687205829892,64.68650797803528,147.5218993610727,171.4687205829892,171.4687205829892,-63.92182350044039,-63.92182350044039,-63.92182350044039,-63.92182350044039,-63.92182350044039,-63.92182350044039,0.0,0.0,0.0,107.54689708254881
4321,1979-03-29,171.3155806335403,66.83915527802866,146.54185009537716,171.3155806335403,171.3155806335403,-63.71234120823582,-63.71234120823582,-63.71234120823582,-63.71234120823582,-63.71234120823582,-63.71234120823582,0.0,0.0,0.0,107.60323942530448
4322,1979-03-30,171.16244068409142,66.92344067711795,148.25287364440354,171.16244068409142,171.16244068409142,-63.50320042859634,-63.50320042859634,-63.50320042859634,-63.50320042859634,-63.50320042859634,-63.50320042859634,0.0,0.0,0.0,107.65924025549509
4323,1979-04-02,170.70302083574464,65.04223532085028,148.26825211167042,170.70302083574464,170.70302083574464,-62.877859593019004,-62.877859593019004,-62.877859593019004,-62.877859593019004,-62.877859593019004,-62.877859593019004,0.0,0.0,0.0,107.82516124272564
4324,1979-04-03,170.54988088629577,66.22352888955557,148.78163676868172,170.54988088629577,170.54988088629577,-62.670117253656315,-62.670117253656315,-62.670117253656315,-62.670117253656315,-62.670117253656315,-62.670117253656315,0.0,0.0,0.0,107.87976363263945
4325,1979-04-04,170.3967409368469,65.666141122065,148.80113464191956,170.3967409368469,170.3967409368469,-62.46273258356168,-62.46273258356168,-62.46273258356168,-62.46273258356168,-62.46273258356168,-62.46273258356168,0.0,0.0,0.0,107.93400835328521
4326,1979-04-05,170.24360098739803,66.98022668120657,152.35204584002045,170.24360098739803,170.24360098739803,-62.255708790721485,-62.255708790721485,-62.255708790721485,-62.255708790721485,-62.255708790721485,-62.255708790721485,0.0,0.0,0.0,107.98789219667654
4327,1979-04-06,170.09046103794915,68.08492582250089,151.57985022486443,170.09046103794915,170.09046103794915,-62.049049075092256,-62.049049075092256,-62.049049075092256,-62.049049075092256,-62.049049075092256,-62.049049075092256,0.0,0.0,0.0,108.0414119628569
4328,1979-04-09,169.63104118960234,65.52262428501722,148.9759379063392,169.63104118960234,169.63104118960234,-61.43128626837199,-61.43128626837199,-61.43128626837199,-61.43128626837199,-61.43128626837199,-61.43128626837199,0.0,0.0,0.0,108.19975492123035
4329,1979-04-10,169.47790124015347,63.18026092953198,147.74235118255322,169.47790124015347,169.47790124015347,-61.22611469687215,-61.22611469687215,-61.22611469687215,-61.22611469687215,-61.22611469687215,-61.22611469687215,0.0,0.0,0.0,108.25178654328133
4330,1979-04-11,169.3247612907046,65.70248719280816,149.35830834970858,169.3247612907046,169.3247612907046,-61.021323078246944,-61.021323078246944,-61.021323078246944,-61.021323078246944,-61.021323078246944,-61.021323078246944,0.0,0.0,0.0,108.30343821245765
4331,1979-04-12,169.17162134125573,62.89362401091245,147.31324632437196,169.17162134125573,169.17162134125573,-60.816914562078296,-60.816914562078296,-60.816914562078296,-60.816914562078296,-60.816914562078296,-60.816914562078296,0.0,0.0,0.0,108.35470677917743
4332,1979-04-16,168.55906154346022,66.78604760717562,148.78164705723876,168.5590615434602,168.5590615434602,-60.00317420496705,-60.00317420496705,-60.00317420496705,-60.00317420496705,-60.00317420496705,-60.00317420496705,0.0,0.0,0.0,108.55588733849316
4333,1979-04-17,168.40592159401118,66.64146978575124,148.34810936965027,168.40592159401118,168.40592159401118,-59.80072813473528,-59.80072813473528,-59.80072813473528,-59.80072813473528,-59.80072813473528,-59.80072813473528,0.0,0.0,0.0,108.6051934592759
4334,1979-04-18,168.2527816445623,66.94872885496378,153.007588820147,168.2527816445623,168.2527816445623,-59.598683876978406,-59.598683876978406,-59.598683876978406,-59.598683876978406,-59.598683876978406,-59.598683876978406,0.0,0.0,0.0,108.65409776758389
4335,1979-04-19,168.09964169511343,68.10345593818722,150.28749585629868,168.09964169511343,168.09964169511343,-59.39704451783873,-59.39704451783873,-59.39704451783873,-59.39704451783873,-59.39704451783873,-59.39704451783873,0.0,0.0,0.0,108.7025971772747
4336,1979-04-20,167.94650174566456,66.68467152776564,150.9482657752593,167.94650174566456,167.94650174566456,-59.19581313399143,-59.19581313399143,-59.19581313399143,-59.19581313399143,-59.19581313399143,-59.19581313399143,0.0,0.0,0.0,108.75068861167313
4337,1979-04-23,167.48708189731795,61.7075369729356,151.43558367344272,167.48708189731795,167.48708189731795,-58.59459745686283,-58.59459745686283,-58.59459745686283,-58.59459745686283,-58.59459745686283,-58.59459745686283,0.0,0.0,0.0,108.89248444045512
4338,1979-04-24,167.33394194786888,65.87201328143225,150.15335693452423,167.33394194786888,167.33394194786888,-58.39502854811653,-58.39502854811653,-58.39502854811653,-58.39502854811653,-58.39502854811653,-58.39502854811653,0.0,0.0,0.0,108.93891339975235
4339,1979-04-25,167.18080199842,68.92207685799245,152.65811642953153,167.18080199842,167.18080199842,-58.19588285255484,-58.19588285255484,-58.19588285255484,-58.19588285255484,-58.19588285255484,-58.19588285255484,0.0,0.0,0.0,108.98491914586518
4340,1979-04-26,167.02766204897114,64.5336581813863,149.41105063408872,167.02766204897114,167.02766204897114,-57.99716338796814,-57.99716338796814,-57.99716338796814,-57.99716338796814,-57.99716338796814,-57.99716338796814,0.0,0.0,0.0,109.030498661003
4341,1979-04-27,166.87452209952227,66.67225275936605,152.98874852184963,166.87452209952227,166.87452209952227,-57.79887316198873,-57.79887316198873,-57.79887316198873,-57.79887316198873,-57.79887316198873,-57.79887316198873,0.0,0.0,0.0,109.07564893753354
4342,1979-04-30,166.41510225117565,68.96729687485353,150.36571219800328,166.41510225117565,166.41510225117565,-57.20660783760629,-57.20660783760629,-57.20660783760629,-57.20660783760629,-57.20660783760629,-57.20660783760629,0.0,0.0,0.0,109.20849441356935
4343,1979-05-01,166.26196230172678,69.42790589617289,151.29090201764944,166.26196230172678,166.26196230172678,-57.010064435823516,-57.010064435823516,-57.010064435823516,-57.010064435823516,-57.010064435823516,-57.010064435823516,0.0,0.0,0.0,109.25189786590326
4344,1979-05-02,166.10882235227774,68.70565117914155,152.29505684169607,166.10882235227774,166.10882235227774,-56.81396515505125,-56.81396515505125,-56.81396515505125,-56.81396515505125,-56.81396515505125,-56.81396515505125,0.0,0.0,0.0,109.29485719722649
4345,1979-05-03,165.95568240282884,68.6822367134454,149.03969647509987,165.95568240282884,165.95568240282884,-56.61831293994688,-56.61831293994688,-56.61831293994688,-56.61831293994688,-56.61831293994688,-56.61831293994688,0.0,0.0,0.0,109.33736946288195
4346,1979-05-04,165.80254245337997,68.7571403456411,153.81689980154016,165.80254245337997,165.80254245337997,-56.42311072433815,-56.42311072433815,-56.42311072433815,-56.42311072433815,-56.42311072433815,-56.42311072433815,0.0,0.0,0.0,109.37943172904181
4347,1979-05-07,165.34312260503336,68.94943668261227,146.482407854708,165.34312260503336,165.34312260503336,-55.84023324833711,-55.84023324833711,-55.84023324833711,-55.84023324833711,-55.84023324833711,-55.84023324833711,0.0,0.0,0.0,109.50288935669624
4348,1979-05-08,165.1899826555845,71.93996674699936,150.5595116468025,165.1899826555845,165.1899826555845,-55.64686014909922,-55.64686014909922,-55.64686014909922,-55.64686014909922,-55.64686014909922,-55.64686014909922,0.0,0.0,0.0,109.54312250648528
4349,1979-05-09,165.03684270613545,68.47645814512678,148.498271719534,165.03684270613545,165.03684270613545,-55.45395155276241,-55.45395155276241,-55.45395155276241,-55.45395155276241,-55.45395155276241,-55.45395155276241,0.0,0.0,0.0,109.58289115337303
4350,1979-05-10,164.88370275668657,66.80130194733933,153.33940002436776,164.88370275668657,164.88370275668657,-55.26151032620971,-55.26151032620971,-55.26151032620971,-55.26151032620971,-55.26151032620971,-55.26151032620971,0.0,0.0,0.0,109.62219243047687
4351,1979-05-11,164.7305628072377,67.90298501588101,152.5677080010192,164.7305628072377,164.7305628072377,-55.069539324843696,-55.069539324843696,-55.069539324843696,-55.069539324843696,-55.069539324843696,-55.069539324843696,0.0,0.0,0.0,109.661023482394
4352,1979-05-14,164.27114295889106,69.1545738128035,153.05815471100388,164.27114295889106,164.27114295889106,-54.496476051755145,-54.496476051755145,-54.496476051755145,-54.496476051755145,-54.496476051755145,-54.496476051755145,0.0,0.0,0.0,109.77466690713592
4353,1979-05-15,164.1180030094422,65.37200424738036,149.80534210035015,164.1180030094422,164.1180030094422,-54.30641427234873,-54.30641427234873,-54.30641427234873,-54.30641427234873,-54.30641427234873,-54.30641427234873,0.0,0.0,0.0,109.81158873709346
4354,1979-05-16,163.96486305999332,68.69802648802496,150.17705147382244,163.96486305999332,163.96486305999332,-54.11683681974371,-54.11683681974371,-54.11683681974371,-54.11683681974371,-54.11683681974371,-54.11683681974371,0.0,0.0,0.0,109.84802624024961
4355,1979-05-17,163.81172311054428,71.61524302249633,152.55846358242965,163.81172311054428,163.81172311054428,-53.92774647855352,-53.92774647855352,-53.92774647855352,-53.92774647855352,-53.92774647855352,-53.92774647855352,0.0,0.0,0.0,109.88397663199075
4356,1979-05-18,163.6585831610954,67.46447071397054,153.67914466345005,163.6585831610954,163.6585831610954,-53.73914602128146,-53.73914602128146,-53.73914602128146,-53.73914602128146,-53.73914602128146,-53.73914602128146,0.0,0.0,0.0,109.91943713981395
4357,1979-05-21,163.1991633127488,69.0301288559497,149.26202451562517,163.1991633127488,163.1991633127488,-53.176311494493554,-53.176311494493554,-53.176311494493554,-53.176311494493554,-53.176311494493554,-53.176311494493554,0.0,0.0,0.0,110.02285181825525
4358,1979-05-22,163.0460233632999,68.33596632985285,149.7288457457644,163.0460233632999,163.0460233632999,-52.98969805263135,-52.98969805263135,-52.98969805263135,-52.98969805263135,-52.98969805263135,-52.98969805263135,0.0,0.0,0.0,110.05632531066854
4359,1979-05-23,162.89288341385102,72.62496681327862,149.99752100452991,162.89288341385102,162.89288341385102,-52.80358817246969,-52.80358817246969,-52.80358817246969,-52.80358817246969,-52.80358817246969,-52.80358817246969,0.0,0.0,0.0,110.08929524138134
4360,1979-05-24,162.73974346440215,68.39946458791924,150.41491041580645,162.73974346440215,162.73974346440215,-52.61798455201155,-52.61798455201155,-52.61798455201155,-52.61798455201155,-52.61798455201155,-52.61798455201155,0.0,0.0,0.0,110.1217589123906
4361,1979-05-25,162.5866035149531,68.87362223331915,149.78304590980426,162.5866035149531,162.5866035149531,-52.43288987654141,-52.43288987654141,-52.43288987654141,-52.43288987654141,-52.43288987654141,-52.43288987654141,0.0,0.0,0.0,110.1537136384117
4362,1979-05-29,161.97404371715763,69.26437664050717,152.9005955823363,161.97404371715763,161.97404371715763,-51.69765388034974,-51.69765388034974,-51.69765388034974,-51.69765388034974,-51.69765388034974,-51.69765388034974,0.0,0.0,0.0,110.27638983680788
4363,1979-05-30,161.82090376770876,67.55986165377871,149.6686632010455,161.82090376770873,161.82090376770873,-51.51514375803193,-51.51514375803193,-51.51514375803193,-51.51514375803193,-51.51514375803193,-51.51514375803193,0.0,0.0,0.0,110.30576000967682
4364,1979-05-31,161.66776381825986,69.56924651144638,153.23005520554898,161.66776381825986,161.66776381825986,-51.33315842060579,-51.33315842060579,-51.33315842060579,-51.33315842060579,-51.33315842060579,-51.33315842060579,0.0,0.0,0.0,110.33460539765406
4365,1979-06-01,161.51462386881082,66.31281705846169,149.7581238742865,161.51462386881082,161.51462386881082,-51.15170046197843,-51.15170046197843,-51.15170046197843,-51.15170046197843,-51.15170046197843,-51.15170046197843,0.0,0.0,0.0,110.36292340683238
4366,1979-06-04,161.0552040204642,69.94125737383553,152.33842503080987,161.0552040204642,161.0552040204642,-50.61051659671835,-50.61051659671835,-50.61051659671835,-50.61051659671835,-50.61051659671835,-50.61051659671835,0.0,0.0,0.0,110.44468742374585
4367,1979-06-05,160.90206407101533,68.19572142417394,151.02525820803845,160.90206407101533,160.90206407101533,-50.431193823470245,-50.431193823470245,-50.431193823470245,-50.431193823470245,-50.431193823470245,-50.431193823470245,0.0,0.0,0.0,110.4708702475451
4368,1979-06-06,160.74892412156646,71.64374512441013,151.21524297540398,160.74892412156646,160.74892412156646,-50.25241119618823,-50.25241119618823,-50.25241119618823,-50.25241119618823,-50.25241119618823,-50.25241119618823,0.0,0.0,0.0,110.49651292537823
4369,1979-06-07,160.5957841721176,71.42669070859584,147.79232754340586,160.5957841721176,160.5957841721176,-50.074171227272615,-50.074171227272615,-50.074171227272615,-50.074171227272615,-50.074171227272615,-50.074171227272615,0.0,0.0,0.0,110.52161294484497
4370,1979-06-08,160.44264422266872,69.18646922238555,153.2783256995328,160.44264422266872,160.44264422266872,-49.896476415261034,-49.896476415261034,-49.896476415261034,-49.896476415261034,-49.896476415261034,-49.896476415261034,0.0,0.0,0.0,110.54616780740768
4371,1979-06-11,159.9832243743219,69.1535255314145,151.82152699777004,159.9832243743219,159.9832243743219,-49.366687696468084,-49.366687696468084,-49.366687696468084,-49.366687696468084,-49.366687696468084,-49.366687696468084,0.0,0.0,0.0,110.61653667785382
4372,1979-06-12,159.83008442487304,69.02209380945867,151.88187086386253,159.83008442487304,159.83008442487304,-49.19119821749548,-49.19119821749548,-49.19119821749548,-49.19119821749548,-49.19119821749548,-49.19119821749548,0.0,0.0,0.0,110.63888620737755
4373,1979-06-13,159.67694447542416,62.633638696378654,154.06459138028936,159.67694447542416,159.67694447542416,-49.01626617747679,-49.01626617747679,-49.01626617747679,-49.01626617747679,-49.01626617747679,-49.01626617747679,0.0,0.0,0.0,110.66067829794738
4374,1979-06-14,159.5238045259753,69.37708341816347,150.5860710517924,159.5238045259753,159.5238045259753,-48.84189399015875,-48.84189399015875,-48.84189399015875,-48.84189399015875,-48.84189399015875,-48.84189399015875,0.0,0.0,0.0,110.68191053581654
4375,1979-06-15,159.37066457652642,68.8984182269911,151.09718145979195,159.37066457652642,159.37066457652642,-48.66808405489167,-48.66808405489167,-48.66808405489167,-48.66808405489167,-48.66808405489167,-48.66808405489167,0.0,0.0,0.0,110.70258052163476
4376,1979-06-18,158.9112447281796,68.92489203328414,151.52176404881513,158.9112447281796,158.9112447281796,-48.15005153739135,-48.15005153739135,-48.15005153739135,-48.15005153739135,-48.15005153739135,-48.15005153739135,0.0,0.0,0.0,110.76119319078826
4377,1979-06-19,158.75810477873074,68.50517029671704,153.07619830794818,158.75810477873074,158.75810477873074,-47.97851431330623,-47.97851431330623,-47.97851431330623,-47.97851431330623,-47.97851431330623,-47.97851431330623,0.0,0.0,0.0,110.77959046542452
4378,1979-06-20,158.60496482928187,68.49980002270466,153.55331037478425,158.60496482928187,158.60496482928187,-47.80755111949021,-47.80755111949021,-47.80755111949021,-47.80755111949021,-47.80755111949021,-47.80755111949021,0.0,0.0,0.0,110.79741370979166
4379,1979-06-21,158.451824879833,63.98251123895733,150.80200247680975,158.451824879833,158.451824879833,-47.63716426737086,-47.63716426737086,-47.63716426737086,-47.63716426737086,-47.63716426737086,-47.63716426737086,0.0,0.0,0.0,110.81466061246213
4380,1979-06-22,158.29868493038413,71.54985655475181,154.33799321007882,158.29868493038413,158.29868493038413,-47.46735605347063,-47.46735605347063,-47.46735605347063,-47.46735605347063,-47.46735605347063,-47.46735605347063,0.0,0.0,0.0,110.83132887691349
4381,1979-06-25,157.83926508203734,69.52684928456209,154.42980985326042,157.83926508203734,157.83926508203734,-46.961425981245654,-46.961425981245654,-46.961425981245654,-46.961425981245654,-46.961425981245654,-46.961425981245654,0.0,0.0,0.0,110.87783910079169
4382,1979-06-26,157.68612513258847,66.89377252222107,153.29776265106094,157.68612513258847,157.68612513258847,-46.793954984874205,-46.793954984874205,-46.793954984874205,-46.793954984874205,-46.793954984874205,-46.793954984874205,0.0,0.0,0.0,110.89217014771427
4383,1979-06-27,157.53298518313957,69.62230122754212,152.06625771278297,157.53298518313957,157.53298518313957,-46.62707388329869,-46.62707388329869,-46.62707388329869,-46.62707388329869,-46.62707388329869,-46.62707388329869,0.0,0.0,0.0,110.90591129984088
4384,1979-06-28,157.3798452336907,70.29337879630751,153.0818169391953,157.3798452336907,157.3798452336907,-46.46078488214468,-46.46078488214468,-46.46078488214468,-46.46078488214468,-46.46078488214468,-46.46078488214468,0.0,0.0,0.0,110.91906035154602
4385,1979-06-29,157.22670528424183,72.00834065179707,150.51116068344055,157.22670528424183,157.22670528424183,-46.29509017165053,-46.29509017165053,-46.29509017165053,-46.29509017165053,-46.29509017165053,-46.29509017165053,0.0,0.0,0.0,110.9316151125913
4386,1979-07-02,156.76728543589505,69.86531017643593,150.3347572928878,156.76728543589505,156.76728543589505,-45.80159345428877,-45.80159345428877,-45.80159345428877,-45.80159345428877,-45.80159345428877,-45.80159345428877,0.0,0.0,0.0,110.96569198160628
4387,1979-07-03,156.61414548644618,69.91849190931767,152.66886581910023,156.61414548644618,156.61414548644618,-45.63829749873063,-45.63829749873063,-45.63829749873063,-45.63829749873063,-45.63829749873063,-45.63829749873063,0.0,0.0,0.0,110.97584798771555
4388,1979-07-05,156.30786558754843,69.37559329303565,154.1360727327926,156.30786558754843,156.30786558754843,-45.31352271028875,-45.31352271028875,-45.31352271028875,-45.31352271028875,-45.31352271028875,-45.31352271028875,0.0,0.0,0.0,110.99434287725968
4389,1979-07-06,156.15472563809953,70.58762194462616,149.06816579270526,156.15472563809953,156.15472563809953,-45.15204805461972,-45.15204805461972,-45.15204805461972,-45.15204805461972,-45.15204805461972,-45.15204805461972,0.0,0.0,0.0,111.00267758347982
4390,1979-07-09,155.69530578975275,69.97024087960989,154.06050456829888,155.69530578975275,155.69530578975275,-44.6712997710933,-44.6712997710933,-44.6712997710933,-44.6712997710933,-44.6712997710933,-44.6712997710933,0.0,0.0,0.0,111.02400601865945
4391,1979-07-10,155.54216584030388,68.07249400166143,149.26581452250323,155.54216584030388,155.54216584030388,-44.51228234695911,-44.51228234695911,-44.51228234695911,-44.51228234695911,-44.51228234695911,-44.51228234695911,0.0,0.0,0.0,111.02988349334477
4392,1979-07-11,155.389025890855,66.28318320750277,151.9638390715755,155.389025890855,155.389025890855,-44.35388427236248,-44.35388427236248,-44.35388427236248,-44.35388427236248,-44.35388427236248,-44.35388427236248,0.0,0.0,0.0,111.03514161849253
4393,1979-07-12,155.23588594140614,74.04735895896309,152.14239654795315,155.23588594140614,155.23588594140614,-44.196107531633665,-44.196107531633665,-44.196107531633665,-44.196107531633665,-44.196107531633665,-44.196107531633665,0.0,0.0,0.0,111.03977840977248
4394,1979-07-13,155.08274599195727,67.76433430213423,151.57356572406232,155.08274599195727,155.08274599195727,-44.03895409283193,-44.03895409283193,-44.03895409283193,-44.03895409283193,-44.03895409283193,-44.03895409283193,0.0,0.0,0.0,111.04379189912534
4395,1979-07-16,154.62332614361046,69.5943198816923,150.96344039222274,154.62332614361046,154.62332614361046,-43.571253023303,-43.571253023303,-43.571253023303,-43.571253023303,-43.571253023303,-43.571253023303,0.0,0.0,0.0,111.05207312030745
4396,1979-07-17,154.47018619416158,71.00364596701458,152.1821344106648,154.47018619416158,154.47018619416158,-43.41661214535762,-43.41661214535762,-43.41661214535762,-43.41661214535762,-43.41661214535762,-43.41661214535762,0.0,0.0,0.0,111.05357404880397
4397,1979-07-18,154.3170462447127,67.57133148056944,149.88607115843888,154.3170462447127,154.3170462447127,-43.262604163548495,-43.262604163548495,-43.262604163548495,-43.262604163548495,-43.262604163548495,-43.262604163548495,0.0,0.0,0.0,111.05444208116421
4398,1979-07-19,154.16390629526384,71.61359964954798,152.73762483938856,154.16390629526384,154.16390629526384,-43.10923094710098,-43.10923094710098,-43.10923094710098,-43.10923094710098,-43.10923094710098,-43.10923094710098,0.0,0.0,0.0,111.05467534816286
4399,1979-07-20,154.01076634581497,70.29509065125798,154.61670845876927,154.01076634581497,154.01076634581497,-42.95649434857132,-42.95649434857132,-42.95649434857132,-42.95649434857132,-42.95649434857132,-42.95649434857132,0.0,0.0,0.0,111.05427199724366
4400,1979-07-23,153.55134649746836,68.29301101386588,151.8964259519218,153.55134649746836,153.55134649746836,-42.50212253487228,-42.50212253487228,-42.50212253487228,-42.50212253487228,-42.50212253487228,-42.50212253487228,0.0,0.0,0.0,111.04922396259607
4401,1979-07-24,153.3982065480193,68.26044127573724,151.15152306670296,153.3982065480193,153.3982065480193,-42.35195059829582,-42.35195059829582,-42.35195059829582,-42.35195059829582,-42.35195059829582,-42.35195059829582,0.0,0.0,0.0,111.04625594972347
4402,1979-07-25,153.24506659857042,68.2413394587811,151.58098178657366,153.24506659857042,153.24506659857042,-42.20242429049199,-42.20242429049199,-42.20242429049199,-42.20242429049199,-42.20242429049199,-42.20242429049199,0.0,0.0,0.0,111.04264230807843
4403,1979-07-26,153.09192664912155,69.32164584015014,154.16403540190717,153.09192664912155,153.09192664912155,-42.05354536287671,-42.05354536287671,-42.05354536287671,-42.05354536287671,-42.05354536287671,-42.05354536287671,0.0,0.0,0.0,111.03838128624483
4404,1979-07-27,152.93878669967268,69.63430586233503,151.65815422423998,152.93878669967268,152.93878669967268,-41.90531554982732,-41.90531554982732,-41.90531554982732,-41.90531554982732,-41.90531554982732,-41.90531554982732,0.0,0.0,0.0,111.03347114984535
4405,1979-07-30,152.47936685132606,69.03284065510775,148.44817042211423,152.47936685132606,152.47936685132606,-41.46453788520652,-41.46453788520652,-41.46453788520652,-41.46453788520652,-41.46453788520652,-41.46453788520652,0.0,0.0,0.0,111.01482896611955
4406,1979-07-31,152.32622690187702,69.86053544631207,150.6705180043811,152.32622690187702,152.32622690187702,-41.31892153166158,-41.31892153166158,-41.31892153166158,-41.31892153166158,-41.31892153166158,-41.31892153166158,0.0,0.0,0.0,111.00730537021545
4407,1979-08-01,152.17308695242812,70.34779414438053,153.08285974026035,152.17308695242812,152.17308695242812,-41.173962707241536,-41.173962707241536,-41.173962707241536,-41.173962707241536,-41.173962707241536,-41.173962707241536,0.0,0.0,0.0,110.99912424518658
4408,1979-08-02,152.01994700297925,66.17245861356338,151.76942492960308,152.01994700297925,152.01994700297925,-41.02966304305221,-41.02966304305221,-41.02966304305221,-41.02966304305221,-41.02966304305221,-41.02966304305221,0.0,0.0,0.0,110.99028395992704
4409,1979-08-03,151.86680705353038,68.4188329768509,150.56323807886474,151.86680705353038,151.86680705353038,-40.88602415282068,-40.88602415282068,-40.88602415282068,-40.88602415282068,-40.88602415282068,-40.88602415282068,0.0,0.0,0.0,110.9807829007097
4410,1979-08-06,151.40738720518377,71.75621970877619,151.44456367703276,151.40738720518377,151.40738720518377,-40.459088001489505,-40.459088001489505,-40.459088001489505,-40.459088001489505,-40.459088001489505,-40.459088001489505,0.0,0.0,0.0,110.94829920369426
4411,1979-08-07,151.2542472557349,71.20227141269528,149.44224948610736,151.2542472557349,151.2542472557349,-40.31810799517156,-40.31810799517156,-40.31810799517156,-40.31810799517156,-40.31810799517156,-40.31810799517156,0.0,0.0,0.0,110.93613926056334
4412,1979-08-08,151.10110730628585,69.63222296717176,152.23130132840407,151.10110730628585,151.10110730628585,-40.17779656916302,-40.17779656916302,-40.17779656916302,-40.17779656916302,-40.17779656916302,-40.17779656916302,0.0,0.0,0.0,110.92331073712283
4413,1979-08-09,150.94796735683698,67.08625805342018,154.44346819566465,150.94796735683698,150.94796735683698,-40.03815523196727,-40.03815523196727,-40.03815523196727,-40.03815523196727,-40.03815523196727,-40.03815523196727,0.0,0.0,0.0,110.90981212486972
4414,1979-08-10,150.79482740738808,70.92856862500295,154.73846640253313,150.79482740738808,150.79482740738808,-39.89918547439778,-39.89918547439778,-39.89918547439778,-39.89918547439778,-39.89918547439778,-39.89918547439778,0.0,0.0,0.0,110.8956419329903
4415,1979-08-13,150.33540755904147,68.53599050723166,153.7131986944175,150.33540755904147,150.33540755904147,-39.48632032136208,-39.48632032136208,-39.48632032136208,-39.48632032136208,-39.48632032136208,-39.48632032136208,0.0,0.0,0.0,110.84908723767938
4416,1979-08-14,150.1822676095926,70.79666477009417,153.90223544824744,150.1822676095926,150.1822676095926,-39.35005143518606,-39.35005143518606,-39.35005143518606,-39.35005143518606,-39.35005143518606,-39.35005143518606,0.0,0.0,0.0,110.83221617440654
4417,1979-08-15,150.02912766014356,66.50850866049936,151.00854035088554,150.02912766014356,150.02912766014356,-39.214461315913894,-39.214461315913894,-39.214461315913894,-39.214461315913894,-39.214461315913894,-39.214461315913894,0.0,0.0,0.0,110.81466634422966
4418,1979-08-16,149.8759877106947,67.4305997733597,148.5247098546092,149.8759877106947,149.8759877106947,-39.07955134736291,-39.07955134736291,-39.07955134736291,-39.07955134736291,-39.07955134736291,-39.07955134736291,0.0,0.0,0.0,110.79643636333178
4419,1979-08-17,149.72284776124582,69.62122762562811,151.82341647865937,149.72284776124582,149.72284776124582,-38.945322895380244,-38.945322895380244,-38.945322895380244,-38.945322895380244,-38.945322895380244,-38.945322895380244,0.0,0.0,0.0,110.77752486586557
4420,1979-08-20,149.26342791289917,68.406428613778,149.3400749492114,149.26342791289917,149.26342791289917,-38.546740026981276,-38.546740026981276,-38.546740026981276,-38.546740026981276,-38.546740026981276,-38.546740026981276,0.0,0.0,0.0,110.7166878859179
4421,1979-08-21,149.1102879634503,68.4753755165848,153.87027717552013,149.1102879634503,149.1102879634503,-38.4152509390437,-38.4152509390437,-38.4152509390437,-38.4152509390437,-38.4152509390437,-38.4152509390437,0.0,0.0,0.0,110.6950370244066
4422,1979-08-22,148.95714801400143,65.23701355829388,155.29560263625146,148.95714801400143,148.95714801400143,-38.284449926068426,-38.284449926068426,-38.284449926068426,-38.284449926068426,-38.284449926068426,-38.284449926068426,0.0,0.0,0.0,110.67269808793301
4423,1979-08-23,148.8040080645524,71.00090215926109,149.27327592943,148.8040080645524,148.8040080645524,-38.15433824531628,-38.15433824531628,-38.15433824531628,-38.15433824531628,-38.15433824531628,-38.15433824531628,0.0,0.0,0.0,110.64966981923611
4424,1979-08-24,148.65086811510352,66.33492850604247,154.12100730283683,148.65086811510352,148.65086811510352,-38.02491713582764,-38.02491713582764,-38.02491713582764,-38.02491713582764,-38.02491713582764,-38.02491713582764,0.0,0.0,0.0,110.62595097927587
4425,1979-08-27,148.1914482667569,68.67227610436177,150.48698780756214,148.1914482667569,148.1914482667569,-37.64080935136409,-37.64080935136409,-37.64080935136409,-37.64080935136409,-37.64080935136409,-37.64080935136409,0.0,0.0,0.0,110.55063891539282
4426,1979-08-28,148.03830831730804,67.13518428380223,148.8009043306419,148.03830831730804,148.03830831730804,-37.51416255179579,-37.51416255179579,-37.51416255179579,-37.51416255179579,-37.51416255179579,-37.51416255179579,0.0,0.0,0.0,110.52414576551224
4427,1979-08-29,147.88516836785914,66.769980877869,152.76255775573676,147.88516836785914,147.88516836785914,-37.38821224426017,-37.38821224426017,-37.38821224426017,-37.38821224426017,-37.38821224426017,-37.38821224426017,0.0,0.0,0.0,110.49695612359898
4428,1979-08-30,147.7320284184101,71.72363082249224,152.6868578180362,147.7320284184101,147.7320284184101,-37.26295955780455,-37.26295955780455,-37.26295955780455,-37.26295955780455,-37.26295955780455,-37.26295955780455,0.0,0.0,0.0,110.46906886060555
4429,1979-08-31,147.57888846896122,69.83522873911974,150.30890030845643,147.57888846896122,147.57888846896122,-37.13840560303809,-37.13840560303809,-37.13840560303809,-37.13840560303809,-37.13840560303809,-37.13840560303809,0.0,0.0,0.0,110.44048286592314
4430,1979-09-04,146.96632867116574,68.43992206216294,150.39218410287336,146.96632867116574,146.96632867116574,-36.64719866609287,-36.64719866609287,-36.64719866609287,-36.64719866609287,-36.64719866609287,-36.64719866609287,0.0,0.0,0.0,110.31913000507288
4431,1979-09-05,146.81318872171687,72.88316881479219,152.07085564341708,146.81318872171687,146.81318872171687,-36.526154381571494,-36.526154381571494,-36.526154381571494,-36.526154381571494,-36.526154381571494,-36.526154381571494,0.0,0.0,0.0,110.28703434014537
4432,1979-09-06,146.660048772268,69.85664112442915,151.79482181977298,146.660048772268,146.660048772268,-36.405815103612476,-36.405815103612476,-36.405815103612476,-36.405815103612476,-36.405815103612476,-36.405815103612476,0.0,0.0,0.0,110.25423366865553
4433,1979-09-07,146.50690882281893,67.13830709205196,154.28798933657401,146.50690882281893,146.50690882281893,-36.286181812983614,-36.286181812983614,-36.286181812983614,-36.286181812983614,-36.286181812983614,-36.286181812983614,0.0,0.0,0.0,110.22072700983531
4434,1979-09-10,146.04748897447232,70.84375633857024,153.39077045194537,146.04748897447232,146.04748897447232,-35.931527392846526,-35.931527392846526,-35.931527392846526,-35.931527392846526,-35.931527392846526,-35.931527392846526,0.0,0.0,0.0,110.11596158162578
4435,1979-09-11,145.89434902502344,68.40107438926829,152.87455622644512,145.89434902502344,145.89434902502344,-35.81472748584111,-35.81472748584111,-35.81472748584111,-35.81472748584111,-35.81472748584111,-35.81472748584111,0.0,0.0,0.0,110.07962153918234
4436,1979-09-12,145.74120907557457,68.28912366601656,148.69348506324792,145.74120907557457,145.74120907557457,-35.6986381897733,-35.6986381897733,-35.6986381897733,-35.6986381897733,-35.6986381897733,-35.6986381897733,0.0,0.0,0.0,110.04257088580127
4437,1979-09-13,145.5880691261257,67.76926215229005,151.90538478338252,145.5880691261257,145.5880691261257,-35.583260373161046,-35.583260373161046,-35.583260373161046,-35.583260373161046,-35.583260373161046,-35.583260373161046,0.0,0.0,0.0,110.00480875296466
4438,1979-09-14,145.43492917667666,69.5887070986808,152.9059991855118,145.43492917667666,145.43492917667666,-35.46859488573926,-35.46859488573926,-35.46859488573926,-35.46859488573926,-35.46859488573926,-35.46859488573926,0.0,0.0,0.0,109.9663342909374
4439,1979-09-17,144.97550932833002,68.52202072623268,153.43113713108994,144.97550932833002,144.97550932833002,-35.128880613791026,-35.128880613791026,-35.128880613791026,-35.128880613791026,-35.128880613791026,-35.128880613791026,0.0,0.0,0.0,109.846628714539
4440,1979-09-18,144.82236937888115,70.04694207330593,155.43657336817463,144.82236937888115,144.82236937888115,-35.01707256411811,-35.01707256411811,-35.01707256411811,-35.01707256411811,-35.01707256411811,-35.01707256411811,0.0,0.0,0.0,109.80529681476304
4441,1979-09-19,144.66922942943228,67.58749024171576,148.07946065584304,144.66922942943228,144.66922942943228,-34.905980809878606,-34.905980809878606,-34.905980809878606,-34.905980809878606,-34.905980809878606,-34.905980809878606,0.0,0.0,0.0,109.76324861955368
4442,1979-09-20,144.5160894799834,67.2932957502879,149.20787612275993,144.5160894799834,144.5160894799834,-34.79560608770928,-34.79560608770928,-34.79560608770928,-34.79560608770928,-34.79560608770928,-34.79560608770928,0.0,0.0,0.0,109.72048339227413
4443,1979-09-21,144.36294953053454,68.8973432466273,151.8867971296022,144.36294953053454,144.36294953053454,-34.685949115337486,-34.685949115337486,-34.685949115337486,-34.685949115337486,-34.685949115337486,-34.685949115337486,0.0,0.0,0.0,109.67700041519706
4444,1979-09-24,143.90352968218772,67.51816664106457,151.7430437306501,143.90352968218772,143.90352968218772,-34.36129159032008,-34.36129159032008,-34.36129159032008,-34.36129159032008,-34.36129159032008,-34.36129159032008,0.0,0.0,0.0,109.54223809186765
4445,1979-09-25,143.75038973273885,69.27553579008318,154.39694671685044,143.75038973273885,143.75038973273885,-34.254512415696645,-34.254512415696645,-34.254512415696645,-34.254512415696645,-34.254512415696645,-34.254512415696645,0.0,0.0,0.0,109.49587731704221
4446,1979-09-26,143.59724978328998,68.90412915790233,149.86151614490112,143.59724978328998,143.59724978328998,-34.148454295347875,-34.148454295347875,-34.148454295347875,-34.148454295347875,-34.148454295347875,-34.148454295347875,0.0,0.0,0.0,109.4487954879421
4447,1979-09-27,143.4441098338411,68.94406044725902,154.82316788874593,143.4441098338411,143.4441098338411,-34.043117833242896,-34.043117833242896,-34.043117833242896,-34.043117833242896,-34.043117833242896,-34.043117833242896,0.0,0.0,0.0,109.40099200059822
4448,1979-09-28,143.29096988439224,67.85544181664422,149.79379833800147,143.29096988439224,143.29096988439224,-33.93850361434623,-33.93850361434623,-33.93850361434623,-33.93850361434623,-33.93850361434623,-33.93850361434623,0.0,0.0,0.0,109.35246627004601
4449,1979-10-01,142.83155003604546,69.66226009029462,148.8256848772509,142.83155003604546,142.83155003604546,-33.628999981269196,-33.628999981269196,-33.628999981269196,-33.628999981269196,-33.628999981269196,-33.628999981269196,0.0,0.0,0.0,109.20255005477625
4450,1979-10-02,142.67841008659659,68.04043968446156,149.74024187954316,142.67841008659659,142.67841008659659,-33.52728020440351,-33.52728020440351,-33.52728020440351,-33.52728020440351,-33.52728020440351,-33.52728020440351,0.0,0.0,0.0,109.15112988219308
4451,1979-10-03,142.52527013714771,66.7793754855401,153.47684097532223,142.52527013714771,142.52527013714771,-33.426285310148415,-33.426285310148415,-33.426285310148415,-33.426285310148415,-33.426285310148415,-33.426285310148415,0.0,0.0,0.0,109.0989848269993
4452,1979-10-04,142.37213018769882,68.14460090181535,149.7688494353607,142.37213018769882,142.37213018769882,-33.32601576923659,-33.32601576923659,-33.32601576923659,-33.32601576923659,-33.32601576923659,-33.32601576923659,0.0,0.0,0.0,109.04611441846222
4453,1979-10-05,142.21899023824994,70.30515459792623,148.98032059193648,142.21899023824994,142.21899023824994,-33.226472033333046,-33.226472033333046,-33.226472033333046,-33.226472033333046,-33.226472033333046,-33.226472033333046,0.0,0.0,0.0,108.9925182049169
4454,1979-10-08,141.75957038990316,70.71698899719188,150.8386942034767,141.75957038990316,141.75957038990316,-32.932199886181635,-32.932199886181635,-32.932199886181635,-32.932199886181635,-32.932199886181635,-32.932199886181635,0.0,0.0,0.0,108.82737050372153
4455,1979-10-09,141.6064304404543,67.244026498192,150.3914531036893,141.6064304404543,141.6064304404543,-32.83556350540115,-32.83556350540115,-32.83556350540115,-32.83556350540115,-32.83556350540115,-32.83556350540115,0.0,0.0,0.0,108.77086693505314
4456,1979-10-10,141.45329049100542,63.89317465570407,150.85872652767944,141.45329049100542,141.45329049100542,-32.739654901738334,-32.739654901738334,-32.739654901738334,-32.739654901738334,-32.739654901738334,-32.739654901738334,0.0,0.0,0.0,108.71363558926708
4457,1979-10-11,141.30015054155655,71.74081543848494,152.49265847890828,141.30015054155655,141.30015054155655,-32.64447441233954,-32.64447441233954,-32.64447441233954,-32.64447441233954,-32.64447441233954,-32.64447441233954,0.0,0.0,0.0,108.655676129217
4458,1979-10-12,141.14701059210768,66.78982406031622,150.25552986159363,141.14701059210768,141.14701059210768,-32.55002235525139,-32.55002235525139,-32.55002235525139,-32.55002235525139,-32.55002235525139,-32.55002235525139,0.0,0.0,0.0,108.59698823685628
4459,1979-10-15,140.68759074376086,65.91747448860946,149.7058409562297,140.68759074376086,140.68759074376086,-32.27103967178243,-32.27103967178243,-32.27103967178243,-32.27103967178243,-32.27103967178243,-32.27103967178243,0.0,0.0,0.0,108.41655107197843
4460,1979-10-16,140.534450794312,65.6669145091513,150.85666734719845,140.534450794312,140.534450794312,-32.17950414235014,-32.17950414235014,-32.17950414235014,-32.17950414235014,-32.17950414235014,-32.17950414235014,0.0,0.0,0.0,108.35494665196185
4461,1979-10-17,140.38131084486312,66.13938530259087,146.7052222984088,140.38131084486312,140.38131084486312,-32.08869834891621,-32.08869834891621,-32.08869834891621,-32.08869834891621,-32.08869834891621,-32.08869834891621,0.0,0.0,0.0,108.29261249594691
4462,1979-10-18,140.22817089541425,65.28241898750862,149.13243196488824,140.22817089541425,140.22817089541425,-31.998622494907654,-31.998622494907654,-31.998622494907654,-31.998622494907654,-31.998622494907654,-31.998622494907654,0.0,0.0,0.0,108.2295484005066
4463,1979-10-19,140.07503094596538,67.97533578347661,148.49202887094305,140.07503094596538,140.07503094596538,-31.909276764650784,-31.909276764650784,-31.909276764650784,-31.909276764650784,-31.909276764650784,-31.909276764650784,0.0,0.0,0.0,108.1657541813146
4464,1979-10-22,139.61561109761857,66.0800371948344,149.82992006239763,139.61561109761857,139.61561109761857,-31.645621873193086,-31.645621873193086,-31.645621873193086,-31.645621873193086,-31.645621873193086,-31.645621873193086,0.0,0.0,0.0,107.96998922442549
4465,1979-10-23,139.4624711481697,65.1969699775941,149.37321713605473,139.4624711481697,139.4624711481697,-31.559198099282458,-31.559198099282458,-31.559198099282458,-31.559198099282458,-31.559198099282458,-31.559198099282458,0.0,0.0,0.0,107.90327304888724
4466,1979-10-24,139.30933119872083,66.51589059741413,148.39254078848933,139.30933119872083,139.30933119872083,-31.473505084344676,-31.473505084344676,-31.473505084344676,-31.473505084344676,-31.473505084344676,-31.473505084344676,0.0,0.0,0.0,107.83582611437615
4467,1979-10-25,139.15619124927196,67.1045847476543,148.60423266492148,139.15619124927196,139.15619124927196,-31.388542898171583,-31.388542898171583,-31.388542898171583,-31.388542898171583,-31.388542898171583,-31.388542898171583,0.0,0.0,0.0,107.76764835110038
4468,1979-10-26,139.00305129982308,66.56054871844776,151.73952479238545,139.00305129982308,139.00305129982308,-31.30431159148356,-31.30431159148356,-31.30431159148356,-31.30431159148356,-31.30431159148356,-31.30431159148356,0.0,0.0,0.0,107.69873970833953
4469,1979-10-29,138.54363145147647,63.502798476840866,144.1040801900226,138.54363145147647,138.54363145147647,-31.05600316960749,-31.05600316960749,-31.05600316960749,-31.05600316960749,-31.05600316960749,-31.05600316960749,0.0,0.0,0.0,107.48762828186898
4470,1979-10-30,138.3904915020274,64.18615246133726,149.00004410474287,138.3904915020274,138.3904915020274,-30.9746955068831,-30.9746955068831,-30.9746955068831,-30.9746955068831,-30.9746955068831,-30.9746955068831,0.0,0.0,0.0,107.4157959951443
4471,1979-10-31,138.23735155257853,63.20119717695039,149.04453030192823,138.23735155257853,138.23735155257853,-30.894118691431196,-30.894118691431196,-30.894118691431196,-30.894118691431196,-30.894118691431196,-30.894118691431196,0.0,0.0,0.0,107.34323286114733
4472,1979-11-01,138.08421160312966,68.24886346645424,150.75411396857146,138.08421160312966,138.08421160312966,-30.814272659706628,-30.814272659706628,-30.814272659706628,-30.814272659706628,-30.814272659706628,-30.814272659706628,0.0,0.0,0.0,107.26993894342303
4473,1979-11-02,137.9310716536808,66.59546763796757,148.96669363983332,137.9310716536808,137.9310716536808,-30.735157329152784,-30.735157329152784,-30.735157329152784,-30.735157329152784,-30.735157329152784,-30.735157329152784,0.0,0.0,0.0,107.195914324528
4474,1979-11-05,137.47165180533418,67.16500139940128,146.32531649885914,137.47165180533418,137.47165180533418,-30.502194434016484,-30.502194434016484,-30.502194434016484,-30.502194434016484,-30.502194434016484,-30.502194434016484,0.0,0.0,0.0,106.96945737131769
4475,1979-11-06,137.31851185588513,63.92276641691325,151.55100823230933,137.31851185588513,137.31851185588513,-30.42600070275314,-30.42600070275314,-30.42600070275314,-30.42600070275314,-30.42600070275314,-30.42600070275314,0.0,0.0,0.0,106.89251115313199
4476,1979-11-07,137.16537190643626,66.72067448530524,147.3405410098953,137.16537190643626,137.16537190643626,-30.350536975116302,-30.350536975116302,-30.350536975116302,-30.350536975116302,-30.350536975116302,-30.350536975116302,0.0,0.0,0.0,106.81483493131996
4477,1979-11-08,137.01223195698736,65.57740705943094,147.5826545848824,137.01223195698736,137.01223195698736,-30.2758030547353,-30.2758030547353,-30.2758030547353,-30.2758030547353,-30.2758030547353,-30.2758030547353,0.0,0.0,0.0,106.73642890225207
4478,1979-11-09,136.8590920075385,67.78008675214743,150.4757124208245,136.8590920075385,136.8590920075385,-30.20179872631819,-30.20179872631819,-30.20179872631819,-30.20179872631819,-30.20179872631819,-30.20179872631819,0.0,0.0,0.0,106.6572932812203
4479,1979-11-12,136.3996721591918,65.67856428034048,147.30325383006556,136.3996721591918,136.3996721591918,-29.98416085644528,-29.98416085644528,-29.98416085644528,-29.98416085644528,-29.98416085644528,-29.98416085644528,0.0,0.0,0.0,106.41551130274652
4480,1979-11-13,136.46528259467814,66.11163254824582,147.22734946419382,136.46528259467814,136.46528259467814,-29.913072365097,-29.913072365097,-29.913072365097,-29.913072365097,-29.913072365097,-29.913072365097,0.0,0.0,0.0,106.55221022958114
4481,1979-11-14,136.53089303016458,62.72828923708714,148.98986684547057,136.53089303016458,136.53089303016458,-29.84271210599792,-29.84271210599792,-29.84271210599792,-29.84271210599792,-29.84271210599792,-29.84271210599792,0.0,0.0,0.0,106.68818092416666
4482,1979-11-15,136.59650346565098,65.65312584379612,150.4917631244857,136.59650346565098,136.59650346565098,-29.773079750673862,-29.773079750673862,-29.773079750673862,-29.773079750673862,-29.773079750673862,-29.773079750673862,0.0,0.0,0.0,106.82342371497712
4483,1979-11-16,136.66211390113733,64.91130528480333,146.71448323133683,136.66211390113733,136.66211390113733,-29.704174951850295,-29.704174951850295,-29.704174951850295,-29.704174951850295,-29.704174951850295,-29.704174951850295,0.0,0.0,0.0,106.95793894928704
4484,1979-11-19,136.85894520759646,64.40197317502805,151.39925451567657,136.85894520759646,136.85894520759646,-29.501822140040197,-29.501822140040197,-29.501822140040197,-29.501822140040197,-29.501822140040197,-29.501822140040197,0.0,0.0,0.0,107.35712306755627
4485,1979-11-20,136.92455564308278,65.7758483813412,146.68123759373964,136.92455564308278,136.92455564308278,-29.435823719155493,-29.435823719155493,-29.435823719155493,-29.435823719155493,-29.435823719155493,-29.435823719155493,0.0,0.0,0.0,107.48873192392729
4486,1979-11-21,136.99016607856922,69.42072465096787,151.76678373261984,136.99016607856922,136.99016607856922,-29.37055083709365,-29.37055083709365,-29.37055083709365,-29.37055083709365,-29.37055083709365,-29.37055083709365,0.0,0.0,0.0,107.61961524147557
4487,1979-11-23,137.121386949542,67.46118646286565,145.81403576395084,137.121386949542,137.121386949542,-29.242179832201817,-29.242179832201817,-29.242179832201817,-29.242179832201817,-29.242179832201817,-29.242179832201817,0.0,0.0,0.0,107.87920711734019
4488,1979-11-26,137.3182182560011,69.10076027925567,149.67163587082288,137.3182182560011,137.3182182560011,-29.055052769220882,-29.055052769220882,-29.055052769220882,-29.055052769220882,-29.055052769220882,-29.055052769220882,0.0,0.0,0.0,108.26316548678022
4489,1979-11-27,137.38382869148745,69.17022440144339,147.79785862220854,137.38382869148745,137.38382869148745,-28.99412281558133,-28.99412281558133,-28.99412281558133,-28.99412281558133,-28.99412281558133,-28.99412281558133,0.0,0.0,0.0,108.38970587590612
4490,1979-11-28,137.44943912697389,65.14667652941074,149.9462353782801,137.44943912697389,137.44943912697389,-28.933914792422122,-28.933914792422122,-28.933914792422122,-28.933914792422122,-28.933914792422122,-28.933914792422122,0.0,0.0,0.0,108.51552433455177
4491,1979-11-29,137.51504956246032,67.22809677881806,149.00256754886556,137.51504956246032,137.51504956246032,-28.874428110060183,-28.874428110060183,-28.874428110060183,-28.874428110060183,-28.874428110060183,-28.874428110060183,0.0,0.0,0.0,108.64062145240014
4492,1979-11-30,137.58065999794664,67.56364224639174,149.3125024675982,137.58065999794664,137.58065999794664,-28.81566216034049,-28.81566216034049,-28.81566216034049,-28.81566216034049,-28.81566216034049,-28.81566216034049,0.0,0.0,0.0,108.76499783760615
4493,1979-12-03,137.77749130440577,67.4069365933644,149.10855263308542,137.77749130440577,137.77749130440577,-28.643682348991184,-28.643682348991184,-28.643682348991184,-28.643682348991184,-28.643682348991184,-28.643682348991184,0.0,0.0,0.0,109.1338089554146
4494,1979-12-04,137.8431017398921,72.00127187883075,153.8961021666275,137.8431017398921,137.8431017398921,-28.58779287983548,-28.58779287983548,-28.58779287983548,-28.58779287983548,-28.58779287983548,-28.58779287983548,0.0,0.0,0.0,109.25530886005662
4495,1979-12-05,137.90871217537844,68.51884140186046,150.12892771014617,137.90871217537844,137.90871217537844,-28.532620826461777,-28.532620826461777,-28.532620826461777,-28.532620826461777,-28.532620826461777,-28.532620826461777,0.0,0.0,0.0,109.37609134891666
4496,1979-12-06,137.97432261086487,70.26619272118586,153.19249957743625,137.97432261086487,137.97432261086487,-28.478165470488563,-28.478165470488563,-28.478165470488563,-28.478165470488563,-28.478165470488563,-28.478165470488563,0.0,0.0,0.0,109.49615714037631
4497,1979-12-07,138.0399330463513,67.6859621531445,152.56872878541662,138.0399330463513,138.0399330463513,-28.424426075269775,-28.424426075269775,-28.424426075269775,-28.424426075269775,-28.424426075269775,-28.424426075269775,0.0,0.0,0.0,109.61550697108153
4498,1979-12-10,138.2367643528104,67.4088101274525,152.11294688851777,138.2367643528104,138.2367643528104,-28.267496014385422,-28.267496014385422,-28.267496014385422,-28.267496014385422,-28.267496014385422,-28.267496014385422,0.0,0.0,0.0,109.969268338425
4499,1979-12-11,138.30237478829676,68.63553242513865,148.59682476623735,138.30237478829676,138.30237478829676,-28.21661273156186,-28.21661273156186,-28.21661273156186,-28.21661273156186,-28.21661273156186,-28.21661273156186,0.0,0.0,0.0,110.0857620567349
4500,1979-12-12,138.3679852237831,68.51900531195899,153.56290756190623,138.3679852237831,138.3679852237831,-28.166441453431208,-28.166441453431208,-28.166441453431208,-28.166441453431208,-28.166441453431208,-28.166441453431208,0.0,0.0,0.0,110.2015437703519
4501,1979-12-13,138.43359565926954,68.56946417927344,154.03302704526445,138.43359565926954,138.43359565926954,-28.116981334450706,-28.116981334450706,-28.116981334450706,-28.116981334450706,-28.116981334450706,-28.116981334450706,0.0,0.0,0.0,110.31661432481883
4502,1979-12-14,138.49920609475595,69.04996148817372,150.85234192533034,138.49920609475595,138.49920609475595,-28.068231511048047,-28.068231511048047,-28.068231511048047,-28.068231511048047,-28.068231511048047,-28.068231511048047,0.0,0.0,0.0,110.4309745837079
4503,1979-12-17,138.69603740121508,69.31237595232435,153.3798052329672,138.69603740121508,138.69603740121508,-27.92623490890909,-27.92623490890909,-27.92623490890909,-27.92623490890909,-27.92623490890909,-27.92623490890909,0.0,0.0,0.0,110.76980249230598
4504,1979-12-18,138.76164783670143,69.12328561835233,154.53583210987418,138.76164783670143,138.76164783670143,-27.880317272784517,-27.880317272784517,-27.880317272784517,-27.880317272784517,-27.880317272784517,-27.880317272784517,0.0,0.0,0.0,110.88133056391692
4505,1979-12-19,138.82725827218775,70.43865768728065,150.6753768767678,138.82725827218775,138.82725827218775,-27.835105345217674,-27.835105345217674,-27.835105345217674,-27.835105345217674,-27.835105345217674,-27.835105345217674,0.0,0.0,0.0,110.99215292697008
4506,1979-12-20,138.89286870767418,70.35747486006541,152.27280911737014,138.89286870767418,138.89286870767418,-27.790598155235628,-27.790598155235628,-27.790598155235628,-27.790598155235628,-27.790598155235628,-27.790598155235628,0.0,0.0,0.0,111.10227055243855
4507,1979-12-21,138.95847914316062,67.06676712008371,152.41771900000126,138.95847914316062,138.95847914316062,-27.74679471409908,-27.74679471409908,-27.74679471409908,-27.74679471409908,-27.74679471409908,-27.74679471409908,0.0,0.0,0.0,111.21168442906153
4508,1979-12-24,139.15531044961972,71.48399552434431,150.89930174767485,139.15531044961972,139.15531044961972,-27.61959673072129,-27.61959673072129,-27.61959673072129,-27.61959673072129,-27.61959673072129,-27.61959673072129,0.0,0.0,0.0,111.53571371889842
4509,1979-12-26,139.28653132059242,69.82352975179528,153.67703000632497,139.28653132059242,139.28653132059242,-27.538297896668453,-27.538297896668453,-27.538297896668453,-27.538297896668453,-27.538297896668453,-27.538297896668453,0.0,0.0,0.0,111.74823342392396
4510,1979-12-27,139.35214175607877,72.03927229857928,153.70880108795853,139.35214175607877,139.35214175607877,-27.49869519526743,-27.49869519526743,-27.49869519526743,-27.49869519526743,-27.49869519526743,-27.49869519526743,0.0,0.0,0.0,111.85344656081134
4511,1979-12-28,139.4177521915652,68.89835900113107,150.67222290068025,139.4177521915652,139.4177521915652,-27.45978882749925,-27.45978882749925,-27.45978882749925,-27.45978882749925,-27.45978882749925,-27.45978882749925,0.0,0.0,0.0,111.95796336406595
4512,1979-12-31,139.6145834980243,71.74043783587622,157.07026456231998,139.6145834980243,139.6145834980243,-27.347236345196013,-27.347236345196013,-27.347236345196013,-27.347236345196013,-27.347236345196013,-27.347236345196013,0.0,0.0,0.0,112.2673471528283
4513,1980-01-02,139.74580436899709,70.83327172411471,158.82913759096664,139.74580436899709,139.74580436899709,-27.2756618568518,-27.2756618568518,-27.2756618568518,-27.2756618568518,-27.2756618568518,-27.2756618568518,0.0,0.0,0.0,112.47014251214529
4514,1980-01-03,139.8114148044834,71.27220440751017,152.00859638649845,139.8114148044834,139.8114148044834,-27.240909166670548,-27.240909166670548,-27.240909166670548,-27.240909166670548,-27.240909166670548,-27.240909166670548,0.0,0.0,0.0,112.57050563781286
4515,1980-01-04,139.87702523996984,69.50812422862911,157.39071889569828,139.87702523996984,139.87702523996984,-27.20684454081533,-27.20684454081533,-27.20684454081533,-27.20684454081533,-27.20684454081533,-27.20684454081533,0.0,0.0,0.0,112.67018069915451
4516,1980-01-07,140.07385654642894,71.72715140319815,154.4446430371093,140.07385654642894,140.07385654642894,-27.108766462390903,-27.108766462390903,-27.108766462390903,-27.108766462390903,-27.108766462390903,-27.108766462390903,0.0,0.0,0.0,112.96509008403804
4517,1980-01-08,140.13946698191538,72.97567685065096,153.8295745748418,140.13946698191538,140.13946698191538,-27.077441421892974,-27.077441421892974,-27.077441421892974,-27.077441421892974,-27.077441421892974,-27.077441421892974,0.0,0.0,0.0,113.0620255600224
4518,1980-01-09,140.20507741740172,72.41123880852793,152.81123374866863,140.20507741740172,140.20507741740172,-27.04679802478653,-27.04679802478653,-27.04679802478653,-27.04679802478653,-27.04679802478653,-27.04679802478653,0.0,0.0,0.0,113.1582793926152
4519,1980-01-10,140.27068785288807,71.30194215849058,155.01499317845204,140.27068785288807,140.27068785288807,-27.01683493608016,-27.01683493608016,-27.01683493608016,-27.01683493608016,-27.01683493608016,-27.01683493608016,0.0,0.0,0.0,113.25385291680792
4520,1980-01-11,140.3362982883745,72.53207101793441,155.45754158561792,140.3362982883745,140.3362982883745,-26.987550803964076,-26.987550803964076,-26.987550803964076,-26.987550803964076,-26.987550803964076,-26.987550803964076,0.0,0.0,0.0,113.34874748441044
4521,1980-01-14,140.5331295948336,71.2202655855307,152.67255542664975,140.5331295948336,140.5331295948336,-26.90375837785073,-26.90375837785073,-26.90375837785073,-26.90375837785073,-26.90375837785073,-26.90375837785073,0.0,0.0,0.0,113.62937121698289
4522,1980-01-15,140.59874003032004,73.62578661409025,157.42401839843785,140.59874003032004,140.59874003032004,-26.87717621941474,-26.87717621941474,-26.87717621941474,-26.87717621941474,-26.87717621941474,-26.87717621941474,0.0,0.0,0.0,113.72156381090531
4523,1980-01-16,140.6643504658064,72.33710266750487,152.02955367859,140.6643504658064,140.6643504658064,-26.851266008037456,-26.851266008037456,-26.851266008037456,-26.851266008037456,-26.851266008037456,-26.851266008037456,0.0,0.0,0.0,113.81308445776894
4524,1980-01-17,140.7299609012927,70.72006100356403,154.64245597039093,140.7299609012927,140.7299609012927,-26.826026292082407,-26.826026292082407,-26.826026292082407,-26.826026292082407,-26.826026292082407,-26.826026292082407,0.0,0.0,0.0,113.90393460921031
4525,1980-01-18,140.79557133677915,74.44813918914973,158.12685184049997,140.79557133677915,140.79557133677915,-26.801455603461037,-26.801455603461037,-26.801455603461037,-26.801455603461037,-26.801455603461037,-26.801455603461037,0.0,0.0,0.0,113.99411573331811
4526,1980-01-21,140.99240264323828,71.28345124049552,156.50998603004265,140.99240264323828,140.99240264323828,-26.73174277507056,-26.73174277507056,-26.73174277507056,-26.73174277507056,-26.73174277507056,-26.73174277507056,0.0,0.0,0.0,114.26065986816772
4527,1980-01-22,141.0580130787246,73.92956438528405,155.12634938077196,141.0580130787246,141.0580130787246,-26.709833187761244,-26.709833187761244,-26.709833187761244,-26.709833187761244,-26.709833187761244,-26.709833187761244,0.0,0.0,0.0,114.34817989096335
4528,1980-01-23,141.12362351421103,72.1791822196943,154.6061089827209,141.12362351421103,141.12362351421103,-26.68858504247502,-26.68858504247502,-26.68858504247502,-26.68858504247502,-26.68858504247502,-26.68858504247502,0.0,0.0,0.0,114.43503847173602
4529,1980-01-24,141.18923394969738,75.16125339519746,157.01978264621664,141.18923394969738,141.18923394969738,-26.667996773566667,-26.667996773566667,-26.667996773566667,-26.667996773566667,-26.667996773566667,-26.667996773566667,0.0,0.0,0.0,114.52123717613071
4530,1980-01-25,141.25484438518373,75.1682551059389,158.5379091486579,141.25484438518373,141.25484438518373,-26.648066799328873,-26.648066799328873,-26.648066799328873,-26.648066799328873,-26.648066799328873,-26.648066799328873,0.0,0.0,0.0,114.60677758585486
4531,1980-01-28,141.45167569164292,74.66338820888554,155.08518038402335,141.45167569164292,141.45167569164292,-26.592210587848424,-26.592210587848424,-26.592210587848424,-26.592210587848424,-26.592210587848424,-26.592210587848424,0.0,0.0,0.0,114.85946510379449
4532,1980-01-29,141.51728612712927,76.39378253549894,157.99786553067742,141.51728612712927,141.51728612712927,-26.574897656005895,-26.574897656005895,-26.574897656005895,-26.574897656005895,-26.574897656005895,-26.574897656005895,0.0,0.0,0.0,114.94238847112337
4533,1980-01-30,141.5828965626157,71.77630979351059,156.15477592761525,141.5828965626157,141.5828965626157,-26.558234871400536,-26.558234871400536,-26.558234871400536,-26.558234871400536,-26.558234871400536,-26.558234871400536,0.0,0.0,0.0,115.02466169121516
4534,1980-01-31,141.64850699810205,71.30365005222454,151.24239780874913,141.64850699810205,141.64850699810205,-26.542220557179633,-26.542220557179633,-26.542220557179633,-26.542220557179633,-26.542220557179633,-26.542220557179633,0.0,0.0,0.0,115.10628644092242
4535,1980-02-01,141.71411743358837,73.07218924971295,156.35080075192533,141.71411743358837,141.71411743358837,-26.526853020841802,-26.526853020841802,-26.526853020841802,-26.526853020841802,-26.526853020841802,-26.526853020841802,0.0,0.0,0.0,115.18726441274657
4536,1980-02-04,141.9109487400475,75.41841390615299,156.58179881192595,141.9109487400475,141.9109487400475,-26.48461392066361,-26.48461392066361,-26.48461392066361,-26.48461392066361,-26.48461392066361,-26.48461392066361,0.0,0.0,0.0,115.4263348193839
4537,1980-02-05,141.9765591755339,74.45739222959425,155.38812743976473,141.9765591755339,141.9765591755339,-26.471816260009966,-26.471816260009966,-26.471816260009966,-26.471816260009966,-26.471816260009966,-26.471816260009966,0.0,0.0,0.0,115.50474291552393
4538,1980-02-06,142.04216961102034,72.15198913574329,157.3730754983328,142.04216961102034,142.04216961102034,-26.459656682148307,-26.459656682148307,-26.459656682148307,-26.459656682148307,-26.459656682148307,-26.459656682148307,0.0,0.0,0.0,115.58251292887203
4539,1980-02-07,142.1077800465067,75.15177958021478,158.02832842977503,142.1077800465067,142.1077800465067,-26.44813340197924,-26.44813340197924,-26.44813340197924,-26.44813340197924,-26.44813340197924,-26.44813340197924,0.0,0.0,0.0,115.65964664452744
4540,1980-02-08,142.17339048199304,77.4370059036096,157.21800402573348,142.17339048199304,142.17339048199304,-26.437244619190178,-26.437244619190178,-26.437244619190178,-26.437244619190178,-26.437244619190178,-26.437244619190178,0.0,0.0,0.0,115.73614586280286
4541,1980-02-11,142.37022178845214,75.25977031163407,159.39244894825563,142.37022178845214,142.37022178845214,-26.408367025127912,-26.408367025127912,-26.408367025127912,-26.408367025127912,-26.408367025127912,-26.408367025127912,0.0,0.0,0.0,115.96185476332423
4542,1980-02-12,142.43583222393858,78.31354481194158,158.44662426394493,142.43583222393858,142.43583222393858,-26.399997926720136,-26.399997926720136,-26.399997926720136,-26.399997926720136,-26.399997926720136,-26.399997926720136,0.0,0.0,0.0,116.03583429721844
4543,1980-02-13,142.50144265942492,73.7712680658071,157.98481154808394,142.50144265942492,142.50144265942492,-26.392254098187824,-26.392254098187824,-26.392254098187824,-26.392254098187824,-26.392254098187824,-26.392254098187824,0.0,0.0,0.0,116.1091885612371
4544,1980-02-14,142.56705309491136,75.00985483203048,155.98487958876768,142.56705309491136,142.56705309491136,-26.385133649298805,-26.385133649298805,-26.385133649298805,-26.385133649298805,-26.385133649298805,-26.385133649298805,0.0,0.0,0.0,116.18191944561255
4545,1980-02-15,142.63266353039768,73.6641751302475,155.77731354081135,142.63266353039768,142.63266353039768,-26.378634675064525,-26.378634675064525,-26.378634675064525,-26.378634675064525,-26.378634675064525,-26.378634675064525,0.0,0.0,0.0,116.25402885533316
4546,1980-02-19,142.89510527234316,76.37402881417617,157.48892039391032,142.89510527234316,142.89510527234316,-26.358814912204558,-26.358814912204558,-26.358814912204558,-26.358814912204558,-26.358814912204558,-26.358814912204558,0.0,0.0,0.0,116.5362903601386
4547,1980-02-20,142.96071570782956,71.11125174401246,158.33664608633444,142.96071570782956,142.96071570782956,-26.355394224664472,-26.355394224664472,-26.355394224664472,-26.355394224664472,-26.355394224664472,-26.355394224664472,0.0,0.0,0.0,116.60532148316508
4548,1980-02-21,143.026326143316,72.25042057514516,158.84220640060153,143.026326143316,143.026326143316,-26.352583275749062,-26.352583275749062,-26.352583275749062,-26.352583275749062,-26.352583275749062,-26.352583275749062,0.0,0.0,0.0,116.67374286756694
4549,1980-02-22,143.09193657880235,75.27471646936385,157.4376942880578,143.09193657880235,143.09193657880235,-26.350380059075242,-26.350380059075242,-26.350380059075242,-26.350380059075242,-26.350380059075242,-26.350380059075242,0.0,0.0,0.0,116.74155651972711
4550,1980-02-25,143.28876788526145,75.91349101240826,162.32007610469208,143.28876788526145,143.28876788526145,-26.347396525959972,-26.347396525959972,-26.347396525959972,-26.347396525959972,-26.347396525959972,-26.347396525959972,0.0,0.0,0.0,116.94137135930148
4551,1980-02-26,143.3543783207478,76.37554091603012,159.26655541054913,143.3543783207478,143.3543783207478,-26.347603891298625,-26.347603891298625,-26.347603891298625,-26.347603891298625,-26.347603891298625,-26.347603891298625,0.0,0.0,0.0,117.00677442944917
4552,1980-02-27,143.41998875623423,72.89317356468366,154.97257676154706,143.41998875623423,143.41998875623423,-26.34840874523979,-26.34840874523979,-26.34840874523979,-26.34840874523979,-26.34840874523979,-26.34840874523979,0.0,0.0,0.0,117.07158001099444
4553,1980-02-28,143.48559919172067,74.6280179714774,155.4748260525499,143.48559919172067,143.48559919172067,-26.3498089972079,-26.3498089972079,-26.3498089972079,-26.3498089972079,-26.3498089972079,-26.3498089972079,0.0,0.0,0.0,117.13579019451277
4554,1980-02-29,143.55120962720702,73.98591775410407,157.49919669617285,143.55120962720702,143.55120962720702,-26.351802542845675,-26.351802542845675,-26.351802542845675,-26.351802542845675,-26.351802542845675,-26.351802542845675,0.0,0.0,0.0,117.19940708436134
4555,1980-03-03,143.74804093366612,75.92044469540461,157.01397323979745,143.74804093366612,143.74804093366612,-26.361321693001912,-26.361321693001912,-26.361321693001912,-26.361321693001912,-26.361321693001912,-26.361321693001912,0.0,0.0,0.0,117.3867192406642
4556,1980-03-04,143.81365136915247,73.42065914565747,158.1742892185587,143.81365136915247,143.81365136915247,-26.36566709665505,-26.36566709665505,-26.36566709665505,-26.36566709665505,-26.36566709665505,-26.36566709665505,0.0,0.0,0.0,117.44798427249742
4557,1980-03-05,143.8792618046388,74.84917061626089,160.54060666836892,143.8792618046388,143.8792618046388,-26.370595068015476,-26.370595068015476,-26.370595068015476,-26.370595068015476,-26.370595068015476,-26.370595068015476,0.0,0.0,0.0,117.50866673662331
4558,1980-03-06,143.9448722401253,79.67956170827271,156.11798860618183,143.9448722401253,143.9448722401253,-26.376103421571102,-26.376103421571102,-26.376103421571102,-26.376103421571102,-26.376103421571102,-26.376103421571102,0.0,0.0,0.0,117.5687688185542
4559,1980-03-07,144.01048267561166,76.02575097598239,160.3806801202686,144.01048267561166,144.01048267561166,-26.382189958543535,-26.382189958543535,-26.382189958543535,-26.382189958543535,-26.382189958543535,-26.382189958543535,0.0,0.0,0.0,117.62829271706812
4560,1980-03-10,144.20731398207076,74.32724936677019,158.50592968499214,144.20731398207076,144.20731398207076,-26.403896484760498,-26.403896484760498,-26.403896484760498,-26.403896484760498,-26.403896484760498,-26.403896484760498,0.0,0.0,0.0,117.80341749731026
4561,1980-03-11,144.2729244175571,75.46911428516829,160.6104810216358,144.2729244175571,144.2729244175571,-26.412273504923487,-26.412273504923487,-26.412273504923487,-26.412273504923487,-26.412273504923487,-26.412273504923487,0.0,0.0,0.0,117.86065091263362
4562,1980-03-12,144.33853485304346,75.01398974465967,162.91561165895146,144.33853485304346,144.33853485304346,-26.421217518255812,-26.421217518255812,-26.421217518255812,-26.421217518255812,-26.421217518255812,-26.421217518255812,0.0,0.0,0.0,117.91731733478764
4563,1980-03-13,144.4041452885299,74.48283982696077,161.28943326114768,144.4041452885299,144.4041452885299,-26.430726247969954,-26.430726247969954,-26.430726247969954,-26.430726247969954,-26.430726247969954,-26.430726247969954,0.0,0.0,0.0,117.97341904055993
4564,1980-03-14,144.46975572401632,77.74551325427612,160.4909867421652,144.46975572401632,144.46975572401632,-26.440797404545076,-26.440797404545076,-26.440797404545076,-26.440797404545076,-26.440797404545076,-26.440797404545076,0.0,0.0,0.0,118.02895831947124
4565,1980-03-17,144.66658703047543,77.72847685160747,158.68093514796612,144.66658703047543,144.66658703047543,-26.474362350855653,-26.474362350855653,-26.474362350855653,-26.474362350855653,-26.474362350855653,-26.474362350855653,0.0,0.0,0.0,118.19222467961977
4566,1980-03-18,144.73219746596178,74.04195170026057,156.5374034498644,144.7321974659618,144.7321974659618,-26.48666006771673,-26.48666006771673,-26.48666006771673,-26.48666006771673,-26.48666006771673,-26.48666006771673,0.0,0.0,0.0,118.24553739824505
4567,1980-03-19,144.79780790144812,77.43727552975133,158.62634574360135,144.79780790144812,144.79780790144812,-26.499508575557133,-26.499508575557133,-26.499508575557133,-26.499508575557133,-26.499508575557133,-26.499508575557133,0.0,0.0,0.0,118.298299325891
4568,1980-03-20,144.86341833693453,77.18522726740568,160.66757042904095,144.86341833693453,144.86341833693453,-26.51290551009475,-26.51290551009475,-26.51290551009475,-26.51290551009475,-26.51290551009475,-26.51290551009475,0.0,0.0,0.0,118.35051282683978
4569,1980-03-21,144.92902877242096,80.51886476079088,158.66553532794396,144.92902877242096,144.92902877242096,-26.526848494863255,-26.526848494863255,-26.526848494863255,-26.526848494863255,-26.526848494863255,-26.526848494863255,0.0,0.0,0.0,118.4021802775577
4570,1980-03-24,145.1258600788801,74.9033080856168,161.8308195612507,145.1258600788801,145.1258600788801,-26.571929804810058,-26.571929804810058,-26.571929804810058,-26.571929804810058,-26.571929804810058,-26.571929804810058,0.0,0.0,0.0,118.55393027407004
4571,1980-03-25,145.19147051436642,78.14338018571229,159.31843169588348,145.19147051436642,145.19147051436642,-26.588032984959145,-26.588032984959145,-26.588032984959145,-26.588032984959145,-26.588032984959145,-26.588032984959145,0.0,0.0,0.0,118.60343752940727
4572,1980-03-26,145.25708094985276,75.63196750633378,162.12558432274108,145.25708094985276,145.25708094985276,-26.60467015305124,-26.60467015305124,-26.60467015305124,-26.60467015305124,-26.60467015305124,-26.60467015305124,0.0,0.0,0.0,118.65241079680152
4573,1980-03-27,145.3226913853392,76.72306917678792,164.06969465486466,145.3226913853392,145.3226913853392,-26.621838861202363,-26.621838861202363,-26.621838861202363,-26.621838861202363,-26.621838861202363,-26.621838861202363,0.0,0.0,0.0,118.70085252413683
4574,1980-03-28,145.38830182082563,75.67892822040211,159.5032053673241,145.38830182082563,145.38830182082563,-26.63953664990926,-26.63953664990926,-26.63953664990926,-26.63953664990926,-26.63953664990926,-26.63953664990926,0.0,0.0,0.0,118.74876517091637
4575,1980-03-31,145.58513312728465,75.54332944352225,161.10503987982392,145.58513312728465,145.58513312728465,-26.69577973176784,-26.69577973176784,-26.69577973176784,-26.69577973176784,-26.69577973176784,-26.69577973176784,0.0,0.0,0.0,118.8893533955168
4576,1980-04-01,145.65074356277108,75.96722227665659,159.0741335063575,145.65074356277108,145.65074356277108,-26.71556901815592,-26.71556901815592,-26.71556901815592,-26.71556901815592,-26.71556901815592,-26.71556901815592,0.0,0.0,0.0,118.93517454461517
4577,1980-04-02,145.71635399825743,80.23567449682095,161.1966779736791,145.71635399825743,145.71635399825743,-26.735874916173486,-26.735874916173486,-26.735874916173486,-26.735874916173486,-26.735874916173486,-26.735874916173486,0.0,0.0,0.0,118.98047908208395
4578,1980-04-03,145.78196443374375,76.75007488290258,162.37478470739768,145.78196443374375,145.78196443374375,-26.756694898332206,-26.756694898332206,-26.756694898332206,-26.756694898332206,-26.756694898332206,-26.756694898332206,0.0,0.0,0.0,119.02526953541155
4579,1980-04-07,146.04440617568932,79.08052042535492,161.88092940345103,146.04440617568932,146.04440617568932,-26.845064733982248,-26.845064733982248,-26.845064733982248,-26.845064733982248,-26.845064733982248,-26.845064733982248,0.0,0.0,0.0,119.19934144170708
4580,1980-04-08,146.11001661117572,77.88133908823015,157.69781216151463,146.11001661117572,146.11001661117572,-26.86841684106869,-26.86841684106869,-26.86841684106869,-26.86841684106869,-26.86841684106869,-26.86841684106869,0.0,0.0,0.0,119.24159977010703
4581,1980-04-09,146.17562704666207,78.29726744766589,160.84028473784818,146.17562704666207,146.17562704666207,-26.892267638473854,-26.892267638473854,-26.892267638473854,-26.892267638473854,-26.892267638473854,-26.892267638473854,0.0,0.0,0.0,119.28335940818822
4582,1980-04-10,146.24123748214842,78.22873283710811,162.16300472900755,146.24123748214845,146.24123748214845,-26.916614523200327,-26.916614523200327,-26.916614523200327,-26.916614523200327,-26.916614523200327,-26.916614523200327,0.0,0.0,0.0,119.3246229589481
4583,1980-04-11,146.30684791763485,76.42301582830162,158.69997900077266,146.30684791763485,146.30684791763485,-26.94145488180354,-26.94145488180354,-26.94145488180354,-26.94145488180354,-26.94145488180354,-26.94145488180354,0.0,0.0,0.0,119.36539303583132
4584,1980-04-14,146.50367922409396,76.99755537683096,157.52375907352615,146.50367922409396,146.50367922409396,-27.018910511516797,-27.018910511516797,-27.018910511516797,-27.018910511516797,-27.018910511516797,-27.018910511516797,0.0,0.0,0.0,119.48476871257716
4585,1980-04-15,146.5692896595804,78.00930177067922,160.4481206442051,146.5692896595804,146.5692896595804,-27.0456984252358,-27.0456984252358,-27.0456984252358,-27.0456984252358,-27.0456984252358,-27.0456984252358,0.0,0.0,0.0,119.5235912343446
4586,1980-04-16,146.63490009506674,76.24348070360585,160.84855427471717,146.63490009506674,146.63490009506674,-27.072966591903796,-27.072966591903796,-27.072966591903796,-27.072966591903796,-27.072966591903796,-27.072966591903796,0.0,0.0,0.0,119.56193350316295
4587,1980-04-17,146.7005105305531,78.25278511107135,157.84582535152978,146.7005105305531,146.7005105305531,-27.10071233719941,-27.10071233719941,-27.10071233719941,-27.10071233719941,-27.10071233719941,-27.10071233719941,0.0,0.0,0.0,119.59979819335368
4588,1980-04-18,146.7661209660395,79.65027479508552,160.45864777887078,146.76612096603947,146.76612096603947,-27.128932976957913,-27.128932976957913,-27.128932976957913,-27.128932976957913,-27.128932976957913,-27.128932976957913,0.0,0.0,0.0,119.63718798908158
4589,1980-04-21,146.96295227249863,78.23671542246248,160.16813553319767,146.96295227249863,146.96295227249863,-27.216417275561103,-27.216417275561103,-27.216417275561103,-27.216417275561103,-27.216417275561103,-27.216417275561103,0.0,0.0,0.0,119.74653499693753
4590,1980-04-22,147.02856270798497,78.77991668711323,161.78881955232248,147.02856270798497,147.02856270798497,-27.246510457732914,-27.246510457732914,-27.246510457732914,-27.246510457732914,-27.246510457732914,-27.246510457732914,0.0,0.0,0.0,119.78205225025206
4591,1980-04-23,147.09417314347138,77.29690275986907,160.3885646156082,147.09417314347138,147.09417314347138,-27.27706496896809,-27.27706496896809,-27.27706496896809,-27.27706496896809,-27.27706496896809,-27.27706496896809,0.0,0.0,0.0,119.81710817450329
4592,1980-04-24,147.15978357895773,78.05297977249712,158.8855915725083,147.15978357895773,147.15978357895773,-27.308078067886868,-27.308078067886868,-27.308078067886868,-27.308078067886868,-27.308078067886868,-27.308078067886868,0.0,0.0,0.0,119.85170551107086
4593,1980-04-25,147.22539401444408,79.07401845863593,160.56517806857326,147.22539401444408,147.22539401444408,-27.339547003882483,-27.339547003882483,-27.339547003882483,-27.339547003882483,-27.339547003882483,-27.339547003882483,0.0,0.0,0.0,119.88584701056159
4594,1980-04-28,147.42222532090327,78.6856207610977,163.18299896163555,147.42222532090327,147.42222532090327,-27.436661191724912,-27.436661191724912,-27.436661191724912,-27.436661191724912,-27.436661191724912,-27.436661191724912,0.0,0.0,0.0,119.98556412917836
4595,1980-04-29,147.48783575638961,80.42093059102497,158.2146789936397,147.48783575638961,147.48783575638961,-27.46992578853298,-27.46992578853298,-27.46992578853298,-27.46992578853298,-27.46992578853298,-27.46992578853298,0.0,0.0,0.0,120.01790996785664
4596,1980-04-30,147.55344619187605,78.39221383971287,163.30691579146205,147.55344619187605,147.55344619187605,-27.50363233409412,-27.50363233409412,-27.50363233409412,-27.50363233409412,-27.50363233409412,-27.50363233409412,0.0,0.0,0.0,120.04981385778193
4597,1980-05-01,147.6190566273624,78.31046193224863,157.55630065142321,147.6190566273624,147.6190566273624,-27.53777802431104,-27.53777802431104,-27.53777802431104,-27.53777802431104,-27.53777802431104,-27.53777802431104,0.0,0.0,0.0,120.08127860305136
4598,1980-05-02,147.68466706284872,79.09699291631202,158.47096178888867,147.68466706284872,147.68466706284872,-27.57236004648522,-27.57236004648522,-27.57236004648522,-27.57236004648522,-27.57236004648522,-27.57236004648522,0.0,0.0,0.0,120.1123070163635
4599,1980-05-05,147.88149836930793,81.2443872018571,158.22270913845438,147.88149836930793,147.88149836930793,-27.67869585063949,-27.67869585063949,-27.67869585063949,-27.67869585063949,-27.67869585063949,-27.67869585063949,0.0,0.0,0.0,120.20280251866845
4600,1980-05-06,147.94710880479428,81.76313299313139,160.9205537409666,147.94710880479428,147.94710880479428,-27.71499490478815,-27.71499490478815,-27.71499490478815,-27.71499490478815,-27.71499490478815,-27.71499490478815,0.0,0.0,0.0,120.23211390000614
4601,1980-05-07,148.01271924028072,78.48236702327628,161.7567878713981,148.01271924028072,148.01271924028072,-27.751716101541284,-27.751716101541284,-27.751716101541284,-27.751716101541284,-27.751716101541284,-27.751716101541284,0.0,0.0,0.0,120.26100313873943
4602,1980-05-08,148.07832967576704,80.94767230389762,161.8780446501472,148.07832967576704,148.07832967576704,-27.788856578490854,-27.788856578490854,-27.788856578490854,-27.788856578490854,-27.788856578490854,-27.788856578490854,0.0,0.0,0.0,120.28947309727619
4603,1980-05-09,148.1439401112534,78.67911674438028,160.53271674254967,148.1439401112534,148.1439401112534,-27.826413465261936,-27.826413465261936,-27.826413465261936,-27.826413465261936,-27.826413465261936,-27.826413465261936,0.0,0.0,0.0,120.31752664599145
4604,1980-05-12,148.34077141771257,80.14021426791462,161.0024037831964,148.34077141771257,148.34077141771257,-27.941553763167665,-27.941553763167665,-27.941553763167665,-27.941553763167665,-27.941553763167665,-27.941553763167665,0.0,0.0,0.0,120.39921765454491
4605,1980-05-13,148.40638185319892,76.01562457758632,162.67639169641103,148.40638185319892,148.40638185319892,-27.980747429334002,-27.980747429334002,-27.980747429334002,-27.980747429334002,-27.980747429334002,-27.980747429334002,0.0,0.0,0.0,120.42563442386492
4606,1980-05-14,148.47199228868536,78.24606377280524,161.01542937706589,148.47199228868536,148.47199228868536,-28.020343037143213,-28.020343037143213,-28.020343037143213,-28.020343037143213,-28.020343037143213,-28.020343037143213,0.0,0.0,0.0,120.45164925154214
4607,1980-05-15,148.5376027241717,81.75619847146159,161.94711631760777,148.5376027241717,148.5376027241717,-28.060337670340864,-28.060337670340864,-28.060337670340864,-28.060337670340864,-28.060337670340864,-28.060337670340864,0.0,0.0,0.0,120.47726505383085
4608,1980-05-16,148.60321315965805,76.82305549364798,160.84299352437873,148.60321315965805,148.60321315965805,-28.100728405348008,-28.100728405348008,-28.100728405348008,-28.100728405348008,-28.100728405348008,-28.100728405348008,0.0,0.0,0.0,120.50248475431005
4609,1980-05-19,148.80004446611716,79.3732730437316,163.07081871201217,148.80004446611716,148.80004446611716,-28.2242478775006,-28.2242478775006,-28.2242478775006,-28.2242478775006,-28.2242478775006,-28.2242478775006,0.0,0.0,0.0,120.57579658861656
4610,1980-05-20,148.8656549016036,77.07024919095423,165.65187263934706,148.8656549016036,148.8656549016036,-28.266193640689853,-28.266193640689853,-28.266193640689853,-28.266193640689853,-28.266193640689853,-28.266193640689853,0.0,0.0,0.0,120.59946126091374
4611,1980-05-21,148.93126533708994,81.58370772564827,164.61331016523147,148.93126533708994,148.93126533708994,-28.308520781154705,-28.308520781154705,-28.308520781154705,-28.308520781154705,-28.308520781154705,-28.308520781154705,0.0,0.0,0.0,120.62274455593524
4612,1980-05-22,148.99687577257635,79.4982176150267,161.67285154719343,148.99687577257635,148.99687577257635,-28.351226333309434,-28.351226333309434,-28.351226333309434,-28.351226333309434,-28.351226333309434,-28.351226333309434,0.0,0.0,0.0,120.64564943926692
4613,1980-05-23,149.0624862080627,79.50229484582295,162.53194725545356,149.0624862080627,149.0624862080627,-28.394307324892235,-28.394307324892235,-28.394307324892235,-28.394307324892235,-28.394307324892235,-28.394307324892235,0.0,0.0,0.0,120.66817888317046
4614,1980-05-27,149.32492795000823,79.10264017419712,163.4666015685138,149.32492795000823,149.32492795000823,-28.57032601181196,-28.57032601181196,-28.57032601181196,-28.57032601181196,-28.57032601181196,-28.57032601181196,0.0,0.0,0.0,120.75460193819627
4615,1980-05-28,149.39053838549458,80.13147154807692,162.29919907542202,149.39053838549458,149.39053838549458,-28.615239389460395,-28.615239389460395,-28.615239389460395,-28.615239389460395,-28.615239389460395,-28.615239389460395,0.0,0.0,0.0,120.77529899603418
4616,1980-05-29,149.456148820981,77.24572549961174,159.33376809310812,149.456148820981,149.456148820981,-28.660510237985605,-28.660510237985605,-28.660510237985605,-28.660510237985605,-28.660510237985605,-28.660510237985605,0.0,0.0,0.0,120.79563858299541
4617,1980-05-30,149.52175925646736,81.81486432122192,162.81244043642772,149.52175925646736,149.52175925646736,-28.706135541004958,-28.706135541004958,-28.706135541004958,-28.706135541004958,-28.706135541004958,-28.706135541004958,0.0,0.0,0.0,120.81562371546241
4618,1980-06-02,149.71859056292647,77.3562115259755,162.2054122547026,149.71859056292647,149.71859056292647,-28.845107924838153,-28.845107924838153,-28.845107924838153,-28.845107924838153,-28.845107924838153,-28.845107924838153,0.0,0.0,0.0,120.87348263808832
4619,1980-06-03,149.7842009984128,78.45655145764184,160.18581671931017,149.7842009984128,149.7842009984128,-28.892120764846446,-28.892120764846446,-28.892120764846446,-28.892120764846446,-28.892120764846446,-28.892120764846446,0.0,0.0,0.0,120.89208023356636
4620,1980-06-04,149.84981143389925,81.83588183590521,166.57372670256075,149.84981143389925,149.84981143389925,-28.93947289038667,-28.93947289038667,-28.93947289038667,-28.93947289038667,-28.93947289038667,-28.93947289038667,0.0,0.0,0.0,120.91033854351258
4621,1980-06-05,149.91542186938568,79.55212457723002,160.62281979845685,149.91542186938568,149.91542186938568,-28.98716125091472,-28.98716125091472,-28.98716125091472,-28.98716125091472,-28.98716125091472,-28.98716125091472,0.0,0.0,0.0,120.92826061847096
4622,1980-06-06,149.981032304872,80.56636341787737,161.77401109734558,149.981032304872,149.981032304872,-29.03518279052217,-29.03518279052217,-29.03518279052217,-29.03518279052217,-29.03518279052217,-29.03518279052217,0.0,0.0,0.0,120.94584951434983
4623,1980-06-09,150.17786361133113,80.38543113772378,162.81976906380132,150.17786361133113,150.17786361133113,-29.181215846257068,-29.181215846257068,-29.181215846257068,-29.181215846257068,-29.181215846257068,-29.181215846257068,0.0,0.0,0.0,120.99664776507407
4624,1980-06-10,150.24347404681745,77.65862223014942,159.3437458003916,150.24347404681745,150.24347404681745,-29.230539439117784,-29.230539439117784,-29.230539439117784,-29.230539439117784,-29.230539439117784,-29.230539439117784,0.0,0.0,0.0,121.01293460769966
4625,1980-06-11,150.3090844823038,80.82132749190079,161.81383051883407,150.3090844823038,150.3090844823038,-29.280180854356562,-29.280180854356562,-29.280180854356562,-29.280180854356562,-29.280180854356562,-29.280180854356562,0.0,0.0,0.0,121.02890362794724
4626,1980-06-12,150.37469491779024,79.86298832487616,161.65010356513227,150.37469491779024,150.37469491779024,-29.33013700586193,-29.33013700586193,-29.33013700586193,-29.33013700586193,-29.33013700586193,-29.33013700586193,0.0,0.0,0.0,121.04455791192831
4627,1980-06-13,150.44030535327667,80.55031858914226,162.8311774687222,150.44030535327667,150.44030535327667,-29.380404802819832,-29.380404802819832,-29.380404802819832,-29.380404802819832,-29.380404802819832,-29.380404802819832,0.0,0.0,0.0,121.05990055045683
4628,1980-06-16,150.63713665973577,79.44609131929239,163.58347618961514,150.63713665973577,150.63713665973577,-29.53304708970973,-29.53304708970973,-29.53304708970973,-29.53304708970973,-29.53304708970973,-29.53304708970973,0.0,0.0,0.0,121.10408957002605
4629,1980-06-17,150.70274709522212,77.05348919136524,164.0782110433143,150.70274709522212,150.70274709522212,-29.58453046958934,-29.58453046958934,-29.58453046958934,-29.58453046958934,-29.58453046958934,-29.58453046958934,0.0,0.0,0.0,121.11821662563278
4630,1980-06-18,150.76835753070847,79.06620002362018,164.83216995219016,150.76835753070847,150.76835753070847,-29.6363099736194,-29.6363099736194,-29.6363099736194,-29.6363099736194,-29.6363099736194,-29.6363099736194,0.0,0.0,0.0,121.13204755708907
4631,1980-06-19,150.8339679661949,76.871321292807,162.6994313109754,150.8339679661949,150.8339679661949,-29.68838248475622,-29.68838248475622,-29.68838248475622,-29.68838248475622,-29.68838248475622,-29.68838248475622,0.0,0.0,0.0,121.14558548143869
4632,1980-06-20,150.8995784016813,81.06261651006119,162.35298559929456,150.8995784016813,150.8995784016813,-29.740744881916306,-29.740744881916306,-29.740744881916306,-29.740744881916306,-29.740744881916306,-29.740744881916306,0.0,0.0,0.0,121.15883351976501
4633,1980-06-23,151.09640970814044,77.35215976251234,162.826224243536,151.09640970814044,151.09640970814044,-29.899540120093686,-29.899540120093686,-29.899540120093686,-29.899540120093686,-29.899540120093686,-29.899540120093686,0.0,0.0,0.0,121.19686958804675
4634,1980-06-24,151.1620201436268,82.72709533412274,162.89248386970831,151.1620201436268,151.1620201436268,-29.953030773032488,-29.953030773032488,-29.953030773032488,-29.953030773032488,-29.953030773032488,-29.953030773032488,0.0,0.0,0.0,121.20898937059431
4635,1980-06-25,151.2276305791131,77.67582332997485,163.08618116882587,151.2276305791131,151.2276305791131,-30.006795649297203,-30.006795649297203,-30.006795649297203,-30.006795649297203,-30.006795649297203,-30.006795649297203,0.0,0.0,0.0,121.22083492981591
4636,1980-06-26,151.29324101459954,81.85063955889892,163.77766555966582,151.29324101459954,151.29324101459954,-30.060831605556334,-30.060831605556334,-30.060831605556334,-30.060831605556334,-30.060831605556334,-30.060831605556334,0.0,0.0,0.0,121.23240940904321
4637,1980-06-27,151.35885145008598,80.48577961413253,159.53221458290065,151.35885145008598,151.35885145008598,-30.115135495102468,-30.115135495102468,-30.115135495102468,-30.115135495102468,-30.115135495102468,-30.115135495102468,0.0,0.0,0.0,121.24371595498351
4638,1980-06-30,151.55568275654508,76.21434935574804,162.33325360841994,151.55568275654508,151.55568275654508,-30.279623247736307,-30.279623247736307,-30.279623247736307,-30.279623247736307,-30.279623247736307,-30.279623247736307,0.0,0.0,0.0,121.27605950880877
4639,1980-07-01,151.62129319203143,81.22734797023888,164.09285384082347,151.62129319203143,151.62129319203143,-30.33496733915131,-30.33496733915131,-30.33496733915131,-30.33496733915131,-30.33496733915131,-30.33496733915131,0.0,0.0,0.0,121.28632585288013
4640,1980-07-02,151.68690362751778,78.84145016156752,160.8761869373186,151.68690362751778,151.68690362751778,-30.390563582992506,-30.390563582992506,-30.390563582992506,-30.390563582992506,-30.390563582992506,-30.390563582992506,0.0,0.0,0.0,121.29634004452527
4641,1980-07-03,151.75251406300413,76.13907291409261,161.00882319717988,151.75251406300413,151.75251406300413,-30.44640881428722,-30.44640881428722,-30.44640881428722,-30.44640881428722,-30.44640881428722,-30.44640881428722,0.0,0.0,0.0,121.3061052487169
4642,1980-07-07,152.01495580494966,78.04733357931214,161.96082563317046,152.01495580494966,152.01495580494966,-30.672216221583618,-30.672216221583618,-30.672216221583618,-30.672216221583618,-30.672216221583618,-30.672216221583618,0.0,0.0,0.0,121.34273958336604
4643,1980-07-08,152.0805662404361,80.38538455311456,162.03359497180796,152.0805662404361,152.0805662404361,-30.729258823920198,-30.729258823920198,-30.729258823920198,-30.729258823920198,-30.729258823920198,-30.729258823920198,0.0,0.0,0.0,121.35130741651591
4644,1980-07-09,152.14617667592242,77.94323506789424,161.88042431969765,152.14617667592242,152.14617667592242,-30.786531370219468,-30.786531370219468,-30.786531370219468,-30.786531370219468,-30.786531370219468,-30.786531370219468,0.0,0.0,0.0,121.35964530570295
4645,1980-07-10,152.21178711140877,80.5242697550013,164.2999845945782,152.21178711140877,152.21178711140877,-30.84403067850724,-30.84403067850724,-30.84403067850724,-30.84403067850724,-30.84403067850724,-30.84403067850724,0.0,0.0,0.0,121.36775643290153
4646,1980-07-11,152.2773975468952,79.09359300865523,160.67167266290318,152.2773975468952,152.2773975468952,-30.90175356475841,-30.90175356475841,-30.90175356475841,-30.90175356475841,-30.90175356475841,-30.90175356475841,0.0,0.0,0.0,121.3756439821368
4647,1980-07-14,152.4742288533543,80.73637218577177,163.1216114735813,152.4742288533543,152.4742288533543,-31.076231822264926,-31.076231822264926,-31.076231822264926,-31.076231822264926,-31.076231822264926,-31.076231822264926,0.0,0.0,0.0,121.39799703108937
4648,1980-07-15,152.53983928884074,81.96403631004496,159.30876644154088,152.53983928884074,152.53983928884074,-31.134817142409645,-31.134817142409645,-31.134817142409645,-31.134817142409645,-31.134817142409645,-31.134817142409645,0.0,0.0,0.0,121.4050221464311
4649,1980-07-16,152.6054497243271,81.31722093657663,162.91881439767232,152.6054497243271,152.6054497243271,-31.19361009293474,-31.19361009293474,-31.19361009293474,-31.19361009293474,-31.19361009293474,-31.19361009293474,0.0,0.0,0.0,121.41183963139235
4650,1980-07-17,152.67106015981344,80.66740039925405,161.4222427395136,152.67106015981344,152.67106015981344,-31.252607479491253,-31.252607479491253,-31.252607479491253,-31.252607479491253,-31.252607479491253,-31.252607479491253,0.0,0.0,0.0,121.41845268032219
4651,1980-07-18,152.73667059529987,78.55738054734319,165.3765972182646,152.73667059529987,152.73667059529987,-31.311806106338814,-31.311806106338814,-31.311806106338814,-31.311806106338814,-31.311806106338814,-31.311806106338814,0.0,0.0,0.0,121.42486448896105
4652,1980-07-21,152.93350190175897,81.11330302517321,165.49318791526665,152.93350190175897,152.93350190175897,-31.490577452328132,-31.490577452328132,-31.490577452328132,-31.490577452328132,-31.490577452328132,-31.490577452328132,0.0,0.0,0.0,121.44292444943085
4653,1980-07-22,152.9991123372454,78.14442931210262,166.18735145615716,152.9991123372454,152.9991123372454,-31.55054905839697,-31.55054905839697,-31.55054905839697,-31.55054905839697,-31.55054905839697,-31.55054905839697,0.0,0.0,0.0,121.44856327884844
4654,1980-07-23,153.06472277273176,79.02182548606746,163.05258759050776,153.06472277273176,153.06472277273176,-31.610705908470702,-31.610705908470702,-31.610705908470702,-31.610705908470702,-31.610705908470702,-31.610705908470702,0.0,0.0,0.0,121.45401686426105
4655,1980-07-24,153.13033320821808,78.14878674561064,162.82430615177816,153.13033320821808,153.13033320821808,-31.671044800430323,-31.671044800430323,-31.671044800430323,-31.671044800430323,-31.671044800430323,-31.671044800430323,0.0,0.0,0.0,121.45928840778775
4656,1980-07-25,153.19594364370442,78.1712751453604,162.47314258364966,153.19594364370442,153.19594364370442,-31.73156253142155,-31.73156253142155,-31.73156253142155,-31.73156253142155,-31.73156253142155,-31.73156253142155,0.0,0.0,0.0,121.46438111228288
4657,1980-07-28,153.39277495016364,78.1031705724661,162.16798412949683,153.39277495016364,153.39277495016364,-31.91415672096498,-31.91415672096498,-31.91415672096498,-31.91415672096498,-31.91415672096498,-31.91415672096498,0.0,0.0,0.0,121.47861822919866
4658,1980-07-29,153.45838538564996,77.38370765041802,160.5689784202986,153.45838538564996,153.45838538564996,-31.975357768088962,-31.975357768088962,-31.975357768088962,-31.975357768088962,-31.975357768088962,-31.975357768088962,0.0,0.0,0.0,121.48302761756099
4659,1980-07-30,153.5239958211364,81.39489240579864,161.79598931509707,153.5239958211364,153.5239958211364,-32.03672163219966,-32.03672163219966,-32.03672163219966,-32.03672163219966,-32.03672163219966,-32.03672163219966,0.0,0.0,0.0,121.48727418893674
4660,1980-07-31,153.58960625662274,76.35537694680255,159.99520437133157,153.58960625662274,153.58960625662274,-32.09824510798416,-32.09824510798416,-32.09824510798416,-32.09824510798416,-32.09824510798416,-32.09824510798416,0.0,0.0,0.0,121.49136114863859
4661,1980-08-01,153.6552166921091,80.18893716616157,161.86879221851106,153.6552166921091,153.6552166921091,-32.15992499004506,-32.15992499004506,-32.15992499004506,-32.15992499004506,-32.15992499004506,-32.15992499004506,0.0,0.0,0.0,121.49529170206404
4662,1980-08-04,153.85204799856828,84.18165396605991,160.37795265545046,153.85204799856828,153.85204799856828,-32.34587102057951,-32.34587102057951,-32.34587102057951,-32.34587102057951,-32.34587102057951,-32.34587102057951,0.0,0.0,0.0,121.50617697798877
4663,1980-08-05,153.91765843405463,79.98049721653871,161.95877570582803,153.91765843405463,153.91765843405463,-32.408144475308994,-32.408144475308994,-32.408144475308994,-32.408144475308994,-32.408144475308994,-32.408144475308994,0.0,0.0,0.0,121.50951395874563
4664,1980-08-06,153.98326886954106,77.13835731590987,161.81611844021134,153.98326886954106,153.98326886954106,-32.47055831128852,-32.47055831128852,-32.47055831128852,-32.47055831128852,-32.47055831128852,-32.47055831128852,0.0,0.0,0.0,121.51271055825254
4665,1980-08-07,154.04887930502738,80.79501547099224,159.72939572634996,154.04887930502738,154.04887930502738,-32.533109324549834,-32.533109324549834,-32.533109324549834,-32.533109324549834,-32.533109324549834,-32.533109324549834,0.0,0.0,0.0,121.51576998047756
4666,1980-08-08,154.11448974051373,76.76814058755299,163.1001413756096,154.11448974051373,154.11448974051373,-32.59579431168538,-32.59579431168538,-32.59579431168538,-32.59579431168538,-32.59579431168538,-32.59579431168538,0.0,0.0,0.0,121.51869542882835
4667,1980-08-11,154.31132104697295,77.09364000180082,162.75737312671222,154.31132104697295,154.31132104697295,-32.78462109258429,-32.78462109258429,-32.78462109258429,-32.78462109258429,-32.78462109258429,-32.78462109258429,0.0,0.0,0.0,121.52669995438866
4668,1980-08-12,154.37693148245927,80.90330295755429,164.62728721535848,154.37693148245927,154.37693148245927,-32.847809955544655,-32.847809955544655,-32.847809955544655,-32.847809955544655,-32.847809955544655,-32.847809955544655,0.0,0.0,0.0,121.52912152691462
4669,1980-08-13,154.4425419179457,83.80521833191149,160.98906167211453,154.4425419179457,154.4425419179457,-32.911116786943396,-32.911116786943396,-32.911116786943396,-32.911116786943396,-32.911116786943396,-32.911116786943396,0.0,0.0,0.0,121.53142513100231
4670,1980-08-14,154.50815235343205,79.36898951733316,161.333636921465,154.50815235343205,154.50815235343205,-32.974538388651744,-32.974538388651744,-32.974538388651744,-32.974538388651744,-32.974538388651744,-32.974538388651744,0.0,0.0,0.0,121.5336139647803
4671,1980-08-15,154.5737627889184,79.78800584116254,162.14006896844128,154.5737627889184,154.5737627889184,-33.038071563739734,-33.038071563739734,-33.038071563739734,-33.038071563739734,-33.038071563739734,-33.038071563739734,0.0,0.0,0.0,121.53569122517867
4672,1980-08-18,154.7705940953776,80.22347530291307,160.98919427823287,154.7705940953776,154.7705940953776,-33.229308579852024,-33.229308579852024,-33.229308579852024,-33.229308579852024,-33.229308579852024,-33.229308579852024,0.0,0.0,0.0,121.54128551552557
4673,1980-08-19,154.83620453086394,78.42934747872913,161.7885542579383,154.83620453086394,154.83620453086394,-33.293256106285156,-33.293256106285156,-33.293256106285156,-33.293256106285156,-33.293256106285156,-33.293256106285156,0.0,0.0,0.0,121.54294842457878
4674,1980-08-20,154.9018149663503,80.53474022187812,161.54441008413144,154.9018149663503,154.9018149663503,-33.35729924258246,-33.35729924258246,-33.35729924258246,-33.35729924258246,-33.35729924258246,-33.35729924258246,0.0,0.0,0.0,121.54451572376783
4675,1980-08-21,154.96742540183672,79.86122606911576,163.48607876357474,154.96742540183672,154.96742540183672,-33.421434800897856,-33.421434800897856,-33.421434800897856,-33.421434800897856,-33.421434800897856,-33.421434800897856,0.0,0.0,0.0,121.54599060093886
4676,1980-08-22,155.03303583732304,80.00653602649996,161.5914595179373,155.03303583732304,155.03303583732304,-33.485659595214265,-33.485659595214265,-33.485659595214265,-33.485659595214265,-33.485659595214265,-33.485659595214265,0.0,0.0,0.0,121.54737624210878
4677,1980-08-25,155.22986714378217,81.02036650609084,166.88765274057423,155.22986714378217,155.22986714378217,-33.67883756329396,-33.67883756329396,-33.67883756329396,-33.67883756329396,-33.67883756329396,-33.67883756329396,0.0,0.0,0.0,121.5510295804882
4678,1980-08-26,155.2954775792686,83.76300047334989,163.74997273711776,155.2954775792686,155.2954775792686,-33.74338748112805,-33.74338748112805,-33.74338748112805,-33.74338748112805,-33.74338748112805,-33.74338748112805,0.0,0.0,0.0,121.55209009814055
4679,1980-08-27,155.36108801475493,81.99158015160796,159.93057003507164,155.36108801475493,155.36108801475493,-33.80801073542039,-33.80801073542039,-33.80801073542039,-33.80801073542039,-33.80801073542039,-33.80801073542039,0.0,0.0,0.0,121.55307727933453
4680,1980-08-28,155.42669845024136,77.4455150147449,159.99895254938792,155.42669845024136,155.42669845024136,-33.87270415299231,-33.87270415299231,-33.87270415299231,-33.87270415299231,-33.87270415299231,-33.87270415299231,0.0,0.0,0.0,121.55399429724905
4681,1980-08-29,155.4923088857277,78.78777160409246,162.94908864510109,155.4923088857277,155.4923088857277,-33.93746456311463,-33.93746456311463,-33.93746456311463,-33.93746456311463,-33.93746456311463,-33.93746456311463,0.0,0.0,0.0,121.55484432261308
4682,1980-09-02,155.75475062767325,83.03889315247127,164.21106008295263,155.75475062767325,155.75475062767325,-34.197112805182755,-34.197112805182755,-34.197112805182755,-34.197112805182755,-34.197112805182755,-34.197112805182755,0.0,0.0,0.0,121.55763782249049
4683,1980-09-03,155.8203610631596,80.15270745380707,164.04244073973257,155.8203610631596,155.8203610631596,-34.26216070900136,-34.26216070900136,-34.26216070900136,-34.26216070900136,-34.26216070900136,-34.26216070900136,0.0,0.0,0.0,121.55820035415823
4684,1980-09-04,155.88597149864603,82.62120934230819,162.61727253602783,155.88597149864603,155.88597149864603,-34.327256637347105,-34.327256637347105,-34.327256637347105,-34.327256637347105,-34.327256637347105,-34.327256637347105,0.0,0.0,0.0,121.55871486129892
4685,1980-09-05,155.95158193413235,81.83455020713912,163.4011896985577,155.95158193413235,155.95158193413235,-34.39239743908885,-34.39239743908885,-34.39239743908885,-34.39239743908885,-34.39239743908885,-34.39239743908885,0.0,0.0,0.0,121.5591844950435
4686,1980-09-08,156.14841324059148,80.57746512903512,163.53897262703936,156.14841324059148,156.14841324059148,-34.58805762110028,-34.58805762110028,-34.58805762110028,-34.58805762110028,-34.58805762110028,-34.58805762110028,0.0,0.0,0.0,121.56035561949119
4687,1980-09-09,156.21402367607783,85.49710848618716,165.28076817502603,156.21402367607783,156.21402367607783,-34.65334646934788,-34.65334646934788,-34.65334646934788,-34.65334646934788,-34.65334646934788,-34.65334646934788,0.0,0.0,0.0,121.56067720672995
4688,1980-09-10,156.27963411156423,80.29782980276435,166.17710089693915,156.27963411156423,156.27963411156423,-34.718664484263904,-34.718664484263904,-34.718664484263904,-34.718664484263904,-34.718664484263904,-34.718664484263904,0.0,0.0,0.0,121.56096962730032
4689,1980-09-11,156.34524454705058,78.20071107256199,164.0954479838357,156.34524454705058,156.34524454705058,-34.784008534889146,-34.784008534889146,-34.784008534889146,-34.784008534889146,-34.784008534889146,-34.784008534889146,0.0,0.0,0.0,121.56123601216143
4690,1980-09-12,156.41085498253702,79.75017492881291,164.39283042219833,156.41085498253702,156.41085498253702,-34.84937549392526,-34.84937549392526,-34.84937549392526,-34.84937549392526,-34.84937549392526,-34.84937549392526,0.0,0.0,0.0,121.56147948861175
4691,1980-09-15,156.60768628899612,78.6491421844633,163.64810681668123,156.60768628899612,156.60768628899612,-35.04558260521729,-35.04558260521729,-35.04558260521729,-35.04558260521729,-35.04558260521729,-35.04558260521729,0.0,0.0,0.0,121.56210368377883
4692,1980-09-16,156.67329672448247,79.36152844861552,166.35376615245974,156.67329672448247,156.67329672448247,-35.11101000110431,-35.11101000110431,-35.11101000110431,-35.11101000110431,-35.11101000110431,-35.11101000110431,0.0,0.0,0.0,121.56228672337815
4693,1980-09-17,156.7389071599689,79.87942140520876,163.37469892888163,156.7389071599689,156.7389071599689,-35.17644472678974,-35.17644472678974,-35.17644472678974,-35.17644472678974,-35.17644472678974,-35.17644472678974,0.0,0.0,0.0,121.56246243317916
4694,1980-09-18,156.80451759545525,81.50249451471983,160.89320539720745,156.80451759545525,156.80451759545525,-35.24188367871521,-35.24188367871521,-35.24188367871521,-35.24188367871521,-35.24188367871521,-35.24188367871521,0.0,0.0,0.0,121.56263391674004
4695,1980-09-19,156.8701280309417,79.68554048105969,165.84613002212873,156.8701280309417,156.8701280309417,-35.30732375757181,-35.30732375757181,-35.30732375757181,-35.30732375757181,-35.30732375757181,-35.30732375757181,0.0,0.0,0.0,121.56280427336988
4696,1980-09-22,157.0669593374008,80.43300881185905,164.12029777302814,157.0669593374008,157.0669593374008,-35.503619828129125,-35.503619828129125,-35.503619828129125,-35.503619828129125,-35.503619828129125,-35.503619828129125,0.0,0.0,0.0,121.56333950927166
4697,1980-09-23,157.13256977288714,81.37287464500297,160.73856634390478,157.13256977288714,157.13256977288714,-35.56903350951861,-35.56903350951861,-35.56903350951861,-35.56903350951861,-35.56903350951861,-35.56903350951861,0.0,0.0,0.0,121.56353626336852
4698,1980-09-24,157.1981802083735,78.60098337779367,165.43876689911676,157.1981802083735,157.1981802083735,-35.63443288793947,-35.63443288793947,-35.63443288793947,-35.63443288793947,-35.63443288793947,-35.63443288793947,0.0,0.0,0.0,121.56374732043402
4699,1980-09-25,157.2637906438599,79.87105018414624,161.35304897228616,157.2637906438599,157.2637906438599,-35.69981489131601,-35.69981489131601,-35.69981489131601,-35.69981489131601,-35.69981489131601,-35.69981489131601,0.0,0.0,0.0,121.56397575254388
4700,1980-09-26,157.32940107934633,78.91184051310454,162.68263277149046,157.32940107934633,157.32940107934633,-35.765176452398364,-35.765176452398364,-35.765176452398364,-35.765176452398364,-35.765176452398364,-35.765176452398364,0.0,0.0,0.0,121.56422462694796
4701,1980-09-29,157.52623238580546,79.93691421513773,159.35944029046897,157.52623238580546,157.52623238580546,-35.96110788346878,-35.96110788346878,-35.96110788346878,-35.96110788346878,-35.96110788346878,-35.96110788346878,0.0,0.0,0.0,121.56512450233669
4702,1980-09-30,157.59184282129178,79.52856206327496,162.46599515588204,157.59184282129178,157.59184282129178,-36.02635710222288,-36.02635710222288,-36.02635710222288,-36.02635710222288,-36.02635710222288,-36.02635710222288,0.0,0.0,0.0,121.5654857190689
4703,1980-10-01,157.65745325677813,80.2910609122544,164.03815914462996,157.65745325677813,157.65745325677813,-36.09157061764906,-36.09157061764906,-36.09157061764906,-36.09157061764906,-36.09157061764906,-36.09157061764906,0.0,0.0,0.0,121.56588263912906
4704,1980-10-02,157.72306369226456,81.06813771554476,160.86119068563562,157.72306369226456,157.72306369226456,-36.15674539314533,-36.15674539314533,-36.15674539314533,-36.15674539314533,-36.15674539314533,-36.15674539314533,0.0,0.0,0.0,121.56631829911923
4705,1980-10-03,157.7886741277509,84.03029686054634,163.582999296363,157.7886741277509,157.7886741277509,-36.221878397498166,-36.221878397498166,-36.221878397498166,-36.221878397498166,-36.221878397498166,-36.221878397498166,0.0,0.0,0.0,121.56679573025275
4706,1980-10-06,157.98550543421,75.55851992038046,162.11003994786387,157.98550543421,157.98550543421,-36.416996554037,-36.416996554037,-36.416996554037,-36.416996554037,-36.416996554037,-36.416996554037,0.0,0.0,0.0,121.56850888017301
4707,1980-10-07,158.05111586969645,81.51493917497496,162.10020384899403,158.05111586969645,158.05111586969645,-36.481932272200645,-36.481932272200645,-36.481932272200645,-36.481932272200645,-36.481932272200645,-36.481932272200645,0.0,0.0,0.0,121.5691835974958
4708,1980-10-08,158.1167263051828,80.66998612036092,161.08144298015907,158.1167263051828,158.1167263051828,-36.54681114673088,-36.54681114673088,-36.54681114673088,-36.54681114673088,-36.54681114673088,-36.54681114673088,0.0,0.0,0.0,121.56991515845192
4709,1980-10-09,158.18233674066911,79.00507955752092,162.48577403273086,158.18233674066911,158.18233674066911,-36.611630180392794,-36.611630180392794,-36.611630180392794,-36.611630180392794,-36.611630180392794,-36.611630180392794,0.0,0.0,0.0,121.57070656027632
4710,1980-10-10,158.24794717615555,77.43803837523899,161.525419545212,158.24794717615555,158.24794717615555,-36.67638638188828,-36.67638638188828,-36.67638638188828,-36.67638638188828,-36.67638638188828,-36.67638638188828,0.0,0.0,0.0,121.57156079426727
4711,1980-10-13,158.44477848261468,78.0872696325506,162.62043605196897,158.44477848261468,158.44477848261468,-36.87024817103872,-36.87024817103872,-36.87024817103872,-36.87024817103872,-36.87024817103872,-36.87024817103872,0.0,0.0,0.0,121.57453031157596
4712,1980-10-14,158.51038891810109,81.4103054252179,165.58399350865812,158.51038891810109,158.51038891810109,-36.93472325228437,-36.93472325228437,-36.93472325228437,-36.93472325228437,-36.93472325228437,-36.93472325228437,0.0,0.0,0.0,121.57566566581671
4713,1980-10-15,158.57599935358743,79.50641531314442,164.63215894642872,158.57599935358743,158.57599935358743,-36.999120636591016,-36.999120636591016,-36.999120636591016,-36.999120636591016,-36.999120636591016,-36.999120636591016,0.0,0.0,0.0,121.57687871699642
4714,1980-10-16,158.64160978907378,82.92050151764491,164.85281495160504,158.64160978907378,158.64160978907378,-37.063437369881534,-37.063437369881534,-37.063437369881534,-37.063437369881534,-37.063437369881534,-37.063437369881534,0.0,0.0,0.0,121.57817241919224
4715,1980-10-17,158.70722022456022,80.54443711051854,163.62313575700003,158.70722022456022,158.70722022456022,-37.12767050454656,-37.12767050454656,-37.12767050454656,-37.12767050454656,-37.12767050454656,-37.12767050454656,0.0,0.0,0.0,121.57954972001366
4716,1980-10-20,158.90405153101932,77.70832470617873,163.0393566914735,158.90405153101932,158.90405153101932,-37.31983893929205,-37.31983893929205,-37.31983893929205,-37.31983893929205,-37.31983893929205,-37.31983893929205,0.0,0.0,0.0,121.58421259172727
4717,1980-10-21,158.96966196650575,81.54166686631604,160.39565097195833,158.96966196650578,158.96966196650578,-37.38370833534335,-37.38370833534335,-37.38370833534335,-37.38370833534335,-37.38370833534335,-37.38370833534335,0.0,0.0,0.0,121.5859536311624
4718,1980-10-22,159.0352724019921,80.23128157884108,163.92232380601402,159.0352724019921,159.0352724019921,-37.447479494355946,-37.447479494355946,-37.447479494355946,-37.447479494355946,-37.447479494355946,-37.447479494355946,0.0,0.0,0.0,121.58779290763616
4719,1980-10-23,159.10088283747845,82.45444934431198,163.22269997528818,159.10088283747845,159.10088283747845,-37.51114950909081,-37.51114950909081,-37.51114950909081,-37.51114950909081,-37.51114950909081,-37.51114950909081,0.0,0.0,0.0,121.58973332838764
4720,1980-10-24,159.16649327296477,79.24873008596903,162.49602106574315,159.16649327296477,159.16649327296477,-37.574715479293424,-37.574715479293424,-37.574715479293424,-37.574715479293424,-37.574715479293424,-37.574715479293424,0.0,0.0,0.0,121.59177779367135
4721,1980-10-27,159.363324579424,80.03309405769302,161.67341354094586,159.363324579424,159.363324579424,-37.76476022645807,-37.76476022645807,-37.76476022645807,-37.76476022645807,-37.76476022645807,-37.76476022645807,0.0,0.0,0.0,121.59856435296592
4722,1980-10-28,159.4289350149103,81.57647197339415,164.2199772834053,159.4289350149103,159.4289350149103,-37.827881158217444,-37.827881158217444,-37.827881158217444,-37.827881158217444,-37.827881158217444,-37.827881158217444,0.0,0.0,0.0,121.60105385669286
4723,1980-10-29,159.49454545039674,80.1822787356165,164.281047819644,159.49454545039674,159.49454545039674,-37.89088365147235,-37.89088365147235,-37.89088365147235,-37.89088365147235,-37.89088365147235,-37.89088365147235,0.0,0.0,0.0,121.60366179892439
4724,1980-10-30,159.5601558858831,80.62585908463001,163.24985774368636,159.5601558858831,159.5601558858831,-37.953764849388165,-37.953764849388165,-37.953764849388165,-37.953764849388165,-37.953764849388165,-37.953764849388165,0.0,0.0,0.0,121.60639103649493
4725,1980-10-31,159.62576632136944,80.23626938182231,166.0834863845103,159.62576632136944,159.62576632136944,-38.01652190261556,-38.01652190261556,-38.01652190261556,-38.01652190261556,-38.01652190261556,-38.01652190261556,0.0,0.0,0.0,121.60924441875389
4726,1980-11-03,159.82259762782863,80.00324773398944,163.15767570085973,159.82259762782863,159.82259762782863,-38.20401981441482,-38.20401981441482,-38.20401981441482,-38.20401981441482,-38.20401981441482,-38.20401981441482,0.0,0.0,0.0,121.61857781341381
4727,1980-11-05,159.9538184988014,79.79934531959618,164.29930322313427,159.9538184988014,159.9538184988014,-38.32834580393423,-38.32834580393423,-38.32834580393423,-38.32834580393423,-38.32834580393423,-38.32834580393423,0.0,0.0,0.0,121.62547269486717
4728,1980-11-06,160.01942893428776,79.86397070002118,163.7227140735742,160.01942893428776,160.01942893428776,-38.39029858062715,-38.39029858062715,-38.39029858062715,-38.39029858062715,-38.39029858062715,-38.39029858062715,0.0,0.0,0.0,121.6291303536606
4729,1980-11-07,160.08503936977408,81.0483395190592,163.11300467250572,160.08503936977408,160.08503936977408,-38.45210748260059,-38.45210748260059,-38.45210748260059,-38.45210748260059,-38.45210748260059,-38.45210748260059,0.0,0.0,0.0,121.6329318871735
4730,1980-11-10,160.2818706762333,78.93333460798995,161.85307219326114,160.28187067623327,160.28187067623327,-38.63664311098837,-38.63664311098837,-38.63664311098837,-38.63664311098837,-38.63664311098837,-38.63664311098837,0.0,0.0,0.0,121.64522756524492
4731,1980-11-11,160.34748111171965,78.62856235871092,161.75351196143635,160.34748111171965,160.34748111171965,-38.69784872564453,-38.69784872564453,-38.69784872564453,-38.69784872564453,-38.69784872564453,-38.69784872564453,0.0,0.0,0.0,121.64963238607511
4732,1980-11-12,160.41309154720605,77.45962135748441,166.0814952024687,160.41309154720605,160.41309154720605,-38.75889661237078,-38.75889661237078,-38.75889661237078,-38.75889661237078,-38.75889661237078,-38.75889661237078,0.0,0.0,0.0,121.65419493483526
4733,1980-11-13,160.4787019826924,81.95534376199718,164.71213456533383,160.47870198269243,160.47870198269243,-38.81978402536132,-38.81978402536132,-38.81978402536132,-38.81978402536132,-38.81978402536132,-38.81978402536132,0.0,0.0,0.0,121.65891795733108
4734,1980-11-14,160.54431241817875,76.94706131716205,158.96043739839396,160.54431241817875,160.54431241817875,-38.880508227242665,-38.880508227242665,-38.880508227242665,-38.880508227242665,-38.880508227242665,-38.880508227242665,0.0,0.0,0.0,121.66380419093608
4735,1980-11-17,160.74114372463794,80.80818657751755,163.70365827151588,160.74114372463794,160.74114372463794,-39.06167432033555,-39.06167432033555,-39.06167432033555,-39.06167432033555,-39.06167432033555,-39.06167432033555,0.0,0.0,0.0,121.67946940430238
4736,1980-11-18,160.80675416012429,81.4052628478735,162.57482565197117,160.80675416012429,160.80675416012429,-39.1217184749456,-39.1217184749456,-39.1217184749456,-39.1217184749456,-39.1217184749456,-39.1217184749456,0.0,0.0,0.0,121.68503568517869
4737,1980-11-19,160.87236459561063,81.3081101465075,168.41302230914215,160.87236459561063,160.87236459561063,-39.18158586031388,-39.18158586031388,-39.18158586031388,-39.18158586031388,-39.18158586031388,-39.18158586031388,0.0,0.0,0.0,121.69077873529676
4738,1980-11-20,160.93797503109707,79.09598150345454,163.2936989973815,160.93797503109707,160.93797503109707,-39.241273791006435,-39.241273791006435,-39.241273791006435,-39.241273791006435,-39.241273791006435,-39.241273791006435,0.0,0.0,0.0,121.69670124009063
4739,1980-11-21,161.00358546658342,78.8238807375895,165.09961070498795,161.00358546658342,161.00358546658342,-39.300779590467094,-39.300779590467094,-39.300779590467094,-39.300779590467094,-39.300779590467094,-39.300779590467094,0.0,0.0,0.0,121.70280587611632
4740,1980-11-24,161.2004167730426,81.4157048771004,164.04716413047288,161.2004167730426,161.2004167730426,-39.478177570363435,-39.478177570363435,-39.478177570363435,-39.478177570363435,-39.478177570363435,-39.478177570363435,0.0,0.0,0.0,121.72223920267916
4741,1980-11-25,161.26602720852895,79.66124384450731,165.98410855695573,161.26602720852895,161.26602720852895,-39.53692825905444,-39.53692825905444,-39.53692825905444,-39.53692825905444,-39.53692825905444,-39.53692825905444,0.0,0.0,0.0,121.72909894947452
4742,1980-11-26,161.3316376440153,81.92480680569116,165.19024656001392,161.3316376440153,161.3316376440153,-39.595483569057976,-39.595483569057976,-39.595483569057976,-39.595483569057976,-39.595483569057976,-39.595483569057976,0.0,0.0,0.0,121.73615407495733
4743,1980-11-28,161.46285851498806,79.77155637479056,159.9629287800159,161.46285851498806,161.46285851498806,-39.711997574307595,-39.711997574307595,-39.711997574307595,-39.711997574307595,-39.711997574307595,-39.711997574307595,0.0,0.0,0.0,121.75086094068047
4744,1980-12-01,161.65968982144716,79.91088547783251,160.5670640274268,161.65968982144716,161.65968982144716,-39.88523799565931,-39.88523799565931,-39.88523799565931,-39.88523799565931,-39.88523799565931,-39.88523799565931,0.0,0.0,0.0,121.77445182578785
4745,1980-12-02,161.7253002569336,80.94677896658399,163.78146529250222,161.7253002569336,161.7253002569336,-39.94256629925507,-39.94256629925507,-39.94256629925507,-39.94256629925507,-39.94256629925507,-39.94256629925507,0.0,0.0,0.0,121.78273395767852
4746,1980-12-03,161.79091069241994,79.77541620768119,163.89274218283418,161.7909106924199,161.7909106924199,-39.999681067612975,-39.999681067612975,-39.999681067612975,-39.999681067612975,-39.999681067612975,-39.999681067612975,0.0,0.0,0.0,121.79122962480696
4747,1980-12-04,161.85652112790638,82.49961609246454,163.54413281656448,161.85652112790638,161.85652112790638,-40.056579745093565,-40.056579745093565,-40.056579745093565,-40.056579745093565,-40.056579745093565,-40.056579745093565,0.0,0.0,0.0,121.79994138281282
4748,1980-12-05,161.92213156339272,78.38685554980505,162.98618365233835,161.92213156339272,161.92213156339272,-40.11325978576773,-40.11325978576773,-40.11325978576773,-40.11325978576773,-40.11325978576773,-40.11325978576773,0.0,0.0,0.0,121.808871777625
4749,1980-12-08,162.11896286985183,74.46904117666959,163.5831359939887,162.11896286985183,162.11896286985183,-40.28196277450256,-40.28196277450256,-40.28196277450256,-40.28196277450256,-40.28196277450256,-40.28196277450256,0.0,0.0,0.0,121.83700009534927
4750,1980-12-09,162.18457330533826,78.92161559772022,165.3397928550923,162.18457330533826,162.18457330533826,-40.33774300483969,-40.33774300483969,-40.33774300483969,-40.33774300483969,-40.33774300483969,-40.33774300483969,0.0,0.0,0.0,121.84683030049857
4751,1980-12-10,162.2501837408246,80.35167019139868,162.34339159635115,162.2501837408246,162.2501837408246,-40.393292016346095,-40.393292016346095,-40.393292016346095,-40.393292016346095,-40.393292016346095,-40.393292016346095,0.0,0.0,0.0,121.85689172447852
4752,1980-12-11,162.31579417631093,80.5499068803436,162.71496799483472,162.31579417631093,162.31579417631093,-40.4486073225269,-40.4486073225269,-40.4486073225269,-40.4486073225269,-40.4486073225269,-40.4486073225269,0.0,0.0,0.0,121.86718685378403
4753,1980-12-12,162.38140461179736,80.04834362128928,162.71692393167092,162.38140461179736,162.38140461179736,-40.503686446984695,-40.503686446984695,-40.503686446984695,-40.503686446984695,-40.503686446984695,-40.503686446984695,0.0,0.0,0.0,121.87771816481268
4754,1980-12-15,162.5782359182565,80.18219684287119,165.16685805386882,162.5782359182565,162.5782359182565,-40.667482118617706,-40.667482118617706,-40.667482118617706,-40.667482118617706,-40.667482118617706,-40.667482118617706,0.0,0.0,0.0,121.9107537996388
4755,1980-12-16,162.64384635374282,81.46122656608301,166.01967340277872,162.64384635374282,162.64384635374282,-40.721591956009185,-40.721591956009185,-40.721591956009185,-40.721591956009185,-40.721591956009185,-40.721591956009185,0.0,0.0,0.0,121.92225439773364
4756,1980-12-17,162.70945678922925,77.33194447890861,162.4378675387965,162.70945678922925,162.70945678922925,-40.775453383000944,-40.775453383000944,-40.775453383000944,-40.775453383000944,-40.775453383000944,-40.775453383000944,0.0,0.0,0.0,121.9340034062283
4757,1980-12-18,162.7750672247156,80.62526172839812,162.64412099684046,162.7750672247156,162.7750672247156,-40.829063984885025,-40.829063984885025,-40.829063984885025,-40.829063984885025,-40.829063984885025,-40.829063984885025,0.0,0.0,0.0,121.94600323983057
4758,1980-12-19,162.84067766020203,80.3827036007707,163.8133824584548,162.84067766020203,162.84067766020203,-40.88242135741648,-40.88242135741648,-40.88242135741648,-40.88242135741648,-40.88242135741648,-40.88242135741648,0.0,0.0,0.0,121.95825630278554
4759,1980-12-22,163.03750896666114,80.44906547042189,165.14418737525796,163.03750896666114,163.03750896666114,-41.04095021443288,-41.04095021443288,-41.04095021443288,-41.04095021443288,-41.04095021443288,-41.04095021443288,0.0,0.0,0.0,121.99655875222825
4760,1980-12-23,163.10311940214748,76.57617050118337,162.00644810404356,163.10311940214748,163.10311940214748,-41.093270838104395,-41.093270838104395,-41.093270838104395,-41.093270838104395,-41.093270838104395,-41.093270838104395,0.0,0.0,0.0,122.0098485640431
4761,1980-12-24,163.16872983763392,78.82015666890538,162.45554373513428,163.16872983763392,163.16872983763392,-41.14532636988373,-41.14532636988373,-41.14532636988373,-41.14532636988373,-41.14532636988373,-41.14532636988373,0.0,0.0,0.0,122.02340346775019
4762,1980-12-26,163.29995070860667,80.4652420366649,165.9659621047263,163.29995070860667,163.29995070860667,-41.24863280686592,-41.24863280686592,-41.24863280686592,-41.24863280686592,-41.24863280686592,-41.24863280686592,0.0,0.0,0.0,122.05131790174076
4763,1980-12-29,163.4967820150658,80.54175636438532,164.733478971148,163.4967820150658,163.4967820150658,-41.40154611469338,-41.40154611469338,-41.40154611469338,-41.40154611469338,-41.40154611469338,-41.40154611469338,0.0,0.0,0.0,122.09523590037242
4764,1980-12-30,163.56239245055212,80.05937120960701,162.7949120354691,163.56239245055212,163.56239245055212,-41.451962326044445,-41.451962326044445,-41.451962326044445,-41.451962326044445,-41.451962326044445,-41.451962326044445,0.0,0.0,0.0,122.11043012450767
4765,1980-12-31,163.62800288603847,81.51836250944778,163.34275659851454,163.62800288603847,163.62800288603847,-41.50209729110057,-41.50209729110057,-41.50209729110057,-41.50209729110057,-41.50209729110057,-41.50209729110057,0.0,0.0,0.0,122.1259055949379
4766,1981-01-02,163.75922375701134,82.88957457824255,167.7479769398504,163.75922375701134,163.75922375701134,-41.60151443825627,-41.60151443825627,-41.60151443825627,-41.60151443825627,-41.60151443825627,-41.60151443825627,0.0,0.0,0.0,122.15770931875508
4767,1981-01-05,163.95605506347036,79.12539237667607,161.236626291277,163.95605506347036,163.95605506347036,-41.748474579395854,-41.748474579395854,-41.748474579395854,-41.748474579395854,-41.748474579395854,-41.748474579395854,0.0,0.0,0.0,122.2075804840745
4768,1981-01-06,164.0216654989568,78.26421805531464,163.6697357902382,164.0216654989568,164.0216654989568,-41.79687491793847,-41.79687491793847,-41.79687491793847,-41.79687491793847,-41.79687491793847,-41.79687491793847,0.0,0.0,0.0,122.22479058101833
4769,1981-01-07,164.08727593444314,80.24428665109826,162.2839076488677,164.08727593444314,164.08727593444314,-41.84497839883117,-41.84497839883117,-41.84497839883117,-41.84497839883117,-41.84497839883117,-41.84497839883117,0.0,0.0,0.0,122.24229753561198
4770,1981-01-08,164.15288636992958,78.30197177338377,163.13600918555426,164.15288636992958,164.15288636992958,-41.89278283709261,-41.89278283709261,-41.89278283709261,-41.89278283709261,-41.89278283709261,-41.89278283709261,0.0,0.0,0.0,122.26010353283696
4771,1981-01-09,164.2184968054159,81.3369788389106,163.38171087915464,164.2184968054159,164.2184968054159,-41.940286059170624,-41.940286059170624,-41.940286059170624,-41.940286059170624,-41.940286059170624,-41.940286059170624,0.0,0.0,0.0,122.27821074624526
4772,1981-01-12,164.41532811187503,81.42815117534886,163.33070778915544,164.41532811187503,164.41532811187503,-42.080966865092876,-42.080966865092876,-42.080966865092876,-42.080966865092876,-42.080966865092876,-42.080966865092876,0.0,0.0,0.0,122.33436124678215
4773,1981-01-13,164.48093854736146,81.21734188235935,164.0677822201596,164.48093854736146,164.48093854736146,-42.12724371694432,-42.12724371694432,-42.12724371694432,-42.12724371694432,-42.12724371694432,-42.12724371694432,0.0,0.0,0.0,122.35369483041714
4774,1981-01-14,164.54654898284778,78.40652186151054,162.15544251253743,164.54654898284778,164.54654898284778,-42.17320865772313,-42.17320865772313,-42.17320865772313,-42.17320865772313,-42.17320865772313,-42.17320865772313,0.0,0.0,0.0,122.37334032512464
4775,1981-01-15,164.61215941833413,79.82126447041006,164.60732898435757,164.61215941833413,164.61215941833413,-42.218859583304585,-42.218859583304585,-42.218859583304585,-42.218859583304585,-42.218859583304585,-42.218859583304585,0.0,0.0,0.0,122.39329983502955
4776,1981-01-16,164.67776985382056,81.32335861249845,164.5309365563746,164.67776985382056,164.67776985382056,-42.26419440127112,-42.26419440127112,-42.26419440127112,-42.26419440127112,-42.26419440127112,-42.26419440127112,0.0,0.0,0.0,122.41357545254945
4777,1981-01-19,164.87460116027967,81.38658372182874,161.51358985000175,164.87460116027967,164.87460116027967,-42.39828146172724,-42.39828146172724,-42.39828146172724,-42.39828146172724,-42.39828146172724,-42.39828146172724,0.0,0.0,0.0,122.47631969855243
4778,1981-01-20,164.9402115957661,80.57913154226617,164.64948155072165,164.9402115957661,164.9402115957661,-42.44233116054496,-42.44233116054496,-42.44233116054496,-42.44233116054496,-42.44233116054496,-42.44233116054496,0.0,0.0,0.0,122.49788043522113
4779,1981-01-21,165.00582203125245,79.17822485610029,160.70217794243064,165.00582203125245,165.00582203125245,-42.486054466596286,-42.486054466596286,-42.486054466596286,-42.486054466596286,-42.486054466596286,-42.486054466596286,0.0,0.0,0.0,122.51976756465616
4780,1981-01-22,165.0714324667388,80.61782501487706,165.20507433830954,165.0714324667388,165.0714324667388,-42.52944935849339,-42.52944935849339,-42.52944935849339,-42.52944935849339,-42.52944935849339,-42.52944935849339,0.0,0.0,0.0,122.5419831082454
4781,1981-01-23,165.13704290222523,80.91257005464462,162.9029839123775,165.13704290222523,165.13704290222523,-42.57251382681325,-42.57251382681325,-42.57251382681325,-42.57251382681325,-42.57251382681325,-42.57251382681325,0.0,0.0,0.0,122.56452907541198
4782,1981-01-26,165.33387420868434,82.81642740181331,165.77877926261496,165.33387420868434,165.33387420868434,-42.69970477625883,-42.69970477625883,-42.69970477625883,-42.69970477625883,-42.69970477625883,-42.69970477625883,0.0,0.0,0.0,122.63416943242551
4783,1981-01-27,165.39948464417068,79.65494696433872,162.9792220667771,165.39948464417068,165.39948464417068,-42.7414276965189,-42.7414276965189,-42.7414276965189,-42.7414276965189,-42.7414276965189,-42.7414276965189,0.0,0.0,0.0,122.65805694765179
4784,1981-01-28,165.46509507965712,83.28594162838934,165.70660245168122,165.46509507965715,165.46509507965715,-42.782810326742826,-42.782810326742826,-42.782810326742826,-42.782810326742826,-42.782810326742826,-42.782810326742826,0.0,0.0,0.0,122.68228475291428
4785,1981-01-29,165.53070551514344,80.72994363791437,165.32542659533956,165.53070551514344,165.53070551514344,-42.823850730003834,-42.823850730003834,-42.823850730003834,-42.823850730003834,-42.823850730003834,-42.823850730003834,0.0,0.0,0.0,122.7068547851396
4786,1981-01-30,165.5963159506298,84.00450187546848,165.39223336372595,165.5963159506298,165.5963159506298,-42.864546981572154,-42.864546981572154,-42.864546981572154,-42.864546981572154,-42.864546981572154,-42.864546981572154,0.0,0.0,0.0,122.73176896905764
4787,1981-02-02,165.79314725708898,80.00929073641876,165.04975964245256,165.79314725708898,165.79314725708898,-42.98455176244162,-42.98455176244162,-42.98455176244162,-42.98455176244162,-42.98455176244162,-42.98455176244162,0.0,0.0,0.0,122.80859549464736
4788,1981-02-03,165.85875769257532,80.87306478816498,162.04660371466065,165.85875769257532,165.85875769257532,-43.02385240497941,-43.02385240497941,-43.02385240497941,-43.02385240497941,-43.02385240497941,-43.02385240497941,0.0,0.0,0.0,122.83490528759592
4789,1981-02-04,165.92436812806176,80.2485515849038,166.21134897526431,165.92436812806176,165.92436812806176,-43.06279945621913,-43.06279945621913,-43.06279945621913,-43.06279945621913,-43.06279945621913,-43.06279945621913,0.0,0.0,0.0,122.86156867184263
4790,1981-02-05,165.9899785635481,79.81895603179261,163.64976329730837,165.9899785635481,165.9899785635481,-43.10139106525881,-43.10139106525881,-43.10139106525881,-43.10139106525881,-43.10139106525881,-43.10139106525881,0.0,0.0,0.0,122.8885874982893
4791,1981-02-06,166.05558899903446,80.31121381115429,165.45840272674107,166.05558899903446,166.05558899903446,-43.13962539360323,-43.13962539360323,-43.13962539360323,-43.13962539360323,-43.13962539360323,-43.13962539360323,0.0,0.0,0.0,122.91596360543122
4792,1981-02-09,166.25242030549364,81.60239965689654,165.59490041693755,166.25242030549364,166.25242030549364,-43.25216649621921,-43.25216649621921,-43.25216649621921,-43.25216649621921,-43.25216649621921,-43.25216649621921,0.0,0.0,0.0,123.00025380927443
4793,1981-02-10,166.31803074098,79.63653832956787,163.75541726635294,166.31803074098,166.31803074098,-43.288953565961585,-43.288953565961585,-43.288953565961585,-43.288953565961585,-43.288953565961585,-43.288953565961585,0.0,0.0,0.0,123.02907717501841
4794,1981-02-11,166.38364117646643,81.48726786936705,163.91601436682944,166.38364117646643,166.38364117646643,-43.32537434961672,-43.32537434961672,-43.32537434961672,-43.32537434961672,-43.32537434961672,-43.32537434961672,0.0,0.0,0.0,123.0582668268497
4795,1981-02-12,166.44925161195275,81.7020274713534,166.0242455850436,166.44925161195275,166.44925161195275,-43.361427083709934,-43.361427083709934,-43.361427083709934,-43.361427083709934,-43.361427083709934,-43.361427083709934,0.0,0.0,0.0,123.0878245282428
4796,1981-02-13,166.5148620474391,83.34235692543675,161.8740391745209,166.5148620474391,166.5148620474391,-43.39711001736094,-43.39711001736094,-43.39711001736094,-43.39711001736094,-43.39711001736094,-43.39711001736094,0.0,0.0,0.0,123.11775203007815
4797,1981-02-17,166.77730378938463,82.05161471289303,166.58957482435983,166.77730378938463,166.77730378938463,-43.53610917214227,-43.53610917214227,-43.53610917214227,-43.53610917214227,-43.53610917214227,-43.53610917214227,0.0,0.0,0.0,123.24119461724237
4798,1981-02-18,166.84291422487098,83.45295990315743,163.1534861594365,166.84291422487098,166.84291422487098,-43.56991728291499,-43.56991728291499,-43.56991728291499,-43.56991728291499,-43.56991728291499,-43.56991728291499,0.0,0.0,0.0,123.272996941956
4799,1981-02-19,166.90852466035741,80.63971419352464,165.50880022117204,166.90852466035741,166.90852466035741,-43.60334535381623,-43.60334535381623,-43.60334535381623,-43.60334535381623,-43.60334535381623,-43.60334535381623,0.0,0.0,0.0,123.30517930654119
4800,1981-02-20,166.97413509584376,84.15155304411805,164.6272414962818,166.9741350958438,166.9741350958438,-43.63639172279911,-43.63639172279911,-43.63639172279911,-43.63639172279911,-43.63639172279911,-43.63639172279911,0.0,0.0,0.0,123.33774337304465
4801,1981-02-23,167.17096640230295,80.7993898789162,163.07050236005028,167.17096640230295,167.17096640230295,-43.733224189605686,-43.733224189605686,-43.733224189605686,-43.733224189605686,-43.733224189605686,-43.733224189605686,0.0,0.0,0.0,123.43774221269726
4802,1981-02-24,167.2365768377893,80.56323922785907,164.09327334919172,167.2365768377893,167.2365768377893,-43.76472738637375,-43.76472738637375,-43.76472738637375,-43.76472738637375,-43.76472738637375,-43.76472738637375,0.0,0.0,0.0,123.47184945141555
4803,1981-02-25,167.30218727327565,80.84998119224042,163.5177394506946,167.30218727327565,167.30218727327565,-43.79584076311385,-43.79584076311385,-43.79584076311385,-43.79584076311385,-43.79584076311385,-43.79584076311385,0.0,0.0,0.0,123.50634651016179
4804,1981-02-26,167.36779770876208,80.61029408795558,162.731879611876,167.36779770876208,167.36779770876208,-43.82656273476943,-43.82656273476943,-43.82656273476943,-43.82656273476943,-43.82656273476943,-43.82656273476943,0.0,0.0,0.0,123.54123497399266
4805,1981-02-27,167.4334081442484,81.62819736201683,163.1971449893686,167.4334081442484,167.4334081442484,-43.856891729184234,-43.856891729184234,-43.856891729184234,-43.856891729184234,-43.856891729184234,-43.856891729184234,0.0,0.0,0.0,123.57651641506416
4806,1981-03-02,167.63023945070762,78.68276533947628,166.77296797455966,167.63023945070762,167.63023945070762,-43.94550532130285,-43.94550532130285,-43.94550532130285,-43.94550532130285,-43.94550532130285,-43.94550532130285,0.0,0.0,0.0,123.68473412940477
4807,1981-03-03,167.69584988619394,83.30445730411891,165.3125372831474,167.69584988619397,167.69584988619397,-43.97424694382265,-43.97424694382265,-43.97424694382265,-43.97424694382265,-43.97424694382265,-43.97424694382265,0.0,0.0,0.0,123.72160294237129
4808,1981-03-04,167.7614603216803,82.49199215597051,167.91798903299912,167.7614603216803,167.7614603216803,-44.002587922443766,-44.002587922443766,-44.002587922443766,-44.002587922443766,-44.002587922443766,-44.002587922443766,0.0,0.0,0.0,123.75887239923652
4809,1981-03-05,167.82707075716672,83.22381065736319,163.02538464733706,167.82707075716672,167.82707075716672,-44.03052676277721,-44.03052676277721,-44.03052676277721,-44.03052676277721,-44.03052676277721,-44.03052676277721,0.0,0.0,0.0,123.79654399438951
4810,1981-03-06,167.89268119265307,81.33757629165358,165.28771920213805,167.89268119265307,167.89268119265307,-44.05806198345204,-44.05806198345204,-44.05806198345204,-44.05806198345204,-44.05806198345204,-44.05806198345204,0.0,0.0,0.0,123.83461920920104
4811,1981-03-09,168.08951249911217,81.46381058032198,169.4408105586223,168.08951249911217,168.08951249911217,-44.138231309394435,-44.138231309394435,-44.138231309394435,-44.138231309394435,-44.138231309394435,-44.138231309394435,0.0,0.0,0.0,123.95128118971775
4812,1981-03-10,168.1551229345986,85.29775466150694,166.30973275261118,168.1551229345986,168.1551229345986,-44.164137498597746,-44.164137498597746,-44.164137498597746,-44.164137498597746,-44.164137498597746,-44.164137498597746,0.0,0.0,0.0,123.99098543600087
4813,1981-03-11,168.22073337008496,82.79125556394402,163.78654881951044,168.22073337008496,168.22073337008496,-44.18963285706422,-44.18963285706422,-44.18963285706422,-44.18963285706422,-44.18963285706422,-44.18963285706422,0.0,0.0,0.0,124.03110051302073
4814,1981-03-12,168.2863438055714,82.1880306995705,165.17267343041624,168.2863438055714,168.2863438055714,-44.21471598182808,-44.21471598182808,-44.21471598182808,-44.21471598182808,-44.21471598182808,-44.21471598182808,0.0,0.0,0.0,124.07162782374331
4815,1981-03-13,168.3519542410577,83.43063403370354,164.65198384411087,168.3519542410577,168.3519542410577,-44.23938548303731,-44.23938548303731,-44.23938548303731,-44.23938548303731,-44.23938548303731,-44.23938548303731,0.0,0.0,0.0,124.1125687580204
4816,1981-03-16,168.54878554751684,82.95283782302164,167.3035887098148,168.54878554751684,168.54878554751684,-44.3108985437436,-44.3108985437436,-44.3108985437436,-44.3108985437436,-44.3108985437436,-44.3108985437436,0.0,0.0,0.0,124.23788700377324
4817,1981-03-17,168.61439598300328,82.55145586789176,164.9466242397983,168.61439598300328,168.61439598300328,-44.33389991486235,-44.33389991486235,-44.33389991486235,-44.33389991486235,-44.33389991486235,-44.33389991486235,0.0,0.0,0.0,124.28049606814093
4818,1981-03-18,168.6800064184896,84.35969283851935,167.05816780550913,168.6800064184896,168.6800064184896,-44.35648091024773,-44.35648091024773,-44.35648091024773,-44.35648091024773,-44.35648091024773,-44.35648091024773,0.0,0.0,0.0,124.32352550824186
4819,1981-03-19,168.74561685397595,84.47056162126613,164.07443071516497,168.74561685397595,168.74561685397595,-44.378640218952924,-44.378640218952924,-44.378640218952924,-44.378640218952924,-44.378640218952924,-44.378640218952924,0.0,0.0,0.0,124.36697663502302
4820,1981-03-20,168.81122728946238,81.04352218122233,164.6713998588874,168.81122728946235,168.81122728946235,-44.40037654321566,-44.40037654321566,-44.40037654321566,-44.40037654321566,-44.40037654321566,-44.40037654321566,0.0,0.0,0.0,124.41085074624672
4821,1981-03-23,169.00805859592148,84.48203617673474,166.0280274677047,169.00805859592145,169.00805859592145,-44.4630348296696,-44.4630348296696,-44.4630348296696,-44.4630348296696,-44.4630348296696,-44.4630348296696,0.0,0.0,0.0,124.54502376625189
4822,1981-03-24,169.07366903140783,82.89700517854054,167.01875534222427,169.07366903140783,169.07366903140783,-44.48306650251771,-44.48306650251771,-44.48306650251771,-44.48306650251771,-44.48306650251771,-44.48306650251771,0.0,0.0,0.0,124.59060252889012
4823,1981-03-25,169.13927946689427,84.31902544304387,164.96358107019898,169.13927946689427,169.13927946689427,-44.50266890015953,-44.50266890015953,-44.50266890015953,-44.50266890015953,-44.50266890015953,-44.50266890015953,0.0,0.0,0.0,124.63661056673473
4824,1981-03-26,169.20488990238061,83.51622227455469,166.30393321597126,169.20488990238061,169.20488990238061,-44.52184080410161,-44.52184080410161,-44.52184080410161,-44.52184080410161,-44.52184080410161,-44.52184080410161,0.0,0.0,0.0,124.68304909827901
4825,1981-03-27,169.27050033786705,82.08825893418889,168.3182647445359,169.27050033786705,169.27050033786705,-44.54058100908319,-44.54058100908319,-44.54058100908319,-44.54058100908319,-44.54058100908319,-44.54058100908319,0.0,0.0,0.0,124.72991932878386
4826,1981-03-30,169.46733164432615,82.33977546948778,163.01703737718645,169.46733164432615,169.46733164432615,-44.59419957626986,-44.59419957626986,-44.59419957626986,-44.59419957626986,-44.59419957626986,-44.59419957626986,0.0,0.0,0.0,124.8731320680563
4827,1981-03-31,169.5329420798125,82.87227571995255,165.6853122889852,169.5329420798125,169.5329420798125,-44.611201197648235,-44.611201197648235,-44.611201197648235,-44.611201197648235,-44.611201197648235,-44.611201197648235,0.0,0.0,0.0,124.92174088216427
4828,1981-04-01,169.59855251529893,83.26190825791467,166.37615981765532,169.59855251529893,169.59855251529893,-44.62776529243249,-44.62776529243249,-44.62776529243249,-44.62776529243249,-44.62776529243249,-44.62776529243249,0.0,0.0,0.0,124.97078722286645
4829,1981-04-02,169.66416295078525,87.2101991877025,166.67123804260763,169.66416295078525,169.66416295078525,-44.64389073485612,-44.64389073485612,-44.64389073485612,-44.64389073485612,-44.64389073485612,-44.64389073485612,0.0,0.0,0.0,125.02027221592914
4830,1981-04-03,169.7297733862717,83.23036925837086,166.51882906822033,169.7297733862717,169.7297733862717,-44.659576412411894,-44.659576412411894,-44.659576412411894,-44.659576412411894,-44.659576412411894,-44.659576412411894,0.0,0.0,0.0,125.0701969738598
4831,1981-04-06,169.9266046927307,82.95374346432054,169.61375636989828,169.9266046927307,169.9266046927307,-44.70398392974362,-44.70398392974362,-44.70398392974362,-44.70398392974362,-44.70398392974362,-44.70398392974362,0.0,0.0,0.0,125.22262076298708
4832,1981-04-07,169.99221512821714,88.57768632956402,165.9510717495572,169.99221512821714,169.99221512821714,-44.71789968801837,-44.71789968801837,-44.71789968801837,-44.71789968801837,-44.71789968801837,-44.71789968801837,0.0,0.0,0.0,125.27431544019876
4833,1981-04-08,170.0578255637035,85.24150451952417,166.3160405968456,170.0578255637035,170.0578255637035,-44.73137031784183,-44.73137031784183,-44.73137031784183,-44.73137031784183,-44.73137031784183,-44.73137031784183,0.0,0.0,0.0,125.32645524586167
4834,1981-04-09,170.12343599918992,85.32771174354775,167.9468955541031,170.12343599918992,170.12343599918992,-44.744394786291416,-44.744394786291416,-44.744394786291416,-44.744394786291416,-44.744394786291416,-44.744394786291416,0.0,0.0,0.0,125.3790412128985
4835,1981-04-10,170.18904643467627,83.85014174879787,165.0104109776241,170.18904643467627,170.18904643467627,-44.75697207370738,-44.75697207370738,-44.75697207370738,-44.75697207370738,-44.75697207370738,-44.75697207370738,0.0,0.0,0.0,125.4320743609689
4836,1981-04-13,170.38587774113537,81.57157187849592,165.14554211723382,170.38587774113537,170.38587774113537,-44.79201085208958,-44.79201085208958,-44.79201085208958,-44.79201085208958,-44.79201085208958,-44.79201085208958,0.0,0.0,0.0,125.59386688904578
4837,1981-04-14,170.4514881766218,84.53095680581539,167.49333377097562,170.4514881766218,170.4514881766218,-44.80278948400023,-44.80278948400023,-44.80278948400023,-44.80278948400023,-44.80278948400023,-44.80278948400023,0.0,0.0,0.0,125.64869869262158
4838,1981-04-15,170.51709861210816,86.27216168603174,167.22072152686948,170.51709861210816,170.51709861210816,-44.81311603547668,-44.81311603547668,-44.81311603547668,-44.81311603547668,-44.81311603547668,-44.81311603547668,0.0,0.0,0.0,125.70398257663147
4839,1981-04-16,170.58270904759456,85.23883870207798,163.97697924454138,170.58270904759456,170.58270904759456,-44.82298956639922,-44.82298956639922,-44.82298956639922,-44.82298956639922,-44.82298956639922,-44.82298956639922,0.0,0.0,0.0,125.75971948119533
4840,1981-04-20,170.84515078954004,84.02527399157209,168.03611324708683,170.84515078954004,170.84515078954004,-44.857935145641804,-44.857935145641804,-44.857935145641804,-44.857935145641804,-44.857935145641804,-44.857935145641804,0.0,0.0,0.0,125.98721564389824
4841,1981-04-21,170.91076122502645,83.85423947328943,166.3642928530062,170.91076122502645,170.91076122502645,-44.86552993541751,-44.86552993541751,-44.86552993541751,-44.86552993541751,-44.86552993541751,-44.86552993541751,0.0,0.0,0.0,126.04523128960894
4842,1981-04-22,170.9763716605128,89.52648087296251,170.4740622707292,170.9763716605128,170.9763716605128,-44.872666341900086,-44.872666341900086,-44.872666341900086,-44.872666341900086,-44.872666341900086,-44.872666341900086,0.0,0.0,0.0,126.10370531861271
4843,1981-04-23,171.04198209599915,84.49817291070576,168.50561451316761,171.04198209599915,171.04198209599915,-44.87934351757766,-44.87934351757766,-44.87934351757766,-44.87934351757766,-44.87934351757766,-44.87934351757766,0.0,0.0,0.0,126.16263857842148
4844,1981-04-24,171.10759253148558,85.34830360725373,165.92094391004252,171.10759253148558,171.10759253148558,-44.88556062814284,-44.88556062814284,-44.88556062814284,-44.88556062814284,-44.88556062814284,-44.88556062814284,0.0,0.0,0.0,126.22203190334274
4845,1981-04-27,171.30442383794468,82.48337218689306,167.84306033486908,171.30442383794468,171.30442383794468,-44.90144342400465,-44.90144342400465,-44.90144342400465,-44.90144342400465,-44.90144342400465,-44.90144342400465,0.0,0.0,0.0,126.40298041394004
4846,1981-04-28,171.37003427343103,83.99767781587846,166.43174027158975,171.37003427343103,171.37003427343103,-44.90581219487218,-44.90581219487218,-44.90581219487218,-44.90581219487218,-44.90581219487218,-44.90581219487218,0.0,0.0,0.0,126.46422207855885
4847,1981-04-29,171.43564470891747,85.93610225973104,168.85938983452962,171.43564470891747,171.43564470891747,-44.909716926883746,-44.909716926883746,-44.909716926883746,-44.909716926883746,-44.909716926883746,-44.909716926883746,0.0,0.0,0.0,126.52592778203372
4848,1981-04-30,171.50125514440379,88.90013791132547,169.28544980308962,171.50125514440379,171.50125514440379,-44.91315686478713,-44.91315686478713,-44.91315686478713,-44.91315686478713,-44.91315686478713,-44.91315686478713,0.0,0.0,0.0,126.58809827961664
4849,1981-05-01,171.56686557989022,87.47133544592697,169.66752989026713,171.56686557989022,171.56686557989022,-44.916131266472156,-44.916131266472156,-44.916131266472156,-44.916131266472156,-44.916131266472156,-44.916131266472156,0.0,0.0,0.0,126.65073431341807
4850,1981-05-04,171.76369688634935,85.92563349488042,169.52355962780223,171.76369688634935,171.76369688634935,-44.92225403003467,-44.92225403003467,-44.92225403003467,-44.92225403003467,-44.92225403003467,-44.92225403003467,0.0,0.0,0.0,126.84144285631467
4851,1981-05-05,171.82930732183567,86.40962456953568,166.41236238290435,171.82930732183567,171.82930732183567,-44.923359128221804,-44.923359128221804,-44.923359128221804,-44.923359128221804,-44.923359128221804,-44.923359128221804,0.0,0.0,0.0,126.90594819361387
4852,1981-05-06,171.8949177573221,83.45027383469782,167.6721675583628,171.8949177573221,171.8949177573221,-44.923995176394676,-44.923995176394676,-44.923995176394676,-44.923995176394676,-44.923995176394676,-44.923995176394676,0.0,0.0,0.0,126.97092258092744
4853,1981-05-07,171.81115792644763,84.1478884879605,166.6592136545867,171.8111579264476,171.8111579264476,-44.92416151106172,-44.92416151106172,-44.92416151106172,-44.92416151106172,-44.92416151106172,-44.92416151106172,0.0,0.0,0.0,126.88699641538591
4854,1981-05-08,171.72739809557322,88.17332629329722,170.1673249027217,171.72739809557322,171.72739809557322,-44.92385748178985,-44.92385748178985,-44.92385748178985,-44.92385748178985,-44.92385748178985,-44.92385748178985,0.0,0.0,0.0,126.80354061378337
4855,1981-05-11,171.47611860294967,85.60182757055532,167.68304574813385,171.47611860294967,171.47611860294967,-44.92011690161429,-44.92011690161429,-44.92011690161429,-44.92011690161429,-44.92011690161429,-44.92011690161429,0.0,0.0,0.0,126.55600170133538
4856,1981-05-12,171.39235877207526,83.09889338539875,170.77599527854412,171.39235877207526,171.39235877207526,-44.91792517295914,-44.91792517295914,-44.91792517295914,-44.91792517295914,-44.91792517295914,-44.91792517295914,0.0,0.0,0.0,126.47443359911611
4857,1981-05-13,171.30859894120078,84.7393767827299,165.94835442367696,171.30859894120078,171.30859894120078,-44.91526002359853,-44.91526002359853,-44.91526002359853,-44.91526002359853,-44.91526002359853,-44.91526002359853,0.0,0.0,0.0,126.39333891760225
4858,1981-05-14,171.2248391103263,86.42235262331234,172.7108577518843,171.2248391103263,171.2248391103263,-44.91212088115396,-44.91212088115396,-44.91212088115396,-44.91212088115396,-44.91212088115396,-44.91212088115396,0.0,0.0,0.0,126.31271822917233
4859,1981-05-15,171.1410792794518,88.12219719879099,170.45939457827416,171.1410792794518,171.1410792794518,-44.908507186202065,-44.908507186202065,-44.908507186202065,-44.908507186202065,-44.908507186202065,-44.908507186202065,0.0,0.0,0.0,126.23257209324973
4860,1981-05-18,170.88979978682832,83.70079735528833,167.1756528348019,170.88979978682832,170.88979978682832,-44.89481338603992,-44.89481338603992,-44.89481338603992,-44.89481338603992,-44.89481338603992,-44.89481338603992,0.0,0.0,0.0,125.9949864007884
4861,1981-05-19,170.80603995595393,83.92104604977257,166.44571040878404,170.8060399559539,170.8060399559539,-44.889296145333525,-44.889296145333525,-44.889296145333525,-44.889296145333525,-44.889296145333525,-44.889296145333525,0.0,0.0,0.0,125.9167438106204
4862,1981-05-20,170.72228012507944,85.68342338616958,168.97104680624776,170.72228012507944,170.72228012507944,-44.88330174873132,-44.88330174873132,-44.88330174873132,-44.88330174873132,-44.88330174873132,-44.88330174873132,0.0,0.0,0.0,125.83897837634811
4863,1981-05-21,170.63852029420497,80.95259538839458,169.35118822233488,170.63852029420497,170.63852029420497,-44.876829714176814,-44.876829714176814,-44.876829714176814,-44.876829714176814,-44.876829714176814,-44.876829714176814,0.0,0.0,0.0,125.76169058002816
4864,1981-05-22,170.55476046333047,85.57112376795743,167.21032278294075,170.55476046333047,170.55476046333047,-44.86987957244322,-44.86987957244322,-44.86987957244322,-44.86987957244322,-44.86987957244322,-44.86987957244322,0.0,0.0,0.0,125.68488089088726
4865,1981-05-26,170.2197211398326,85.08551395424249,166.10200466959273,170.2197211398326,170.2197211398326,-44.837288997137875,-44.837288997137875,-44.837288997137875,-44.837288997137875,-44.837288997137875,-44.837288997137875,0.0,0.0,0.0,125.38243214269471
4866,1981-05-27,170.13596130895812,84.3949084051948,165.86024640334057,170.13596130895812,170.13596130895812,-44.82794172877773,-44.82794172877773,-44.82794172877773,-44.82794172877773,-44.82794172877773,-44.82794172877773,0.0,0.0,0.0,125.30801958018039
4867,1981-05-28,170.05220147808362,82.57801998096112,163.52576193116738,170.05220147808362,170.05220147808362,-44.81811380619205,-44.81811380619205,-44.81811380619205,-44.81811380619205,-44.81811380619205,-44.81811380619205,0.0,0.0,0.0,125.23408767189156
4868,1981-05-29,169.96844164720912,85.29959074647681,167.6329085144513,169.96844164720915,169.96844164720915,-44.807804849397165,-44.807804849397165,-44.807804849397165,-44.807804849397165,-44.807804849397165,-44.807804849397165,0.0,0.0,0.0,125.16063679781195
4869,1981-06-01,169.71716215458565,82.93084567206283,166.12481132626053,169.71716215458565,169.71716215458565,-44.773988163725384,-44.773988163725384,-44.773988163725384,-44.773988163725384,-44.773988163725384,-44.773988163725384,0.0,0.0,0.0,124.94317399086026
4870,1981-06-02,169.63340232371127,84.15177739383566,166.21190022416522,169.63340232371127,169.63340232371127,-44.76175152317078,-44.76175152317078,-44.76175152317078,-44.76175152317078,-44.76175152317078,-44.76175152317078,0.0,0.0,0.0,124.8716508005405
4871,1981-06-03,169.54964249283677,83.00798194915303,167.46769089806975,169.54964249283677,169.54964249283677,-44.74903213797189,-44.74903213797189,-44.74903213797189,-44.74903213797189,-44.74903213797189,-44.74903213797189,0.0,0.0,0.0,124.80061035486489
4872,1981-06-04,169.46588266196227,81.63799949834521,167.13470050537356,169.46588266196227,169.46588266196227,-44.73582970377485,-44.73582970377485,-44.73582970377485,-44.73582970377485,-44.73582970377485,-44.73582970377485,0.0,0.0,0.0,124.73005295818743
4873,1981-06-05,169.3821228310878,79.15130815814638,167.0753811763676,169.3821228310878,169.3821228310878,-44.72214392874577,-44.72214392874577,-44.72214392874577,-44.72214392874577,-44.72214392874577,-44.72214392874577,0.0,0.0,0.0,124.65997890234203
4874,1981-06-08,169.13084333846433,80.90578510255081,165.0139841893316,169.13084333846433,169.13084333846433,-44.678183827615925,-44.678183827615925,-44.678183827615925,-44.678183827615925,-44.678183827615925,-44.678183827615925,0.0,0.0,0.0,124.4526595108484
4875,1981-06-09,169.04708350758983,81.6828297610828,165.25955932768184,169.04708350758983,169.04708350758983,-44.662562020456534,-44.662562020456534,-44.662562020456534,-44.662562020456534,-44.662562020456534,-44.662562020456534,0.0,0.0,0.0,124.3845214871333
4876,1981-06-10,168.96332367671545,84.77064372563852,167.62975097094497,168.96332367671545,168.96332367671545,-44.646455600220676,-44.646455600220676,-44.646455600220676,-44.646455600220676,-44.646455600220676,-44.646455600220676,0.0,0.0,0.0,124.31686807649477
4877,1981-06-11,168.87956384584095,84.74221364060642,167.06109251618167,168.87956384584095,168.87956384584095,-44.62986434966066,-44.62986434966066,-44.62986434966066,-44.62986434966066,-44.62986434966066,-44.62986434966066,0.0,0.0,0.0,124.24969949618028
4878,1981-06-12,168.79580401496645,83.39960519970937,166.37269999717927,168.79580401496645,168.79580401496645,-44.61278806386613,-44.61278806386613,-44.61278806386613,-44.61278806386613,-44.61278806386613,-44.61278806386613,0.0,0.0,0.0,124.18301595110032
4879,1981-06-15,168.54452452234298,84.27212074896488,166.51785269065383,168.54452452234298,168.54452452234298,-44.55864713045122,-44.55864713045122,-44.55864713045122,-44.55864713045122,-44.55864713045122,-44.55864713045122,0.0,0.0,0.0,123.98587739189176
4880,1981-06-16,168.4607646914685,84.47628459602217,165.78806329067058,168.4607646914685,168.4607646914685,-44.539628900388244,-44.539628900388244,-44.539628900388244,-44.539628900388244,-44.539628900388244,-44.539628900388244,0.0,0.0,0.0,123.92113579108027
4881,1981-06-17,168.3770048605941,83.20316911104689,166.8094547398316,168.3770048605941,168.3770048605941,-44.520124794618354,-44.520124794618354,-44.520124794618354,-44.520124794618354,-44.520124794618354,-44.520124794618354,0.0,0.0,0.0,123.85688006597574
4882,1981-06-18,168.2932450297196,81.88810738919629,165.03735295081643,168.2932450297196,168.2932450297196,-44.500134681661194,-44.500134681661194,-44.500134681661194,-44.500134681661194,-44.500134681661194,-44.500134681661194,0.0,0.0,0.0,123.7931103480584
4883,1981-06-19,168.20948519884513,83.5612667247153,167.59087372965942,168.20948519884513,168.20948519884513,-44.479658442171655,-44.479658442171655,-44.479658442171655,-44.479658442171655,-44.479658442171655,-44.479658442171655,0.0,0.0,0.0,123.72982675667348
4884,1981-06-22,167.95820570622175,80.35723226939453,166.81988367685773,167.95820570622175,167.95820570622175,-44.415311952453884,-44.415311952453884,-44.415311952453884,-44.415311952453884,-44.415311952453884,-44.415311952453884,0.0,0.0,0.0,123.54289375376786
4885,1981-06-23,167.87444587534716,79.13812282853775,163.35919584553295,167.87444587534716,167.87444587534716,-44.39289025502848,-44.39289025502848,-44.39289025502848,-44.39289025502848,-44.39289025502848,-44.39289025502848,0.0,0.0,0.0,123.48155562031869
4886,1981-06-24,167.79068604447275,82.63925362264939,163.04376816137005,167.79068604447275,167.79068604447275,-44.3699820153059,-44.3699820153059,-44.3699820153059,-44.3699820153059,-44.3699820153059,-44.3699820153059,0.0,0.0,0.0,123.42070402916684
4887,1981-06-25,167.70692621359828,78.87584911397042,164.55262098604265,167.70692621359828,167.70692621359828,-44.3465871861056,-44.3465871861056,-44.3465871861056,-44.3465871861056,-44.3465871861056,-44.3465871861056,0.0,0.0,0.0,123.36033902749267
4888,1981-06-26,167.62316638272378,79.1888367680202,159.84850125211878,167.62316638272378,167.62316638272378,-44.32270573216295,-44.32270573216295,-44.32270573216295,-44.32270573216295,-44.32270573216295,-44.32270573216295,0.0,0.0,0.0,123.30046065056084
4889,1981-06-29,167.3718868901004,81.75306567915337,163.10555702640056,167.3718868901004,167.3718868901004,-44.248141447277256,-44.248141447277256,-44.248141447277256,-44.248141447277256,-44.248141447277256,-44.248141447277256,0.0,0.0,0.0,123.12374544282315
4890,1981-06-30,167.28812705922593,81.68787488233029,167.00936294131824,167.28812705922593,167.28812705922593,-44.22231337887637,-44.22231337887637,-44.22231337887637,-44.22231337887637,-44.22231337887637,-44.22231337887637,0.0,0.0,0.0,123.06581368034955
4891,1981-07-01,167.20436722835143,83.94848362986906,166.0006765326861,167.20436722835143,167.20436722835143,-44.19599868698544,-44.19599868698544,-44.19599868698544,-44.19599868698544,-44.19599868698544,-44.19599868698544,0.0,0.0,0.0,123.008368541366
4892,1981-07-02,167.12060739747693,80.89455017616645,163.77899851459765,167.12060739747693,167.12060739747693,-44.169197407132664,-44.169197407132664,-44.169197407132664,-44.169197407132664,-44.169197407132664,-44.169197407132664,0.0,0.0,0.0,122.95140999034427
4893,1981-07-06,166.78556807397908,80.17447679491923,161.49714512890571,166.78556807397908,166.78556807397908,-44.057127526691204,-44.057127526691204,-44.057127526691204,-44.057127526691204,-44.057127526691204,-44.057127526691204,0.0,0.0,0.0,122.72844054728787
4894,1981-07-07,166.70180824310458,81.37083205467782,163.80495379529506,166.70180824310458,166.70180824310458,-44.02789424747531,-44.02789424747531,-44.02789424747531,-44.02789424747531,-44.02789424747531,-44.02789424747531,0.0,0.0,0.0,122.67391399562928
4895,1981-07-08,166.61804841223008,81.2707728281804,163.24985189799216,166.61804841223008,166.61804841223008,-43.998174837478,-43.998174837478,-43.998174837478,-43.998174837478,-43.998174837478,-43.998174837478,0.0,0.0,0.0,122.61987357475209
4896,1981-07-09,166.5342885813556,81.26396808845178,163.52858092746675,166.5342885813556,166.5342885813556,-43.96796941322748,-43.96796941322748,-43.96796941322748,-43.96796941322748,-43.96796941322748,-43.96796941322748,0.0,0.0,0.0,122.56631916812813
4897,1981-07-10,166.4505287504811,81.3128284280899,166.91589216984806,166.4505287504811,166.4505287504811,-43.937278102676885,-43.937278102676885,-43.937278102676885,-43.937278102676885,-43.937278102676885,-43.937278102676885,0.0,0.0,0.0,122.51325064780423
4898,1981-07-13,166.19924925785773,80.76495876729913,165.41159624538815,166.19924925785773,166.19924925785773,-43.84229030333933,-43.84229030333933,-43.84229030333933,-43.84229030333933,-43.84229030333933,-43.84229030333933,0.0,0.0,0.0,122.3569589545184
4899,1981-07-14,166.11548942698323,81.37479373845379,163.8182180261446,166.11548942698323,166.11548942698323,-43.80965695429808,-43.80965695429808,-43.80965695429808,-43.80965695429808,-43.80965695429808,-43.80965695429808,0.0,0.0,0.0,122.30583247268515
4900,1981-07-15,166.03172959610876,82.79164562099783,163.01978889374888,166.03172959610876,166.03172959610876,-43.776538528771226,-43.776538528771226,-43.776538528771226,-43.776538528771226,-43.776538528771226,-43.776538528771226,0.0,0.0,0.0,122.25519106733753
4901,1981-07-16,165.94796976523426,80.09706287604625,160.98629191883632,165.94796976523426,165.94796976523426,-43.74293522246189,-43.74293522246189,-43.74293522246189,-43.74293522246189,-43.74293522246189,-43.74293522246189,0.0,0.0,0.0,122.20503454277238
4902,1981-07-17,165.8642099343598,80.71015092485742,163.46142927353645,165.8642099343598,165.8642099343598,-43.70884724222809,-43.70884724222809,-43.70884724222809,-43.70884724222809,-43.70884724222809,-43.70884724222809,0.0,0.0,0.0,122.1553626921317
4903,1981-07-20,165.6129304417364,82.14789907682037,165.11241440645495,165.6129304417364,165.6129304417364,-43.6036774930558,-43.6036774930558,-43.6036774930558,-43.6036774930558,-43.6036774930558,-43.6036774930558,0.0,0.0,0.0,122.00925294868061
4904,1981-07-21,165.5291706108619,80.71603198770022,160.86223164201067,165.5291706108619,165.5291706108619,-43.56765310741396,-43.56765310741396,-43.56765310741396,-43.56765310741396,-43.56765310741396,-43.56765310741396,0.0,0.0,0.0,121.96151750344795
4905,1981-07-22,165.4454107799874,80.27012539343215,160.62220140474963,165.4454107799874,165.4454107799874,-43.53114524806459,-43.53114524806459,-43.53114524806459,-43.53114524806459,-43.53114524806459,-43.53114524806459,0.0,0.0,0.0,121.91426553192282
4906,1981-07-23,165.36165094911294,80.44904365311868,162.5094740523985,165.36165094911294,165.36165094911294,-43.49415418795101,-43.49415418795101,-43.49415418795101,-43.49415418795101,-43.49415418795101,-43.49415418795101,0.0,0.0,0.0,121.86749676116193
4907,1981-07-24,165.27789111823844,79.92127576445196,162.89811030801215,165.27789111823841,165.27789111823841,-43.45668021088653,-43.45668021088653,-43.45668021088653,-43.45668021088653,-43.45668021088653,-43.45668021088653,0.0,0.0,0.0,121.82121090735191
4908,1981-07-27,165.02661162561506,79.60810759113588,161.4730979096147,165.02661162561506,165.02661162561506,-43.34136377829373,-43.34136377829373,-43.34136377829373,-43.34136377829373,-43.34136377829373,-43.34136377829373,0.0,0.0,0.0,121.68524784732134
4909,1981-07-28,164.94285179474056,77.18593677226949,161.4558889852468,164.94285179474056,164.94285179474056,-43.301961187491,-43.301961187491,-43.301961187491,-43.301961187491,-43.301961187491,-43.301961187491,0.0,0.0,0.0,121.64089060724956
4910,1981-07-29,164.8590919638661,81.12743792801385,161.17327195077715,164.8590919638661,164.8590919638661,-43.26207726037998,-43.26207726037998,-43.26207726037998,-43.26207726037998,-43.26207726037998,-43.26207726037998,0.0,0.0,0.0,121.59701470348611
4911,1981-07-30,164.77533213299168,80.2315828700034,163.1274235279409,164.77533213299168,164.77533213299168,-43.22171234510424,-43.22171234510424,-43.22171234510424,-43.22171234510424,-43.22171234510424,-43.22171234510424,0.0,0.0,0.0,121.55361978788744
4912,1981-07-31,164.6915723021171,82.8111115224958,163.4832107781802,164.6915723021171,164.6915723021171,-43.18086680037789,-43.18086680037789,-43.18086680037789,-43.18086680037789,-43.18086680037789,-43.18086680037789,0.0,0.0,0.0,121.51070550173921
4913,1981-08-03,164.44029280949374,77.384976592011,167.00634531178693,164.44029280949374,164.44029280949374,-43.05545013426885,-43.05545013426885,-43.05545013426885,-43.05545013426885,-43.05545013426885,-43.05545013426885,0.0,0.0,0.0,121.38484267522489
4914,1981-08-04,164.35653297861924,80.46646751960124,163.60524586326693,164.35653297861924,164.35653297861924,-43.012685868746594,-43.012685868746594,-43.012685868746594,-43.012685868746594,-43.012685868746594,-43.012685868746594,0.0,0.0,0.0,121.34384710987266
4915,1981-08-05,164.27277314774474,78.6704779909775,164.89799487270392,164.27277314774472,164.27277314774472,-42.96944292435311,-42.96944292435311,-42.96944292435311,-42.96944292435311,-42.96944292435311,-42.96944292435311,0.0,0.0,0.0,121.30333022339164
4916,1981-08-06,164.18901331687027,78.90222508266686,160.89608745647644,164.18901331687027,164.18901331687027,-42.92572172229208,-42.92572172229208,-42.92572172229208,-42.92572172229208,-42.92572172229208,-42.92572172229208,0.0,0.0,0.0,121.26329159457819
4917,1981-08-07,164.10525348599577,84.12740496323104,161.87303637886276,164.10525348599577,164.10525348599577,-42.881522694024184,-42.881522694024184,-42.881522694024184,-42.881522694024184,-42.881522694024184,-42.881522694024184,0.0,0.0,0.0,121.22373079197159
4918,1981-08-10,163.8539739933724,76.03248166843713,161.41740326254785,163.8539739933724,163.8539739933724,-42.7460631194728,-42.7460631194728,-42.7460631194728,-42.7460631194728,-42.7460631194728,-42.7460631194728,0.0,0.0,0.0,121.10791087389958
4919,1981-08-11,163.7702141624979,80.14936713486001,162.13797306785904,163.7702141624979,163.7702141624979,-42.6999573045087,-42.6999573045087,-42.6999573045087,-42.6999573045087,-42.6999573045087,-42.6999573045087,0.0,0.0,0.0,121.0702568579892
4920,1981-08-12,163.68645433162342,80.15296695009985,161.60512770546228,163.68645433162345,163.68645433162345,-42.65337597287772,-42.65337597287772,-42.65337597287772,-42.65337597287772,-42.65337597287772,-42.65337597287772,0.0,0.0,0.0,121.03307835874571
4921,1981-08-13,163.60269450074892,79.94424114890874,161.71309179959454,163.60269450074892,163.60269450074892,-42.60631961660796,-42.60631961660796,-42.60631961660796,-42.60631961660796,-42.60631961660796,-42.60631961660796,0.0,0.0,0.0,120.99637488414096
4922,1981-08-14,163.5189346698745,75.93158883075812,160.11126063367428,163.5189346698745,163.5189346698745,-42.55878873765819,-42.55878873765819,-42.55878873765819,-42.55878873765819,-42.55878873765819,-42.55878873765819,0.0,0.0,0.0,120.96014593221632
4923,1981-08-17,163.26765517725104,79.82406300322121,161.93756573719804,163.26765517725102,163.26765517725102,-42.413354132257936,-42.413354132257936,-42.413354132257936,-42.413354132257936,-42.413354132257936,-42.413354132257936,0.0,0.0,0.0,120.85430104499311
4924,1981-08-18,163.18389534637657,80.91178111239923,160.24975246039526,163.18389534637657,163.18389534637657,-42.3639303790955,-42.3639303790955,-42.3639303790955,-42.3639303790955,-42.3639303790955,-42.3639303790955,0.0,0.0,0.0,120.81996496728107
4925,1981-08-19,163.10013551550207,81.49256949244734,164.86259084195285,163.10013551550207,163.10013551550207,-42.314034760315465,-42.314034760315465,-42.314034760315465,-42.314034760315465,-42.314034760315465,-42.314034760315465,0.0,0.0,0.0,120.78610075518661
4926,1981-08-20,163.01637568462758,78.84190107859686,163.3426945930529,163.01637568462758,163.01637568462758,-42.26366783644519,-42.26366783644519,-42.26366783644519,-42.26366783644519,-42.26366783644519,-42.26366783644519,0.0,0.0,0.0,120.75270784818238
4927,1981-08-21,162.9326158537532,80.359120738647,158.89899289320303,162.9326158537532,162.9326158537532,-42.21283017760249,-42.21283017760249,-42.21283017760249,-42.21283017760249,-42.21283017760249,-42.21283017760249,0.0,0.0,0.0,120.7197856761507
4928,1981-08-24,162.68133636112972,78.81317211747412,159.8473146097973,162.68133636112975,162.68133636112975,-42.0574986352406,-42.0574986352406,-42.0574986352406,-42.0574986352406,-42.0574986352406,-42.0574986352406,0.0,0.0,0.0,120.62383772588913
4929,1981-08-25,162.59757653025522,79.28053350043692,160.30843925852452,162.59757653025522,162.59757653025522,-42.004783927766674,-42.004783927766674,-42.004783927766674,-42.004783927766674,-42.004783927766674,-42.004783927766674,0.0,0.0,0.0,120.59279260248854
4930,1981-08-26,162.51381669938075,79.9618607939766,161.00966017508728,162.51381669938075,162.51381669938075,-41.95160147803184,-41.95160147803184,-41.95160147803184,-41.95160147803184,-41.95160147803184,-41.95160147803184,0.0,0.0,0.0,120.56221522134891
4931,1981-08-27,162.43005686850626,76.40504785614483,162.36330445610488,162.43005686850626,162.43005686850626,-41.89795191265188,-41.89795191265188,-41.89795191265188,-41.89795191265188,-41.89795191265188,-41.89795191265188,0.0,0.0,0.0,120.53210495585438
4932,1981-08-28,162.34629703763184,79.15185191664507,165.52727570581564,162.34629703763184,162.34629703763184,-41.84383586748197,-41.84383586748197,-41.84383586748197,-41.84383586748197,-41.84383586748197,-41.84383586748197,0.0,0.0,0.0,120.50246117014987
4933,1981-08-31,162.0950175450083,81.78470295202092,161.17646112942697,162.0950175450083,162.0950175450083,-41.678695349308214,-41.678695349308214,-41.678695349308214,-41.678695349308214,-41.678695349308214,-41.678695349308214,0.0,0.0,0.0,120.41632219570008
4934,1981-09-01,162.0112577141339,79.38138087722515,161.68618784804931,162.0112577141339,162.0112577141339,-41.62271992653488,-41.62271992653488,-41.62271992653488,-41.62271992653488,-41.62271992653488,-41.62271992653488,0.0,0.0,0.0,120.38853778759903
4935,1981-09-02,161.9274978832594,80.73413696211435,162.69860704872656,161.9274978832594,161.9274978832594,-41.56628134004963,-41.56628134004963,-41.56628134004963,-41.56628134004963,-41.56628134004963,-41.56628134004963,0.0,0.0,0.0,120.36121654320978
4936,1981-09-03,161.8437380523849,78.43258464292379,163.0551170238273,161.8437380523849,161.8437380523849,-41.509380280066395,-41.509380280066395,-41.509380280066395,-41.509380280066395,-41.509380280066395,-41.509380280066395,0.0,0.0,0.0,120.33435777231851
4937,1981-09-04,161.75997822151052,80.7247717229487,162.29076584674584,161.75997822151052,161.75997822151052,-41.45201744567683,-41.45201744567683,-41.45201744567683,-41.45201744567683,-41.45201744567683,-41.45201744567683,0.0,0.0,0.0,120.30796077583369
4938,1981-09-08,161.42493889801256,79.63490180015515,160.64287304292972,161.42493889801256,161.42493889801256,-41.21796265366696,-41.21796265366696,-41.21796265366696,-41.21796265366696,-41.21796265366696,-41.21796265366696,0.0,0.0,0.0,120.2069762443456
4939,1981-09-09,161.34117906713806,80.89104341728009,163.52849484814982,161.34117906713806,161.34117906713806,-41.1583017406569,-41.1583017406569,-41.1583017406569,-41.1583017406569,-41.1583017406569,-41.1583017406569,0.0,0.0,0.0,120.18287732648116
4940,1981-09-10,161.2574192362636,81.94205093023533,163.00327098752183,161.2574192362636,161.2574192362636,-41.09818343126898,-41.09818343126898,-41.09818343126898,-41.09818343126898,-41.09818343126898,-41.09818343126898,0.0,0.0,0.0,120.15923580499461
4941,1981-09-11,161.17365940538917,79.04012408018147,159.30085258690036,161.17365940538917,161.17365940538917,-41.03760848525717,-41.03760848525717,-41.03760848525717,-41.03760848525717,-41.03760848525717,-41.03760848525717,0.0,0.0,0.0,120.136050920132
4942,1981-09-14,160.92237991276562,75.79623199153983,158.5311191145622,160.92237991276562,160.92237991276562,-40.85315155147216,-40.85315155147216,-40.85315155147216,-40.85315155147216,-40.85315155147216,-40.85315155147216,0.0,0.0,0.0,120.06922836129345
4943,1981-09-15,160.83862008189124,77.4410101476149,159.16293659554077,160.83862008189124,160.83862008189124,-40.79075782473027,-40.79075782473027,-40.79075782473027,-40.79075782473027,-40.79075782473027,-40.79075782473027,0.0,0.0,0.0,120.04786225716097
4944,1981-09-16,160.75486025101674,78.04296324001035,160.65111921020238,160.75486025101674,160.75486025101674,-40.727911385828165,-40.727911385828165,-40.727911385828165,-40.727911385828165,-40.727911385828165,-40.727911385828165,0.0,0.0,0.0,120.02694886518857
4945,1981-09-17,160.67110042014224,80.6072557265938,163.26265422491184,160.67110042014224,160.67110042014224,-40.664613044415695,-40.664613044415695,-40.664613044415695,-40.664613044415695,-40.664613044415695,-40.664613044415695,0.0,0.0,0.0,120.00648737572655
4946,1981-09-18,160.58734058926777,80.01529585107895,162.07485940982602,160.58734058926777,160.58734058926777,-40.60086361826777,-40.60086361826777,-40.60086361826777,-40.60086361826777,-40.60086361826777,-40.60086361826777,0.0,0.0,0.0,119.986476971
4947,1981-09-21,160.3360610966443,77.81930668785328,158.92911071251015,160.3360610966443,160.3360610966443,-40.40691712986264,-40.40691712986264,-40.40691712986264,-40.40691712986264,-40.40691712986264,-40.40691712986264,0.0,0.0,0.0,119.92914396678165
4948,1981-09-22,160.2523012657699,76.51799143869853,163.40894197048775,160.2523012657699,160.2523012657699,-40.34137170307212,-40.34137170307212,-40.34137170307212,-40.34137170307212,-40.34137170307212,-40.34137170307212,0.0,0.0,0.0,119.91092956269776
4949,1981-09-23,160.1685414348954,81.13061175212546,158.37840590740203,160.1685414348954,160.1685414348954,-40.2753794003485,-40.2753794003485,-40.2753794003485,-40.2753794003485,-40.2753794003485,-40.2753794003485,0.0,0.0,0.0,119.89316203454689
4950,1981-09-24,160.08478160402092,78.39090941903191,161.38999042324517,160.08478160402092,160.08478160402092,-40.20894108704815,-40.20894108704815,-40.20894108704815,-40.20894108704815,-40.20894108704815,-40.20894108704815,0.0,0.0,0.0,119.87584051697277
4951,1981-09-25,160.00102177314642,75.58233098775128,162.1982910608556,160.00102177314642,160.00102177314642,-40.14205763626226,-40.14205763626226,-40.14205763626226,-40.14205763626226,-40.14205763626226,-40.14205763626226,0.0,0.0,0.0,119.85896413688417
4952,1981-09-28,159.74974228052304,79.3210440366515,162.30278626699146,159.74974228052304,159.74974228052304,-39.93874530473947,-39.93874530473947,-39.93874530473947,-39.93874530473947,-39.93874530473947,-39.93874530473947,0.0,0.0,0.0,119.81099697578357
4953,1981-09-29,159.66598244964854,78.03257176950149,162.7535751630873,159.66598244964854,159.66598244964854,-39.87009018764141,-39.87009018764141,-39.87009018764141,-39.87009018764141,-39.87009018764141,-39.87009018764141,0.0,0.0,0.0,119.79589226200713
4954,1981-09-30,159.58222261877407,76.84881889176636,157.48491447428034,159.58222261877407,159.58222261877407,-39.800994412556236,-39.800994412556236,-39.800994412556236,-39.800994412556236,-39.800994412556236,-39.800994412556236,0.0,0.0,0.0,119.78122820621783
4955,1981-10-01,159.49846278789957,77.329643648477,158.72973189635505,159.49846278789957,159.49846278789957,-39.73145889779438,-39.73145889779438,-39.73145889779438,-39.73145889779438,-39.73145889779438,-39.73145889779438,0.0,0.0,0.0,119.76700389010519
4956,1981-10-02,159.4147029570251,79.07553194630981,160.9854631490378,159.4147029570251,159.4147029570251,-39.661484569003335,-39.661484569003335,-39.661484569003335,-39.661484569003335,-39.661484569003335,-39.661484569003335,0.0,0.0,0.0,119.75321838802176
4957,1981-10-05,159.16342346440172,77.53352380564966,159.01192439017788,159.16342346440172,159.16342346440172,-39.44893806378221,-39.44893806378221,-39.44893806378221,-39.44893806378221,-39.44893806378221,-39.44893806378221,0.0,0.0,0.0,119.71448540061951
4958,1981-10-06,159.07966363352713,75.2496948510352,158.04400015596138,159.07966363352713,159.07966363352713,-39.37721788008165,-39.37721788008165,-39.37721788008165,-39.37721788008165,-39.37721788008165,-39.37721788008165,0.0,0.0,0.0,119.70244575344549
4959,1981-10-07,158.99590380265272,77.91822243118243,158.02736034861522,158.99590380265272,158.99590380265272,-39.305063618633234,-39.305063618633234,-39.305063618633234,-39.305063618633234,-39.305063618633234,-39.305063618633234,0.0,0.0,0.0,119.69084018401949
4960,1981-10-08,158.91214397177825,76.58818453662654,159.48132053167387,158.91214397177825,158.91214397177825,-39.2324762478976,-39.2324762478976,-39.2324762478976,-39.2324762478976,-39.2324762478976,-39.2324762478976,0.0,0.0,0.0,119.67966772388064
4961,1981-10-09,158.82838414090375,77.72914874127488,163.4814473208492,158.82838414090375,158.82838414090375,-39.159456743267704,-39.159456743267704,-39.159456743267704,-39.159456743267704,-39.159456743267704,-39.159456743267704,0.0,0.0,0.0,119.66892739763605
4962,1981-10-12,158.57710464828037,79.48698468522035,160.89997635564467,158.57710464828037,158.57710464828037,-38.937815282708215,-38.937815282708215,-38.937815282708215,-38.937815282708215,-38.937815282708215,-38.937815282708215,0.0,0.0,0.0,119.63928936557215
4963,1981-10-13,158.49334481740587,80.81210700361517,160.22710507319405,158.49334481740587,158.49334481740587,-38.8630771330422,-38.8630771330422,-38.8630771330422,-38.8630771330422,-38.8630771330422,-38.8630771330422,0.0,0.0,0.0,119.63026768436367
4964,1981-10-14,158.4095849865314,76.40447461418643,161.57880058384208,158.4095849865314,158.4095849865314,-38.78791182839266,-38.78791182839266,-38.78791182839266,-38.78791182839266,-38.78791182839266,-38.78791182839266,0.0,0.0,0.0,119.62167315813875
4965,1981-10-15,158.3258251556569,78.6688083242198,162.01966009574113,158.3258251556569,158.3258251556569,-38.71232038451998,-38.71232038451998,-38.71232038451998,-38.71232038451998,-38.71232038451998,-38.71232038451998,0.0,0.0,0.0,119.61350477113692
4966,1981-10-16,158.2420653247824,77.2381640556859,161.2056987689589,158.2420653247824,158.2420653247824,-38.63630382370686,-38.63630382370686,-38.63630382370686,-38.63630382370686,-38.63630382370686,-38.63630382370686,0.0,0.0,0.0,119.60576150107553
4967,1981-10-19,157.99078583215905,78.69114970250853,163.56088143807384,157.99078583215908,157.99078583215908,-38.40571375904181,-38.40571375904181,-38.40571375904181,-38.40571375904181,-38.40571375904181,-38.40571375904181,0.0,0.0,0.0,119.58507207311723
4968,1981-10-20,157.90702600128455,76.30405080166031,160.362155721683,157.90702600128455,157.90702600128455,-38.328007081665845,-38.328007081665845,-38.328007081665845,-38.328007081665845,-38.328007081665845,-38.328007081665845,0.0,0.0,0.0,119.5790189196187
4969,1981-10-21,157.82326617041005,75.45700447905332,160.77794737583716,157.82326617041005,157.82326617041005,-38.24988049452273,-38.24988049452273,-38.24988049452273,-38.24988049452273,-38.24988049452273,-38.24988049452273,0.0,0.0,0.0,119.57338567588732
4970,1981-10-22,157.73950633953558,79.35824389070392,162.37186449461547,157.73950633953558,157.73950633953558,-38.17133505778335,-38.17133505778335,-38.17133505778335,-38.17133505778335,-38.17133505778335,-38.17133505778335,0.0,0.0,0.0,119.56817128175223
4971,1981-10-23,157.65574650866108,77.94483458054358,161.94112640672557,157.65574650866108,157.65574650866108,-38.092371837724926,-38.092371837724926,-38.092371837724926,-38.092371837724926,-38.092371837724926,-38.092371837724926,0.0,0.0,0.0,119.56337467093616
4972,1981-10-26,157.4044670160377,78.13172228052257,159.60389764721643,157.4044670160377,157.4044670160377,-37.8529862307467,-37.8529862307467,-37.8529862307467,-37.8529862307467,-37.8529862307467,-37.8529862307467,0.0,0.0,0.0,119.551480785291
4973,1981-10-27,157.3207071851632,78.24299573037882,160.82386400463815,157.3207071851632,157.3207071851632,-37.77236266021713,-37.77236266021713,-37.77236266021713,-37.77236266021713,-37.77236266021713,-37.77236266021713,0.0,0.0,0.0,119.54834452494607
4974,1981-10-28,157.23694735428882,78.7455627502059,159.1405413072305,157.23694735428882,157.23694735428882,-37.69132672725449,-37.69132672725449,-37.69132672725449,-37.69132672725449,-37.69132672725449,-37.69132672725449,0.0,0.0,0.0,119.54562062703432
4975,1981-10-29,157.15318752341423,81.40339676523284,162.8227560126215,157.15318752341423,157.15318752341423,-37.60987953351568,-37.60987953351568,-37.60987953351568,-37.60987953351568,-37.60987953351568,-37.60987953351568,0.0,0.0,0.0,119.54330798989855
4976,1981-10-30,157.06942769253973,75.37392364447354,161.02621362718494,157.06942769253973,157.06942769253973,-37.528022186344096,-37.528022186344096,-37.528022186344096,-37.528022186344096,-37.528022186344096,-37.528022186344096,0.0,0.0,0.0,119.54140550619564
4977,1981-11-02,156.81814819991635,81.46144712958208,163.25182264402372,156.81814819991635,156.81814819991635,-37.280000381687785,-37.280000381687785,-37.280000381687785,-37.280000381687785,-37.280000381687785,-37.280000381687785,0.0,0.0,0.0,119.53814781822857
4978,1981-11-03,156.73438836904188,76.85445171961054,159.86572353029737,156.73438836904188,156.73438836904188,-37.196513605825565,-37.196513605825565,-37.196513605825565,-37.196513605825565,-37.196513605825565,-37.196513605825565,0.0,0.0,0.0,119.53787476321631
4979,1981-11-04,156.65062853816738,77.51146380140744,163.12857766336742,156.65062853816738,156.65062853816738,-37.11262229642401,-37.11262229642401,-37.11262229642401,-37.11262229642401,-37.11262229642401,-37.11262229642401,0.0,0.0,0.0,119.53800624174337
4980,1981-11-05,156.566868707293,78.6491076330259,163.3589433334019,156.566868707293,156.566868707293,-37.02832759367343,-37.02832759367343,-37.02832759367343,-37.02832759367343,-37.02832759367343,-37.02832759367343,0.0,0.0,0.0,119.53854111361957
4981,1981-11-06,156.4831088764184,78.02239071068055,160.60444634686738,156.4831088764184,156.4831088764184,-36.94363064302684,-36.94363064302684,-36.94363064302684,-36.94363064302684,-36.94363064302684,-36.94363064302684,0.0,0.0,0.0,119.53947823339158
4982,1981-11-09,156.23182938379503,78.94400268325886,159.98985247441374,156.23182938379503,156.23182938379503,-36.68713783589657,-36.68713783589657,-36.68713783589657,-36.68713783589657,-36.68713783589657,-36.68713783589657,0.0,0.0,0.0,119.54469154789845
4983,1981-11-10,156.14806955292053,76.36669128719643,159.57367006974636,156.14806955292053,156.14806955292053,-36.60084345131161,-36.60084345131161,-36.60084345131161,-36.60084345131161,-36.60084345131161,-36.60084345131161,0.0,0.0,0.0,119.54722610160891
4984,1981-11-11,156.06430972204606,77.86862563532006,159.50005967475298,156.06430972204606,156.06430972204606,-36.51415262290017,-36.51415262290017,-36.51415262290017,-36.51415262290017,-36.51415262290017,-36.51415262290017,0.0,0.0,0.0,119.55015709914589
4985,1981-11-12,155.98054989117165,80.25300049442636,161.57871571576248,155.98054989117168,155.98054989117168,-36.42706652641065,-36.42706652641065,-36.42706652641065,-36.42706652641065,-36.42706652641065,-36.42706652641065,0.0,0.0,0.0,119.55348336476101
4986,1981-11-13,155.89679006029706,80.76787949634976,160.2534600478651,155.89679006029706,155.89679006029706,-36.33958634242728,-36.33958634242728,-36.33958634242728,-36.33958634242728,-36.33958634242728,-36.33958634242728,0.0,0.0,0.0,119.55720371786978
4987,1981-11-16,155.64551056767368,77.06920209712547,162.725534925969,155.64551056767368,155.64551056767368,-36.07479314260792,-36.07479314260792,-36.07479314260792,-36.07479314260792,-36.07479314260792,-36.07479314260792,0.0,0.0,0.0,119.57071742506577
4988,1981-11-17,155.5617507367992,78.1493063281038,161.63471803214725,155.5617507367992,155.5617507367992,-35.985748509065495,-35.985748509065495,-35.985748509065495,-35.985748509065495,-35.985748509065495,-35.985748509065495,0.0,0.0,0.0,119.57600222773371
4989,1981-11-18,155.4779909059247,78.24657295036451,161.98462842411328,155.4779909059247,155.4779909059247,-35.896315761345704,-35.896315761345704,-35.896315761345704,-35.896315761345704,-35.896315761345704,-35.896315761345704,0.0,0.0,0.0,119.58167514457901
4990,1981-11-19,155.3942310750503,79.68278117785543,161.349956073618,155.3942310750503,155.3942310750503,-35.80649610776219,-35.80649610776219,-35.80649610776219,-35.80649610776219,-35.80649610776219,-35.80649610776219,0.0,0.0,0.0,119.5877349672881
4991,1981-11-20,155.31047124417583,77.90660264732838,163.4789458030932,155.31047124417583,155.31047124417583,-35.7162907610361,-35.7162907610361,-35.7162907610361,-35.7162907610361,-35.7162907610361,-35.7162907610361,0.0,0.0,0.0,119.59418048313972
4992,1981-11-23,155.05919175155236,80.48798299488433,159.82680705929766,155.05919175155236,155.05919175155236,-35.443372754030676,-35.443372754030676,-35.443372754030676,-35.443372754030676,-35.443372754030676,-35.443372754030676,0.0,0.0,0.0,119.61581899752169
4993,1981-11-24,154.97543192067786,77.23555864544898,161.03558229799927,154.97543192067786,154.97543192067786,-35.35163684793948,-35.35163684793948,-35.35163684793948,-35.35163684793948,-35.35163684793948,-35.35163684793948,0.0,0.0,0.0,119.62379507273837
4994,1981-11-25,154.89167208980336,74.27160198190307,159.69353980154145,154.89167208980336,154.89167208980336,-35.25952137627041,-35.25952137627041,-35.25952137627041,-35.25952137627041,-35.25952137627041,-35.25952137627041,0.0,0.0,0.0,119.63215071353295
4995,1981-11-27,154.72415242805448,78.58738618853933,159.8578023481525,154.72415242805448,154.72415242805448,-35.074156691676194,-35.074156691676194,-35.074156691676194,-35.074156691676194,-35.074156691676194,-35.074156691676194,0.0,0.0,0.0,119.64999573637829
4996,1981-11-30,154.472872935431,78.49090984683272,157.98812232645182,154.472872935431,154.472872935431,-34.793293997804035,-34.793293997804035,-34.793293997804035,-34.793293997804035,-34.793293997804035,-34.793293997804035,0.0,0.0,0.0,119.67957893762699
4997,1981-12-01,154.38911310455654,76.2810864076958,159.14478809074512,154.38911310455654,154.38911310455654,-34.6989272651036,-34.6989272651036,-34.6989272651036,-34.6989272651036,-34.6989272651036,-34.6989272651036,0.0,0.0,0.0,119.69018583945294
4998,1981-12-02,154.30535327368204,76.04221595602274,161.22513338209063,154.30535327368204,154.30535327368204,-34.604189713326186,-34.604189713326186,-34.604189713326186,-34.604189713326186,-34.604189713326186,-34.604189713326186,0.0,0.0,0.0,119.70116356035587
4999,1981-12-03,154.22159344280763,78.81142649419482,159.57940676186536,154.22159344280763,154.22159344280763,-34.509082606898275,-34.509082606898275,-34.509082606898275,-34.509082606898275,-34.509082606898275,-34.509082606898275,0.0,0.0,0.0,119.71251083590936
5000,1981-12-04,154.13783361193316,78.24669289711052,160.26778508030824,154.13783361193316,154.13783361193316,-34.41360721379371,-34.41360721379371,-34.41360721379371,-34.41360721379371,-34.41360721379371,-34.41360721379371,0.0,0.0,0.0,119.72422639813945
5001,1981-12-07,153.8865541193097,76.73700250245896,160.29857734232613,153.8865541193097,153.8865541193097,-34.12498404607807,-34.12498404607807,-34.12498404607807,-34.12498404607807,-34.12498404607807,-34.12498404607807,0.0,0.0,0.0,119.76157007323162
5002,1981-12-08,153.8027942884352,79.52237487831587,160.0403032993919,153.8027942884352,153.8027942884352,-34.028048254801284,-34.028048254801284,-34.028048254801284,-34.028048254801284,-34.028048254801284,-34.028048254801284,0.0,0.0,0.0,119.7747460336339
5003,1981-12-09,153.7190344575607,80.36993085022475,160.84566059706358,153.7190344575607,153.7190344575607,-33.93075056777665,-33.93075056777665,-33.93075056777665,-33.93075056777665,-33.93075056777665,-33.93075056777665,0.0,0.0,0.0,119.78828388978405
5004,1981-12-10,153.63527462668623,79.73394041988985,162.6119704064823,153.63527462668623,153.63527462668623,-33.83309227297211,-33.83309227297211,-33.83309227297211,-33.83309227297211,-33.83309227297211,-33.83309227297211,0.0,0.0,0.0,119.80218235371412
5005,1981-12-11,153.5515147958118,78.04542264728023,162.26747896237157,153.5515147958118,153.5515147958118,-33.73507466147299,-33.73507466147299,-33.73507466147299,-33.73507466147299,-33.73507466147299,-33.73507466147299,0.0,0.0,0.0,119.81644013433882
5006,1981-12-14,153.30023530318834,77.50217619878043,159.038168345648,153.30023530318834,153.30023530318834,-33.43887888313918,-33.43887888313918,-33.43887888313918,-33.43887888313918,-33.43887888313918,-33.43887888313918,0.0,0.0,0.0,119.86135642004916
5007,1981-12-15,153.21647547231387,78.71574820595993,164.3542682250125,153.21647547231387,153.21647547231387,-33.339436975922325,-33.339436975922325,-33.339436975922325,-33.339436975922325,-33.339436975922325,-33.339436975922325,0.0,0.0,0.0,119.87703849639155
5008,1981-12-16,153.13271564143938,76.626111384721,157.66835072221113,153.13271564143938,153.13271564143938,-33.23964225205674,-33.23964225205674,-33.23964225205674,-33.23964225205674,-33.23964225205674,-33.23964225205674,0.0,0.0,0.0,119.89307338938264
5009,1981-12-17,153.04895581056488,78.73611295861033,160.04970848733595,153.04895581056488,153.04895581056488,-33.13949602004663,-33.13949602004663,-33.13949602004663,-33.13949602004663,-33.13949602004663,-33.13949602004663,0.0,0.0,0.0,119.90945979051824
5010,1981-12-18,152.9651959796905,79.72012132799512,163.45257615514558,152.9651959796905,152.9651959796905,-33.0389995910853,-33.0389995910853,-33.0389995910853,-33.0389995910853,-33.0389995910853,-33.0389995910853,0.0,0.0,0.0,119.92619638860519
5011,1981-12-21,152.71391648706702,80.92120814514776,162.90546891668598,152.71391648706702,152.71391648706702,-32.73542227347995,-32.73542227347995,-32.73542227347995,-32.73542227347995,-32.73542227347995,-32.73542227347995,0.0,0.0,0.0,119.97849421358708
5012,1981-12-22,152.63015665619253,75.65551722215424,162.12257441732015,152.63015665619253,152.63015665619253,-32.63353822029035,-32.63353822029035,-32.63353822029035,-32.63353822029035,-32.63353822029035,-32.63353822029035,0.0,0.0,0.0,119.99661843590218
5013,1981-12-23,152.54639682531803,80.72978480624697,160.73819957008055,152.54639682531803,152.54639682531803,-32.53131056431519,-32.53131056431519,-32.53131056431519,-32.53131056431519,-32.53131056431519,-32.53131056431519,0.0,0.0,0.0,120.01508626100284
5014,1981-12-24,152.46263699444356,78.74040153799879,164.43925224019,152.46263699444359,152.46263699444359,-32.42874063160088,-32.42874063160088,-32.42874063160088,-32.42874063160088,-32.42874063160088,-32.42874063160088,0.0,0.0,0.0,120.03389636284268
5015,1981-12-28,152.12759767094568,81.01848382669031,162.1737399622376,152.12759767094568,152.12759767094568,-32.01506473218934,-32.01506473218934,-32.01506473218934,-32.01506473218934,-32.01506473218934,-32.01506473218934,0.0,0.0,0.0,120.11253293875635
5016,1981-12-29,152.04383784007118,79.83877201824758,160.65241889771002,152.04383784007118,152.04383784007118,-31.910803383535537,-31.910803383535537,-31.910803383535537,-31.910803383535537,-31.910803383535537,-31.910803383535537,0.0,0.0,0.0,120.13303445653564
5017,1981-12-30,151.9600780091967,79.78783210734453,161.12758788983427,151.9600780091967,151.9600780091967,-31.8062077598083,-31.8062077598083,-31.8062077598083,-31.8062077598083,-31.8062077598083,-31.8062077598083,0.0,0.0,0.0,120.1538702493884
5018,1981-12-31,151.8763181783222,78.66105575576601,164.84231797900014,151.8763181783222,151.8763181783222,-31.701279201617744,-31.701279201617744,-31.701279201617744,-31.701279201617744,-31.701279201617744,-31.701279201617744,0.0,0.0,0.0,120.17503897670446
5019,1982-01-04,151.54127885482436,77.97577597316236,162.107293414028,151.54127885482436,151.54127885482436,-31.27826249950978,-31.27826249950978,-31.27826249950978,-31.27826249950978,-31.27826249950978,-31.27826249950978,0.0,0.0,0.0,120.26301635531458
5020,1982-01-05,151.45751902394986,75.45268401930703,162.50146030124444,151.45751902394986,151.45751902394986,-31.171689440396122,-31.171689440396122,-31.171689440396122,-31.171689440396122,-31.171689440396122,-31.171689440396122,0.0,0.0,0.0,120.28582958355373
5021,1982-01-06,151.37375919307536,76.77472255331811,164.15287464147545,151.37375919307536,151.37375919307536,-31.064791526982365,-31.064791526982365,-31.064791526982365,-31.064791526982365,-31.064791526982365,-31.064791526982365,0.0,0.0,0.0,120.308967666093
5022,1982-01-07,151.2899993622009,79.76602851200309,159.47889920910163,151.2899993622009,151.2899993622009,-30.957570111485275,-30.957570111485275,-30.957570111485275,-30.957570111485275,-30.957570111485275,-30.957570111485275,0.0,0.0,0.0,120.33242925071562
5023,1982-01-08,151.20623953132647,78.20360714965483,160.86306819583555,151.20623953132647,151.20623953132647,-30.850026547539603,-30.850026547539603,-30.850026547539603,-30.850026547539603,-30.850026547539603,-30.850026547539603,0.0,0.0,0.0,120.35621298378688
5024,1982-01-11,150.954960038703,78.64734210033254,161.40348771482246,150.954960038703,150.954960038703,-30.525476521378266,-30.525476521378266,-30.525476521378266,-30.525476521378266,-30.525476521378266,-30.525476521378266,0.0,0.0,0.0,120.42948351732474
5025,1982-01-12,150.8712002078285,82.54040154700876,161.5061934964175,150.8712002078285,150.8712002078285,-30.41665792626101,-30.41665792626101,-30.41665792626101,-30.41665792626101,-30.41665792626101,-30.41665792626101,0.0,0.0,0.0,120.4545422815675
5026,1982-01-13,150.78744037695404,76.45478709816449,160.17175345353678,150.78744037695404,150.78744037695404,-30.307523970053932,-30.307523970053932,-30.307523970053932,-30.307523970053932,-30.307523970053932,-30.307523970053932,0.0,0.0,0.0,120.4799164069001
5027,1982-01-14,150.70368054607954,77.90550304314056,161.43206425630393,150.70368054607954,150.70368054607954,-30.198076013649555,-30.198076013649555,-30.198076013649555,-30.198076013649555,-30.198076013649555,-30.198076013649555,0.0,0.0,0.0,120.50560453242998
5028,1982-01-15,150.61992071520504,78.57304186494751,162.65306033686952,150.61992071520504,150.61992071520504,-30.088315418942173,-30.088315418942173,-30.088315418942173,-30.088315418942173,-30.088315418942173,-30.088315418942173,0.0,0.0,0.0,120.53160529626287
5029,1982-01-18,150.36864122258166,81.622460180909,159.24494290085707,150.36864122258166,150.36864122258166,-29.75717143773307,-29.75717143773307,-29.75717143773307,-29.75717143773307,-29.75717143773307,-29.75717143773307,0.0,0.0,0.0,120.6114697848486
5030,1982-01-19,150.28488139170727,80.10798586652137,165.29337365663315,150.28488139170724,150.28488139170724,-29.646173926728704,-29.646173926728704,-29.646173926728704,-29.646173926728704,-29.646173926728704,-29.646173926728704,0.0,0.0,0.0,120.63870746497857
5031,1982-01-20,150.2011215608327,77.7872348262592,160.53665770592218,150.2011215608327,150.2011215608327,-29.53487059985696,-29.53487059985696,-29.53487059985696,-29.53487059985696,-29.53487059985696,-29.53487059985696,0.0,0.0,0.0,120.66625096097573
5032,1982-01-21,150.1173617299582,78.22060936047704,159.5804975374151,150.1173617299582,150.1173617299582,-29.423262823786324,-29.423262823786324,-29.423262823786324,-29.423262823786324,-29.423262823786324,-29.423262823786324,0.0,0.0,0.0,120.69409890617186
5033,1982-01-22,150.03360189908372,77.06461084927088,163.95624855792363,150.03360189908372,150.03360189908372,-29.31135196577601,-29.31135196577601,-29.31135196577601,-29.31135196577601,-29.31135196577601,-29.31135196577601,0.0,0.0,0.0,120.72224993330771
5034,1982-01-25,149.78232240646034,78.79917555733648,161.44557928258214,149.78232240646034,149.78232240646034,-28.973814580330775,-28.973814580330775,-28.973814580330775,-28.973814580330775,-28.973814580330775,-28.973814580330775,0.0,0.0,0.0,120.80850782612956
5035,1982-01-26,149.69856257558584,76.14913482423779,161.41611581832717,149.69856257558584,149.69856257558584,-28.86070507692341,-28.86070507692341,-28.86070507692341,-28.86070507692341,-28.86070507692341,-28.86070507692341,0.0,0.0,0.0,120.83785749866243
5036,1982-01-27,149.61480274471137,76.63947010206843,164.1009535906731,149.61480274471137,149.61480274471137,-28.747299334691853,-28.747299334691853,-28.747299334691853,-28.747299334691853,-28.747299334691853,-28.747299334691853,0.0,0.0,0.0,120.86750341001951
5037,1982-01-28,149.53104291383687,77.67512896072125,162.329084399558,149.53104291383687,149.53104291383687,-28.633598723217535,-28.633598723217535,-28.633598723217535,-28.633598723217535,-28.633598723217535,-28.633598723217535,0.0,0.0,0.0,120.89744419061934
5038,1982-01-29,149.44728308296237,77.99074732649102,161.98851350407767,149.44728308296237,149.44728308296237,-28.519604612266484,-28.519604612266484,-28.519604612266484,-28.519604612266484,-28.519604612266484,-28.519604612266484,0.0,0.0,0.0,120.9276784706959
5039,1982-02-01,149.196003590339,78.6578602430389,163.04177417495143,149.196003590339,149.196003590339,-28.175874981777504,-28.175874981777504,-28.175874981777504,-28.175874981777504,-28.175874981777504,-28.175874981777504,0.0,0.0,0.0,121.02012860856149
5040,1982-02-02,149.11224375946452,76.81689242034233,162.1252670993574,149.11224375946452,149.11224375946452,-28.060720572264653,-28.060720572264653,-28.060720572264653,-28.060720572264653,-28.060720572264653,-28.060720572264653,0.0,0.0,0.0,121.05152318719986
5041,1982-02-03,149.0284839285901,79.26160921621123,162.7600225948463,149.0284839285901,149.0284839285901,-27.945279512868296,-27.945279512868296,-27.945279512868296,-27.945279512868296,-27.945279512868296,-27.945279512868296,0.0,0.0,0.0,121.08320441572181
5042,1982-02-04,148.94472409771552,77.16218543430811,163.44767810288877,148.94472409771552,148.94472409771552,-27.829553173260226,-27.829553173260226,-27.829553173260226,-27.829553173260226,-27.829553173260226,-27.829553173260226,0.0,0.0,0.0,121.1151709244553
5043,1982-02-05,148.86096426684105,80.69786632627489,161.84579091694448,148.86096426684105,148.86096426684105,-27.71354292289709,-27.71354292289709,-27.71354292289709,-27.71354292289709,-27.71354292289709,-27.71354292289709,0.0,0.0,0.0,121.14742134394396
5044,1982-02-08,148.60968477421767,80.99713643362549,162.37592039211344,148.60968477421767,148.60968477421767,-27.36382239743592,-27.36382239743592,-27.36382239743592,-27.36382239743592,-27.36382239743592,-27.36382239743592,0.0,0.0,0.0,121.24586237678174
5045,1982-02-09,148.52592494334317,79.24278707460365,159.81405919423844,148.52592494334317,148.52592494334317,-27.246690192346808,-27.246690192346808,-27.246690192346808,-27.246690192346808,-27.246690192346808,-27.246690192346808,0.0,0.0,0.0,121.27923475099637
5046,1982-02-10,148.44216511246879,79.79360154251663,159.33911610894444,148.44216511246879,148.44216511246879,-27.12928091858925,-27.12928091858925,-27.12928091858925,-27.12928091858925,-27.12928091858925,-27.12928091858925,0.0,0.0,0.0,121.31288419387954
5047,1982-02-11,148.3584052815942,81.85065487958278,165.13026451149912,148.3584052815942,148.3584052815942,-27.011595943148436,-27.011595943148436,-27.011595943148436,-27.011595943148436,-27.011595943148436,-27.011595943148436,0.0,0.0,0.0,121.34680933844577
5048,1982-02-12,148.2746454507197,78.0627053614277,164.72971773178537,148.2746454507197,148.2746454507197,-26.893636632401627,-26.893636632401627,-26.893636632401627,-26.893636632401627,-26.893636632401627,-26.893636632401627,0.0,0.0,0.0,121.38100881831808
5049,1982-02-16,147.93960612722185,77.98287850902051,162.13757531933555,147.93960612722185,147.93960612722185,-26.41908333953506,-26.41908333953506,-26.41908333953506,-26.41908333953506,-26.41908333953506,-26.41908333953506,0.0,0.0,0.0,121.52052278768679
5050,1982-02-17,147.85584629634744,81.71833903442207,163.0824306598299,147.85584629634744,147.85584629634744,-26.299772822777964,-26.299772822777964,-26.299772822777964,-26.299772822777964,-26.299772822777964,-26.299772822777964,0.0,0.0,0.0,121.55607347356947
5051,1982-02-18,147.77208646547294,78.39619050843805,165.4136042260873,147.77208646547294,147.77208646547294,-26.180196153122534,-26.180196153122534,-26.180196153122534,-26.180196153122534,-26.180196153122534,-26.180196153122534,0.0,0.0,0.0,121.5918903123504
5052,1982-02-19,147.68832663459838,79.8287912766454,163.98375024836312,147.68832663459838,147.68832663459838,-26.060354691147502,-26.060354691147502,-26.060354691147502,-26.060354691147502,-26.060354691147502,-26.060354691147502,0.0,0.0,0.0,121.62797194345089
5053,1982-02-22,147.437047141975,81.39146913600342,166.08744724680432,147.437047141975,147.437047141975,-25.69925514105945,-25.69925514105945,-25.69925514105945,-25.69925514105945,-25.69925514105945,-25.69925514105945,0.0,0.0,0.0,121.73779200091555
5054,1982-02-23,147.3532873111005,80.44032286916718,163.83841892495232,147.3532873111005,147.3532873111005,-25.578368093837284,-25.578368093837284,-25.578368093837284,-25.578368093837284,-25.578368093837284,-25.578368093837284,0.0,0.0,0.0,121.77491921726322
5055,1982-02-24,147.2695274802261,81.33042070447829,164.57681831826832,147.2695274802261,147.2695274802261,-25.45722304039927,-25.45722304039927,-25.45722304039927,-25.45722304039927,-25.45722304039927,-25.45722304039927,0.0,0.0,0.0,121.81230443982682
5056,1982-02-25,147.18576764935162,79.49971244457672,162.88995882284908,147.18576764935162,147.18576764935162,-25.335821334231067,-25.335821334231067,-25.335821334231067,-25.335821334231067,-25.335821334231067,-25.335821334231067,0.0,0.0,0.0,121.84994631512055
5057,1982-02-26,147.10200781847703,76.12033231638247,164.82170991313203,147.10200781847703,147.10200781847703,-25.214164327448124,-25.214164327448124,-25.214164327448124,-25.214164327448124,-25.214164327448124,-25.214164327448124,0.0,0.0,0.0,121.88784349102892
5058,1982-03-01,146.85072832585365,77.9081124810543,163.47596835753293,146.85072832585365,146.85072832585365,-24.847675002902175,-24.847675002902175,-24.847675002902175,-24.847675002902175,-24.847675002902175,-24.847675002902175,0.0,0.0,0.0,122.00305332295147
5059,1982-03-02,146.76696849497918,78.06124046402958,164.84382933470332,146.76696849497915,146.76696849497915,-24.72501028555964,-24.72501028555964,-24.72501028555964,-24.72501028555964,-24.72501028555964,-24.72501028555964,0.0,0.0,0.0,122.04195820941953
5060,1982-03-03,146.68320866410468,80.48853896501785,164.0565622768569,146.68320866410468,146.68320866410468,-24.60209700577588,-24.60209700577588,-24.60209700577588,-24.60209700577588,-24.60209700577588,-24.60209700577588,0.0,0.0,0.0,122.08111165832881
5061,1982-03-04,146.59944883323027,79.65158030862716,162.81791029822358,146.59944883323027,146.59944883323027,-24.478936506336456,-24.478936506336456,-24.478936506336456,-24.478936506336456,-24.478936506336456,-24.478936506336456,0.0,0.0,0.0,122.12051232689382
5062,1982-03-05,146.5156890023558,81.66533517212716,161.75808268933798,146.5156890023558,146.5156890023558,-24.35553012828811,-24.35553012828811,-24.35553012828811,-24.35553012828811,-24.35553012828811,-24.35553012828811,0.0,0.0,0.0,122.16015887406769
5063,1982-03-08,146.26440950973233,82.46680848533327,163.024247463374,146.26440950973233,146.26440950973233,-23.983849105794405,-23.983849105794405,-23.983849105794405,-23.983849105794405,-23.983849105794405,-23.983849105794405,0.0,0.0,0.0,122.28056040393793
5064,1982-03-09,146.18064967885783,79.97742770610424,165.6769077733088,146.18064967885783,146.18064967885783,-23.859472587199434,-23.859472587199434,-23.859472587199434,-23.859472587199434,-23.859472587199434,-23.859472587199434,0.0,0.0,0.0,122.3211770916584
5065,1982-03-10,146.09688984798333,78.45700183230105,165.76645911402906,146.09688984798333,146.09688984798333,-23.734856867344547,-23.734856867344547,-23.734856867344547,-23.734856867344547,-23.734856867344547,-23.734856867344547,0.0,0.0,0.0,122.36203298063879
5066,1982-03-11,146.01313001710895,79.21521697537723,162.42719456896174,146.01313001710895,146.01313001710895,-23.610003275763283,-23.610003275763283,-23.610003275763283,-23.610003275763283,-23.610003275763283,-23.610003275763283,0.0,0.0,0.0,122.40312674134566
5067,1982-03-12,145.92937018623445,80.95172933000265,165.67578750962514,145.92937018623445,145.92937018623445,-23.484913139891287,-23.484913139891287,-23.484913139891287,-23.484913139891287,-23.484913139891287,-23.484913139891287,0.0,0.0,0.0,122.44445704634316
5068,1982-03-15,145.67809069361098,79.74950064947578,162.70522965745837,145.67809069361098,145.67809069361098,-23.108236708365457,-23.108236708365457,-23.108236708365457,-23.108236708365457,-23.108236708365457,-23.108236708365457,0.0,0.0,0.0,122.56985398524553
5069,1982-03-16,145.59433086273648,79.99935408266653,164.14149818946018,145.59433086273648,145.59433086273648,-22.98221362597235,-22.98221362597235,-22.98221362597235,-22.98221362597235,-22.98221362597235,-22.98221362597235,0.0,0.0,0.0,122.61211723676413
5070,1982-03-17,145.510571031862,83.37158129023173,164.0688920906566,145.510571031862,145.510571031862,-22.85596060324169,-22.85596060324169,-22.85596060324169,-22.85596060324169,-22.85596060324169,-22.85596060324169,0.0,0.0,0.0,122.65461042862032
5071,1982-03-18,145.4268112009876,82.59187703838337,167.22208174786599,145.4268112009876,145.4268112009876,-22.72947895396967,-22.72947895396967,-22.72947895396967,-22.72947895396967,-22.72947895396967,-22.72947895396967,0.0,0.0,0.0,122.69733224701793
5072,1982-03-19,145.34305137011313,82.31401038309002,164.17628566948014,145.34305137011313,145.34305137011313,-22.6027699895053,-22.6027699895053,-22.6027699895053,-22.6027699895053,-22.6027699895053,-22.6027699895053,0.0,0.0,0.0,122.74028138060783
5073,1982-03-22,145.09177187748966,78.61178581964019,166.07152894629883,145.09177187748966,145.09177187748966,-22.221292280712284,-22.221292280712284,-22.221292280712284,-22.221292280712284,-22.221292280712284,-22.221292280712284,0.0,0.0,0.0,122.87047959677739
5074,1982-03-23,145.00801204661516,79.17230241203788,161.03617375256286,145.00801204661516,145.00801204661516,-22.09368711831293,-22.09368711831293,-22.09368711831293,-22.09368711831293,-22.09368711831293,-22.09368711831293,0.0,0.0,0.0,122.91432492830224
5075,1982-03-24,144.92425221574067,81.93105999541997,167.10941385944133,144.92425221574067,144.92425221574067,-21.96586115904921,-21.96586115904921,-21.96586115904921,-21.96586115904921,-21.96586115904921,-21.96586115904921,0.0,0.0,0.0,122.95839105669145
5076,1982-03-25,144.84049238486628,83.27629469254695,164.37214338109038,144.84049238486628,144.84049238486628,-21.837815698564143,-21.837815698564143,-21.837815698564143,-21.837815698564143,-21.837815698564143,-21.837815698564143,0.0,0.0,0.0,123.00267668630214
5077,1982-03-26,144.75673255399178,81.70384358626876,166.17225870460956,144.75673255399175,144.75673255399175,-21.70955202971451,-21.70955202971451,-21.70955202971451,-21.70955202971451,-21.70955202971451,-21.70955202971451,0.0,0.0,0.0,123.04718052427728
5078,1982-03-29,144.5054530613683,82.82511397935862,165.17518340511413,144.5054530613683,144.5054530613683,-21.323464658755007,-21.323464658755007,-21.323464658755007,-21.323464658755007,-21.323464658755007,-21.323464658755007,0.0,0.0,0.0,123.18198840261331
5079,1982-03-30,144.42169323049382,79.55291473124913,163.30295926627116,144.42169323049382,144.42169323049382,-21.194341027629292,-21.194341027629292,-21.194341027629292,-21.194341027629292,-21.194341027629292,-21.194341027629292,0.0,0.0,0.0,123.22735220286452
5080,1982-03-31,144.33793339961935,83.66041746145913,165.96558626924536,144.33793339961935,144.33793339961935,-21.065005608971493,-21.065005608971493,-21.065005608971493,-21.065005608971493,-21.065005608971493,-21.065005608971493,0.0,0.0,0.0,123.27292779064786
5081,1982-04-01,144.25417356874493,82.6458305819484,163.90774554479518,144.25417356874493,144.25417356874493,-20.935459677929284,-20.935459677929284,-20.935459677929284,-20.935459677929284,-20.935459677929284,-20.935459677929284,0.0,0.0,0.0,123.31871389081564
5082,1982-04-02,144.17041373787043,81.06945454425633,162.00507243119668,144.17041373787043,144.17041373787043,-20.805704506535967,-20.805704506535967,-20.805704506535967,-20.805704506535967,-20.805704506535967,-20.805704506535967,0.0,0.0,0.0,123.36470923133447
5083,1982-04-05,143.91913424524697,81.2292032637777,162.64475151833292,143.91913424524697,143.91913424524697,-20.415196222893595,-20.415196222893595,-20.415196222893595,-20.415196222893595,-20.415196222893595,-20.415196222893595,0.0,0.0,0.0,123.50393802235337
5084,1982-04-06,143.8353744143725,82.656033271054,164.4516287256489,143.8353744143725,143.8353744143725,-20.28461674652619,-20.28461674652619,-20.28461674652619,-20.28461674652619,-20.28461674652619,-20.28461674652619,0.0,0.0,0.0,123.55075766784631
5085,1982-04-07,143.751614583498,84.26392210732563,164.68843837222693,143.751614583498,143.751614583498,-20.1538343416502,-20.1538343416502,-20.1538343416502,-20.1538343416502,-20.1538343416502,-20.1538343416502,0.0,0.0,0.0,123.5977802418478
5086,1982-04-08,143.66785475262353,80.89805682275478,162.19073479823084,143.66785475262353,143.66785475262353,-20.022850260652085,-20.022850260652085,-20.022850260652085,-20.022850260652085,-20.022850260652085,-20.022850260652085,0.0,0.0,0.0,123.64500449197143
5087,1982-04-12,143.33281542912573,86.22743711680242,165.76845324780174,143.33281542912573,143.33281542912573,-19.496922102125925,-19.496922102125925,-19.496922102125925,-19.496922102125925,-19.496922102125925,-19.496922102125925,0.0,0.0,0.0,123.83589332699981
5088,1982-04-13,143.24905559825115,81.27976465157764,168.76749318274238,143.24905559825115,143.24905559825115,-19.364948304652692,-19.364948304652692,-19.364948304652692,-19.364948304652692,-19.364948304652692,-19.364948304652692,0.0,0.0,0.0,123.88410729359845
5089,1982-04-14,143.16529576737668,83.01217214556308,163.6098166460494,143.16529576737668,143.16529576737668,-19.23278027176212,-19.23278027176212,-19.23278027176212,-19.23278027176212,-19.23278027176212,-19.23278027176212,0.0,0.0,0.0,123.93251549561455
5090,1982-04-15,143.08153593650218,84.95988964092817,164.8496847082694,143.08153593650218,143.08153593650218,-19.100419230893877,-19.100419230893877,-19.100419230893877,-19.100419230893877,-19.100419230893877,-19.100419230893877,0.0,0.0,0.0,123.9811167056083
5091,1982-04-16,142.99777610562776,84.80594135216279,168.5821019357937,142.99777610562776,142.99777610562776,-18.967866405750016,-18.967866405750016,-18.967866405750016,-18.967866405750016,-18.967866405750016,-18.967866405750016,0.0,0.0,0.0,124.02990969987775
5092,1982-04-19,142.7464966130043,84.01268403930817,168.85896814593943,142.7464966130043,142.7464966130043,-18.569069404726726,-18.569069404726726,-18.569069404726726,-18.569069404726726,-18.569069404726726,-18.569069404726726,0.0,0.0,0.0,124.17742720827758
5093,1982-04-20,142.66273678212983,81.21137227300756,168.06448006428616,142.66273678212983,142.66273678212983,-18.435761603260442,-18.435761603260442,-18.435761603260442,-18.435761603260442,-18.435761603260442,-18.435761603260442,0.0,0.0,0.0,124.22697517886938
5094,1982-04-21,142.57897695125533,83.18959379923966,165.5203225536996,142.57897695125533,142.57897695125533,-18.302268078479553,-18.302268078479553,-18.302268078479553,-18.302268078479553,-18.302268078479553,-18.302268078479553,0.0,0.0,0.0,124.27670887277577
5095,1982-04-22,142.49521712038083,81.88936284136923,166.30504520640642,142.49521712038083,142.49521712038083,-18.168590030773032,-18.168590030773032,-18.168590030773032,-18.168590030773032,-18.168590030773032,-18.168590030773032,0.0,0.0,0.0,124.3266270896078
5096,1982-04-23,142.41145728950644,82.53710238627028,162.35806856305177,142.41145728950644,142.41145728950644,-18.034728656498554,-18.034728656498554,-18.034728656498554,-18.034728656498554,-18.034728656498554,-18.034728656498554,0.0,0.0,0.0,124.37672863300789
5097,1982-04-26,142.16017779688298,82.26487029965567,165.77998342133546,142.16017779688298,142.16017779688298,-17.63205647651799,-17.63205647651799,-17.63205647651799,-17.63205647651799,-17.63205647651799,-17.63205647651799,0.0,0.0,0.0,124.52812132036499
5098,1982-04-27,142.07641796600856,82.60543367764278,165.75920406288805,142.07641796600856,142.07641796600856,-17.497473677496693,-17.497473677496693,-17.497473677496693,-17.497473677496693,-17.497473677496693,-17.497473677496693,0.0,0.0,0.0,124.57894428851188
5099,1982-04-28,141.992658135134,83.60662227193319,163.59175248381825,141.992658135134,141.992658135134,-17.36271347180366,-17.36271347180366,-17.36271347180366,-17.36271347180366,-17.36271347180366,-17.36271347180366,0.0,0.0,0.0,124.62994466333035
5100,1982-04-29,141.9088983042595,82.93733932518313,167.21931581463446,141.9088983042595,141.9088983042595,-17.22777703075868,-17.22777703075868,-17.22777703075868,-17.22777703075868,-17.22777703075868,-17.22777703075868,0.0,0.0,0.0,124.68112127350082
5101,1982-04-30,141.8251384733851,83.21866139379736,167.12642480757782,141.8251384733851,141.8251384733851,-17.092665521368694,-17.092665521368694,-17.092665521368694,-17.092665521368694,-17.092665521368694,-17.092665521368694,0.0,0.0,0.0,124.7324729520164
5102,1982-05-03,141.57385898076163,81.88245130089342,167.85608917400947,141.57385898076163,141.57385898076163,-16.686292187694832,-16.686292187694832,-16.686292187694832,-16.686292187694832,-16.686292187694832,-16.686292187694832,0.0,0.0,0.0,124.8875667930668
5103,1982-05-04,141.49009914988724,82.52628896108426,165.65441886178462,141.49009914988724,141.49009914988724,-16.550491987383914,-16.550491987383914,-16.550491987383914,-16.550491987383914,-16.550491987383914,-16.550491987383914,0.0,0.0,0.0,124.93960716250334
5104,1982-05-05,141.40633931901266,85.72104453411,168.28900127217446,141.40633931901266,141.40633931901266,-16.414522487716596,-16.414522487716596,-16.414522487716596,-16.414522487716596,-16.414522487716596,-16.414522487716596,0.0,0.0,0.0,124.99181683129606
5105,1982-05-06,141.32257948813816,79.4797217588575,167.04972361487782,141.32257948813816,141.32257948813816,-16.278384829012413,-16.278384829012413,-16.278384829012413,-16.278384829012413,-16.278384829012413,-16.278384829012413,0.0,0.0,0.0,125.04419465912575
5106,1982-05-07,141.23881965726378,82.52361672343393,169.6959478202517,141.23881965726378,141.23881965726378,-16.142080147009825,-16.142080147009825,-16.142080147009825,-16.142080147009825,-16.142080147009825,-16.142080147009825,0.0,0.0,0.0,125.09673951025395
5107,1982-05-10,140.9875401646403,84.69030649701722,166.9570308586898,140.9875401646403,140.9875401646403,-15.732175249102333,-15.732175249102333,-15.732175249102333,-15.732175249102333,-15.732175249102333,-15.732175249102333,0.0,0.0,0.0,125.25536491553797
5108,1982-05-11,140.9037803337659,84.09652773297739,166.57732618954986,140.9037803337659,140.9037803337659,-15.595213738373076,-15.595213738373076,-15.595213738373076,-15.595213738373076,-15.595213738373076,-15.595213738373076,0.0,0.0,0.0,125.30856659539282
5109,1982-05-12,140.82002050289142,83.61482719779407,170.13026576402373,140.82002050289142,140.82002050289142,-15.458090813027452,-15.458090813027452,-15.458090813027452,-15.458090813027452,-15.458090813027452,-15.458090813027452,0.0,0.0,0.0,125.36192968986397
5110,1982-05-13,140.73626067201684,85.84649032908632,167.366171555446,140.73626067201684,140.73626067201684,-15.320807580544374,-15.320807580544374,-15.320807580544374,-15.320807580544374,-15.320807580544374,-15.320807580544374,0.0,0.0,0.0,125.41545309147247
5111,1982-05-14,140.65250084114234,82.3936021597752,168.44310341651743,140.65250084114234,140.65250084114234,-15.183365143565572,-15.183365143565572,-15.183365143565572,-15.183365143565572,-15.183365143565572,-15.183365143565572,0.0,0.0,0.0,125.46913569757677
5112,1982-05-17,140.40122134851896,85.78204559532618,166.3570156094764,140.40122134851896,140.40122134851896,-14.770093558787874,-14.770093558787874,-14.770093558787874,-14.770093558787874,-14.770093558787874,-14.770093558787874,0.0,0.0,0.0,125.63112778973108
5113,1982-05-18,140.31746151764457,85.55055047087785,168.5351036484562,140.31746151764457,140.31746151764457,-14.632025232283915,-14.632025232283915,-14.632025232283915,-14.632025232283915,-14.632025232283915,-14.632025232283915,0.0,0.0,0.0,125.68543628536065
5114,1982-05-19,140.23370168677008,83.6645741802585,163.5788253865718,140.23370168677008,140.23370168677008,-14.493803140717127,-14.493803140717127,-14.493803140717127,-14.493803140717127,-14.493803140717127,-14.493803140717127,0.0,0.0,0.0,125.73989854605296
5115,1982-05-20,140.1499418558955,83.98601975648215,166.90693628272862,140.1499418558955,140.1499418558955,-14.35542835697623,-14.35542835697623,-14.35542835697623,-14.35542835697623,-14.35542835697623,-14.35542835697623,0.0,0.0,0.0,125.79451349891926
5116,1982-05-21,140.06618202502102,85.7260362213443,167.30394425129856,140.06618202502102,140.06618202502102,-14.216901948871193,-14.216901948871193,-14.216901948871193,-14.216901948871193,-14.216901948871193,-14.216901948871193,0.0,0.0,0.0,125.84928007614982
5117,1982-05-24,139.81490253239764,85.14214420703885,164.90451954616478,139.81490253239764,139.81490253239764,-13.800423579586404,-13.800423579586404,-13.800423579586404,-13.800423579586404,-13.800423579586404,-13.800423579586404,0.0,0.0,0.0,126.01447895281123
5118,1982-05-25,139.73114270152314,82.24569232464809,167.433359736113,139.73114270152314,139.73114270152314,-13.661301249381616,-13.661301249381616,-13.661301249381616,-13.661301249381616,-13.661301249381616,-13.661301249381616,0.0,0.0,0.0,126.06984145214153
5119,1982-05-26,139.64738287064873,83.79792791687098,164.56130472254446,139.64738287064873,139.64738287064873,-13.522032556518052,-13.522032556518052,-13.522032556518052,-13.522032556518052,-13.522032556518052,-13.522032556518052,0.0,0.0,0.0,126.12535031413067
5120,1982-05-27,139.56362303977426,83.08455829337079,165.37443691845814,139.56362303977426,139.56362303977426,-13.382618537639344,-13.382618537639344,-13.382618537639344,-13.382618537639344,-13.382618537639344,-13.382618537639344,0.0,0.0,0.0,126.18100450213491
5121,1982-05-28,139.47986320889967,85.44745575172135,166.99951658117484,139.47986320889967,139.47986320889967,-13.24306022408135,-13.24306022408135,-13.24306022408135,-13.24306022408135,-13.24306022408135,-13.24306022408135,0.0,0.0,0.0,126.23680298481833
5122,1982-06-01,139.1448238854018,84.19991745302406,172.00579933208655,139.1448238854018,139.1448238854018,-12.683404462259139,-12.683404462259139,-12.683404462259139,-12.683404462259139,-12.683404462259139,-12.683404462259139,0.0,0.0,0.0,126.46141942314266
5123,1982-06-02,139.0610640545274,82.68642660631379,166.1334457043325,139.0610640545274,139.0610640545274,-12.543139957392441,-12.543139957392441,-12.543139957392441,-12.543139957392441,-12.543139957392441,-12.543139957392441,0.0,0.0,0.0,126.51792409713497
5124,1982-06-03,138.9773042236529,84.00243692499424,165.55078129058404,138.9773042236529,138.9773042236529,-12.40273723265931,-12.40273723265931,-12.40273723265931,-12.40273723265931,-12.40273723265931,-12.40273723265931,0.0,0.0,0.0,126.5745669909936
5125,1982-06-04,138.89354439277835,83.57301609014975,164.2228220083015,138.89354439277835,138.89354439277835,-12.262197281375839,-12.262197281375839,-12.262197281375839,-12.262197281375839,-12.262197281375839,-12.262197281375839,0.0,0.0,0.0,126.63134711140252
5126,1982-06-07,138.64226490015497,83.92727000936344,167.77786260032374,138.64226490015497,138.64226490015497,-11.839763917930844,-11.839763917930844,-11.839763917930844,-11.839763917930844,-11.839763917930844,-11.839763917930844,0.0,0.0,0.0,126.80250098222413
5127,1982-06-08,138.55850506928047,86.80060323091249,167.93909848455584,138.55850506928047,138.55850506928047,-11.698684882131047,-11.698684882131047,-11.698684882131047,-11.698684882131047,-11.698684882131047,-11.698684882131047,0.0,0.0,0.0,126.85982018714942
5128,1982-06-09,138.47474523840606,86.96339516716645,169.03069739013768,138.47474523840606,138.47474523840606,-11.557473502500907,-11.557473502500907,-11.557473502500907,-11.557473502500907,-11.557473502500907,-11.557473502500907,0.0,0.0,0.0,126.91727173590515
5129,1982-06-10,138.3909854075316,85.74339364819868,168.83933558930258,138.3909854075316,138.3909854075316,-11.41613073861117,-11.41613073861117,-11.41613073861117,-11.41613073861117,-11.41613073861117,-11.41613073861117,0.0,0.0,0.0,126.97485466892041
5130,1982-06-11,138.3072255766571,86.80861362877283,165.3149671149831,138.3072255766571,138.3072255766571,-11.27465754430908,-11.27465754430908,-11.27465754430908,-11.27465754430908,-11.27465754430908,-11.27465754430908,0.0,0.0,0.0,127.03256803234801
5131,1982-06-14,138.05594608403362,83.48135652660487,168.57160637842222,138.05594608403362,138.05594608403362,-10.849464830975036,-10.849464830975036,-10.849464830975036,-10.849464830975036,-10.849464830975036,-10.849464830975036,0.0,0.0,0.0,127.20648125305858
5132,1982-06-15,137.97218625315912,87.86396038765386,167.51988058447472,137.97218625315912,137.97218625315912,-10.707479338070407,-10.707479338070407,-10.707479338070407,-10.707479338070407,-10.707479338070407,-10.707479338070407,0.0,0.0,0.0,127.26470691508871
5133,1982-06-16,137.88842642228474,86.01483700213873,169.58926676105884,137.88842642228474,137.88842642228474,-10.565368097184374,-10.565368097184374,-10.565368097184374,-10.565368097184374,-10.565368097184374,-10.565368097184374,0.0,0.0,0.0,127.32305832510036
5134,1982-06-17,137.80466659141024,84.75590417265383,170.83791441391284,137.80466659141024,137.80466659141024,-10.423132027254967,-10.423132027254967,-10.423132027254967,-10.423132027254967,-10.423132027254967,-10.423132027254967,0.0,0.0,0.0,127.38153456415527
5135,1982-06-18,137.72090676053574,86.60649754699092,165.33837245489852,137.72090676053574,137.72090676053574,-10.280772041310088,-10.280772041310088,-10.280772041310088,-10.280772041310088,-10.280772041310088,-10.280772041310088,0.0,0.0,0.0,127.44013471922565
5136,1982-06-21,137.4696272679123,86.33230500572421,168.91395887852195,137.4696272679123,137.4696272679123,-9.85295762846987,-9.85295762846987,-9.85295762846987,-9.85295762846987,-9.85295762846987,-9.85295762846987,0.0,0.0,0.0,127.61666963944243
5137,1982-06-22,137.3858674370378,86.37911064963781,170.35586521463873,137.3858674370378,137.3858674370378,-9.710110989645647,-9.710110989645647,-9.710110989645647,-9.710110989645647,-9.710110989645647,-9.710110989645647,0.0,0.0,0.0,127.67575644739216
5138,1982-06-23,137.3021076061634,88.63259353450417,170.01634353715014,137.3021076061634,137.3021076061634,-9.56714491040624,-9.56714491040624,-9.56714491040624,-9.56714491040624,-9.56714491040624,-9.56714491040624,0.0,0.0,0.0,127.73496269575715
5139,1982-06-24,137.21834777528892,86.39796771964059,166.68465679072577,137.21834777528892,137.21834777528892,-9.424060267790814,-9.424060267790814,-9.424060267790814,-9.424060267790814,-9.424060267790814,-9.424060267790814,0.0,0.0,0.0,127.7942875074981
5140,1982-06-25,137.13458794441442,86.78039968157097,172.2146034062014,137.13458794441442,137.13458794441442,-9.28085793275635,-9.28085793275635,-9.28085793275635,-9.28085793275635,-9.28085793275635,-9.28085793275635,0.0,0.0,0.0,127.85373001165807
5141,1982-06-28,136.88330845179095,86.6781814374329,172.38493119634194,136.88330845179095,136.88330845179095,-8.850553390967656,-8.850553390967656,-8.850553390967656,-8.850553390967656,-8.850553390967656,-8.850553390967656,0.0,0.0,0.0,128.0327550608233
5142,1982-06-29,136.79954862091645,81.09129922975904,167.63451131081965,136.79954862091645,136.79954862091645,-8.706888873346493,-8.706888873346493,-8.706888873346493,-8.706888873346493,-8.706888873346493,-8.706888873346493,0.0,0.0,0.0,128.09265974756997
5143,1982-06-30,136.71578879004207,83.9265732602703,166.69042421049102,136.71578879004207,136.71578879004207,-8.563110926031928,-8.563110926031928,-8.563110926031928,-8.563110926031928,-8.563110926031928,-8.563110926031928,0.0,0.0,0.0,128.15267786401014
5144,1982-07-01,136.63202895916757,91.97305737679477,170.96057663010754,136.63202895916757,136.63202895916757,-8.419220382999166,-8.419220382999166,-8.419220382999166,-8.419220382999166,-8.419220382999166,-8.419220382999166,0.0,0.0,0.0,128.2128085761684
5145,1982-07-02,136.54826912829307,90.0194418156871,170.61991843575822,136.54826912829307,136.54826912829307,-8.275218071982454,-8.275218071982454,-8.275218071982454,-8.275218071982454,-8.275218071982454,-8.275218071982454,0.0,0.0,0.0,128.2730510563106
5146,1982-07-06,136.21322980479513,91.73679487161046,172.66934524686548,136.21322980479513,136.21322980479513,-7.698107483114287,-7.698107483114287,-7.698107483114287,-7.698107483114287,-7.698107483114287,-7.698107483114287,0.0,0.0,0.0,128.51512232168085
5147,1982-07-07,136.12946997392064,86.36754593040997,169.505130486189,136.12946997392064,136.12946997392064,-7.553558528254151,-7.553558528254151,-7.553558528254151,-7.553558528254151,-7.553558528254151,-7.553558528254151,0.0,0.0,0.0,128.5759114456665
5148,1982-07-08,136.04571014304625,88.52448249424127,167.6026265715916,136.04571014304625,136.04571014304625,-7.408902639564562,-7.408902639564562,-7.408902639564562,-7.408902639564562,-7.408902639564562,-7.408902639564562,0.0,0.0,0.0,128.6368075034817
5149,1982-07-09,135.96195031217175,87.1919203411316,173.49073187109988,135.96195031217175,135.96195031217175,-7.26414060050586,-7.26414060050586,-7.26414060050586,-7.26414060050586,-7.26414060050586,-7.26414060050586,0.0,0.0,0.0,128.69780971166588
5150,1982-07-12,135.71067081954828,87.93365561365857,170.97712361695736,135.71067081954828,135.71067081954828,-6.829225319533323,-6.829225319533323,-6.829225319533323,-6.829225319533323,-6.829225319533323,-6.829225319533323,0.0,0.0,0.0,128.88144550001496
5151,1982-07-13,135.62691098867379,88.74323584423202,169.76593773391846,135.62691098867379,135.62691098867379,-6.684046385222407,-6.684046385222407,-6.684046385222407,-6.684046385222407,-6.684046385222407,-6.684046385222407,0.0,0.0,0.0,128.94286460345137
5152,1982-07-14,135.54315115779931,87.39509748691148,171.7748775683486,135.54315115779931,135.54315115779931,-6.5387651213953735,-6.5387651213953735,-6.5387651213953735,-6.5387651213953735,-6.5387651213953735,-6.5387651213953735,0.0,0.0,0.0,129.00438603640393
5153,1982-07-15,135.4593913269249,85.5033741130976,174.21279879920476,135.4593913269249,135.4593913269249,-6.393382272804103,-6.393382272804103,-6.393382272804103,-6.393382272804103,-6.393382272804103,-6.393382272804103,0.0,0.0,0.0,129.0660090541208
5154,1982-07-16,135.3756314960504,87.01390642503553,170.09226533280503,135.3756314960504,135.3756314960504,-6.247898577684849,-6.247898577684849,-6.247898577684849,-6.247898577684849,-6.247898577684849,-6.247898577684849,0.0,0.0,0.0,129.12773291836555
5155,1982-07-19,135.12435200342702,87.62744038744894,168.20214482667203,135.12435200342702,135.12435200342702,-5.810849697441022,-5.810849697441022,-5.810849697441022,-5.810849697441022,-5.810849697441022,-5.810849697441022,0.0,0.0,0.0,129.313502305986
5156,1982-07-20,135.04059217255246,87.74395341882335,171.63287129129546,135.04059217255246,135.04059217255246,-5.664969867678722,-5.664969867678722,-5.664969867678722,-5.664969867678722,-5.664969867678722,-5.664969867678722,0.0,0.0,0.0,129.37562230487373
5157,1982-07-21,134.95683234167797,85.49918218641011,171.12026162742703,134.95683234167797,134.95683234167797,-5.518992784252433,-5.518992784252433,-5.518992784252433,-5.518992784252433,-5.518992784252433,-5.518992784252433,0.0,0.0,0.0,129.43783955742555
5158,1982-07-22,134.87307251080355,89.80796142701536,169.8599760547494,134.87307251080355,134.87307251080355,-5.372919145955492,-5.372919145955492,-5.372919145955492,-5.372919145955492,-5.372919145955492,-5.372919145955492,0.0,0.0,0.0,129.50015336484807
5159,1982-07-23,134.78931267992908,87.94719717237682,168.7554942801165,134.78931267992908,134.78931267992908,-5.226749644952108,-5.226749644952108,-5.226749644952108,-5.226749644952108,-5.226749644952108,-5.226749644952108,0.0,0.0,0.0,129.56256303497696
5160,1982-07-26,134.5380331873057,87.06470994438597,169.65251693965064,134.5380331873057,134.5380331873057,-4.787672787573723,-4.787672787573723,-4.787672787573723,-4.787672787573723,-4.787672787573723,-4.787672787573723,0.0,0.0,0.0,129.750360399732
5161,1982-07-27,134.45427335643112,88.26882954249739,170.21375498212274,134.45427335643112,134.45427335643112,-4.64112662425537,-4.64112662425537,-4.64112662425537,-4.64112662425537,-4.64112662425537,-4.64112662425537,0.0,0.0,0.0,129.81314673217574
5162,1982-07-28,134.37051352555662,89.19814590036952,170.7613458384063,134.37051352555662,134.37051352555662,-4.494487959076149,-4.494487959076149,-4.494487959076149,-4.494487959076149,-4.494487959076149,-4.494487959076149,0.0,0.0,0.0,129.87602556648048
5163,1982-07-29,134.28675369468223,87.55262537732814,176.59133636763056,134.28675369468223,134.28675369468223,-4.347757444110131,-4.347757444110131,-4.347757444110131,-4.347757444110131,-4.347757444110131,-4.347757444110131,0.0,0.0,0.0,129.9389962505721
5164,1982-07-30,134.20299386380773,87.35380145550556,167.98244847943872,134.20299386380773,134.20299386380773,-4.200935724700002,-4.200935724700002,-4.200935724700002,-4.200935724700002,-4.200935724700002,-4.200935724700002,0.0,0.0,0.0,130.00205813910773
5165,1982-08-02,133.95171437118435,90.08375921421958,172.6878768780145,133.95171437118435,133.95171437118435,-3.7599296920023626,-3.7599296920023626,-3.7599296920023626,-3.7599296920023626,-3.7599296920023626,-3.7599296920023626,0.0,0.0,0.0,130.19178467918198
5166,1982-08-03,133.86795454030988,90.52103549259496,172.68950828119054,133.86795454030988,133.86795454030988,-3.612749473178456,-3.612749473178456,-3.612749473178456,-3.612749473178456,-3.612749473178456,-3.612749473178456,0.0,0.0,0.0,130.2552050671314
5167,1982-08-04,133.7841947094353,88.83657584757063,170.29294707699833,133.7841947094353,133.7841947094353,-3.4654811752145074,-3.4654811752145074,-3.4654811752145074,-3.4654811752145074,-3.4654811752145074,-3.4654811752145074,0.0,0.0,0.0,130.3187135342208
5168,1982-08-05,133.70043487856088,88.56019931802622,172.10760194213225,133.70043487856088,133.70043487856088,-3.3181254028028255,-3.3181254028028255,-3.3181254028028255,-3.3181254028028255,-3.3181254028028255,-3.3181254028028255,0.0,0.0,0.0,130.38230947575806
5169,1982-08-06,133.6166750476864,91.02709853941286,170.82198502099845,133.6166750476864,133.6166750476864,-3.1706827538183227,-3.1706827538183227,-3.1706827538183227,-3.1706827538183227,-3.1706827538183227,-3.1706827538183227,0.0,0.0,0.0,130.4459922938681
5170,1982-08-09,133.36539555506303,88.6641895437232,173.2855142564663,133.36539555506303,133.36539555506303,-2.727839423693051,-2.727839423693051,-2.727839423693051,-2.727839423693051,-2.727839423693051,-2.727839423693051,0.0,0.0,0.0,130.63755613137
5171,1982-08-10,133.28163572418853,90.40241856861013,173.02229890064902,133.28163572418853,133.28163572418853,-2.580055110445706,-2.580055110445706,-2.580055110445706,-2.580055110445706,-2.580055110445706,-2.580055110445706,0.0,0.0,0.0,130.70158061374283
5172,1982-08-11,133.19787589331395,87.50216614487212,170.47178420583685,133.19787589331395,133.19787589331395,-2.43218680736682,-2.43218680736682,-2.43218680736682,-2.43218680736682,-2.43218680736682,-2.43218680736682,0.0,0.0,0.0,130.76568908594712
5173,1982-08-12,133.11411606243948,88.11687489216362,173.97399952763007,133.11411606243948,133.11411606243948,-2.284235071206026,-2.284235071206026,-2.284235071206026,-2.284235071206026,-2.284235071206026,-2.284235071206026,0.0,0.0,0.0,130.82988099123347
5174,1982-08-13,133.03035623156507,91.09757012071913,171.67432226045938,133.03035623156507,133.03035623156507,-2.1362004518235675,-2.1362004518235675,-2.1362004518235675,-2.1362004518235675,-2.1362004518235675,-2.1362004518235675,0.0,0.0,0.0,130.8941557797415
5175,1982-08-16,132.77907673894168,90.84354247589482,175.00885227206837,132.77907673894168,132.77907673894168,-1.6916046894255314,-1.6916046894255314,-1.6916046894255314,-1.6916046894255314,-1.6916046894255314,-1.6916046894255314,0.0,0.0,0.0,131.08747204951615
5176,1982-08-17,132.6953169080672,95.95355246479916,172.20203030076038,132.6953169080672,132.6953169080672,-1.5432438976681409,-1.5432438976681409,-1.5432438976681409,-1.5432438976681409,-1.5432438976681409,-1.5432438976681409,0.0,0.0,0.0,131.15207301039908
5177,1982-08-18,132.6115570771927,91.23330086693466,171.22437888858113,132.6115570771927,132.6115570771927,-1.3948028683472606,-1.3948028683472606,-1.3948028683472606,-1.3948028683472606,-1.3948028683472606,-1.3948028683472606,0.0,0.0,0.0,131.21675420884546
5178,1982-08-19,132.52779724631813,90.90460943524509,172.26947301175875,132.52779724631813,132.52779724631813,-1.2462821098085808,-1.2462821098085808,-1.2462821098085808,-1.2462821098085808,-1.2462821098085808,-1.2462821098085808,0.0,0.0,0.0,131.28151513650954
5179,1982-08-20,132.44403741544374,89.62615813822958,176.2071663334857,132.44403741544374,132.44403741544374,-1.0976821234504548,-1.0976821234504548,-1.0976821234504548,-1.0976821234504548,-1.0976821234504548,-1.0976821234504548,0.0,0.0,0.0,131.3463552919933
5180,1982-08-23,132.19275792282028,89.79452919083305,174.81019826007264,132.19275792282028,132.19275792282028,-0.6514117070969403,-0.6514117070969403,-0.6514117070969403,-0.6514117070969403,-0.6514117070969403,-0.6514117070969403,0.0,0.0,0.0,131.54134621572334
5181,1982-08-24,132.10899809194586,88.49935116621496,173.956708363529,132.10899809194586,132.10899809194586,-0.5024996842686406,-0.5024996842686406,-0.5024996842686406,-0.5024996842686406,-0.5024996842686406,-0.5024996842686406,0.0,0.0,0.0,131.60649840767724
5182,1982-08-25,132.02523826107137,95.32832524230975,173.83551810422662,132.02523826107137,132.02523826107137,-0.35351083617376566,-0.35351083617376566,-0.35351083617376566,-0.35351083617376566,-0.35351083617376566,-0.35351083617376566,0.0,0.0,0.0,131.6717274248976
5183,1982-08-26,131.9414784301968,90.7872522125576,174.76745005415307,131.9414784301968,131.9414784301968,-0.20444562239086048,-0.20444562239086048,-0.20444562239086048,-0.20444562239086048,-0.20444562239086048,-0.20444562239086048,0.0,0.0,0.0,131.73703280780595
5184,1982-08-27,131.8577185993224,87.42039478667432,170.93314072097527,131.8577185993224,131.8577185993224,-0.05530449550845961,-0.05530449550845961,-0.05530449550845961,-0.05530449550845961,-0.05530449550845961,-0.05530449550845961,0.0,0.0,0.0,131.80241410381393
5185,1982-08-30,131.60643910669893,92.15284933706296,176.1793881056628,131.60643910669893,131.60643910669893,0.39256994281408947,0.39256994281408947,0.39256994281408947,0.39256994281408947,0.39256994281408947,0.39256994281408947,0.0,0.0,0.0,131.999009049513
5186,1982-08-31,131.52267927582452,90.94528695014155,174.41105534808858,131.52267927582452,131.52267927582452,0.5420103361930959,0.5420103361930959,0.5420103361930959,0.5420103361930959,0.5420103361930959,0.5420103361930959,0.0,0.0,0.0,132.06468961201762
5187,1982-09-01,131.43891944495005,90.98448987757206,174.18133054472784,131.43891944495005,131.43891944495005,0.6915244847556506,0.6915244847556506,0.6915244847556506,0.6915244847556506,0.6915244847556506,0.6915244847556506,0.0,0.0,0.0,132.1304439297057
5188,1982-09-02,131.35515961407555,90.33633839862462,170.81137999241085,131.35515961407555,131.35515961407555,0.8411119779535264,0.8411119779535264,0.8411119779535264,0.8411119779535264,0.8411119779535264,0.8411119779535264,0.0,0.0,0.0,132.19627159202906
5189,1982-09-03,131.27139978320105,91.44897816272943,174.77034888204184,131.27139978320105,131.27139978320105,0.9907724122584272,0.9907724122584272,0.9907724122584272,0.9907724122584272,0.9907724122584272,0.9907724122584272,0.0,0.0,0.0,132.26217219545947
5190,1982-09-07,130.9363604597032,91.9642422932225,173.17047440649935,130.9363604597032,130.9363604597032,1.5901357358708168,1.5901357358708168,1.5901357358708168,1.5901357358708168,1.5901357358708168,1.5901357358708168,0.0,0.0,0.0,132.526496195574
5191,1982-09-08,130.8526006288287,91.65537885456398,174.09051244879066,130.8526006288287,130.8526006288287,1.7401550687065708,1.7401550687065708,1.7401550687065708,1.7401550687065708,1.7401550687065708,1.7401550687065708,0.0,0.0,0.0,132.59275569753527
5192,1982-09-09,130.76884079795423,89.31525444206765,176.68805193008433,130.76884079795423,130.76884079795423,1.890245069063802,1.890245069063802,1.890245069063802,1.890245069063802,1.890245069063802,1.890245069063802,0.0,0.0,0.0,132.65908586701804
5193,1982-09-10,130.68508096707973,93.3605204384623,172.8456179955711,130.68508096707973,130.68508096707973,2.040405382628205,2.040405382628205,2.040405382628205,2.040405382628205,2.040405382628205,2.040405382628205,0.0,0.0,0.0,132.72548634970792
5194,1982-09-13,130.43380147445626,91.1870350987107,176.06935371417217,130.43380147445626,130.43380147445626,2.4913047649932154,2.4913047649932154,2.4913047649932154,2.4913047649932154,2.4913047649932154,2.4913047649932154,0.0,0.0,0.0,132.92510623944946
5195,1982-09-14,130.35004164358185,94.55867918276574,174.51109248831224,130.35004164358185,130.35004164358185,2.6417429290092165,2.6417429290092165,2.6417429290092165,2.6417429290092165,2.6417429290092165,2.6417429290092165,0.0,0.0,0.0,132.99178457259106
5196,1982-09-15,130.26628181270738,92.35077406483614,174.46594490957148,130.26628181270738,130.26628181270738,2.7922497402397433,2.7922497402397433,2.7922497402397433,2.7922497402397433,2.7922497402397433,2.7922497402397433,0.0,0.0,0.0,133.05853155294713
5197,1982-09-16,130.18252198183288,93.24348533073814,176.3195619940837,130.18252198183288,130.18252198183288,2.9428248866036215,2.9428248866036215,2.9428248866036215,2.9428248866036215,2.9428248866036215,2.9428248866036215,0.0,0.0,0.0,133.1253468684365
5198,1982-09-17,130.09876215095838,91.6318572563321,174.63431627056917,130.09876215095838,130.09876215095838,3.093468063059316,3.093468063059316,3.093468063059316,3.093468063059316,3.093468063059316,3.093468063059316,0.0,0.0,0.0,133.19223021401768
5199,1982-09-20,129.8474826583349,94.05684517964053,175.2954955748688,129.8474826583349,129.8474826583349,3.54580282812334,3.54580282812334,3.54580282812334,3.54580282812334,3.54580282812334,3.54580282812334,0.0,0.0,0.0,133.39328548645824
5200,1982-09-21,129.76372282746053,90.16031645125005,177.08539332630545,129.76372282746053,129.76372282746053,3.696715215272702,3.696715215272702,3.696715215272702,3.696715215272702,3.696715215272702,3.696715215272702,0.0,0.0,0.0,133.46043804273322
5201,1982-09-22,129.67996299658603,92.27292857643285,175.33214946384874,129.67996299658603,129.67996299658603,3.847694212852568,3.847694212852568,3.847694212852568,3.847694212852568,3.847694212852568,3.847694212852568,0.0,0.0,0.0,133.5276572094386
5202,1982-09-23,129.59620316571156,89.97572160619988,172.6799620905569,129.59620316571156,129.59620316571156,3.9987395580289364,3.9987395580289364,3.9987395580289364,3.9987395580289364,3.9987395580289364,3.9987395580289364,0.0,0.0,0.0,133.5949427237405
5203,1982-09-24,129.51244333483706,95.87291637514066,173.90497996357325,129.51244333483706,129.51244333483706,4.149850994996583,4.149850994996583,4.149850994996583,4.149850994996583,4.149850994996583,4.149850994996583,0.0,0.0,0.0,133.66229432983363
5204,1982-09-27,129.2611638422136,92.30821245884366,174.50199149893302,129.2611638422136,129.2611638422136,4.6035794039553695,4.6035794039553695,4.6035794039553695,4.6035794039553695,4.6035794039553695,4.6035794039553695,0.0,0.0,0.0,133.86474324616896
5205,1982-09-28,129.1774040113391,92.78843628162394,174.7099547433512,129.1774040113391,129.1774040113391,4.754952790496597,4.754952790496597,4.754952790496597,4.754952790496597,4.754952790496597,4.754952790496597,0.0,0.0,0.0,133.93235680183568
5206,1982-09-29,129.0936441804647,88.69564235882015,176.77739476362976,129.0936441804647,129.0936441804647,4.906391095121826,4.906391095121826,4.906391095121826,4.906391095121826,4.906391095121826,4.906391095121826,0.0,0.0,0.0,134.00003527558653
5207,1982-09-30,129.0098843495902,93.80824538382221,174.49953778934423,129.0098843495902,129.0098843495902,5.057894104129355,5.057894104129355,5.057894104129355,5.057894104129355,5.057894104129355,5.057894104129355,0.0,0.0,0.0,134.06777845371957
5208,1982-10-01,128.9261245187157,92.85683126804653,177.1723993642688,128.9261245187157,128.9261245187157,5.209461610822814,5.209461610822814,5.209461610822814,5.209461610822814,5.209461610822814,5.209461610822814,0.0,0.0,0.0,134.13558612953852
5209,1982-10-04,128.67484502609224,93.43403062074431,175.00858747533803,128.67484502609224,128.67484502609224,5.664549155012602,5.664549155012602,5.664549155012602,5.664549155012602,5.664549155012602,5.664549155012602,0.0,0.0,0.0,134.33939418110484
5210,1982-10-05,128.59108519521777,92.09685594541939,175.9375928581101,128.59108519521777,128.59108519521777,5.8163727253993525,5.8163727253993525,5.8163727253993525,5.8163727253993525,5.8163727253993525,5.8163727253993525,0.0,0.0,0.0,134.40745792061713
5211,1982-10-06,128.50732536434336,92.81969682125674,176.91398861566665,128.50732536434336,128.50732536434336,5.968259864883907,5.968259864883907,5.968259864883907,5.968259864883907,5.968259864883907,5.968259864883907,0.0,0.0,0.0,134.47558522922728
5212,1982-10-07,128.42356553346886,91.97630853257775,174.51634243326646,128.42356553346886,128.42356553346886,6.120210408692066,6.120210408692066,6.120210408692066,6.120210408692066,6.120210408692066,6.120210408692066,0.0,0.0,0.0,134.54377594216092
5213,1982-10-08,128.3398057025944,87.43553490340635,176.01445478275835,128.3398057025944,128.3398057025944,6.272224199016382,6.272224199016382,6.272224199016382,6.272224199016382,6.272224199016382,6.272224199016382,0.0,0.0,0.0,134.61202990161078
5214,1982-10-11,128.08852620997092,96.11184946303439,174.31155853673616,128.08852620997092,128.08852620997092,6.728643575396067,6.728643575396067,6.728643575396067,6.728643575396067,6.728643575396067,6.728643575396067,0.0,0.0,0.0,134.81716978536699
5215,1982-10-12,128.00476637909642,93.27716545942502,177.26026515090112,128.00476637909642,128.00476637909642,6.880908912841123,6.880908912841123,6.880908912841123,6.880908912841123,6.880908912841123,6.880908912841123,0.0,0.0,0.0,134.88567529193756
5216,1982-10-13,127.92100654822202,92.0180288609933,181.92211781648217,127.92100654822202,127.92100654822202,7.033236812052047,7.033236812052047,7.033236812052047,7.033236812052047,7.033236812052047,7.033236812052047,0.0,0.0,0.0,134.95424336027406
5217,1982-10-14,127.83724671734754,93.40838398510226,177.90091370008628,127.83724671734754,127.83724671734754,7.185627156886591,7.185627156886591,7.185627156886591,7.185627156886591,7.185627156886591,7.185627156886591,0.0,0.0,0.0,135.02287387423414
5218,1982-10-15,127.75348688647304,94.03747073716359,178.30673552710678,127.75348688647304,127.75348688647304,7.3380798381212315,7.3380798381212315,7.3380798381212315,7.3380798381212315,7.3380798381212315,7.3380798381212315,0.0,0.0,0.0,135.09156672459426
5219,1982-10-18,127.50220739384959,95.72228654957186,179.94766617773845,127.50220739384959,127.50220739384959,7.795810911591282,7.795810911591282,7.795810911591282,7.795810911591282,7.795810911591282,7.795810911591282,0.0,0.0,0.0,135.29801830544088
5220,1982-10-19,127.41844756297509,93.90901286453358,178.97739477740765,127.41844756297509,127.41844756297509,7.948511984268599,7.948511984268599,7.948511984268599,7.948511984268599,7.948511984268599,7.948511984268599,0.0,0.0,0.0,135.36695954724368
5221,1982-10-20,127.33468773210069,95.41421414011955,175.0285922920664,127.33468773210069,127.33468773210069,8.101274950712627,8.101274950712627,8.101274950712627,8.101274950712627,8.101274950712627,8.101274950712627,0.0,0.0,0.0,135.4359626828133
5222,1982-10-21,127.2509279012262,92.4008385068922,179.16151030040174,127.2509279012262,127.2509279012262,8.25409974303262,8.25409974303262,8.25409974303262,8.25409974303262,8.25409974303262,8.25409974303262,0.0,0.0,0.0,135.50502764425883
5223,1982-10-22,127.1671680703517,94.70232221449689,179.62338999516948,127.1671680703517,127.1671680703517,8.406986300194982,8.406986300194982,8.406986300194982,8.406986300194982,8.406986300194982,8.406986300194982,0.0,0.0,0.0,135.5741543705467
5224,1982-10-25,126.91588857772824,93.33993128663813,178.80713408673668,126.91588857772824,126.91588857772824,8.866016053048323,8.866016053048323,8.866016053048323,8.866016053048323,8.866016053048323,8.866016053048323,0.0,0.0,0.0,135.78190463077655
5225,1982-10-26,126.83212874685375,92.25008943812846,178.41385661366905,126.83212874685375,126.83212874685375,9.01914919603719,9.01914919603719,9.01914919603719,9.01914919603719,9.01914919603719,9.01914919603719,0.0,0.0,0.0,135.85127794289093
5226,1982-10-27,126.70377780039331,93.63559368138273,180.68753691338333,126.70377780039331,126.70377780039331,9.172343901205773,9.172343901205773,9.172343901205773,9.172343901205773,9.172343901205773,9.172343901205773,0.0,0.0,0.0,135.8761217015991
5227,1982-10-28,126.57542685393287,92.30258191313804,177.7044655621004,126.57542685393287,126.57542685393287,9.32560014844904,9.32560014844904,9.32560014844904,9.32560014844904,9.32560014844904,9.32560014844904,0.0,0.0,0.0,135.9010270023819
5228,1982-10-29,126.44707590747244,96.98285483211365,177.47989622420462,126.44707590747244,126.44707590747244,9.478917924446527,9.478917924446527,9.478917924446527,9.478917924446527,9.478917924446527,9.478917924446527,0.0,0.0,0.0,135.92599383191896
5229,1982-11-01,126.06202306809094,93.07202405197026,177.57522805756355,126.06202306809094,126.06202306809094,9.939240393272206,9.939240393272206,9.939240393272206,9.939240393272206,9.939240393272206,9.939240393272206,0.0,0.0,0.0,136.00126346136315
5230,1982-11-02,125.9336721216305,95.22938543562827,174.9862344272578,125.9336721216305,125.9336721216305,10.092804286349946,10.092804286349946,10.092804286349946,10.092804286349946,10.092804286349946,10.092804286349946,0.0,0.0,0.0,136.02647640798045
5231,1982-11-03,125.80532117517005,92.32784452778367,177.15945451120254,125.80532117517005,125.80532117517005,10.246429742927448,10.246429742927448,10.246429742927448,10.246429742927448,10.246429742927448,10.246429742927448,0.0,0.0,0.0,136.0517509180975
5232,1982-11-04,125.67697022870944,91.42366382476914,176.8643405660666,125.67697022870944,125.67697022870944,10.400116790138629,10.400116790138629,10.400116790138629,10.400116790138629,10.400116790138629,10.400116790138629,0.0,0.0,0.0,136.07708701884806
5233,1982-11-05,125.54861928224899,91.13152249421675,177.42279681137578,125.54861928224899,125.54861928224899,10.553865461816573,10.553865461816573,10.553865461816573,10.553865461816573,10.553865461816573,10.553865461816573,0.0,0.0,0.0,136.10248474406558
5234,1982-11-08,125.16356644286768,94.81249358221757,178.085625215985,125.16356644286768,125.16356644286768,11.015481662195958,11.015481662195958,11.015481662195958,11.015481662195958,11.015481662195958,11.015481662195958,0.0,0.0,0.0,136.17904810506363
5235,1982-11-09,125.03521549640706,93.30044923068358,175.69321797199228,125.03521549640706,125.03521549640706,11.169477303594972,11.169477303594972,11.169477303594972,11.169477303594972,11.169477303594972,11.169477303594972,0.0,0.0,0.0,136.20469280000202
5236,1982-11-10,124.90686454994662,94.41857716748224,177.73781809910133,124.90686454994662,124.90686454994662,11.32353483864906,11.32353483864906,11.32353483864906,11.32353483864906,11.32353483864906,11.32353483864906,0.0,0.0,0.0,136.23039938859569
5237,1982-11-11,124.77851360348618,92.6269124222229,176.3822755075761,124.77851360348618,124.77851360348618,11.477654341104417,11.477654341104417,11.477654341104417,11.477654341104417,11.477654341104417,11.477654341104417,0.0,0.0,0.0,136.2561679445906
5238,1982-11-12,124.65016265702573,94.09734365253699,176.81927401845329,124.65016265702573,124.65016265702573,11.631835891310294,11.631835891310294,11.631835891310294,11.631835891310294,11.631835891310294,11.631835891310294,0.0,0.0,0.0,136.28199854833602
5239,1982-11-15,124.26510981764442,91.36145878257621,175.16201350041524,124.26510981764442,124.26510981764442,12.094753730661587,12.094753730661587,12.094753730661587,12.094753730661587,12.094753730661587,12.094753730661587,0.0,0.0,0.0,136.359863548306
5240,1982-11-16,124.13675887118397,93.90070649916082,176.54098950029766,124.13675887118397,124.13675887118397,12.249184406909583,12.249184406909583,12.249184406909583,12.249184406909583,12.249184406909583,12.249184406909583,0.0,0.0,0.0,136.38594327809355
5241,1982-11-17,124.00840792472336,95.24098083853032,175.84464715298566,124.00840792472336,124.00840792472336,12.403677631183141,12.403677631183141,12.403677631183141,12.403677631183141,12.403677631183141,12.403677631183141,0.0,0.0,0.0,136.4120855559065
5242,1982-11-18,123.88005697826291,93.62112801531117,179.79431535223853,123.8800569782629,123.8800569782629,12.558233523136499,12.558233523136499,12.558233523136499,12.558233523136499,12.558233523136499,12.558233523136499,0.0,0.0,0.0,136.43829050139942
5243,1982-11-19,123.75170603180247,93.5648515570015,177.32642579398734,123.75170603180247,123.75170603180247,12.712852208919978,12.712852208919978,12.712852208919978,12.712852208919978,12.712852208919978,12.712852208919978,0.0,0.0,0.0,136.46455824072245
5244,1982-11-22,123.36665319242115,94.75574591344969,178.93719370678795,123.36665319242115,123.36665319242115,13.177086387866531,13.177086387866531,13.177086387866531,13.177086387866531,13.177086387866531,13.177086387866531,0.0,0.0,0.0,136.54373958028768
5245,1982-11-23,123.23830224596071,97.8416713923305,177.11968156800356,123.23830224596071,123.23830224596071,13.331957639839388,13.331957639839388,13.331957639839388,13.331957639839388,13.331957639839388,13.331957639839388,0.0,0.0,0.0,136.5702598858001
5246,1982-11-24,123.10995129950027,96.02806516733156,177.6103322895413,123.10995129950027,123.10995129950027,13.48689241327166,13.48689241327166,13.48689241327166,13.48689241327166,13.48689241327166,13.48689241327166,0.0,0.0,0.0,136.5968437127719
5247,1982-11-26,122.85324940657921,96.91878918460358,180.6377190432787,122.85324940657921,122.85324940657921,13.796953190031424,13.796953190031424,13.796953190031424,13.796953190031424,13.796953190031424,13.796953190031424,0.0,0.0,0.0,136.65020259661063
5248,1982-11-29,122.4681965671979,97.18400964976145,175.94717170974525,122.4681965671979,122.4681965671979,14.26252509268019,14.26252509268019,14.26252509268019,14.26252509268019,14.26252509268019,14.26252509268019,0.0,0.0,0.0,136.73072165987807
5249,1982-11-30,122.33984562073745,97.6668363829849,179.63358712651322,122.33984562073745,122.33984562073745,14.417844677996268,14.417844677996268,14.417844677996268,14.417844677996268,14.417844677996268,14.417844677996268,0.0,0.0,0.0,136.7576902987337
5250,1982-12-01,122.211494674277,92.93462993794432,178.92859604258402,122.211494674277,122.211494674277,14.573229071607125,14.573229071607125,14.573229071607125,14.573229071607125,14.573229071607125,14.573229071607125,0.0,0.0,0.0,136.78472374588412
5251,1982-12-02,122.08314372781639,95.7776515975486,179.17954140875253,122.08314372781639,122.08314372781639,14.728678482576717,14.728678482576717,14.728678482576717,14.728678482576717,14.728678482576717,14.728678482576717,0.0,0.0,0.0,136.8118222103931
5252,1982-12-03,121.95479278135595,94.7603169803661,179.98033989227048,121.95479278135595,121.95479278135595,14.884193126221867,14.884193126221867,14.884193126221867,14.884193126221867,14.884193126221867,14.884193126221867,0.0,0.0,0.0,136.8389859075778
5253,1982-12-06,121.56973994197463,95.41026836075075,177.50875215438901,121.56973994197463,121.56973994197463,15.351130699763429,15.351130699763429,15.351130699763429,15.351130699763429,15.351130699763429,15.351130699763429,0.0,0.0,0.0,136.92087064173805
5254,1982-12-07,121.44138899551419,97.3361148813853,178.00360813935916,121.44138899551419,121.44138899551419,15.506908551658569,15.506908551658569,15.506908551658569,15.506908551658569,15.506908551658569,15.506908551658569,0.0,0.0,0.0,136.94829754717276
5255,1982-12-08,121.31303804905374,98.61568077334641,177.5439805327273,121.31303804905374,121.31303804905374,15.662752805928903,15.662752805928903,15.662752805928903,15.662752805928903,15.662752805928903,15.662752805928903,0.0,0.0,0.0,136.97579085498265
5256,1982-12-09,121.18468710259313,93.0409115325571,176.420671632312,121.18468710259313,121.18468710259313,15.818663715000914,15.818663715000914,15.818663715000914,15.818663715000914,15.818663715000914,15.818663715000914,0.0,0.0,0.0,137.00335081759405
5257,1982-12-10,121.05633615613269,95.65628392733758,176.61215119599575,121.05633615613269,121.05633615613269,15.97464153741723,15.97464153741723,15.97464153741723,15.97464153741723,15.97464153741723,15.97464153741723,0.0,0.0,0.0,137.03097769354991
5258,1982-12-13,120.6712833167512,94.94751886356389,177.1134672188922,120.6712833167512,120.6712833167512,16.44297916146369,16.44297916146369,16.44297916146369,16.44297916146369,16.44297916146369,16.44297916146369,0.0,0.0,0.0,137.1142624782149
5259,1982-12-14,120.54293237029076,97.9097646388677,176.40289237309622,120.54293237029076,120.54293237029076,16.599227344282003,16.599227344282003,16.599227344282003,16.599227344282003,16.599227344282003,16.599227344282003,0.0,0.0,0.0,137.14215971457276
5260,1982-12-15,120.41458142383031,96.35863055673558,178.39998371889504,120.41458142383031,120.41458142383031,16.75554382417734,16.75554382417734,16.75554382417734,16.75554382417734,16.75554382417734,16.75554382417734,0.0,0.0,0.0,137.17012524800765
5261,1982-12-16,120.28623047736987,96.88794928464401,175.91549581319825,120.28623047736986,120.28623047736986,16.91192889595419,16.91192889595419,16.91192889595419,16.91192889595419,16.91192889595419,16.91192889595419,0.0,0.0,0.0,137.19815937332407
5262,1982-12-17,120.15787953090943,97.13823298502459,180.60950094161814,120.15787953090943,120.15787953090943,17.068382860387825,17.068382860387825,17.068382860387825,17.068382860387825,17.068382860387825,17.068382860387825,0.0,0.0,0.0,137.22626239129724
5263,1982-12-20,119.77282669152794,94.10925311528801,176.38921391493304,119.77282669152794,119.77282669152794,17.538161206477973,17.538161206477973,17.538161206477973,17.538161206477973,17.538161206477973,17.538161206477973,0.0,0.0,0.0,137.31098789800592
5264,1982-12-21,119.6444757450675,93.49702137094346,179.60227302840374,119.6444757450675,119.6444757450675,17.694893867933143,17.694893867933143,17.694893867933143,17.694893867933143,17.694893867933143,17.694893867933143,0.0,0.0,0.0,137.33936961300063
5265,1982-12-22,119.51612479860705,93.71031945007533,177.013261190314,119.51612479860705,119.51612479860705,17.851697014711508,17.851697014711508,17.851697014711508,17.851697014711508,17.851697014711508,17.851697014711508,0.0,0.0,0.0,137.36782181331856
5266,1982-12-23,119.38777385214661,97.0840332073873,180.23261467056065,119.38777385214661,119.38777385214661,18.008570982950435,18.008570982950435,18.008570982950435,18.008570982950435,18.008570982950435,18.008570982950435,0.0,0.0,0.0,137.39634483509704
5267,1982-12-27,118.87437006630468,94.35310873313843,178.8665759198423,118.87437006630469,118.87437006630469,18.63678199632116,18.63678199632116,18.63678199632116,18.63678199632116,18.63678199632116,18.63678199632116,0.0,0.0,0.0,137.51115206262585
5268,1982-12-28,118.74601911984423,95.422882025384,176.0722293830145,118.74601911984423,118.74601911984423,18.79401531666772,18.79401531666772,18.79401531666772,18.79401531666772,18.79401531666772,18.79401531666772,0.0,0.0,0.0,137.54003443651195
5269,1982-12-29,118.61766817338379,97.25606231559168,179.19146439953343,118.61766817338379,118.61766817338379,18.951321596624442,18.951321596624442,18.951321596624442,18.951321596624442,18.951321596624442,18.951321596624442,0.0,0.0,0.0,137.56898977000824
5270,1982-12-30,118.48931722692335,96.01869817559474,180.4942688221788,118.48931722692335,118.48931722692335,19.108701212555452,19.108701212555452,19.108701212555452,19.108701212555452,19.108701212555452,19.108701212555452,0.0,0.0,0.0,137.5980184394788
5271,1982-12-31,118.36096628046292,95.83044851609742,176.84014916109157,118.36096628046292,118.36096628046292,19.266154546476844,19.266154546476844,19.266154546476844,19.266154546476844,19.266154546476844,19.266154546476844,0.0,0.0,0.0,137.62712082693977
5272,1983-01-03,117.97591344108142,99.04255462836777,178.17335082008728,117.97591344108142,117.97591344108142,19.738960760643426,19.738960760643426,19.738960760643426,19.738960760643426,19.738960760643426,19.738960760643426,0.0,0.0,0.0,137.71487420172485
5273,1983-01-04,117.84756249462097,95.70798516886046,180.48024138115932,117.84756249462097,117.84756249462097,19.89671289891454,19.89671289891454,19.89671289891454,19.89671289891454,19.89671289891454,19.89671289891454,0.0,0.0,0.0,137.7442753935355
5274,1983-01-05,117.71921154816053,98.7316218470292,178.67913888348727,117.71921154816053,117.71921154816053,20.05454074921364,20.05454074921364,20.05454074921364,20.05454074921364,20.05454074921364,20.05454074921364,0.0,0.0,0.0,137.77375229737416
5275,1983-01-06,117.59086060170009,95.51061724119015,181.18477348671826,117.59086060170009,117.59086060170009,20.212444726968133,20.212444726968133,20.212444726968133,20.212444726968133,20.212444726968133,20.212444726968133,0.0,0.0,0.0,137.80330532866822
5276,1983-01-07,117.46250965523966,95.65476503743245,177.32910362812254,117.46250965523966,117.46250965523966,20.370425253089035,20.370425253089035,20.370425253089035,20.370425253089035,20.370425253089035,20.370425253089035,0.0,0.0,0.0,137.8329349083287
5277,1983-01-10,117.07745681585816,98.31390237131178,179.43469383370518,117.07745681585816,117.07745681585816,20.844830412470778,20.844830412470778,20.844830412470778,20.844830412470778,20.844830412470778,20.844830412470778,0.0,0.0,0.0,137.92228722832894
5278,1983-01-11,116.94910586939771,96.29310471921144,179.43805678865493,116.94910586939771,116.94910586939771,21.003121449939346,21.003121449939346,21.003121449939346,21.003121449939346,21.003121449939346,21.003121449939346,0.0,0.0,0.0,137.95222731933706
5279,1983-01-12,116.82075492293727,98.24386484888251,182.84114763495216,116.82075492293727,116.82075492293727,21.161491221688046,21.161491221688046,21.161491221688046,21.161491221688046,21.161491221688046,21.161491221688046,0.0,0.0,0.0,137.98224614462532
5280,1983-01-13,116.69240397647683,96.73044670520068,182.99088129369338,116.69240397647683,116.69240397647683,21.319940180994138,21.319940180994138,21.319940180994138,21.319940180994138,21.319940180994138,21.319940180994138,0.0,0.0,0.0,138.01234415747098
5281,1983-01-14,116.5640530300164,96.68136132696954,177.48746114683212,116.5640530300164,116.5640530300164,21.47846878644025,21.47846878644025,21.47846878644025,21.47846878644025,21.47846878644025,21.47846878644025,0.0,0.0,0.0,138.04252181645666
5282,1983-01-17,116.1790001906349,95.33447834775156,180.49059796587926,116.1790001906349,116.1790001906349,21.954537144468535,21.954537144468535,21.954537144468535,21.954537144468535,21.954537144468535,21.954537144468535,0.0,0.0,0.0,138.13353733510343
5283,1983-01-18,116.05064924417445,97.71631459790301,182.74673315804156,116.05064924417445,116.05064924417445,22.113389025483468,22.113389025483468,22.113389025483468,22.113389025483468,22.113389025483468,22.113389025483468,0.0,0.0,0.0,138.1640382696579
5284,1983-01-19,115.92229829771401,94.17945696176606,181.5490511832214,115.92229829771401,115.92229829771401,22.272322924209984,22.272322924209984,22.272322924209984,22.272322924209984,22.272322924209984,22.272322924209984,0.0,0.0,0.0,138.194621221924
5285,1983-01-20,115.79394735125356,97.48573692848441,179.7508221784569,115.79394735125356,115.79394735125356,22.431339330510102,22.431339330510102,22.431339330510102,22.431339330510102,22.431339330510102,22.431339330510102,0.0,0.0,0.0,138.22528668176366
5286,1983-01-21,115.66559640479313,96.28748105361652,181.65638418068676,115.66559640479313,115.66559640479313,22.59043873936559,22.59043873936559,22.59043873936559,22.59043873936559,22.59043873936559,22.59043873936559,0.0,0.0,0.0,138.25603514415872
5287,1983-01-24,115.28054356541163,98.31995582998292,177.62231530420004,115.28054356541162,115.28054356541162,23.068240007328658,23.068240007328658,23.068240007328658,23.068240007328658,23.068240007328658,23.068240007328658,0.0,0.0,0.0,138.3487835727403
5288,1983-01-25,115.15219261895119,98.61890072261615,179.95517828765475,115.15219261895119,115.15219261895119,23.227676477692743,23.227676477692743,23.227676477692743,23.227676477692743,23.227676477692743,23.227676477692743,0.0,0.0,0.0,138.37986909664394
5289,1983-01-26,115.02384167249058,98.07042344588982,179.27019565004696,115.02384167249058,115.02384167249058,23.387198501383125,23.387198501383125,23.387198501383125,23.387198501383125,23.387198501383125,23.387198501383125,0.0,0.0,0.0,138.4110401738737
5290,1983-01-27,114.89549072603013,95.71271060074312,180.94578670241367,114.89549072603013,114.89549072603013,23.546806603535405,23.546806603535405,23.546806603535405,23.546806603535405,23.546806603535405,23.546806603535405,0.0,0.0,0.0,138.44229732956555
5291,1983-01-28,114.76713977956969,96.42847231072247,179.874130261092,114.76713977956969,114.76713977956969,23.706501314213668,23.706501314213668,23.706501314213668,23.706501314213668,23.706501314213668,23.706501314213668,0.0,0.0,0.0,138.47364109378336
5292,1983-01-31,114.3820869401882,98.03731354073201,183.70557689797795,114.3820869401882,114.3820869401882,24.186110471409865,24.186110471409865,24.186110471409865,24.186110471409865,24.186110471409865,24.186110471409865,0.0,0.0,0.0,138.56819741159808
5293,1983-02-01,114.25373599372776,95.0799057732928,177.22115396627896,114.25373599372776,114.25373599372776,24.3461570144538,24.3461570144538,24.3461570144538,24.3461570144538,24.3461570144538,24.3461570144538,0.0,0.0,0.0,138.59989300818157
5294,1983-02-02,114.12538504726732,93.9847685670893,180.52975762833898,114.12538504726732,114.12538504726732,24.506292889312384,24.506292889312384,24.506292889312384,24.506292889312384,24.506292889312384,24.506292889312384,0.0,0.0,0.0,138.6316779365797
5295,1983-02-03,113.99703410080687,96.50176885721946,178.27087703794942,113.99703410080687,113.99703410080687,24.66651865503994,24.66651865503994,24.66651865503994,24.66651865503994,24.66651865503994,24.66651865503994,0.0,0.0,0.0,138.6635527558468
5296,1983-02-04,113.86868315434643,99.37976354955364,180.83148436512292,113.86868315434643,113.86868315434643,24.826834875422715,24.826834875422715,24.826834875422715,24.826834875422715,24.826834875422715,24.826834875422715,0.0,0.0,0.0,138.69551802976915
5297,1983-02-07,113.48363031496511,96.45858216131676,179.77886754756216,113.48363031496511,113.48363031496511,25.30833197275871,25.30833197275871,25.30833197275871,25.30833197275871,25.30833197275871,25.30833197275871,0.0,0.0,0.0,138.79196228772383
5298,1983-02-08,113.3552793685045,97.56673108797618,177.86567831211582,113.3552793685045,113.3552793685045,25.4690157432796,25.4690157432796,25.4690157432796,25.4690157432796,25.4690157432796,25.4690157432796,0.0,0.0,0.0,138.8242951117841
5299,1983-02-09,113.22692842204405,97.13086876714927,180.96730004660066,113.22692842204405,113.22692842204405,25.629792857374206,25.629792857374206,25.629792857374206,25.629792857374206,25.629792857374206,25.629792857374206,0.0,0.0,0.0,138.85672127941825
5300,1983-02-10,113.09857747558361,97.02492130649888,179.12765326718892,113.09857747558362,113.09857747558362,25.790663906621827,25.790663906621827,25.790663906621827,25.790663906621827,25.790663906621827,25.790663906621827,0.0,0.0,0.0,138.88924138220543
5301,1983-02-11,112.97022652912317,100.38768979616208,179.49859374454653,112.97022652912317,112.97022652912317,25.951629487131033,25.951629487131033,25.951629487131033,25.951629487131033,25.951629487131033,25.951629487131033,0.0,0.0,0.0,138.9218560162542
5302,1983-02-14,112.58517368974185,97.74610594234247,182.82468190587412,112.58517368974185,112.58517368974185,26.435099444656704,26.435099444656704,26.435099444656704,26.435099444656704,26.435099444656704,26.435099444656704,0.0,0.0,0.0,139.02027313439856
5303,1983-02-15,112.45682274328124,99.0309814385606,178.65738831161374,112.45682274328124,112.45682274328124,26.59644920088131,26.59644920088131,26.59644920088131,26.59644920088131,26.59644920088131,26.59644920088131,0.0,0.0,0.0,139.05327194416253
5304,1983-02-16,112.32847179682079,97.34947884810467,179.74656946215785,112.32847179682079,112.32847179682079,26.757896535839105,26.757896535839105,26.757896535839105,26.757896535839105,26.757896535839105,26.757896535839105,0.0,0.0,0.0,139.0863683326599
5305,1983-02-17,112.20012085036035,99.4736475087891,182.040505151649,112.20012085036035,112.20012085036035,26.91944207220215,26.91944207220215,26.91944207220215,26.91944207220215,26.91944207220215,26.91944207220215,0.0,0.0,0.0,139.1195629225625
5306,1983-02-18,112.0717699038999,99.02114605690775,183.79377103508835,112.0717699038999,112.0717699038999,27.081086436966338,27.081086436966338,27.081086436966338,27.081086436966338,27.081086436966338,27.081086436966338,0.0,0.0,0.0,139.15285634086624
5307,1983-02-22,111.55836611805815,95.32687542387872,178.56352688782914,111.55836611805815,111.55836611805815,27.728664869576374,27.728664869576374,27.728664869576374,27.728664869576374,27.728664869576374,27.728664869576374,0.0,0.0,0.0,139.28703098763452
5308,1983-02-23,111.43001517159753,98.72660351823927,181.97803305597,111.43001517159753,111.43001517159753,27.89081293048932,27.89081293048932,27.89081293048932,27.89081293048932,27.89081293048932,27.89081293048932,0.0,0.0,0.0,139.32082810208686
5309,1983-02-24,111.30166422513709,99.697677015345,182.60375567009388,111.30166422513709,111.30166422513709,28.053063670879848,28.053063670879848,28.053063670879848,28.053063670879848,28.053063670879848,28.053063670879848,0.0,0.0,0.0,139.35472789601693
5310,1983-02-25,111.17331327867664,99.52597396241399,181.99753871229538,111.17331327867664,111.17331327867664,28.215417747161993,28.215417747161993,28.215417747161993,28.215417747161993,28.215417747161993,28.215417747161993,0.0,0.0,0.0,139.38873102583864
5311,1983-02-28,110.78826043929533,97.54430708735387,181.69531082830196,110.78826043929533,110.78826043929533,28.703106616527872,28.703106616527872,28.703106616527872,28.703106616527872,28.703106616527872,28.703106616527872,0.0,0.0,0.0,139.4913670558232
5312,1983-03-01,110.65990949283488,98.95471321183601,180.51772865077734,110.65990949283488,110.65990949283488,28.86588068167611,28.86588068167611,28.86588068167611,28.86588068167611,28.86588068167611,28.86588068167611,0.0,0.0,0.0,139.525790174511
5313,1983-03-02,110.53155854637427,100.20861563371673,183.91936365047206,110.53155854637427,110.53155854637427,29.028761425386772,29.028761425386772,29.028761425386772,29.028761425386772,29.028761425386772,29.028761425386772,0.0,0.0,0.0,139.56031997176103
5314,1983-03-03,110.40320759991383,98.68819136463993,182.77131464773015,110.40320759991383,110.40320759991383,29.191749528098402,29.191749528098402,29.191749528098402,29.191749528098402,29.191749528098402,29.191749528098402,0.0,0.0,0.0,139.59495712801223
5315,1983-03-04,110.27485665345338,98.0185791140618,183.23945071654398,110.27485665345338,110.27485665345338,29.35484567414619,29.35484567414619,29.35484567414619,29.35484567414619,29.35484567414619,29.35484567414619,0.0,0.0,0.0,139.62970232759957
5316,1983-03-07,109.8898038140719,102.38516490452784,180.63568988660853,109.8898038140719,109.8898038140719,29.84478927343797,29.84478927343797,29.84478927343797,29.84478927343797,29.84478927343797,29.84478927343797,0.0,0.0,0.0,139.73459308750986
5317,1983-03-08,109.76145286761145,96.3558760917029,182.45482675603054,109.76145286761145,109.76145286761145,30.00832451300567,30.00832451300567,30.00832451300567,30.00832451300567,30.00832451300567,30.00832451300567,0.0,0.0,0.0,139.7697773806171
5318,1983-03-09,109.63310192115101,96.7913622043299,182.29194067358088,109.63310192115101,109.63310192115101,30.171971274931497,30.171971274931497,30.171971274931497,30.171971274931497,30.171971274931497,30.171971274931497,0.0,0.0,0.0,139.8050731960825
5319,1983-03-10,109.50475097469057,97.31297934455118,180.40630234301005,109.50475097469055,109.50475097469055,30.335730266270595,30.335730266270595,30.335730266270595,30.335730266270595,30.335730266270595,30.335730266270595,0.0,0.0,0.0,139.84048124096117
5320,1983-03-11,109.37640002822995,96.63022224084696,180.94664349370095,109.37640002822994,109.37640002822994,30.49960219775459,30.49960219775459,30.49960219775459,30.49960219775459,30.49960219775459,30.49960219775459,0.0,0.0,0.0,139.87600222598454
5321,1983-03-14,108.99134718884864,99.6406296664811,182.1098392620299,108.99134718884864,108.99134718884864,30.99190279488312,30.99190279488312,30.99190279488312,30.99190279488312,30.99190279488312,30.99190279488312,0.0,0.0,0.0,139.98324998373175
5322,1983-03-15,108.86299624238819,99.10824415599656,181.68045587091353,108.86299624238819,108.86299624238819,31.15623366669584,31.15623366669584,31.15623366669584,31.15623366669584,31.15623366669584,31.15623366669584,0.0,0.0,0.0,140.01922990908403
5323,1983-03-16,108.73464529592775,100.25085345214238,182.39013597270107,108.73464529592775,108.73464529592775,31.320681086357972,31.320681086357972,31.320681086357972,31.320681086357972,31.320681086357972,31.320681086357972,0.0,0.0,0.0,140.05532638228573
5324,1983-03-17,108.60629434946713,100.6318682186724,183.48708639007066,108.60629434946713,108.60629434946713,31.485245785998398,31.485245785998398,31.485245785998398,31.485245785998398,31.485245785998398,31.485245785998398,0.0,0.0,0.0,140.09154013546552
5325,1983-03-18,108.47794340300669,97.25909072717346,180.4655773246621,108.47794340300669,108.47794340300669,31.649928501199362,31.649928501199362,31.649928501199362,31.649928501199362,31.649928501199362,31.649928501199362,0.0,0.0,0.0,140.12787190420605
5326,1983-03-21,108.09289056362537,98.84558710732688,183.1738251319199,108.09289056362539,108.09289056362539,32.14469214713999,32.14469214713999,32.14469214713999,32.14469214713999,32.14469214713999,32.14469214713999,0.0,0.0,0.0,140.23758271076537
5327,1983-03-22,107.96453961716493,97.47441303270863,183.6415412756044,107.96453961716493,107.96453961716493,32.309854348383496,32.309854348383496,32.309854348383496,32.309854348383496,32.309854348383496,32.309854348383496,0.0,0.0,0.0,140.27439396554843
5328,1983-03-23,107.83618867070449,97.32602385986934,181.35081063041036,107.83618867070449,107.83618867070449,32.475138293800235,32.475138293800235,32.475138293800235,32.475138293800235,32.475138293800235,32.475138293800235,0.0,0.0,0.0,140.31132696450473
5329,1983-03-24,107.70783772424404,98.60775128913423,180.69892468638906,107.70783772424404,107.70783772424404,32.640544739028485,32.640544739028485,32.640544739028485,32.640544739028485,32.640544739028485,32.640544739028485,0.0,0.0,0.0,140.34838246327251
5330,1983-03-25,107.57948677778343,96.72357058197687,180.26335862832744,107.57948677778343,107.57948677778343,32.80607444293583,32.80607444293583,32.80607444293583,32.80607444293583,32.80607444293583,32.80607444293583,0.0,0.0,0.0,140.38556122071927
5331,1983-03-28,107.19443393840211,98.4257171670312,177.80823209996603,107.19443393840211,107.19443393840211,33.30341074318175,33.30341074318175,33.30341074318175,33.30341074318175,33.30341074318175,33.30341074318175,0.0,0.0,0.0,140.49784468158387
5332,1983-03-29,107.06608299194167,97.49338514872744,182.2900567489592,107.06608299194167,107.06608299194167,33.46944113395129,33.46944113395129,33.46944113395129,33.46944113395129,33.46944113395129,33.46944113395129,0.0,0.0,0.0,140.53552412589295
5333,1983-03-30,106.93773204548123,98.43754493906776,178.17708710532574,106.93773204548123,106.93773204548123,33.63559862505623,33.63559862505623,33.63559862505623,33.63559862505623,33.63559862505623,33.63559862505623,0.0,0.0,0.0,140.57333067053747
5334,1983-03-31,106.80938109902078,97.19933561524915,182.80872528952034,106.80938109902078,106.80938109902078,33.801883994064085,33.801883994064085,33.801883994064085,33.801883994064085,33.801883994064085,33.801883994064085,0.0,0.0,0.0,140.61126509308485
5335,1983-04-04,106.29597731317885,98.06204315318419,182.83267211795652,106.29597731317885,106.29597731317885,34.468319904909265,34.468319904909265,34.468319904909265,34.468319904909265,34.468319904909265,34.468319904909265,0.0,0.0,0.0,140.76429721808813
5336,1983-04-05,106.16762636671841,98.11136401780901,183.95702012325836,106.16762636671841,106.16762636671841,34.63525643091863,34.63525643091863,34.63525643091863,34.63525643091863,34.63525643091863,34.63525643091863,0.0,0.0,0.0,140.80288279763704
5337,1983-04-06,106.03927542025797,100.51044181082139,181.07738600397624,106.03927542025797,106.03927542025797,34.80232556216267,34.80232556216267,34.80232556216267,34.80232556216267,34.80232556216267,34.80232556216267,0.0,0.0,0.0,140.84160098242063
5338,1983-04-07,105.91092447379752,101.59570318866935,183.57964870684614,105.91092447379751,105.91092447379751,34.969528096545666,34.969528096545666,34.969528096545666,34.969528096545666,34.969528096545666,34.969528096545666,0.0,0.0,0.0,140.88045257034318
5339,1983-04-08,105.78257352733708,102.12971818155472,185.10312567330746,105.78257352733708,105.78257352733708,35.13686483474641,35.13686483474641,35.13686483474641,35.13686483474641,35.13686483474641,35.13686483474641,0.0,0.0,0.0,140.9194383620835
5340,1983-04-11,105.39752068795559,98.41984246714645,182.61831089584706,105.39752068795559,105.39752068795559,35.63968831998003,35.63968831998003,35.63968831998003,35.63968831998003,35.63968831998003,35.63968831998003,0.0,0.0,0.0,141.03720900793562
5341,1983-04-12,105.26916974149515,99.73221437585181,184.35586489759598,105.26916974149515,105.26916974149515,35.80756993458929,35.80756993458929,35.80756993458929,35.80756993458929,35.80756993458929,35.80756993458929,0.0,0.0,0.0,141.07673967608443
5342,1983-04-13,105.1408187950347,97.16143085848657,182.88688385365128,105.1408187950347,105.1408187950347,35.975589796883426,35.975589796883426,35.975589796883426,35.975589796883426,35.975589796883426,35.975589796883426,0.0,0.0,0.0,141.11640859191812
5343,1983-04-14,105.01246784857426,101.94919136816523,181.99284089209715,105.01246784857426,105.01246784857426,36.14374872350008,36.14374872350008,36.14374872350008,36.14374872350008,36.14374872350008,36.14374872350008,0.0,0.0,0.0,141.15621657207436
5344,1983-04-15,104.88411690211365,99.44391031886003,184.92422221924394,104.88411690211365,104.88411690211365,36.3120475336215,36.3120475336215,36.3120475336215,36.3120475336215,36.3120475336215,36.3120475336215,0.0,0.0,0.0,141.19616443573514
5345,1983-04-18,104.49906406273233,100.08430962170343,183.86701312388885,104.49906406273234,104.49906406273234,36.81779149432397,36.81779149432397,36.81779149432397,36.81779149432397,36.81779149432397,36.81779149432397,0.0,0.0,0.0,141.3168555570563
5346,1983-04-19,104.37071311627172,98.83080803897786,182.28634796282682,104.37071311627173,104.37071311627173,36.986658080036,36.986658080036,36.986658080036,36.986658080036,36.986658080036,36.986658080036,0.0,0.0,0.0,141.35737119630772
5347,1983-04-20,104.24236216981127,97.98116126378555,182.67170875140658,104.24236216981127,104.24236216981127,37.15566868218585,37.15566868218585,37.15566868218585,37.15566868218585,37.15566868218585,37.15566868218585,0.0,0.0,0.0,141.39803085199713
5348,1983-04-21,104.11401122335083,99.94718142027146,184.74970152760525,104.11401122335083,104.11401122335083,37.3248241345337,37.3248241345337,37.3248241345337,37.3248241345337,37.3248241345337,37.3248241345337,0.0,0.0,0.0,141.43883535788453
5349,1983-04-22,103.98566027689039,104.01512511888026,180.50534730287117,103.98566027689039,103.98566027689039,37.49412527315333,37.49412527315333,37.49412527315333,37.49412527315333,37.49412527315333,37.49412527315333,0.0,0.0,0.0,141.47978555004372
5350,1983-04-25,103.60060743750888,99.3767815656011,183.77999473231884,103.6006074375089,103.6006074375089,38.00291120141026,38.00291120141026,38.00291120141026,38.00291120141026,38.00291120141026,38.00291120141026,0.0,0.0,0.0,141.60351863891913
5351,1983-04-26,103.47225649104846,99.13982725535206,183.8589209567259,103.47225649104846,103.47225649104846,38.17280349099246,38.17280349099246,38.17280349099246,38.17280349099246,38.17280349099246,38.17280349099246,0.0,0.0,0.0,141.64505998204092
5352,1983-04-27,103.34390554458801,100.37798698816037,184.253305384993,103.34390554458801,103.34390554458801,38.342845680777174,38.342845680777174,38.342845680777174,38.342845680777174,38.342845680777174,38.342845680777174,0.0,0.0,0.0,141.68675122536519
5353,1983-04-28,103.21555459812757,99.93570968910113,184.44699458974335,103.21555459812757,103.21555459812757,38.513038620032376,38.513038620032376,38.513038620032376,38.513038620032376,38.513038620032376,38.513038620032376,0.0,0.0,0.0,141.72859321815994
5354,1983-04-29,103.08720365166712,98.53026880523603,182.53445784319914,103.08720365166712,103.08720365166712,38.683383160107994,38.683383160107994,38.683383160107994,38.683383160107994,38.683383160107994,38.683383160107994,0.0,0.0,0.0,141.7705868117751
5355,1983-05-02,102.70215081228562,102.52521899906111,182.5421704692268,102.70215081228562,102.70215081228562,39.195334929320126,39.195334929320126,39.195334929320126,39.195334929320126,39.195334929320126,39.195334929320126,0.0,0.0,0.0,141.89748574160575
5356,1983-05-03,102.5737998658252,97.99607912380813,183.4186776677166,102.5737998658252,102.5737998658252,39.36629442669454,39.36629442669454,39.36629442669454,39.36629442669454,39.36629442669454,39.36629442669454,0.0,0.0,0.0,141.94009429251975
5357,1983-05-04,102.44544891936475,97.42312554861748,185.47123322389626,102.44544891936475,102.44544891936475,39.53740981173729,39.53740981173729,39.53740981173729,39.53740981173729,39.53740981173729,39.53740981173729,0.0,0.0,0.0,141.98285873110206
5358,1983-05-05,102.3170979729043,98.15554016097423,184.7790078486384,102.3170979729043,102.3170979729043,39.70868194760635,39.70868194760635,39.70868194760635,39.70868194760635,39.70868194760635,39.70868194760635,0.0,0.0,0.0,142.02577992051067
5359,1983-05-06,102.18874702644386,100.76064553407734,181.0356313785649,102.18874702644386,102.18874702644386,39.88011169931165,39.88011169931165,39.88011169931165,39.88011169931165,39.88011169931165,39.88011169931165,0.0,0.0,0.0,142.06885872575552
5360,1983-05-09,101.80369418706236,102.30946312295215,185.72054721303323,101.80369418706236,101.80369418706236,40.39535532664241,40.39535532664241,40.39535532664241,40.39535532664241,40.39535532664241,40.39535532664241,0.0,0.0,0.0,142.19904951370478
5361,1983-05-10,101.67534324060193,102.29442021423291,184.23266259082368,101.67534324060193,101.67534324060193,40.56742422769173,40.56742422769173,40.56742422769173,40.56742422769173,40.56742422769173,40.56742422769173,0.0,0.0,0.0,142.24276746829366
5362,1983-05-11,101.54699229414149,99.18440646314426,184.37335149097967,101.54699229414149,101.54699229414149,40.739655096262574,40.739655096262574,40.739655096262574,40.739655096262574,40.739655096262574,40.739655096262574,0.0,0.0,0.0,142.28664739040406
5363,1983-05-12,101.41864134768105,99.2519855025719,184.27095016625805,101.41864134768105,101.41864134768105,40.91204880778872,40.91204880778872,40.91204880778872,40.91204880778872,40.91204880778872,40.91204880778872,0.0,0.0,0.0,142.33069015546977
5364,1983-05-13,101.2902904012206,100.34885112802424,184.77576502137399,101.2902904012206,101.2902904012206,41.08460623932546,41.08460623932546,41.08460623932546,41.08460623932546,41.08460623932546,41.08460623932546,0.0,0.0,0.0,142.37489664054607
5365,1983-05-16,100.90523756183929,100.16989163896592,185.23969765598474,100.90523756183927,100.90523756183927,41.603269648195116,41.603269648195116,41.603269648195116,41.603269648195116,41.603269648195116,41.603269648195116,0.0,0.0,0.0,142.5085072100344
5366,1983-05-17,100.77688661537867,101.27219848927967,182.769871817767,100.77688661537866,100.77688661537866,41.7764907616212,41.7764907616212,41.7764907616212,41.7764907616212,41.7764907616212,41.7764907616212,0.0,0.0,0.0,142.55337737699986
5367,1983-05-18,100.64853566891823,100.20673766926865,184.32415125993518,100.64853566891823,100.64853566891823,41.94988000351682,41.94988000351682,41.94988000351682,41.94988000351682,41.94988000351682,41.94988000351682,0.0,0.0,0.0,142.59841567243504
5368,1983-05-19,100.52018472245778,99.23404990237742,185.97954295258492,100.52018472245778,100.52018472245778,42.12343825998091,42.12343825998091,42.12343825998091,42.12343825998091,42.12343825998091,42.12343825998091,0.0,0.0,0.0,142.6436229824387
5369,1983-05-20,100.39183377599734,104.0995397118597,184.4603745663144,100.39183377599734,100.39183377599734,42.29716641850402,42.29716641850402,42.29716641850402,42.29716641850402,42.29716641850402,42.29716641850402,0.0,0.0,0.0,142.68900019450138
5370,1983-05-23,100.00678093661602,104.92837098643245,184.05527218125604,100.00678093661602,100.00678093661602,42.81937920154001,42.81937920154001,42.81937920154001,42.81937920154001,42.81937920154001,42.81937920154001,0.0,0.0,0.0,142.82616013815604
5371,1983-05-24,99.87842999015541,99.56056882165204,188.43011065574996,99.87842999015541,99.87842999015541,42.99379586991515,42.99379586991515,42.99379586991515,42.99379586991515,42.99379586991515,42.99379586991515,0.0,0.0,0.0,142.87222586007056
5372,1983-05-25,99.75007904369497,102.99139727148483,183.40550339699325,99.75007904369497,99.75007904369497,43.16838689754779,43.16838689754779,43.16838689754779,43.16838689754779,43.16838689754779,43.16838689754779,0.0,0.0,0.0,142.91846594124274
5373,1983-05-26,99.62172809723452,101.07661318222331,183.5074620150197,99.62172809723452,99.62172809723452,43.34315317959823,43.34315317959823,43.34315317959823,43.34315317959823,43.34315317959823,43.34315317959823,0.0,0.0,0.0,142.96488127683276
5374,1983-05-27,99.49337715077408,102.50298104810479,187.93688391470488,99.49337715077408,99.49337715077408,43.518095612390084,43.518095612390084,43.518095612390084,43.518095612390084,43.518095612390084,43.518095612390084,0.0,0.0,0.0,143.01147276316416
5375,1983-05-31,98.97997336493215,99.09527745688706,183.50119368993643,98.97997336493215,98.97997336493215,44.21964481637527,44.21964481637527,44.21964481637527,44.21964481637527,44.21964481637527,44.21964481637527,0.0,0.0,0.0,143.19961818130741
5376,1983-06-01,98.8516224184717,99.44111447105774,182.33662788676597,98.8516224184717,98.8516224184717,44.3954814862039,44.3954814862039,44.3954814862039,44.3954814862039,44.3954814862039,44.3954814862039,0.0,0.0,0.0,143.2471039046756
5377,1983-06-02,98.72327147201109,102.26648651464645,180.47512550050845,98.72327147201109,98.72327147201109,44.5714997073464,44.5714997073464,44.5714997073464,44.5714997073464,44.5714997073464,44.5714997073464,0.0,0.0,0.0,143.2947711793575
5378,1983-06-03,98.59492052555065,102.73511303397892,186.9084077677291,98.59492052555066,98.59492052555066,44.7477003833668,44.7477003833668,44.7477003833668,44.7477003833668,44.7477003833668,44.7477003833668,0.0,0.0,0.0,143.34262090891744
5379,1983-06-06,98.20986768616933,103.68415929275828,188.2522785675927,98.20986768616933,98.20986768616933,45.27740618972374,45.27740618972374,45.27740618972374,45.27740618972374,45.27740618972374,45.27740618972374,0.0,0.0,0.0,143.48727387589307
5380,1983-06-07,98.08151673970889,103.60896767909395,186.05396739241655,98.08151673970889,98.08151673970889,45.45434573851932,45.45434573851932,45.45434573851932,45.45434573851932,45.45434573851932,45.45434573851932,0.0,0.0,0.0,143.5358624782282
5381,1983-06-08,97.95316579324827,102.43336937569846,187.6265009773083,97.95316579324827,97.95316579324827,45.631472272947114,45.631472272947114,45.631472272947114,45.631472272947114,45.631472272947114,45.631472272947114,0.0,0.0,0.0,143.5846380661954
5382,1983-06-09,97.82481484678783,101.49971755712373,180.26396922326822,97.82481484678783,97.82481484678783,45.80878670152008,45.80878670152008,45.80878670152008,45.80878670152008,45.80878670152008,45.80878670152008,0.0,0.0,0.0,143.63360154830792
5383,1983-06-10,97.69646390032739,104.04930448658372,184.95289208585888,97.69646390032739,97.69646390032739,45.98628993346273,45.98628993346273,45.98628993346273,45.98628993346273,45.98628993346273,45.98628993346273,0.0,0.0,0.0,143.68275383379012
5384,1983-06-13,97.31141106094607,105.43618328443031,186.47273853495665,97.31141106094607,97.31141106094607,46.51994155177168,46.51994155177168,46.51994155177168,46.51994155177168,46.51994155177168,46.51994155177168,0.0,0.0,0.0,143.83135261271775
5385,1983-06-14,97.18306011448563,100.44692915969776,185.60945984294597,97.18306011448563,97.18306011448563,46.698209102571944,46.698209102571944,46.698209102571944,46.698209102571944,46.698209102571944,46.698209102571944,0.0,0.0,0.0,143.88126921705756
5386,1983-06-15,97.05470916802518,103.52934278088644,182.7012704522217,97.05470916802518,97.05470916802518,46.87667001243513,46.87667001243513,46.87667001243513,46.87667001243513,46.87667001243513,46.87667001243513,0.0,0.0,0.0,143.9313791804603
5387,1983-06-16,96.92635822156457,100.75275898898532,181.83297068934837,96.92635822156457,96.92635822156457,47.05532519419146,47.05532519419146,47.05532519419146,47.05532519419146,47.05532519419146,47.05532519419146,0.0,0.0,0.0,143.98168341575604
5388,1983-06-17,96.79800727510413,100.56341114635062,188.84440513232397,96.79800727510413,96.79800727510413,47.234175561160896,47.234175561160896,47.234175561160896,47.234175561160896,47.234175561160896,47.234175561160896,0.0,0.0,0.0,144.032182836265
5389,1983-06-20,96.41295443572281,100.58957268619685,186.21863635204812,96.41295443572281,96.41295443572281,47.77190691322644,47.77190691322644,47.77190691322644,47.77190691322644,47.77190691322644,47.77190691322644,0.0,0.0,0.0,144.18486134894925
5390,1983-06-21,96.28460348926237,102.92307078110494,182.8056268188161,96.28460348926237,96.28460348926237,47.951547162934844,47.951547162934844,47.951547162934844,47.951547162934844,47.951547162934844,47.951547162934844,0.0,0.0,0.0,144.2361506521972
5391,1983-06-22,96.15625254280192,102.54622690117564,185.74296883989473,96.15625254280192,96.15625254280192,48.131387170696755,48.131387170696755,48.131387170696755,48.131387170696755,48.131387170696755,48.131387170696755,0.0,0.0,0.0,144.28763971349866
5392,1983-06-23,96.02790159634131,100.10988552451589,189.31767691313104,96.02790159634131,96.02790159634131,48.31142785210916,48.31142785210916,48.31142785210916,48.31142785210916,48.31142785210916,48.31142785210916,0.0,0.0,0.0,144.33932944845048
5393,1983-06-24,95.89955064988087,103.56233059149906,191.34017050127153,95.89955064988087,95.89955064988087,48.491670123037785,48.491670123037785,48.491670123037785,48.491670123037785,48.491670123037785,48.491670123037785,0.0,0.0,0.0,144.39122077291864
5394,1983-06-27,95.51449781049955,104.37923286169598,182.54133673914777,95.51449781049955,95.51449781049955,49.03361563497574,49.03361563497574,49.03361563497574,49.03361563497574,49.03361563497574,49.03361563497574,0.0,0.0,0.0,144.54811344547528
5395,1983-06-28,95.3861468640391,103.16804506652784,184.3555638433527,95.3861468640391,95.3861468640391,49.21467342693559,49.21467342693559,49.21467342693559,49.21467342693559,49.21467342693559,49.21467342693559,0.0,0.0,0.0,144.6008202909747
5396,1983-06-29,95.25779591757866,103.16344332835385,185.08887917326894,95.25779591757866,95.25779591757866,49.39593739069795,49.39593739069795,49.39593739069795,49.39593739069795,49.39593739069795,49.39593739069795,0.0,0.0,0.0,144.65373330827663
5397,1983-06-30,95.12944497111822,102.58992385845704,184.88286341422506,95.1294449711182,95.1294449711182,49.57740844309416,49.57740844309416,49.57740844309416,49.57740844309416,49.57740844309416,49.57740844309416,0.0,0.0,0.0,144.7068534142124
5398,1983-07-01,95.0010940246576,101.20529476960196,184.98466259461543,95.00109402465759,95.00109402465759,49.75908750100729,49.75908750100729,49.75908750100729,49.75908750100729,49.75908750100729,49.75908750100729,0.0,0.0,0.0,144.7601815256649
5399,1983-07-05,94.48769023881584,105.58812347253259,188.3500036409108,94.48769023881584,94.48769023881584,50.48790212561619,50.48790212561619,50.48790212561619,50.48790212561619,50.48790212561619,50.48790212561619,0.0,0.0,0.0,144.97559236443203
5400,1983-07-06,94.3593392923554,103.03559833098178,184.86401445760794,94.3593392923554,94.3593392923554,50.67063496405312,50.67063496405312,50.67063496405312,50.67063496405312,50.67063496405312,50.67063496405312,0.0,0.0,0.0,145.02997425640854
5401,1983-07-07,94.23098834589479,105.84886461685772,187.7411370807697,94.23098834589479,94.23098834589479,50.853581308690885,50.853581308690885,50.853581308690885,50.853581308690885,50.853581308690885,50.853581308690885,0.0,0.0,0.0,145.08456965458566
5402,1983-07-08,94.10263739943434,102.27557405458656,190.17313718605268,94.10263739943434,94.10263739943434,51.036742075921666,51.036742075921666,51.036742075921666,51.036742075921666,51.036742075921666,51.036742075921666,0.0,0.0,0.0,145.139379475356
5403,1983-07-11,93.71758456005284,101.04845522894242,184.45401424887388,93.71758456005284,93.71758456005284,51.58752007404165,51.58752007404165,51.58752007404165,51.58752007404165,51.58752007404165,51.58752007404165,0.0,0.0,0.0,145.3051046340945
5404,1983-07-12,93.58923361359241,101.92782308739332,185.96848865186956,93.58923361359243,93.58923361359243,51.77154769128132,51.77154769128132,51.77154769128132,51.77154769128132,51.77154769128132,51.77154769128132,0.0,0.0,0.0,145.36078130487374
5405,1983-07-13,93.46088266713197,105.52443023924498,184.14939335878387,93.46088266713197,93.46088266713197,51.9557943095951,51.9557943095951,51.9557943095951,51.9557943095951,51.9557943095951,51.9557943095951,0.0,0.0,0.0,145.41667697672708
5406,1983-07-14,93.33253172067153,100.18060785543092,187.33914575805267,93.33253172067153,93.33253172067153,52.14026084377166,52.14026084377166,52.14026084377166,52.14026084377166,52.14026084377166,52.14026084377166,0.0,0.0,0.0,145.47279256444318
5407,1983-07-15,93.20418077421108,102.44999580407654,186.64542111340685,93.20418077421108,93.20418077421108,52.324948208228,52.324948208228,52.324948208228,52.324948208228,52.324948208228,52.324948208228,0.0,0.0,0.0,145.5291289824391
5408,1983-07-18,92.81912793482958,102.70810945560164,190.13094125512953,92.81912793482958,92.81912793482958,52.880344421232834,52.880344421232834,52.880344421232834,52.880344421232834,52.880344421232834,52.880344421232834,0.0,0.0,0.0,145.69947235606242
5409,1983-07-19,92.69077698836915,101.04564088265494,187.96865336972152,92.69077698836915,92.69077698836915,53.06592424248778,53.06592424248778,53.06592424248778,53.06592424248778,53.06592424248778,53.06592424248778,0.0,0.0,0.0,145.75670123085695
5410,1983-07-20,92.56242604190871,104.75835636744219,190.92361212676872,92.56242604190871,92.56242604190871,53.25172945948147,53.25172945948147,53.25172945948147,53.25172945948147,53.25172945948147,53.25172945948147,0.0,0.0,0.0,145.8141555013902
5411,1983-07-21,92.43407509544826,105.64674595817316,186.72495943951046,92.43407509544826,92.43407509544826,53.43776098377352,53.43776098377352,53.43776098377352,53.43776098377352,53.43776098377352,53.43776098377352,0.0,0.0,0.0,145.8718360792218
5412,1983-07-22,92.30572414898782,106.48319166143116,187.83890422272123,92.30572414898782,92.30572414898782,53.62401972634425,53.62401972634425,53.62401972634425,53.62401972634425,53.62401972634425,53.62401972634425,0.0,0.0,0.0,145.92974387533206
5413,1983-07-25,91.92067130960632,101.98774935138056,187.83879771583173,91.92067130960632,91.92067130960632,54.18416836423092,54.18416836423092,54.18416836423092,54.18416836423092,54.18416836423092,54.18416836423092,0.0,0.0,0.0,146.10483967383723
5414,1983-07-26,91.79232036314589,105.7128842095621,187.68392102059187,91.79232036314589,91.79232036314589,54.37134507711373,54.37134507711373,54.37134507711373,54.37134507711373,54.37134507711373,54.37134507711373,0.0,0.0,0.0,146.16366544025962
5415,1983-07-27,91.66396941668545,102.8712348177039,188.79263262627217,91.66396941668545,91.66396941668545,54.55875355346707,54.55875355346707,54.55875355346707,54.55875355346707,54.55875355346707,54.55875355346707,0.0,0.0,0.0,146.22272297015252
5416,1983-07-28,91.535618470225,109.14107112133918,186.73676330745343,91.535618470225,91.535618470225,54.74639470018396,54.74639470018396,54.74639470018396,54.74639470018396,54.74639470018396,54.74639470018396,0.0,0.0,0.0,146.28201317040896
5417,1983-07-29,91.40726752376456,104.20458766906563,192.5340012486001,91.40726752376455,91.40726752376455,54.93426942337474,54.93426942337474,54.93426942337474,54.93426942337474,54.93426942337474,54.93426942337474,0.0,0.0,0.0,146.3415369471393
5418,1983-08-01,91.02221468438306,105.4995611823312,186.5098362373555,91.02221468438306,91.02221468438306,55.49930410055847,55.49930410055847,55.49930410055847,55.49930410055847,55.49930410055847,55.49930410055847,0.0,0.0,0.0,146.52151878494152
5419,1983-08-02,90.89386373792263,105.8989097321276,184.3610386096101,90.89386373792263,90.89386373792263,55.688122174100016,55.688122174100016,55.688122174100016,55.688122174100016,55.688122174100016,55.688122174100016,0.0,0.0,0.0,146.58198591202265
5420,1983-08-03,90.76551279146219,104.29914222714018,188.7934286243879,90.76551279146219,90.76551279146219,55.877178341930296,55.877178341930296,55.877178341930296,55.877178341930296,55.877178341930296,55.877178341930296,0.0,0.0,0.0,146.64269113339247
5421,1983-08-04,90.63716184500174,106.0894082069481,186.73665738352122,90.63716184500174,90.63716184500174,56.06647350486608,56.06647350486608,56.06647350486608,56.06647350486608,56.06647350486608,56.06647350486608,0.0,0.0,0.0,146.70363534986782
5422,1983-08-05,90.5088108985413,104.34205497007386,187.47209331696297,90.5088108985413,90.5088108985413,56.25600856274153,56.25600856274153,56.25600856274153,56.25600856274153,56.25600856274153,56.25600856274153,0.0,0.0,0.0,146.76481946128283
5423,1983-08-08,90.1237580591598,102.93178511391186,185.95514294776225,90.1237580591598,90.1237580591598,56.82606208904584,56.82606208904584,56.82606208904584,56.82606208904584,56.82606208904584,56.82606208904584,0.0,0.0,0.0,146.94982014820565
5424,1983-08-09,89.99540711269937,105.65793170274605,188.11852659930923,89.99540711269938,89.99540711269938,57.01656570441883,57.01656570441883,57.01656570441883,57.01656570441883,57.01656570441883,57.01656570441883,0.0,0.0,0.0,147.0119728171182
5425,1983-08-10,89.86705616623892,106.03549920595421,188.14983291064542,89.86705616623892,89.86705616623892,57.20731369820308,57.20731369820308,57.20731369820308,57.20731369820308,57.20731369820308,57.20731369820308,0.0,0.0,0.0,147.07436986444202
5426,1983-08-11,89.73870521977848,103.8699349252604,188.3483196541223,89.73870521977848,89.73870521977848,57.39830696375787,57.39830696375787,57.39830696375787,57.39830696375787,57.39830696375787,57.39830696375787,0.0,0.0,0.0,147.13701218353634
5427,1983-08-12,89.61035427331804,105.42697935486277,185.68139720928198,89.61035427331804,89.61035427331804,57.58954639326577,57.58954639326577,57.58954639326577,57.58954639326577,57.58954639326577,57.58954639326577,0.0,0.0,0.0,147.1999006665838
5428,1983-08-15,89.22530143393654,104.92774133944351,187.27889478318477,89.22530143393655,89.22530143393655,58.1647505691145,58.1647505691145,58.1647505691145,58.1647505691145,58.1647505691145,58.1647505691145,0.0,0.0,0.0,147.39005200305104
5429,1983-08-16,89.09695048747611,105.06541299160328,189.0748577412787,89.09695048747611,89.09695048747611,58.35698355177601,58.35698355177601,58.35698355177601,58.35698355177601,58.35698355177601,58.35698355177601,0.0,0.0,0.0,147.45393403925212
5430,1983-08-17,88.96859954101566,103.7337019734509,187.25663597968827,88.96859954101566,88.96859954101566,58.54946714070126,58.54946714070126,58.54946714070126,58.54946714070126,58.54946714070126,58.54946714070126,0.0,0.0,0.0,147.51806668171693
5431,1983-08-18,88.84024859455522,105.18834907200937,192.42626911049706,88.84024859455522,88.84024859455522,58.742202220442074,58.742202220442074,58.742202220442074,58.742202220442074,58.742202220442074,58.742202220442074,0.0,0.0,0.0,147.5824508149973
5432,1983-08-19,88.71189764809478,102.23899256568825,187.7899990839672,88.71189764809478,88.71189764809478,58.935189674182794,58.935189674182794,58.935189674182794,58.935189674182794,58.935189674182794,58.935189674182794,0.0,0.0,0.0,147.64708732227757
5433,1983-08-22,88.32684480871328,104.15599951285341,188.50834679974503,88.32684480871328,88.32684480871328,59.5156750901887,59.5156750901887,59.5156750901887,59.5156750901887,59.5156750901887,59.5156750901887,0.0,0.0,0.0,147.84251989890197
5434,1983-08-23,88.19849386225285,108.73867109771837,190.20332109578035,88.19849386225285,88.19849386225285,59.70968084350649,59.70968084350649,59.70968084350649,59.70968084350649,59.70968084350649,59.70968084350649,0.0,0.0,0.0,147.90817470575934
5435,1983-08-24,88.07014291579223,102.32440719340924,186.59322690597548,88.07014291579223,88.07014291579223,59.903943365312436,59.903943365312436,59.903943365312436,59.903943365312436,59.903943365312436,59.903943365312436,0.0,0.0,0.0,147.97408628110466
5436,1983-08-25,87.94179196933179,104.88768421316799,186.3024784209655,87.94179196933179,87.94179196933179,60.098463530032255,60.098463530032255,60.098463530032255,60.098463530032255,60.098463530032255,60.098463530032255,0.0,0.0,0.0,148.04025549936404
5437,1983-08-26,87.81344102287134,110.22476808048224,190.76594999745916,87.81344102287134,87.81344102287134,60.293242210538295,60.293242210538295,60.293242210538295,60.293242210538295,60.293242210538295,60.293242210538295,0.0,0.0,0.0,148.10668323340963
5438,1983-08-29,87.42838818349001,105.23453870736051,187.5275562942815,87.42838818349001,87.42838818349001,60.87913805166559,60.87913805166559,60.87913805166559,60.87913805166559,60.87913805166559,60.87913805166559,0.0,0.0,0.0,148.3075262351556
5439,1983-08-30,87.3000372370294,107.08165369069805,189.931038406943,87.3000372370294,87.3000372370294,61.07495949208198,61.07495949208198,61.07495949208198,61.07495949208198,61.07495949208198,61.07495949208198,0.0,0.0,0.0,148.3749967291114
5440,1983-08-31,87.17168629056897,107.59507766185531,191.03342232802706,87.17168629056897,87.17168629056897,61.27104378845011,61.27104378845011,61.27104378845011,61.27104378845011,61.27104378845011,61.27104378845011,0.0,0.0,0.0,148.44273007901907
5441,1983-09-01,87.04333534410853,107.35132311714355,188.4014364808521,87.04333534410853,87.04333534410853,61.46739180378296,61.46739180378296,61.46739180378296,61.46739180378296,61.46739180378296,61.46739180378296,0.0,0.0,0.0,148.5107271478915
5442,1983-09-02,86.91498439764808,106.69960238727555,190.81018806655905,86.91498439764808,86.91498439764808,61.66400439935997,61.66400439935997,61.66400439935997,61.66400439935997,61.66400439935997,61.66400439935997,0.0,0.0,0.0,148.57898879700804
5443,1983-09-06,86.40158061180632,107.29462762694155,191.50897210893174,86.40158061180631,86.40158061180631,62.45311774760026,62.45311774760026,62.45311774760026,62.45311774760026,62.45311774760026,62.45311774760026,0.0,0.0,0.0,148.8546983594066
5444,1983-09-07,86.27322966534571,107.52809102995285,188.25671276340307,86.2732296653457,86.2732296653457,62.65106610113983,62.65106610113983,62.65106610113983,62.65106610113983,62.65106610113983,62.65106610113983,0.0,0.0,0.0,148.92429576648556
5445,1983-09-08,86.14487871888527,106.84083211224471,191.48404976598889,86.14487871888527,86.14487871888527,62.849284164778894,62.849284164778894,62.849284164778894,62.849284164778894,62.849284164778894,62.849284164778894,0.0,0.0,0.0,148.99416288366416
5446,1983-09-09,86.01652777242482,105.34664531851747,188.62676127057594,86.01652777242482,86.01652777242482,63.04777278695562,63.04777278695562,63.04777278695562,63.04777278695562,63.04777278695562,63.04777278695562,0.0,0.0,0.0,149.06430055938046
5447,1983-09-12,85.63147493304349,109.3552002845746,191.0043041239369,85.63147493304348,85.63147493304348,63.64487045992858,63.64487045992858,63.64487045992858,63.64487045992858,63.64487045992858,63.64487045992858,0.0,0.0,0.0,149.27634539297208
5448,1983-09-13,85.50312398658306,107.55585649159195,190.72507378125223,85.50312398658306,85.50312398658306,63.84444976158027,63.84444976158027,63.84444976158027,63.84444976158027,63.84444976158027,63.84444976158027,0.0,0.0,0.0,149.34757374816334
5449,1983-09-14,85.37477304012245,108.4009857971533,190.13472134544503,85.37477304012245,85.37477304012245,64.0443038344536,64.0443038344536,64.0443038344536,64.0443038344536,64.0443038344536,64.0443038344536,0.0,0.0,0.0,149.41907687457604
5450,1983-09-15,85.246422093662,109.27721838817524,190.8414117485421,85.246422093662,85.246422093662,64.24443351501262,64.24443351501262,64.24443351501262,64.24443351501262,64.24443351501262,64.24443351501262,0.0,0.0,0.0,149.49085560867462
5451,1983-09-16,85.11807114720156,105.06694152634103,191.27679743188978,85.11807114720156,85.11807114720156,64.4448396376405,64.4448396376405,64.4448396376405,64.4448396376405,64.4448396376405,64.4448396376405,0.0,0.0,0.0,149.56291078484207
5452,1983-09-19,84.73301830782023,106.50226700518652,190.61428292229607,84.73301830782023,84.73301830782023,65.04772497005862,65.04772497005862,65.04772497005862,65.04772497005862,65.04772497005862,65.04772497005862,0.0,0.0,0.0,149.78074327787886
5453,1983-09-20,84.6046673613598,107.38155797325851,192.87442087265447,84.6046673613598,84.6046673613598,65.24924516234283,65.24924516234283,65.24924516234283,65.24924516234283,65.24924516234283,65.24924516234283,0.0,0.0,0.0,149.85391252370263
5454,1983-09-21,84.47631641489936,111.08508324365155,193.7061843973656,84.47631641489936,84.47631641489936,65.45104593656365,65.45104593656365,65.45104593656365,65.45104593656365,65.45104593656365,65.45104593656365,0.0,0.0,0.0,149.927362351463
5455,1983-09-22,84.34796546843874,106.57662064975823,190.02239880675347,84.34796546843874,84.34796546843874,65.65312811411822,65.65312811411822,65.65312811411822,65.65312811411822,65.65312811411822,65.65312811411822,0.0,0.0,0.0,150.00109358255696
5456,1983-09-23,84.2196145219783,108.10094884157019,189.27170757101896,84.21961452197831,84.21961452197831,65.85549251415648,65.85549251415648,65.85549251415648,65.85549251415648,65.85549251415648,65.85549251415648,0.0,0.0,0.0,150.0751070361348
5457,1983-09-26,83.83456168259697,106.06272219179297,186.89627108620607,83.83456168259697,83.83456168259697,66.46428720648305,66.46428720648305,66.46428720648305,66.46428720648305,66.46428720648305,66.46428720648305,0.0,0.0,0.0,150.29884888908003
5458,1983-09-27,83.70621073613654,113.16440542609564,189.35203533795686,83.70621073613654,83.70621073613654,66.66778864220495,66.66778864220495,66.66778864220495,66.66778864220495,66.66778864220495,66.66778864220495,0.0,0.0,0.0,150.3739993783415
5459,1983-09-28,83.57785978967593,109.37407089237206,191.39601289607785,83.57785978967593,83.57785978967593,66.87157636164379,66.87157636164379,66.87157636164379,66.87157636164379,66.87157636164379,66.87157636164379,0.0,0.0,0.0,150.44943615131973
5460,1983-09-29,83.44950884321548,108.98167986186468,191.65874223525879,83.44950884321548,83.44950884321548,67.07565116998116,67.07565116998116,67.07565116998116,67.07565116998116,67.07565116998116,67.07565116998116,0.0,0.0,0.0,150.52516001319663
5461,1983-09-30,83.32115789675504,105.37800899706576,189.86134254376796,83.32115789675504,83.32115789675504,67.28001386999114,67.28001386999114,67.28001386999114,67.28001386999114,67.28001386999114,67.28001386999114,0.0,0.0,0.0,150.60117176674618
5462,1983-10-03,82.93610505737354,106.68748066485573,193.88633161790622,82.93610505737354,82.93610505737354,67.89483731119549,67.89483731119549,67.89483731119549,67.89483731119549,67.89483731119549,67.89483731119549,0.0,0.0,0.0,150.83094236856903
5463,1983-10-04,82.8077541109131,109.81283214939809,192.5531291964473,82.8077541109131,82.8077541109131,68.10035955667917,68.10035955667917,68.10035955667917,68.10035955667917,68.10035955667917,68.10035955667917,0.0,0.0,0.0,150.90811366759226
5464,1983-10-05,82.67940316445267,107.44211827974398,193.3103784707037,82.67940316445267,82.67940316445267,68.30617367079395,68.30617367079395,68.30617367079395,68.30617367079395,68.30617367079395,68.30617367079395,0.0,0.0,0.0,150.9855768352466
5465,1983-10-06,82.55105221799222,107.12330720044606,190.8877607031341,82.55105221799222,82.55105221799222,68.51228044139319,68.51228044139319,68.51228044139319,68.51228044139319,68.51228044139319,68.51228044139319,0.0,0.0,0.0,151.06333265938542
5466,1983-10-07,82.42270127153161,108.62432561717341,191.8412552994667,82.42270127153161,82.42270127153161,68.71868065376621,68.71868065376621,68.71868065376621,68.71868065376621,68.71868065376621,68.71868065376621,0.0,0.0,0.0,151.14138192529782
5467,1983-10-10,82.03764843215028,111.09589942619056,189.1769101077372,82.03764843215028,82.03764843215028,69.33964975550012,69.33964975550012,69.33964975550012,69.33964975550012,69.33964975550012,69.33964975550012,0.0,0.0,0.0,151.3772981876504
5468,1983-10-11,81.90929748568983,111.31583900739535,196.73693158032393,81.90929748568982,81.90929748568982,69.54723153581513,69.54723153581513,69.54723153581513,69.54723153581513,69.54723153581513,69.54723153581513,0.0,0.0,0.0,151.45652902150496
5469,1983-10-12,81.7809465392294,109.11158128758463,193.51273863969828,81.7809465392294,81.7809465392294,69.75511064512597,69.75511064512597,69.75511064512597,69.75511064512597,69.75511064512597,69.75511064512597,0.0,0.0,0.0,151.53605718435537
5470,1983-10-13,81.65259559276896,110.79705273643336,191.6459466946054,81.65259559276896,81.65259559276896,69.96328785288098,69.96328785288098,69.96328785288098,69.96328785288098,69.96328785288098,69.96328785288098,0.0,0.0,0.0,151.61588344564996
5471,1983-10-14,81.52424464630835,108.04306702002802,190.74968202740766,81.52424464630835,81.52424464630835,70.17176392581376,70.17176392581376,70.17176392581376,70.17176392581376,70.17176392581376,70.17176392581376,0.0,0.0,0.0,151.6960085721221
5472,1983-10-17,81.13919180692702,110.1596185817671,193.58422087107192,81.13919180692702,81.13919180692702,70.79899296184041,70.79899296184041,70.79899296184041,70.79899296184041,70.79899296184041,70.79899296184041,0.0,0.0,0.0,151.93818476876743
5473,1983-10-18,81.01084086046657,114.29897812837248,194.20696368446926,81.01084086046657,81.01084086046657,71.00867210777655,71.00867210777655,71.00867210777655,71.00867210777655,71.00867210777655,71.00867210777655,0.0,0.0,0.0,152.01951296824313
5474,1983-10-19,80.88248991400614,108.32041002481884,197.01403896313147,80.88248991400614,80.88248991400614,71.2186539110936,71.2186539110936,71.2186539110936,71.2186539110936,71.2186539110936,71.2186539110936,0.0,0.0,0.0,152.10114382509974
5475,1983-10-20,80.7541389675457,111.76020443447476,191.55359597005506,80.7541389675457,80.7541389675457,71.42893912179372,71.42893912179372,71.42893912179372,71.42893912179372,71.42893912179372,71.42893912179372,0.0,0.0,0.0,152.1830780893394
5476,1983-10-21,80.62578802108526,112.05216425738033,194.96704362130922,80.62578802108524,80.62578802108524,71.6395284870178,71.6395284870178,71.6395284870178,71.6395284870178,71.6395284870178,71.6395284870178,0.0,0.0,0.0,152.26531650810307
5477,1983-10-24,80.24073518170376,113.03704912146983,192.97957668163366,80.24073518170376,80.24073518170376,72.27312893790698,72.27312893790698,72.27312893790698,72.27312893790698,72.27312893790698,72.27312893790698,0.0,0.0,0.0,152.51386411961073
5478,1983-10-25,80.11238423524331,113.34130663242318,195.4286302762625,80.11238423524331,80.11238423524331,72.48494233470996,72.48494233470996,72.48494233470996,72.48494233470996,72.48494233470996,72.48494233470996,0.0,0.0,0.0,152.59732656995328
5479,1983-10-26,79.98403328878288,114.49242806031134,193.95750180041094,79.98403328878288,79.98403328878288,72.69706357811832,72.69706357811832,72.69706357811832,72.69706357811832,72.69706357811832,72.69706357811832,0.0,0.0,0.0,152.6810968669012
5480,1983-10-27,79.85568234232244,113.4074628586329,190.97728895935575,79.85568234232244,79.85568234232244,72.90949339768312,72.90949339768312,72.90949339768312,72.90949339768312,72.90949339768312,72.90949339768312,0.0,0.0,0.0,152.76517574000556
5481,1983-10-28,79.727331395862,112.15829291098659,193.27303356535606,79.727331395862,79.727331395862,73.12223251995292,73.12223251995292,73.12223251995292,73.12223251995292,73.12223251995292,73.12223251995292,0.0,0.0,0.0,152.8495639158149
5482,1983-10-31,79.3422785564805,112.47943592157618,192.41938164894444,79.3422785564805,79.3422785564805,73.76231292304516,73.76231292304516,73.76231292304516,73.76231292304516,73.76231292304516,73.76231292304516,0.0,0.0,0.0,153.10459147952565
5483,1983-11-01,79.21392761002005,110.57980690629965,192.4174179098181,79.21392761002005,79.21392761002005,73.97629646090517,73.97629646090517,73.97629646090517,73.97629646090517,73.97629646090517,73.97629646090517,0.0,0.0,0.0,153.19022407092524
5484,1983-11-02,79.08557666355962,112.33894287960969,193.02437132097276,79.08557666355962,79.08557666355962,74.19059288850524,74.19059288850524,74.19059288850524,74.19059288850524,74.19059288850524,74.19059288850524,0.0,0.0,0.0,153.27616955206486
5485,1983-11-03,78.95722571709918,113.11404209037809,196.82492737231607,78.95722571709918,78.95722571709918,74.40520291397443,74.40520291397443,74.40520291397443,74.40520291397443,74.40520291397443,74.40520291397443,0.0,0.0,0.0,153.3624286310736
5486,1983-11-04,78.82887477063873,112.6481012879081,193.779559445606,78.82887477063873,78.82887477063873,74.6201272423048,74.6201272423048,74.6201272423048,74.6201272423048,74.6201272423048,74.6201272423048,0.0,0.0,0.0,153.44900201294354
5487,1983-11-07,78.44382193125723,110.88459682602199,197.42162640597914,78.44382193125723,78.44382193125723,75.2667930469271,75.2667930469271,75.2667930469271,75.2667930469271,75.2667930469271,75.2667930469271,0.0,0.0,0.0,153.71061497818434
5488,1983-11-08,78.31547098479679,112.40689640268515,194.62089968646075,78.31547098479679,78.31547098479679,75.48298157321572,75.48298157321572,75.48298157321572,75.48298157321572,75.48298157321572,75.48298157321572,0.0,0.0,0.0,153.7984525580125
5489,1983-11-09,78.18712003833636,111.50122777344522,191.57763184751406,78.18712003833636,78.18712003833636,75.69948787960642,75.69948787960642,75.69948787960642,75.69948787960642,75.69948787960642,75.69948787960642,0.0,0.0,0.0,153.8866079179428
5490,1983-11-10,78.05876909187592,111.08753744957916,192.93708466559184,78.05876909187592,78.05876909187592,75.9163126518733,75.9163126518733,75.9163126518733,75.9163126518733,75.9163126518733,75.9163126518733,0.0,0.0,0.0,153.97508174374923
5491,1983-11-11,77.9304181454153,109.74347554568638,194.7139950902212,77.9304181454153,77.9304181454153,76.13345657252178,76.13345657252178,76.13345657252178,76.13345657252178,76.13345657252178,76.13345657252178,0.0,0.0,0.0,154.0638747179371
5492,1983-11-14,77.54536530603397,113.8073377915545,194.44721264202863,77.54536530603397,77.54536530603397,76.78681000041516,76.78681000041516,76.78681000041516,76.78681000041516,76.78681000041516,76.78681000041516,0.0,0.0,0.0,154.33217530644913
5493,1983-11-15,77.41701435957336,113.91401989583974,197.00908825958356,77.41701435957336,77.41701435957336,77.00523727365459,77.00523727365459,77.00523727365459,77.00523727365459,77.00523727365459,77.00523727365459,0.0,0.0,0.0,154.42225163322794
5494,1983-11-16,77.28866341311291,115.1871213763153,196.5457017661696,77.28866341311291,77.28866341311291,77.22398705815101,77.22398705815101,77.22398705815101,77.22398705815101,77.22398705815101,77.22398705815101,0.0,0.0,0.0,154.51265047126392
5495,1983-11-17,77.16031246665248,110.78660228082326,194.56832429796128,77.16031246665248,77.16031246665248,77.44306001642327,77.44306001642327,77.44306001642327,77.44306001642327,77.44306001642327,77.44306001642327,0.0,0.0,0.0,154.60337248307576
5496,1983-11-18,77.03196152019204,112.74125616622248,198.11802717279457,77.03196152019204,77.03196152019204,77.66245680759691,77.66245680759691,77.66245680759691,77.66245680759691,77.66245680759691,77.66245680759691,0.0,0.0,0.0,154.69441832778895
5497,1983-11-21,76.64690868081054,114.39737206070498,196.3236230331071,76.64690868081054,76.64690868081054,78.32259671850505,78.32259671850505,78.32259671850505,78.32259671850505,78.32259671850505,78.32259671850505,0.0,0.0,0.0,154.9695053993156
5498,1983-11-22,76.5185577343501,113.46004164940848,194.3037913023001,76.5185577343501,76.5185577343501,78.54329536405132,78.54329536405132,78.54329536405132,78.54329536405132,78.54329536405132,78.54329536405132,0.0,0.0,0.0,155.0618530984014
5499,1983-11-23,76.39020678788965,114.3762745080176,196.516760889904,76.39020678788965,76.39020678788965,78.76432108661002,78.76432108661002,78.76432108661002,78.76432108661002,78.76432108661002,78.76432108661002,0.0,0.0,0.0,155.15452787449968
5500,1983-11-25,76.13350489496878,115.5670274539021,198.40219844646046,76.13350489496878,76.13350489496878,79.2073563128456,79.2073563128456,79.2073563128456,79.2073563128456,79.2073563128456,79.2073563128456,0.0,0.0,0.0,155.34086120781438
5501,1983-11-28,75.74845205558728,112.63885016586937,195.079022117196,75.74845205558728,75.74845205558728,79.87437807518967,79.87437807518967,79.87437807518967,79.87437807518967,79.87437807518967,79.87437807518967,0.0,0.0,0.0,155.62283013077695
5502,1983-11-29,75.62010110912684,114.14476990404862,196.40097806773403,75.62010110912684,75.62010110912684,80.09737954260487,80.09737954260487,80.09737954260487,80.09737954260487,80.09737954260487,80.09737954260487,0.0,0.0,0.0,155.7174806517317
5503,1983-11-30,75.49175016266639,113.97999187820497,197.09562678010755,75.49175016266639,75.49175016266639,80.32071248143473,80.32071248143473,80.32071248143473,80.32071248143473,80.32071248143473,80.32071248143473,0.0,0.0,0.0,155.81246264410112
5504,1983-12-01,75.36339921620596,115.62472012181456,198.17747839710623,75.36339921620596,75.36339921620596,80.54437750512606,80.54437750512606,80.54437750512606,80.54437750512606,80.54437750512606,80.54437750512606,0.0,0.0,0.0,155.90777672133203
5505,1983-12-02,75.23504826974552,112.7697356482807,199.57311847171115,75.23504826974552,75.23504826974552,80.76837522349655,80.76837522349655,80.76837522349655,80.76837522349655,80.76837522349655,80.76837522349655,0.0,0.0,0.0,156.00342349324205
5506,1983-12-05,74.84999543036419,115.28231750212744,196.2073400545951,74.84999543036419,74.84999543036419,81.4423705900533,81.4423705900533,81.4423705900533,81.4423705900533,81.4423705900533,81.4423705900533,0.0,0.0,0.0,156.2923660204175
5507,1983-12-06,74.72164448390357,115.74013447377114,199.38370382246967,74.72164448390357,74.72164448390357,81.66770511213448,81.66770511213448,81.66770511213448,81.66770511213448,81.66770511213448,81.66770511213448,0.0,0.0,0.0,156.38934959603807
5508,1983-12-07,74.59329353744313,114.20823579690814,199.3400381554625,74.59329353744313,74.59329353744313,81.893375322959,81.893375322959,81.893375322959,81.893375322959,81.893375322959,81.893375322959,0.0,0.0,0.0,156.48666886040212
5509,1983-12-08,74.4649425909827,115.98088584224993,199.5585020107715,74.4649425909827,74.4649425909827,82.11938181022472,82.11938181022472,82.11938181022472,82.11938181022472,82.11938181022472,82.11938181022472,0.0,0.0,0.0,156.58432440120743
5510,1983-12-09,74.33659164452226,117.63642380375819,195.84094631600664,74.33659164452226,74.33659164452226,82.34572515788706,82.34572515788706,82.34572515788706,82.34572515788706,82.34572515788706,82.34572515788706,0.0,0.0,0.0,156.68231680240933
5511,1983-12-12,73.95153880514093,115.77843205753199,199.33566744256348,73.95153880514093,73.95153880514093,83.02678214636057,83.02678214636057,83.02678214636057,83.02678214636057,83.02678214636057,83.02678214636057,0.0,0.0,0.0,156.9783209515015
5512,1983-12-13,73.82318785868048,117.41204614993096,200.54227298007504,73.82318785868048,73.82318785868048,83.25447869979007,83.25447869979007,83.25447869979007,83.25447869979007,83.25447869979007,83.25447869979007,0.0,0.0,0.0,157.07766655847055
5513,1983-12-14,73.69483691221987,113.30604658106137,197.97773842565218,73.69483691221987,73.69483691221987,83.48251497672739,83.48251497672739,83.48251497672739,83.48251497672739,83.48251497672739,83.48251497672739,0.0,0.0,0.0,157.17735188894727
5514,1983-12-15,73.56648596575944,112.22598423455665,199.77591780427142,73.56648596575944,73.56648596575944,83.71089153835419,83.71089153835419,83.71089153835419,83.71089153835419,83.71089153835419,83.71089153835419,0.0,0.0,0.0,157.27737750411364
5515,1983-12-16,73.438135019299,117.95732696257518,200.23555123807103,73.438135019299,73.438135019299,83.9396089420038,83.9396089420038,83.9396089420038,83.9396089420038,83.9396089420038,83.9396089420038,0.0,0.0,0.0,157.3777439613028
5516,1983-12-19,73.05308217991767,118.96067364078674,200.59049167267443,73.05308217991767,73.05308217991767,84.62781172037542,84.62781172037542,84.62781172037542,84.62781172037542,84.62781172037542,84.62781172037542,0.0,0.0,0.0,157.68089390029309
5517,1983-12-20,72.92473123345705,117.47881677190296,197.57052860525135,72.92473123345705,72.92473123345705,84.85789798795143,84.85789798795143,84.85789798795143,84.85789798795143,84.85789798795143,84.85789798795143,0.0,0.0,0.0,157.78262922140848
5518,1983-12-21,72.79638028699661,115.65204729053745,199.31630632091975,72.79638028699661,72.79638028699661,85.08832782596639,85.08832782596639,85.08832782596639,85.08832782596639,85.08832782596639,85.08832782596639,0.0,0.0,0.0,157.88470811296298
5519,1983-12-22,72.66802934053618,117.94667169024083,198.65841988243017,72.66802934053618,72.66802934053618,85.31910176835052,85.31910176835052,85.31910176835052,85.31910176835052,85.31910176835052,85.31910176835052,0.0,0.0,0.0,157.9871311088867
5520,1983-12-23,72.53967839407574,115.00489796603688,199.32246035313528,72.53967839407574,72.53967839407574,85.55022034508379,85.55022034508379,85.55022034508379,85.55022034508379,85.55022034508379,85.55022034508379,0.0,0.0,0.0,158.08989873915954
5521,1983-12-27,72.02627460823379,116.61106460060768,202.3932459747761,72.02627460823379,72.02627460823379,86.47815145600734,86.47815145600734,86.47815145600734,86.47815145600734,86.47815145600734,86.47815145600734,0.0,0.0,0.0,158.50442606424113
5522,1983-12-28,71.89792366177335,118.13960392012811,199.94916126203572,71.89792366177335,71.89792366177335,86.71100101489095,86.71100101489095,86.71100101489095,86.71100101489095,86.71100101489095,86.71100101489095,0.0,0.0,0.0,158.6089246766643
5523,1983-12-29,71.76957271531273,119.72168146689657,199.9731628547362,71.76957271531273,71.76957271531273,86.94419830423102,86.94419830423102,86.94419830423102,86.94419830423102,86.94419830423102,86.94419830423102,0.0,0.0,0.0,158.71377101954374
5524,1983-12-30,71.6412217688523,116.26141580631872,200.4524138180646,71.6412217688523,71.6412217688523,87.17774382595297,87.17774382595297,87.17774382595297,87.17774382595297,87.17774382595297,87.17774382595297,0.0,0.0,0.0,158.81896559480526
5525,1984-01-03,71.12781798301053,118.28953888585045,198.0775539672401,71.12781798301052,71.12781798301052,88.11541813267088,88.11541813267088,88.11541813267088,88.11541813267088,88.11541813267088,88.11541813267088,0.0,0.0,0.0,159.2432361156814
5526,1984-01-04,70.99946703655009,121.33797362187595,199.73969057293306,70.99946703655009,70.99946703655009,88.35071220249685,88.35071220249685,88.35071220249685,88.35071220249685,88.35071220249685,88.35071220249685,0.0,0.0,0.0,159.35017923904695
5527,1984-01-05,70.87111609008947,117.78840054884878,199.74172076732614,70.87111609008947,70.87111609008947,88.58635743045579,88.58635743045579,88.58635743045579,88.58635743045579,88.58635743045579,88.58635743045579,0.0,0.0,0.0,159.45747352054525
5528,1984-01-06,70.74276514362904,117.65204203657233,201.62316098553512,70.74276514362904,70.74276514362904,88.82235428974721,88.82235428974721,88.82235428974721,88.82235428974721,88.82235428974721,88.82235428974721,0.0,0.0,0.0,159.56511943337625
5529,1984-01-09,70.35771230424771,116.64044535082022,203.01551329950843,70.35771230424771,70.35771230424771,89.53245932518097,89.53245932518097,89.53245932518097,89.53245932518097,89.53245932518097,89.53245932518097,0.0,0.0,0.0,159.89017162942866
5530,1984-01-10,70.22936135778727,119.43957795156135,202.52836340285623,70.22936135778727,70.22936135778727,89.76986735846461,89.76986735846461,89.76986735846461,89.76986735846461,89.76986735846461,89.76986735846461,0.0,0.0,0.0,159.99922871625188
5531,1984-01-11,70.10101041132683,119.41311781400086,200.7658337116469,70.10101041132683,70.10101041132683,90.00762932646455,90.00762932646455,90.00762932646455,90.00762932646455,90.00762932646455,90.00762932646455,0.0,0.0,0.0,160.10863973779138
5532,1984-01-12,69.9726594648664,118.3252287910468,200.29308302784352,69.9726594648664,69.9726594648664,90.24574567724459,90.24574567724459,90.24574567724459,90.24574567724459,90.24574567724459,90.24574567724459,0.0,0.0,0.0,160.21840514211098
5533,1984-01-13,69.84430851840578,118.76875969059425,201.49611498501227,69.84430851840578,69.84430851840578,90.48421685463387,90.48421685463387,90.48421685463387,90.48421685463387,90.48421685463387,90.48421685463387,0.0,0.0,0.0,160.32852537303967
5534,1984-01-16,69.45925567902445,120.41175352864659,204.5667567902416,69.45925567902445,69.45925567902445,91.20176372097364,91.20176372097364,91.20176372097364,91.20176372097364,91.20176372097364,91.20176372097364,0.0,0.0,0.0,160.6610193999981
5535,1984-01-17,69.33090473256401,123.50431601399262,201.54263491947856,69.33090473256401,69.33090473256401,91.44165855796997,91.44165855796997,91.44165855796997,91.44165855796997,91.44165855796997,91.44165855796997,0.0,0.0,0.0,160.77256329053398
5536,1984-01-18,69.20255378610356,119.73372081852187,202.66003601897063,69.20255378610356,69.20255378610356,91.6819103767712,91.6819103767712,91.6819103767712,91.6819103767712,91.6819103767712,91.6819103767712,0.0,0.0,0.0,160.88446416287476
5537,1984-01-19,69.07420283964314,119.27711713264496,201.72036586537033,69.07420283964314,69.07420283964314,91.92251959553923,91.92251959553923,91.92251959553923,91.92251959553923,91.92251959553923,91.92251959553923,0.0,0.0,0.0,160.99672243518236
5538,1984-01-20,68.94585189318252,119.25833889662178,204.5712388438325,68.94585189318252,68.94585189318252,92.16348662811517,92.16348662811517,92.16348662811517,92.16348662811517,92.16348662811517,92.16348662811517,0.0,0.0,0.0,161.10933852129767
5539,1984-01-23,68.56079905380119,119.4710125227508,201.73815516966624,68.56079905380119,68.56079905380119,92.888538682035,92.888538682035,92.888538682035,92.888538682035,92.888538682035,92.888538682035,0.0,0.0,0.0,161.4493377358362
5540,1984-01-24,68.43244810734075,121.50651826230238,204.4287565824027,68.43244810734075,68.43244810734075,93.13094102141423,93.13094102141423,93.13094102141423,93.13094102141423,93.13094102141423,93.13094102141423,0.0,0.0,0.0,161.56338912875498
5541,1984-01-25,68.3040971608803,115.85982618957951,202.28689801662628,68.3040971608803,68.3040971608803,93.37370317857288,93.37370317857288,93.37370317857288,93.37370317857288,93.37370317857288,93.37370317857288,0.0,0.0,0.0,161.6778003394532
5542,1984-01-26,68.17574621441987,118.67494096609654,202.68943822912613,68.17574621441987,68.17574621441987,93.61682554117479,93.61682554117479,93.61682554117479,93.61682554117479,93.61682554117479,93.61682554117479,0.0,0.0,0.0,161.79257175559468
5543,1984-01-27,68.04739526795943,123.48464929060034,202.39893429627452,68.04739526795943,68.04739526795943,93.86030849248016,93.86030849248016,93.86030849248016,93.86030849248016,93.86030849248016,93.86030849248016,0.0,0.0,0.0,161.90770376043957
5544,1984-01-30,67.66234242857793,120.83527380287663,203.9588169062713,67.66234242857793,67.66234242857793,94.5929246449095,94.5929246449095,94.5929246449095,94.5929246449095,94.5929246449095,94.5929246449095,0.0,0.0,0.0,162.25526707348743
5545,1984-01-31,67.53399148211749,123.26542193214712,204.9294249549258,67.53399148211749,67.53399148211749,94.83785369513923,94.83785369513923,94.83785369513923,94.83785369513923,94.83785369513923,94.83785369513923,0.0,0.0,0.0,162.37184517725672
5546,1984-02-01,67.40564053565704,120.66062065119698,203.34945598198743,67.40564053565704,67.40564053565704,95.08314518390523,95.08314518390523,95.08314518390523,95.08314518390523,95.08314518390523,95.08314518390523,0.0,0.0,0.0,162.48878571956226
5547,1984-02-02,67.27728958919643,120.63484941565092,206.2639259957546,67.27728958919643,67.27728958919643,95.32879946780089,95.32879946780089,95.32879946780089,95.32879946780089,95.32879946780089,95.32879946780089,0.0,0.0,0.0,162.60608905699732
5548,1984-02-03,67.148938642736,120.92407127615695,203.34461771779354,67.148938642736,67.148938642736,95.57481689893552,95.57481689893552,95.57481689893552,95.57481689893552,95.57481689893552,95.57481689893552,0.0,0.0,0.0,162.72375554167152
5549,1984-02-06,66.7638858033545,124.09440963441236,205.45545589915614,66.7638858033545,66.7638858033545,96.31505152936762,96.31505152936762,96.31505152936762,96.31505152936762,96.31505152936762,96.31505152936762,0.0,0.0,0.0,163.07893733272212
5550,1984-02-07,66.63553485689405,119.91387159865764,202.30455374957245,66.63553485689405,66.63553485689405,96.5625249804767,96.5625249804767,96.5625249804767,96.5625249804767,96.5625249804767,96.5625249804767,0.0,0.0,0.0,163.19805983737075
5551,1984-02-08,66.50718391043361,118.51624075782803,203.31834591257507,66.50718391043361,66.50718391043361,96.8103632717192,96.8103632717192,96.8103632717192,96.8103632717192,96.8103632717192,96.8103632717192,0.0,0.0,0.0,163.3175471821528
5552,1984-02-09,66.37883296397317,121.14650375648958,206.82951238042298,66.37883296397317,66.37883296397317,97.05856672806718,97.05856672806718,97.05856672806718,97.05856672806718,97.05856672806718,97.05856672806718,0.0,0.0,0.0,163.43739969204034
5553,1984-02-10,66.25048201751274,117.69688586370995,201.9277338494438,66.25048201751274,66.25048201751274,97.30713566993172,97.30713566993172,97.30713566993172,97.30713566993172,97.30713566993172,97.30713566993172,0.0,0.0,0.0,163.55761768744446
5554,1984-02-13,65.86542917813124,119.14435388866735,207.10909545976625,65.86542917813124,65.86542917813124,98.05503854408855,98.05503854408855,98.05503854408855,98.05503854408855,98.05503854408855,98.05503854408855,0.0,0.0,0.0,163.92046772221977
5555,1984-02-14,65.7370782316708,123.35720880492114,202.70506019209571,65.7370782316708,65.7370782316708,98.3050725405291,98.3050725405291,98.3050725405291,98.3050725405291,98.3050725405291,98.3050725405291,0.0,0.0,0.0,164.04215077219988
5556,1984-02-15,65.60872728521035,122.770558599153,204.98391389440775,65.60872728521035,65.60872728521035,98.55547355574919,98.55547355574919,98.55547355574919,98.55547355574919,98.55547355574919,98.55547355574919,0.0,0.0,0.0,164.16420084095955
5557,1984-02-16,65.4803763387499,125.8157398577327,208.14701402766548,65.4803763387499,65.4803763387499,98.80624188256897,98.80624188256897,98.80624188256897,98.80624188256897,98.80624188256897,98.80624188256897,0.0,0.0,0.0,164.28661822131886
5558,1984-02-17,65.35202539228948,121.55267124085856,204.84956595364343,65.35202539228948,65.35202539228948,99.05737780917413,99.05737780917413,99.05737780917413,99.05737780917413,99.05737780917413,99.05737780917413,0.0,0.0,0.0,164.4094032014636
5559,1984-02-21,64.83862160644753,122.00908680538109,204.80750625833667,64.83862160644753,64.83862160644753,100.06560311433992,100.06560311433992,100.06560311433992,100.06560311433992,100.06560311433992,100.06560311433992,0.0,0.0,0.0,164.90422472078745
5560,1984-02-22,64.71027065998709,127.28330677641998,205.5826570784925,64.71027065998709,64.71027065998709,100.31858119969475,100.31858119969475,100.31858119969475,100.31858119969475,100.31858119969475,100.31858119969475,0.0,0.0,0.0,165.02885185968182
5561,1984-02-23,64.58191971352664,123.55496360146701,209.0587969098365,64.58191971352664,64.58191971352664,100.5719285160297,100.5719285160297,100.5719285160297,100.5719285160297,100.5719285160297,100.5719285160297,0.0,0.0,0.0,165.15384822955633
5562,1984-02-24,64.45356876706622,124.61719947614208,208.8576978012497,64.45356876706622,64.45356876706622,100.82564531879656,100.82564531879656,100.82564531879656,100.82564531879656,100.82564531879656,100.82564531879656,0.0,0.0,0.0,165.27921408586278
5563,1984-02-27,64.06851592768471,120.62452426312107,205.4064334168571,64.06851592768471,64.06851592768471,101.58901512939076,101.58901512939076,101.58901512939076,101.58901512939076,101.58901512939076,101.58901512939076,0.0,0.0,0.0,165.65753105707546
5564,1984-02-28,63.94016498122427,124.59560777299315,206.40846418527326,63.94016498122427,63.94016498122427,101.84421233791464,101.84421233791464,101.84421233791464,101.84421233791464,101.84421233791464,101.84421233791464,0.0,0.0,0.0,165.7843773191389
5565,1984-02-29,63.811814034763835,124.18458687911001,207.7985494039735,63.811814034763835,63.811814034763835,102.09978023917739,102.09978023917739,102.09978023917739,102.09978023917739,102.09978023917739,102.09978023917739,0.0,0.0,0.0,165.91159427394123
5566,1984-03-01,63.68346308830339,128.22815340742807,207.5050248392727,63.68346308830339,63.68346308830339,102.3557190601812,102.3557190601812,102.3557190601812,102.3557190601812,102.3557190601812,102.3557190601812,0.0,0.0,0.0,166.0391821484846
5567,1984-03-02,63.55511214184295,125.2692287097092,206.83819925982485,63.55511214184295,63.55511214184295,102.6120290231529,102.6120290231529,102.6120290231529,102.6120290231529,102.6120290231529,102.6120290231529,0.0,0.0,0.0,166.16714116499585
5568,1984-03-05,63.17005930246145,125.09761631929015,206.95586516874494,63.17005930246145,63.17005930246145,103.38318791429683,103.38318791429683,103.38318791429683,103.38318791429683,103.38318791429683,103.38318791429683,0.0,0.0,0.0,166.55324721675828
5569,1984-03-06,63.04170835600101,127.93123575565491,206.45815104072432,63.04170835600101,63.04170835600101,103.64098457154734,103.64098457154734,103.64098457154734,103.64098457154734,103.64098457154734,103.64098457154734,0.0,0.0,0.0,166.68269292754835
5570,1984-03-07,62.91335740954057,123.38527413524187,207.35921432811892,62.91335740954057,62.91335740954057,103.89915340992165,103.89915340992165,103.89915340992165,103.89915340992165,103.89915340992165,103.89915340992165,0.0,0.0,0.0,166.81251081946223
5571,1984-03-08,62.78500646308013,124.09000482375782,206.5330646556022,62.78500646308013,62.78500646308013,104.15769462278834,104.15769462278834,104.15769462278834,104.15769462278834,104.15769462278834,104.15769462278834,0.0,0.0,0.0,166.94270108586846
5572,1984-03-09,62.656655516619686,126.02610545957461,207.85811277387376,62.656655516619686,62.656655516619686,104.4166083986736,104.4166083986736,104.4166083986736,104.4166083986736,104.4166083986736,104.4166083986736,0.0,0.0,0.0,167.0732639152933
5573,1984-03-12,62.27160267723819,126.07323673745972,211.03034186650706,62.27160267723819,62.27160267723819,105.19558691685805,105.19558691685805,105.19558691685805,105.19558691685805,105.19558691685805,105.19558691685805,0.0,0.0,0.0,167.46718959409623
5574,1984-03-13,62.14325173077775,123.95968774490265,208.57415749923325,62.14325173077775,62.14325173077775,105.45599273288944,105.45599273288944,105.45599273288944,105.45599273288944,105.45599273288944,105.45599273288944,0.0,0.0,0.0,167.5992444636672
5575,1984-03-14,62.01490078431731,127.38307133789237,209.64495585161902,62.01490078431731,62.01490078431731,105.71677198159692,105.71677198159692,105.71677198159692,105.71677198159692,105.71677198159692,105.71677198159692,0.0,0.0,0.0,167.73167276591423
5576,1984-03-15,61.88654983785687,127.4610055623298,210.28275182824467,61.88654983785687,61.88654983785687,105.97792482225229,105.97792482225229,105.97792482225229,105.97792482225229,105.97792482225229,105.97792482225229,0.0,0.0,0.0,167.86447466010915
5577,1984-03-16,61.758198891396255,124.72258706359878,208.51458722834712,61.758198891396255,61.758198891396255,106.23945140921948,106.23945140921948,106.23945140921948,106.23945140921948,106.23945140921948,106.23945140921948,0.0,0.0,0.0,167.99765030061573
5578,1984-03-19,61.37314605201493,127.25557679953158,208.3132625452713,61.37314605201493,61.37314605201493,107.02627511781544,107.02627511781544,107.02627511781544,107.02627511781544,107.02627511781544,107.02627511781544,0.0,0.0,0.0,168.39942116983036
5579,1984-03-20,61.24479510555449,123.79775998432623,208.69227142595344,61.24479510555449,61.24479510555449,107.28929813518566,107.28929813518566,107.28929813518566,107.28929813518566,107.28929813518566,107.28929813518566,0.0,0.0,0.0,168.53409324074016
5580,1984-03-21,61.116444159093874,127.91286584222368,211.74145973614583,61.116444159093874,61.116444159093874,107.55269559674535,107.55269559674535,107.55269559674535,107.55269559674535,107.55269559674535,107.55269559674535,0.0,0.0,0.0,168.66913975583924
5581,1984-03-22,60.98809321263344,126.13409459862932,211.92922287256295,60.98809321263344,60.98809321263344,107.81646762721842,107.81646762721842,107.81646762721842,107.81646762721842,107.81646762721842,107.81646762721842,0.0,0.0,0.0,168.80456083985186
5582,1984-03-23,60.859742266172994,130.13897744898338,212.45880068957962,60.859742266172994,60.859742266172994,108.08061434635682,108.08061434635682,108.08061434635682,108.08061434635682,108.08061434635682,108.08061434635682,0.0,0.0,0.0,168.94035661252983
5583,1984-03-26,60.47468942679167,127.38219355107263,212.2281892510117,60.47468942679167,60.47468942679167,108.87530375852474,108.87530375852474,108.87530375852474,108.87530375852474,108.87530375852474,108.87530375852474,0.0,0.0,0.0,169.3499931853164
5584,1984-03-27,60.34633848033123,129.35121059848422,209.6168959635619,60.34633848033123,60.34633848033123,109.14095033010139,109.14095033010139,109.14095033010139,109.14095033010139,109.14095033010139,109.14095033010139,0.0,0.0,0.0,169.48728881043263
5585,1984-03-28,60.21798753387061,128.91715134304044,212.28000476977857,60.21798753387061,60.21798753387061,109.40697211421714,109.40697211421714,109.40697211421714,109.40697211421714,109.40697211421714,109.40697211421714,0.0,0.0,0.0,169.62495964808775
5586,1984-03-29,60.089636587410176,128.91790188479965,210.59662846254125,60.089636587410176,60.089636587410176,109.67336920060765,109.67336920060765,109.67336920060765,109.67336920060765,109.67336920060765,109.67336920060765,0.0,0.0,0.0,169.76300578801784
5587,1984-03-30,59.96128564094973,127.29058567949062,207.09970779558452,59.96128564094973,59.96128564094973,109.94014167397417,109.94014167397417,109.94014167397417,109.94014167397417,109.94014167397417,109.94014167397417,0.0,0.0,0.0,169.9014273149239
5588,1984-04-02,59.57623280156841,127.20861231219764,214.04873099870602,59.57623280156841,59.57623280156841,110.74271218725289,110.74271218725289,110.74271218725289,110.74271218725289,110.74271218725289,110.74271218725289,0.0,0.0,0.0,170.3189449888213
5589,1984-04-03,59.447881855107966,127.52349873205101,211.05363715036333,59.447881855107966,59.447881855107966,111.01098695455524,111.01098695455524,111.01098695455524,111.01098695455524,111.01098695455524,111.01098695455524,0.0,0.0,0.0,170.45886880966322
5590,1984-04-04,59.31953090864735,130.03563327404794,211.43284888359852,59.31953090864735,59.31953090864735,111.2796374565279,111.2796374565279,111.2796374565279,111.2796374565279,111.2796374565279,111.2796374565279,0.0,0.0,0.0,170.59916836517525
5591,1984-04-05,59.191179962186915,128.68462568379914,215.18850380864754,59.191179962186915,59.191179962186915,111.5486637474858,111.5486637474858,111.5486637474858,111.5486637474858,111.5486637474858,111.5486637474858,0.0,0.0,0.0,170.73984370967273
5592,1984-04-06,59.06282901572647,129.17783363301527,214.34346514732533,59.06282901572647,59.06282901572647,111.81806587664944,111.81806587664944,111.81806587664944,111.81806587664944,111.81806587664944,111.81806587664944,0.0,0.0,0.0,170.88089489237592
5593,1984-04-09,58.67777617634515,131.07292999569174,214.50130483267966,58.67777617634515,58.67777617634515,112.62852770897588,112.62852770897588,112.62852770897588,112.62852770897588,112.62852770897588,112.62852770897588,0.0,0.0,0.0,171.30630388532103
5594,1984-04-10,58.549425229884704,132.14093522206596,213.8789733571304,58.549425229884704,58.549425229884704,112.89943358096905,112.89943358096905,112.89943358096905,112.89943358096905,112.89943358096905,112.89943358096905,0.0,0.0,0.0,171.44885881085375
5595,1984-04-11,58.42107428342427,129.69505342261976,215.06303179449174,58.421074283424275,58.421074283424275,113.17071546054686,113.17071546054686,113.17071546054686,113.17071546054686,113.17071546054686,113.17071546054686,0.0,0.0,0.0,171.59178974397113
5596,1984-04-12,58.292723336963654,132.31502528585983,216.2110164768855,58.292723336963654,58.292723336963654,113.44237336618016,113.44237336618016,113.44237336618016,113.44237336618016,113.44237336618016,113.44237336618016,0.0,0.0,0.0,171.73509670314382
5597,1984-04-13,58.16437239050321,133.3456660412304,212.29274565106664,58.16437239050321,58.16437239050321,113.71440731118501,113.71440731118501,113.71440731118501,113.71440731118501,113.71440731118501,113.71440731118501,0.0,0.0,0.0,171.87877970168822
5598,1984-04-16,57.77931955112189,129.61218914944595,211.48471796581254,57.77931955112189,57.77931955112189,114.53276543808869,114.53276543808869,114.53276543808869,114.53276543808869,114.53276543808869,114.53276543808869,0.0,0.0,0.0,172.31208498921058
5599,1984-04-17,57.65096860466162,132.804663082399,212.4727747600961,57.65096860466162,57.65096860466162,114.80630357034532,114.80630357034532,114.80630357034532,114.80630357034532,114.80630357034532,114.80630357034532,0.0,0.0,0.0,172.45727217500695
5600,1984-04-18,57.315268107151795,129.77634122985137,212.08498738487904,57.315268107151795,57.315268107151795,115.08021773093314,115.08021773093314,115.08021773093314,115.08021773093314,115.08021773093314,115.08021773093314,0.0,0.0,0.0,172.39548583808494
5601,1984-04-19,56.979567609642324,133.71967417600348,213.44247070766195,56.979567609642324,56.979567609642324,115.35450790206009,115.35450790206009,115.35450790206009,115.35450790206009,115.35450790206009,115.35450790206009,0.0,0.0,0.0,172.33407551170242
5602,1984-04-23,55.636765619603736,132.15231988747126,212.40074666373266,55.636765619603736,55.636765619603736,116.45542815344325,116.45542815344325,116.45542815344325,116.45542815344325,116.45542815344325,116.45542815344325,0.0,0.0,0.0,172.09219377304697
5603,1984-04-24,55.30106512209391,133.02549062431737,214.80111882703642,55.30106512209391,55.30106512209391,116.7315979275914,116.7315979275914,116.7315979275914,116.7315979275914,116.7315979275914,116.7315979275914,0.0,0.0,0.0,172.0326630496853
5604,1984-04-25,54.96536462458444,129.68615387833435,215.12638412023963,54.96536462458444,54.96536462458444,117.0081434957309,117.0081434957309,117.0081434957309,117.0081434957309,117.0081434957309,117.0081434957309,0.0,0.0,0.0,171.97350812031533
5605,1984-04-26,54.62966412707461,131.9252421635038,211.89605520273275,54.62966412707461,54.62966412707461,117.28506480339279,117.28506480339279,117.28506480339279,117.28506480339279,117.28506480339279,117.28506480339279,0.0,0.0,0.0,171.9147289304674
5606,1984-04-27,54.29396362956479,131.96635377710194,211.1237855352923,54.2939636295648,54.2939636295648,117.56236179083415,117.56236179083415,117.56236179083415,117.56236179083415,117.56236179083415,117.56236179083415,0.0,0.0,0.0,171.85632542039895
5607,1984-04-30,53.286862137036024,130.90309307333078,215.89685194673075,53.286862137036024,53.286862137036024,118.39650615513102,118.39650615513102,118.39650615513102,118.39650615513102,118.39650615513102,118.39650615513102,0.0,0.0,0.0,171.68336829216705
5608,1984-05-01,52.95116163952655,127.94144241937184,212.28386777914102,52.95116163952655,52.95116163952655,118.67530515850186,118.67530515850186,118.67530515850186,118.67530515850186,118.67530515850186,118.67530515850186,0.0,0.0,0.0,171.62646679802842
5609,1984-05-02,52.61546114201673,128.5839980163005,212.7507835284023,52.61546114201673,52.61546114201673,118.95447946354335,118.95447946354335,118.95447946354335,118.95447946354335,118.95447946354335,118.95447946354335,0.0,0.0,0.0,171.56994060556008
5610,1984-05-03,52.279760644507256,128.68961375859487,209.8729824231034,52.279760644507256,52.279760644507256,119.23402897869656,119.23402897869656,119.23402897869656,119.23402897869656,119.23402897869656,119.23402897869656,0.0,0.0,0.0,171.51378962320382
5611,1984-05-04,51.94406014699744,129.89824532260064,209.95491687425687,51.94406014699744,51.94406014699744,119.51395360706991,119.51395360706991,119.51395360706991,119.51395360706991,119.51395360706991,119.51395360706991,0.0,0.0,0.0,171.45801375406734
5612,1984-05-07,50.93695865446831,129.2278291088661,213.24754355930116,50.93695865446831,50.93695865446831,120.35597712243315,120.35597712243315,120.35597712243315,120.35597712243315,120.35597712243315,120.35597712243315,0.0,0.0,0.0,171.29293577690146
5613,1984-05-08,50.60125815695884,129.32057346448934,214.4074120744064,50.60125815695884,50.60125815695884,120.63740112783152,120.63740112783152,120.63740112783152,120.63740112783152,120.63740112783152,120.63740112783152,0.0,0.0,0.0,171.23865928479037
5614,1984-05-09,50.26555765944937,130.19913303167579,210.97334821286606,50.26555765944937,50.26555765944937,120.91919968171392,120.91919968171392,120.91919968171392,120.91919968171392,120.91919968171392,120.91919968171392,0.0,0.0,0.0,171.18475734116328
5615,1984-05-10,49.929857161939545,130.23683791575823,215.85492553417777,49.92985716193955,49.92985716193955,121.20137265501907,121.20137265501907,121.20137265501907,121.20137265501907,121.20137265501907,121.20137265501907,0.0,0.0,0.0,171.1312298169586
5616,1984-05-11,49.59415666443007,129.23601807815115,213.57042748817946,49.59415666443007,49.59415666443007,121.4839199132947,121.4839199132947,121.4839199132947,121.4839199132947,121.4839199132947,121.4839199132947,0.0,0.0,0.0,171.07807657772477
5617,1984-05-14,48.58705517190096,127.09082770940272,211.7857003852657,48.58705517190096,48.58705517190096,122.33380597237407,122.33380597237407,122.33380597237407,122.33380597237407,122.33380597237407,122.33380597237407,0.0,0.0,0.0,170.92086114427502
5618,1984-05-15,48.25135467439113,127.11484285219815,210.74704780418324,48.25135467439113,48.25135467439113,122.61784891788794,122.61784891788794,122.61784891788794,122.61784891788794,122.61784891788794,122.61784891788794,0.0,0.0,0.0,170.86920359227906
5619,1984-05-16,47.91565417688166,126.46689798758356,210.64660412642814,47.91565417688166,47.91565417688166,122.90226539494797,122.90226539494797,122.90226539494797,122.90226539494797,122.90226539494797,122.90226539494797,0.0,0.0,0.0,170.81791957182963
5620,1984-05-17,47.57995367937219,128.5524863456949,210.9785037368121,47.57995367937219,47.57995367937219,123.18705523657701,123.18705523657701,123.18705523657701,123.18705523657701,123.18705523657701,123.18705523657701,0.0,0.0,0.0,170.7670089159492
5621,1984-05-18,47.24425318186236,129.7486038482603,212.1189858708469,47.24425318186236,47.24425318186236,123.47221827034893,123.47221827034893,123.47221827034893,123.47221827034893,123.47221827034893,123.47221827034893,0.0,0.0,0.0,170.7164714522113
5622,1984-05-21,46.237151689333245,128.2424449421257,213.28112274514504,46.237151689333245,46.237151689333245,124.3299447183217,124.3299447183217,124.3299447183217,124.3299447183217,124.3299447183217,124.3299447183217,0.0,0.0,0.0,170.56709640765496
5623,1984-05-22,45.901451191823774,128.44417208579642,208.92190720469486,45.901451191823774,45.901451191823774,124.61659868709523,124.61659868709523,124.61659868709523,124.61659868709523,124.61659868709523,124.61659868709523,0.0,0.0,0.0,170.51804987891902
5624,1984-05-23,45.565750694314296,128.10185726673967,214.50381058703522,45.56575069431429,45.56575069431429,124.90362490382715,124.90362490382715,124.90362490382715,124.90362490382715,124.90362490382715,124.90362490382715,0.0,0.0,0.0,170.46937559814145
5625,1984-05-24,45.23005019680448,127.15504796083513,212.20600302006733,45.23005019680448,45.23005019680448,125.19102316321008,125.19102316321008,125.19102316321008,125.19102316321008,125.19102316321008,125.19102316321008,0.0,0.0,0.0,170.42107336001456
5626,1984-05-25,44.894349699295006,129.97136444505745,210.5079027765936,44.894349699295006,44.894349699295006,125.47879325442756,125.47879325442756,125.47879325442756,125.47879325442756,125.47879325442756,125.47879325442756,0.0,0.0,0.0,170.37314295372255
5627,1984-05-29,43.55154770925606,130.14648241547889,209.26249932243834,43.55154770925606,43.55154770925606,126.63358752798253,126.63358752798253,126.63358752798253,126.63358752798253,126.63358752798253,126.63358752798253,0.0,0.0,0.0,170.1851352372386
5628,1984-05-30,43.21584721174659,130.62119041754562,210.34507712337376,43.21584721174659,43.21584721174659,126.92321342267489,126.92321342267489,126.92321342267489,126.92321342267489,126.92321342267489,126.92321342267489,0.0,0.0,0.0,170.13906063442147
5629,1984-05-31,42.880146714237114,125.7934779170724,209.50317373519493,42.880146714237114,42.880146714237114,127.21320976811197,127.21320976811197,127.21320976811197,127.21320976811197,127.21320976811197,127.21320976811197,0.0,0.0,0.0,170.09335648234907
5630,1984-06-01,42.544446216727295,128.5328215694634,208.28506960429593,42.544446216727295,42.544446216727295,127.50357631466717,127.50357631466717,127.50357631466717,127.50357631466717,127.50357631466717,127.50357631466717,0.0,0.0,0.0,170.04802253139445
5631,1984-06-04,41.53734472419818,131.7859073459963,217.8798645386648,41.53734472419818,41.53734472419818,128.37689458103537,128.37689458103537,128.37689458103537,128.37689458103537,128.37689458103537,128.37689458103537,0.0,0.0,0.0,169.91423930523354
5632,1984-06-05,41.20164422668871,128.62141812617563,211.28831683958708,41.20164422668871,41.20164422668871,128.66873932408336,128.66873932408336,128.66873932408336,128.66873932408336,128.66873932408336,128.66873932408336,0.0,0.0,0.0,169.87038355077206
5633,1984-06-06,40.86594372917888,126.31923013513826,210.50451602245553,40.86594372917888,40.86594372917888,128.9609529362559,128.9609529362559,128.9609529362559,128.9609529362559,128.9609529362559,128.9609529362559,0.0,0.0,0.0,169.8268966654348
5634,1984-06-07,40.53024323166941,127.2589250746014,209.5875829650374,40.53024323166941,40.53024323166941,129.25353513432168,129.25353513432168,129.25353513432168,129.25353513432168,129.25353513432168,129.25353513432168,0.0,0.0,0.0,169.78377836599108
5635,1984-06-08,40.19454273415993,128.48907133019443,212.78075934204207,40.19454273415993,40.19454273415993,129.5464856294167,129.5464856294167,129.5464856294167,129.5464856294167,129.5464856294167,129.5464856294167,0.0,0.0,0.0,169.74102836357665
5636,1984-06-11,39.187441241630815,129.64531139663399,210.16972471620062,39.187441241630815,39.187441241630815,130.42754392359078,130.42754392359078,130.42754392359078,130.42754392359078,130.42754392359078,130.42754392359078,0.0,0.0,0.0,169.61498516522158
5637,1984-06-12,38.851740744120995,127.37695548777803,210.98947792040045,38.851740744120995,38.851740744120995,130.72196460523364,130.72196460523364,130.72196460523364,130.72196460523364,130.72196460523364,130.72196460523364,0.0,0.0,0.0,169.57370534935464
5638,1984-06-13,38.516040246611524,127.51219493035188,209.11282678743785,38.516040246611524,38.516040246611524,131.01675205480774,131.01675205480774,131.01675205480774,131.01675205480774,131.01675205480774,131.01675205480774,0.0,0.0,0.0,169.53279230141925
5639,1984-06-14,38.1803397491017,126.40320323628919,212.38689334431444,38.1803397491017,38.1803397491017,131.3119059494753,131.3119059494753,131.3119059494753,131.3119059494753,131.3119059494753,131.3119059494753,0.0,0.0,0.0,169.492245698577
5640,1984-06-15,37.84463925159223,129.18418753712524,210.31685211514778,37.84463925159223,37.84463925159223,131.6074259607032,131.6074259607032,131.6074259607032,131.6074259607032,131.6074259607032,131.6074259607032,0.0,0.0,0.0,169.45206521229545
5641,1984-06-18,36.83753775906346,127.16148234936011,211.80655763175602,36.83753775906346,36.83753775906346,132.4961793228324,132.4961793228324,132.4961793228324,132.4961793228324,132.4961793228324,132.4961793228324,0.0,0.0,0.0,169.33371708189586
5642,1984-06-19,36.50183726155363,130.97580609264858,209.2996492858324,36.50183726155363,36.50183726155363,132.7931604007886,132.7931604007886,132.7931604007886,132.7931604007886,132.7931604007886,132.7931604007886,0.0,0.0,0.0,169.2949976623422
5643,1984-06-20,36.16613676404381,130.69803011715695,210.97463832703363,36.16613676404381,36.16613676404381,133.09050586692052,133.09050586692052,133.09050586692052,133.09050586692052,133.09050586692052,133.09050586692052,0.0,0.0,0.0,169.25664263096434
5644,1984-06-21,35.83043626653434,127.01613354384759,212.15541791277613,35.83043626653434,35.83043626653434,133.38821535834342,133.38821535834342,133.38821535834342,133.38821535834342,133.38821535834342,133.38821535834342,0.0,0.0,0.0,169.21865162487777
5645,1984-06-22,35.494735769024516,128.9843449161127,210.95203501819014,35.494735769024516,35.494735769024516,133.68628850641403,133.68628850641403,133.68628850641403,133.68628850641403,133.68628850641403,133.68628850641403,0.0,0.0,0.0,169.18102427543855
5646,1984-06-25,34.48763427649575,125.29302086013425,213.65897814424622,34.48763427649575,34.48763427649575,134.58268611753292,134.58268611753292,134.58268611753292,134.58268611753292,134.58268611753292,134.58268611753292,0.0,0.0,0.0,169.07032039402867
5647,1984-06-26,34.15193377898593,128.81228454855986,211.84013887336158,34.15193377898593,34.15193377898593,134.88221009029814,134.88221009029814,134.88221009029814,134.88221009029814,134.88221009029814,134.88221009029814,0.0,0.0,0.0,169.03414386928407
5648,1984-06-27,33.81623328147645,129.7730607707943,210.37426781682643,33.81623328147645,33.81623328147645,135.18209578981353,135.18209578981353,135.18209578981353,135.18209578981353,135.18209578981353,135.18209578981353,0.0,0.0,0.0,168.99832907129
5649,1984-06-28,33.48053278396663,129.27348915812473,210.43549854269122,33.48053278396663,33.48053278396663,135.48234281269782,135.48234281269782,135.48234281269782,135.48234281269782,135.48234281269782,135.48234281269782,0.0,0.0,0.0,168.96287559666445
5650,1984-06-29,33.14483228645716,128.14258621814565,211.24872120498145,33.14483228645716,33.14483228645716,135.78295074974753,135.78295074974753,135.78295074974753,135.78295074974753,135.78295074974753,135.78295074974753,0.0,0.0,0.0,168.9277830362047
5651,1984-07-02,32.13773079392839,125.08931207131096,211.59973250161403,32.13773079392839,32.13773079392839,136.68693586631278,136.68693586631278,136.68693586631278,136.68693586631278,136.68693586631278,136.68693586631278,0.0,0.0,0.0,168.82466666024118
5652,1984-07-03,31.802030296418565,129.98827926219283,210.83319531471585,31.802030296418565,31.802030296418565,136.98898325120425,136.98898325120425,136.98898325120425,136.98898325120425,136.98898325120425,136.98898325120425,0.0,0.0,0.0,168.7910135476228
5653,1984-07-05,31.13062930139927,125.13637822764186,211.50931622234336,31.13062930139927,31.13062930139927,137.59415391808423,137.59415391808423,137.59415391808423,137.59415391808423,137.59415391808423,137.59415391808423,0.0,0.0,0.0,168.7247832194835
5654,1984-07-06,30.794928803889448,129.75804448696758,212.68136820503142,30.794928803889448,30.794928803889448,137.89727630550885,137.89727630550885,137.89727630550885,137.89727630550885,137.89727630550885,137.89727630550885,0.0,0.0,0.0,168.6922051093983
5655,1984-07-09,29.78782731136068,125.14739523202608,209.76715006734756,29.78782731136068,29.78782731136068,138.80878619246084,138.80878619246084,138.80878619246084,138.80878619246084,138.80878619246084,138.80878619246084,0.0,0.0,0.0,168.59661350382152
5656,1984-07-10,29.452126813851205,128.2744084409106,212.9001957548105,29.452126813851205,29.452126813851205,139.11333550315504,139.11333550315504,139.11333550315504,139.11333550315504,139.11333550315504,139.11333550315504,0.0,0.0,0.0,168.56546231700625
5657,1984-07-11,29.116426316341038,122.84591730329602,209.12100130539648,29.116426316341038,29.116426316341038,139.41824035995512,139.41824035995512,139.41824035995512,139.41824035995512,139.41824035995512,139.41824035995512,0.0,0.0,0.0,168.53466667629615
5658,1984-07-12,28.780725818831563,127.9688457209784,211.74959168818674,28.780725818831563,28.780725818831563,139.72350027709558,139.72350027709558,139.72350027709558,139.72350027709558,139.72350027709558,139.72350027709558,0.0,0.0,0.0,168.50422609592715
5659,1984-07-13,28.44502532132209,128.27360853108416,211.7783366570198,28.445025321322085,28.445025321322085,140.0291147628545,140.0291147628545,140.0291147628545,140.0291147628545,140.0291147628545,140.0291147628545,0.0,0.0,0.0,168.47414008417658
5660,1984-07-16,27.43792382879332,123.19468096119529,210.1293180857753,27.43792382879332,27.43792382879332,140.94808062504416,140.94808062504416,140.94808062504416,140.94808062504416,140.94808062504416,140.94808062504416,0.0,0.0,0.0,168.38600445383747
5661,1984-07-17,27.102223331283497,128.06176482607563,208.80881880476733,27.102223331283497,27.102223331283497,141.2551083485535,141.2551083485535,141.2551083485535,141.2551083485535,141.2551083485535,141.2551083485535,0.0,0.0,0.0,168.357331679837
5662,1984-07-18,26.766522833774022,125.48720305148042,209.40365923474423,26.766522833774022,26.766522833774022,141.56248809235876,141.56248809235876,141.56248809235876,141.56248809235876,141.56248809235876,141.56248809235876,0.0,0.0,0.0,168.32901092613278
5663,1984-07-19,26.430822336264203,126.68402256549997,213.2352079917762,26.430822336264207,26.430822336264207,141.87021932878292,141.87021932878292,141.87021932878292,141.87021932878292,141.87021932878292,141.87021932878292,0.0,0.0,0.0,168.30104166504714
5664,1984-07-20,26.09512183875438,127.69725258461108,209.15442757754187,26.09512183875438,26.09512183875438,142.17830152412165,142.17830152412165,142.17830152412165,142.17830152412165,142.17830152412165,142.17830152412165,0.0,0.0,0.0,168.27342336287603
5665,1984-07-23,25.088020346225612,124.62388320293181,211.1881894244678,25.088020346225612,25.088020346225612,143.1046484359547,143.1046484359547,143.1046484359547,143.1046484359547,143.1046484359547,143.1046484359547,0.0,0.0,0.0,168.1926687821803
5666,1984-07-24,24.752319848716137,126.1925790379212,208.91041176327727,24.752319848716137,24.752319848716137,143.41412900899863,143.41412900899863,143.41412900899863,143.41412900899863,143.41412900899863,143.41412900899863,0.0,0.0,0.0,168.16644885771476
5667,1984-07-25,24.416619351206315,130.0864820473344,210.31009815430832,24.416619351206315,24.416619351206315,143.72395778166276,143.72395778166276,143.72395778166276,143.72395778166276,143.72395778166276,143.72395778166276,0.0,0.0,0.0,168.14057713286908
5668,1984-07-26,24.08091885369649,125.44860765405299,207.53230818959298,24.08091885369649,24.08091885369649,144.03413418386174,144.03413418386174,144.03413418386174,144.03413418386174,144.03413418386174,144.03413418386174,0.0,0.0,0.0,168.11505303755823
5669,1984-07-27,23.74521835618702,127.68141178601536,209.4512365541545,23.74521835618702,23.74521835618702,144.34465763940958,144.34465763940958,144.34465763940958,144.34465763940958,144.34465763940958,144.34465763940958,0.0,0.0,0.0,168.0898759955966
5670,1984-07-30,22.738116863657904,123.38534721916439,209.7768739512446,22.738116863657904,22.738116863657904,145.27830447257534,145.27830447257534,145.27830447257534,145.27830447257534,145.27830447257534,145.27830447257534,0.0,0.0,0.0,168.01642133623324
5671,1984-07-31,22.40241636614843,126.89070052388381,208.76867125561347,22.40241636614843,22.40241636614843,145.5902102573005,145.5902102573005,145.5902102573005,145.5902102573005,145.5902102573005,145.5902102573005,0.0,0.0,0.0,167.99262662344893
5672,1984-08-01,22.066715868638955,123.34698725923198,208.62103766002508,22.06671586863895,22.06671586863895,145.90246012258095,145.90246012258095,145.90246012258095,145.90246012258095,145.90246012258095,145.90246012258095,0.0,0.0,0.0,167.9691759912199
5673,1984-08-02,21.731015371129132,128.45183601440453,209.35006866128373,21.731015371129132,21.731015371129132,146.21505345541098,146.21505345541098,146.21505345541098,146.21505345541098,146.21505345541098,146.21505345541098,0.0,0.0,0.0,167.9460688265401
5674,1984-08-03,21.395314873619313,122.51965019171452,207.61141462828533,21.395314873619313,21.395314873619313,146.52798963661004,146.52798963661004,146.52798963661004,146.52798963661004,146.52798963661004,146.52798963661004,0.0,0.0,0.0,167.92330451022934
5675,1984-08-06,20.38821338109054,126.51878198580866,207.8527838368472,20.38821338109054,20.38821338109054,147.46884898578125,147.46884898578125,147.46884898578125,147.46884898578125,147.46884898578125,147.46884898578125,0.0,0.0,0.0,167.8570623668718
5676,1984-08-07,20.05251288358072,126.5373862339962,208.27901019550382,20.05251288358072,20.05251288358072,147.7831502447938,147.7831502447938,147.7831502447938,147.7831502447938,147.7831502447938,147.7831502447938,0.0,0.0,0.0,167.83566312837453
5677,1984-08-08,19.716812386071247,128.38899015525973,208.0729254781424,19.716812386071247,19.716812386071247,148.09779116328295,148.09779116328295,148.09779116328295,148.09779116328295,148.09779116328295,148.09779116328295,0.0,0.0,0.0,167.8146035493542
5678,1984-08-09,19.381111888561772,127.22326369859489,206.9616028830963,19.381111888561772,19.381111888561772,148.41277108479642,148.41277108479642,148.41277108479642,148.41277108479642,148.41277108479642,148.41277108479642,0.0,0.0,0.0,167.7938829733582
5679,1984-08-10,19.0454113910516,124.95840625094871,207.15351922938635,19.0454113910516,19.0454113910516,148.72808934662984,148.72808934662984,148.72808934662984,148.72808934662984,148.72808934662984,148.72808934662984,0.0,0.0,0.0,167.77350073768145
5680,1984-08-13,18.038309898522833,129.57373593440198,208.4168069652459,18.038309898522833,18.038309898522833,149.6760674530255,149.6760674530255,149.6760674530255,149.6760674530255,149.6760674530255,149.6760674530255,0.0,0.0,0.0,167.71437735154834
5681,1984-08-14,17.70260940101336,125.45437267926975,211.59803854435924,17.70260940101336,17.70260940101336,149.99273232370481,149.99273232370481,149.99273232370481,149.99273232370481,149.99273232370481,149.99273232370481,0.0,0.0,0.0,167.69534172471816
5682,1984-08-15,17.366908903503884,125.23558388591884,207.65367145098236,17.366908903503884,17.366908903503884,150.30973212703813,150.30973212703813,150.30973212703813,150.30973212703813,150.30973212703813,150.30973212703813,0.0,0.0,0.0,167.67664103054202
5683,1984-08-16,17.031208405994064,123.08625471631957,209.32747048787058,17.031208405994064,17.031208405994064,150.6270661625842,150.6270661625842,150.6270661625842,150.6270661625842,150.6270661625842,150.6270661625842,0.0,0.0,0.0,167.6582745685783
5684,1984-08-17,16.69550790848459,126.55236267429835,207.4885356009347,16.69550790848459,16.69550790848459,150.94473372357268,150.94473372357268,150.94473372357268,150.94473372357268,150.94473372357268,150.94473372357268,0.0,0.0,0.0,167.64024163205727
5685,1984-08-20,15.688406415955473,127.5460560266485,207.43108293285036,15.688406415955473,15.688406415955473,151.89973039630436,151.89973039630436,151.89973039630436,151.89973039630436,151.89973039630436,151.89973039630436,0.0,0.0,0.0,167.58813681225985
5686,1984-08-21,15.35270591844565,127.99308464956488,209.01435411265314,15.35270591844565,15.35270591844565,152.21872486436885,152.21872486436885,152.21872486436885,152.21872486436885,152.21872486436885,152.21872486436885,0.0,0.0,0.0,167.5714307828145
5687,1984-08-22,15.017005420936178,124.54262394669054,207.1754271101717,15.017005420936178,15.017005420936178,152.53804922868287,152.53804922868287,152.53804922868287,152.53804922868287,152.53804922868287,152.53804922868287,0.0,0.0,0.0,167.55505464961905
5688,1984-08-23,14.681304923426703,123.8247469143736,210.8202023160615,14.681304923426703,14.681304923426703,152.8577027442582,152.8577027442582,152.8577027442582,152.8577027442582,152.8577027442582,152.8577027442582,0.0,0.0,0.0,167.5390076676849
5689,1984-08-24,14.345604425916882,124.59210048064158,205.65565669103955,14.345604425916882,14.345604425916882,153.1776846596982,153.1776846596982,153.1776846596982,153.1776846596982,153.1776846596982,153.1776846596982,0.0,0.0,0.0,167.5232890856151
5690,1984-08-27,13.338502933387764,125.09726190788923,209.36228454580123,13.338502933387764,13.338502933387764,154.1395931948283,154.1395931948283,154.1395931948283,154.1395931948283,154.1395931948283,154.1395931948283,0.0,0.0,0.0,167.47809612821607
5691,1984-08-28,13.00280243587829,125.46586978856926,212.73993499201134,13.00280243587829,13.00280243587829,154.46088106713484,154.46088106713484,154.46088106713484,154.46088106713484,154.46088106713484,154.46088106713484,0.0,0.0,0.0,167.46368350301313
5692,1984-08-29,12.66710193836847,123.49784829714635,206.605749472979,12.66710193836847,12.66710193836847,154.78249348575358,154.78249348575358,154.78249348575358,154.78249348575358,154.78249348575358,154.78249348575358,0.0,0.0,0.0,167.44959542412204
5693,1984-08-30,12.331401440858995,127.06891225726903,210.19362781068486,12.331401440858995,12.331401440858995,155.1044296605772,155.1044296605772,155.1044296605772,155.1044296605772,155.1044296605772,155.1044296605772,0.0,0.0,0.0,167.4358311014362
5694,1984-08-31,11.99570094334952,129.36386800601628,210.2367539146665,11.99570094334952,11.99570094334952,155.42668879500633,155.42668879500633,155.42668879500633,155.42668879500633,155.42668879500633,155.42668879500633,0.0,0.0,0.0,167.42238973835586
5695,1984-09-04,10.652898953310583,125.08754988163606,212.52354408343967,10.652898953310583,10.652898953310583,156.71893876882822,156.71893876882822,156.71893876882822,156.71893876882822,156.71893876882822,156.71893876882822,0.0,0.0,0.0,167.37183772213882
5696,1984-09-05,10.317198455801108,124.48900212965401,210.43011767895388,10.317198455801108,10.317198455801108,157.04280052416732,157.04280052416732,157.04280052416732,157.04280052416732,157.04280052416732,157.04280052416732,0.0,0.0,0.0,167.35999897996842
5697,1984-09-06,9.981497958291287,128.56754589139317,208.580533821122,9.981497958291287,9.981497958291287,157.36698032247088,157.36698032247088,157.36698032247088,157.36698032247088,157.36698032247088,157.36698032247088,0.0,0.0,0.0,167.34847828076218
5698,1984-09-07,9.645797460781813,125.529588815942,208.88439283538875,9.645797460781813,9.645797460781813,157.69147732134485,157.69147732134485,157.69147732134485,157.69147732134485,157.69147732134485,157.69147732134485,0.0,0.0,0.0,167.33727478212666
5699,1984-09-10,8.638695968252696,121.95341339121116,209.2606529578307,8.638695968252696,8.638695968252696,158.66686299850065,158.66686299850065,158.66686299850065,158.66686299850065,158.66686299850065,158.66686299850065,0.0,0.0,0.0,167.30555896675335
5700,1984-09-11,8.302995470743221,126.77452280093392,207.56930220211223,8.302995470743221,8.302995470743221,158.9926202436984,158.9926202436984,158.9926202436984,158.9926202436984,158.9926202436984,158.9926202436984,0.0,0.0,0.0,167.29561571444162
5701,1984-09-12,7.9672949732333995,126.65158374790269,210.98279436260043,7.9672949732333995,7.9672949732333995,159.31869037837473,159.31869037837473,159.31869037837473,159.31869037837473,159.31869037837473,159.31869037837473,0.0,0.0,0.0,167.28598535160813
5702,1984-09-13,7.631594475723926,129.09844056288267,209.49347105430667,7.631594475723926,7.631594475723926,159.64507252039974,159.64507252039974,159.64507252039974,159.64507252039974,159.64507252039974,159.64507252039974,0.0,0.0,0.0,167.27666699612365
5703,1984-09-14,7.295893978214105,126.98556500289075,211.75191341965865,7.295893978214105,7.295893978214105,159.97176578097606,159.97176578097606,159.97176578097606,159.97176578097606,159.97176578097606,159.97176578097606,0.0,0.0,0.0,167.26765975919017
5704,1984-09-17,6.288792485684987,126.72727602584503,209.26084982075182,6.288792485684987,6.288792485684987,160.95370328577593,160.95370328577593,160.95370328577593,160.95370328577593,160.95370328577593,160.95370328577593,0.0,0.0,0.0,167.2424957714609
5705,1984-09-18,5.9530919881755135,124.82406481214935,210.08053280909945,5.9530919881755135,5.9530919881755135,161.28163199880674,161.28163199880674,161.28163199880674,161.28163199880674,161.28163199880674,161.28163199880674,0.0,0.0,0.0,167.23472398698226
5706,1984-09-19,5.617391490666039,127.70174249129121,212.04827282757168,5.617391490666039,5.617391490666039,161.6098672859553,161.6098672859553,161.6098672859553,161.6098672859553,161.6098672859553,161.6098672859553,0.0,0.0,0.0,167.22725877662134
5707,1984-09-20,5.281690993156218,125.48602713062918,205.96283425299828,5.281690993156218,5.281690993156218,161.9384082181552,161.9384082181552,161.9384082181552,161.9384082181552,161.9384082181552,161.9384082181552,0.0,0.0,0.0,167.2200992113114
5708,1984-09-21,4.945990495646743,126.23948826601732,210.48755991759526,4.945990495646743,4.945990495646743,162.26725385958207,162.26725385958207,162.26725385958207,162.26725385958207,162.26725385958207,162.26725385958207,0.0,0.0,0.0,167.21324435522882
5709,1984-09-24,3.938889003117974,126.1925338935989,208.6202504825961,3.938889003117974,3.938889003117974,163.25560957936196,163.25560957936196,163.25560957936196,163.25560957936196,163.25560957936196,163.25560957936196,0.0,0.0,0.0,167.19449858247992
5710,1984-09-25,3.603188505607805,125.64647143675528,211.3846014151677,3.603188505607805,3.603188505607805,163.58566456386495,163.58566456386495,163.58566456386495,163.58566456386495,163.58566456386495,163.58566456386495,0.0,0.0,0.0,167.18885306947277
5711,1984-09-26,3.267488008098331,125.06477729854404,210.82578630873587,3.267488008098331,3.267488008098331,163.91601947666413,163.91601947666413,163.91601947666413,163.91601947666413,163.91601947666413,163.91601947666413,0.0,0.0,0.0,167.18350748476246
5712,1984-09-27,2.931787510588857,125.74924480171458,210.61236142174482,2.931787510588857,2.931787510588857,164.24667334111882,164.24667334111882,164.24667334111882,164.24667334111882,164.24667334111882,164.24667334111882,0.0,0.0,0.0,167.17846085170768
5713,1984-09-28,2.5960870130790354,122.83511544600908,208.8600375791195,2.5960870130790354,2.5960870130790354,164.5776251737378,164.5776251737378,164.5776251737378,164.5776251737378,164.5776251737378,164.5776251737378,0.0,0.0,0.0,167.17371218681683
5714,1984-10-01,1.5889855205502659,126.31620448850573,209.20651781435504,1.5889855205502659,1.5889855205502659,165.57225854265693,165.57225854265693,165.57225854265693,165.57225854265693,165.57225854265693,165.57225854265693,0.0,0.0,0.0,167.1612440632072
5715,1984-10-02,1.2532850230404442,126.18529505964626,207.46635964761145,1.2532850230404442,1.2532850230404442,165.90439227557425,165.90439227557425,165.90439227557425,165.90439227557425,165.90439227557425,165.90439227557425,0.0,0.0,0.0,167.1576772986147
5716,1984-10-03,0.9175845255306228,126.08647585912875,206.38904799444379,0.9175845255306228,0.9175845255306228,166.23681895599387,166.23681895599387,166.23681895599387,166.23681895599387,166.23681895599387,166.23681895599387,0.0,0.0,0.0,167.1544034815245
5717,1984-10-04,0.5818840280211487,125.81725738878563,210.76831461334766,0.5818840280211487,0.5818840280211487,166.56953755904706,166.56953755904706,166.56953755904706,166.56953755904706,166.56953755904706,166.56953755904706,0.0,0.0,0.0,167.1514215870682
5718,1984-10-05,0.2461835305116747,125.22627902834489,208.22467018599644,0.2461835305116747,0.2461835305116747,166.9025470529212,166.9025470529212,166.9025470529212,166.9025470529212,166.9025470529212,166.9025470529212,0.0,0.0,0.0,167.14873058343287
5719,1984-10-08,-0.7609179620170949,129.49787774059644,207.66776298659929,-0.7609179620170949,-0.7609179620170949,167.90331045689328,167.90331045689328,167.90331045689328,167.90331045689328,167.90331045689328,167.90331045689328,0.0,0.0,0.0,167.1423924948762
5720,1984-10-09,-1.0966184595269164,123.31377484112774,209.60520522994622,-1.0966184595269164,-1.0966184595269164,168.23747305656423,168.23747305656423,168.23747305656423,168.23747305656423,168.23747305656423,168.23747305656423,0.0,0.0,0.0,167.1408545970373
5721,1984-10-10,-1.432318957036738,126.31118027209888,208.32405883824225,-1.432318957036738,-1.432318957036738,168.5719212833523,168.5719212833523,168.5719212833523,168.5719212833523,168.5719212833523,168.5719212833523,0.0,0.0,0.0,167.13960232631558
5722,1984-10-11,-1.768019454546212,128.08911832210086,208.49065555419287,-1.768019454546212,-1.768019454546212,168.9066540634929,168.9066540634929,168.9066540634929,168.9066540634929,168.9066540634929,168.9066540634929,0.0,0.0,0.0,167.1386346089467
5723,1984-10-12,-2.1037199520560335,124.19019408455586,210.66472966243202,-2.1037199520560335,-2.1037199520560335,169.24167031618018,169.24167031618018,169.24167031618018,169.24167031618018,169.24167031618018,169.24167031618018,0.0,0.0,0.0,167.13795036412415
5724,1984-10-15,-3.1108214445848033,124.70463839809591,209.25405472706834,-3.1108214445848033,-3.1108214445848033,170.24840899556244,170.24840899556244,170.24840899556244,170.24840899556244,170.24840899556244,170.24840899556244,0.0,0.0,0.0,167.13758755097763
5725,1984-10-16,-3.446521942094277,122.93304121789244,208.4535446511283,-3.446521942094277,-3.446521942094277,170.5845481890776,170.5845481890776,170.5845481890776,170.5845481890776,170.5845481890776,170.5845481890776,0.0,0.0,0.0,167.13802624698332
5726,1984-10-17,-3.782222439604446,125.20608960040951,207.61203313677802,-3.782222439604446,-3.782222439604446,170.92096534501184,170.92096534501184,170.92096534501184,170.92096534501184,170.92096534501184,170.92096534501184,0.0,0.0,0.0,167.13874290540738
5727,1984-10-18,-4.11792293711392,125.6216258889225,210.64258721518618,-4.11792293711392,-4.11792293711392,171.25765934002047,171.25765934002047,171.25765934002047,171.25765934002047,171.25765934002047,171.25765934002047,0.0,0.0,0.0,167.13973640290655
5728,1984-10-19,-4.4536234346233945,125.31044251286266,209.0051194978684,-4.4536234346233945,-4.4536234346233945,171.59462904362056,171.59462904362056,171.59462904362056,171.59462904362056,171.59462904362056,171.59462904362056,0.0,0.0,0.0,167.14100560899718
5729,1984-10-22,-5.460724927152511,126.532935372553,210.15235986700077,-5.460724927152512,-5.460724927152512,172.60718099374637,172.60718099374637,172.60718099374637,172.60718099374637,172.60718099374637,172.60718099374637,0.0,0.0,0.0,167.14645606659386
5730,1984-10-23,-5.796425424661986,123.76543133390606,211.5690512667306,-5.796425424661986,-5.796425424661986,172.94524208359312,172.94524208359312,172.94524208359312,172.94524208359312,172.94524208359312,172.94524208359312,0.0,0.0,0.0,167.14881665893114
5731,1984-10-24,-6.1321259221714595,128.608245661498,211.58425340161656,-6.1321259221714595,-6.1321259221714595,173.2835731220258,173.2835731220258,173.2835731220258,173.2835731220258,173.2835731220258,173.2835731220258,0.0,0.0,0.0,167.15144719985435
5732,1984-10-25,-6.467826419681629,125.59870175864913,207.8985052282243,-6.467826419681629,-6.467826419681629,173.62217293542415,173.62217293542415,173.62217293542415,173.62217293542415,173.62217293542415,173.62217293542415,0.0,0.0,0.0,167.15434651574253
5733,1984-10-26,-6.803526917191102,125.97515553637575,211.32820167697636,-6.803526917191102,-6.803526917191102,173.96104034292915,173.96104034292915,173.96104034292915,173.96104034292915,173.96104034292915,173.96104034292915,0.0,0.0,0.0,167.15751342573805
5734,1984-10-29,-7.810628409719872,127.07546279786943,212.5210625158376,-7.810628409719872,-7.810628409719872,174.97923621258985,174.97923621258985,174.97923621258985,174.97923621258985,174.97923621258985,174.97923621258985,0.0,0.0,0.0,167.16860780286999
5735,1984-10-30,-8.146328907229694,124.39261863998522,207.33800367414472,-8.146328907229694,-8.146328907229694,175.31916204262413,175.31916204262413,175.31916204262413,175.31916204262413,175.31916204262413,175.31916204262413,0.0,0.0,0.0,167.17283313539443
5736,1984-10-31,-8.482029404739167,126.93575306896459,210.5831871763182,-8.482029404739167,-8.482029404739167,175.6593494533629,175.6593494533629,175.6593494533629,175.6593494533629,175.6593494533629,175.6593494533629,0.0,0.0,0.0,167.17732004862373
5737,1984-11-01,-8.817729902248988,125.52567107150085,205.49574256547925,-8.817729902248988,-8.817729902248988,175.99979722020154,175.99979722020154,175.99979722020154,175.99979722020154,175.99979722020154,175.99979722020154,0.0,0.0,0.0,167.18206731795254
5738,1984-11-02,-9.153430399758811,125.83070282327266,206.2360233591676,-9.153430399758811,-9.153430399758811,176.3405041111943,176.3405041111943,176.3405041111943,176.3405041111943,176.3405041111943,176.3405041111943,0.0,0.0,0.0,167.1870737114355
5739,1984-11-05,-10.16053189228758,125.63876488712216,210.00725935959875,-10.16053189228758,-10.16053189228758,177.36416709919635,177.36416709919635,177.36416709919635,177.36416709919635,177.36416709919635,177.36416709919635,0.0,0.0,0.0,167.20363520690876
5740,1984-11-06,-10.496232389797054,125.99572660386197,207.9426683876078,-10.496232389797054,-10.496232389797054,177.7058980199869,177.7058980199869,177.7058980199869,177.7058980199869,177.7058980199869,177.7058980199869,0.0,0.0,0.0,167.20966563018985
5741,1984-11-07,-10.831932887306875,123.68502305888148,208.08938428303054,-10.831932887306875,-10.831932887306875,178.04788179455304,178.04788179455304,178.04788179455304,178.04788179455304,178.04788179455304,178.04788179455304,0.0,0.0,0.0,167.21594890724617
5742,1984-11-08,-11.16763338481635,123.59093312129828,208.1620213996409,-11.16763338481635,-11.16763338481635,178.39011714658602,178.39011714658602,178.39011714658602,178.39011714658602,178.39011714658602,178.39011714658602,0.0,0.0,0.0,167.22248376176967
5743,1984-11-09,-11.50333388232617,125.24200139336484,208.6105260886776,-11.50333388232617,-11.50333388232617,178.7326027923299,178.7326027923299,178.7326027923299,178.7326027923299,178.7326027923299,178.7326027923299,0.0,0.0,0.0,167.22926891000375
5744,1984-11-12,-12.510435374854941,127.3857604921583,206.12842224833418,-12.510435374854941,-12.510435374854941,179.76154854227605,179.76154854227605,179.76154854227605,179.76154854227605,179.76154854227605,179.76154854227605,0.0,0.0,0.0,167.2511131674211
5745,1984-11-13,-12.846135872364762,124.88011438392166,212.39858761923216,-12.846135872364762,-12.846135872364762,180.10502237587252,180.10502237587252,180.10502237587252,180.10502237587252,180.10502237587252,180.10502237587252,0.0,0.0,0.0,167.25888650350777
5746,1984-11-14,-13.181836369874237,126.35941491546194,208.96024913885827,-13.181836369874237,-13.181836369874237,180.4487399721915,180.4487399721915,180.4487399721915,180.4487399721915,180.4487399721915,180.4487399721915,0.0,0.0,0.0,167.26690360231726
5747,1984-11-15,-13.517536867383711,125.48958089976165,207.37376022519612,-13.517536867383711,-13.517536867383711,180.79270000248798,180.79270000248798,180.79270000248798,180.79270000248798,180.79270000248798,180.79270000248798,0.0,0.0,0.0,167.27516313510426
5748,1984-11-16,-13.85323736489388,124.65756513739804,208.98084591234877,-13.85323736489388,-13.85323736489388,181.13690113046493,181.13690113046493,181.13690113046493,181.13690113046493,181.13690113046493,181.13690113046493,0.0,0.0,0.0,167.28366376557105
5749,1984-11-19,-14.860338857422649,126.43424035914552,209.12659246247313,-14.860338857422647,-14.860338857422647,182.17093762392813,182.17093762392813,182.17093762392813,182.17093762392813,182.17093762392813,182.17093762392813,0.0,0.0,0.0,167.31059876650548
5750,1984-11-20,-15.196039354932124,127.1529674565736,209.47130052511767,-15.196039354932124,-15.196039354932124,182.51608962810857,182.51608962810857,182.51608962810857,182.51608962810857,182.51608962810857,182.51608962810857,0.0,0.0,0.0,167.32005027317646
5751,1984-11-21,-15.531739852441945,127.81916357945349,210.22984338016335,-15.531739852441945,-15.531739852441945,182.86147593468837,182.86147593468837,182.86147593468837,182.86147593468837,182.86147593468837,182.86147593468837,0.0,0.0,0.0,167.32973608224643
5752,1984-11-23,-16.203140847460894,124.56830625106774,206.3891492545372,-16.203140847460894,-16.203140847460894,183.55294591970195,183.55294591970195,183.55294591970195,183.55294591970195,183.55294591970195,183.55294591970195,0.0,0.0,0.0,167.34980507224105
5753,1984-11-26,-17.21024233999001,124.35026012621097,210.4690986912434,-17.21024233999001,-17.21024233999001,184.59187336797794,184.59187336797794,184.59187336797794,184.59187336797794,184.59187336797794,184.59187336797794,0.0,0.0,0.0,167.38163102798794
5754,1984-11-27,-17.545942837499833,126.44851585787923,207.79109436961465,-17.545942837499833,-17.545942837499833,184.93863620004407,184.93863620004407,184.93863620004407,184.93863620004407,184.93863620004407,184.93863620004407,0.0,0.0,0.0,167.39269336254424
5755,1984-11-28,-17.881643335009304,123.79830716413076,210.74830309165128,-17.881643335009304,-17.881643335009304,185.28562349971148,185.28562349971148,185.28562349971148,185.28562349971148,185.28562349971148,185.28562349971148,0.0,0.0,0.0,167.40398016470218
5756,1984-11-29,-18.217343832519127,125.98778430768374,210.13300594464172,-18.217343832519127,-18.217343832519127,185.632833831134,185.632833831134,185.632833831134,185.632833831134,185.632833831134,185.632833831134,0.0,0.0,0.0,167.41548999861487
5757,1984-11-30,-18.5530443300286,126.4249131832097,211.4349695068927,-18.5530443300286,-18.5530443300286,185.98026575070037,185.98026575070037,185.98026575070037,185.98026575070037,185.98026575070037,185.98026575070037,0.0,0.0,0.0,167.42722142067177
5758,1984-12-03,-19.56014582255772,127.10727170249532,208.64693061600093,-19.56014582255772,-19.56014582255772,187.02387648535077,187.02387648535077,187.02387648535077,187.02387648535077,187.02387648535077,187.02387648535077,0.0,0.0,0.0,167.46373066279304
5759,1984-12-04,-19.895846320067193,126.7072354793984,207.52224711392327,-19.895846320067193,-19.895846320067193,187.37218016554104,187.37218016554104,187.37218016554104,187.37218016554104,187.37218016554104,187.37218016554104,0.0,0.0,0.0,167.47633384547385
5760,1984-12-05,-20.231546817577012,126.44903828111353,211.7394008032168,-20.231546817577012,-20.231546817577012,187.7206980988056,187.7206980988056,187.7206980988056,187.7206980988056,187.7206980988056,187.7206980988056,0.0,0.0,0.0,167.4891512812286
5761,1984-12-06,-20.567247315086487,126.13083638417814,212.05054709122462,-20.567247315086487,-20.567247315086487,188.0694287946196,188.0694287946196,188.0694287946196,188.0694287946196,188.0694287946196,188.0694287946196,0.0,0.0,0.0,167.5021814795331
5762,1984-12-07,-20.90294781259631,125.95669657816978,209.46529215391152,-20.90294781259631,-20.90294781259631,188.41837075458594,188.41837075458594,188.41837075458594,188.41837075458594,188.41837075458594,188.41837075458594,0.0,0.0,0.0,167.51542294198964
5763,1984-12-10,-21.910049305125426,126.35924101918908,209.9667234655641,-21.910049305125426,-21.910049305125426,189.46644911700227,189.46644911700227,189.46644911700227,189.46644911700227,189.46644911700227,189.46644911700227,0.0,0.0,0.0,167.55639981187684
5764,1984-12-11,-22.2457498026349,126.02221988709033,208.9253375219771,-22.2457498026349,-22.2457498026349,189.81622099160018,189.81622099160018,189.81622099160018,189.81622099160018,189.81622099160018,189.81622099160018,0.0,0.0,0.0,167.57047118896529
5765,1984-12-12,-22.581450300144375,124.80397207167866,208.24528172059644,-22.581450300144375,-22.581450300144375,190.16619651972613,190.16619651972613,190.16619651972613,190.16619651972613,190.16619651972613,190.16619651972613,0.0,0.0,0.0,167.58474621958175
5766,1984-12-13,-22.917150797654195,122.81836025685475,212.43917192694502,-22.917150797654195,-22.917150797654195,190.51637415541921,190.51637415541921,190.51637415541921,190.51637415541921,190.51637415541921,190.51637415541921,0.0,0.0,0.0,167.59922335776503
5767,1984-12-14,-23.25285129516367,128.5219838492884,207.08311498450274,-23.25285129516367,-23.25285129516367,190.8667523447377,190.8667523447377,190.8667523447377,190.8667523447377,190.8667523447377,190.8667523447377,0.0,0.0,0.0,167.61390104957403
5768,1984-12-17,-24.259952787692786,126.4327705366738,210.97686617988933,-24.259952787692786,-24.259952787692786,191.919074574974,191.919074574974,191.919074574974,191.919074574974,191.919074574974,191.919074574974,0.0,0.0,0.0,167.6591217872812
5769,1984-12-18,-24.59565328520261,127.45640651566413,209.38533365604275,-24.59565328520261,-24.59565328520261,192.2702392791983,192.2702392791983,192.2702392791983,192.2702392791983,192.2702392791983,192.2702392791983,0.0,0.0,0.0,167.6745859939957
5770,1984-12-19,-24.931353782712083,125.73387701225649,210.77974103763663,-24.931353782712087,-24.931353782712087,192.6215966470717,192.6215966470717,192.6215966470717,192.6215966470717,192.6215966470717,192.6215966470717,0.0,0.0,0.0,167.69024286435962
5771,1984-12-20,-25.267054280221558,127.92204801993446,209.44067873293528,-25.267054280221558,-25.267054280221558,192.97314507643662,192.97314507643662,192.97314507643662,192.97314507643662,192.97314507643662,192.97314507643662,0.0,0.0,0.0,167.70609079621505
5772,1984-12-21,-25.602754777731377,129.01128475210643,208.82783858889175,-25.602754777731377,-25.602754777731377,193.32488295704616,193.32488295704616,193.32488295704616,193.32488295704616,193.32488295704616,193.32488295704616,0.0,0.0,0.0,167.72212817931478
5773,1984-12-24,-26.609856270260497,130.38442190145773,212.8121740250171,-26.609856270260497,-26.609856270260497,194.38121708219228,194.38121708219228,194.38121708219228,194.38121708219228,194.38121708219228,194.38121708219228,0.0,0.0,0.0,167.77136081193177
5774,1984-12-26,-27.28125726527979,127.84933207729661,208.8032546305245,-27.28125726527979,-27.28125726527979,195.0863572018432,195.0863572018432,195.0863572018432,195.0863572018432,195.0863572018432,195.0863572018432,0.0,0.0,0.0,167.8050999365634
5775,1984-12-27,-27.616957762789266,128.66481355408231,210.69914983936002,-27.616957762789266,-27.616957762789266,195.4391975197239,195.4391975197239,195.4391975197239,195.4391975197239,195.4391975197239,195.4391975197239,0.0,0.0,0.0,167.82223975693464
5776,1984-12-28,-27.95265826029874,128.33022275409792,212.09447192437477,-27.95265826029874,-27.95265826029874,195.7922157892905,195.7922157892905,195.7922157892905,195.7922157892905,195.7922157892905,195.7922157892905,0.0,0.0,0.0,167.83955752899178
5777,1984-12-31,-28.95975975282751,122.7453188600223,210.92127470059694,-28.95975975282751,-28.95975975282751,196.85232151167313,196.85232151167313,196.85232151167313,196.85232151167313,196.85232151167313,196.85232151167313,0.0,0.0,0.0,167.8925617588456
5778,1985-01-02,-29.63116074784715,125.45936460025965,211.19781072793882,-29.63116074784715,-29.63116074784715,197.55991748060734,197.55991748060734,197.55991748060734,197.55991748060734,197.55991748060734,197.55991748060734,0.0,0.0,0.0,167.92875673276018
5779,1985-01-03,-29.966861245356625,127.07681411615255,208.297717205735,-29.966861245356625,-29.966861245356625,197.91396798564483,197.91396798564483,197.91396798564483,197.91396798564483,197.91396798564483,197.91396798564483,0.0,0.0,0.0,167.9471067402882
5780,1985-01-04,-30.302561742866448,126.62755741351732,210.19691379853938,-30.302561742866448,-30.302561742866448,198.26818454031567,198.26818454031567,198.26818454031567,198.26818454031567,198.26818454031567,198.26818454031567,0.0,0.0,0.0,167.9656227974492
5781,1985-01-07,-31.309663235395217,126.82434306563705,209.01878292059686,-31.30966323539522,-31.30966323539522,199.33181312583974,199.33181312583974,199.33181312583974,199.33181312583974,199.33181312583974,199.33181312583974,0.0,0.0,0.0,168.02214989044452
5782,1985-01-08,-31.64536373290504,128.71888810631657,211.1792756221673,-31.64536373290504,-31.64536373290504,199.6866764610053,199.6866764610053,199.6866764610053,199.6866764610053,199.6866764610053,199.6866764610053,0.0,0.0,0.0,168.04131272810025
5783,1985-01-09,-31.98106423041486,123.71749377461026,208.65282514991384,-31.98106423041486,-31.98106423041486,200.041697094981,200.041697094981,200.041697094981,200.041697094981,200.041697094981,200.041697094981,0.0,0.0,0.0,168.06063286456614
5784,1985-01-10,-32.31676472792434,128.63489761273615,208.97501549857765,-32.31676472792434,-32.31676472792434,200.39687325246754,200.39687325246754,200.39687325246754,200.39687325246754,200.39687325246754,200.39687325246754,0.0,0.0,0.0,168.08010852454322
5785,1985-01-11,-32.65246522543381,126.0936167058442,209.6290305292291,-32.65246522543381,-32.65246522543381,200.75220314975002,200.75220314975002,200.75220314975002,200.75220314975002,200.75220314975002,200.75220314975002,0.0,0.0,0.0,168.0997379243162
5786,1985-01-14,-33.659566717962925,127.8801396538369,213.1573152102634,-33.659566717962925,-33.659566717962925,201.8190973167019,201.8190973167019,201.8190973167019,201.8190973167019,201.8190973167019,201.8190973167019,0.0,0.0,0.0,168.159530598739
5787,1985-01-15,-33.9952672154724,127.15437084051582,210.38137112915803,-33.9952672154724,-33.9952672154724,202.17502416721223,202.17502416721223,202.17502416721223,202.17502416721223,202.17502416721223,202.17502416721223,0.0,0.0,0.0,168.17975695173982
5788,1985-01-16,-34.33096771298222,126.12287629019535,209.96617258721673,-34.33096771298222,-34.33096771298222,202.53109571220284,202.53109571220284,202.53109571220284,202.53109571220284,202.53109571220284,202.53109571220284,0.0,0.0,0.0,168.20012799922063
5789,1985-01-17,-34.66666821049204,129.43979434086924,209.26770711759164,-34.66666821049204,-34.66666821049204,202.88731011715564,202.88731011715564,202.88731011715564,202.88731011715564,202.88731011715564,202.88731011715564,0.0,0.0,0.0,168.2206419066636
5790,1985-01-18,-35.00236870800152,125.92249560568037,208.34599846035124,-35.00236870800152,-35.00236870800152,203.24366553903204,203.24366553903204,203.24366553903204,203.24366553903204,203.24366553903204,203.24366553903204,0.0,0.0,0.0,168.24129683103052
5791,1985-01-21,-36.00947020053029,127.18102657728141,210.62065967693704,-36.00947020053029,-36.00947020053029,204.31355934769482,204.31355934769482,204.31355934769482,204.31355934769482,204.31355934769482,204.31355934769482,0.0,0.0,0.0,168.30408914716452
5792,1985-01-22,-36.34517069804011,127.2417392213515,210.33109632406936,-36.34517069804011,-36.34517069804011,204.67046023594574,204.67046023594574,204.67046023594574,204.67046023594574,204.67046023594574,204.67046023594574,0.0,0.0,0.0,168.32528953790563
5793,1985-01-23,-36.680871195549926,126.52396357701153,208.4708501053045,-36.680871195549926,-36.680871195549926,205.02749279759638,205.02749279759638,205.02749279759638,205.02749279759638,205.02749279759638,205.02749279759638,0.0,0.0,0.0,168.34662160204647
5794,1985-01-24,-37.016571693059404,125.64151104218817,208.40054003787668,-37.016571693059404,-37.016571693059404,205.38465513817087,205.38465513817087,205.38465513817087,205.38465513817087,205.38465513817087,205.38465513817087,0.0,0.0,0.0,168.36808344511147
5795,1985-01-25,-37.352272190569224,126.62537425718034,207.11623798368842,-37.352272190569224,-37.352272190569224,205.74194535456883,205.74194535456883,205.74194535456883,205.74194535456883,205.74194535456883,205.74194535456883,0.0,0.0,0.0,168.3896731639996
5796,1985-01-28,-38.35937368309799,129.39880015982078,209.53335040086046,-38.35937368309799,-38.35937368309799,206.81456409800955,206.81456409800955,206.81456409800955,206.81456409800955,206.81456409800955,206.81456409800955,0.0,0.0,0.0,168.45519041491156
5797,1985-01-29,-38.69507418060747,127.82631822163873,208.90954189659897,-38.69507418060746,-38.69507418060746,207.1723466136767,207.1723466136767,207.1723466136767,207.1723466136767,207.1723466136767,207.1723466136767,0.0,0.0,0.0,168.47727243306923
5798,1985-01-30,-39.03077467811729,125.05316615579366,212.50867244885202,-39.03077467811729,-39.03077467811729,207.53024735977235,207.53024735977235,207.53024735977235,207.53024735977235,207.53024735977235,207.53024735977235,0.0,0.0,0.0,168.49947268165505
5799,1985-01-31,-39.36647517562711,129.77076491015083,211.32875030093095,-39.36647517562711,-39.36647517562711,207.8882643811359,207.8882643811359,207.8882643811359,207.8882643811359,207.8882643811359,207.8882643811359,0.0,0.0,0.0,168.5217892055088
5800,1985-02-01,-39.70217567313659,127.25109117937112,208.93241729429076,-39.70217567313659,-39.70217567313659,208.2463957138799,208.2463957138799,208.2463957138799,208.2463957138799,208.2463957138799,208.2463957138799,0.0,0.0,0.0,168.5442200407433
5801,1985-02-04,-40.709277165665355,127.04276966351031,211.03815085140232,-40.709277165665355,-40.709277165665355,209.3214558102913,209.3214558102913,209.3214558102913,209.3214558102913,209.3214558102913,209.3214558102913,0.0,0.0,0.0,168.61217864462594
5802,1985-02-05,-41.044977663175175,125.7482720257943,212.7414932902815,-41.044977663175175,-41.044977663175175,209.6800245746136,209.6800245746136,209.6800245746136,209.6800245746136,209.6800245746136,209.6800245746136,0.0,0.0,0.0,168.63504691143845
5803,1985-02-06,-41.38067816068465,126.526800539361,213.5559231515568,-41.38067816068465,-41.38067816068465,210.03869769945396,210.03869769945396,210.03869769945396,210.03869769945396,210.03869769945396,210.03869769945396,0.0,0.0,0.0,168.6580195387693
5804,1985-02-07,-41.71637865819447,127.57192483761975,208.90043205902003,-41.71637865819447,-41.71637865819447,210.39747316825412,210.39747316825412,210.39747316825412,210.39747316825412,210.39747316825412,210.39747316825412,0.0,0.0,0.0,168.68109451005967
5805,1985-02-08,-42.05207915570429,126.02736511502748,207.30029751193524,-42.05207915570429,-42.05207915570429,210.75634895562834,210.75634895562834,210.75634895562834,210.75634895562834,210.75634895562834,210.75634895562834,0.0,0.0,0.0,168.70426979992405
5806,1985-02-11,-43.05918064823306,128.94514608733442,209.58110839705887,-43.05918064823306,-43.05918064823306,211.8335578426178,211.8335578426178,211.8335578426178,211.8335578426178,211.8335578426178,211.8335578426178,0.0,0.0,0.0,168.77437719438475
5807,1985-02-12,-43.39488114574254,128.5488820780522,210.0280971383617,-43.39488114574254,-43.39488114574254,212.1928144733712,212.1928144733712,212.1928144733712,212.1928144733712,212.1928144733712,212.1928144733712,0.0,0.0,0.0,168.79793332762864
5808,1985-02-13,-43.73058164325236,126.87904625680567,210.14666741615662,-43.73058164325236,-43.73058164325236,212.55216116285257,212.55216116285257,212.55216116285257,212.55216116285257,212.55216116285257,212.55216116285257,0.0,0.0,0.0,168.82157951960022
5809,1985-02-14,-44.066282140761835,126.35043413987307,208.19775676213285,-44.066282140761835,-44.066282140761835,212.91159583241145,212.91159583241145,212.91159583241145,212.91159583241145,212.91159583241145,212.91159583241145,0.0,0.0,0.0,168.8453136916496
5810,1985-02-15,-44.401982638271654,127.21017780666583,210.07595093452954,-44.401982638271654,-44.401982638271654,213.27111639447074,213.27111639447074,213.27111639447074,213.27111639447074,213.27111639447074,213.27111639447074,0.0,0.0,0.0,168.8691337561991
5811,1985-02-19,-45.74478462831024,123.46549626794214,209.05216521462702,-45.74478462831024,-45.74478462831024,214.71001550300628,214.71001550300628,214.71001550300628,214.71001550300628,214.71001550300628,214.71001550300628,0.0,0.0,0.0,168.96523087469603
5812,1985-02-20,-46.08048512581972,128.98180356452912,211.97818104199465,-46.08048512581972,-46.08048512581972,215.06993390055186,215.06993390055186,215.06993390055186,215.06993390055186,215.06993390055186,215.06993390055186,0.0,0.0,0.0,168.98944877473213
5813,1985-02-21,-46.41618562332954,129.94245172314177,209.6747531346664,-46.41618562332954,-46.41618562332954,215.429925476928,215.429925476928,215.429925476928,215.429925476928,215.429925476928,215.429925476928,0.0,0.0,0.0,169.01373985359845
5814,1985-02-22,-46.751886120839366,126.37918899941269,211.31677518247713,-46.751886120839366,-46.751886120839366,215.7899880816945,215.7899880816945,215.7899880816945,215.7899880816945,215.7899880816945,215.7899880816945,0.0,0.0,0.0,169.03810196085513
5815,1985-02-25,-47.758987613368134,126.53808279941755,209.31958425138112,-47.758987613368134,-47.758987613368134,216.8705804263554,216.8705804263554,216.8705804263554,216.8705804263554,216.8705804263554,216.8705804263554,0.0,0.0,0.0,169.11159281298725
5816,1985-02-26,-48.094688110877605,126.70358781646188,210.29445300029326,-48.094688110877605,-48.094688110877605,217.23090545941386,217.23090545941386,217.23090545941386,217.23090545941386,217.23090545941386,217.23090545941386,0.0,0.0,0.0,169.13621734853626
5817,1985-02-27,-48.430388608387425,128.32817054181302,210.19176136836322,-48.43038860838743,-48.43038860838743,217.59129063289387,217.59129063289387,217.59129063289387,217.59129063289387,217.59129063289387,217.59129063289387,0.0,0.0,0.0,169.16090202450644
5818,1985-02-28,-48.7660891058969,124.92014287455203,210.6370320619294,-48.7660891058969,-48.7660891058969,217.95173374195673,217.95173374195673,217.95173374195673,217.95173374195673,217.95173374195673,217.95173374195673,0.0,0.0,0.0,169.18564463605983
5819,1985-03-01,-49.10178960340672,127.69465788704947,214.5239020442371,-49.10178960340672,-49.10178960340672,218.31223257265097,218.31223257265097,218.31223257265097,218.31223257265097,218.31223257265097,218.31223257265097,0.0,0.0,0.0,169.21044296924424
5820,1985-03-04,-50.10889109593584,123.96343701846749,210.62101359124853,-50.10889109593584,-50.10889109593584,219.39404111807195,219.39404111807195,219.39404111807195,219.39404111807195,219.39404111807195,219.39404111807195,0.0,0.0,0.0,169.28515002213612
5821,1985-03-05,-50.44459159344532,126.28457757217426,212.60534289987714,-50.44459159344532,-50.44459159344532,219.75474051310502,219.75474051310502,219.75474051310502,219.75474051310502,219.75474051310502,219.75474051310502,0.0,0.0,0.0,169.3101489196597
5822,1985-03-06,-50.78029209095479,127.71736453188791,208.08107087822708,-50.78029209095479,-50.78029209095479,220.11548442289745,220.11548442289745,220.11548442289745,220.11548442289745,220.11548442289745,220.11548442289745,0.0,0.0,0.0,169.33519233194266
5823,1985-03-07,-51.11599258846461,126.19286520706683,209.8679241547016,-51.11599258846461,-51.11599258846461,220.47627057856286,220.47627057856286,220.47627057856286,220.47627057856286,220.47627057856286,220.47627057856286,0.0,0.0,0.0,169.36027799009827
5824,1985-03-08,-51.451693085974085,126.73078557218068,210.79957295650848,-51.451693085974085,-51.451693085974085,220.83709670201813,220.83709670201813,220.83709670201813,220.83709670201813,220.83709670201813,220.83709670201813,0.0,0.0,0.0,169.38540361604404
5825,1985-03-11,-52.458794578502854,129.6215493789715,210.27604450078016,-52.458794578502854,-52.458794578502854,221.91979196004382,221.91979196004382,221.91979196004382,221.91979196004382,221.91979196004382,221.91979196004382,0.0,0.0,0.0,169.46099738154098
5826,1985-03-12,-52.79449507601267,127.91990948377452,208.85540760477258,-52.79449507601268,-52.79449507601268,222.28075498941863,222.28075498941863,222.28075498941863,222.28075498941863,222.28075498941863,222.28075498941863,0.0,0.0,0.0,169.48625991340595
5827,1985-03-13,-53.13019557352285,128.89499283076816,209.90933194260913,-53.13019557352285,-53.13019557352285,222.6417464577608,222.6417464577608,222.6417464577608,222.6417464577608,222.6417464577608,222.6417464577608,0.0,0.0,0.0,169.51155088423795
5828,1985-03-14,-53.46589607103232,126.47150047507093,211.40676103451233,-53.46589607103232,-53.46589607103232,223.00276403154209,223.00276403154209,223.00276403154209,223.00276403154209,223.00276403154209,223.00276403154209,0.0,0.0,0.0,169.53686796050977
5829,1985-03-15,-53.80159656854214,126.92771791612219,211.40822411463284,-53.80159656854214,-53.80159656854214,223.3638053679545,223.3638053679545,223.3638053679545,223.3638053679545,223.3638053679545,223.3638053679545,0.0,0.0,0.0,169.56220879941236
5830,1985-03-18,-54.808698061070906,126.37472728618548,213.88197319019025,-54.808698061070906,-54.808698061070906,224.44704838542705,224.44704838542705,224.44704838542705,224.44704838542705,224.44704838542705,224.44704838542705,0.0,0.0,0.0,169.63835032435614
5831,1985-03-19,-55.144398558580384,127.70796896422242,207.28360856864919,-55.144398558580384,-55.144398558580384,224.80816115824908,224.80816115824908,224.80816115824908,224.80816115824908,224.80816115824908,224.80816115824908,0.0,0.0,0.0,169.6637625996687
5832,1985-03-20,-55.480099056090204,131.41572230202615,211.52203373726616,-55.480099056090204,-55.480099056090204,225.16928584004114,225.16928584004114,225.16928584004114,225.16928584004114,225.16928584004114,225.16928584004114,0.0,0.0,0.0,169.68918678395093
5833,1985-03-21,-55.81579955359968,127.79802949300037,213.33544375449839,-55.81579955359968,-55.81579955359968,225.53042003207037,225.53042003207037,225.53042003207037,225.53042003207037,225.53042003207037,225.53042003207037,0.0,0.0,0.0,169.7146204784707
5834,1985-03-22,-56.15150005110915,128.7424555999,213.80120539746449,-56.15150005110915,-56.15150005110915,225.89156132624458,225.89156132624458,225.89156132624458,225.89156132624458,225.89156132624458,225.89156132624458,0.0,0.0,0.0,169.74006127513542
5835,1985-03-25,-57.15860154363792,125.0342833689037,211.6727178150268,-57.15860154363792,-57.15860154363792,226.97500360011168,226.97500360011168,226.97500360011168,226.97500360011168,226.97500360011168,226.97500360011168,0.0,0.0,0.0,169.81640205647375
5836,1985-03-26,-57.49430204114774,125.34018618920506,212.6863856810366,-57.49430204114774,-57.49430204114774,227.3361490343967,227.3361490343967,227.3361490343967,227.3361490343967,227.3361490343967,227.3361490343967,0.0,0.0,0.0,169.84184699324896
5837,1985-03-27,-57.83000253865722,129.61380435292776,213.47686069901215,-57.83000253865722,-57.83000253865722,227.69728938961322,227.69728938961322,227.69728938961322,227.69728938961322,227.69728938961322,227.69728938961322,0.0,0.0,0.0,169.867286850956
5838,1985-03-28,-58.165703036167386,128.8662897768993,209.08498400968327,-58.165703036167386,-58.165703036167386,228.05842220129585,228.05842220129585,228.05842220129585,228.05842220129585,228.05842220129585,228.05842220129585,0.0,0.0,0.0,169.89271916512848
5839,1985-03-29,-58.501403533677205,128.61422946084164,210.79764928560667,-58.501403533677205,-58.501403533677205,228.4195449955475,228.4195449955475,228.4195449955475,228.4195449955475,228.4195449955475,228.4195449955475,0.0,0.0,0.0,169.9181414618703
5840,1985-04-01,-59.50850502620598,129.31284312269815,210.544482281964,-59.50850502620598,-59.50850502620598,229.5028283930775,229.5028283930775,229.5028283930775,229.5028283930775,229.5028283930775,229.5028283930775,0.0,0.0,0.0,169.99432336687153
5841,1985-04-02,-59.84420552371545,129.65911318009705,212.28608700176255,-59.84420552371545,-59.84420552371545,229.8638861896734,229.8638861896734,229.8638861896734,229.8638861896734,229.8638861896734,229.8638861896734,0.0,0.0,0.0,170.01968066595794
5842,1985-04-03,-60.17990602122527,129.83248675300578,211.5046271887498,-60.17990602122527,-60.17990602122527,230.22492145754745,230.22492145754745,230.22492145754745,230.22492145754745,230.22492145754745,230.22492145754745,0.0,0.0,0.0,170.0450154363222
5843,1985-04-04,-60.51560651873475,129.45503133619798,214.33387550924303,-60.51560651873475,-60.51560651873475,230.58593166601398,230.58593166601398,230.58593166601398,230.58593166601398,230.58593166601398,230.58593166601398,0.0,0.0,0.0,170.07032514727922
5844,1985-04-08,-61.85840850877334,127.91398593565401,210.14443280226016,-61.85840850877334,-61.85840850877334,232.0296709594913,232.0296709594913,232.0296709594913,232.0296709594913,232.0296709594913,232.0296709594913,0.0,0.0,0.0,170.17126245071796
5845,1985-04-09,-62.194109006282815,128.35085797411804,212.21002866151213,-62.194109006282815,-62.194109006282815,232.3905175779137,232.3905175779137,232.3905175779137,232.3905175779137,232.3905175779137,232.3905175779137,0.0,0.0,0.0,170.19640857163088
5846,1985-04-10,-62.529809503792286,131.38607789782012,211.5382259228619,-62.529809503792286,-62.529809503792286,232.75132375305975,232.75132375305975,232.75132375305975,232.75132375305975,232.75132375305975,232.75132375305975,0.0,0.0,0.0,170.22151424926747
5847,1985-04-11,-62.865510001302106,126.14204465994086,213.71627266191317,-62.865510001302106,-62.865510001302106,233.11208688757935,233.11208688757935,233.11208688757935,233.11208688757935,233.11208688757935,233.11208688757935,0.0,0.0,0.0,170.24657688627724
5848,1985-04-12,-63.20121049881228,128.26010425310733,210.80305639701885,-63.20121049881228,-63.20121049881228,233.4728043745645,233.4728043745645,233.4728043745645,233.4728043745645,233.4728043745645,233.4728043745645,0.0,0.0,0.0,170.27159387575222
5849,1985-04-15,-64.20831199134105,130.0719767863476,212.62216380118542,-64.20831199134105,-64.20831199134105,234.55465673771252,234.55465673771252,234.55465673771252,234.55465673771252,234.55465673771252,234.55465673771252,0.0,0.0,0.0,170.34634474637147
5850,1985-04-16,-64.54401248885053,127.75874512158201,210.68438028362377,-64.54401248885053,-64.54401248885053,234.91516537406312,234.91516537406312,234.91516537406312,234.91516537406312,234.91516537406312,234.91516537406312,0.0,0.0,0.0,170.3711528852126
5851,1985-04-17,-64.87971298636035,131.23039902953863,214.04722308377774,-64.87971298636035,-64.87971298636035,235.2756151847084,235.2756151847084,235.2756151847084,235.2756151847084,235.2756151847084,235.2756151847084,0.0,0.0,0.0,170.39590219834807
5852,1985-04-18,-65.21541348386981,129.28001914534707,208.72212821968802,-65.21541348386981,-65.21541348386981,235.636003505235,235.636003505235,235.636003505235,235.636003505235,235.636003505235,235.636003505235,0.0,0.0,0.0,170.4205900213652
5853,1985-04-19,-65.55111398137964,129.66144442329943,211.39344587084645,-65.55111398137964,-65.55111398137964,235.9963276616197,235.9963276616197,235.9963276616197,235.9963276616197,235.9963276616197,235.9963276616197,0.0,0.0,0.0,170.44521368024004
5854,1985-04-22,-66.5582154739084,129.8168411293297,210.70411813784304,-66.5582154739084,-66.5582154739084,237.07688826139133,237.07688826139133,237.07688826139133,237.07688826139133,237.07688826139133,237.07688826139133,0.0,0.0,0.0,170.51867278748293
5855,1985-04-23,-66.89391597141788,130.34730448203064,209.1380552916876,-66.89391597141788,-66.89391597141788,237.43692882853267,237.43692882853267,237.43692882853267,237.43692882853267,237.43692882853267,237.43692882853267,0.0,0.0,0.0,170.54301285711477
5856,1985-04-24,-67.2296164689277,126.68403045358299,211.466202841437,-67.2296164689277,-67.2296164689277,237.79689171702574,237.79689171702574,237.79689171702574,237.79689171702574,237.79689171702574,237.79689171702574,0.0,0.0,0.0,170.56727524809804
5857,1985-04-25,-67.56531696643718,127.80816269535562,212.2582333508183,-67.56531696643718,-67.56531696643718,238.15677419504664,238.15677419504664,238.15677419504664,238.15677419504664,238.15677419504664,238.15677419504664,0.0,0.0,0.0,170.59145722860944
5858,1985-04-26,-67.90101746394666,126.89486524209315,212.3292742758033,-67.90101746394666,-67.90101746394666,238.51657352111593,238.51657352111593,238.51657352111593,238.51657352111593,238.51657352111593,238.51657352111593,0.0,0.0,0.0,170.61555605716927
5859,1985-04-29,-68.90811895647612,126.5507633819415,210.30616718636043,-68.90811895647612,-68.90811895647612,239.59544502786093,239.59544502786093,239.59544502786093,239.59544502786093,239.59544502786093,239.59544502786093,0.0,0.0,0.0,170.6873260713848
5860,1985-04-30,-69.24381945398594,127.51873801697556,213.34596177018392,-69.24381945398594,-69.24381945398594,239.95488413801417,239.95488413801417,239.95488413801417,239.95488413801417,239.95488413801417,239.95488413801417,0.0,0.0,0.0,170.71106468402823
5861,1985-05-01,-69.57951995149541,133.0084784017416,212.83508883622775,-69.57951995149541,-69.57951995149541,240.31422624378607,240.31422624378607,240.31422624378607,240.31422624378607,240.31422624378607,240.31422624378607,0.0,0.0,0.0,170.73470629229064
5862,1985-05-02,-69.91522044900489,129.56273220130632,211.4727929107163,-69.91522044900489,-69.91522044900489,240.67346854564622,240.67346854564622,240.67346854564622,240.67346854564622,240.67346854564622,240.67346854564622,0.0,0.0,0.0,170.75824809664132
5863,1985-05-03,-70.25092094651471,125.52113881493742,211.1247092087219,-70.25092094651471,-70.25092094651471,241.03260823437276,241.03260823437276,241.03260823437276,241.03260823437276,241.03260823437276,241.03260823437276,0.0,0.0,0.0,170.78168728785806
5864,1985-05-06,-71.25802243904347,129.8091087652747,210.1077474058619,-71.25802243904347,-71.25802243904347,242.10938338403074,242.10938338403074,242.10938338403074,242.10938338403074,242.10938338403074,242.10938338403074,0.0,0.0,0.0,170.85136094498728
5865,1985-05-07,-71.59372293655295,129.0049337821738,213.30807319498732,-71.59372293655295,-71.59372293655295,242.46808433397604,242.46808433397604,242.46808433397604,242.46808433397604,242.46808433397604,242.46808433397604,0.0,0.0,0.0,170.8743613974231
5866,1985-05-08,-71.92942343406277,130.026504164162,213.3670283745717,-71.92942343406277,-71.92942343406277,242.82666847912273,242.82666847912273,242.82666847912273,242.82666847912273,242.82666847912273,242.82666847912273,0.0,0.0,0.0,170.89724504505995
5867,1985-05-09,-72.26512393157225,129.39093292143784,214.79316367878988,-72.26512393157225,-72.26512393157225,243.18513295199784,243.18513295199784,243.18513295199784,243.18513295199784,243.18513295199784,243.18513295199784,0.0,0.0,0.0,170.9200090204256
5868,1985-05-10,-72.60082442908173,127.26329073050324,213.73903558274856,-72.60082442908173,-72.60082442908173,243.5434748754075,243.5434748754075,243.5434748754075,243.5434748754075,243.5434748754075,243.5434748754075,0.0,0.0,0.0,170.94265044632579
5869,1985-05-13,-73.60792592161118,129.77304645090274,213.90335967856709,-73.60792592161118,-73.60792592161118,244.61773643099858,244.61773643099858,244.61773643099858,244.61773643099858,244.61773643099858,244.61773643099858,0.0,0.0,0.0,171.0098105093874
5870,1985-05-14,-73.943626419121,129.1826408815444,214.8810396319275,-73.943626419121,-73.943626419121,244.9755591900459,244.9755591900459,244.9755591900459,244.9755591900459,244.9755591900459,244.9755591900459,0.0,0.0,0.0,171.03193277092493
5871,1985-05-15,-74.27932691663048,129.4779548641502,211.73919056249676,-74.27932691663048,-74.27932691663048,245.33324486771266,245.33324486771266,245.33324486771266,245.33324486771266,245.33324486771266,245.33324486771266,0.0,0.0,0.0,171.05391795108218
5872,1985-05-16,-74.6150274141403,130.31809049316786,212.83428679415363,-74.6150274141403,-74.6150274141403,245.69079052840624,245.69079052840624,245.69079052840624,245.69079052840624,245.69079052840624,245.69079052840624,0.0,0.0,0.0,171.07576311426595
5873,1985-05-17,-74.95072791164978,131.2474276839974,212.71469848851325,-74.95072791164978,-74.95072791164978,246.0481932267935,246.0481932267935,246.0481932267935,246.0481932267935,246.0481932267935,246.0481932267935,0.0,0.0,0.0,171.09746531514372
5874,1985-05-20,-75.95782940417854,131.95099720818794,215.26698447686994,-75.95782940417854,-75.95782940417854,247.1195139486029,247.1195139486029,247.1195139486029,247.1195139486029,247.1195139486029,247.1195139486029,0.0,0.0,0.0,171.16168454442436
5875,1985-05-21,-76.29352990168802,129.45197244153962,210.01313895649193,-76.29352990168802,-76.29352990168802,247.47631514951374,247.47631514951374,247.47631514951374,247.47631514951374,247.47631514951374,247.47631514951374,0.0,0.0,0.0,171.18278524782573
5876,1985-05-22,-76.62923039919784,129.58570836115197,215.16300371957948,-76.62923039919784,-76.62923039919784,247.8329585152508,247.8329585152508,247.8329585152508,247.8329585152508,247.8329585152508,247.8329585152508,0.0,0.0,0.0,171.20372811605296
5877,1985-05-23,-76.96493089670732,128.88806711292244,211.9148022649879,-76.96493089670732,-76.96493089670732,248.18944104199045,248.18944104199045,248.18944104199045,248.18944104199045,248.18944104199045,248.18944104199045,0.0,0.0,0.0,171.22451014528315
5878,1985-05-24,-77.30063139421713,129.20091170192146,212.31680959572526,-77.30063139421713,-77.30063139421713,248.54575971615586,248.54575971615586,248.54575971615586,248.54575971615586,248.54575971615586,248.54575971615586,0.0,0.0,0.0,171.24512832193872
5879,1985-05-28,-78.64343338425607,128.57556931936577,211.86977075968335,-78.64343338425607,-78.64343338425607,249.96933527417312,249.96933527417312,249.96933527417312,249.96933527417312,249.96933527417312,249.96933527417312,0.0,0.0,0.0,171.32590188991705
5880,1985-05-29,-78.97913388176555,128.7903890011302,210.4298157243341,-78.97913388176555,-78.97913388176555,250.3247891404413,250.3247891404413,250.3247891404413,250.3247891404413,250.3247891404413,250.3247891404413,0.0,0.0,0.0,171.34565525867578
5881,1985-05-30,-79.31483437927537,128.05303303375817,212.8193157917511,-79.31483437927537,-79.31483437927537,250.68006086784612,250.68006086784612,250.68006086784612,250.68006086784612,250.68006086784612,250.68006086784612,0.0,0.0,0.0,171.36522648857076
5882,1985-05-31,-79.65053487678485,130.27049083880217,213.19971807625006,-79.65053487678485,-79.65053487678485,251.03514737453352,251.03514737453352,251.03514737453352,251.03514737453352,251.03514737453352,251.03514737453352,0.0,0.0,0.0,171.38461249774866
5883,1985-06-03,-80.65763636931362,131.94406305868904,213.57591081005867,-80.65763636931362,-80.65763636931362,252.0992646054751,252.0992646054751,252.0992646054751,252.0992646054751,252.0992646054751,252.0992646054751,0.0,0.0,0.0,171.44162823616148
5884,1985-06-04,-80.99333686682344,131.0772563710889,212.77593427894993,-80.99333686682344,-80.99333686682344,252.4535792157237,252.4535792157237,252.4535792157237,252.4535792157237,252.4535792157237,252.4535792157237,0.0,0.0,0.0,171.46024234890024
5885,1985-06-05,-81.3290373643329,128.11018636826563,214.63842357576596,-81.3290373643329,-81.3290373643329,252.80769304972176,252.80769304972176,252.80769304972176,252.80769304972176,252.80769304972176,252.80769304972176,0.0,0.0,0.0,171.47865568538884
5886,1985-06-06,-81.66473786184238,129.0524396029329,213.05627425409048,-81.66473786184238,-81.66473786184238,253.16160296712033,253.16160296712033,253.16160296712033,253.16160296712033,253.16160296712033,253.16160296712033,0.0,0.0,0.0,171.49686510527795
5887,1985-06-07,-82.0004383593522,130.51460824492992,213.1470966873635,-82.0004383593522,-82.0004383593522,253.5153058178249,253.5153058178249,253.5153058178249,253.5153058178249,253.5153058178249,253.5153058178249,0.0,0.0,0.0,171.51486745847268
5888,1985-06-10,-83.00753985188098,131.34987477333775,213.54744801899807,-83.00753985188098,-83.00753985188098,254.57514032274227,254.57514032274227,254.57514032274227,254.57514032274227,254.57514032274227,254.57514032274227,0.0,0.0,0.0,171.5676004708613
5889,1985-06-11,-83.34324034939114,127.55719812300359,211.9878753735599,-83.34324034939114,-83.34324034939114,254.92798321095523,254.92798321095523,254.92798321095523,254.92798321095523,254.92798321095523,254.92798321095523,0.0,0.0,0.0,171.5847428615641
5890,1985-06-12,-83.67894084690062,128.57296390927368,212.50180284616033,-83.67894084690062,-83.67894084690062,255.2806031359441,255.2806031359441,255.2806031359441,255.2806031359441,255.2806031359441,255.2806031359441,0.0,0.0,0.0,171.60166228904347
5891,1985-06-13,-84.01464134441044,130.31261782973263,214.2743898389907,-84.01464134441042,-84.01464134441042,255.6329968892106,255.6329968892106,255.6329968892106,255.6329968892106,255.6329968892106,255.6329968892106,0.0,0.0,0.0,171.61835554480018
5892,1985-06-14,-84.35034184191991,131.18370014315354,213.51123291281817,-84.35034184191991,-84.35034184191991,255.98516125253462,255.98516125253462,255.98516125253462,255.98516125253462,255.98516125253462,255.98516125253462,0.0,0.0,0.0,171.6348194106147
5893,1985-06-17,-85.35744333444869,130.29535950336646,213.76533686203553,-85.35744333444869,-85.35744333444869,257.0402456748868,257.0402456748868,257.0402456748868,257.0402456748868,257.0402456748868,257.0402456748868,0.0,0.0,0.0,171.68280234043812
5894,1985-06-18,-85.69314383195851,131.97841893517838,212.50547507718971,-85.69314383195851,-85.69314383195851,257.39146010192127,257.39146010192127,257.39146010192127,257.39146010192127,257.39146010192127,257.39146010192127,0.0,0.0,0.0,171.69831626996276
5895,1985-06-19,-86.02884432946797,130.38190629593456,211.75397955444234,-86.02884432946797,-86.02884432946797,257.7424289022152,257.7424289022152,257.7424289022152,257.7424289022152,257.7424289022152,257.7424289022152,0.0,0.0,0.0,171.7135845727472
5896,1985-06-20,-86.36454482697745,131.76617673621095,214.01001550390427,-86.36454482697745,-86.36454482697745,258.09314879930145,258.09314879930145,258.09314879930145,258.09314879930145,258.09314879930145,258.09314879930145,0.0,0.0,0.0,171.72860397232398
5897,1985-06-21,-86.70024532448727,127.90857422061957,212.67166504825602,-86.70024532448727,-86.70024532448727,258.44361650702433,258.44361650702433,258.44361650702433,258.44361650702433,258.44361650702433,258.44361650702433,0.0,0.0,0.0,171.74337118253706
5898,1985-06-24,-87.70734681701605,132.68727637164892,214.09481410632347,-87.70734681701605,-87.70734681701605,259.493473487207,259.493473487207,259.493473487207,259.493473487207,259.493473487207,259.493473487207,0.0,0.0,0.0,171.78612667019092
5899,1985-06-25,-88.04304731452552,129.26712635412582,213.21511069777785,-88.04304731452552,-88.04304731452552,259.8428993823021,259.8428993823021,259.8428993823021,259.8428993823021,259.8428993823021,259.8428993823021,0.0,0.0,0.0,171.79985206777658
5900,1985-06-26,-88.37874781203604,129.38350141201505,211.35887072170877,-88.37874781203604,-88.37874781203604,260.19205651209944,260.19205651209944,260.19205651209944,260.19205651209944,260.19205651209944,260.19205651209944,0.0,0.0,0.0,171.8133087000634
5901,1985-06-27,-88.7144483095455,127.95717557088312,213.6067367325376,-88.7144483095455,-88.7144483095455,260.5409415324256,260.5409415324256,260.5409415324256,260.5409415324256,260.5409415324256,260.5409415324256,0.0,0.0,0.0,171.82649322288012
5902,1985-06-28,-89.05014880705498,130.45220662127022,213.52056011601638,-89.05014880705498,-89.05014880705498,260.8895510894624,260.8895510894624,260.8895510894624,260.8895510894624,260.8895510894624,260.8895510894624,0.0,0.0,0.0,171.83940228240738
5903,1985-07-01,-90.05725029958376,127.31874785008418,213.79758626259317,-90.05725029958376,-90.05725029958376,261.93369329811037,261.93369329811037,261.93369329811037,261.93369329811037,261.93369329811037,261.93369329811037,0.0,0.0,0.0,171.8764429985266
5904,1985-07-02,-90.39295079709358,129.38983251148863,213.03683439554203,-90.39295079709358,-90.39295079709358,262.28116727114,262.28116727114,262.28116727114,262.28116727114,262.28116727114,262.28116727114,0.0,0.0,0.0,171.88821647404643
5905,1985-07-03,-90.72865129460305,129.74162593651488,217.54012478972652,-90.72865129460305,-90.72865129460305,262.62834886736,262.62834886736,262.62834886736,262.62834886736,262.62834886736,262.62834886736,0.0,0.0,0.0,171.89969757275693
5906,1985-07-05,-91.40005228962234,128.07974910135695,213.5693828107986,-91.40005228962234,-91.40005228962234,263.321821273651,263.321821273651,263.321821273651,263.321821273651,263.321821273651,263.321821273651,0.0,0.0,0.0,171.92176898402863
5907,1985-07-08,-92.40715378215111,133.355744647613,217.37865642875516,-92.40715378215111,-92.40715378215111,264.3597514572411,264.3597514572411,264.3597514572411,264.3597514572411,264.3597514572411,264.3597514572411,0.0,0.0,0.0,171.95259767508998
5908,1985-07-09,-92.74285427966093,127.66308945322433,213.73616109852944,-92.74285427966095,-92.74285427966095,264.70510681511706,264.70510681511706,264.70510681511706,264.70510681511706,264.70510681511706,264.70510681511706,0.0,0.0,0.0,171.96225253545612
5909,1985-07-10,-93.07855477717041,129.08679989472435,214.44265240159575,-93.07855477717041,-93.07855477717041,265.0501457144079,265.0501457144079,265.0501457144079,265.0501457144079,265.0501457144079,265.0501457144079,0.0,0.0,0.0,171.9715909372375
5910,1985-07-11,-93.41425527468058,132.61049567005767,213.74499872553488,-93.41425527468058,-93.41425527468058,265.3948646766569,265.3948646766569,265.3948646766569,265.3948646766569,265.3948646766569,265.3948646766569,0.0,0.0,0.0,171.9806094019763
5911,1985-07-12,-93.7499557721904,130.27279989698414,211.17635904342143,-93.7499557721904,-93.7499557721904,265.739260213887,265.739260213887,265.739260213887,265.739260213887,265.739260213887,265.739260213887,0.0,0.0,0.0,171.98930444169662
5912,1985-07-15,-94.75705726471917,128.6537627981384,213.96914356347975,-94.75705726471917,-94.75705726471917,266.7704712531347,266.7704712531347,266.7704712531347,266.7704712531347,266.7704712531347,266.7704712531347,0.0,0.0,0.0,172.01341398841555
5913,1985-07-16,-95.09275776222864,133.6484325719836,212.88328154068623,-95.09275776222864,-95.09275776222864,267.113538020519,267.113538020519,267.113538020519,267.113538020519,267.113538020519,267.113538020519,0.0,0.0,0.0,172.02078025829036
5914,1985-07-17,-95.42845825973812,130.16153064122602,214.7249595990151,-95.42845825973812,-95.42845825973812,267.45626378059893,267.45626378059893,267.45626378059893,267.45626378059893,267.45626378059893,267.45626378059893,0.0,0.0,0.0,172.0278055208608
5915,1985-07-18,-95.76415875724794,130.9084029499062,214.4253478269619,-95.76415875724794,-95.76415875724794,267.79864498852095,267.79864498852095,267.79864498852095,267.79864498852095,267.79864498852095,267.79864498852095,0.0,0.0,0.0,172.034486231273
5916,1985-07-19,-96.09985925475742,132.83844158971908,213.41742409296074,-96.09985925475742,-96.09985925475742,268.14067808999334,268.14067808999334,268.14067808999334,268.14067808999334,268.14067808999334,268.14067808999334,0.0,0.0,0.0,172.04081883523594
5917,1985-07-22,-97.10696074728618,129.82016011131333,213.67221262635425,-97.1069607472862,-97.1069607472862,269.1646530715231,269.1646530715231,269.1646530715231,269.1646530715231,269.1646530715231,269.1646530715231,0.0,0.0,0.0,172.05769232423694
5918,1985-07-23,-97.442661244796,127.31759248591459,213.24317166153796,-97.442661244796,-97.442661244796,269.5052580160081,269.5052580160081,269.5052580160081,269.5052580160081,269.5052580160081,269.5052580160081,0.0,0.0,0.0,172.0625967712121
5919,1985-07-24,-97.77836174230548,131.16007928222308,214.26344080073414,-97.77836174230548,-97.77836174230548,269.8454969414982,269.8454969414982,269.8454969414982,269.8454969414982,269.8454969414982,269.8454969414982,0.0,0.0,0.0,172.0671351991927
5920,1985-07-25,-98.11406223981496,131.656963479428,215.32911899629468,-98.11406223981496,-98.11406223981496,270.1853662373637,270.1853662373637,270.1853662373637,270.1853662373637,270.1853662373637,270.1853662373637,0.0,0.0,0.0,172.07130399754877
5921,1985-07-26,-98.44976273732478,129.70123212546505,208.5617173947843,-98.44976273732478,-98.44976273732478,270.5248622836338,270.5248622836338,270.5248622836338,270.5248622836338,270.5248622836338,270.5248622836338,0.0,0.0,0.0,172.07509954630905
5922,1985-07-29,-99.45686422985423,129.25951953159753,211.66549201497503,-99.45686422985423,-99.45686422985423,271.5410745853863,271.5410745853863,271.5410745853863,271.5410745853863,271.5410745853863,271.5410745853863,0.0,0.0,0.0,172.08421035553206
5923,1985-07-30,-99.79256472736371,131.31478309451273,208.74277173624807,-99.79256472736371,-99.79256472736371,271.8790412473019,271.8790412473019,271.8790412473019,271.8790412473019,271.8790412473019,271.8790412473019,0.0,0.0,0.0,172.08647651993823
5924,1985-07-31,-100.12826522487353,129.23540376938791,212.32061153296934,-100.12826522487353,-100.12826522487353,272.21661642020365,272.21661642020365,272.21661642020365,272.21661642020365,272.21661642020365,272.21661642020365,0.0,0.0,0.0,172.08835119533012
5925,1985-08-01,-100.46396572238301,128.25413161118465,212.38837933958843,-100.46396572238301,-100.46396572238301,272.5537964284053,272.5537964284053,272.5537964284053,272.5537964284053,272.5537964284053,272.5537964284053,0.0,0.0,0.0,172.08983070602227
5926,1985-08-02,-100.79966621989249,131.94287667408852,210.3521907197724,-100.79966621989249,-100.79966621989249,272.8905775869919,272.8905775869919,272.8905775869919,272.8905775869919,272.8905775869919,272.8905775869919,0.0,0.0,0.0,172.09091136709944
5927,1985-08-05,-101.80676771242125,130.05212653540315,215.37413643642424,-101.80676771242125,-101.80676771242125,273.898490977828,273.898490977828,273.898490977828,273.898490977828,273.898490977828,273.898490977828,0.0,0.0,0.0,172.09172326540673
5928,1985-08-06,-102.14246820993107,129.39639526337146,211.14679554624192,-102.14246820993107,-102.14246820993107,274.23363970481876,274.23363970481876,274.23363970481876,274.23363970481876,274.23363970481876,274.23363970481876,0.0,0.0,0.0,172.0911714948877
5929,1985-08-07,-102.47816870744055,131.88018264935386,212.53920056969582,-102.47816870744055,-102.47816870744055,274.5683710197871,274.5683710197871,274.5683710197871,274.5683710197871,274.5683710197871,274.5683710197871,0.0,0.0,0.0,172.09020231234655
5930,1985-08-08,-102.81386920495036,131.60472956237487,214.28433219211172,-102.81386920495036,-102.81386920495036,274.9026811828105,274.9026811828105,274.9026811828105,274.9026811828105,274.9026811828105,274.9026811828105,0.0,0.0,0.0,172.08881197786013
5931,1985-08-09,-103.14956970245984,129.67490301311724,211.80697683371147,-103.14956970245984,-103.14956970245984,275.23656644486437,275.23656644486437,275.23656644486437,275.23656644486437,275.23656644486437,275.23656644486437,0.0,0.0,0.0,172.08699674240452
5932,1985-08-12,-104.1566711949893,132.0926261042182,213.70781264466,-104.1566711949893,-104.1566711949893,276.23563519880054,276.23563519880054,276.23563519880054,276.23563519880054,276.23563519880054,276.23563519880054,0.0,0.0,0.0,172.07896400381122
5933,1985-08-13,-104.49237169249878,133.07791224580924,214.4803172407194,-104.49237169249878,-104.49237169249878,276.5677831853247,276.5677831853247,276.5677831853247,276.5677831853247,276.5677831853247,276.5677831853247,0.0,0.0,0.0,172.0754114928259
5934,1985-08-14,-104.8280721900086,134.6987473963789,212.97020844804413,-104.8280721900086,-104.8280721900086,276.89948738987977,276.89948738987977,276.89948738987977,276.89948738987977,276.89948738987977,276.89948738987977,0.0,0.0,0.0,172.07141519987118
5935,1985-08-15,-105.16377268751808,131.98085132254215,213.1341218391724,-105.16377268751808,-105.16377268751808,277.23074400923156,277.23074400923156,277.23074400923156,277.23074400923156,277.23074400923156,277.23074400923156,0.0,0.0,0.0,172.06697132171348
5936,1985-08-16,-105.49947318502755,128.94937807054706,211.78193809656705,-105.49947318502757,-105.49947318502757,277.56154923118424,277.56154923118424,277.56154923118424,277.56154923118424,277.56154923118424,277.56154923118424,0.0,0.0,0.0,172.06207604615668
5937,1985-08-19,-106.50657467755667,129.70054747179282,214.9730384098484,-106.50657467755667,-106.50657467755667,278.5512182566865,278.5512182566865,278.5512182566865,278.5512182566865,278.5512182566865,278.5512182566865,0.0,0.0,0.0,172.04464357912985
5938,1985-08-20,-106.84227517506615,131.71924379638617,213.45895730793586,-106.84227517506615,-106.84227517506615,278.8801795885711,278.8801795885711,278.8801795885711,278.8801795885711,278.8801795885711,278.8801795885711,0.0,0.0,0.0,172.03790441350492
5939,1985-08-21,-107.17797567257561,129.95969608856984,214.65317276667375,-107.17797567257561,-107.17797567257561,279.20867032838805,279.20867032838805,279.20867032838805,279.20867032838805,279.20867032838805,279.20867032838805,0.0,0.0,0.0,172.03069465581245
5940,1985-08-22,-107.51367617008543,131.1778661324722,210.69833731088937,-107.51367617008543,-107.51367617008543,279.5366866106221,279.5366866106221,279.5366866106221,279.5366866106221,279.5366866106221,279.5366866106221,0.0,0.0,0.0,172.02301044053667
5941,1985-08-23,-107.84937666759491,129.50278224809594,211.66668018977822,-107.84937666759491,-107.84937666759491,279.864224560952,279.864224560952,279.864224560952,279.864224560952,279.864224560952,279.864224560952,0.0,0.0,0.0,172.01484789335706
5942,1985-08-26,-108.85647816012438,131.55113137178614,213.70335289253325,-108.85647816012438,-108.85647816012438,280.8439295456918,280.8439295456918,280.8439295456918,280.8439295456918,280.8439295456918,280.8439295456918,0.0,0.0,0.0,171.98745138556745
5943,1985-08-27,-109.19217865763385,132.1340327649119,211.84685420603697,-109.19217865763385,-109.19217865763385,281.16951524988116,281.16951524988116,281.16951524988116,281.16951524988116,281.16951524988116,281.16951524988116,0.0,0.0,0.0,171.9773365922473
5944,1985-08-28,-109.52787915514367,132.65459865310584,212.32373013679674,-109.52787915514367,-109.52787915514367,281.4946031192903,281.4946031192903,281.4946031192903,281.4946031192903,281.4946031192903,281.4946031192903,0.0,0.0,0.0,171.9667239641466
5945,1985-08-29,-109.86357965265314,128.82323490661003,211.98416202485865,-109.86357965265314,-109.86357965265314,281.81918922726305,281.81918922726305,281.81918922726305,281.81918922726305,281.81918922726305,281.81918922726305,0.0,0.0,0.0,171.95560957460992
5946,1985-08-30,-110.19928015016296,132.6080688205823,213.92804155954002,-110.19928015016296,-110.19928015016296,282.14326963850715,282.14326963850715,282.14326963850715,282.14326963850715,282.14326963850715,282.14326963850715,0.0,0.0,0.0,171.9439894883442
5947,1985-09-03,-111.54208214020122,130.3745567680994,216.00504829984644,-111.54208214020122,-111.54208214020122,283.43445530959167,283.43445530959167,283.43445530959167,283.43445530959167,283.43445530959167,283.43445530959167,0.0,0.0,0.0,171.89237316939045
5948,1985-09-04,-111.87778263771104,129.21378283161513,212.46758924440414,-111.87778263771104,-111.87778263771104,283.7559479074162,283.7559479074162,283.7559479074162,283.7559479074162,283.7559479074162,283.7559479074162,0.0,0.0,0.0,171.87816526970516
5949,1985-09-05,-112.2134831352205,131.6503909066848,213.85622752171287,-112.2134831352205,-112.2134831352205,284.07691101689534,284.07691101689534,284.07691101689534,284.07691101689534,284.07691101689534,284.07691101689534,0.0,0.0,0.0,171.86342788167485
5950,1985-09-06,-112.54918363272998,128.0857448976903,214.12924666246892,-112.54918363272998,-112.54918363272998,284.3973406430339,284.3973406430339,284.3973406430339,284.3973406430339,284.3973406430339,284.3973406430339,0.0,0.0,0.0,171.8481570103039
5951,1985-09-09,-113.55628512525875,129.43437537365756,212.00758431830803,-113.55628512525875,-113.55628512525875,285.35538854534104,285.35538854534104,285.35538854534104,285.35538854534104,285.35538854534104,285.35538854534104,0.0,0.0,0.0,171.7991034200823
5952,1985-09-10,-113.89198562276927,132.47429167795934,213.45676888284444,-113.89198562276927,-113.89198562276927,285.67364412021567,285.67364412021567,285.67364412021567,285.67364412021567,285.67364412021567,285.67364412021567,0.0,0.0,0.0,171.78165849744641
5953,1985-09-11,-114.22768612027875,128.68112455942946,214.90432725479238,-114.22768612027875,-114.22768612027875,285.99134611106416,285.99134611106416,285.99134611106416,285.99134611106416,285.99134611106416,285.99134611106416,0.0,0.0,0.0,171.7636599907854
5954,1985-09-12,-114.56338661778821,131.74000207579914,213.3294280526827,-114.56338661778821,-114.56338661778821,286.3084904728121,286.3084904728121,286.3084904728121,286.3084904728121,286.3084904728121,286.3084904728121,0.0,0.0,0.0,171.74510385502387
5955,1985-09-13,-114.89908711529803,127.59358379202428,213.06873342681044,-114.89908711529802,-114.89908711529802,286.62507315214134,286.62507315214134,286.62507315214134,286.62507315214134,286.62507315214134,286.62507315214134,0.0,0.0,0.0,171.72598603684332
5956,1985-09-16,-115.9061886078268,132.30588849519177,210.93194980664347,-115.9061886078268,-115.9061886078268,287.57141043944245,287.57141043944245,287.57141043944245,287.57141043944245,287.57141043944245,287.57141043944245,0.0,0.0,0.0,171.66522183161564
5957,1985-09-17,-116.24188910533628,128.61042575475707,211.0143746560108,-116.24188910533628,-116.24188910533628,287.8857056921403,287.8857056921403,287.8857056921403,287.8857056921403,287.8857056921403,287.8857056921403,0.0,0.0,0.0,171.643816586804
5958,1985-09-18,-116.5775896028461,131.73501798792518,211.5317838456842,-116.5775896028461,-116.5775896028461,288.19941887326905,288.19941887326905,288.19941887326905,288.19941887326905,288.19941887326905,288.19941887326905,0.0,0.0,0.0,171.62182927042295
5959,1985-09-19,-116.91329010035558,128.00492395469618,214.3290973827726,-116.91329010035558,-116.91329010035558,288.5125458807076,288.5125458807076,288.5125458807076,288.5125458807076,288.5125458807076,288.5125458807076,0.0,0.0,0.0,171.599255780352
5960,1985-09-20,-117.24899059786505,130.62471160599227,216.8729007624729,-117.24899059786505,-117.24899059786505,288.8250826043127,288.8250826043127,288.8250826043127,288.8250826043127,288.8250826043127,288.8250826043127,0.0,0.0,0.0,171.57609200644765
5961,1985-09-23,-118.25609209039416,129.80425292263396,213.65262993739768,-118.25609209039416,-118.25609209039416,289.759109851059,289.759109851059,289.759109851059,289.759109851059,289.759109851059,289.759109851059,0.0,0.0,0.0,171.50301776066485
5962,1985-09-24,-118.59179258790364,127.46137245076963,215.58953444017774,-118.59179258790364,-118.59179258790364,290.06924417861967,290.06924417861967,290.06924417861967,290.06924417861967,290.06924417861967,290.06924417861967,0.0,0.0,0.0,171.47745159071604
5963,1985-09-25,-118.92749308541381,131.7737470561115,213.9186033659725,-118.92749308541381,-118.92749308541381,290.37876755246754,290.37876755246754,290.37876755246754,290.37876755246754,290.37876755246754,290.37876755246754,0.0,0.0,0.0,171.45127446705374
5964,1985-09-26,-119.26319358292363,129.9969727129216,213.72204024204706,-119.26319358292363,-119.26319358292363,290.68767581503255,290.68767581503255,290.68767581503255,290.68767581503255,290.68767581503255,290.68767581503255,0.0,0.0,0.0,171.42448223210891
5965,1985-09-30,-120.60599557296187,128.74710163891464,213.3488082796727,-120.60599557296187,-120.60599557296187,291.9170743293669,291.9170743293669,291.9170743293669,291.9170743293669,291.9170743293669,291.9170743293669,0.0,0.0,0.0,171.31107875640504
5966,1985-10-01,-120.94169607047135,129.9918756016334,213.47717156209814,-120.94169607047135,-120.94169607047135,292.22284440077345,292.22284440077345,292.22284440077345,292.22284440077345,292.22284440077345,292.22284440077345,0.0,0.0,0.0,171.2811483303021
5967,1985-10-02,-121.27739656798117,128.29574802239094,212.60885208366923,-121.27739656798117,-121.27739656798117,292.5279742532655,292.5279742532655,292.5279742532655,292.5279742532655,292.5279742532655,292.5279742532655,0.0,0.0,0.0,171.25057768528433
5968,1985-10-03,-121.61309706549065,128.18074247417283,216.1708885116122,-121.61309706549065,-121.61309706549065,292.8324596755407,292.8324596755407,292.8324596755407,292.8324596755407,292.8324596755407,292.8324596755407,0.0,0.0,0.0,171.21936261005004
5969,1985-10-04,-121.94879756300047,130.48035832337962,214.17446579292425,-121.94879756300047,-121.94879756300047,293.1362964487692,293.1362964487692,293.1362964487692,293.1362964487692,293.1362964487692,293.1362964487692,0.0,0.0,0.0,171.18749888576872
5970,1985-10-07,-122.95589905552923,132.11530000515359,214.69236378346395,-122.95589905552923,-122.95589905552923,294.04387257373804,294.04387257373804,294.04387257373804,294.04387257373804,294.04387257373804,294.04387257373804,0.0,0.0,0.0,171.0879735182088
5971,1985-10-08,-123.29159955303871,132.54100398127542,209.99476849265952,-123.29159955303871,-123.29159955303871,294.3450724132356,294.3450724132356,294.3450724132356,294.3450724132356,294.3450724132356,294.3450724132356,0.0,0.0,0.0,171.05347286019688
5972,1985-10-09,-123.62730005054853,126.19405748810972,213.92323857355527,-123.62730005054851,-123.62730005054851,294.64560239794264,294.64560239794264,294.64560239794264,294.64560239794264,294.64560239794264,294.64560239794264,0.0,0.0,0.0,171.01830234739413
5973,1985-10-10,-123.39375228670605,128.55348296061618,212.68433684265807,-123.39375228670605,-123.39375228670605,294.94545826466475,294.94545826466475,294.94545826466475,294.94545826466475,294.94545826466475,294.94545826466475,0.0,0.0,0.0,171.5517059779587
5974,1985-10-11,-123.16020452286426,131.65282658385263,211.96476747266973,-123.16020452286426,-123.16020452286426,295.2446357429511,295.2446357429511,295.2446357429511,295.2446357429511,295.2446357429511,295.2446357429511,0.0,0.0,0.0,172.08443122008686
5975,1985-10-14,-122.45956123133821,133.75597612414563,215.92870010134885,-122.45956123133821,-122.45956123133821,296.1380550347022,296.1380550347022,296.1380550347022,296.1380550347022,296.1380550347022,296.1380550347022,0.0,0.0,0.0,173.67849380336395
5976,1985-10-15,-122.22601346749643,133.62226160055025,216.248147950855,-122.22601346749643,-122.22601346749643,296.43447611104136,296.43447611104136,296.43447611104136,296.43447611104136,296.43447611104136,296.43447611104136,0.0,0.0,0.0,174.20846264354492
5977,1985-10-16,-121.99246570365429,131.9842486825352,216.9834395631548,-121.99246570365429,-121.99246570365429,296.7301973392779,296.7301973392779,296.7301973392779,296.7301973392779,296.7301973392779,296.7301973392779,0.0,0.0,0.0,174.7377316356236
5978,1985-10-17,-121.7589179398125,135.98062182376398,218.91853431566392,-121.7589179398125,-121.7589179398125,297.02521440628516,297.02521440628516,297.02521440628516,297.02521440628516,297.02521440628516,297.02521440628516,0.0,0.0,0.0,175.26629646647265
5979,1985-10-18,-121.52537017597038,134.87372353842255,216.66452707872116,-121.52537017597038,-121.52537017597038,297.31952299197167,297.31952299197167,297.31952299197167,297.31952299197167,297.31952299197167,297.31952299197167,0.0,0.0,0.0,175.7941528160013
5980,1985-10-21,-120.82472688444467,137.17212703426816,218.3441180759114,-120.82472688444467,-120.82472688444467,298.19815455660284,298.19815455660284,298.19815455660284,298.19815455660284,298.19815455660284,298.19815455660284,0.0,0.0,0.0,177.3734276721582
5981,1985-10-22,-120.59117912060255,136.81412196282002,219.28668690532425,-120.59117912060255,-120.59117912060255,298.4895858782797,298.4895858782797,298.4895858782797,298.4895858782797,298.4895858782797,298.4895858782797,0.0,0.0,0.0,177.89840675767715
5982,1985-10-23,-120.35763135676075,140.3458538063892,221.92745076501257,-120.35763135676075,-120.35763135676075,298.7802870152034,298.7802870152034,298.7802870152034,298.7802870152034,298.7802870152034,298.7802870152034,0.0,0.0,0.0,178.42265565844264
5983,1985-10-24,-120.12408359291896,140.5005368100426,221.63586484615553,-120.12408359291896,-120.12408359291896,299.07025360640154,299.07025360640154,299.07025360640154,299.07025360640154,299.07025360640154,299.07025360640154,0.0,0.0,0.0,178.94617001348257
5984,1985-10-25,-119.89053582907648,140.03528528051547,223.96145991818008,-119.89053582907648,-119.89053582907648,299.35948128424286,299.35948128424286,299.35948128424286,299.35948128424286,299.35948128424286,299.35948128424286,0.0,0.0,0.0,179.46894545516636
5985,1985-10-28,-119.18989253755043,135.79875365474038,222.0934612446215,-119.18989253755043,-119.18989253755043,300.22268706241204,300.22268706241204,300.22268706241204,300.22268706241204,300.22268706241204,300.22268706241204,0.0,0.0,0.0,181.0327945248616
5986,1985-10-29,-118.95634477370865,137.49927704674536,220.4196068703007,-118.95634477370865,-118.95634477370865,300.50891527896437,300.50891527896437,300.50891527896437,300.50891527896437,300.50891527896437,300.50891527896437,0.0,0.0,0.0,181.55257050525572
5987,1985-10-30,-118.72279700986653,142.06054166148215,223.7529424744045,-118.72279700986653,-118.72279700986653,300.7943826457436,300.7943826457436,300.7943826457436,300.7943826457436,300.7943826457436,300.7943826457436,0.0,0.0,0.0,182.07158563587708
5988,1985-10-31,-118.48924924602474,141.0922636246651,222.58435110215694,-118.48924924602474,-118.48924924602474,301.07908475614084,301.07908475614084,301.07908475614084,301.07908475614084,301.07908475614084,301.07908475614084,0.0,0.0,0.0,182.5898355101161
5989,1985-11-01,-118.25570148218294,142.05812908180778,225.66133516221737,-118.25570148218293,-118.25570148218293,301.3630171972137,301.3630171972137,301.3630171972137,301.3630171972137,301.3630171972137,301.3630171972137,0.0,0.0,0.0,183.10731571503078
5990,1985-11-04,-117.5550581906569,140.86826147043155,225.29488097069407,-117.5550581906569,-117.5550581906569,302.2101522811043,302.2101522811043,302.2101522811043,302.2101522811043,302.2101522811043,302.2101522811043,0.0,0.0,0.0,184.6550940904474
5991,1985-11-05,-117.32151042681511,143.0701089529995,223.81906822205724,-117.32151042681511,-117.32151042681511,302.4909617905154,302.4909617905154,302.4909617905154,302.4909617905154,302.4909617905154,302.4909617905154,0.0,0.0,0.0,185.16945136370032
5992,1985-11-06,-117.08796266297298,141.43233780928134,228.86705008487903,-117.08796266297298,-117.08796266297298,302.77097947260955,302.77097947260955,302.77097947260955,302.77097947260955,302.77097947260955,302.77097947260955,0.0,0.0,0.0,185.68301680963657
5993,1985-11-07,-116.8544148991312,143.20844683626783,223.6918486200022,-116.8544148991312,-116.8544148991312,303.0502008774757,303.0502008774757,303.0502008774757,303.0502008774757,303.0502008774757,303.0502008774757,0.0,0.0,0.0,186.19578597834447
5994,1985-11-08,-116.62086713528906,144.63324262833956,229.6557726586835,-116.62086713528907,-116.62086713528907,303.32862154921406,303.32862154921406,303.32862154921406,303.32862154921406,303.32862154921406,303.32862154921406,0.0,0.0,0.0,186.707754413925
5995,1985-11-11,-115.92022384376301,146.36838153879333,227.64504033809723,-115.92022384376301,-115.92022384376301,304.1590345179159,304.1590345179159,304.1590345179159,304.1590345179159,304.1590345179159,304.1590345179159,0.0,0.0,0.0,188.23881067415292
5996,1985-11-12,-115.68667607992087,148.32276348010768,230.71118113326787,-115.68667607992087,-115.68667607992087,304.43420758017004,304.43420758017004,304.43420758017004,304.43420758017004,304.43420758017004,304.43420758017004,0.0,0.0,0.0,188.74753150024918
5997,1985-11-13,-115.45312831607909,147.49842077735585,232.96042735446676,-115.45312831607909,-115.45312831607909,304.70855754176426,304.70855754176426,304.70855754176426,304.70855754176426,304.70855754176426,304.70855754176426,0.0,0.0,0.0,189.2554292256852
5998,1985-11-14,-115.21958055223696,149.01304873349613,231.8195567299601,-115.21958055223696,-115.21958055223696,304.9820799119475,304.9820799119475,304.9820799119475,304.9820799119475,304.9820799119475,304.9820799119475,0.0,0.0,0.0,189.76249935971055
5999,1985-11-15,-114.98603278839518,147.8343578529029,231.565132001137,-114.98603278839519,-114.98603278839519,305.25477019434203,305.25477019434203,305.25477019434203,305.25477019434203,305.25477019434203,305.25477019434203,0.0,0.0,0.0,190.26873740594687
6000,1985-11-18,-114.28538949686912,150.28509190051375,232.16302378394548,-114.28538949686912,-114.28538949686912,306.06780346774906,306.06780346774906,306.06780346774906,306.06780346774906,306.06780346774906,306.06780346774906,0.0,0.0,0.0,191.78241397087993
6001,1985-11-19,-114.05184173302733,153.1660207499129,233.86372224226426,-114.05184173302733,-114.05184173302733,306.3371203245643,306.3371203245643,306.3371203245643,306.3371203245643,306.3371203245643,306.3371203245643,0.0,0.0,0.0,192.28527859153695
6002,1985-11-20,-113.8182939691852,149.3511521046988,235.86882363154172,-113.8182939691852,-113.8182939691852,306.6055825291887,306.6055825291887,306.6055825291887,306.6055825291887,306.6055825291887,306.6055825291887,0.0,0.0,0.0,192.7872885600035
6003,1985-11-21,-113.58474620534342,151.96214418194396,236.60486847835443,-113.58474620534342,-113.58474620534342,306.8731855526188,306.8731855526188,306.8731855526188,306.8731855526188,306.8731855526188,306.8731855526188,0.0,0.0,0.0,193.28843934727536
6004,1985-11-22,-113.35119844150164,153.9910932573674,237.08586521227517,-113.35119844150164,-113.35119844150164,307.1399248606055,307.1399248606055,307.1399248606055,307.1399248606055,307.1399248606055,307.1399248606055,0.0,0.0,0.0,193.78872641910385
6005,1985-11-25,-112.65055514997523,154.72456652046162,236.5196165681939,-112.65055514997523,-112.65055514997523,307.93491507189714,307.93491507189714,307.93491507189714,307.93491507189714,307.93491507189714,307.93491507189714,0.0,0.0,0.0,195.28435992192192
6006,1985-11-26,-112.41700738613311,153.7808730491191,238.99310355647714,-112.41700738613311,-112.41700738613311,308.1981540726589,308.1981540726589,308.1981540726589,308.1981540726589,308.1981540726589,308.1981540726589,0.0,0.0,0.0,195.7811466865258
6007,1985-11-27,-112.18345962229131,152.9299237269043,236.18314926622793,-112.18345962229131,-112.18345962229131,308.46050661000766,308.46050661000766,308.46050661000766,308.46050661000766,308.46050661000766,308.46050661000766,0.0,0.0,0.0,196.27704698771635
6008,1985-11-29,-111.7163640946074,152.9397128160886,239.7220189622239,-111.7163640946074,-111.7163640946074,308.98253403145617,308.98253403145617,308.98253403145617,308.98253403145617,308.98253403145617,308.98253403145617,0.0,0.0,0.0,197.26616993684877
6009,1985-12-02,-111.01572080308169,155.25689165137723,240.10307330242716,-111.01572080308169,-111.01572080308169,309.7588124181975,309.7588124181975,309.7588124181975,309.7588124181975,309.7588124181975,309.7588124181975,0.0,0.0,0.0,198.74309161511582
6010,1985-12-03,-110.78217303923957,159.5475541397048,239.96438138825974,-110.78217303923957,-110.78217303923957,310.01575015209875,310.01575015209875,310.01575015209875,310.01575015209875,310.01575015209875,310.01575015209875,0.0,0.0,0.0,199.23357711285917
6011,1985-12-04,-110.54862527539777,157.43455508670343,242.32626509184522,-110.54862527539777,-110.54862527539777,310.2717693710576,310.2717693710576,310.2717693710576,310.2717693710576,310.2717693710576,310.2717693710576,0.0,0.0,0.0,199.72314409565982
6012,1985-12-05,-110.31507751155564,160.54266505134146,239.6555246752782,-110.31507751155564,-110.31507751155564,310.52686547783765,310.52686547783765,310.52686547783765,310.52686547783765,310.52686547783765,310.52686547783765,0.0,0.0,0.0,200.211787966282
6013,1985-12-06,-110.08152974771386,160.1159909719916,242.25784688153257,-110.08152974771386,-110.08152974771386,310.7810338707718,310.7810338707718,310.7810338707718,310.7810338707718,310.7810338707718,310.7810338707718,0.0,0.0,0.0,200.69950412305795
6014,1985-12-09,-109.38088645618745,158.49788516463707,242.4618788430781,-109.38088645618745,-109.38088645618745,311.53792668463433,311.53792668463433,311.53792668463433,311.53792668463433,311.53792668463433,311.53792668463433,0.0,0.0,0.0,202.15704022844687
6015,1985-12-10,-109.14733869234567,161.15907107014885,248.53980977118877,-109.14733869234567,-109.14733869234567,311.78833811902115,311.78833811902115,311.78833811902115,311.78833811902115,311.78833811902115,311.78833811902115,0.0,0.0,0.0,202.64099942667548
6016,1985-12-11,-108.91379092850354,159.35725192054204,244.6909225151426,-108.91379092850354,-108.91379092850354,312.03779876689805,312.03779876689805,312.03779876689805,312.03779876689805,312.03779876689805,312.03779876689805,0.0,0.0,0.0,203.1240078383945
6017,1985-12-12,-108.68024316466176,161.15245323810615,242.33486815836898,-108.68024316466176,-108.68024316466176,312.2863040013015,312.2863040013015,312.2863040013015,312.2863040013015,312.2863040013015,312.2863040013015,0.0,0.0,0.0,203.60606083663976
6018,1985-12-13,-108.44669540081962,164.18232781303863,248.20741690920954,-108.44669540081962,-108.44669540081962,312.53384919127046,312.53384919127046,312.53384919127046,312.53384919127046,312.53384919127046,312.53384919127046,0.0,0.0,0.0,204.08715379045083
6019,1985-12-16,-107.74605210929391,162.70965799146867,247.0556196801416,-107.74605210929391,-107.74605210929391,313.27067812633715,313.27067812633715,313.27067812633715,313.27067812633715,313.27067812633715,313.27067812633715,0.0,0.0,0.0,205.52462601704323
6020,1985-12-17,-107.51250434545179,161.44781145361236,249.1774136627223,-107.51250434545179,-107.51250434545179,313.5143367512431,313.5143367512431,313.5143367512431,313.5143367512431,313.5143367512431,313.5143367512431,0.0,0.0,0.0,206.0018324057913
6021,1985-12-18,-107.27895658161,163.44870323060863,245.69746599979987,-107.27895658161,-107.27895658161,313.75701211918624,313.75701211918624,313.75701211918624,313.75701211918624,313.75701211918624,313.75701211918624,0.0,0.0,0.0,206.47805553757624
6022,1985-12-19,-107.04540881776786,164.93074082241716,248.65272432101722,-107.04540881776786,-107.04540881776786,313.9986995765684,313.9986995765684,313.9986995765684,313.9986995765684,313.9986995765684,313.9986995765684,0.0,0.0,0.0,206.95329075880056
6023,1985-12-20,-106.81186105392608,163.26294545657177,248.3253919994558,-106.81186105392608,-106.81186105392608,314.2393944662462,314.2393944662462,314.2393944662462,314.2393944662462,314.2393944662462,314.2393944662462,0.0,0.0,0.0,207.42753341232014
6024,1985-12-23,-106.11121776240037,167.56430738544017,247.4386863076112,-106.11121776240037,-106.11121776240037,314.9554771058342,314.9554771058342,314.9554771058342,314.9554771058342,314.9554771058342,314.9554771058342,0.0,0.0,0.0,208.8442593434338
6025,1985-12-24,-105.87766999855789,168.2474400953506,253.33066468246923,-105.87766999855788,-105.87766999855788,315.1921550846796,315.1921550846796,315.1921550846796,315.1921550846796,315.1921550846796,315.1921550846796,0.0,0.0,0.0,209.3144850861217
6026,1985-12-26,-105.41057447087398,169.54410334085105,252.1060931880061,-105.41057447087398,-105.41057447087398,315.66245865253836,315.66245865253836,315.66245865253836,315.66245865253836,315.66245865253836,315.66245865253836,0.0,0.0,0.0,210.25188418166437
6027,1985-12-27,-105.17702670703184,169.84165546154657,250.69862697326346,-105.17702670703184,-105.17702670703184,315.8960748844479,315.8960748844479,315.8960748844479,315.8960748844479,315.8960748844479,315.8960748844479,0.0,0.0,0.0,210.71904817741606
6028,1985-12-30,-104.47638341550613,173.29396288975525,252.60882058036526,-104.47638341550613,-104.47638341550613,316.5907251663398,316.5907251663398,316.5907251663398,316.5907251663398,316.5907251663398,316.5907251663398,0.0,0.0,0.0,212.11434175083366
6029,1985-12-31,-104.24283565166435,173.64031873038388,254.30944844605597,-104.24283565166435,-104.24283565166435,316.8201934927542,316.8201934927542,316.8201934927542,316.8201934927542,316.8201934927542,316.8201934927542,0.0,0.0,0.0,212.57735784108985
6030,1986-01-02,-103.77574012398044,170.76422289234404,255.04897383306115,-103.77574012398044,-103.77574012398044,317.27597933187855,317.27597933187855,317.27597933187855,317.27597933187855,317.27597933187855,317.27597933187855,0.0,0.0,0.0,213.50023920789812
6031,1986-01-03,-103.5421923601383,174.27845373247393,255.7754964113215,-103.5421923601383,-103.5421923601383,317.50228744782487,317.50228744782487,317.50228744782487,317.50228744782487,317.50228744782487,317.50228744782487,0.0,0.0,0.0,213.96009508768657
6032,1986-01-06,-102.84154906861261,172.05943556201512,257.0749545657226,-102.84154906861261,-102.84154906861261,318.17481614776943,318.17481614776943,318.17481614776943,318.17481614776943,318.17481614776943,318.17481614776943,0.0,0.0,0.0,215.33326707915683
6033,1986-01-07,-102.60800130477047,173.12732742566038,256.14583715553914,-102.60800130477047,-102.60800130477047,318.39684480848774,318.39684480848774,318.39684480848774,318.39684480848774,318.39684480848774,318.39684480848774,0.0,0.0,0.0,215.78884350371726
6034,1986-01-08,-102.37445354092833,173.97356848949272,255.50746118771943,-102.37445354092833,-102.37445354092833,318.6177918322085,318.6177918322085,318.6177918322085,318.6177918322085,318.6177918322085,318.6177918322085,0.0,0.0,0.0,216.2433382912802
6035,1986-01-09,-102.1409057770862,170.67252183515387,256.55164580032607,-102.1409057770862,-102.1409057770862,318.83765250523425,318.83765250523425,318.83765250523425,318.83765250523425,318.83765250523425,318.83765250523425,0.0,0.0,0.0,216.69674672814804
6036,1986-01-10,-101.90735801324442,174.5376195602699,259.8160698134739,-101.90735801324442,-101.90735801324442,319.0564221117848,319.0564221117848,319.0564221117848,319.0564221117848,319.0564221117848,319.0564221117848,0.0,0.0,0.0,217.14906409854038
6037,1986-01-13,-101.20671472171837,175.7348559125266,257.7072643915917,-101.20671472171837,-101.20671472171837,319.7061373450855,319.7061373450855,319.7061373450855,319.7061373450855,319.7061373450855,319.7061373450855,0.0,0.0,0.0,218.49942262336714
6038,1986-01-14,-100.97316695787659,177.19357302762296,259.87178099372716,-100.97316695787659,-100.97316695787659,319.9204954888561,319.9204954888561,319.9204954888561,319.9204954888561,319.9204954888561,319.9204954888561,0.0,0.0,0.0,218.94732853097952
6039,1986-01-15,-100.73961919403445,179.6046060637831,259.6732059303428,-100.73961919403445,-100.73961919403445,320.133738958593,320.133738958593,320.133738958593,320.133738958593,320.133738958593,320.133738958593,0.0,0.0,0.0,219.39411976455858
6040,1986-01-16,-100.50607143019266,179.83981113387645,264.8977122249396,-100.50607143019266,-100.50607143019266,320.34586302757504,320.34586302757504,320.34586302757504,320.34586302757504,320.34586302757504,320.34586302757504,0.0,0.0,0.0,219.83979159738237
6041,1986-01-17,-100.27252366635052,178.50652672768757,258.8225947231164,-100.27252366635052,-100.27252366635052,320.5568629675201,320.5568629675201,320.5568629675201,320.5568629675201,320.5568629675201,320.5568629675201,0.0,0.0,0.0,220.28433930116955
6042,1986-01-20,-99.57188037482483,180.9526296719263,261.2158678387053,-99.57188037482483,-99.57188037482483,321.1830707084974,321.1830707084974,321.1830707084974,321.1830707084974,321.1830707084974,321.1830707084974,0.0,0.0,0.0,221.61119033367254
6043,1986-01-21,-99.33833261098304,179.47136429435423,264.8514940813833,-99.33833261098304,-99.33833261098304,321.38952682092247,321.38952682092247,321.38952682092247,321.38952682092247,321.38952682092247,321.38952682092247,0.0,0.0,0.0,222.0511942099394
6044,1986-01-22,-99.1047848471409,181.7693067329053,264.5636225367101,-99.1047848471409,-99.1047848471409,321.5948351421574,321.5948351421574,321.5948351421574,321.5948351421574,321.5948351421574,321.5948351421574,0.0,0.0,0.0,222.49005029501652
6045,1986-01-23,-98.87123708329842,184.26428334431918,265.0204781049458,-98.87123708329844,-98.87123708329844,321.79899093616194,321.79899093616194,321.79899093616194,321.79899093616194,321.79899093616194,321.79899093616194,0.0,0.0,0.0,222.92775385286353
6046,1986-01-24,-98.63768931945664,182.00998900891346,265.780350731229,-98.63768931945664,-98.63768931945664,322.00198946587346,322.00198946587346,322.00198946587346,322.00198946587346,322.00198946587346,322.00198946587346,0.0,0.0,0.0,223.36430014641684
6047,1986-01-27,-97.93704602793059,182.95676299643083,264.8662094435421,-97.93704602793059,-97.93704602793059,322.60399408494305,322.60399408494305,322.60399408494305,322.60399408494305,322.60399408494305,322.60399408494305,0.0,0.0,0.0,224.66694805701246
6048,1986-01-28,-97.70349826408881,184.06139930264283,268.6761305302462,-97.70349826408881,-97.70349826408881,322.80231616916626,322.80231616916626,322.80231616916626,322.80231616916626,322.80231616916626,322.80231616916626,0.0,0.0,0.0,225.09881790507745
6049,1986-01-29,-97.46995050024702,186.15565070065838,269.42107944021404,-97.46995050024702,-97.46995050024702,322.99945729120674,322.99945729120674,322.99945729120674,322.99945729120674,322.99945729120674,322.99945729120674,0.0,0.0,0.0,225.52950679095972
6050,1986-01-30,-97.23640273640488,183.5653552562138,268.68958143539294,-97.23640273640488,-97.23640273640488,323.1954127095265,323.1954127095265,323.1954127095265,323.1954127095265,323.1954127095265,323.1954127095265,0.0,0.0,0.0,225.95900997312162
6051,1986-01-31,-97.0028549725631,185.4525377931625,267.91112532159656,-97.0028549725631,-97.0028549725631,323.3901776821207,323.3901776821207,323.3901776821207,323.3901776821207,323.3901776821207,323.3901776821207,0.0,0.0,0.0,226.38732270955757
6052,1986-02-03,-96.30221168103705,187.06204646410868,266.2742307996058,-96.30221168103705,-96.30221168103705,323.96728250019686,323.96728250019686,323.96728250019686,323.96728250019686,323.96728250019686,323.96728250019686,0.0,0.0,0.0,227.6650708191598
6053,1986-02-04,-96.06866391719527,189.59471363354447,270.0407433286344,-96.06866391719527,-96.06866391719527,324.15723826333607,324.15723826333607,324.15723826333607,324.15723826333607,324.15723826333607,324.15723826333607,0.0,0.0,0.0,228.0885743461408
6054,1986-02-05,-95.83511615335313,186.96321684128094,270.9582682181979,-95.83511615335313,-95.83511615335313,324.3459798665593,324.3459798665593,324.3459798665593,324.3459798665593,324.3459798665593,324.3459798665593,0.0,0.0,0.0,228.51086371320616
6055,1986-02-06,-95.60156838951134,186.58270872713302,269.71904047250854,-95.60156838951134,-95.60156838951134,324.53350256676686,324.53350256676686,324.53350256676686,324.53350256676686,324.53350256676686,324.53350256676686,0.0,0.0,0.0,228.93193417725553
6056,1986-02-07,-95.36802062566886,183.37183036809958,271.63043284869616,-95.36802062566886,-95.36802062566886,324.71980162096384,324.71980162096384,324.71980162096384,324.71980162096384,324.71980162096384,324.71980162096384,0.0,0.0,0.0,229.35178099529497
6057,1986-02-10,-94.66737733414315,190.70669950123903,271.759630511707,-94.66737733414315,-94.66737733414315,325.27130948085687,325.27130948085687,325.27130948085687,325.27130948085687,325.27130948085687,325.27130948085687,0.0,0.0,0.0,230.6039321467137
6058,1986-02-11,-94.43382957030103,189.75050319259327,271.2619254098078,-94.43382957030103,-94.43382957030103,325.4526665260669,325.4526665260669,325.4526665260669,325.4526665260669,325.4526665260669,325.4526665260669,0.0,0.0,0.0,231.01883695576583
6059,1986-02-12,-94.20028180645924,188.4698753546288,271.4218120520364,-94.20028180645924,-94.20028180645924,325.6327762147769,325.6327762147769,325.6327762147769,325.6327762147769,325.6327762147769,325.6327762147769,0.0,0.0,0.0,231.43249440831767
6060,1986-02-13,-93.9667340426171,191.9910401250978,274.41300967194115,-93.9667340426171,-93.9667340426171,325.811633806374,325.811633806374,325.811633806374,325.811633806374,325.811633806374,325.811633806374,0.0,0.0,0.0,231.8448997637569
6061,1986-02-14,-93.73318627877532,190.67374051899967,268.0626861754715,-93.73318627877532,-93.73318627877532,325.9892345609365,325.9892345609365,325.9892345609365,325.9892345609365,325.9892345609365,325.9892345609365,0.0,0.0,0.0,232.25604828216117
6062,1986-02-18,-92.79899522340749,193.33745460434068,274.4518812050617,-92.79899522340749,-92.79899522340749,326.68697443941505,326.68697443941505,326.68697443941505,326.68697443941505,326.68697443941505,326.68697443941505,0.0,0.0,0.0,233.88797921600758
6063,1986-02-19,-92.56544745956535,193.6511784738377,276.0952042383799,-92.56544745956535,-92.56544745956535,326.85821994018545,326.85821994018545,326.85821994018545,326.85821994018545,326.85821994018545,326.85821994018545,0.0,0.0,0.0,234.2927724806201
6064,1986-02-20,-92.33189969572356,190.8684084957936,275.8848302372379,-92.33189969572356,-92.33189969572356,327.028180183717,327.028180183717,327.028180183717,327.028180183717,327.028180183717,327.028180183717,0.0,0.0,0.0,234.69628048799342
6065,1986-02-21,-92.09835193188178,193.44881248420495,273.4416150185533,-92.09835193188178,-92.09835193188178,327.19685043733443,327.19685043733443,327.19685043733443,327.19685043733443,327.19685043733443,327.19685043733443,0.0,0.0,0.0,235.09849850545265
6066,1986-02-24,-91.39770864035539,196.47535532161035,277.00808449892247,-91.39770864035539,-91.39770864035539,327.6950739532053,327.6950739532053,327.6950739532053,327.6950739532053,327.6950739532053,327.6950739532053,0.0,0.0,0.0,236.29736531284988
6067,1986-02-25,-91.16416087651325,192.9918325560624,277.50130722839793,-91.16416087651325,-91.16416087651325,327.85853694936907,327.85853694936907,327.85853694936907,327.85853694936907,327.85853694936907,327.85853694936907,0.0,0.0,0.0,236.69437607285582
6068,1986-02-26,-90.93061311267147,197.2023310276651,275.1646656128948,-90.93061311267147,-90.93061311267147,328.02068631472855,328.02068631472855,328.02068631472855,328.02068631472855,328.02068631472855,328.02068631472855,0.0,0.0,0.0,237.09007320205708
6069,1986-02-27,-90.69706534882968,198.52729062320506,278.19974070769825,-90.69706534882968,-90.69706534882968,328.1815173262208,328.1815173262208,328.1815173262208,328.1815173262208,328.1815173262208,328.1815173262208,0.0,0.0,0.0,237.4844519773911
6070,1986-02-28,-90.46351758498754,195.17868679956075,277.14814372395523,-90.46351758498756,-90.46351758498756,328.3410252626939,328.3410252626939,328.3410252626939,328.3410252626939,328.3410252626939,328.3410252626939,0.0,0.0,0.0,237.87750767770638
6071,1986-03-03,-89.76287429346185,195.24436270274268,283.1523047267192,-89.76287429346183,-89.76287429346183,328.81156344104926,328.81156344104926,328.81156344104926,328.81156344104926,328.81156344104926,328.81156344104926,0.0,0.0,0.0,239.04868914758742
6072,1986-03-04,-89.52932652961971,198.49135856970042,280.95174166696756,-89.52932652961971,-89.52932652961971,328.9657319073118,328.9657319073118,328.9657319073118,328.9657319073118,328.9657319073118,328.9657319073118,0.0,0.0,0.0,239.4364053776921
6073,1986-03-05,-89.29577876577792,199.69351605410867,281.82115002723646,-89.29577876577792,-89.29577876577792,329.1185537246198,329.1185537246198,329.1185537246198,329.1185537246198,329.1185537246198,329.1185537246198,0.0,0.0,0.0,239.82277495884188
6074,1986-03-06,-89.0622310019358,197.03977345599836,281.0054087299984,-89.0622310019358,-89.0622310019358,329.2700241851819,329.2700241851819,329.2700241851819,329.2700241851819,329.2700241851819,329.2700241851819,0.0,0.0,0.0,240.2077931832461
6075,1986-03-07,-88.828683238094,200.67746663692205,285.1932327742631,-88.828683238094,-88.828683238094,329.42013858375094,329.42013858375094,329.42013858375094,329.42013858375094,329.42013858375094,329.42013858375094,0.0,0.0,0.0,240.59145534565693
6076,1986-03-10,-88.12803994656761,201.51348161675296,282.3899424115811,-88.12803994656761,-88.12803994656761,329.8622983951062,329.8622983951062,329.8622983951062,329.8622983951062,329.8622983951062,329.8622983951062,0.0,0.0,0.0,241.7342584485386
6077,1986-03-11,-87.89449218272583,200.40785434193577,282.8075873016052,-87.89449218272583,-87.89449218272583,330.00694154731246,330.00694154731246,330.00694154731246,330.00694154731246,330.00694154731246,330.00694154731246,0.0,0.0,0.0,242.11244936458664
6078,1986-03-12,-87.66094441888369,198.93504461551157,285.9223280849419,-87.66094441888369,-87.66094441888369,330.15020515265644,330.15020515265644,330.15020515265644,330.15020515265644,330.15020515265644,330.15020515265644,0.0,0.0,0.0,242.48926073377277
6079,1986-03-13,-87.4273966550419,203.77983110098953,288.08609120149606,-87.4273966550419,-87.4273966550419,330.2920845230832,330.2920845230832,330.2920845230832,330.2920845230832,330.2920845230832,330.2920845230832,0.0,0.0,0.0,242.8646878680413
6080,1986-03-14,-87.19384889119978,197.72681423978545,282.81999852902715,-87.19384889119978,-87.19384889119978,330.43257497372764,330.43257497372764,330.43257497372764,330.43257497372764,330.43257497372764,330.43257497372764,0.0,0.0,0.0,243.23872608252788
6081,1986-03-17,-86.49320559967407,198.84641097213165,285.1702689041242,-86.49320559967407,-86.49320559967407,330.8456660081202,330.8456660081202,330.8456660081202,330.8456660081202,330.8456660081202,330.8456660081202,0.0,0.0,0.0,244.35246040844612
6082,1986-03-18,-86.25965783583193,204.4141639527459,288.7552827636097,-86.25965783583193,-86.25965783583193,330.98055399804605,330.98055399804605,330.98055399804605,330.98055399804605,330.98055399804605,330.98055399804605,0.0,0.0,0.0,244.7208961622141
6083,1986-03-19,-86.02611007199015,203.00831736130235,285.68341200080863,-86.02611007199013,-86.02611007199013,331.1140296949822,331.1140296949822,331.1140296949822,331.1140296949822,331.1140296949822,331.1140296949822,0.0,0.0,0.0,245.08791962299205
6084,1986-03-20,-85.79256230814802,203.08010617580257,288.34532749924756,-85.79256230814802,-85.79256230814802,331.24608843516995,331.24608843516995,331.24608843516995,331.24608843516995,331.24608843516995,331.24608843516995,0.0,0.0,0.0,245.45352612702192
6085,1986-03-21,-85.55901454430624,205.33519674169764,285.2201074303846,-85.55901454430624,-85.55901454430624,331.3767255586986,331.3767255586986,331.3767255586986,331.3767255586986,331.3767255586986,331.3767255586986,0.0,0.0,0.0,245.81771101439233
6086,1986-03-24,-84.85837125277983,204.76712975173282,287.333225861759,-84.85837125277983,-84.85837125277983,331.7600606899515,331.7600606899515,331.7600606899515,331.7600606899515,331.7600606899515,331.7600606899515,0.0,0.0,0.0,246.90168943717168
6087,1986-03-25,-84.62482348893805,207.40397754027697,292.14667726263434,-84.62482348893805,-84.62482348893805,331.8849648280427,331.8849648280427,331.8849648280427,331.8849648280427,331.8849648280427,331.8849648280427,0.0,0.0,0.0,247.26014133910468
6088,1986-03-26,-84.39127572509591,205.582450685163,289.12448228456503,-84.39127572509591,-84.39127572509591,332.00842411098785,332.00842411098785,332.00842411098785,332.00842411098785,332.00842411098785,332.00842411098785,0.0,0.0,0.0,247.61714838589194
6089,1986-03-27,-84.15772796125412,203.6904798469177,288.80626667751017,-84.15772796125412,-84.15772796125412,332.1304339039737,332.1304339039737,332.1304339039737,332.1304339039737,332.1304339039737,332.1304339039737,0.0,0.0,0.0,247.97270594271959
6090,1986-03-31,-83.22353690588629,202.7749733546496,289.09451876968313,-83.22353690588629,-83.22353690588629,332.603885640299,332.603885640299,332.603885640299,332.603885640299,332.603885640299,332.603885640299,0.0,0.0,0.0,249.38034873441268
6091,1986-04-01,-82.98998914204451,212.6055654950225,294.9496877747849,-82.98998914204451,-82.98998914204451,332.71857862288675,332.71857862288675,332.71857862288675,332.71857862288675,332.71857862288675,332.71857862288675,0.0,0.0,0.0,249.72858948084223
6092,1986-04-02,-82.75644137820237,209.0752639127596,294.6082529615662,-82.75644137820237,-82.75644137820237,332.8317944049549,332.8317944049549,332.8317944049549,332.8317944049549,332.8317944049549,332.8317944049549,0.0,0.0,0.0,250.07535302675254
6093,1986-04-03,-82.52289361436058,210.64019783067286,291.7646379697871,-82.52289361436058,-82.52289361436058,332.94352838537293,332.94352838537293,332.94352838537293,332.94352838537293,332.94352838537293,332.94352838537293,0.0,0.0,0.0,250.42063477101235
6094,1986-04-04,-82.28934585051846,207.70946691562182,291.9701857813699,-82.28934585051846,-82.28934585051846,333.0537759682134,333.0537759682134,333.0537759682134,333.0537759682134,333.0537759682134,333.0537759682134,0.0,0.0,0.0,250.76443011769496
6095,1986-04-07,-81.58870255899275,211.6909046928394,293.86805575801066,-81.58870255899275,-81.58870255899275,333.37555445211757,333.37555445211757,333.37555445211757,333.37555445211757,333.37555445211757,333.37555445211757,0.0,0.0,0.0,251.78685189312483
6096,1986-04-08,-81.35515479515063,211.4659665632309,292.01407087810134,-81.35515479515063,-81.35515479515063,333.4798105928951,333.4798105928951,333.4798105928951,333.4798105928951,333.4798105928951,333.4798105928951,0.0,0.0,0.0,252.12465579774448
6097,1986-04-09,-81.12160703130849,208.5843621434589,292.5696550155376,-81.12160703130849,-81.12160703130849,333.5825574379653,333.5825574379653,333.5825574379653,333.5825574379653,333.5825574379653,333.5825574379653,0.0,0.0,0.0,252.46095040665682
6098,1986-04-10,-80.88805926746636,211.03262145188222,297.0072044719549,-80.88805926746636,-80.88805926746636,333.6837904246983,333.6837904246983,333.6837904246983,333.6837904246983,333.6837904246983,333.6837904246983,0.0,0.0,0.0,252.79573115723196
6099,1986-04-11,-80.65451150362456,212.95533977944677,294.1193524867348,-80.65451150362455,-80.65451150362455,333.78350499636196,333.78350499636196,333.78350499636196,333.78350499636196,333.78350499636196,333.78350499636196,0.0,0.0,0.0,253.12899349273738
6100,1986-04-14,-79.95386821209851,213.72792283815735,298.65217296014345,-79.95386821209851,-79.95386821209851,334.0734927441892,334.0734927441892,334.0734927441892,334.0734927441892,334.0734927441892,334.0734927441892,0.0,0.0,0.0,254.11962453209068
6101,1986-04-15,-79.72032044825673,214.20309508184195,296.9747575180462,-79.72032044825673,-79.72032044825673,334.16708820972207,334.16708820972207,334.16708820972207,334.16708820972207,334.16708820972207,334.16708820972207,0.0,0.0,0.0,254.44676776146534
6102,1986-04-16,-79.4867726844146,213.7418742443872,295.9786738587008,-79.4867726844146,-79.4867726844146,334.2591425685058,334.2591425685058,334.2591425685058,334.2591425685058,334.2591425685058,334.2591425685058,0.0,0.0,0.0,254.7723698840912
6103,1986-04-17,-79.25322492057282,213.30573946799055,295.38534145718177,-79.25322492057282,-79.25322492057282,334.34965130130604,334.34965130130604,334.34965130130604,334.34965130130604,334.34965130130604,334.34965130130604,0.0,0.0,0.0,255.09642638073322
6104,1986-04-18,-79.01967715673068,212.5766878759335,294.6978367188228,-79.01967715673068,-79.01967715673068,334.43860989549086,334.43860989549086,334.43860989549086,334.43860989549086,334.43860989549086,334.43860989549086,0.0,0.0,0.0,255.4189327387602
6105,1986-04-21,-78.31903386520497,216.3769050477897,299.45457586731425,-78.31903386520497,-78.31903386520497,334.69613982122166,334.69613982122166,334.69613982122166,334.69613982122166,334.69613982122166,334.69613982122166,0.0,0.0,0.0,256.3771059560167
6106,1986-04-22,-78.08548610136319,214.03907335732188,296.4534501275133,-78.08548610136319,-78.08548610136319,334.7788528702535,334.7788528702535,334.7788528702535,334.7788528702535,334.7788528702535,334.7788528702535,0.0,0.0,0.0,256.6933667688903
6107,1986-04-23,-77.85193833752106,215.64312734087852,297.2560462110948,-77.85193833752106,-77.85193833752106,334.85999332012193,334.85999332012193,334.85999332012193,334.85999332012193,334.85999332012193,334.85999332012193,0.0,0.0,0.0,257.00805498260087
6108,1986-04-24,-77.61839057367858,218.08479918061835,299.4969936948233,-77.61839057367858,-77.61839057367858,334.9395566999544,334.9395566999544,334.9395566999544,334.9395566999544,334.9395566999544,334.9395566999544,0.0,0.0,0.0,257.3211661262758
6109,1986-04-25,-77.3848428098368,218.99107934545393,294.4516064492004,-77.38484280983678,-77.38484280983678,335.01753854619585,335.01753854619585,335.01753854619585,335.01753854619585,335.01753854619585,335.01753854619585,0.0,0.0,0.0,257.63269573635904
6110,1986-04-28,-76.68419951831109,217.0119041400639,303.9716024080005,-76.68419951831109,-76.68419951831109,335.24195035976516,335.24195035976516,335.24195035976516,335.24195035976516,335.24195035976516,335.24195035976516,0.0,0.0,0.0,258.5577508414541
6111,1986-04-29,-76.45065175446895,219.8102913172901,299.52312119707153,-76.45065175446895,-76.45065175446895,335.3135615860669,335.3135615860669,335.3135615860669,335.3135615860669,335.3135615860669,335.3135615860669,0.0,0.0,0.0,258.86290983159796
6112,1986-04-30,-76.21710399062717,214.8104039361365,301.03310166881926,-76.21710399062717,-76.21710399062717,335.38356907438566,335.38356907438566,335.38356907438566,335.38356907438566,335.38356907438566,335.38356907438566,0.0,0.0,0.0,259.1664650837585
6113,1986-05-01,-75.98355622678504,217.6556481727641,301.7863290274535,-75.98355622678504,-75.98355622678504,335.45196840724316,335.45196840724316,335.45196840724316,335.45196840724316,335.45196840724316,335.45196840724316,0.0,0.0,0.0,259.46841218045813
6114,1986-05-02,-75.75000846294326,217.0908998025683,301.33518748644724,-75.75000846294326,-75.75000846294326,335.518755175203,335.518755175203,335.518755175203,335.518755175203,335.518755175203,335.518755175203,0.0,0.0,0.0,259.76874671225977
6115,1986-05-05,-75.04936517141721,222.31635201264024,301.46350699138804,-75.04936517141721,-75.04936517141721,335.7093961181587,335.7093961181587,335.7093961181587,335.7093961181587,335.7093961181587,335.7093961181587,0.0,0.0,0.0,260.6600309467415
6116,1986-05-06,-74.81581740757541,220.45665278906424,302.9268688870807,-74.81581740757541,-74.81581740757541,335.76968869666047,335.76968869666047,335.76968869666047,335.76968869666047,335.76968869666047,335.76968869666047,0.0,0.0,0.0,260.95387128908504
6117,1986-05-07,-74.58226964373328,221.400742929334,299.64043640104836,-74.58226964373328,-74.58226964373328,335.82834678736776,335.82834678736776,335.82834678736776,335.82834678736776,335.82834678736776,335.82834678736776,0.0,0.0,0.0,261.24607714363447
6118,1986-05-08,-74.3487218798915,220.48637560431635,304.9431058620437,-74.3487218798915,-74.3487218798915,335.8853660312901,335.8853660312901,335.8853660312901,335.8853660312901,335.8853660312901,335.8853660312901,0.0,0.0,0.0,261.5366441513986
6119,1986-05-09,-74.11517411604902,220.97761014086095,300.42470588495786,-74.11517411604902,-74.11517411604902,335.9407420782114,335.9407420782114,335.9407420782114,335.9407420782114,335.9407420782114,335.9407420782114,0.0,0.0,0.0,261.8255679621624
6120,1986-05-12,-73.41453082452331,221.51947629976584,303.8072687163938,-73.41453082452331,-73.41453082452331,336.0969676686351,336.0969676686351,336.0969676686351,336.0969676686351,336.0969676686351,336.0969676686351,0.0,0.0,0.0,262.6824368441118
6121,1986-05-13,-73.18098306068119,219.0275957776218,304.83347630053674,-73.18098306068119,-73.18098306068119,336.1457276045661,336.1457276045661,336.1457276045661,336.1457276045661,336.1457276045661,336.1457276045661,0.0,0.0,0.0,262.96474454388493
6122,1986-05-14,-72.94743529683939,219.6116330263547,304.0219309096665,-72.94743529683939,-72.94743529683939,336.19282272772006,336.19282272772006,336.19282272772006,336.19282272772006,336.19282272772006,336.19282272772006,0.0,0.0,0.0,263.24538743088067
6123,1986-05-15,-72.71388753299726,224.18461564269853,306.3547233792923,-72.71388753299726,-72.71388753299726,336.23824874274226,336.23824874274226,336.23824874274226,336.23824874274226,336.23824874274226,336.23824874274226,0.0,0.0,0.0,263.524361209745
6124,1986-05-16,-72.48033976915548,221.91841200038607,303.9357135033201,-72.48033976915548,-72.48033976915548,336.2820013637922,336.2820013637922,336.2820013637922,336.2820013637922,336.2820013637922,336.2820013637922,0.0,0.0,0.0,263.8016615946367
6125,1986-05-19,-71.77969647762943,223.46322030113313,306.60599238839774,-71.77969647762943,-71.77969647762943,336.40317614964147,336.40317614964147,336.40317614964147,336.40317614964147,336.40317614964147,336.40317614964147,0.0,0.0,0.0,264.623479672012
6126,1986-05-20,-71.54614871378764,223.6411014657688,304.8911837294537,-71.54614871378764,-71.54614871378764,336.4401925303943,336.4401925303943,336.4401925303943,336.4401925303943,336.4401925303943,336.4401925303943,0.0,0.0,0.0,264.89404381660665
6127,1986-05-21,-71.31260094994586,222.4680295697404,305.3263284076809,-71.31260094994586,-71.31260094994586,336.4755142344026,336.4755142344026,336.4755142344026,336.4755142344026,336.4755142344026,336.4755142344026,0.0,0.0,0.0,265.16291328445675
6128,1986-05-22,-71.07905318610372,223.83191787987653,305.16412824385486,-71.07905318610372,-71.07905318610372,336.50913703514425,336.50913703514425,336.50913703514425,336.50913703514425,336.50913703514425,336.50913703514425,0.0,0.0,0.0,265.43008384904056
6129,1986-05-23,-70.84550542226194,223.16168805423175,307.46356913228476,-70.84550542226194,-70.84550542226194,336.5410567163571,336.5410567163571,336.5410567163571,336.5410567163571,336.5410567163571,336.5410567163571,0.0,0.0,0.0,265.69555129409514
6130,1986-05-27,-69.91131436689341,224.44520473702144,307.04752214219627,-69.91131436689341,-69.91131436689341,336.6516202857763,336.6516202857763,336.6516202857763,336.6516202857763,336.6516202857763,336.6516202857763,0.0,0.0,0.0,266.7403059188829
6131,1986-05-28,-69.67776660305162,227.065431249376,306.2980021378604,-69.67776660305162,-69.67776660305162,336.6749614920132,336.6749614920132,336.6749614920132,336.6749614920132,336.6749614920132,336.6749614920132,0.0,0.0,0.0,266.9971948889616
6132,1986-05-29,-69.44421883920984,224.22408501538123,307.65487293409194,-69.44421883920984,-69.44421883920984,336.69657450261104,336.69657450261104,336.69657450261104,336.69657450261104,336.69657450261104,336.69657450261104,0.0,0.0,0.0,267.2523556634012
6133,1986-05-30,-69.2106710753677,224.91573576534353,309.83612898863026,-69.2106710753677,-69.2106710753677,336.7164551761311,336.7164551761311,336.7164551761311,336.7164551761311,336.7164551761311,336.7164551761311,0.0,0.0,0.0,267.5057841007634
6134,1986-06-02,-68.51002778384199,227.89542926078602,311.8486538426967,-68.51002778384199,-68.51002778384199,336.76566192727444,336.76566192727444,336.76566192727444,336.76566192727444,336.76566192727444,336.76566192727444,0.0,0.0,0.0,268.2556341434324
6135,1986-06-03,-68.27648001999987,225.5120924099054,306.4414984783207,-68.27648001999987,-68.27648001999987,336.7785720621008,336.7785720621008,336.7785720621008,336.7785720621008,336.7785720621008,336.7785720621008,0.0,0.0,0.0,268.5020920421009
6136,1986-06-04,-68.04293225615808,227.94768958375755,308.86490957574944,-68.04293225615808,-68.04293225615808,336.7897293216044,336.7897293216044,336.7897293216044,336.7897293216044,336.7897293216044,336.7897293216044,0.0,0.0,0.0,268.74679706544634
6137,1986-06-05,-67.80938449231594,230.36652735994988,310.30264802709,-67.80938449231594,-67.80938449231594,336.79912963268174,336.79912963268174,336.79912963268174,336.79912963268174,336.79912963268174,336.79912963268174,0.0,0.0,0.0,268.9897451403658
6138,1986-06-06,-67.57583672847416,227.23088434784836,312.5685611562654,-67.57583672847416,-67.57583672847416,336.8067689339972,336.8067689339972,336.8067689339972,336.8067689339972,336.8067689339972,336.8067689339972,0.0,0.0,0.0,269.23093220552306
6139,1986-06-09,-66.87519343694775,223.99998490996046,313.93722477654643,-66.87519343694775,-66.87519343694775,336.8190803448109,336.8190803448109,336.8190803448109,336.8190803448109,336.8190803448109,336.8190803448109,0.0,0.0,0.0,269.94388690786315
6140,1986-06-10,-66.64164567310597,228.45513333390656,311.2418896923557,-66.64164567310597,-66.64164567310597,336.8196352328732,336.8196352328732,336.8196352328732,336.8196352328732,336.8196352328732,336.8196352328732,0.0,0.0,0.0,270.17798955976724
6141,1986-06-11,-66.40809790926384,226.75357901807845,310.51360279204425,-66.40809790926384,-66.40809790926384,336.81840898480726,336.81840898480726,336.81840898480726,336.81840898480726,336.81840898480726,336.81840898480726,0.0,0.0,0.0,270.4103110755434
6142,1986-06-12,-66.17455014542206,231.4234709078015,312.9665322096329,-66.17455014542206,-66.17455014542206,336.8153976121614,336.8153976121614,336.8153976121614,336.8153976121614,336.8153976121614,336.8153976121614,0.0,0.0,0.0,270.64084746673933
6143,1986-06-13,-65.94100238157992,228.7270261253072,311.7061578202548,-65.94100238157992,-65.94100238157992,336.81059713901163,336.81059713901163,336.81059713901163,336.81059713901163,336.81059713901163,336.81059713901163,0.0,0.0,0.0,270.86959475743174
6144,1986-06-16,-65.24035909005423,230.16753914165224,312.7092604575907,-65.24035909005423,-65.24035909005423,336.78542154749937,336.78542154749937,336.78542154749937,336.78542154749937,336.78542154749937,336.78542154749937,0.0,0.0,0.0,271.54506245744517
6145,1986-06-17,-65.00681132621209,229.26946226277133,313.35536635865645,-65.00681132621209,-65.00681132621209,336.7734251674555,336.7734251674555,336.7734251674555,336.7734251674555,336.7734251674555,336.7734251674555,0.0,0.0,0.0,271.76661384124344
6146,1986-06-18,-64.7732635623703,231.1028963287411,312.2469692755804,-64.7732635623703,-64.7732635623703,336.7596199990108,336.7596199990108,336.7596199990108,336.7596199990108,336.7596199990108,336.7596199990108,0.0,0.0,0.0,271.9863564366405
6147,1986-06-19,-64.53971579852852,235.00307305408236,310.4303944453293,-64.53971579852852,-64.53971579852852,336.74400214369314,336.74400214369314,336.74400214369314,336.74400214369314,336.74400214369314,336.74400214369314,0.0,0.0,0.0,272.20428634516463
6148,1986-06-20,-64.30616803468638,229.66370180869717,314.4917208431785,-64.30616803468638,-64.30616803468638,336.7265677163198,336.7265677163198,336.7265677163198,336.7265677163198,336.7265677163198,336.7265677163198,0.0,0.0,0.0,272.4203996816334
6149,1986-06-23,-63.60552474315998,235.262889895295,313.91553113270646,-63.60552474315998,-63.60552474315998,336.66332635168465,336.66332635168465,336.66332635168465,336.66332635168465,336.66332635168465,336.66332635168465,0.0,0.0,0.0,273.05780160852464
6150,1986-06-24,-63.3719769793182,231.57782838392922,316.48513338019313,-63.3719769793182,-63.3719769793182,336.63858705388446,336.63858705388446,336.63858705388446,336.63858705388446,336.63858705388446,336.63858705388446,0.0,0.0,0.0,273.26661007456624
6151,1986-06-25,-63.138429215476066,231.34813768295112,312.29040055432176,-63.138429215476066,-63.138429215476066,336.61201196128576,336.61201196128576,336.61201196128576,336.61201196128576,336.61201196128576,336.61201196128576,0.0,0.0,0.0,273.4735827458097
6152,1986-06-26,-62.90488145163428,234.5138995516488,316.2106923414083,-62.90488145163428,-62.90488145163428,336.5835972707384,336.5835972707384,336.5835972707384,336.5835972707384,336.5835972707384,336.5835972707384,0.0,0.0,0.0,273.6787158191041
6153,1986-06-27,-62.6713336877925,236.1253714538981,314.2362203213853,-62.6713336877925,-62.6713336877925,336.5533391931457,336.5533391931457,336.5533391931457,336.5533391931457,336.5533391931457,336.5533391931457,0.0,0.0,0.0,273.88200550535316
6154,1986-06-30,-61.97069039626644,233.49852016573132,314.4019756181686,-61.97069039626644,-61.97069039626644,336.45146696023664,336.45146696023664,336.45146696023664,336.45146696023664,336.45146696023664,336.45146696023664,0.0,0.0,0.0,274.4807765639702
6155,1986-07-01,-61.73714263242466,230.82138535965998,314.77275339407254,-61.737142632424664,-61.737142632424664,336.413797728404,336.413797728404,336.413797728404,336.413797728404,336.413797728404,336.413797728404,0.0,0.0,0.0,274.67665509597936
6156,1986-07-02,-61.503594868582525,234.04329999190318,315.20133316701754,-61.503594868582525,-61.503594868582525,336.374266378679,336.374266378679,336.374266378679,336.374266378679,336.374266378679,336.374266378679,0.0,0.0,0.0,274.8706715100965
6157,1986-07-03,-61.27004710474074,237.0433230578691,319.0328249437395,-61.27004710474074,-61.27004710474074,336.3328692085844,336.3328692085844,336.3328692085844,336.3328692085844,336.3328692085844,336.3328692085844,0.0,0.0,0.0,275.06282210384364
6158,1986-07-07,-60.33585604937291,235.36565509744185,319.9906508377254,-60.33585604937291,-60.33585604937291,336.1485487959118,336.1485487959118,336.1485487959118,336.1485487959118,336.1485487959118,336.1485487959118,0.0,0.0,0.0,275.81269274653886
6159,1986-07-08,-60.10230828553043,233.5518373492203,317.30720711879223,-60.10230828553043,-60.10230828553043,336.0977675092884,336.0977675092884,336.0977675092884,336.0977675092884,336.0977675092884,336.0977675092884,0.0,0.0,0.0,275.99545922375796
6160,1986-07-09,-59.868760521688635,235.2281659574613,319.18151821129317,-59.868760521688635,-59.868760521688635,336.0450985024491,336.0450985024491,336.0450985024491,336.0450985024491,336.0450985024491,336.0450985024491,0.0,0.0,0.0,276.1763379807605
6161,1986-07-10,-59.6352127578465,236.7208297407588,320.7904788375472,-59.6352127578465,-59.6352127578465,335.99053817894116,335.99053817894116,335.99053817894116,335.99053817894116,335.99053817894116,335.99053817894116,0.0,0.0,0.0,276.3553254210947
6162,1986-07-11,-59.40166499400472,235.9073754958373,316.25243518811203,-59.40166499400472,-59.40166499400472,335.9340829578962,335.9340829578962,335.9340829578962,335.9340829578962,335.9340829578962,335.9340829578962,0.0,0.0,0.0,276.5324179638915
6163,1986-07-14,-58.70102170247867,234.4351741454674,317.53129581534364,-58.70102170247867,-58.70102170247867,335.7533123368851,335.7533123368851,335.7533123368851,335.7533123368851,335.7533123368851,335.7533123368851,0.0,0.0,0.0,277.0522906344064
6164,1986-07-15,-58.467473938636886,234.10984200918563,317.1617890216185,-58.467473938636886,-58.467473938636886,335.68924203248093,335.68924203248093,335.68924203248093,335.68924203248093,335.68924203248093,335.68924203248093,0.0,0.0,0.0,277.22176809384405
6165,1986-07-16,-58.23392617479475,238.27403184135827,317.4753614004514,-58.23392617479475,-58.23392617479475,335.6232591637584,335.6232591637584,335.6232591637584,335.6232591637584,335.6232591637584,335.6232591637584,0.0,0.0,0.0,277.38933298896364
6166,1986-07-17,-58.00037841095296,235.66691947459304,319.46653006338266,-58.00037841095296,-58.00037841095296,335.5553602456366,335.5553602456366,335.5553602456366,335.5553602456366,335.5553602456366,335.5553602456366,0.0,0.0,0.0,277.55498183468364
6167,1986-07-18,-57.76683064711083,240.72083227580782,321.6044392360681,-57.76683064711083,-57.76683064711083,335.48554180938106,335.48554180938106,335.48554180938106,335.48554180938106,335.48554180938106,335.48554180938106,0.0,0.0,0.0,277.7187111622702
6168,1986-07-21,-57.06618735558513,236.31138077365006,319.7476478516398,-57.06618735558513,-57.06618735558513,335.264534951935,335.264534951935,335.264534951935,335.264534951935,335.264534951935,335.264534951935,0.0,0.0,0.0,278.1983475963499
6169,1986-07-22,-56.832639591743344,235.05509433863227,320.84559302766354,-56.832639591743344,-56.832639591743344,335.1870040865196,335.1870040865196,335.1870040865196,335.1870040865196,335.1870040865196,335.1870040865196,0.0,0.0,0.0,278.3543644947763
6170,1986-07-23,-56.599091827900864,237.41942170446433,317.47615641393253,-56.599091827900864,-56.599091827900864,335.1075366082901,335.1075366082901,335.1075366082901,335.1075366082901,335.1075366082901,335.1075366082901,0.0,0.0,0.0,278.50844478038925
6171,1986-07-24,-56.36554406405873,237.87720370287616,318.48764758781715,-56.36554406405873,-56.36554406405873,335.026129148869,335.026129148869,335.026129148869,335.026129148869,335.026129148869,335.026129148869,0.0,0.0,0.0,278.6605850848103
6172,1986-07-25,-56.13199630021695,235.9605096656273,320.37973632256717,-56.13199630021695,-56.13199630021695,334.94277835698557,334.94277835698557,334.94277835698557,334.94277835698557,334.94277835698557,334.94277835698557,0.0,0.0,0.0,278.81078205676863
6173,1986-07-28,-55.43135300869124,237.84165527707904,318.26784013367535,-55.43135300869124,-55.43135300869124,334.68103273271396,334.68103273271396,334.68103273271396,334.68103273271396,334.68103273271396,334.68103273271396,0.0,0.0,0.0,279.2496797240227
6174,1986-07-29,-55.19780524484911,239.40970526244527,323.36880205842505,-55.19780524484911,-55.19780524484911,334.5898754441797,334.5898754441797,334.5898754441797,334.5898754441797,334.5898754441797,334.5898754441797,0.0,0.0,0.0,279.3920701993306
6175,1986-07-30,-54.96425748100732,236.929030615705,319.192749942155,-54.96425748100732,-54.96425748100732,334.49675832720635,334.49675832720635,334.49675832720635,334.49675832720635,334.49675832720635,334.49675832720635,0.0,0.0,0.0,279.532500846199
6176,1986-07-31,-54.73070971716519,240.0806297865559,322.1696022215625,-54.7307097171652,-54.7307097171652,334.40167813543087,334.40167813543087,334.40167813543087,334.40167813543087,334.40167813543087,334.40167813543087,0.0,0.0,0.0,279.67096841826566
6177,1986-08-01,-54.497161953323406,237.73628198631613,320.1895390071446,-54.497161953323406,-54.497161953323406,334.3046316403524,334.3046316403524,334.3046316403524,334.3046316403524,334.3046316403524,334.3046316403524,0.0,0.0,0.0,279.80746968702897
6178,1986-08-04,-53.79651866179735,237.58728792713157,316.87460764963697,-53.79651866179735,-53.79651866179735,334.0016623204917,334.0016623204917,334.0016623204917,334.0016623204917,334.0016623204917,334.0016623204917,0.0,0.0,0.0,280.20514365869434
6179,1986-08-05,-53.562970897955566,236.49228488756373,320.71521352015907,-53.562970897955566,-53.562970897955566,333.89671868821205,333.89671868821205,333.89671868821205,333.89671868821205,333.89671868821205,333.89671868821205,0.0,0.0,0.0,280.3337477902565
6180,1986-08-06,-53.32942313411343,241.14060651272067,320.81808514191533,-53.329423134113426,-53.329423134113426,333.78979288182893,333.78979288182893,333.78979288182893,333.78979288182893,333.78979288182893,333.78979288182893,0.0,0.0,0.0,280.4603697477155
6181,1986-08-07,-53.0958753702713,235.90781857977356,321.9352187195296,-53.0958753702713,-53.0958753702713,333.6808817822748,333.6808817822748,333.6808817822748,333.6808817822748,333.6808817822748,333.6808817822748,0.0,0.0,0.0,280.5850064120035
6182,1986-08-08,-52.86232760642917,236.83209030663275,319.6992348899149,-52.86232760642917,-52.86232760642917,333.5699822890953,333.5699822890953,333.5699822890953,333.5699822890953,333.5699822890953,333.5699822890953,0.0,0.0,0.0,280.70765468266615
6183,1986-08-11,-52.16168431490346,239.1564650658965,319.254420304077,-52.16168431490346,-52.16168431490346,333.22532272472193,333.22532272472193,333.22532272472193,333.22532272472193,333.22532272472193,333.22532272472193,0.0,0.0,0.0,281.06363840981845
6184,1986-08-12,-51.92813655106133,242.40382818994408,323.2330053128055,-51.92813655106133,-51.92813655106133,333.10643902852297,333.10643902852297,333.10643902852297,333.10643902852297,333.10643902852297,333.10643902852297,0.0,0.0,0.0,281.17830247746167
6185,1986-08-13,-51.694588787219544,240.97036395670935,323.2151163703832,-51.694588787219544,-51.694588787219544,332.98555171937727,332.98555171937727,332.98555171937727,332.98555171937727,332.98555171937727,332.98555171937727,0.0,0.0,0.0,281.29096293215775
6186,1986-08-14,-51.46104102337741,239.93068050652732,323.84418504007203,-51.46104102337741,-51.46104102337741,332.8626578107561,332.8626578107561,332.8626578107561,332.8626578107561,332.8626578107561,332.8626578107561,0.0,0.0,0.0,281.4016167873787
6187,1986-08-15,-51.22749325953563,242.04086528548163,325.3389302666333,-51.22749325953563,-51.22749325953563,332.7377543354899,332.7377543354899,332.7377543354899,332.7377543354899,332.7377543354899,332.7377543354899,0.0,0.0,0.0,281.5102610759543
6188,1986-08-18,-50.52684996800993,241.688041725871,325.2521430246934,-50.52684996800993,-50.52684996800993,332.3509571307465,332.3509571307465,332.3509571307465,332.3509571307465,332.3509571307465,332.3509571307465,0.0,0.0,0.0,281.8241071627366
6189,1986-08-19,-50.293302204167794,239.8142217600851,324.19493381007413,-50.293302204167794,-50.293302204167794,332.21798610810526,332.21798610810526,332.21798610810526,332.21798610810526,332.21798610810526,332.21798610810526,0.0,0.0,0.0,281.9246839039375
6190,1986-08-20,-50.059754440326,241.0044318571138,325.4036243720824,-50.059754440326,-50.059754440326,332.08299097707,332.08299097707,332.08299097707,332.08299097707,332.08299097707,332.08299097707,0.0,0.0,0.0,282.023236536744
6191,1986-08-21,-49.82620667648387,240.0698696779561,321.9983363781851,-49.82620667648387,-49.82620667648387,331.9459688888496,331.9459688888496,331.9459688888496,331.9459688888496,331.9459688888496,331.9459688888496,0.0,0.0,0.0,282.11976221236574
6192,1986-08-22,-49.59265891264139,239.74267914896444,324.91513862876576,-49.59265891264139,-49.59265891264139,331.8069170147504,331.8069170147504,331.8069170147504,331.8069170147504,331.8069170147504,331.8069170147504,0.0,0.0,0.0,282.214258102109
6193,1986-08-25,-48.89201562111569,242.07117668670205,324.33134577063623,-48.89201562111569,-48.89201562111569,331.3775546939169,331.3775546939169,331.3775546939169,331.3775546939169,331.3775546939169,331.3775546939169,0.0,0.0,0.0,282.4855390728012
6194,1986-08-26,-48.658467857273905,240.99016396790836,321.29513318372784,-48.658467857273905,-48.658467857273905,331.23035579499594,331.23035579499594,331.23035579499594,331.23035579499594,331.23035579499594,331.23035579499594,0.0,0.0,0.0,282.57188793772207
6195,1986-08-27,-48.42492009343177,243.13511264315028,323.5546413036106,-48.42492009343177,-48.42492009343177,331.08111327186407,331.08111327186407,331.08111327186407,331.08111327186407,331.08111327186407,331.08111327186407,0.0,0.0,0.0,282.6561931784323
6196,1986-08-28,-48.19137232958998,242.80139079040927,326.84741460905695,-48.19137232958998,-48.19137232958998,330.92982441861216,330.92982441861216,330.92982441861216,330.92982441861216,330.92982441861216,330.92982441861216,0.0,0.0,0.0,282.7384520890222
6197,1986-08-29,-47.95782456574785,239.22315119535583,324.6848132034957,-47.95782456574785,-47.95782456574785,330.7764865501597,330.7764865501597,330.7764865501597,330.7764865501597,330.7764865501597,330.7764865501597,0.0,0.0,0.0,282.81866198441185
6198,1986-09-02,-47.023633510380016,238.71809624190706,322.6817045626865,-47.023633510380016,-47.023633510380016,330.14259195751305,330.14259195751305,330.14259195751305,330.14259195751305,330.14259195751305,330.14259195751305,0.0,0.0,0.0,283.118958447133
6199,1986-09-03,-46.79008574653823,241.97017540212852,322.31852820625755,-46.79008574653823,-46.79008574653823,329.9789694730757,329.9789694730757,329.9789694730757,329.9789694730757,329.9789694730757,329.9789694730757,0.0,0.0,0.0,283.1888837265375
6200,1986-09-04,-46.5565379826961,244.0723599331521,324.6475903487142,-46.5565379826961,-46.5565379826961,329.81328230613343,329.81328230613343,329.81328230613343,329.81328230613343,329.81328230613343,329.81328230613343,0.0,0.0,0.0,283.2567443234373
6201,1986-09-05,-46.32299021885431,243.97926755903197,326.19250389212766,-46.32299021885431,-46.32299021885431,329.645527920293,329.645527920293,329.645527920293,329.645527920293,329.645527920293,329.645527920293,0.0,0.0,0.0,283.32253770143865
6202,1986-09-08,-45.62234692732791,238.97752728419587,319.0216178491771,-45.62234692732791,-45.62234692732791,329.12983641082195,329.12983641082195,329.12983641082195,329.12983641082195,329.12983641082195,329.12983641082195,0.0,0.0,0.0,283.50748948349406
6203,1986-09-09,-45.38879916348613,242.38273112665743,326.304597971804,-45.38879916348613,-45.38879916348613,328.9537882200002,328.9537882200002,328.9537882200002,328.9537882200002,328.9537882200002,328.9537882200002,0.0,0.0,0.0,283.5649890565141
6204,1986-09-10,-45.155251399643994,241.47253810339828,323.8750086171701,-45.155251399643994,-45.155251399643994,328.77566045511406,328.77566045511406,328.77566045511406,328.77566045511406,328.77566045511406,328.77566045511406,0.0,0.0,0.0,283.6204090554701
6205,1986-09-11,-44.92170363580221,241.1326197780293,325.61757041664634,-44.92170363580221,-44.92170363580221,328.5954507111999,328.5954507111999,328.5954507111999,328.5954507111999,328.5954507111999,328.5954507111999,0.0,0.0,0.0,283.67374707539767
6206,1986-09-12,-44.68815587196008,243.3637591883761,323.7981019088975,-44.68815587196008,-44.68815587196008,328.41315660555506,328.41315660555506,328.41315660555506,328.41315660555506,328.41315660555506,328.41315660555506,0.0,0.0,0.0,283.725000733595
6207,1986-09-15,-43.98751258043437,243.04572772407272,326.9040110623306,-43.98751258043437,-43.98751258043437,327.8537446271968,327.8537446271968,327.8537446271968,327.8537446271968,327.8537446271968,327.8537446271968,0.0,0.0,0.0,283.86623204676243
6208,1986-09-16,-43.75396481659224,240.6025858930241,325.24239390309174,-43.75396481659224,-43.75396481659224,327.6630896962899,327.6630896962899,327.6630896962899,327.6630896962899,327.6630896962899,327.6630896962899,0.0,0.0,0.0,283.90912487969763
6209,1986-09-17,-43.52041705275045,240.66465705597983,325.9544838592973,-43.52041705275045,-43.52041705275045,327.4703388275323,327.4703388275323,327.4703388275323,327.4703388275323,327.4703388275323,327.4703388275323,0.0,0.0,0.0,283.94992177478184
6210,1986-09-18,-43.28686928890867,240.5991186035791,325.216096900681,-43.28686928890867,-43.28686928890867,327.2754897738777,327.2754897738777,327.2754897738777,327.2754897738777,327.2754897738777,327.2754897738777,0.0,0.0,0.0,283.98862048496903
6211,1986-09-19,-43.053321525066536,242.62513934649405,328.0591666886341,-43.053321525066536,-43.053321525066536,327.07854031123696,327.07854031123696,327.07854031123696,327.07854031123696,327.07854031123696,327.07854031123696,0.0,0.0,0.0,284.0252187861704
6212,1986-09-22,-42.35267823354014,242.33385200765065,326.3272374340768,-42.35267823354014,-42.35267823354014,326.4750675749499,326.4750675749499,326.4750675749499,326.4750675749499,326.4750675749499,326.4750675749499,0.0,0.0,0.0,284.12238934140976
6213,1986-09-23,-42.11913046969835,240.00663688676218,323.5504484776114,-42.11913046969835,-42.11913046969835,326.26969469808137,326.26969469808137,326.26969469808137,326.26969469808137,326.26969469808137,326.26969469808137,0.0,0.0,0.0,284.150564228383
6214,1986-09-24,-41.885582705856216,243.11218272300692,326.81938795814153,-41.885582705856216,-41.885582705856216,326.0622106395934,326.0622106395934,326.0622106395934,326.0622106395934,326.0622106395934,326.0622106395934,0.0,0.0,0.0,284.17662793373717
6215,1986-09-25,-41.65203494201443,242.06406398157336,327.4308785522084,-41.65203494201443,-41.65203494201443,325.85261331520655,325.85261331520655,325.85261331520655,325.85261331520655,325.85261331520655,325.85261331520655,0.0,0.0,0.0,284.2005783731921
6216,1986-09-26,-41.41848717817265,241.83480448281574,324.54145314386983,-41.41848717817265,-41.41848717817265,325.64090066428406,325.64090066428406,325.64090066428406,325.64090066428406,325.64090066428406,325.64090066428406,0.0,0.0,0.0,284.2224134861114
6217,1986-09-29,-40.7178438866466,242.79574586574418,324.7546623111388,-40.7178438866466,-40.7178438866466,324.993050502614,324.993050502614,324.993050502614,324.993050502614,324.993050502614,324.993050502614,0.0,0.0,0.0,284.27520661596736
6218,1986-09-30,-40.484296122804814,244.25873639897708,325.4490764207745,-40.484296122804814,-40.484296122804814,324.77285641542494,324.77285641542494,324.77285641542494,324.77285641542494,324.77285641542494,324.77285641542494,0.0,0.0,0.0,284.2885602926201
6219,1986-10-01,-40.250748358962674,241.36998946833657,326.4584468168535,-40.25074835896267,-40.25074835896267,324.55053705653893,324.55053705653893,324.55053705653893,324.55053705653893,324.55053705653893,324.55053705653893,0.0,0.0,0.0,284.2997886975763
6220,1986-10-02,-40.01720059512089,242.59342102506793,326.33671076157304,-40.01720059512089,-40.01720059512089,324.3260905091995,324.3260905091995,324.3260905091995,324.3260905091995,324.3260905091995,324.3260905091995,0.0,0.0,0.0,284.30888991407863
6221,1986-10-03,-39.78365283127876,244.21025954426264,325.15871359015193,-39.78365283127876,-39.78365283127876,324.0995148809634,324.0995148809634,324.0995148809634,324.0995148809634,324.0995148809634,324.0995148809634,0.0,0.0,0.0,284.31586204968465
6222,1986-10-06,-39.08300953975271,244.06441570138574,324.6470549272307,-39.08300953975271,-39.08300953975271,323.4069949531519,323.4069949531519,323.4069949531519,323.4069949531519,323.4069949531519,323.4069949531519,0.0,0.0,0.0,284.3239854133992
6223,1986-10-07,-38.84946177591058,242.98615340335806,325.6758963877227,-38.84946177591058,-38.84946177591058,323.1718845664964,323.1718845664964,323.1718845664964,323.1718845664964,323.1718845664964,323.1718845664964,0.0,0.0,0.0,284.3224227905858
6224,1986-10-08,-38.61591401206879,241.90311198664227,323.87414979390354,-38.6159140120688,-38.6159140120688,322.93463600474684,322.93463600474684,322.93463600474684,322.93463600474684,322.93463600474684,322.93463600474684,0.0,0.0,0.0,284.31872199267804
6225,1986-10-09,-38.38236624822666,242.89076246204934,324.5447636520879,-38.38236624822666,-38.38236624822666,322.69524752332313,322.69524752332313,322.69524752332313,322.69524752332313,322.69524752332313,322.69524752332313,0.0,0.0,0.0,284.31288127509646
6226,1986-10-10,-38.14881848438487,244.5250809272201,327.8983281698223,-38.14881848438487,-38.14881848438487,322.45371740261487,322.45371740261487,322.45371740261487,322.45371740261487,322.45371740261487,322.45371740261487,0.0,0.0,0.0,284.30489891823
6227,1986-10-13,-37.44817519285882,240.75046218787108,324.3726529902974,-37.44817519285882,-37.44817519285882,321.71626038516735,321.71626038516735,321.71626038516735,321.71626038516735,321.71626038516735,321.71626038516735,0.0,0.0,0.0,284.26808519230855
6228,1986-10-14,-37.214627429017035,242.4841392398824,327.97026874953855,-37.214627429017035,-37.214627429017035,321.4661470138462,321.4661470138462,321.4661470138462,321.4661470138462,321.4661470138462,321.4661470138462,0.0,0.0,0.0,284.25151958482917
6229,1986-10-15,-36.9810796651749,243.67816433267615,324.84269718652007,-36.9810796651749,-36.9810796651749,321.21388378296257,321.21388378296257,321.21388378296257,321.21388378296257,321.21388378296257,321.21388378296257,0.0,0.0,0.0,284.2328041177877
6230,1986-10-16,-36.74753190133312,245.728423585248,326.61305822496394,-36.74753190133312,-36.74753190133312,320.9594691246549,320.9594691246549,320.9594691246549,320.9594691246549,320.9594691246549,320.9594691246549,0.0,0.0,0.0,284.2119372233218
6231,1986-10-17,-36.51398413749133,240.70527957418892,327.1035265580175,-36.51398413749133,-36.51398413749133,320.7029014966721,320.7029014966721,320.7029014966721,320.7029014966721,320.7029014966721,320.7029014966721,0.0,0.0,0.0,284.1889173591808
6232,1986-10-20,-35.81334084596528,243.8310586155827,326.94122024640313,-35.81334084596528,-35.81334084596528,319.92026575818517,319.92026575818517,319.92026575818517,319.92026575818517,319.92026575818517,319.92026575818517,0.0,0.0,0.0,284.1069249122199
6233,1986-10-21,-35.5797930821228,240.46438718172485,325.64333375182565,-35.5797930821228,-35.5797930821228,319.6550713443179,319.6550713443179,319.6550713443179,319.6550713443179,319.6550713443179,319.6550713443179,0.0,0.0,0.0,284.07527826219507
6234,1986-10-22,-35.346245318281014,243.73968698552886,327.00597598112716,-35.346245318281014,-35.346245318281014,319.38771663679694,319.38771663679694,319.38771663679694,319.38771663679694,319.38771663679694,319.38771663679694,0.0,0.0,0.0,284.0414713185159
6235,1986-10-23,-35.11269755443888,242.52172165490748,324.03551201028296,-35.11269755443888,-35.11269755443888,319.11820024890443,319.11820024890443,319.11820024890443,319.11820024890443,319.11820024890443,319.11820024890443,0.0,0.0,0.0,284.0055026944656
6236,1986-10-24,-34.8791497905971,239.12670634530903,325.59832253813664,-34.8791497905971,-34.8791497905971,318.8465208201545,318.8465208201545,318.8465208201545,318.8465208201545,318.8465208201545,318.8465208201545,0.0,0.0,0.0,283.9673710295574
6237,1986-10-27,-34.17850649907139,244.66151952981966,322.63045646348434,-34.17850649907139,-34.17850649907139,318.01849107920015,318.01849107920015,318.01849107920015,318.01849107920015,318.01849107920015,318.01849107920015,0.0,0.0,0.0,283.83998458012877
6238,1986-10-28,-33.94495873522926,244.9988438248398,324.9810658841906,-33.94495873522926,-33.94495873522926,317.7381464098355,317.7381464098355,317.7381464098355,317.7381464098355,317.7381464098355,317.7381464098355,0.0,0.0,0.0,283.79318767460626
6239,1986-10-29,-33.71141097138747,242.04070629240607,324.80964546886,-33.71141097138747,-33.71141097138747,317.4556322936982,317.4556322936982,317.4556322936982,317.4556322936982,317.4556322936982,317.4556322936982,0.0,0.0,0.0,283.74422132231075
6240,1986-10-30,-33.47786320754534,240.05033982145764,324.5023156889936,-33.47786320754534,-33.47786320754534,317.1709475295106,317.1709475295106,317.1709475295106,317.1709475295106,317.1709475295106,317.1709475295106,0.0,0.0,0.0,283.6930843219653
6241,1986-10-31,-33.244315443703556,245.10625934207172,326.86145057460425,-33.244315443703556,-33.244315443703556,316.88409094283105,316.88409094283105,316.88409094283105,316.88409094283105,316.88409094283105,316.88409094283105,0.0,0.0,0.0,283.6397754991275
6242,1986-11-03,-32.54367215217751,241.84227244995998,324.98518527098526,-32.54367215217751,-32.54367215217751,316.01047890770803,316.01047890770803,316.01047890770803,316.01047890770803,316.01047890770803,316.01047890770803,0.0,0.0,0.0,283.4668067555305
6243,1986-11-04,-32.310124388335716,240.56666602074662,322.7252457461701,-32.310124388335716,-32.310124388335716,315.7149238262799,315.7149238262799,315.7149238262799,315.7149238262799,315.7149238262799,315.7149238262799,0.0,0.0,0.0,283.4047994379442
6244,1986-11-05,-32.076576624493235,243.70120524446898,325.2751612913405,-32.076576624493235,-32.076576624493235,315.417191455613,315.417191455613,315.417191455613,315.417191455613,315.417191455613,315.417191455613,0.0,0.0,0.0,283.3406148311198
6245,1986-11-06,-31.84302886065145,238.77697685629437,323.6880737501196,-31.84302886065145,-31.84302886065145,315.1172807840337,315.1172807840337,315.1172807840337,315.1172807840337,315.1172807840337,315.1172807840337,0.0,0.0,0.0,283.2742519233823
6246,1986-11-07,-31.60948109680932,243.8305076550596,324.167286833897,-31.60948109680932,-31.60948109680932,314.8151908272863,314.8151908272863,314.8151908272863,314.8151908272863,314.8151908272863,314.8151908272863,0.0,0.0,0.0,283.205709730477
6247,1986-11-10,-30.908837805283614,240.14604526801816,323.4729870207035,-30.908837805283614,-30.908837805283614,313.89583581646,313.89583581646,313.89583581646,313.89583581646,313.89583581646,313.89583581646,0.0,0.0,0.0,282.9869980111764
6248,1986-11-11,-30.67529004144148,242.05011838840468,323.93770067299414,-30.67529004144148,-30.67529004144148,313.5850194276895,313.5850194276895,313.5850194276895,313.5850194276895,313.5850194276895,313.5850194276895,0.0,0.0,0.0,282.909729386248
6249,1986-11-12,-30.441742277599698,242.1503205982938,325.75099962385923,-30.441742277599694,-30.441742277599694,313.27201924658254,313.27201924658254,313.27201924658254,313.27201924658254,313.27201924658254,313.27201924658254,0.0,0.0,0.0,282.83027696898284
6250,1986-11-13,-30.208194513757565,238.43491740220807,322.0923057368765,-30.208194513757565,-30.208194513757565,312.9568344550889,312.9568344550889,312.9568344550889,312.9568344550889,312.9568344550889,312.9568344550889,0.0,0.0,0.0,282.7486399413313
6251,1986-11-14,-29.974646749915777,242.38461363360702,325.44235382199145,-29.974646749915777,-29.974646749915777,312.6394642631382,312.6394642631382,312.6394642631382,312.6394642631382,312.6394642631382,312.6394642631382,0.0,0.0,0.0,282.66481751322243
6252,1986-11-17,-29.274003458390077,240.00185686877424,325.0522679028255,-29.274003458390077,-29.274003458390077,311.6742338051922,311.6742338051922,311.6742338051922,311.6742338051922,311.6742338051922,311.6742338051922,0.0,0.0,0.0,282.4002303468021
6253,1986-11-18,-29.040455694547944,239.9999078039733,322.9887503717084,-29.040455694547944,-29.040455694547944,311.34811467305343,311.34811467305343,311.34811467305343,311.34811467305343,311.34811467305343,311.34811467305343,0.0,0.0,0.0,282.3076589785055
6254,1986-11-19,-28.806907930706156,242.59596698278446,323.09272497515747,-28.806907930706156,-28.806907930706156,311.01980661253964,311.01980661253964,311.01980661253964,311.01980661253964,311.01980661253964,311.01980661253964,0.0,0.0,0.0,282.2128986818335
6255,1986-11-20,-28.573360166863676,238.27218749057806,324.2833024532534,-28.573360166863676,-28.573360166863676,310.6893090030943,310.6893090030943,310.6893090030943,310.6893090030943,310.6893090030943,310.6893090030943,0.0,0.0,0.0,282.11594883623064
6256,1986-11-21,-28.339812403021543,241.9523715420545,322.4037171530978,-28.339812403021543,-28.339812403021543,310.35662125267936,310.35662125267936,310.35662125267936,310.35662125267936,310.35662125267936,310.35662125267936,0.0,0.0,0.0,282.0168088496578
6257,1986-11-24,-27.63916911149584,239.56893284503192,322.38345747350047,-27.63916911149584,-27.63916911149584,309.34541166462475,309.34541166462475,309.34541166462475,309.34541166462475,309.34541166462475,309.34541166462475,0.0,0.0,0.0,281.7062425531289
6258,1986-11-25,-27.405621347654055,240.36460332977015,324.44744071696556,-27.405621347654055,-27.405621347654055,309.00395800298463,309.00395800298463,309.00395800298463,309.00395800298463,309.00395800298463,309.00395800298463,0.0,0.0,0.0,281.59833665533057
6259,1986-11-26,-27.172073583811923,242.5780144033364,324.28663065961706,-27.172073583811923,-27.172073583811923,308.6603116706057,308.6603116706057,308.6603116706057,308.6603116706057,308.6603116706057,308.6603116706057,0.0,0.0,0.0,281.4882380867938
6260,1986-11-28,-26.704978056128002,237.6028906579476,324.56184076764384,-26.704978056128002,-26.704978056128002,307.96643934525633,307.96643934525633,307.96643934525633,307.96643934525633,307.96643934525633,307.96643934525633,0.0,0.0,0.0,281.2614612891283
6261,1986-12-01,-26.004334764602298,238.3921854130788,322.60482052040186,-26.004334764602298,-26.004334764602298,306.9091762880541,306.9091762880541,306.9091762880541,306.9091762880541,306.9091762880541,306.9091762880541,0.0,0.0,0.0,280.9048415234518
6262,1986-12-02,-25.770787000760166,240.62274958783445,321.661169856473,-25.770787000760166,-25.770787000760166,306.55236614361087,306.55236614361087,306.55236614361087,306.55236614361087,306.55236614361087,306.55236614361087,0.0,0.0,0.0,280.7815791428507
6263,1986-12-03,-25.53723923691838,240.41062291922248,321.336550306817,-25.53723923691838,-25.53723923691838,306.1933610052228,306.1933610052228,306.1933610052228,306.1933610052228,306.1933610052228,306.1933610052228,0.0,0.0,0.0,280.65612176830444
6264,1986-12-04,-25.30369147307625,237.72626062405806,320.25198831522675,-25.30369147307625,-25.30369147307625,305.8321606582861,305.8321606582861,305.8321606582861,305.8321606582861,305.8321606582861,305.8321606582861,0.0,0.0,0.0,280.5284691852099
6265,1986-12-05,-25.070143709234117,237.05555282615202,321.74995984427477,-25.070143709234117,-25.070143709234117,305.4687649177243,305.4687649177243,305.4687649177243,305.4687649177243,305.4687649177243,305.4687649177243,0.0,0.0,0.0,280.39862120849017
6266,1986-12-08,-24.369500417708064,236.29084293451265,320.92699353914014,-24.369500417708064,-24.369500417708064,304.3654039279004,304.3654039279004,304.3654039279004,304.3654039279004,304.3654039279004,304.3654039279004,0.0,0.0,0.0,279.9959035101923
6267,1986-12-09,-24.13595265386628,238.6607299839481,321.0021553920087,-24.13595265386628,-24.13595265386628,303.9932253550453,303.9932253550453,303.9932253550453,303.9932253550453,303.9932253550453,303.9932253550453,0.0,0.0,0.0,279.857272701179
6268,1986-12-10,-23.902404890024144,241.59134538874835,320.499731235737,-23.902404890024144,-23.902404890024144,303.61885090849694,303.61885090849694,303.61885090849694,303.61885090849694,303.61885090849694,303.61885090849694,0.0,0.0,0.0,279.71644601847277
6269,1986-12-11,-23.66885712618236,236.4323671707402,320.76127889804457,-23.66885712618236,-23.66885712618236,303.2422805817704,303.2422805817704,303.2422805817704,303.2422805817704,303.2422805817704,303.2422805817704,0.0,0.0,0.0,279.573423455588
6270,1986-12-12,-23.435309362340227,239.64132763536466,322.2599337271581,-23.435309362340227,-23.435309362340227,302.86351439837836,302.86351439837836,302.86351439837836,302.86351439837836,302.86351439837836,302.86351439837836,0.0,0.0,0.0,279.42820503603815
6271,1986-12-15,-22.734666070814523,237.8672612014414,321.8744992002777,-22.734666070814523,-22.734666070814523,301.71404139462004,301.71404139462004,301.71404139462004,301.71404139462004,301.71404139462004,301.71404139462004,0.0,0.0,0.0,278.9793753238055
6272,1986-12-16,-22.50111830697274,236.90520468977394,319.66665940204484,-22.50111830697274,-22.50111830697274,301.32649262185646,301.32649262185646,301.32649262185646,301.32649262185646,301.32649262185646,301.32649262185646,0.0,0.0,0.0,278.82537431488373
6273,1986-12-17,-22.267570543130606,236.91617226080731,318.8133967393615,-22.267570543130606,-22.267570543130606,300.936748562172,300.936748562172,300.936748562172,300.936748562172,300.936748562172,300.936748562172,0.0,0.0,0.0,278.6691780190414
6274,1986-12-18,-22.03402277928882,236.53862947110846,325.85952854731653,-22.03402277928882,-22.03402277928882,300.5448094203929,300.5448094203929,300.5448094203929,300.5448094203929,300.5448094203929,300.5448094203929,0.0,0.0,0.0,278.51078664110406
6275,1986-12-19,-21.800475015446686,236.3227546396985,319.5955362167561,-21.800475015446686,-21.800475015446686,300.1506754317839,300.1506754317839,300.1506754317839,300.1506754317839,300.1506754317839,300.1506754317839,0.0,0.0,0.0,278.3502004163372
6276,1986-12-22,-21.09983172392029,236.84749445633594,319.3846718430917,-21.09983172392029,-21.09983172392029,298.95510719543955,298.95510719543955,298.95510719543955,298.95510719543955,298.95510719543955,298.95510719543955,0.0,0.0,0.0,277.85527547151923
6277,1986-12-23,-20.8662839600785,235.00742464685715,318.9780159416758,-20.8662839600785,-20.8662839600785,298.5521967830016,298.5521967830016,298.5521967830016,298.5521967830016,298.5521967830016,298.5521967830016,0.0,0.0,0.0,277.6859128229231
6278,1986-12-24,-20.632736196236717,237.37262182239425,322.46111580276477,-20.632736196236717,-20.632736196236717,298.1470931587137,298.1470931587137,298.1470931587137,298.1470931587137,298.1470931587137,298.1470931587137,0.0,0.0,0.0,277.514356962477
6279,1986-12-26,-20.1656406685528,237.31266843416716,315.0342035902184,-20.1656406685528,-20.1656406685528,297.3303079820042,297.3303079820042,297.3303079820042,297.3303079820042,297.3303079820042,297.3303079820042,0.0,0.0,0.0,277.1646673134514
6280,1986-12-29,-19.464997377026748,235.52130757947143,319.2007008440078,-19.464997377026748,-19.464997377026748,296.08869261042526,296.08869261042526,296.08869261042526,296.08869261042526,296.08869261042526,296.08869261042526,0.0,0.0,0.0,276.6236952333985
6281,1986-12-30,-19.231449613184964,236.11345039424504,316.4849169580732,-19.231449613184964,-19.231449613184964,295.6704395987433,295.6704395987433,295.6704395987433,295.6704395987433,295.6704395987433,295.6704395987433,0.0,0.0,0.0,276.43898998555835
6282,1986-12-31,-18.997901849342828,233.56692905113658,318.3984643847736,-18.997901849342828,-18.997901849342828,295.2499969590241,295.2499969590241,295.2499969590241,295.2499969590241,295.2499969590241,295.2499969590241,0.0,0.0,0.0,276.25209510968125
6283,1987-01-02,-18.53080632165891,237.66934284992092,317.2041131626318,-18.530806321658915,-18.530806321658915,294.4025453717658,294.4025453717658,294.4025453717658,294.4025453717658,294.4025453717658,294.4025453717658,0.0,0.0,0.0,275.8717390501069
6284,1987-01-05,-17.83016303013286,234.85026241866538,315.4405938361347,-17.83016303013286,-17.83016303013286,293.1149627034581,293.1149627034581,293.1149627034581,293.1149627034581,293.1149627034581,293.1149627034581,0.0,0.0,0.0,275.28479967332527
6285,1987-01-06,-17.596615266290726,229.14678550070641,316.04726970827693,-17.596615266290726,-17.596615266290726,292.6813967521322,292.6813967521322,292.6813967521322,292.6813967521322,292.6813967521322,292.6813967521322,0.0,0.0,0.0,275.08478148584146
6286,1987-01-07,-17.363067502448942,234.63120928164744,315.27927166124374,-17.363067502448942,-17.363067502448942,292.2456462843808,292.2456462843808,292.2456462843808,292.2456462843808,292.2456462843808,292.2456462843808,0.0,0.0,0.0,274.8825787819319
6287,1987-01-08,-17.12951973860681,231.40018143311752,317.31207238359474,-17.12951973860681,-17.12951973860681,291.8077121561989,291.8077121561989,291.8077121561989,291.8077121561989,291.8077121561989,291.8077121561989,0.0,0.0,0.0,274.6781924175921
6288,1987-01-09,-16.895971974765022,231.59350384986317,316.6051894561655,-16.895971974765022,-16.895971974765022,291.3675952551715,291.3675952551715,291.3675952551715,291.3675952551715,291.3675952551715,291.3675952551715,0.0,0.0,0.0,274.4716232804065
6289,1987-01-12,-16.195328683238973,231.83754288870753,313.93186329348435,-16.195328683238973,-16.195328683238973,290.0341572657503,290.0341572657503,290.0341572657503,290.0341572657503,290.0341572657503,290.0341572657503,0.0,0.0,0.0,273.8388285825113
6290,1987-01-13,-15.961780919397187,231.57417941047657,315.182883684031,-15.961780919397187,-15.961780919397187,289.5853187826944,289.5853187826944,289.5853187826944,289.5853187826944,289.5853187826944,289.5853187826944,0.0,0.0,0.0,273.6235378632972
6291,1987-01-14,-15.728233155555053,231.1084794300461,314.57440122016675,-15.728233155555053,-15.728233155555053,289.13430244025443,289.13430244025443,289.13430244025443,289.13430244025443,289.13430244025443,289.13430244025443,0.0,0.0,0.0,273.40606928469936
6292,1987-01-15,-15.494685391713269,229.9325070014856,314.88739655372825,-15.494685391713269,-15.494685391713269,288.68110931655394,288.68110931655394,288.68110931655394,288.68110931655394,288.68110931655394,288.68110931655394,0.0,0.0,0.0,273.18642392484065
6293,1987-01-16,-15.261137627871483,231.0112133030501,312.58870321226306,-15.261137627871483,-15.261137627871483,288.2257405216321,288.2257405216321,288.2257405216321,288.2257405216321,288.2257405216321,288.2257405216321,0.0,0.0,0.0,272.96460289376057
6294,1987-01-19,-14.560494336345432,233.8289017612155,315.29686331045633,-14.560494336345432,-14.560494336345432,286.8465916896055,286.8465916896055,286.8465916896055,286.8465916896055,286.8465916896055,286.8465916896055,0.0,0.0,0.0,272.28609735326006
6295,1987-01-20,-14.326946572502951,225.8597357167332,313.51835761284224,-14.326946572502951,-14.326946572502951,286.38253195004984,286.38253195004984,286.38253195004984,286.38253195004984,286.38253195004984,286.38253195004984,0.0,0.0,0.0,272.0555853775469
6296,1987-01-21,-14.093398808661165,230.46340486715454,314.3783537013751,-14.093398808661165,-14.093398808661165,285.91630256973144,285.91630256973144,285.91630256973144,285.91630256973144,285.91630256973144,285.91630256973144,0.0,0.0,0.0,271.8229037610703
6297,1987-01-22,-13.85985104481938,228.50765910794075,310.0311261633172,-13.85985104481938,-13.85985104481938,285.4479048510888,285.4479048510888,285.4479048510888,285.4479048510888,285.4479048510888,285.4479048510888,0.0,0.0,0.0,271.58805380626944
6298,1987-01-23,-13.626303280977247,231.97162090397555,311.53913859122656,-13.626303280977247,-13.626303280977247,284.9773401287688,284.9773401287688,284.9773401287688,284.9773401287688,284.9773401287688,284.9773401287688,0.0,0.0,0.0,271.35103684779153
6299,1987-01-26,-12.925659989451542,225.9167745931754,308.21586667197516,-12.925659989451542,-12.925659989451542,283.5526577702078,283.5526577702078,283.5526577702078,283.5526577702078,283.5526577702078,283.5526577702078,0.0,0.0,0.0,270.62699778075626
6300,1987-01-27,-12.69211222560941,229.1587555479273,308.50995059354614,-12.69211222560941,-12.69211222560941,283.07343902523434,283.07343902523434,283.07343902523434,283.07343902523434,283.07343902523434,283.07343902523434,0.0,0.0,0.0,270.3813267996249
6301,1987-01-28,-12.458564461767624,229.1544046659221,313.33560288561165,-12.458564461767624,-12.458564461767624,282.5920604343358,282.5920604343358,282.5920604343358,282.5920604343358,282.5920604343358,282.5920604343358,0.0,0.0,0.0,270.13349597256814
6302,1987-01-29,-12.225016697925492,228.71013140166082,307.97018997138343,-12.225016697925492,-12.225016697925492,282.1085235262289,282.1085235262289,282.1085235262289,282.1085235262289,282.1085235262289,282.1085235262289,0.0,0.0,0.0,269.88350682830344
6303,1987-01-30,-11.991468934083706,228.64885898896307,312.8843419326853,-11.991468934083706,-11.991468934083706,281.622829862101,281.622829862101,281.622829862101,281.622829862101,281.622829862101,281.622829862101,0.0,0.0,0.0,269.63136092801733
6304,1987-02-02,-11.290825642557655,223.92812048775556,310.24307604593326,-11.290825642557655,-11.290825642557655,280.1528244332855,280.1528244332855,280.1528244332855,280.1528244332855,280.1528244332855,280.1528244332855,0.0,0.0,0.0,268.86199879072785
6305,1987-02-03,-11.05727787871587,225.95853751000794,309.7872157741679,-11.05727787871587,-11.05727787871587,279.6585200076097,279.6585200076097,279.6585200076097,279.6585200076097,279.6585200076097,279.6585200076097,0.0,0.0,0.0,268.60124212889383
6306,1987-02-04,-10.82373011487339,228.14142872207918,308.62884410701287,-10.82373011487339,-10.82373011487339,279.1620671201359,279.1620671201359,279.1620671201359,279.1620671201359,279.1620671201359,279.1620671201359,0.0,0.0,0.0,268.3383370052625
6307,1987-02-05,-10.590182351031604,225.41738422210716,310.9009003140683,-10.590182351031604,-10.590182351031604,278.6634675275965,278.6634675275965,278.6634675275965,278.6634675275965,278.6634675275965,278.6634675275965,0.0,0.0,0.0,268.07328517656487
6308,1987-02-06,-10.356634587189472,227.47701809132744,307.45699533858186,-10.356634587189472,-10.356634587189472,278.1627230194239,278.1627230194239,278.1627230194239,278.1627230194239,278.1627230194239,278.1627230194239,0.0,0.0,0.0,267.8060884322344
6309,1987-02-09,-9.655991295663767,227.80739953598163,310.99804865569723,-9.655991295663767,-9.655991295663767,276.6476383865943,276.6476383865943,276.6476383865943,276.6476383865943,276.6476383865943,276.6476383865943,0.0,0.0,0.0,266.99164709093054
6310,1987-02-10,-9.422443531821635,222.48908028837818,307.837605142028,-9.422443531821635,-9.422443531821635,276.13833276529897,276.13833276529897,276.13833276529897,276.13833276529897,276.13833276529897,276.13833276529897,0.0,0.0,0.0,266.71588923347736
6311,1987-02-11,-9.188895767979849,225.09090909151726,304.8423605241599,-9.188895767979849,-9.188895767979849,275.6268916670951,275.6268916670951,275.6268916670951,275.6268916670951,275.6268916670951,275.6268916670951,0.0,0.0,0.0,266.43799589911526
6312,1987-02-12,-8.955348004137717,226.2205810623892,307.49968352961685,-8.955348004137717,-8.955348004137717,275.11331707823456,275.11331707823456,275.11331707823456,275.11331707823456,275.11331707823456,275.11331707823456,0.0,0.0,0.0,266.15796907409685
6313,1987-02-13,-8.72180024029593,223.39042793150455,309.65153792927333,-8.72180024029593,-8.72180024029593,274.59761101786967,274.59761101786967,274.59761101786967,274.59761101786967,274.59761101786967,274.59761101786967,0.0,0.0,0.0,265.87581077757375
6314,1987-02-17,-7.787609184928094,222.48014306507338,306.97349734260825,-7.787609184928094,-7.787609184928094,272.5135135971911,272.5135135971911,272.5135135971911,272.5135135971911,272.5135135971911,272.5135135971911,0.0,0.0,0.0,264.725904412263
6315,1987-02-18,-7.554061421086309,222.84601544587446,309.1427952198333,-7.554061421086309,-7.554061421086309,271.9871816197146,271.9871816197146,271.9871816197146,271.9871816197146,271.9871816197146,271.9871816197146,0.0,0.0,0.0,264.4331201986283
6316,1987-02-19,-7.320513657243828,224.19721944999884,307.08576757289507,-7.320513657243828,-7.320513657243828,271.4587309778558,271.4587309778558,271.4587309778558,271.4587309778558,271.4587309778558,271.4587309778558,0.0,0.0,0.0,264.13821732061194
6317,1987-02-20,-7.086965893401695,221.01530427307193,306.70560393770467,-7.086965893401695,-7.086965893401695,270.9281639217195,270.9281639217195,270.9281639217195,270.9281639217195,270.9281639217195,270.9281639217195,0.0,0.0,0.0,263.8411980283178
6318,1987-02-23,-6.3863226018759915,220.39799179235362,305.02556205350936,-6.3863226018759915,-6.3863226018759915,269.32378726498126,269.32378726498126,269.32378726498126,269.32378726498126,269.32378726498126,269.32378726498126,0.0,0.0,0.0,262.9374646631053
6319,1987-02-24,-6.152774838034206,221.1885699780925,306.3431795118304,-6.152774838034206,-6.152774838034206,268.7847777146445,268.7847777146445,268.7847777146445,268.7847777146445,268.7847777146445,268.7847777146445,0.0,0.0,0.0,262.63200287661033
6320,1987-02-25,-5.919227074192073,220.66342699181635,306.9669700122242,-5.919227074192073,-5.919227074192073,268.2436634971214,268.2436634971214,268.2436634971214,268.2436634971214,268.2436634971214,268.2436634971214,0.0,0.0,0.0,262.32443642292935
6321,1987-02-26,-5.685679310350288,220.40163476234292,303.7604602908105,-5.685679310350288,-5.685679310350288,267.70044706127135,267.70044706127135,267.70044706127135,267.70044706127135,267.70044706127135,267.70044706127135,0.0,0.0,0.0,262.01476775092107
6322,1987-02-27,-5.452131546508155,219.20090774159425,302.67058739482565,-5.452131546508155,-5.452131546508155,267.15513088914247,267.15513088914247,267.15513088914247,267.15513088914247,267.15513088914247,267.15513088914247,0.0,0.0,0.0,261.7029993426343
6323,1987-03-02,-4.751488254982451,220.55092996190348,301.8608574438309,-4.751488254982451,-4.751488254982451,265.50660927365305,265.50660927365305,265.50660927365305,265.50660927365305,265.50660927365305,265.50660927365305,0.0,0.0,0.0,260.7551210186706
6324,1987-03-03,-4.517940491140318,221.05022930941664,302.7704304577826,-4.517940491140318,-4.517940491140318,264.95291964111414,264.95291964111414,264.95291964111414,264.95291964111414,264.95291964111414,264.95291964111414,0.0,0.0,0.0,260.4349791499738
6325,1987-03-04,-4.284392727298533,219.76280211475418,301.31461154178766,-4.284392727298533,-4.284392727298533,264.39714318082935,264.39714318082935,264.39714318082935,264.39714318082935,264.39714318082935,264.39714318082935,0.0,0.0,0.0,260.1127504535308
6326,1987-03-05,-4.0508449634564,218.09245195865398,302.20792858340786,-4.0508449634564,-4.0508449634564,263.8392825742564,263.8392825742564,263.8392825742564,263.8392825742564,263.8392825742564,263.8392825742564,0.0,0.0,0.0,259.7884376108
6327,1987-03-06,-3.817297199614267,217.0981038853339,300.25157943275786,-3.817297199614267,-3.817297199614267,263.27934053612944,263.27934053612944,263.27934053612944,263.27934053612944,263.27934053612944,263.27934053612944,0.0,0.0,0.0,259.4620433365152
6328,1987-03-09,-3.1166539080882156,216.7198624285196,302.4421314770459,-3.1166539080882156,-3.1166539080882156,261.5870534791407,261.5870534791407,261.5870534791407,261.5870534791407,261.5870534791407,261.5870534791407,0.0,0.0,0.0,258.4703995710525
6329,1987-03-10,-2.88310614424643,213.78289928266642,298.2235767548541,-2.88310614424643,-2.88310614424643,261.01881352802934,261.01881352802934,261.01881352802934,261.01881352802934,261.01881352802934,261.01881352802934,0.0,0.0,0.0,258.1357073837829
6330,1987-03-11,-2.6495583804042973,216.16452380820752,302.90908584087344,-2.6495583804042973,-2.6495583804042973,260.44850621852237,260.44850621852237,260.44850621852237,260.44850621852237,260.44850621852237,260.44850621852237,0.0,0.0,0.0,257.79894783811807
6331,1987-03-12,-2.4160106165625117,217.15308025225576,303.04583148319443,-2.4160106165625117,-2.4160106165625117,259.8761344652046,259.8761344652046,259.8761344652046,259.8761344652046,259.8761344652046,259.8761344652046,0.0,0.0,0.0,257.46012384864207
6332,1987-03-13,-2.182462852720379,214.06380953336853,299.99398875321697,-2.182462852720379,-2.182462852720379,259.30170121599025,259.30170121599025,259.30170121599025,259.30170121599025,259.30170121599025,259.30170121599025,0.0,0.0,0.0,257.11923836326986
6333,1987-03-16,-1.4818195611946752,215.98715087225628,300.1687150720692,-1.4818195611946752,-1.4818195611946752,257.56606247220014,257.56606247220014,257.56606247220014,257.56606247220014,257.56606247220014,257.56606247220014,0.0,0.0,0.0,256.08424291100545
6334,1987-03-17,-1.2482717973528896,216.62420265302146,296.43977215465037,-1.2482717973528896,-1.2482717973528896,256.98341338534806,256.98341338534806,256.98341338534806,256.98341338534806,256.98341338534806,256.98341338534806,0.0,0.0,0.0,255.73514158799517
6335,1987-03-18,-1.0147240335107568,215.6806129735191,293.9051554033266,-1.0147240335107568,-1.0147240335107568,256.39871804229847,256.39871804229847,256.39871804229847,256.39871804229847,256.39871804229847,256.39871804229847,0.0,0.0,0.0,255.3839940087877
6336,1987-03-19,-0.7811762696689714,218.12941474962957,299.0088654770355,-0.7811762696689714,-0.7811762696689714,255.81197959103528,255.81197959103528,255.81197959103528,255.81197959103528,255.81197959103528,255.81197959103528,0.0,0.0,0.0,255.0308033213663
6337,1987-03-20,-0.5476285058268384,210.94810320581027,295.1008651034941,-0.5476285058268384,-0.5476285058268384,255.2232012128896,255.2232012128896,255.2232012128896,255.2232012128896,255.2232012128896,255.2232012128896,0.0,0.0,0.0,254.67557270706274
6338,1987-03-23,0.1530147856992129,211.0468012072511,298.6536320270677,0.1530147856992129,0.1530147856992129,253.4446588307174,253.4446588307174,253.4446588307174,253.4446588307174,253.4446588307174,253.4446588307174,0.0,0.0,0.0,253.5976736164166
6339,1987-03-24,0.38656254954134583,208.9709521681735,293.26561071881724,0.38656254954134583,0.38656254954134583,252.84775322533338,252.84775322533338,252.84775322533338,252.84775322533338,252.84775322533338,252.84775322533338,0.0,0.0,0.0,253.23431577487472
6340,1987-03-25,0.6201103133831313,209.09801004457438,294.3017324149961,0.6201103133831313,0.6201103133831313,252.2488240999347,252.2488240999347,252.2488240999347,252.2488240999347,252.2488240999347,252.2488240999347,0.0,0.0,0.0,252.86893441331782
6341,1987-03-26,0.8536580772252642,207.39497157344454,295.076833394765,0.8536580772252642,0.8536580772252642,251.64787483591795,251.64787483591795,251.64787483591795,251.64787483591795,251.64787483591795,251.64787483591795,0.0,0.0,0.0,252.50153291314322
6342,1987-03-27,1.0872058410670495,208.05442211831294,291.81750005713553,1.0872058410670495,1.0872058410670495,251.04490884800867,251.04490884800867,251.04490884800867,251.04490884800867,251.04490884800867,251.04490884800867,0.0,0.0,0.0,252.13211468907573
6343,1987-03-30,1.787849132593101,210.00795159602706,292.59078504825715,1.787849132593101,1.787849132593101,249.22394518801713,249.22394518801713,249.22394518801713,249.22394518801713,249.22394518801713,249.22394518801713,0.0,0.0,0.0,251.01179432061022
6344,1987-03-31,2.021396896434886,208.44412315306974,293.34703806822665,2.021396896434886,2.021396896434886,248.61294711819107,248.61294711819107,248.61294711819107,248.61294711819107,248.61294711819107,248.61294711819107,0.0,0.0,0.0,250.63434401462595
6345,1987-04-01,2.2549446602773666,210.62887774075838,294.55079586270693,2.2549446602773666,2.2549446602773666,247.99994989783139,247.99994989783139,247.99994989783139,247.99994989783139,247.99994989783139,247.99994989783139,0.0,0.0,0.0,250.25489455810876
6346,1987-04-02,3.172404842048821,208.6854840014882,293.14726438152456,3.172404842048821,3.172404842048821,247.38495714149755,247.38495714149755,247.38495714149755,247.38495714149755,247.38495714149755,247.38495714149755,0.0,0.0,0.0,250.55736198354637
6347,1987-04-03,4.089865023820275,206.28236400938587,290.69726392015025,4.089865023820275,4.089865023820275,246.76797249702506,246.76797249702506,246.76797249702506,246.76797249702506,246.76797249702506,246.76797249702506,0.0,0.0,0.0,250.85783752084532
6348,1987-04-06,6.842245569134638,211.1419045393605,296.2410813195678,6.842245569134638,6.842245569134638,244.90510421196944,244.90510421196944,244.90510421196944,244.90510421196944,244.90510421196944,244.90510421196944,0.0,0.0,0.0,251.74734978110408
6349,1987-04-07,7.759705750904702,213.93227169500383,296.32645311766987,7.759705750904702,7.759705750904702,244.2801891583367,244.2801891583367,244.2801891583367,244.2801891583367,244.2801891583367,244.2801891583367,0.0,0.0,0.0,252.0398949092414
6350,1987-04-08,8.677165932676155,213.21181640196028,294.78300817380887,8.677165932676155,8.677165932676155,243.65330095441615,243.65330095441615,243.65330095441615,243.65330095441615,243.65330095441615,243.65330095441615,0.0,0.0,0.0,252.3304668870923
6351,1987-04-09,9.59462611444761,212.7580658560732,292.82200260948684,9.59462611444761,9.59462611444761,243.02444344741713,243.02444344741713,243.02444344741713,243.02444344741713,243.02444344741713,243.02444344741713,0.0,0.0,0.0,252.61906956186473
6352,1987-04-10,10.512086296217674,213.94687642769367,296.0760999566094,10.512086296217674,10.512086296217674,242.39362051773094,242.39362051773094,242.39362051773094,242.39362051773094,242.39362051773094,242.39362051773094,0.0,0.0,0.0,252.9057068139486
6353,1987-04-13,13.264466841530647,213.57307817491514,295.57499082713247,13.264466841530647,13.264466841530647,240.48939849375566,240.48939849375566,240.48939849375566,240.48939849375566,240.48939849375566,240.48939849375566,0.0,0.0,0.0,253.7538653352863
6354,1987-04-14,14.181927023302102,214.65181445683436,296.81943401680013,14.181927023302102,14.181927023302102,239.85075334017438,239.85075334017438,239.85075334017438,239.85075334017438,239.85075334017438,239.85075334017438,0.0,0.0,0.0,254.0326803634765
6355,1987-04-15,15.099387205072166,215.36421860798725,297.12845814283156,15.099387205072166,15.099387205072166,239.2101626629138,239.2101626629138,239.2101626629138,239.2101626629138,239.2101626629138,239.2101626629138,0.0,0.0,0.0,254.30954986798596
6356,1987-04-16,16.01684738684362,214.05442239150167,297.45250686607653,16.01684738684362,16.01684738684362,238.56763054105218,238.56763054105218,238.56763054105218,238.56763054105218,238.56763054105218,238.56763054105218,0.0,0.0,0.0,254.5844779278958
6357,1987-04-20,19.686688113929435,212.92003552420923,297.41020996594915,19.686688113929435,19.686688113929435,235.97817034528867,235.97817034528867,235.97817034528867,235.97817034528867,235.97817034528867,235.97817034528867,0.0,0.0,0.0,255.66485845921812
6358,1987-04-21,20.6041482956995,213.13654991283275,297.5658630678261,20.6041482956995,20.6041482956995,235.32599334238583,235.32599334238583,235.32599334238583,235.32599334238583,235.32599334238583,235.32599334238583,0.0,0.0,0.0,255.93014163808533
6359,1987-04-22,21.521608477470956,214.06538640325957,298.5810911192041,21.521608477470956,21.521608477470956,234.67190006249,234.67190006249,234.67190006249,234.67190006249,234.67190006249,234.67190006249,0.0,0.0,0.0,256.193508539961
6360,1987-04-23,22.43906865924241,214.20331013834928,298.2859356914759,22.43906865924241,22.43906865924241,234.01589481549624,234.01589481549624,234.01589481549624,234.01589481549624,234.01589481549624,234.01589481549624,0.0,0.0,0.0,256.45496347473863
6361,1987-04-24,23.356528841012473,213.84997055889303,300.20058444959625,23.356528841012473,23.356528841012473,233.3579819441714,233.3579819441714,233.3579819441714,233.3579819441714,233.3579819441714,233.3579819441714,0.0,0.0,0.0,256.71451078518385
6362,1987-04-27,26.108909386325447,216.03366861168604,297.6367914510176,26.108909386325447,26.108909386325447,231.37284150438188,231.37284150438188,231.37284150438188,231.37284150438188,231.37284150438188,231.37284150438188,0.0,0.0,0.0,257.4817508907073
6363,1987-04-28,27.0263695680969,214.19449295754828,301.6480750847916,27.0263695680969,27.0263695680969,230.7073422198597,230.7073422198597,230.7073422198597,230.7073422198597,230.7073422198597,230.7073422198597,0.0,0.0,0.0,257.7337117879566
6364,1987-04-29,27.943829749866964,219.22660183050618,300.2498220872932,27.943829749866964,27.943829749866964,230.03995751692156,230.03995751692156,230.03995751692156,230.03995751692156,230.03995751692156,230.03995751692156,0.0,0.0,0.0,257.9837872667885
6365,1987-04-30,28.861289931638417,214.9798072710051,301.32448038040445,28.861289931638417,28.861289931638417,229.37069193495404,229.37069193495404,229.37069193495404,229.37069193495404,229.37069193495404,229.37069193495404,0.0,0.0,0.0,258.23198186659243
6366,1987-05-01,29.77875011340987,218.24399948438665,301.0313721183308,29.77875011340987,29.77875011340987,228.69955004600257,228.69955004600257,228.69955004600257,228.69955004600257,228.69955004600257,228.69955004600257,0.0,0.0,0.0,258.47830015941247
6367,1987-05-04,32.53113065872145,216.59691422110348,299.3616156637291,32.53113065872145,32.53113065872145,226.67491274691096,226.67491274691096,226.67491274691096,226.67491274691096,226.67491274691096,226.67491274691096,0.0,0.0,0.0,259.2060434056324
6368,1987-05-05,33.4485908404943,218.93458377672704,299.6812837460608,33.4485908404943,33.4485908404943,225.99631200250928,225.99631200250928,225.99631200250928,225.99631200250928,225.99631200250928,225.99631200250928,0.0,0.0,0.0,259.4449028430036
6369,1987-05-06,34.36605102226575,219.24581535382356,302.8616688417203,34.36605102226575,34.36605102226575,225.31585830006122,225.31585830006122,225.31585830006122,225.31585830006122,225.31585830006122,225.31585830006122,0.0,0.0,0.0,259.681909322327
6370,1987-05-07,35.283511204037204,218.52043388555754,300.4342292789696,35.283511204037204,35.283511204037204,224.63355640684458,224.63355640684458,224.63355640684458,224.63355640684458,224.63355640684458,224.63355640684458,0.0,0.0,0.0,259.91706761088176
6371,1987-05-08,36.20097138580727,220.83681038025247,302.7956317135753,36.20097138580727,36.20097138580727,223.94941112254472,223.94941112254472,223.94941112254472,223.94941112254472,223.94941112254472,223.94941112254472,0.0,0.0,0.0,260.150382508352
6372,1987-05-11,38.953351931120245,216.5796862178121,301.7044690234194,38.953351931120245,38.953351931120245,221.8859634053309,221.8859634053309,221.8859634053309,221.8859634053309,221.8859634053309,221.8859634053309,0.0,0.0,0.0,260.83931533645114
6373,1987-05-12,39.8708121128917,220.35992303533607,301.2281773334766,39.8708121128917,39.8708121128917,221.19449320036858,221.19449320036858,221.19449320036858,221.19449320036858,221.19449320036858,221.19449320036858,0.0,0.0,0.0,261.0653053132603
6374,1987-05-13,40.78827229466176,222.48419093843015,302.09145416672106,40.78827229466176,40.78827229466176,220.50120408749927,220.50120408749927,220.50120408749927,220.50120408749927,220.50120408749927,220.50120408749927,0.0,0.0,0.0,261.289476382161
6375,1987-05-14,41.70573247643322,219.748567041714,303.6997441831634,41.70573247643322,41.70573247643322,219.80610106001706,219.80610106001706,219.80610106001706,219.80610106001706,219.80610106001706,219.80610106001706,0.0,0.0,0.0,261.5118335364503
6376,1987-05-15,42.62319265820467,220.9641373593637,306.4193102294377,42.62319265820467,42.62319265820467,219.1091891433339,219.1091891433339,219.1091891433339,219.1091891433339,219.1091891433339,219.1091891433339,0.0,0.0,0.0,261.73238180153857
6377,1987-05-18,45.375573203516254,220.6341522575045,304.1434248367977,45.375573203516254,45.375573203516254,217.00765079303903,217.00765079303903,217.00765079303903,217.00765079303903,217.00765079303903,217.00765079303903,0.0,0.0,0.0,262.3832239965553
6378,1987-05-19,46.29303338528771,218.13881686060594,305.0799474680218,46.29303338528771,46.29303338528771,216.3035542144709,216.3035542144709,216.3035542144709,216.3035542144709,216.3035542144709,216.3035542144709,0.0,0.0,0.0,262.5965875997586
6379,1987-05-20,47.21049356706055,221.33795392731042,306.4313817126186,47.21049356706055,47.21049356706055,215.5976743539532,215.5976743539532,215.5976743539532,215.5976743539532,215.5976743539532,215.5976743539532,0.0,0.0,0.0,262.80816792101376
6380,1987-05-21,48.127953748832006,223.77708910885664,307.51649348873843,48.127953748832006,48.127953748832006,214.89001642864397,214.89001642864397,214.89001642864397,214.89001642864397,214.89001642864397,214.89001642864397,0.0,0.0,0.0,263.017970177476
6381,1987-05-22,49.045413930602066,219.8576353255744,306.3635182151028,49.045413930602066,49.045413930602066,214.18058568749154,214.18058568749154,214.18058568749154,214.18058568749154,214.18058568749154,214.18058568749154,0.0,0.0,0.0,263.2259996180936
6382,1987-05-26,52.71525465768649,222.7191171707991,305.2695965332014,52.71525465768649,52.71525465768649,211.32524065316605,211.32524065316605,211.32524065316605,211.32524065316605,211.32524065316605,211.32524065316605,0.0,0.0,0.0,264.0404953108525
6383,1987-05-27,53.63271483945656,224.70967467441972,304.65983119488044,53.63271483945656,53.63271483945656,210.60702567605267,210.60702567605267,210.60702567605267,210.60702567605267,210.60702567605267,210.60702567605267,0.0,0.0,0.0,264.23974051550925
6384,1987-05-28,54.550175021228014,223.67810356491765,308.2090368858852,54.550175021228014,54.550175021228014,209.88707004147278,209.88707004147278,209.88707004147278,209.88707004147278,209.88707004147278,209.88707004147278,0.0,0.0,0.0,264.4372450627008
6385,1987-05-29,55.46763520299947,219.66995873659224,303.7316207692485,55.46763520299947,55.46763520299947,209.16537921944288,209.16537921944288,209.16537921944288,209.16537921944288,209.16537921944288,209.16537921944288,0.0,0.0,0.0,264.63301442244233
6386,1987-06-01,58.22001574831105,226.52001829061646,306.3016210717887,58.22001574831105,58.22001574831105,206.98995079891665,206.98995079891665,206.98995079891665,206.98995079891665,206.98995079891665,206.98995079891665,0.0,0.0,0.0,265.2099665472277
6387,1987-06-02,59.13747593008251,222.0351947502961,304.8879164206335,59.13747593008251,59.13747593008251,206.26137455365435,206.26137455365435,206.26137455365435,206.26137455365435,206.26137455365435,206.26137455365435,0.0,0.0,0.0,265.39885048373685
6388,1987-06-03,60.05493611185396,221.86115158691223,303.59554761562066,60.05493611185396,60.05493611185396,205.53109094032598,205.53109094032598,205.53109094032598,205.53109094032598,205.53109094032598,205.53109094032598,0.0,0.0,0.0,265.58602705217993
6389,1987-06-04,60.972396293625415,225.09798756666578,307.4652075125014,60.972396293625415,60.972396293625415,204.79910561625934,204.79910561625934,204.79910561625934,204.79910561625934,204.79910561625934,204.79910561625934,0.0,0.0,0.0,265.77150190988476
6390,1987-06-05,61.88985647539687,223.743630775162,308.019802649936,61.88985647539687,61.88985647539687,204.06542426979547,204.06542426979547,204.06542426979547,204.06542426979547,204.06542426979547,204.06542426979547,0.0,0.0,0.0,265.95528074519234
6391,1987-06-08,64.64223702070984,227.5698456760033,307.36371434320733,64.64223702070984,64.64223702070984,201.8542614432755,201.8542614432755,201.8542614432755,201.8542614432755,201.8542614432755,201.8542614432755,0.0,0.0,0.0,266.49649846398535
6392,1987-06-09,65.55969720248129,224.43341765630686,310.59639871701916,65.55969720248129,65.55969720248129,201.11385350865956,201.11385350865956,201.11385350865956,201.11385350865956,201.11385350865956,201.11385350865956,0.0,0.0,0.0,266.6735507111408
6393,1987-06-10,66.47715738425136,226.48539872983108,307.9886452930213,66.47715738425136,66.47715738425136,200.37177845632195,200.37177845632195,200.37177845632195,200.37177845632195,200.37177845632195,200.37177845632195,0.0,0.0,0.0,266.8489358405733
6394,1987-06-11,67.39461756602282,225.08609803607044,308.9821159528279,67.39461756602282,67.39461756602282,199.62804215934312,199.62804215934312,199.62804215934312,199.62804215934312,199.62804215934312,199.62804215934312,0.0,0.0,0.0,267.02265972536594
6395,1987-06-12,68.31207774779288,227.68369131583077,308.82303857574004,68.31207774779288,68.31207774779288,198.88265052136853,198.88265052136853,198.88265052136853,198.88265052136853,198.88265052136853,198.88265052136853,0.0,0.0,0.0,267.19472826916143
6396,1987-06-15,71.06445829310584,226.16308732685576,311.4645556436416,71.06445829310584,71.06445829310584,196.63660305493445,196.63660305493445,196.63660305493445,196.63660305493445,196.63660305493445,196.63660305493445,0.0,0.0,0.0,267.7010613480403
6397,1987-06-16,71.9819184748773,226.57633505355687,311.0984755374038,71.9819184748773,71.9819184748773,195.88464969830088,195.88464969830088,195.88464969830088,195.88464969830088,195.88464969830088,195.88464969830088,0.0,0.0,0.0,267.86656817317817
6398,1987-06-17,72.89937865664876,226.44761074064098,307.54518958925763,72.89937865664876,72.89937865664876,195.13107097495083,195.13107097495083,195.13107097495083,195.13107097495083,195.13107097495083,195.13107097495083,0.0,0.0,0.0,268.0304496315996
6399,1987-06-18,73.81683883841882,226.3309124081767,310.81378336740397,73.81683883841882,73.81683883841882,194.37587297046144,194.37587297046144,194.37587297046144,194.37587297046144,194.37587297046144,194.37587297046144,0.0,0.0,0.0,268.1927118088803
6400,1987-06-19,74.73429902019167,227.07050084382465,310.12569844298685,74.73429902019167,74.73429902019167,193.61906180048825,193.61906180048825,193.61906180048825,193.61906180048825,193.61906180048825,193.61906180048825,0.0,0.0,0.0,268.35336082067994
6401,1987-06-22,77.48667956550464,225.86288237251563,310.71923253294256,77.48667956550464,77.48667956550464,191.33901090379695,191.33901090379695,191.33901090379695,191.33901090379695,191.33901090379695,191.33901090379695,0.0,0.0,0.0,268.8256904693016
6402,1987-06-23,78.40413974727609,227.42595476542215,310.3569265964698,78.40413974727609,78.40413974727609,190.57580882736485,190.57580882736485,190.57580882736485,190.57580882736485,190.57580882736485,190.57580882736485,0.0,0.0,0.0,268.97994857464096
6403,1987-06-24,79.32159992904616,226.27756157677172,309.6468517478481,79.32159992904616,79.32159992904616,189.81102461226692,189.81102461226692,189.81102461226692,189.81102461226692,189.81102461226692,189.81102461226692,0.0,0.0,0.0,269.1326245413131
6404,1987-06-25,80.23906011081762,230.46438830419092,312.19037937403306,80.23906011081762,80.23906011081762,189.0446645530507,189.0446645530507,189.0446645530507,189.0446645530507,189.0446645530507,189.0446645530507,0.0,0.0,0.0,269.2837246638683
6405,1987-06-26,81.15652029258767,229.3722169067375,308.1589014039048,81.15652029258767,81.15652029258767,188.27673497381136,188.27673497381136,188.27673497381136,188.27673497381136,188.27673497381136,188.27673497381136,0.0,0.0,0.0,269.43325526639904
6406,1987-06-29,83.90890083790065,229.60731702585824,311.3238524641693,83.90890083790065,83.90890083790065,185.96359279848122,185.96359279848122,185.96359279848122,185.96359279848122,185.96359279848122,185.96359279848122,0.0,0.0,0.0,269.8724936363819
6407,1987-06-30,84.8263610196721,228.18815579561317,311.311567095711,84.8263610196721,84.8263610196721,185.18944896831061,185.18944896831061,185.18944896831061,185.18944896831061,185.18944896831061,185.18944896831061,0.0,0.0,0.0,270.0158099879827
6408,1987-07-01,85.74382120144355,228.8073861053748,313.07094901395635,85.74382120144355,85.74382120144355,184.41376767904728,184.41376767904728,184.41376767904728,184.41376767904728,184.41376767904728,184.41376767904728,0.0,0.0,0.0,270.15758888049083
6409,1987-07-02,86.66128138321362,227.11343798689023,310.9911316567052,86.66128138321362,86.66128138321362,183.63655543040403,183.63655543040403,183.63655543040403,183.63655543040403,183.63655543040403,183.63655543040403,0.0,0.0,0.0,270.29783681361766
6410,1987-07-06,90.33112211029943,229.66111934373188,314.7251768636637,90.33112211029943,90.33112211029943,180.51252784891338,180.51252784891338,180.51252784891338,180.51252784891338,180.51252784891338,180.51252784891338,0.0,0.0,0.0,270.8436499592128
6411,1987-07-07,91.24858229207089,230.55003655640672,313.7214412546278,91.24858229207089,91.24858229207089,179.72775931050748,179.72775931050748,179.72775931050748,179.72775931050748,179.72775931050748,179.72775931050748,0.0,0.0,0.0,270.9763416025784
6412,1987-07-08,92.16604247384096,229.84441581399784,310.24261177171337,92.16604247384096,92.16604247384096,178.9414994166746,178.9414994166746,178.9414994166746,178.9414994166746,178.9414994166746,178.9414994166746,0.0,0.0,0.0,271.10754189051556
6413,1987-07-09,93.0835026556124,229.43154406726694,317.34436253369216,93.0835026556124,93.0835026556124,178.1537548682199,178.1537548682199,178.1537548682199,178.1537548682199,178.1537548682199,178.1537548682199,0.0,0.0,0.0,271.2372575238323
6414,1987-07-10,94.00096283738247,230.59834984095642,310.76056852169495,94.00096283738247,94.00096283738247,177.36453239432842,177.36453239432842,177.36453239432842,177.36453239432842,177.36453239432842,177.36453239432842,0.0,0.0,0.0,271.3654952317109
6415,1987-07-13,96.75334338269545,230.13775578718688,314.00598480686995,96.75334338269545,96.75334338269545,174.98806513567152,174.98806513567152,174.98806513567152,174.98806513567152,174.98806513567152,174.98806513567152,0.0,0.0,0.0,271.74140851836694
6416,1987-07-14,97.67080356446691,230.51748494325994,313.3418960898724,97.67080356446691,97.67080356446691,174.19299881631215,174.19299881631215,174.19299881631215,174.19299881631215,174.19299881631215,174.19299881631215,0.0,0.0,0.0,271.8638023807791
6417,1987-07-15,98.58826374623835,231.85879446823893,315.00582827656194,98.58826374623835,98.58826374623835,173.39648863996968,173.39648863996968,173.39648863996968,173.39648863996968,173.39648863996968,173.39648863996968,0.0,0.0,0.0,271.984752386208
6418,1987-07-16,99.50572392800842,229.03800654762645,313.28742549895975,99.50572392800842,99.50572392800842,172.59854150420193,172.59854150420193,172.59854150420193,172.59854150420193,172.59854150420193,172.59854150420193,0.0,0.0,0.0,272.10426543221035
6419,1987-07-17,100.42318410977987,230.4457978170631,312.7315458614289,100.42318410977987,100.42318410977987,171.79916433430367,171.79916433430367,171.79916433430367,171.79916433430367,171.79916433430367,171.79916433430367,0.0,0.0,0.0,272.22234844408354
6420,1987-07-20,103.17556465509423,230.4338137068888,313.7873997293022,103.17556465509423,103.17556465509423,169.39252228682875,169.39252228682875,169.39252228682875,169.39252228682875,169.39252228682875,169.39252228682875,0.0,0.0,0.0,272.56808694192296
6421,1987-07-21,104.0930248368657,233.72083297246633,315.18178520758124,104.0930248368657,104.0930248368657,168.58749478476534,168.58749478476534,168.58749478476534,168.58749478476534,168.58749478476534,168.58749478476534,0.0,0.0,0.0,272.68051962163105
6422,1987-07-22,105.01048501863575,228.19813720315113,315.61225028366016,105.01048501863575,105.01048501863575,167.78107228776196,167.78107228776196,167.78107228776196,167.78107228776196,167.78107228776196,167.78107228776196,0.0,0.0,0.0,272.7915573063977
6423,1987-07-23,105.92794520040721,232.4244959507526,315.5168616694011,105.92794520040721,105.92794520040721,166.97326188552157,166.97326188552157,166.97326188552157,166.97326188552157,166.97326188552157,166.97326188552157,0.0,0.0,0.0,272.9012070859288
6424,1987-07-24,106.84540538217728,227.73366226327568,314.2494530031419,106.84540538217728,106.84540538217728,166.16407069480528,166.16407069480528,166.16407069480528,166.16407069480528,166.16407069480528,166.16407069480528,0.0,0.0,0.0,273.00947607698254
6425,1987-07-27,109.59778592749025,234.6511537555916,316.390899232303,109.59778592749025,109.59778592749025,163.72828396318056,163.72828396318056,163.72828396318056,163.72828396318056,163.72828396318056,163.72828396318056,0.0,0.0,0.0,273.3260698906708
6426,1987-07-28,110.5152461092617,235.6796878448475,318.1789942513226,110.5152461092617,110.5152461092617,162.91364132381818,162.91364132381818,162.91364132381818,162.91364132381818,162.91364132381818,162.91364132381818,0.0,0.0,0.0,273.42888743307986
6427,1987-07-29,111.43270629103316,229.91148925649532,312.9537847901173,111.43270629103316,111.43270629103316,162.09765388212938,162.09765388212938,162.09765388212938,162.09765388212938,162.09765388212938,162.09765388212938,0.0,0.0,0.0,273.53036017316253
6428,1987-07-30,112.35016647280322,233.12828346469828,315.3469796437485,112.35016647280322,112.35016647280322,161.28032891509625,161.28032891509625,161.28032891509625,161.28032891509625,161.28032891509625,161.28032891509625,0.0,0.0,0.0,273.6304953878995
6429,1987-07-31,113.26762665457467,233.55177318771294,316.27968170060535,113.26762665457467,113.26762665457467,160.46167372604265,160.46167372604265,160.46167372604265,160.46167372604265,160.46167372604265,160.46167372604265,0.0,0.0,0.0,273.7293003806173
6430,1987-08-03,116.02000719988904,233.73206338138027,313.11340821135025,116.02000719988904,116.02000719988904,157.9978002529059,157.9978002529059,157.9978002529059,157.9978002529059,157.9978002529059,157.9978002529059,0.0,0.0,0.0,274.01780745279495
6431,1987-08-04,116.93746738166048,233.29455919093576,317.7294311605924,116.93746738166048,116.93746738166048,157.17389773214018,157.17389773214018,157.17389773214018,157.17389773214018,157.17389773214018,157.17389773214018,0.0,0.0,0.0,274.1113651138007
6432,1987-08-05,117.85492756343055,234.1700453562892,318.4934090159572,117.85492756343055,117.85492756343055,156.34870189738567,156.34870189738567,156.34870189738567,156.34870189738567,156.34870189738567,156.34870189738567,0.0,0.0,0.0,274.2036294608162
6433,1987-08-06,118.77238774520201,233.42602184942947,315.804921120157,118.772387745202,118.772387745202,155.5222202077794,155.5222202077794,155.5222202077794,155.5222202077794,155.5222202077794,155.5222202077794,0.0,0.0,0.0,274.29460795298144
6434,1987-08-07,119.68984792697208,233.7374389310546,320.02418905379255,119.68984792697208,119.68984792697208,154.694460148043,154.694460148043,154.694460148043,154.694460148043,154.694460148043,154.694460148043,0.0,0.0,0.0,274.38430807501504
6435,1987-08-10,122.44222847228504,233.41575616700493,318.5994550666623,122.44222847228504,122.44222847228504,152.20358497681912,152.20358497681912,152.20358497681912,152.20358497681912,152.20358497681912,152.20358497681912,0.0,0.0,0.0,274.64581344910414
6436,1987-08-11,123.3596886540565,234.43967649815815,313.09825166390897,123.3596886540565,123.3596886540565,151.37078679170895,151.37078679170895,151.37078679170895,151.37078679170895,151.37078679170895,151.37078679170895,0.0,0.0,0.0,274.7304754457655
6437,1987-08-12,124.27714883582796,234.10902650341592,318.55218301150524,124.27714883582796,124.27714883582796,150.53674804002898,150.53674804002898,150.53674804002898,150.53674804002898,150.53674804002898,150.53674804002898,0.0,0.0,0.0,274.8138968758569
6438,1987-08-13,125.19460901759801,231.03072190453966,317.6429608032646,125.19460901759801,125.19460901759801,149.70147635769354,149.70147635769354,149.70147635769354,149.70147635769354,149.70147635769354,149.70147635769354,0.0,0.0,0.0,274.89608537529153
6439,1987-08-14,126.11206919936947,233.2637015642509,315.4627230491052,126.11206919936947,126.11206919936947,148.86497940540917,148.86497940540917,148.86497940540917,148.86497940540917,148.86497940540917,148.86497940540917,0.0,0.0,0.0,274.97704860477864
6440,1987-08-17,128.86444974468245,230.94557293127662,314.3550094872403,128.86444974468245,128.86444974468245,146.3482139055464,146.3482139055464,146.3482139055464,146.3482139055464,146.3482139055464,146.3482139055464,0.0,0.0,0.0,275.2126636502288
6441,1987-08-18,129.78190992645528,233.34023570133115,314.62016729532513,129.78190992645528,129.78190992645528,145.50689297251526,145.50689297251526,145.50689297251526,145.50689297251526,145.50689297251526,145.50689297251526,0.0,0.0,0.0,275.2888028989705
6442,1987-08-19,130.69937010822534,235.7388997965909,316.8520866892949,130.69937010822534,130.69937010822534,144.66438544101334,144.66438544101334,144.66438544101334,144.66438544101334,144.66438544101334,144.66438544101334,0.0,0.0,0.0,275.3637555492387
6443,1987-08-20,131.6168302899968,231.88663755318777,314.52699053917684,131.6168302899968,131.6168302899968,143.8206991181017,143.8206991181017,143.8206991181017,143.8206991181017,143.8206991181017,143.8206991181017,0.0,0.0,0.0,275.4375294080985
6444,1987-08-21,132.53429047176687,232.0663159925239,315.676344191649,132.53429047176687,132.53429047176687,142.97584183480868,142.97584183480868,142.97584183480868,142.97584183480868,142.97584183480868,142.97584183480868,0.0,0.0,0.0,275.51013230657554
6445,1987-08-24,135.28667101707984,235.0849854059162,314.7044889188394,135.28667101707984,135.28667101707984,140.4343228900806,140.4343228900806,140.4343228900806,140.4343228900806,140.4343228900806,140.4343228900806,0.0,0.0,0.0,275.72099390716045
6446,1987-08-25,136.2041311988513,232.5851803362503,319.9475780912769,136.2041311988513,136.2041311988513,139.58486055087616,139.58486055087616,139.58486055087616,139.58486055087616,139.58486055087616,139.58486055087616,0.0,0.0,0.0,275.7889917497274
6447,1987-08-26,137.12159138062276,234.22662327787214,317.44398163722866,137.12159138062276,137.12159138062276,138.73426676184383,138.73426676184383,138.73426676184383,138.73426676184383,138.73426676184383,138.73426676184383,0.0,0.0,0.0,275.85585814246656
6448,1987-08-27,138.0390515623928,234.6803858742026,314.59247286656756,138.0390515623928,138.0390515623928,137.8825494953177,137.8825494953177,137.8825494953177,137.8825494953177,137.8825494953177,137.8825494953177,0.0,0.0,0.0,275.9216010577105
6449,1987-08-28,138.95651174416426,229.7821078373406,316.3938964222195,138.95651174416426,138.95651174416426,137.02971674674225,137.02971674674225,137.02971674674225,137.02971674674225,137.02971674674225,137.02971674674225,0.0,0.0,0.0,275.9862284909065
6450,1987-08-31,141.70889228947723,233.39920480726693,317.73160133709933,141.70889228947723,141.70889228947723,134.46460590731772,134.46460590731772,134.46460590731772,134.46460590731772,134.46460590731772,134.46460590731772,0.0,0.0,0.0,276.173498196795
6451,1987-09-01,142.62635247124732,235.2701584929038,319.8516327089975,142.62635247124732,142.62635247124732,133.60739164296106,133.60739164296106,133.60739164296106,133.60739164296106,133.60739164296106,133.60739164296106,0.0,0.0,0.0,276.2337441142084
6452,1987-09-02,143.54381265301876,234.28598520556596,319.2072873026991,143.54381265301876,143.54381265301876,132.74910221613428,132.74910221613428,132.74910221613428,132.74910221613428,132.74910221613428,132.74910221613428,0.0,0.0,0.0,276.29291486915304
6453,1987-09-03,144.4612728347916,234.7597783578571,318.0349262384519,144.4612728347916,144.4612728347916,131.88974575833012,131.88974575833012,131.88974575833012,131.88974575833012,131.88974575833012,131.88974575833012,0.0,0.0,0.0,276.3510185931217
6454,1987-09-04,145.37873301656168,233.4234814508912,316.59269634446605,145.37873301656168,145.37873301656168,131.0293304232657,131.0293304232657,131.0293304232657,131.0293304232657,131.0293304232657,131.0293304232657,0.0,0.0,0.0,276.4080634398274
6455,1987-09-08,149.0485737436461,232.21653159805106,315.7431830244846,149.0485737436461,149.0485737436461,127.57724415529984,127.57724415529984,127.57724415529984,127.57724415529984,127.57724415529984,127.57724415529984,0.0,0.0,0.0,276.6258178989459
6456,1987-09-09,149.96603392541755,234.47210122209455,316.0848336384602,149.96603392541755,149.96603392541755,126.71165750840365,126.71165750840365,126.71165750840365,126.71165750840365,126.71165750840365,126.71165750840365,0.0,0.0,0.0,276.6776914338212
6457,1987-09-10,150.8834941071876,234.0532677239488,316.9635113955073,150.8834941071876,150.8834941071876,125.84506136593211,125.84506136593211,125.84506136593211,125.84506136593211,125.84506136593211,125.84506136593211,0.0,0.0,0.0,276.72855547311974
6458,1987-09-11,151.80095428895908,234.3931415775162,317.3665386565654,151.80095428895908,151.80095428895908,124.97746403349406,124.97746403349406,124.97746403349406,124.97746403349406,124.97746403349406,124.97746403349406,0.0,0.0,0.0,276.77841832245315
6459,1987-09-14,154.55333483427205,233.95724469631972,316.8225732495534,154.55333483427205,154.55333483427205,122.36874826912448,122.36874826912448,122.36874826912448,122.36874826912448,122.36874826912448,122.36874826912448,0.0,0.0,0.0,276.9220831033965
6460,1987-09-15,155.4707950160421,234.96301678920182,316.95701996201376,155.4707950160421,155.4707950160421,121.497229654165,121.497229654165,121.497229654165,121.497229654165,121.497229654165,121.497229654165,0.0,0.0,0.0,276.9680246702071
6461,1987-09-16,156.38825519781355,233.47595150632478,321.52131448339026,156.38825519781355,156.38825519781355,120.62475169203789,120.62475169203789,120.62475169203789,120.62475169203789,120.62475169203789,120.62475169203789,0.0,0.0,0.0,277.01300688985145
6462,1987-09-17,157.30571537958502,233.52903464751284,318.512339450221,157.30571537958502,157.30571537958502,119.75132281329337,119.75132281329337,119.75132281329337,119.75132281329337,119.75132281329337,119.75132281329337,0.0,0.0,0.0,277.0570381928784
6463,1987-09-18,158.22317556135647,235.62356725793768,316.532883197431,158.22317556135647,158.22317556135647,118.87695146882879,118.87695146882879,118.87695146882879,118.87695146882879,118.87695146882879,118.87695146882879,0.0,0.0,0.0,277.10012703018526
6464,1987-09-21,160.97555610666944,233.3910165516935,319.888398173141,160.97555610666944,160.97555610666944,116.24826745228596,116.24826745228596,116.24826745228596,116.24826745228596,116.24826745228596,116.24826745228596,0.0,0.0,0.0,277.2238235589554
6465,1987-09-22,161.8930162884409,236.92755762743627,316.0258793316646,161.8930162884409,161.8930162884409,115.37021115586546,115.37021115586546,115.37021115586546,115.37021115586546,115.37021115586546,115.37021115586546,0.0,0.0,0.0,277.2632274443064
6466,1987-09-23,162.81047647021234,235.74627493203386,315.5479124214208,162.81047647021234,162.81047647021234,114.4912549484503,114.4912549484503,114.4912549484503,114.4912549484503,114.4912549484503,114.4912549484503,0.0,0.0,0.0,277.30173141866265
6467,1987-09-24,163.72793665198242,234.71793865636693,316.50575998538994,163.72793665198242,163.72793665198242,113.61140740004306,113.61140740004306,113.61140740004306,113.61140740004306,113.61140740004306,113.61140740004306,0.0,0.0,0.0,277.33934405202547
6468,1987-09-25,164.64539683375386,236.80927079167586,316.55525384167606,164.64539683375386,164.64539683375386,112.73067710000507,112.73067710000507,112.73067710000507,112.73067710000507,112.73067710000507,112.73067710000507,0.0,0.0,0.0,277.3760739337589
6469,1987-09-28,167.39777737906684,236.36416410389498,321.3903295876,167.39777737906684,167.39777737906684,110.08327587100757,110.08327587100757,110.08327587100757,110.08327587100757,110.08327587100757,110.08327587100757,0.0,0.0,0.0,277.4810532500744
6470,1987-09-29,168.3152375608369,235.87402456168985,319.241791238745,168.3152375608369,168.3152375608369,109.19910084010144,109.19910084010144,109.19910084010144,109.19910084010144,109.19910084010144,109.19910084010144,0.0,0.0,0.0,277.5143384009383
6471,1987-09-30,169.23269774260837,236.03676516805615,320.6560122928879,169.23269774260837,169.23269774260837,108.31408628963739,108.31408628963739,108.31408628963739,108.31408628963739,108.31408628963739,108.31408628963739,0.0,0.0,0.0,277.54678403224574
6472,1987-10-01,170.1501579243798,235.69575964909797,317.86617391471276,170.1501579243798,170.1501579243798,107.42824092206702,107.42824092206702,107.42824092206702,107.42824092206702,107.42824092206702,107.42824092206702,0.0,0.0,0.0,277.5783988464468
6473,1987-10-02,171.06761810614987,233.6458034399957,322.1187761151037,171.06761810614987,171.06761810614987,106.54157345817796,106.54157345817796,106.54157345817796,106.54157345817796,106.54157345817796,106.54157345817796,0.0,0.0,0.0,277.60919156432783
6474,1987-10-05,173.81999865146423,233.09690698425186,316.8452289898383,173.81999865146423,173.81999865146423,103.87672596842481,103.87672596842481,103.87672596842481,103.87672596842481,103.87672596842481,103.87672596842481,0.0,0.0,0.0,277.69672461988904
6475,1987-10-06,174.73745883323568,237.2511614443781,317.65691914091394,174.73745883323568,174.73745883323568,102.98685768869174,102.98685768869174,102.98685768869174,102.98685768869174,102.98685768869174,102.98685768869174,0.0,0.0,0.0,277.72431652192745
6476,1987-10-07,175.65491901500715,238.5096212265492,319.8858421465925,175.65491901500715,175.65491901500715,102.09621118643835,102.09621118643835,102.09621118643835,102.09621118643835,102.09621118643835,102.09621118643835,0.0,0.0,0.0,277.7511302014455
6477,1987-10-08,176.5723791967772,237.33931911753052,321.10426050600654,176.5723791967772,176.5723791967772,101.20479528934885,101.20479528934885,101.20479528934885,101.20479528934885,101.20479528934885,101.20479528934885,0.0,0.0,0.0,277.77717448612606
6478,1987-10-09,177.48983937854865,236.5822824957214,321.7109413560388,177.48983937854865,177.48983937854865,100.31261884239765,100.31261884239765,100.31261884239765,100.31261884239765,100.31261884239765,100.31261884239765,0.0,0.0,0.0,277.8024582209463
6479,1987-10-12,180.24221992386163,239.45601031534244,316.1159355366878,180.24221992386163,180.24221992386163,97.63161490827581,97.63161490827581,97.63161490827581,97.63161490827581,97.63161490827581,97.63161490827581,0.0,0.0,0.0,277.87383483213745
6480,1987-10-13,181.1596801056317,236.43950078697566,316.1280786146463,181.1596801056317,181.1596801056317,96.73648505209512,96.73648505209512,96.73648505209512,96.73648505209512,96.73648505209512,96.73648505209512,0.0,0.0,0.0,277.89616515772684
6481,1987-10-14,182.07714028740315,235.64924537418813,320.91395681262145,182.07714028740315,182.07714028740315,95.84063912494076,95.84063912494076,95.84063912494076,95.84063912494076,95.84063912494076,95.84063912494076,0.0,0.0,0.0,277.9177794123439
6482,1987-10-15,182.9946004691746,234.22954006787532,319.07626294365707,182.9946004691746,182.9946004691746,94.94408607231883,94.94408607231883,94.94408607231883,94.94408607231883,94.94408607231883,94.94408607231883,0.0,0.0,0.0,277.93868654149344
6483,1987-10-16,183.91206065094468,236.65445929368872,320.6205616484115,183.91206065094468,183.91206065094468,94.0468348559519,94.0468348559519,94.0468348559519,94.0468348559519,94.0468348559519,94.0468348559519,0.0,0.0,0.0,277.95889550689657
6484,1987-10-19,186.66444119625905,234.98958050967198,319.635798915474,186.66444119625905,186.66444119625905,91.35098208154716,91.35098208154716,91.35098208154716,91.35098208154716,91.35098208154716,91.35098208154716,0.0,0.0,0.0,278.01542327780624
6485,1987-10-20,187.5819013780305,237.19819548247224,317.3339194298207,187.5819013780305,187.5819013780305,90.45102814626016,90.45102814626016,90.45102814626016,90.45102814626016,90.45102814626016,90.45102814626016,0.0,0.0,0.0,278.03292952429064
6486,1987-10-21,188.49936155980194,233.92343960234084,318.6979846174533,188.49936155980197,188.49936155980197,89.55042109360015,89.55042109360015,89.55042109360015,89.55042109360015,89.55042109360015,89.55042109360015,0.0,0.0,0.0,278.0497826534021
6487,1987-10-22,189.41682174157202,236.89061346528558,320.8653603148158,189.41682174157202,189.41682174157202,88.64916997928992,88.64916997928992,88.64916997928992,88.64916997928992,88.64916997928992,88.64916997928992,0.0,0.0,0.0,278.0659917208619
6488,1987-10-23,190.33428192334347,237.19362171414917,320.26792683502134,190.33428192334347,190.33428192334347,87.74728387417375,87.74728387417375,87.74728387417375,87.74728387417375,87.74728387417375,87.74728387417375,0.0,0.0,0.0,278.0815657975172
6489,1987-10-26,193.08666246865644,237.9130554057559,317.7535405455164,193.08666246865644,193.08666246865644,85.03790654574138,85.03790654574138,85.03790654574138,85.03790654574138,85.03790654574138,85.03790654574138,0.0,0.0,0.0,278.1245690143978
6490,1987-10-27,194.0041226504265,241.41759973303533,320.2477830765199,194.0041226504265,194.0041226504265,84.13357148249243,84.13357148249243,84.13357148249243,84.13357148249243,84.13357148249243,84.13357148249243,0.0,0.0,0.0,278.1376941329189
6491,1987-10-28,194.92158283219794,236.27214837852185,321.3451741839942,194.92158283219794,194.92158283219794,83.22864700375615,83.22864700375615,83.22864700375615,83.22864700375615,83.22864700375615,83.22864700375615,0.0,0.0,0.0,278.15022983595406
6492,1987-10-29,195.83904301396942,238.42605106977535,319.7294128851455,195.83904301396942,195.83904301396942,82.32314226769093,82.32314226769093,82.32314226769093,82.32314226769093,82.32314226769093,82.32314226769093,0.0,0.0,0.0,278.16218528166036
6493,1987-10-30,196.75650319573947,238.0378939916908,319.12389990901215,196.75650319573947,196.75650319573947,81.41706644644971,81.41706644644971,81.41706644644971,81.41706644644971,81.41706644644971,81.41706644644971,0.0,0.0,0.0,278.1735696421892
6494,1987-11-02,199.50888374105384,232.7060533826548,318.9242230481892,199.50888374105384,199.50888374105384,78.69550439953957,78.69550439953957,78.69550439953957,78.69550439953957,78.69550439953957,78.69550439953957,0.0,0.0,0.0,278.20438814059344
6495,1987-11-03,200.42634392282528,237.48032706210682,318.07017028699914,200.42634392282528,200.42634392282528,77.78723623311978,77.78723623311978,77.78723623311978,77.78723623311978,77.78723623311978,77.78723623311978,0.0,0.0,0.0,278.21358015594507
6496,1987-11-04,201.34380410459676,232.21737069604433,318.10145161867456,201.34380410459676,201.34380410459676,76.87844304636829,76.87844304636829,76.87844304636829,76.87844304636829,76.87844304636829,76.87844304636829,0.0,0.0,0.0,278.222247150965
6497,1987-11-05,202.2612642863668,235.2611858261221,321.78482955748234,202.26126428636678,202.26126428636678,75.96913409191913,75.96913409191913,75.96913409191913,75.96913409191913,75.96913409191913,75.96913409191913,0.0,0.0,0.0,278.23039837828594
6498,1987-11-06,203.17872446813826,236.00318226642037,319.7978780207314,203.17872446813826,203.17872446813826,75.05931863525159,75.05931863525159,75.05931863525159,75.05931863525159,75.05931863525159,75.05931863525159,0.0,0.0,0.0,278.2380431033898
6499,1987-11-09,205.93110501345123,237.23708574746715,318.3233834034525,205.93110501345123,205.93110501345123,72.32692609574444,72.32692609574444,72.32692609574444,72.32692609574444,72.32692609574444,72.32692609574444,0.0,0.0,0.0,278.25803110919566
6500,1987-11-10,206.8485651952213,237.8885020803167,320.3816709843323,206.8485651952213,206.8485651952213,71.41517753586747,71.41517753586747,71.41517753586747,71.41517753586747,71.41517753586747,71.41517753586747,0.0,0.0,0.0,278.26374273108877
6501,1987-11-11,207.76602537699276,237.9439589547543,318.9937613338729,207.76602537699276,207.76602537699276,70.50296898787336,70.50296898787336,70.50296898787336,70.50296898787336,70.50296898787336,70.50296898787336,0.0,0.0,0.0,278.2689943648661
6502,1987-11-12,208.6834855587642,237.43505204697095,318.00733867301653,208.6834855587642,208.6834855587642,69.59030979075219,69.59030979075219,69.59030979075219,69.59030979075219,69.59030979075219,69.59030979075219,0.0,0.0,0.0,278.2737953495164
6503,1987-11-13,209.60094574053426,235.51235978413357,320.5574908214285,209.60094574053426,209.60094574053426,68.67720929516098,68.67720929516098,68.67720929516098,68.67720929516098,68.67720929516098,68.67720929516098,0.0,0.0,0.0,278.27815503569525
6504,1987-11-16,212.35332628584723,237.89968368923257,320.6927900905318,212.35332628584723,212.35332628584723,65.93535369552683,65.93535369552683,65.93535369552683,65.93535369552683,65.93535369552683,65.93535369552683,0.0,0.0,0.0,278.28867998137406
6505,1987-11-17,213.2707864676201,239.71878966157524,320.58992276527897,213.2707864676201,213.2707864676201,65.02058173995769,65.02058173995769,65.02058173995769,65.02058173995769,65.02058173995769,65.02058173995769,0.0,0.0,0.0,278.29136820757776
6506,1987-11-18,214.18824664939154,237.68419546745218,318.1661905802272,214.18824664939154,214.18824664939154,64.10541540821552,64.10541540821552,64.10541540821552,64.10541540821552,64.10541540821552,64.10541540821552,0.0,0.0,0.0,278.2936620576071
6507,1987-11-19,215.1057068311616,234.38698071884863,316.72363361408077,215.1057068311616,215.1057068311616,63.18986411736577,63.18986411736577,63.18986411736577,63.18986411736577,63.18986411736577,63.18986411736577,0.0,0.0,0.0,278.29557094852737
6508,1987-11-20,216.02316701293307,237.32244707381503,320.227182945384,216.02316701293307,216.02316701293307,62.27393729494624,62.27393729494624,62.27393729494624,62.27393729494624,62.27393729494624,62.27393729494624,0.0,0.0,0.0,278.2971043078793
6509,1987-11-23,218.77554755824605,235.52168114849067,318.32369903086555,218.77554755824605,218.77554755824605,59.52399806705223,59.52399806705223,59.52399806705223,59.52399806705223,59.52399806705223,59.52399806705223,0.0,0.0,0.0,278.29954562529826
6510,1987-11-24,219.6930077400161,237.4035909319088,321.249911953316,219.6930077400161,219.6930077400161,58.60666359706543,58.60666359706543,58.60666359706543,58.60666359706543,58.60666359706543,58.60666359706543,0.0,0.0,0.0,278.2996713370815
6511,1987-11-25,220.61046792178755,237.75035075693484,319.5072663944003,220.61046792178755,220.61046792178755,57.689000884183606,57.689000884183606,57.689000884183606,57.689000884183606,57.689000884183606,57.689000884183606,0.0,0.0,0.0,278.2994688059712
6512,1987-11-27,222.44538828532907,237.3669167342458,321.2390162265232,222.44538828532907,222.44538828532907,55.852728685866516,55.852728685866516,55.852728685866516,55.852728685866516,55.852728685866516,55.852728685866516,0.0,0.0,0.0,278.2981169711956
6513,1987-11-30,225.19776883064205,238.44977250047538,320.48413706621017,225.19776883064208,225.19776883064208,53.09609603173934,53.09609603173934,53.09609603173934,53.09609603173934,53.09609603173934,53.09609603173934,0.0,0.0,0.0,278.2938648623814
6514,1987-12-01,226.1152290124135,235.70748953767128,318.80701429250144,226.1152290124135,226.1152290124135,52.176663400353235,52.176663400353235,52.176663400353235,52.176663400353235,52.176663400353235,52.176663400353235,0.0,0.0,0.0,278.29189241276674
6515,1987-12-02,227.03268919418633,240.14037321783286,319.2819102355102,227.03268919418633,227.03268919418633,51.25696912130337,51.25696912130337,51.25696912130337,51.25696912130337,51.25696912130337,51.25696912130337,0.0,0.0,0.0,278.2896583154897
6516,1987-12-03,227.9501493759564,233.9095897883502,324.15224377439483,227.9501493759564,227.9501493759564,50.33702274240052,50.33702274240052,50.33702274240052,50.33702274240052,50.33702274240052,50.33702274240052,0.0,0.0,0.0,278.2871721183569
6517,1987-12-04,228.86760955772786,236.958138120406,321.6146519808448,228.86760955772786,228.86760955772786,49.41683381947602,49.41683381947602,49.41683381947602,49.41683381947602,49.41683381947602,49.41683381947602,0.0,0.0,0.0,278.2844433772039
6518,1987-12-07,231.61999010304083,235.11584601161059,320.1048562700534,231.61999010304083,231.61999010304083,46.65490746144813,46.65490746144813,46.65490746144813,46.65490746144813,46.65490746144813,46.65490746144813,0.0,0.0,0.0,278.274897564489
6519,1987-12-08,232.5374502848109,237.415113166541,321.95302755687356,232.5374502848109,232.5374502848109,45.733844074932115,45.733844074932115,45.733844074932115,45.733844074932115,45.733844074932115,45.733844074932115,0.0,0.0,0.0,278.271294359743
6520,1987-12-09,233.45491046658236,236.18231556287944,318.0523066728315,233.45491046658236,233.45491046658236,44.81258603762997,44.81258603762997,44.81258603762997,44.81258603762997,44.81258603762997,44.81258603762997,0.0,0.0,0.0,278.2674965042123
6521,1987-12-10,234.3723706483538,236.23002455905973,320.91235958420833,234.3723706483538,234.3723706483538,43.8911429497566,43.8911429497566,43.8911429497566,43.8911429497566,43.8911429497566,43.8911429497566,0.0,0.0,0.0,278.2635135981104
6522,1987-12-11,235.28983083012386,236.78150017793376,320.7477465919849,235.28983083012383,235.28983083012383,42.96952441829736,42.96952441829736,42.96952441829736,42.96952441829736,42.96952441829736,42.96952441829736,0.0,0.0,0.0,278.25935524842123
6523,1987-12-14,238.04221137543684,237.4001444843255,317.38838941424814,238.04221137543684,238.04221137543684,40.20371233001494,40.20371233001494,40.20371233001494,40.20371233001494,40.20371233001494,40.20371233001494,0.0,0.0,0.0,278.2459237054518
6524,1987-12-15,238.95967155720828,237.22559605786748,321.6560640875332,238.95967155720828,238.95967155720828,39.281488223156494,39.281488223156494,39.281488223156494,39.281488223156494,39.281488223156494,39.281488223156494,0.0,0.0,0.0,278.2411597803648
6525,1987-12-16,239.87713173897836,235.2315892809376,322.01720018867456,239.87713173897836,239.87713173897836,38.359136802879235,38.359136802879235,38.359136802879235,38.359136802879235,38.359136802879235,38.359136802879235,0.0,0.0,0.0,278.2362685418576
6526,1987-12-17,240.7945919207512,236.61229059460464,318.08979155779855,240.7945919207512,240.7945919207512,37.43666771300093,37.43666771300093,37.43666771300093,37.43666771300093,37.43666771300093,37.43666771300093,0.0,0.0,0.0,278.23125963375213
6527,1987-12-18,241.71205210252265,235.23430813658192,323.2354639946577,241.71205210252265,241.71205210252265,36.51409060284407,36.51409060284407,36.51409060284407,36.51409060284407,36.51409060284407,36.51409060284407,0.0,0.0,0.0,278.2261427053667
6528,1987-12-21,244.46443264783562,235.19621266655355,318.24640251114374,244.46443264783562,244.46443264783562,33.745807722641345,33.745807722641345,33.745807722641345,33.745807722641345,33.745807722641345,33.745807722641345,0.0,0.0,0.0,278.210240370477
6529,1987-12-22,245.3818928296057,240.13901881138295,320.51447496952915,245.3818928296057,245.3818928296057,32.82289512828234,32.82289512828234,32.82289512828234,32.82289512828234,32.82289512828234,32.82289512828234,0.0,0.0,0.0,278.204787957888
6530,1987-12-23,246.29935301137715,235.45788781771512,319.6142305042605,246.29935301137715,246.29935301137715,31.89992283643059,31.89992283643059,31.89992283643059,31.89992283643059,31.89992283643059,31.89992283643059,0.0,0.0,0.0,278.1992758478077
6531,1987-12-24,247.2168131931486,235.2125830125188,319.88246947336035,247.2168131931486,247.2168131931486,30.97690052559928,30.97690052559928,30.97690052559928,30.97690052559928,30.97690052559928,30.97690052559928,0.0,0.0,0.0,278.19371371874786
6532,1987-12-28,250.88665392023165,235.2492757254931,320.32107125056046,250.88665392023165,250.88665392023165,27.284504806722428,27.284504806722428,27.284504806722428,27.284504806722428,27.284504806722428,27.284504806722428,0.0,0.0,0.0,278.1711587269541
6533,1987-12-29,251.8041141020031,236.5162424107219,320.3167092019064,251.8041141020031,251.8041141020031,26.36137772008915,26.36137772008915,26.36137772008915,26.36137772008915,26.36137772008915,26.36137772008915,0.0,0.0,0.0,278.16549182209224
6534,1987-12-30,252.72157428377315,235.8498001786088,318.7204914988427,252.72157428377315,252.72157428377315,25.438258767812712,25.438258767812712,25.438258767812712,25.438258767812712,25.438258767812712,25.438258767812712,0.0,0.0,0.0,278.15983305158585
6535,1987-12-31,253.6390344655446,239.2415575447339,318.2916357801682,253.6390344655446,253.6390344655446,24.515157654102097,24.515157654102097,24.515157654102097,24.515157654102097,24.515157654102097,24.515157654102097,0.0,0.0,0.0,278.1541921196467
6536,1988-01-04,257.3088751926304,237.1075665819298,322.56912363707477,257.3088751926304,257.3088751926304,20.82312576779951,20.82312576779951,20.82312576779951,20.82312576779951,20.82312576779951,20.82312576779951,0.0,0.0,0.0,278.13200096042993
6537,1988-01-05,258.2263353744005,238.52273683402774,319.7155466294092,258.2263353744005,258.2263353744005,19.900259506148902,19.900259506148902,19.900259506148902,19.900259506148902,19.900259506148902,19.900259506148902,0.0,0.0,0.0,278.1265948805494
6538,1988-01-06,259.14379555617194,238.809315484676,319.45474821305453,259.14379555617194,259.14379555617194,18.97746936337053,18.97746936337053,18.97746936337053,18.97746936337053,18.97746936337053,18.97746936337053,0.0,0.0,0.0,278.12126491954245
6539,1988-01-07,260.0612557379434,237.82422075185715,318.8368538207075,260.0612557379434,260.0612557379434,18.05476506028775,18.05476506028775,18.05476506028775,18.05476506028775,18.05476506028775,18.05476506028775,0.0,0.0,0.0,278.11602079823115
6540,1988-01-08,260.97871591971347,238.08275048872747,316.5180924874247,260.97871591971347,260.97871591971347,17.132156319347178,17.132156319347178,17.132156319347178,17.132156319347178,17.132156319347178,17.132156319347178,0.0,0.0,0.0,278.11087223906065
6541,1988-01-11,263.73109646502644,235.14712980036887,317.0825161188597,263.73109646502644,263.73109646502644,14.365000714371496,14.365000714371496,14.365000714371496,14.365000714371496,14.365000714371496,14.365000714371496,0.0,0.0,0.0,278.09609717939793
6542,1988-01-12,264.6485566467979,239.30171739102835,317.7314244454802,264.6485566467979,264.6485566467979,13.442871472502961,13.442871472502961,13.442871472502961,13.442871472502961,13.442871472502961,13.442871472502961,0.0,0.0,0.0,278.0914281193009
6543,1988-01-13,265.56601682856797,238.1858890585419,318.2326558538962,265.56601682856797,265.56601682856797,12.520886422882677,12.520886422882677,12.520886422882677,12.520886422882677,12.520886422882677,12.520886422882677,0.0,0.0,0.0,278.0869032514506
6544,1988-01-14,266.4834770103394,236.67519572506683,320.9003677430702,266.4834770103394,266.4834770103394,11.599055293795022,11.599055293795022,11.599055293795022,11.599055293795022,11.599055293795022,11.599055293795022,0.0,0.0,0.0,278.0825323041344
6545,1988-01-15,267.40093719211086,237.87811620754587,317.8656215654185,267.40093719211086,267.40093719211086,10.67738781383004,10.67738781383004,10.67738781383004,10.67738781383004,10.67738781383004,10.67738781383004,0.0,0.0,0.0,278.0783250059409
6546,1988-01-18,270.15331773742525,235.90936714513072,319.13399850602644,270.15331773742525,270.15331773742525,7.913464555395225,7.913464555395225,7.913464555395225,7.913464555395225,7.913464555395225,7.913464555395225,0.0,0.0,0.0,278.0667822928205
6547,1988-01-19,271.0707779191953,234.38892078335712,318.02015486168364,271.0707779191953,271.0707779191953,6.992548957573004,6.992548957573004,6.992548957573004,6.992548957573004,6.992548957573004,6.992548957573004,0.0,0.0,0.0,278.06332687676826
6548,1988-01-20,271.9882381009667,237.58406168626917,317.41738472805434,271.9882381009667,271.9882381009667,6.071845649968492,6.071845649968492,6.071845649968492,6.071845649968492,6.071845649968492,6.071845649968492,0.0,0.0,0.0,278.06008375093523
6549,1988-01-21,272.9056982827382,236.0951438540875,322.33672416846156,272.9056982827382,272.9056982827382,5.151364359108798,5.151364359108798,5.151364359108798,5.151364359108798,5.151364359108798,5.151364359108798,0.0,0.0,0.0,278.057062641847
6550,1988-01-22,273.82315846450825,235.3435585061054,317.850765039582,273.82315846450825,273.82315846450825,4.231114810506482,4.231114810506482,4.231114810506482,4.231114810506482,4.231114810506482,4.231114810506482,0.0,0.0,0.0,278.05427327501474
6551,1988-01-25,276.5755390098212,235.22363714465214,318.48580619651347,276.5755390098212,276.5755390098212,1.4718538543589053,1.4718538543589053,1.4718538543589053,1.4718538543589053,1.4718538543589053,1.4718538543589053,0.0,0.0,0.0,278.04739286418015
6552,1988-01-26,277.4929991915927,236.65438744874203,316.9546206457633,277.4929991915927,277.4929991915927,0.5526285032137535,0.5526285032137535,0.5526285032137535,0.5526285032137535,0.5526285032137535,0.5526285032137535,0.0,0.0,0.0,278.0456276948064
6553,1988-01-27,278.41045937336276,239.4898197425422,319.4083358554533,278.41045937336276,278.41045937336276,-0.36631649980976727,-0.36631649980976727,-0.36631649980976727,-0.36631649980976727,-0.36631649980976727,-0.36631649980976727,0.0,0.0,0.0,278.04414287355297
6554,1988-01-28,279.3279195551342,237.70194804661776,319.4935099977296,279.3279195551342,279.3279195551342,-1.284971439205417,-1.284971439205417,-1.284971439205417,-1.284971439205417,-1.284971439205417,-1.284971439205417,0.0,0.0,0.0,278.04294811592877
6555,1988-01-29,280.24537973690565,235.97655379172562,320.21495023760207,280.24537973690565,280.24537973690565,-2.203326601806842,-2.203326601806842,-2.203326601806842,-2.203326601806842,-2.203326601806842,-2.203326601806842,0.0,0.0,0.0,278.0420531350988
6556,1988-02-01,282.99776028222004,239.13220017263265,319.7080613395129,282.99776028222004,282.99776028222004,-4.956496336126325,-4.956496336126325,-4.956496336126325,-4.956496336126325,-4.956496336126325,-4.956496336126325,0.0,0.0,0.0,278.0412639460937
6557,1988-02-02,283.91522046399007,237.33184247949407,321.90394098028503,283.91522046399007,283.91522046399007,-5.873555313156669,-5.873555313156669,-5.873555313156669,-5.873555313156669,-5.873555313156669,-5.873555313156669,0.0,0.0,0.0,278.0416651508334
6558,1988-02-03,284.83268064576157,238.3552722489841,320.6110183606602,284.83268064576157,284.83268064576157,-6.790265989187647,-6.790265989187647,-6.790265989187647,-6.790265989187647,-6.790265989187647,-6.790265989187647,0.0,0.0,0.0,278.0424146565739
6559,1988-02-04,285.750140827533,237.49212955429914,318.3605527576234,285.750140827533,285.750140827533,-7.706618669036874,-7.706618669036874,-7.706618669036874,-7.706618669036874,-7.706618669036874,-7.706618669036874,0.0,0.0,0.0,278.04352215849616
6560,1988-02-05,286.66760100930304,237.16457786865007,320.02582960266324,286.66760100930304,286.66760100930304,-8.622603661186503,-8.622603661186503,-8.622603661186503,-8.622603661186503,-8.622603661186503,-8.622603661186503,0.0,0.0,0.0,278.04499734811657
6561,1988-02-08,289.419981554616,233.64836728105274,321.69955783961035,289.419981554616,289.419981554616,-11.36825565521394,-11.36825565521394,-11.36825565521394,-11.36825565521394,-11.36825565521394,-11.36825565521394,0.0,0.0,0.0,278.0517258994021
6562,1988-02-09,290.33744173638746,236.79738547617876,319.43835254606654,290.33744173638746,290.33744173638746,-12.28267306132687,-12.28267306132687,-12.28267306132687,-12.28267306132687,-12.28267306132687,-12.28267306132687,0.0,0.0,0.0,278.0547686750606
6563,1988-02-10,291.25490191815754,240.0842391594132,320.7248382872194,291.25490191815754,291.25490191815754,-13.196674383772473,-13.196674383772473,-13.196674383772473,-13.196674383772473,-13.196674383772473,-13.196674383772473,0.0,0.0,0.0,278.0582275343851
6564,1988-02-11,292.172362099929,234.71125161543355,322.6037924560599,292.172362099929,292.172362099929,-14.11024995701531,-14.11024995701531,-14.11024995701531,-14.11024995701531,-14.11024995701531,-14.11024995701531,0.0,0.0,0.0,278.0621121429137
6565,1988-02-12,293.08982228170044,234.99972510205617,319.9923825856668,293.08982228170044,293.08982228170044,-15.023390120516453,-15.023390120516453,-15.023390120516453,-15.023390120516453,-15.023390120516453,-15.023390120516453,0.0,0.0,0.0,278.06643216118397
6566,1988-02-16,296.7596630087849,238.1083209227301,317.110416104405,296.7596630087849,296.7596630087849,-18.671403651912225,-18.671403651912225,-18.671403651912225,-18.671403651912225,-18.671403651912225,-18.671403651912225,0.0,0.0,0.0,278.0882593568727
6567,1988-02-17,297.67712319055636,239.42913611542696,320.02931554220584,297.67712319055636,297.67712319055636,-19.582222046874374,-19.582222046874374,-19.582222046874374,-19.582222046874374,-19.582222046874374,-19.582222046874374,0.0,0.0,0.0,278.09490114368197
6568,1988-02-18,298.5945833723278,237.62003675769125,321.12709348429996,298.5945833723278,298.5945833723278,-20.49254718448042,-20.49254718448042,-20.49254718448042,-20.49254718448042,-20.49254718448042,-20.49254718448042,0.0,0.0,0.0,278.1020361878474
6569,1988-02-19,299.5120435540979,235.11213843848552,319.8977114388325,299.5120435540979,299.5120435540979,-21.402369444509873,-21.402369444509873,-21.402369444509873,-21.402369444509873,-21.402369444509873,-21.402369444509873,0.0,0.0,0.0,278.109674109588
6570,1988-02-22,302.26442409941086,237.95084520165005,320.5115323560405,302.26442409941086,302.26442409941086,-24.128722855908165,-24.128722855908165,-24.128722855908165,-24.128722855908165,-24.128722855908165,-24.128722855908165,0.0,0.0,0.0,278.1357012435027
6571,1988-02-23,303.1818842811823,235.21167404502586,321.10354740388425,303.1818842811823,303.1818842811823,-25.03643753672704,-25.03643753672704,-25.03643753672704,-25.03643753672704,-25.03643753672704,-25.03643753672704,0.0,0.0,0.0,278.1454467444553
6572,1988-02-24,304.09934446295233,237.5879022032763,321.3617208782029,304.09934446295233,304.09934446295233,-25.94360134050964,-25.94360134050964,-25.94360134050964,-25.94360134050964,-25.94360134050964,-25.94360134050964,0.0,0.0,0.0,278.1557431224427
6573,1988-02-25,305.0168046447238,238.517488550467,324.7115024407998,305.0168046447238,305.0168046447238,-26.85020468902618,-26.85020468902618,-26.85020468902618,-26.85020468902618,-26.85020468902618,-26.85020468902618,0.0,0.0,0.0,278.1665999556976
6574,1988-02-26,305.9342648264953,237.17134782555235,317.81051464668286,305.9342648264953,305.9342648264953,-27.756238011711734,-27.756238011711734,-27.756238011711734,-27.756238011711734,-27.756238011711734,-27.756238011711734,0.0,0.0,0.0,278.17802681478355
6575,1988-02-29,308.68664537180683,235.368160401195,318.8062478392681,308.68664537180683,308.68664537180683,-30.47082223810428,-30.47082223810428,-30.47082223810428,-30.47082223810428,-30.47082223810428,-30.47082223810428,0.0,0.0,0.0,278.21582313370254
6576,1988-03-01,309.6041055535797,236.6363023481009,318.8768383277316,309.6041055535797,309.6041055535797,-31.37447991177702,-31.37447991177702,-31.37447991177702,-31.37447991177702,-31.37447991177702,-31.37447991177702,0.0,0.0,0.0,278.22962564180267
6577,1988-03-02,310.52156573535115,234.82926041017282,321.7188671399998,310.52156573535115,310.52156573535115,-32.27751982842826,-32.27751982842826,-32.27751982842826,-32.27751982842826,-32.27751982842826,-32.27751982842826,0.0,0.0,0.0,278.2440459069229
6578,1988-03-03,311.4390259171212,235.96308733774612,320.4991160148657,311.4390259171212,311.4390259171212,-33.179932467477634,-33.179932467477634,-33.179932467477634,-33.179932467477634,-33.179932467477634,-33.179932467477634,0.0,0.0,0.0,278.2590934496436
6579,1988-03-04,312.3564860988927,237.4719008641374,321.95335978990556,312.3564860988927,312.3564860988927,-34.0817083173404,-34.0817083173404,-34.0817083173404,-34.0817083173404,-34.0817083173404,-34.0817083173404,0.0,0.0,0.0,278.2747777815523
6580,1988-03-07,315.10886664420565,238.57288394872236,320.50835703958836,315.10886664420565,315.10886664420565,-36.78312015488312,-36.78312015488312,-36.78312015488312,-36.78312015488312,-36.78312015488312,-36.78312015488312,0.0,0.0,0.0,278.3257464893225
6581,1988-03-08,316.0263268259771,239.02889246289575,317.17050228902065,316.0263268259771,316.0263268259771,-37.68225391870945,-37.68225391870945,-37.68225391870945,-37.68225391870945,-37.68225391870945,-37.68225391870945,0.0,0.0,0.0,278.3440729072677
6582,1988-03-09,316.9437870077472,236.889675379866,316.50369526114,316.94378700774723,316.94378700774723,-38.58070347700196,-38.58070347700196,-38.58070347700196,-38.58070347700196,-38.58070347700196,-38.58070347700196,0.0,0.0,0.0,278.3630835307452
6583,1988-03-10,317.8612471895186,237.2579188149005,316.62306231888647,317.8612471895186,317.8612471895186,-39.47845937613304,-39.47845937613304,-39.47845937613304,-39.47845937613304,-39.47845937613304,-39.47845937613304,0.0,0.0,0.0,278.38278781338556
6584,1988-03-11,318.77870737128865,237.04672930637398,316.94215290887644,318.77870737128865,318.77870737128865,-40.3755121727974,-40.3755121727974,-40.3755121727974,-40.3755121727974,-40.3755121727974,-40.3755121727974,0.0,0.0,0.0,278.40319519849123
6585,1988-03-14,321.5310879166016,236.06739347948107,321.3017189111514,321.5310879166016,321.5310879166016,-43.06235767373605,-43.06235767373605,-43.06235767373605,-43.06235767373605,-43.06235767373605,-43.06235767373605,0.0,0.0,0.0,278.46873024286555
6586,1988-03-15,322.44854809837307,234.76050959893004,322.46326639331454,322.44854809837307,322.44854809837307,-43.956503840535916,-43.956503840535916,-43.956503840535916,-43.956503840535916,-43.956503840535916,-43.956503840535916,0.0,0.0,0.0,278.49204425783716
6587,1988-03-16,323.36600828014593,235.8968756243489,318.1536241023373,323.36600828014593,323.36600828014593,-44.84989984978614,-44.84989984978614,-44.84989984978614,-44.84989984978614,-44.84989984978614,-44.84989984978614,0.0,0.0,0.0,278.5161084303598
6588,1988-03-17,324.283468461916,239.74400490597674,321.8555166251341,324.283468461916,324.283468461916,-45.74253632407944,-45.74253632407944,-45.74253632407944,-45.74253632407944,-45.74253632407944,-45.74253632407944,0.0,0.0,0.0,278.5409321378366
6589,1988-03-18,325.20092864368746,240.61142510309543,321.1947664621976,325.20092864368746,325.20092864368746,-46.634403897649655,-46.634403897649655,-46.634403897649655,-46.634403897649655,-46.634403897649655,-46.634403897649655,0.0,0.0,0.0,278.5665247460378
6590,1988-03-21,327.95330918900044,239.0184940731248,318.6726184786556,327.95330918900044,327.95330918900044,-49.30529973496669,-49.30529973496669,-49.30529973496669,-49.30529973496669,-49.30529973496669,-49.30529973496669,0.0,0.0,0.0,278.64800945403374
6591,1988-03-22,328.8707693707719,237.07228142126618,320.05962322346465,328.8707693707719,328.8707693707719,-50.1939982874274,-50.1939982874274,-50.1939982874274,-50.1939982874274,-50.1939982874274,-50.1939982874274,0.0,0.0,0.0,278.6767710833445
6592,1988-03-23,329.78822955254196,236.71831849059026,319.7782106483299,329.78822955254196,329.78822955254196,-51.08188129155315,-51.08188129155315,-51.08188129155315,-51.08188129155315,-51.08188129155315,-51.08188129155315,0.0,0.0,0.0,278.7063482609888
6593,1988-03-24,330.7056897343134,236.596668085749,319.06255496831346,330.7056897343134,330.7056897343134,-51.96893945537623,-51.96893945537623,-51.96893945537623,-51.96893945537623,-51.96893945537623,-51.96893945537623,0.0,0.0,0.0,278.73675027893717
6594,1988-03-25,331.6231499160835,237.40632752975537,323.4170317801879,331.62314991608343,331.62314991608343,-52.855163499882686,-52.855163499882686,-52.855163499882686,-52.855163499882686,-52.855163499882686,-52.855163499882686,0.0,0.0,0.0,278.7679864162008
6595,1988-03-28,334.37553046139647,238.4759529873295,321.5789671849155,334.37553046139647,334.37553046139647,-55.508738325623256,-55.508738325623256,-55.508738325623256,-55.508738325623256,-55.508738325623256,-55.508738325623256,0.0,0.0,0.0,278.8667921357732
6596,1988-03-29,335.2929906431679,237.59677986867484,319.9441560227595,335.2929906431679,335.2929906431679,-56.39153336836629,-56.39153336836629,-56.39153336836629,-56.39153336836629,-56.39153336836629,-56.39153336836629,0.0,0.0,0.0,278.9014572748016
6597,1988-03-30,336.21045082493936,239.0314561687895,320.71670275606607,336.21045082493936,336.21045082493936,-57.273448097579134,-57.273448097579134,-57.273448097579134,-57.273448097579134,-57.273448097579134,-57.273448097579134,0.0,0.0,0.0,278.9370027273602
6598,1988-03-31,337.1279110067108,236.48064333151464,319.3153973863731,337.12791100671075,337.12791100671075,-58.154473315895,-58.154473315895,-58.154473315895,-58.154473315895,-58.154473315895,-58.154473315895,0.0,0.0,0.0,278.9734376908158
6599,1988-04-04,340.7977517337952,238.04739164227868,323.2819768940276,340.7977517337952,340.7977517337952,-61.66949563567477,-61.66949563567477,-61.66949563567477,-61.66949563567477,-61.66949563567477,-61.66949563567477,0.0,0.0,0.0,279.12825609812046
6600,1988-04-05,341.71521191556667,233.66541722639116,321.2584349360338,341.71521191556667,341.71521191556667,-62.5459358444446,-62.5459358444446,-62.5459358444446,-62.5459358444446,-62.5459358444446,-62.5459358444446,0.0,0.0,0.0,279.16927607112206
6601,1988-04-06,342.63267209733675,235.90194900231316,320.8024991936787,342.63267209733675,342.63267209733675,-63.42143166397918,-63.42143166397918,-63.42143166397918,-63.42143166397918,-63.42143166397918,-63.42143166397918,0.0,0.0,0.0,279.2112404333576
6602,1988-04-07,343.5501322791082,238.34789659654626,324.58279681244215,343.5501322791082,343.5501322791082,-64.29597400059693,-64.29597400059693,-64.29597400059693,-64.29597400059693,-64.29597400059693,-64.29597400059693,0.0,0.0,0.0,279.2541582785113
6603,1988-04-08,344.4675924608783,236.25839605037726,318.4599143966689,344.4675924608783,344.4675924608783,-65.16955377615704,-65.16955377615704,-65.16955377615704,-65.16955377615704,-65.16955377615704,-65.16955377615704,0.0,0.0,0.0,279.29803868472123
6604,1988-04-11,347.21997300619125,237.8997520135255,321.4849683143143,347.21997300619125,347.21997300619125,-67.7844271922239,-67.7844271922239,-67.7844271922239,-67.7844271922239,-67.7844271922239,-67.7844271922239,0.0,0.0,0.0,279.43554581396734
6605,1988-04-12,348.1374331879627,234.48588539553677,324.07662207356776,348.1374331879627,348.1374331879627,-68.65406625959056,-68.65406625959056,-68.65406625959056,-68.65406625959056,-68.65406625959056,-68.65406625959056,0.0,0.0,0.0,279.4833669283721
6606,1988-04-13,349.05489336973415,240.60993761830824,322.8859682235708,349.05489336973415,349.05489336973415,-69.52269761486083,-69.52269761486083,-69.52269761486083,-69.52269761486083,-69.52269761486083,-69.52269761486083,0.0,0.0,0.0,279.5321957548733
6607,1988-04-14,349.9723535515042,235.20759936197774,320.92452091163665,349.9723535515043,349.9723535515043,-70.39031227703838,-70.39031227703838,-70.39031227703838,-70.39031227703838,-70.39031227703838,-70.39031227703838,0.0,0.0,0.0,279.58204127446584
6608,1988-04-15,350.88981373327704,240.24034485232116,322.77737502961827,350.88981373327704,350.88981373327704,-71.25690128194549,-71.25690128194549,-71.25690128194549,-71.25690128194549,-71.25690128194549,-71.25690128194549,0.0,0.0,0.0,279.63291245133155
6609,1988-04-18,353.64219427859,239.9191143937867,320.26198578801495,353.64219427859,353.64219427859,-73.850424967537,-73.850424967537,-73.850424967537,-73.850424967537,-73.850424967537,-73.850424967537,0.0,0.0,0.0,279.79176931105303
6610,1988-04-19,354.55965446036146,235.18887383307265,321.37609210376996,354.55965446036146,354.55965446036146,-74.71282204452216,-74.71282204452216,-74.71282204452216,-74.71282204452216,-74.71282204452216,-74.71282204452216,0.0,0.0,0.0,279.8468324158393
6611,1988-04-20,355.47711464213154,234.190866582167,323.00152513057014,355.4771146421316,355.4771146421316,-75.57414890211474,-75.57414890211474,-75.57414890211474,-75.57414890211474,-75.57414890211474,-75.57414890211474,0.0,0.0,0.0,279.9029657400168
6612,1988-04-21,356.394574823903,241.8010833039582,320.7673902687866,356.394574823903,356.394574823903,-76.43439668090527,-76.43439668090527,-76.43439668090527,-76.43439668090527,-76.43439668090527,-76.43439668090527,0.0,0.0,0.0,279.96017814299773
6613,1988-04-22,357.31203500567307,239.2357276934338,325.67342203406247,357.31203500567307,357.31203500567307,-77.29355653957103,-77.29355653957103,-77.29355653957103,-77.29355653957103,-77.29355653957103,-77.29355653957103,0.0,0.0,0.0,280.018478466102
6614,1988-04-25,360.06441555098604,240.5828657120715,321.1389225963097,360.06441555098604,360.06441555098604,-79.86442045671903,-79.86442045671903,-79.86442045671903,-79.86442045671903,-79.86442045671903,-79.86442045671903,0.0,0.0,0.0,280.199995094267
6615,1988-04-26,360.9818757327575,239.78513942595205,321.7142106256389,360.9818757327575,360.9818757327575,-80.71914058973913,-80.71914058973913,-80.71914058973913,-80.71914058973913,-80.71914058973913,-80.71914058973913,0.0,0.0,0.0,280.26273514301835
6616,1988-04-27,361.89933591452893,237.23299604562428,321.64891000617723,361.89933591452893,361.89933591452893,-81.57272887364122,-81.57272887364122,-81.57272887364122,-81.57272887364122,-81.57272887364122,-81.57272887364122,0.0,0.0,0.0,280.3266070408877
6617,1988-04-28,362.816796096299,239.9811125904364,320.77877252579555,362.816796096299,362.816796096299,-82.42517657939493,-82.42517657939493,-82.42517657939493,-82.42517657939493,-82.42517657939493,-82.42517657939493,0.0,0.0,0.0,280.3916195169041
6618,1988-04-29,363.73425627807046,239.53967757683955,320.29536959362133,363.73425627807046,363.73425627807046,-83.27647499730806,-83.27647499730806,-83.27647499730806,-83.27647499730806,-83.27647499730806,-83.27647499730806,0.0,0.0,0.0,280.4577812807624
6619,1988-05-02,366.4866368233848,240.70296629985916,322.0501487718236,366.4866368233848,366.4866368233848,-85.8233877208452,-85.8233877208452,-85.8233877208452,-85.8233877208452,-85.8233877208452,-85.8233877208452,0.0,0.0,0.0,280.66324910253957
6620,1988-05-03,367.4040970051563,237.68464317372843,319.05407888003464,367.4040970051563,367.4040970051563,-86.67000228338941,-86.67000228338941,-86.67000228338941,-86.67000228338941,-86.67000228338941,-86.67000228338941,0.0,0.0,0.0,280.7340947217669
6621,1988-05-04,368.3215571869263,236.38104451345797,318.8694825798486,368.3215571869263,368.3215571869263,-87.51542430585849,-87.51542430585849,-87.51542430585849,-87.51542430585849,-87.51542430585849,-87.51542430585849,0.0,0.0,0.0,280.8061328810678
6622,1988-05-05,369.2390173686978,235.43665491727967,318.6411895917465,369.2390173686978,369.2390173686978,-88.35964519827786,-88.35964519827786,-88.35964519827786,-88.35964519827786,-88.35964519827786,-88.35964519827786,0.0,0.0,0.0,280.8793721704199
6623,1988-05-06,370.15647755046786,239.4542660188182,323.1657464543611,370.15647755046786,370.15647755046786,-89.2026563912395,-89.2026563912395,-89.2026563912395,-89.2026563912395,-89.2026563912395,-89.2026563912395,0.0,0.0,0.0,280.95382115922837
6624,1988-05-09,372.90885809578083,242.806538254983,321.7140016338443,372.90885809578083,372.90885809578083,-91.72434639142806,-91.72434639142806,-91.72434639142806,-91.72434639142806,-91.72434639142806,-91.72434639142806,0.0,0.0,0.0,281.18451170435276
6625,1988-05-10,373.8263182775523,242.33756486114942,322.9125475706573,373.8263182775523,373.8263182775523,-92.56243350986409,-92.56243350986409,-92.56243350986409,-92.56243350986409,-92.56243350986409,-92.56243350986409,0.0,0.0,0.0,281.2638847676882
6626,1988-05-11,374.7437784593237,239.94345786012266,324.1677664314606,374.7437784593237,374.7437784593237,-93.39926839635658,-93.39926839635658,-93.39926839635658,-93.39926839635658,-93.39926839635658,-93.39926839635658,0.0,0.0,0.0,281.3445100629672
6627,1988-05-12,375.6612386410938,241.0133352921674,323.22351653506433,375.6612386410938,375.6612386410938,-94.23484260852649,-94.23484260852649,-94.23484260852649,-94.23484260852649,-94.23484260852649,-94.23484260852649,0.0,0.0,0.0,281.4263960325673
6628,1988-05-13,376.57869882286525,237.53396676421139,323.4774185971956,376.57869882286525,376.57869882286525,-95.06914772576887,-95.06914772576887,-95.06914772576887,-95.06914772576887,-95.06914772576887,-95.06914772576887,0.0,0.0,0.0,281.5095510970964
6629,1988-05-16,379.33107936817964,243.6479141981972,322.2346393814207,379.33107936817964,379.33107936817964,-97.56436463209084,-97.56436463209084,-97.56436463209084,-97.56436463209084,-97.56436463209084,-97.56436463209084,0.0,0.0,0.0,281.76671473608883
6630,1988-05-17,380.2485395499511,241.46607876474866,325.21768881900414,380.2485395499511,380.2485395499511,-98.39350960503346,-98.39350960503346,-98.39350960503346,-98.39350960503346,-98.39350960503346,-98.39350960503346,0.0,0.0,0.0,281.85502994491765
6631,1988-05-18,381.1659997317211,240.0726935767586,321.39816688526764,381.1659997317211,381.1659997317211,-99.22134371260277,-99.22134371260277,-99.22134371260277,-99.22134371260277,-99.22134371260277,-99.22134371260277,0.0,0.0,0.0,281.9446560191183
6632,1988-05-19,382.0834599134926,240.35104995772903,323.8994212022861,382.0834599134926,382.0834599134926,-100.04785866841002,-100.04785866841002,-100.04785866841002,-100.04785866841002,-100.04785866841002,-100.04785866841002,0.0,0.0,0.0,282.0356012450826
6633,1988-05-20,383.00092009526264,239.9851369116369,323.30508090548676,383.00092009526264,383.00092009526264,-100.87304620902695,-100.87304620902695,-100.87304620902695,-100.87304620902695,-100.87304620902695,-100.87304620902695,0.0,0.0,0.0,282.1278738862357
6634,1988-05-23,385.7533006405756,242.89677918883254,325.5332870631713,385.7533006405756,385.7533006405756,-103.34056205339705,-103.34056205339705,-103.34056205339705,-103.34056205339705,-103.34056205339705,-103.34056205339705,0.0,0.0,0.0,282.4127385871786
6635,1988-05-24,386.67076082234706,241.400833890071,324.70140001399824,386.67076082234706,386.67076082234706,-104.16035776405401,-104.16035776405401,-104.16035776405401,-104.16035776405401,-104.16035776405401,-104.16035776405401,0.0,0.0,0.0,282.51040305829304
6636,1988-05-25,387.58822100411857,237.82098441172158,327.3735166239083,387.58822100411857,387.58822100411857,-104.97878509264537,-104.97878509264537,-104.97878509264537,-104.97878509264537,-104.97878509264537,-104.97878509264537,0.0,0.0,0.0,282.6094359114732
6637,1988-05-26,388.5056811858886,243.7896128906985,326.02717291251696,388.50568118588853,388.50568118588853,-105.79583591701162,-105.79583591701162,-105.79583591701162,-105.79583591701162,-105.79583591701162,-105.79583591701162,0.0,0.0,0.0,282.70984526887696
6638,1988-05-27,389.42314136766004,239.01859170287779,325.40608846137985,389.42314136766004,389.42314136766004,-106.61150213911594,-106.61150213911594,-106.61150213911594,-106.61150213911594,-106.61150213911594,-106.61150213911594,0.0,0.0,0.0,282.8116392285441
6639,1988-05-31,393.0929820947459,240.38389491053923,324.0034868446209,393.0929820947459,393.0929820947459,-109.86015989773762,-109.86015989773762,-109.86015989773762,-109.86015989773762,-109.86015989773762,-109.86015989773762,0.0,0.0,0.0,283.23282219700826
6640,1988-06-01,394.01044227651596,240.4208338612665,324.92839069147084,394.01044227651596,394.01044227651596,-110.66878249381048,-110.66878249381048,-110.66878249381048,-110.66878249381048,-110.66878249381048,-110.66878249381048,0.0,0.0,0.0,283.3416597827055
6641,1988-06-02,394.9279024582874,240.58852787559783,326.0883750418802,394.9279024582874,394.9279024582874,-111.47597241517256,-111.47597241517256,-111.47597241517256,-111.47597241517256,-111.47597241517256,-111.47597241517256,0.0,0.0,0.0,283.4519300431148
6642,1988-06-03,395.84536264005743,242.9947033971465,324.09944354182096,395.84536264005743,395.84536264005743,-112.2817217372243,-112.2817217372243,-112.2817217372243,-112.2817217372243,-112.2817217372243,-112.2817217372243,0.0,0.0,0.0,283.56364090283313
6643,1988-06-06,398.5977431853704,243.98426128154966,323.3160558993012,398.5977431853704,398.5977431853704,-114.69024724384265,-114.69024724384265,-114.69024724384265,-114.69024724384265,-114.69024724384265,-114.69024724384265,0.0,0.0,0.0,283.90749594152777
6644,1988-06-07,399.5152033671419,240.43510811632177,322.5731700315763,399.5152033671419,399.5152033671419,-115.49015543352677,-115.49015543352677,-115.49015543352677,-115.49015543352677,-115.49015543352677,-115.49015543352677,0.0,0.0,0.0,284.02504793361516
6645,1988-06-08,400.43266354891335,240.76364874027766,326.1922073796332,400.43266354891335,400.43266354891335,-116.28858378544425,-116.28858378544425,-116.28858378544425,-116.28858378544425,-116.28858378544425,-116.28858378544425,0.0,0.0,0.0,284.1440797634691
6646,1988-06-09,401.3501237306834,242.47679367474544,325.53142405678466,401.3501237306834,401.3501237306834,-117.08552452992217,-117.08552452992217,-117.08552452992217,-117.08552452992217,-117.08552452992217,-117.08552452992217,0.0,0.0,0.0,284.2645992007612
6647,1988-06-10,402.2675839124549,243.15614378528733,328.08494214612995,402.2675839124549,402.2675839124549,-117.88096992366462,-117.88096992366462,-117.88096992366462,-117.88096992366462,-117.88096992366462,-117.88096992366462,0.0,0.0,0.0,284.38661398879026
6648,1988-06-13,405.01996445776786,246.65295693656924,327.02940805425436,405.01996445776786,405.01996445776786,-120.25825696640092,-120.25825696640092,-120.25825696640092,-120.25825696640092,-120.25825696640092,-120.25825696640092,0.0,0.0,0.0,284.7617074913669
6649,1988-06-14,405.9374246395379,244.81048805829178,326.268713076858,405.9374246395379,405.9374246395379,-121.04764405718034,-121.04764405718034,-121.04764405718034,-121.04764405718034,-121.04764405718034,-121.04764405718034,0.0,0.0,0.0,284.88978058235756
6650,1988-06-15,406.85488482131075,243.64482331718577,325.8561562529494,406.85488482131075,406.85488482131075,-121.83549748181544,-121.83549748181544,-121.83549748181544,-121.83549748181544,-121.83549748181544,-121.83549748181544,0.0,0.0,0.0,285.0193873394953
6651,1988-06-16,407.7723450030822,242.3848326561297,327.3490145830868,407.7723450030822,407.7723450030822,-122.62180965852036,-122.62180965852036,-122.62180965852036,-122.62180965852036,-122.62180965852036,-122.62180965852036,0.0,0.0,0.0,285.15053534456183
6652,1988-06-17,408.6898051848523,244.91486915365158,325.0985946963093,408.6898051848523,408.6898051848523,-123.40657303297456,-123.40657303297456,-123.40657303297456,-123.40657303297456,-123.40657303297456,-123.40657303297456,0.0,0.0,0.0,285.2832321518777
6653,1988-06-20,411.44218573016525,244.62421393590213,328.03777997504443,411.4421857301653,411.4421857301653,-125.75149521465204,-125.75149521465204,-125.75149521465204,-125.75149521465204,-125.75149521465204,-125.75149521465204,0.0,0.0,0.0,285.6906905155132
6654,1988-06-21,412.3596459119367,244.7755812792184,328.1867079908221,412.3596459119367,412.3596459119367,-126.52998839134575,-126.52998839134575,-126.52998839134575,-126.52998839134575,-126.52998839134575,-126.52998839134575,0.0,0.0,0.0,285.82965752059096
6655,1988-06-22,413.27710609370814,240.30586957974512,328.8020522976482,413.27710609370814,413.27710609370814,-127.3068954113595,-127.3068954113595,-127.3068954113595,-127.3068954113595,-127.3068954113595,-127.3068954113595,0.0,0.0,0.0,285.97021068234864
6656,1988-06-23,414.1945662754782,245.54806065301352,328.4044814521896,414.1945662754782,414.1945662754782,-128.08220888829618,-128.08220888829618,-128.08220888829618,-128.08220888829618,-128.08220888829618,-128.08220888829618,0.0,0.0,0.0,286.11235738718204
6657,1988-06-24,415.11202645724967,243.75337772283189,329.98359114925324,415.11202645724967,415.11202645724967,-128.8559214642787,-128.8559214642787,-128.8559214642787,-128.8559214642787,-128.8559214642787,-128.8559214642787,0.0,0.0,0.0,286.25610499297096
6658,1988-06-27,417.86440700256264,245.9535431388988,327.6434495098995,417.86440700256264,417.86440700256264,-131.16738063847686,-131.16738063847686,-131.16738063847686,-131.16738063847686,-131.16738063847686,-131.16738063847686,0.0,0.0,0.0,286.6970263640858
6659,1988-06-28,418.78186718433267,246.0395151176139,329.0294886440977,418.78186718433267,418.78186718433267,-131.93461660725143,-131.93461660725143,-131.93461660725143,-131.93461660725143,-131.93461660725143,-131.93461660725143,0.0,0.0,0.0,286.84725057708124
6660,1988-06-29,419.69932736610417,247.3104924334667,327.9336114678662,419.69932736610417,419.69932736610417,-132.7002153185201,-132.7002153185201,-132.7002153185201,-132.7002153185201,-132.7002153185201,-132.7002153185201,0.0,0.0,0.0,286.99911204758405
6661,1988-06-30,420.616787547877,241.8359183094566,326.829153156086,420.616787547877,420.616787547877,-133.46416958856287,-133.46416958856287,-133.46416958856287,-133.46416958856287,-133.46416958856287,-133.46416958856287,0.0,0.0,0.0,287.1526179593141
6662,1988-07-01,421.53424772964706,245.03237935000635,330.75423574456903,421.53424772964706,421.53424772964706,-134.2264722632012,-134.2264722632012,-134.2264722632012,-134.2264722632012,-134.2264722632012,-134.2264722632012,0.0,0.0,0.0,287.30777546644583
6663,1988-07-05,425.2040884567315,244.76995619052502,328.4379279192303,425.2040884567315,425.2040884567315,-137.25902496586122,-137.25902496586122,-137.25902496586122,-137.25902496586122,-137.25902496586122,-137.25902496586122,0.0,0.0,0.0,287.94506349087027
6664,1988-07-06,426.12154863850293,248.1879704296912,330.9787271881579,426.12154863850293,426.12154863850293,-138.01296339452801,-138.01296339452801,-138.01296339452801,-138.01296339452801,-138.01296339452801,-138.01296339452801,0.0,0.0,0.0,288.1085852439749
6665,1988-07-07,427.039008820273,246.6575308787422,330.8413217073209,427.039008820273,427.039008820273,-138.76520793095008,-138.76520793095008,-138.76520793095008,-138.76520793095008,-138.76520793095008,-138.76520793095008,0.0,0.0,0.0,288.27380088932296
6666,1988-07-08,427.95646900204446,246.86936599182042,333.02997023802345,427.95646900204446,427.95646900204446,-139.51575163167942,-139.51575163167942,-139.51575163167942,-139.51575163167942,-139.51575163167942,-139.51575163167942,0.0,0.0,0.0,288.44071737036506
6667,1988-07-11,430.70884954735743,247.16892230163097,329.699437739706,430.70884954735743,430.70884954735743,-141.75710874603914,-141.75710874603914,-141.75710874603914,-141.75710874603914,-141.75710874603914,-141.75710874603914,0.0,0.0,0.0,288.9517408013183
6668,1988-07-12,431.6263097291275,246.09360549132288,329.6891605321462,431.6263097291275,431.6263097291275,-142.5007802848908,-142.5007802848908,-142.5007802848908,-142.5007802848908,-142.5007802848908,-142.5007802848908,0.0,0.0,0.0,289.1255294442367
6669,1988-07-13,432.54376991089896,248.02931705137837,331.0605180558882,432.54376991089896,432.54376991089896,-143.24271673354204,-143.24271673354204,-143.24271673354204,-143.24271673354204,-143.24271673354204,-143.24271673354204,0.0,0.0,0.0,289.30105317735695
6670,1988-07-14,433.4612300926704,249.45341905846857,330.75942023131245,433.4612300926704,433.4612300926704,-143.98291133459313,-143.98291133459313,-143.98291133459313,-143.98291133459313,-143.98291133459313,-143.98291133459313,0.0,0.0,0.0,289.4783187580773
6671,1988-07-15,434.37869027444185,247.63405227338185,331.53284020005555,434.37869027444185,434.37869027444185,-144.72135736212883,-144.72135736212883,-144.72135736212883,-144.72135736212883,-144.72135736212883,-144.72135736212883,0.0,0.0,0.0,289.657332912313
6672,1988-07-18,437.1310708197548,245.59360509021602,334.6266368872387,437.1310708197548,437.1310708197548,-146.92613721954106,-146.92613721954106,-146.92613721954106,-146.92613721954106,-146.92613721954106,-146.92613721954106,0.0,0.0,0.0,290.20493360021374
6673,1988-07-19,438.04853100152627,250.8406974660331,334.35704503031616,438.04853100152627,438.04853100152627,-147.65752232819332,-147.65752232819332,-147.65752232819332,-147.65752232819332,-147.65752232819332,-147.65752232819332,0.0,0.0,0.0,290.391008673333
6674,1988-07-20,438.9659911832977,248.11342410722995,327.7228292895128,438.9659911832977,438.9659911832977,-148.38712571065977,-148.38712571065977,-148.38712571065977,-148.38712571065977,-148.38712571065977,-148.38712571065977,0.0,0.0,0.0,290.578865472638
6675,1988-07-21,439.8834513650678,249.66934433780958,331.954305720016,439.8834513650678,439.8834513650678,-149.11494083270915,-149.11494083270915,-149.11494083270915,-149.11494083270915,-149.11494083270915,-149.11494083270915,0.0,0.0,0.0,290.7685105323586
6676,1988-07-22,440.80091154683925,253.2554409291301,335.0955974460239,440.80091154683925,440.80091154683925,-149.84096119251492,-149.84096119251492,-149.84096119251492,-149.84096119251492,-149.84096119251492,-149.84096119251492,0.0,0.0,0.0,290.9599503543243
6677,1988-07-25,443.5532920921522,251.86577518123752,334.2494231742061,443.5532920921522,443.5532920921522,-152.00818916896915,-152.00818916896915,-152.00818916896915,-152.00818916896915,-152.00818916896915,-152.00818916896915,0.0,0.0,0.0,291.5451029231831
6678,1988-07-26,444.4707522739223,250.73306543404738,333.6642885494383,444.47075227392236,444.47075227392236,-152.72696611411425,-152.72696611411425,-152.72696611411425,-152.72696611411425,-152.72696611411425,-152.72696611411425,0.0,0.0,0.0,291.74378615980805
6679,1988-07-27,445.38821245569375,250.48429113347748,333.4718855681132,445.38821245569375,445.38821245569375,-153.4439162784291,-153.4439162784291,-153.4439162784291,-153.4439162784291,-153.4439162784291,-153.4439162784291,0.0,0.0,0.0,291.9442961772646
6680,1988-07-28,446.3056726374652,248.88929112029706,334.7549014683973,446.3056726374652,446.3056726374652,-154.15903335718966,-154.15903335718966,-154.15903335718966,-154.15903335718966,-154.15903335718966,-154.15903335718966,0.0,0.0,0.0,292.1466392802755
6681,1988-07-29,447.2231328192353,246.96928932034098,330.21664485104236,447.2231328192353,447.2231328192353,-154.87231107896437,-154.87231107896437,-154.87231107896437,-154.87231107896437,-154.87231107896437,-154.87231107896437,0.0,0.0,0.0,292.35082174027093
6682,1988-08-01,449.9755133645496,250.3279591319701,330.5849050302989,449.97551336454967,449.97551336454967,-157.0010458899469,-157.0010458899469,-157.0010458899469,-157.0010458899469,-157.0010458899469,-157.0010458899469,0.0,0.0,0.0,292.9744674746027
6683,1988-08-02,450.89297354632106,251.57087216142008,337.5775947030392,450.89297354632106,450.89297354632106,-157.7069041395198,-157.7069041395198,-157.7069041395198,-157.7069041395198,-157.7069041395198,-157.7069041395198,0.0,0.0,0.0,293.18606940680127
6684,1988-08-03,451.8104337280925,252.78729859364117,336.2802372899871,451.8104337280925,451.8104337280925,-158.41089217856572,-158.41089217856572,-158.41089217856572,-158.41089217856572,-158.41089217856572,-158.41089217856572,0.0,0.0,0.0,293.3995415495268
6685,1988-08-04,452.7278939098626,248.5287432524304,335.2882164565812,452.7278939098626,452.7278939098626,-159.11300393794843,-159.11300393794843,-159.11300393794843,-159.11300393794843,-159.11300393794843,-159.11300393794843,0.0,0.0,0.0,293.6148899719142
6686,1988-08-05,453.64535409163403,253.94893892405344,332.339221514326,453.64535409163403,453.64535409163403,-159.81323338267165,-159.81323338267165,-159.81323338267165,-159.81323338267165,-159.81323338267165,-159.81323338267165,0.0,0.0,0.0,293.8321207089624
6687,1988-08-08,456.397734636947,255.65728417205347,335.4165495773326,456.397734636947,456.397734636947,-161.9025679933924,-161.9025679933924,-161.9025679933924,-161.9025679933924,-161.9025679933924,-161.9025679933924,0.0,0.0,0.0,294.4951666435546
6688,1988-08-09,457.3151948187171,252.14493391139635,335.1945767537417,457.3151948187171,457.3151948187171,-162.5952085163108,-162.5952085163108,-162.5952085163108,-162.5952085163108,-162.5952085163108,-162.5952085163108,0.0,0.0,0.0,294.71998630240626
6689,1988-08-10,458.23265500048853,255.32490933133488,337.6801520384471,458.23265500048853,458.23265500048853,-163.2859370657114,-163.2859370657114,-163.2859370657114,-163.2859370657114,-163.2859370657114,-163.2859370657114,0.0,0.0,0.0,294.9467179347771
6690,1988-08-11,459.15011518226,251.50517068341057,332.1329437151374,459.15011518226,459.15011518226,-163.97474781385807,-163.97474781385807,-163.97474781385807,-163.97474781385807,-163.97474781385807,-163.97474781385807,0.0,0.0,0.0,295.1753673684019
6691,1988-08-12,460.06757536403006,255.62129439511733,334.32069570273245,460.06757536403006,460.06757536403006,-164.66163496795863,-164.66163496795863,-164.66163496795863,-164.66163496795863,-164.66163496795863,-164.66163496795863,0.0,0.0,0.0,295.4059403960714
6692,1988-08-15,462.8199559093444,254.51740108961562,336.1290834535623,462.8199559093444,462.8199559093444,-166.71069746456942,-166.71069746456942,-166.71069746456942,-166.71069746456942,-166.71069746456942,-166.71069746456942,0.0,0.0,0.0,296.109258444775
6693,1988-08-16,463.7374160911159,255.80147478859084,341.21815410719523,463.7374160911159,463.7374160911159,-167.38983301734913,-167.38983301734913,-167.38983301734913,-167.38983301734913,-167.38983301734913,-167.38983301734913,0.0,0.0,0.0,296.34758307376677
6694,1988-08-17,464.65487627288735,255.9552972648566,342.55449190082294,464.65487627288735,464.65487627288735,-168.06701654017573,-168.06701654017573,-168.06701654017573,-168.06701654017573,-168.06701654017573,-168.06701654017573,0.0,0.0,0.0,296.58785973271165
6695,1988-08-18,465.5723364546574,256.5403572037785,338.845214022044,465.5723364546574,465.5723364546574,-168.74224245224565,-168.74224245224565,-168.74224245224565,-168.74224245224565,-168.74224245224565,-168.74224245224565,0.0,0.0,0.0,296.8300940024117
6696,1988-08-19,466.4897966364289,256.0116176251564,343.5681307831017,466.4897966364289,466.4897966364289,-169.41550520846607,-169.41550520846607,-169.41550520846607,-169.41550520846607,-169.41550520846607,-169.41550520846607,0.0,0.0,0.0,297.0742914279628
6697,1988-08-22,469.2421771817418,257.44547044808314,336.70693580992366,469.2421771817418,469.2421771817418,-171.42345962901072,-171.42345962901072,-171.42345962901072,-171.42345962901072,-171.42345962901072,-171.42345962901072,0.0,0.0,0.0,297.8187175527311
6698,1988-08-23,470.1596373635119,255.36222886756497,339.46631722376105,470.1596373635119,470.1596373635119,-172.08881502884253,-172.08881502884253,-172.08881502884253,-172.08881502884253,-172.08881502884253,-172.08881502884253,0.0,0.0,0.0,298.07082233466934
6699,1988-08-24,471.0770975452833,259.24908375398576,339.9825045215953,471.0770975452833,471.0770975452833,-172.75218008672348,-172.75218008672348,-172.75218008672348,-172.75218008672348,-172.75218008672348,-172.75218008672348,0.0,0.0,0.0,298.32491745855987
6700,1988-08-25,471.99455772705477,256.94946969522624,342.49944566421823,471.99455772705477,471.99455772705477,-173.41354947403067,-173.41354947403067,-173.41354947403067,-173.41354947403067,-173.41354947403067,-173.41354947403067,0.0,0.0,0.0,298.5810082530241
6701,1988-08-26,472.91201790882485,256.0529174398297,340.1311827337764,472.91201790882485,472.91201790882485,-174.07291789857786,-174.07291789857786,-174.07291789857786,-174.07291789857786,-174.07291789857786,-174.07291789857786,0.0,0.0,0.0,298.83910001024697
6702,1988-08-29,475.66439845413925,258.85479570945137,341.63465845665974,475.66439845413925,475.66439845413925,-176.03896502246752,-176.03896502246752,-176.03896502246752,-176.03896502246752,-176.03896502246752,-176.03896502246752,0.0,0.0,0.0,299.6254334316717
6703,1988-08-30,476.5818586359107,258.5274499451203,338.5988595272804,476.5818586359107,476.5818586359107,-176.69027740635727,-176.69027740635727,-176.69027740635727,-176.69027740635727,-176.69027740635727,-176.69027740635727,0.0,0.0,0.0,299.8915812295534
6704,1988-08-31,477.49931881768214,257.1574992048279,342.1090931663443,477.49931881768214,477.49931881768214,-177.33956291659572,-177.33956291659572,-177.33956291659572,-177.33956291659572,-177.33956291659572,-177.33956291659572,0.0,0.0,0.0,300.15975590108644
6705,1988-09-01,478.4167789994522,259.27570924715013,342.35746819750267,478.4167789994522,478.4167789994522,-177.98681648169745,-177.98681648169745,-177.98681648169745,-177.98681648169745,-177.98681648169745,-177.98681648169745,0.0,0.0,0.0,300.4299625177548
6706,1988-09-02,479.33423918122367,260.68092695000075,341.0086771661116,479.33423918122367,479.33423918122367,-178.63203306729275,-178.63203306729275,-178.63203306729275,-178.63203306729275,-178.63203306729275,-178.63203306729275,0.0,0.0,0.0,300.7022061139309
6707,1988-09-06,483.00407990830666,258.6161866666016,341.9629414065577,483.0040799083066,483.0040799083066,-181.1924302317589,-181.1924302317589,-181.1924302317589,-181.1924302317589,-181.1924302317589,-181.1924302317589,0.0,0.0,0.0,301.81164967654775
6708,1988-09-07,483.92154009007817,261.73066224562785,341.802002587111,483.92154009007817,483.92154009007817,-181.82738771008738,-181.82738771008738,-181.82738771008738,-181.82738771008738,-181.82738771008738,-181.82738771008738,0.0,0.0,0.0,302.09415237999076
6709,1988-09-08,484.8390002718496,262.4818535991555,345.6888815051774,484.8390002718496,484.8390002718496,-182.46027878745272,-182.46027878745272,-182.46027878745272,-182.46027878745272,-182.46027878745272,-182.46027878745272,0.0,0.0,0.0,302.3787214843969
6710,1988-09-09,485.75646045361964,257.8184387851806,342.3304309113636,485.75646045361964,485.75646045361964,-183.09109869191462,-183.09109869191462,-183.09109869191462,-183.09109869191462,-183.09109869191462,-183.09109869191462,0.0,0.0,0.0,302.665361761705
6711,1988-09-12,488.5088409989326,262.0446127144298,346.11098717501704,488.5088409989326,488.5088409989326,-184.97108421676347,-184.97108421676347,-184.97108421676347,-184.97108421676347,-184.97108421676347,-184.97108421676347,0.0,0.0,0.0,303.53775678216914
6712,1988-09-13,489.4263011807055,262.17943194616356,340.98346757965487,489.4263011807055,489.4263011807055,-185.5935724685123,-185.5935724685123,-185.5935724685123,-185.5935724685123,-185.5935724685123,-185.5935724685123,0.0,0.0,0.0,303.8327287121932
6713,1988-09-14,490.3437613624769,262.8572408944124,345.0628026586832,490.3437613624769,490.3437613624769,-186.21396625712197,-186.21396625712197,-186.21396625712197,-186.21396625712197,-186.21396625712197,-186.21396625712197,0.0,0.0,0.0,304.12979510535496
6714,1988-09-15,491.261221544247,261.9725401908396,349.64694338675804,491.261221544247,491.261221544247,-186.83226103903388,-186.83226103903388,-186.83226103903388,-186.83226103903388,-186.83226103903388,-186.83226103903388,0.0,0.0,0.0,304.4289605052131
6715,1988-09-16,492.17868172601845,261.0713422289623,345.57471743027685,492.17868172601845,492.17868172601845,-187.44845230904002,-187.44845230904002,-187.44845230904002,-187.44845230904002,-187.44845230904002,-187.44845230904002,0.0,0.0,0.0,304.73022941697843
6716,1988-09-19,494.9310622713314,263.5400077168684,348.96967729757876,494.9310622713314,494.9310622713314,-189.2843605726252,-189.2843605726252,-189.2843605726252,-189.2843605726252,-189.2843605726252,-189.2843605726252,0.0,0.0,0.0,305.64670169870624
6717,1988-09-20,495.8485224531015,265.7729154545963,346.4553114152999,495.8485224531015,495.8485224531015,-189.89209351291396,-189.89209351291396,-189.89209351291396,-189.89209351291396,-189.89209351291396,-189.89209351291396,0.0,0.0,0.0,305.95642894018755
6718,1988-09-21,496.7659826348722,264.71879579005645,346.31343461441753,496.7659826348722,496.7659826348722,-190.4977009934288,-190.4977009934288,-190.4977009934288,-190.4977009934288,-190.4977009934288,-190.4977009934288,0.0,0.0,0.0,306.2682816414434
6719,1988-09-22,496.92552844144984,262.98757210400083,344.8832674781352,496.92552844144984,496.92552844144984,-191.10117874078,-191.10117874078,-191.10117874078,-191.10117874078,-191.10117874078,-191.10117874078,0.0,0.0,0.0,305.8243497006698
6720,1988-09-23,497.08507424802724,265.2584102551409,347.5789612781052,497.08507424802724,497.08507424802724,-191.70252252048144,-191.70252252048144,-191.70252252048144,-191.70252252048144,-191.70252252048144,-191.70252252048144,0.0,0.0,0.0,305.3825517275458
6721,1988-09-26,497.56371166775955,261.05126359809293,346.2843763658269,497.56371166775955,497.56371166775955,-193.49370829399277,-193.49370829399277,-193.49370829399277,-193.49370829399277,-193.49370829399277,-193.49370829399277,0.0,0.0,0.0,304.0700033737668
6722,1988-09-27,497.7232574743371,265.7699345938345,341.5991995860433,497.7232574743371,497.7232574743371,-194.08647463896776,-194.08647463896776,-194.08647463896776,-194.08647463896776,-194.08647463896776,-194.08647463896776,0.0,0.0,0.0,303.63678283536933
6723,1988-09-28,497.8828032809149,260.41876997656044,348.14338234704576,497.8828032809149,497.8828032809149,-194.67708643004767,-194.67708643004767,-194.67708643004767,-194.67708643004767,-194.67708643004767,-194.67708643004767,0.0,0.0,0.0,303.20571685086725
6724,1988-09-29,498.0423490874923,263.2979316347604,344.321577524417,498.0423490874923,498.0423490874923,-195.2655396677239,-195.2655396677239,-195.2655396677239,-195.2655396677239,-195.2655396677239,-195.2655396677239,0.0,0.0,0.0,302.77680941976837
6725,1988-09-30,498.2018948940697,259.5908825744151,344.02713123388435,498.2018948940697,498.2018948940697,-195.85183039189835,-195.85183039189835,-195.85183039189835,-195.85183039189835,-195.85183039189835,-195.85183039189835,0.0,0.0,0.0,302.35006450217134
6726,1988-10-03,498.6805323138022,258.8554741260874,341.1032342594599,498.6805323138022,498.6805323138022,-197.59768847500882,-197.59768847500882,-197.59768847500882,-197.59768847500882,-197.59768847500882,-197.59768847500882,0.0,0.0,0.0,301.08284383879334
6727,1988-10-04,498.8400781203796,260.89562824897683,340.56623826260585,498.8400781203796,498.8400781203796,-198.17529033476816,-198.17529033476816,-198.17529033476816,-198.17529033476816,-198.17529033476816,-198.17529033476816,0.0,0.0,0.0,300.66478778561145
6728,1988-10-05,498.999623926957,255.85967633382458,340.7278191220213,498.999623926957,498.999623926957,-198.75071047404398,-198.75071047404398,-198.75071047404398,-198.75071047404398,-198.75071047404398,-198.75071047404398,0.0,0.0,0.0,300.24891345291303
6729,1988-10-06,499.15916973353444,253.77206161696304,339.84109913790843,499.15916973353444,499.15916973353444,-199.32394517059862,-199.32394517059862,-199.32394517059862,-199.32394517059862,-199.32394517059862,-199.32394517059862,0.0,0.0,0.0,299.8352245629358
6730,1988-10-07,499.31871554011184,258.5791019544193,342.61540959305376,499.31871554011184,499.31871554011184,-199.89499074206248,-199.89499074206248,-199.89499074206248,-199.89499074206248,-199.89499074206248,-199.89499074206248,0.0,0.0,0.0,299.42372479804936
6731,1988-10-10,499.7973529598443,254.12812626991655,337.47042830684444,499.7973529598443,499.7973529598443,-201.59495648150875,-201.59495648150875,-201.59495648150875,-201.59495648150875,-201.59495648150875,-201.59495648150875,0.0,0.0,0.0,298.2023964783356
6732,1988-10-11,499.9568987664217,257.1097860608807,337.52333885915004,499.9568987664217,499.9568987664217,-202.15720952839249,-202.15720952839249,-202.15720952839249,-202.15720952839249,-202.15720952839249,-202.15720952839249,0.0,0.0,0.0,297.79968923802926
6733,1988-10-12,500.1164445729993,256.51251335664546,338.28313015792963,500.1164445729993,500.1164445729993,-202.71725563846707,-202.71725563846707,-202.71725563846707,-202.71725563846707,-202.71725563846707,-202.71725563846707,0.0,0.0,0.0,297.3991889345322
6734,1988-10-13,500.2759903795769,258.32344397824,338.0195402785242,500.2759903795769,500.2759903795769,-203.27509136982368,-203.27509136982368,-203.27509136982368,-203.27509136982368,-203.27509136982368,-203.27509136982368,0.0,0.0,0.0,297.0008990097532
6735,1988-10-14,500.4355361861545,251.9111027162201,337.56298658912857,500.4355361861545,500.4355361861545,-203.83071332083037,-203.83071332083037,-203.83071332083037,-203.83071332083037,-203.83071332083037,-203.83071332083037,0.0,0.0,0.0,296.6048228653241
6736,1988-10-17,500.9141736058868,250.7726084601551,337.03063382075214,500.9141736058868,500.9141736058868,-205.48426308074434,-205.48426308074434,-205.48426308074434,-205.48426308074434,-205.48426308074434,-205.48426308074434,0.0,0.0,0.0,295.4299105251424
6737,1988-10-18,501.07371941246436,249.97674615625888,333.3268169324209,501.07371941246436,501.07371941246436,-206.03099670147637,-206.03099670147637,-206.03099670147637,-206.03099670147637,-206.03099670147637,-206.03099670147637,0.0,0.0,0.0,295.04272271098796
6738,1988-10-19,501.23326521904175,253.60953476807464,334.38183350369945,501.23326521904175,501.23326521904175,-206.5755001397377,-206.5755001397377,-206.5755001397377,-206.5755001397377,-206.5755001397377,-206.5755001397377,0.0,0.0,0.0,294.65776507930406
6739,1988-10-20,501.3928110256192,252.10797226158132,333.9212452930158,501.3928110256192,501.3928110256192,-207.11777023667136,-207.11777023667136,-207.11777023667136,-207.11777023667136,-207.11777023667136,-207.11777023667136,0.0,0.0,0.0,294.2750407889479
6740,1988-10-21,501.5523568321966,252.31156336344057,334.6926165145023,501.5523568321966,501.5523568321966,-207.6578038740589,-207.6578038740589,-207.6578038740589,-207.6578038740589,-207.6578038740589,-207.6578038740589,0.0,0.0,0.0,293.8945529581377
6741,1988-10-24,502.03099425192903,252.05949500372003,336.19099797185294,502.03099425192903,502.03099425192903,-209.26445545734236,-209.26445545734236,-209.26445545734236,-209.26445545734236,-209.26445545734236,-209.26445545734236,0.0,0.0,0.0,292.76653879458667
6742,1988-10-25,502.1905400585065,249.87928026455222,333.59641820915533,502.1905400585065,502.1905400585065,-209.7955128887867,-209.7955128887867,-209.7955128887867,-209.7955128887867,-209.7955128887867,-209.7955128887867,0.0,0.0,0.0,292.3950271697198
6743,1988-10-26,502.3500858650839,251.18802657414287,335.08952576188744,502.3500858650839,502.3500858650839,-210.32431888080689,-210.32431888080689,-210.32431888080689,-210.32431888080689,-210.32431888080689,-210.32431888080689,0.0,0.0,0.0,292.02576698427697
6744,1988-10-27,502.50963167166134,249.46406996310984,333.59310409098543,502.5096316716613,502.5096316716613,-210.85087055998196,-210.85087055998196,-210.85087055998196,-210.85087055998196,-210.85087055998196,-210.85087055998196,0.0,0.0,0.0,291.6587611116794
6745,1988-10-28,502.6691774782391,248.28787509047504,334.82740354145335,502.6691774782391,502.6691774782391,-211.37516509384156,-211.37516509384156,-211.37516509384156,-211.37516509384156,-211.37516509384156,-211.37516509384156,0.0,0.0,0.0,291.29401238439755
6746,1988-10-31,503.1478148979715,250.7154174483382,333.42251248742633,503.1478148979715,503.1478148979715,-212.93447811394822,-212.93447811394822,-212.93447811394822,-212.93447811394822,-212.93447811394822,-212.93447811394822,0.0,0.0,0.0,290.2133367840233
6747,1988-11-01,503.30736070454896,246.89378423384554,332.54503595552023,503.30736070454896,503.30736070454896,-213.44971656227486,-213.44971656227486,-213.44971656227486,-213.44971656227486,-213.44971656227486,-213.44971656227486,0.0,0.0,0.0,289.8576441422741
6748,1988-11-02,503.46690651112635,247.20021047538654,328.73627594491717,503.46690651112635,503.46690651112635,-213.96268431859184,-213.96268431859184,-213.96268431859184,-213.96268431859184,-213.96268431859184,-213.96268431859184,0.0,0.0,0.0,289.5042221925345
6749,1988-11-03,503.626452317704,248.73591814443705,332.2271968853993,503.626452317704,503.626452317704,-214.47337879695462,-214.47337879695462,-214.47337879695462,-214.47337879695462,-214.47337879695462,-214.47337879695462,0.0,0.0,0.0,289.15307352074933
6750,1988-11-04,503.7859981242814,247.97108490252174,331.0682880713521,503.7859981242814,503.7859981242814,-214.98179745263218,-214.98179745263218,-214.98179745263218,-214.98179745263218,-214.98179745263218,-214.98179745263218,0.0,0.0,0.0,288.8042006716492
6751,1988-11-07,504.26463554401363,244.2077116227047,328.85343133952597,504.26463554401363,504.26463554401363,-216.49337365517272,-216.49337365517272,-216.49337365517272,-216.49337365517272,-216.49337365517272,-216.49337365517272,0.0,0.0,0.0,287.7712618888409
6752,1988-11-08,504.42418135059125,245.76556312687202,326.9041687568023,504.4241813505913,504.4241813505913,-216.9926643982541,-216.9926643982541,-216.9926643982541,-216.9926643982541,-216.9926643982541,-216.9926643982541,0.0,0.0,0.0,287.4315169523371
6753,1988-11-09,504.58372715716865,245.506951691519,329.35715072233916,504.58372715716865,504.58372715716865,-217.48966721435676,-217.48966721435676,-217.48966721435676,-217.48966721435676,-217.48966721435676,-217.48966721435676,0.0,0.0,0.0,287.0940599428119
6754,1988-11-10,504.7432729637461,246.08873469447946,329.4000375200859,504.7432729637461,504.7432729637461,-217.98437980670622,-217.98437980670622,-217.98437980670622,-217.98437980670622,-217.98437980670622,-217.98437980670622,0.0,0.0,0.0,286.7588931570399
6755,1988-11-11,504.9028187703235,241.16316543960846,326.251448570881,504.9028187703235,504.9028187703235,-218.47679991995824,-218.47679991995824,-218.47679991995824,-218.47679991995824,-218.47679991995824,-218.47679991995824,0.0,0.0,0.0,286.42601885036527
6756,1988-11-14,505.3814561900561,241.56637308595035,327.01730462641575,505.3814561900561,505.3814561900561,-219.94028345364046,-219.94028345364046,-219.94028345364046,-219.94028345364046,-219.94028345364046,-219.94028345364046,0.0,0.0,0.0,285.44117273641564
6757,1988-11-15,505.54100199663355,239.9287646771767,327.6807378184284,505.54100199663355,505.54100199663355,-220.4235119265113,-220.4235119265113,-220.4235119265113,-220.4235119265113,-220.4235119265113,-220.4235119265113,0.0,0.0,0.0,285.11749007012224
6758,1988-11-16,505.7005478032113,246.67840421576793,323.71418722897573,505.7005478032113,505.7005478032113,-220.90443726586994,-220.90443726586994,-220.90443726586994,-220.90443726586994,-220.90443726586994,-220.90443726586994,0.0,0.0,0.0,284.79611053734135
6759,1988-11-17,505.86009360978875,242.62981209851156,327.31297872613504,505.86009360978875,505.86009360978875,-221.3830574654571,-221.3830574654571,-221.3830574654571,-221.3830574654571,-221.3830574654571,-221.3830574654571,0.0,0.0,0.0,284.47703614433163
6760,1988-11-18,506.01963941636615,243.41646367672695,326.7228022338758,506.01963941636615,506.01963941636615,-221.85937056060962,-221.85937056060962,-221.85937056060962,-221.85937056060962,-221.85937056060962,-221.85937056060962,0.0,0.0,0.0,284.1602688557565
6761,1988-11-21,506.4982768360984,242.94328762299673,324.19425391106273,506.4982768360984,506.4982768360984,-223.27444819708145,-223.27444819708145,-223.27444819708145,-223.27444819708145,-223.27444819708145,-223.27444819708145,0.0,0.0,0.0,283.2238286390169
6762,1988-11-22,506.65782264267585,239.70990149118253,324.68476393706345,506.65782264267585,506.65782264267585,-223.741514060333,-223.741514060333,-223.741514060333,-223.741514060333,-223.741514060333,-223.741514060333,0.0,0.0,0.0,282.9163085823428
6763,1988-11-23,506.81736844925325,239.81065763257678,322.5488643493267,506.81736844925325,506.81736844925325,-224.20626362034238,-224.20626362034238,-224.20626362034238,-224.20626362034238,-224.20626362034238,-224.20626362034238,0.0,0.0,0.0,282.61110482891087
6764,1988-11-25,507.1364600624081,238.5961484912742,323.43353895340834,507.1364600624081,507.1364600624081,-225.12880701335496,-225.12880701335496,-225.12880701335496,-225.12880701335496,-225.12880701335496,-225.12880701335496,0.0,0.0,0.0,282.00765304905315
6765,1988-11-28,507.61509748214104,241.54315260141544,320.25264213125115,507.61509748214104,507.61509748214104,-226.49520831559474,-226.49520831559474,-226.49520831559474,-226.49520831559474,-226.49520831559474,-226.49520831559474,0.0,0.0,0.0,281.1198891665463
6766,1988-11-29,507.7746432887185,235.0042519839091,323.6704602208942,507.7746432887185,507.7746432887185,-226.94602550658539,-226.94602550658539,-226.94602550658539,-226.94602550658539,-226.94602550658539,-226.94602550658539,0.0,0.0,0.0,280.8286177821331
6767,1988-11-30,507.9341890952959,239.9127217179541,321.9836374554196,507.9341890952959,507.9341890952959,-227.39451526731676,-227.39451526731676,-227.39451526731676,-227.39451526731676,-227.39451526731676,-227.39451526731676,0.0,0.0,0.0,280.53967382797913
6768,1988-12-01,508.09373490187335,238.76924323776547,323.82501425763684,508.09373490187335,508.09373490187335,-227.84067617519614,-227.84067617519614,-227.84067617519614,-227.84067617519614,-227.84067617519614,-227.84067617519614,0.0,0.0,0.0,280.2530587266772
6769,1988-12-02,508.25328070845075,237.03155310755653,317.3885311197978,508.25328070845075,508.25328070845075,-228.28450684940282,-228.28450684940282,-228.28450684940282,-228.28450684940282,-228.28450684940282,-228.28450684940282,0.0,0.0,0.0,279.96877385904793
6770,1988-12-05,508.731918128183,240.39460378873628,321.80121633847057,508.731918128183,508.731918128183,-229.60200428837754,-229.60200428837754,-229.60200428837754,-229.60200428837754,-229.60200428837754,-229.60200428837754,0.0,0.0,0.0,279.12991383980545
6771,1988-12-06,508.89146393476045,238.45334461242481,321.3941613282562,508.89146393476045,508.89146393476045,-230.0365010551792,-230.0365010551792,-230.0365010551792,-230.0365010551792,-230.0365010551792,-230.0365010551792,0.0,0.0,0.0,278.85496287958125
6772,1988-12-07,509.0510097413382,235.5636995533093,319.92590667835896,509.0510097413382,509.0510097413382,-230.4686613108528,-230.4686613108528,-230.4686613108528,-230.4686613108528,-230.4686613108528,-230.4686613108528,0.0,0.0,0.0,278.58234843048535
6773,1988-12-08,509.21055554791565,238.8648600583704,320.2269319780366,509.21055554791565,509.21055554791565,-230.89848392525033,-230.89848392525033,-230.89848392525033,-230.89848392525033,-230.89848392525033,-230.89848392525033,0.0,0.0,0.0,278.3120716226653
6774,1988-12-09,509.37010135449304,234.6671825574311,320.7003189894391,509.37010135449304,509.37010135449304,-231.3259678100048,-231.3259678100048,-231.3259678100048,-231.3259678100048,-231.3259678100048,-231.3259678100048,0.0,0.0,0.0,278.0441335444882
6775,1988-12-12,509.84873877422564,236.96349284480632,317.9035443456629,509.84873877422564,509.84873877422564,-232.59437682938864,-232.59437682938864,-232.59437682938864,-232.59437682938864,-232.59437682938864,-232.59437682938864,0.0,0.0,0.0,277.254361944837
6776,1988-12-13,510.0082845808031,238.78660157557186,317.9429174051632,510.0082845808031,510.0082845808031,-233.0124957474038,-233.0124957474038,-233.0124957474038,-233.0124957474038,-233.0124957474038,-233.0124957474038,0.0,0.0,0.0,276.9957888333993
6777,1988-12-14,510.1678303873805,236.71215210502322,319.7107189907701,510.1678303873805,510.1678303873805,-233.4282711205286,-233.4282711205286,-233.4282711205286,-233.4282711205286,-233.4282711205286,-233.4282711205286,0.0,0.0,0.0,276.73955926685187
6778,1988-12-15,510.3273761939579,234.22733250844522,318.3709489245165,510.3273761939579,510.3273761939579,-233.84170211099203,-233.84170211099203,-233.84170211099203,-233.84170211099203,-233.84170211099203,-233.84170211099203,0.0,0.0,0.0,276.48567408296583
6779,1988-12-16,510.48692200053534,234.98751162955372,320.3305956257516,510.48692200053534,510.48692200053534,-234.25278792276572,-234.25278792276572,-234.25278792276572,-234.25278792276572,-234.25278792276572,-234.25278792276572,0.0,0.0,0.0,276.2341340777696
6780,1988-12-19,510.96555942026794,235.35143262084887,316.0435410814633,510.96555942026794,510.96555942026794,-235.4719669515865,-235.4719669515865,-235.4719669515865,-235.4719669515865,-235.4719669515865,-235.4719669515865,0.0,0.0,0.0,275.4935924686814
6781,1988-12-20,511.1251052268454,233.20357414097077,317.3794662879782,511.1251052268454,511.1251052268454,-235.87366492280114,-235.87366492280114,-235.87366492280114,-235.87366492280114,-235.87366492280114,-235.87366492280114,0.0,0.0,0.0,275.25144030404425
6782,1988-12-21,511.2846510334228,232.420895260302,313.85490744558086,511.2846510334228,511.2846510334228,-236.2730143609429,-236.2730143609429,-236.2730143609429,-236.2730143609429,-236.2730143609429,-236.2730143609429,0.0,0.0,0.0,275.0116366724799
6783,1988-12-22,511.4441968400002,231.60898324757466,314.6761610437281,511.4441968400002,511.4441968400002,-236.67001472019768,-236.67001472019768,-236.67001472019768,-236.67001472019768,-236.67001472019768,-236.67001472019768,0.0,0.0,0.0,274.7741821198025
6784,1988-12-23,511.60374264657764,233.95607720146643,317.3511613006488,511.60374264657764,511.60374264657764,-237.06466549640476,-237.06466549640476,-237.06466549640476,-237.06466549640476,-237.06466549640476,-237.06466549640476,0.0,0.0,0.0,274.5390771501729
6785,1988-12-27,512.2419258728877,231.65203338098252,314.7875678295286,512.2419258728877,512.2419258728877,-238.61976414442162,-238.61976414442162,-238.61976414442162,-238.61976414442162,-238.61976414442162,-238.61976414442162,0.0,0.0,0.0,273.62216172846604
6786,1988-12-28,512.4014716794654,230.57658632473675,315.49237879046535,512.4014716794654,512.4014716794654,-239.0026608995966,-239.0026608995966,-239.0026608995966,-239.0026608995966,-239.0026608995966,-239.0026608995966,0.0,0.0,0.0,273.3988107798688
6787,1988-12-29,512.5610174860428,230.46431197494724,315.1887292528591,512.5610174860428,512.5610174860428,-239.3832059204568,-239.3832059204568,-239.3832059204568,-239.3832059204568,-239.3832059204568,-239.3832059204568,0.0,0.0,0.0,273.177811565586
6788,1988-12-30,512.7205632926202,231.57036728473238,314.3488388720745,512.7205632926202,512.7205632926202,-239.76139899388482,-239.76139899388482,-239.76139899388482,-239.76139899388482,-239.76139899388482,-239.76139899388482,0.0,0.0,0.0,272.9591642987354
6789,1989-01-03,513.3587465189299,230.3283288092146,312.99972055827857,513.3587465189299,513.3587465189299,-241.2506490024812,-241.2506490024812,-241.2506490024812,-241.2506490024812,-241.2506490024812,-241.2506490024812,0.0,0.0,0.0,272.10809751644877
6790,1989-01-04,513.5182923255073,229.63869259190648,316.7828699857108,513.5182923255073,513.5182923255073,-241.61708059319025,-241.61708059319025,-241.61708059319025,-241.61708059319025,-241.61708059319025,-241.61708059319025,0.0,0.0,0.0,271.90121173231705
6791,1989-01-05,513.6778381320848,232.29136033538967,314.8309634150083,513.6778381320848,513.6778381320848,-241.98115982811655,-241.98115982811655,-241.98115982811655,-241.98115982811655,-241.98115982811655,-241.98115982811655,0.0,0.0,0.0,271.69667830396827
6792,1989-01-06,513.8373839386622,229.64710542034015,311.7975456686974,513.8373839386622,513.8373839386622,-242.34288678400594,-242.34288678400594,-242.34288678400594,-242.34288678400594,-242.34288678400594,-242.34288678400594,0.0,0.0,0.0,271.4944971546563
6793,1989-01-09,514.3160213583949,231.41768131277382,310.6338423290012,514.3160213583949,514.3160213583949,-243.41395536407887,-243.41395536407887,-243.41395536407887,-243.41395536407887,-243.41395536407887,-243.41395536407887,0.0,0.0,0.0,270.902065994316
6794,1989-01-10,514.4755671649723,231.28304135610597,310.9155057047068,514.4755671649723,514.4755671649723,-243.76627479661602,-243.76627479661602,-243.76627479661602,-243.76627479661602,-243.76627479661602,-243.76627479661602,0.0,0.0,0.0,270.7092923683563
6795,1989-01-11,514.63511297155,230.98855934744532,309.2431345622402,514.63511297155,514.63511297155,-244.1162429525611,-244.1162429525611,-244.1162429525611,-244.1162429525611,-244.1162429525611,-244.1162429525611,0.0,0.0,0.0,270.51887001898893
6796,1989-01-12,514.7946587781274,229.19956554852058,313.02380432928044,514.7946587781274,514.7946587781274,-244.46386015590718,-244.46386015590718,-244.46386015590718,-244.46386015590718,-244.46386015590718,-244.46386015590718,0.0,0.0,0.0,270.33079862222024
6797,1989-01-13,514.9542045847048,228.12329729749166,312.2586204521761,514.9542045847048,514.9542045847048,-244.80912677173313,-244.80912677173313,-244.80912677173313,-244.80912677173313,-244.80912677173313,-244.80912677173313,0.0,0.0,0.0,270.1450778129717
6798,1989-01-16,515.4328420044371,227.99458228130604,307.96501529601096,515.4328420044371,515.4328420044371,-245.83082736029047,-245.83082736029047,-245.83082736029047,-245.83082736029047,-245.83082736029047,-245.83082736029047,0.0,0.0,0.0,269.60201464414666
6799,1989-01-17,515.5923878110145,226.34498637863504,308.7215764377237,515.5923878110145,515.5923878110145,-246.16669609710547,-246.16669609710547,-246.16669609710547,-246.16669609710547,-246.16669609710547,-246.16669609710547,0.0,0.0,0.0,269.42569171390903
6800,1989-01-18,515.7519336175923,229.56287306478453,313.87906240054946,515.7519336175923,515.7519336175923,-246.50021668665707,-246.50021668665707,-246.50021668665707,-246.50021668665707,-246.50021668665707,-246.50021668665707,0.0,0.0,0.0,269.25171693093523
6801,1989-01-19,515.9114794241698,228.2360158616758,310.72140274661035,515.9114794241698,515.9114794241698,-246.83138973968067,-246.83138973968067,-246.83138973968067,-246.83138973968067,-246.83138973968067,-246.83138973968067,0.0,0.0,0.0,269.0800896844891
6802,1989-01-20,516.0710252307472,230.0796345937108,307.15963253970017,516.0710252307472,516.0710252307472,-247.16021590770666,-247.16021590770666,-247.16021590770666,-247.16021590770666,-247.16021590770666,-247.16021590770666,0.0,0.0,0.0,268.91080932304055
6803,1989-01-23,516.5496626504794,225.37757689831983,308.36625767374517,516.5496626504794,516.5496626504794,-248.1326202280304,-248.1326202280304,-248.1326202280304,-248.1326202280304,-248.1326202280304,-248.1326202280304,0.0,0.0,0.0,268.41704242244896
6804,1989-01-24,516.7092084570569,226.7001214523515,308.4639901641083,516.7092084570569,516.7092084570569,-248.45206618561448,-248.45206618561448,-248.45206618561448,-248.45206618561448,-248.45206618561448,-248.45206618561448,0.0,0.0,0.0,268.2571422714424
6805,1989-01-25,516.8687542636343,224.55726694044435,314.76152055740476,516.8687542636343,516.8687542636343,-248.76916912612245,-248.76916912612245,-248.76916912612245,-248.76916912612245,-248.76916912612245,-248.76916912612245,0.0,0.0,0.0,268.09958513751184
6806,1989-01-26,517.0283000702117,225.90124720632323,313.01471085431047,517.0283000702117,517.0283000702117,-249.08392994485422,-249.08392994485422,-249.08392994485422,-249.08392994485422,-249.08392994485422,-249.08392994485422,0.0,0.0,0.0,267.94437012535747
6807,1989-01-27,517.1878458767894,226.78846662140424,308.67125968562596,517.1878458767894,517.1878458767894,-249.39634957756311,-249.39634957756311,-249.39634957756311,-249.39634957756311,-249.39634957756311,-249.39634957756311,0.0,0.0,0.0,267.7914962992263
6808,1989-01-30,517.6664832965221,222.9495021892454,307.80134220581414,517.6664832965221,517.6664832965221,-250.31957132279703,-250.31957132279703,-250.31957132279703,-250.31957132279703,-250.31957132279703,-250.31957132279703,0.0,0.0,0.0,267.346911973725
6809,1989-01-31,517.8260291030995,223.61872224558107,310.68192304371075,517.8260291030995,517.8260291030995,-250.62263637617795,-250.62263637617795,-250.62263637617795,-250.62263637617795,-250.62263637617795,-250.62263637617795,0.0,0.0,0.0,267.2033927269215
6810,1989-02-01,517.9855749096769,225.53889337534872,305.01029800420827,517.9855749096769,517.9855749096769,-250.92336552724336,-250.92336552724336,-250.92336552724336,-250.92336552724336,-250.92336552724336,-250.92336552724336,0.0,0.0,0.0,267.0622093824335
6811,1989-02-02,518.1451207162544,225.60508753378332,306.42969995523805,518.1451207162544,518.1451207162544,-251.2217599533352,-251.2217599533352,-251.2217599533352,-251.2217599533352,-251.2217599533352,-251.2217599533352,0.0,0.0,0.0,266.9233607629192
6812,1989-02-03,518.3046665228318,224.45404066800683,308.000771851263,518.3046665228318,518.3046665228318,-251.51782087185796,-251.51782087185796,-251.51782087185796,-251.51782087185796,-251.51782087185796,-251.51782087185796,0.0,0.0,0.0,266.7868456509738
6813,1989-02-06,518.783303942564,223.65758663548863,306.2004237880819,518.783303942564,518.783303942564,-252.39201535580762,-252.39201535580762,-252.39201535580762,-252.39201535580762,-252.39201535580762,-252.39201535580762,0.0,0.0,0.0,266.39128858675633
6814,1989-02-07,518.9428497491418,226.0645567738746,307.8552152278179,518.9428497491418,518.9428497491418,-252.67875521733006,-252.67875521733006,-252.67875521733006,-252.67875521733006,-252.67875521733006,-252.67875521733006,0.0,0.0,0.0,266.2640945318118
6815,1989-02-08,519.1023955557192,224.5878369507366,306.97223671031924,519.1023955557192,519.1023955557192,-252.96316825718273,-252.96316825718273,-252.96316825718273,-252.96316825718273,-252.96316825718273,-252.96316825718273,0.0,0.0,0.0,266.1392272985365
6816,1989-02-09,519.2619413622966,224.98987848155085,310.15249113603625,519.2619413622966,519.2619413622966,-253.2452559318839,-253.2452559318839,-253.2452559318839,-253.2452559318839,-253.2452559318839,-253.2452559318839,0.0,0.0,0.0,266.01668543041274
6817,1989-02-10,519.421487168874,222.31062304370073,306.86147817301855,519.421487168874,519.421487168874,-253.5250197375771,-253.5250197375771,-253.5250197375771,-253.5250197375771,-253.5250197375771,-253.5250197375771,0.0,0.0,0.0,265.8964674312969
6818,1989-02-13,519.9001245886067,223.50437408428112,305.5617439856695,519.9001245886067,519.9001245886067,-254.3503834950998,-254.3503834950998,-254.3503834950998,-254.3503834950998,-254.3503834950998,-254.3503834950998,0.0,0.0,0.0,265.5497410935069
6819,1989-02-14,520.0596703951841,223.09247129591904,307.7515456737067,520.0596703951841,520.0596703951841,-254.6208675764513,-254.6208675764513,-254.6208675764513,-254.6208675764513,-254.6208675764513,-254.6208675764513,0.0,0.0,0.0,265.43880281873277
6820,1989-02-15,520.2192162017615,224.19863039095702,305.3332716501733,520.2192162017615,520.2192162017615,-254.88903586159648,-254.88903586159648,-254.88903586159648,-254.88903586159648,-254.88903586159648,-254.88903586159648,0.0,0.0,0.0,265.330180340165
6821,1989-02-16,520.378762008339,224.78145843226525,309.821519245315,520.378762008339,520.378762008339,-255.15489008302762,-255.15489008302762,-255.15489008302762,-255.15489008302762,-255.15489008302762,-255.15489008302762,0.0,0.0,0.0,265.22387192531136
6822,1989-02-17,520.5383078149164,223.3598822706991,309.0720884509211,520.5383078149164,520.5383078149164,-255.41843201237756,-255.41843201237756,-255.41843201237756,-255.41843201237756,-255.41843201237756,-255.41843201237756,0.0,0.0,0.0,265.1198758025388
6823,1989-02-21,521.1764910412264,221.08100104535606,306.97556358427994,521.1764910412264,521.1764910412264,-256.4495136075814,-256.4495136075814,-256.4495136075814,-256.4495136075814,-256.4495136075814,-256.4495136075814,0.0,0.0,0.0,264.726977433645
6824,1989-02-22,521.3360368478038,222.083604346227,303.97444312848876,521.3360368478038,521.3360368478038,-256.7015220159131,-256.7015220159131,-256.7015220159131,-256.7015220159131,-256.7015220159131,-256.7015220159131,0.0,0.0,0.0,264.6345148318907
6825,1989-02-23,521.4955826543812,221.30965348946847,305.8144608350249,521.4955826543812,521.4955826543812,-256.95122957983307,-256.95122957983307,-256.95122957983307,-256.95122957983307,-256.95122957983307,-256.95122957983307,0.0,0.0,0.0,264.54435307454816
6826,1989-02-24,521.6551284609586,221.85481879969757,307.13337221593423,521.6551284609586,521.6551284609586,-257.1986383428821,-257.1986383428821,-257.1986383428821,-257.1986383428821,-257.1986383428821,-257.1986383428821,0.0,0.0,0.0,264.45649011807654
6827,1989-02-27,522.1337658806913,223.6549740558286,304.4465176044533,522.1337658806913,522.1337658806913,-257.9270928397131,-257.9270928397131,-257.9270928397131,-257.9270928397131,-257.9270928397131,-257.9270928397131,0.0,0.0,0.0,264.20667304097816
6828,1989-02-28,522.2933116872687,224.93807156525307,304.22165141515654,522.2933116872687,522.2933116872687,-258.16532760411803,-258.16532760411803,-258.16532760411803,-258.16532760411803,-258.16532760411803,-258.16532760411803,0.0,0.0,0.0,264.12798408315064
6829,1989-03-01,522.4528574938464,222.99021075180866,307.4104543925427,522.4528574938464,522.4528574938464,-258.4012743617121,-258.4012743617121,-258.4012743617121,-258.4012743617121,-258.4012743617121,-258.4012743617121,0.0,0.0,0.0,264.0515831321343
6830,1989-03-02,522.6124033004239,219.35797197227492,305.81832278878306,522.6124033004239,522.6124033004239,-258.634935386,-258.634935386,-258.634935386,-258.634935386,-258.634935386,-258.634935386,0.0,0.0,0.0,263.9774679144239
6831,1989-03-03,522.7719491070013,221.53654867361743,306.39525337467643,522.7719491070013,522.7719491070013,-258.86631298851955,-258.86631298851955,-258.86631298851955,-258.86631298851955,-258.86631298851955,-258.86631298851955,0.0,0.0,0.0,263.90563611848177
6832,1989-03-06,523.2505865267335,220.21434846360367,302.1118789290473,523.2505865267335,523.2505865267335,-259.5467689495332,-259.5467689495332,-259.5467689495332,-259.5467689495332,-259.5467689495332,-259.5467689495332,0.0,0.0,0.0,263.7038175772003
6833,1989-03-07,523.410132333311,218.6087274717614,303.59480180279127,523.410132333311,523.410132333311,-259.76903673799035,-259.76903673799035,-259.76903673799035,-259.76903673799035,-259.76903673799035,-259.76903673799035,0.0,0.0,0.0,263.6410955953207
6834,1989-03-08,523.5696781398884,223.7894915068986,302.23949782923887,523.5696781398884,523.5696781398884,-259.98903322981846,-259.98903322981846,-259.98903322981846,-259.98903322981846,-259.98903322981846,-259.98903322981846,0.0,0.0,0.0,263.58064491006996
6835,1989-03-09,523.7292239464658,222.74091424039688,306.075703000648,523.7292239464658,523.7292239464658,-260.2067609629109,-260.2067609629109,-260.2067609629109,-260.2067609629109,-260.2067609629109,-260.2067609629109,0.0,0.0,0.0,263.52246298355493
6836,1989-03-10,523.8887697530436,221.17793782986004,305.52468444231806,523.8887697530436,523.8887697530436,-260.42222251257095,-260.42222251257095,-260.42222251257095,-260.42222251257095,-260.42222251257095,-260.42222251257095,0.0,0.0,0.0,263.4665472404726
6837,1989-03-13,524.3674071727762,221.09270859643414,305.35575146993034,524.3674071727762,524.3674071727762,-261.05503637317474,-261.05503637317474,-261.05503637317474,-261.05503637317474,-261.05503637317474,-261.05503637317474,0.0,0.0,0.0,263.31237079960147
6838,1989-03-14,524.5269529793536,222.29566012022036,307.6336165377159,524.5269529793536,524.5269529793536,-261.2614596870596,-261.2614596870596,-261.2614596870596,-261.2614596870596,-261.2614596870596,-261.2614596870596,0.0,0.0,0.0,263.265493292294
6839,1989-03-15,524.686498785931,220.572575611612,300.9940037779318,524.686498785931,524.686498785931,-261.4656302518905,-261.4656302518905,-261.4656302518905,-261.4656302518905,-261.4656302518905,-261.4656302518905,0.0,0.0,0.0,263.2208685340405
6840,1989-03-16,524.8460445925085,221.3936936402107,306.8803471720075,524.8460445925085,524.8460445925085,-261.66755086544697,-261.66755086544697,-261.66755086544697,-261.66755086544697,-261.66755086544697,-261.66755086544697,0.0,0.0,0.0,263.17849372706155
6841,1989-03-17,525.0055903990859,224.9674012348524,306.49992216876257,525.0055903990859,525.0055903990859,-261.8672243622491,-261.8672243622491,-261.8672243622491,-261.8672243622491,-261.8672243622491,-261.8672243622491,0.0,0.0,0.0,263.1383660368368
6842,1989-03-20,525.4842278188181,221.06392285694736,303.09171434340374,525.4842278188181,525.4842278188181,-262.4527910463586,-262.4527910463586,-262.4527910463586,-262.4527910463586,-262.4527910463586,-262.4527910463586,0.0,0.0,0.0,263.03143677245953
6843,1989-03-21,525.643773625396,220.4987848589716,304.6054022597508,525.643773625396,525.643773625396,-262.643505152674,-262.643505152674,-262.643505152674,-262.643505152674,-262.643505152674,-262.643505152674,0.0,0.0,0.0,263.000268472722
6844,1989-03-22,525.8033194319734,220.83491552392297,303.13454523823054,525.8033194319734,525.8033194319734,-262.8319868624477,-262.8319868624477,-262.8319868624477,-262.8319868624477,-262.8319868624477,-262.8319868624477,0.0,0.0,0.0,262.97133256952566
6845,1989-03-23,525.9628652385508,219.1086904123218,304.36037136332544,525.9628652385508,525.9628652385508,-263.0182392285312,-263.0182392285312,-263.0182392285312,-263.0182392285312,-263.0182392285312,-263.0182392285312,0.0,0.0,0.0,262.9446260100196
6846,1989-03-27,526.6010484648605,221.3538080717075,304.14298767990743,526.6010484648605,526.6010484648605,-263.74101757176635,-263.74101757176635,-263.74101757176635,-263.74101757176635,-263.74101757176635,-263.74101757176635,0.0,0.0,0.0,262.8600308930941
6847,1989-03-28,526.7605942714382,224.25327612915066,305.77869816958054,526.7605942714382,526.7605942714382,-263.91617026945704,-263.91617026945704,-263.91617026945704,-263.91617026945704,-263.91617026945704,-263.91617026945704,0.0,0.0,0.0,262.84442400198117
6848,1989-03-29,526.9201400780156,221.31512024220388,303.4731088228202,526.9201400780156,526.9201400780156,-264.0891126934431,-264.0891126934431,-264.0891126934431,-264.0891126934431,-264.0891126934431,-264.0891126934431,0.0,0.0,0.0,262.8310273845725
6849,1989-03-30,527.079685884593,221.0932498167159,302.2953500879158,527.079685884593,527.079685884593,-264.2598481465312,-264.2598481465312,-264.2598481465312,-264.2598481465312,-264.2598481465312,-264.2598481465312,0.0,0.0,0.0,262.8198377380618
6850,1989-03-31,527.2392316911705,220.07932045399374,302.88497164985563,527.2392316911705,527.2392316911705,-264.42837996680066,-264.42837996680066,-264.42837996680066,-264.42837996680066,-264.42837996680066,-264.42837996680066,0.0,0.0,0.0,262.81085172436985
6851,1989-04-03,527.717869110903,220.60079193985098,302.9972708317041,527.717869110903,527.717869110903,-264.92078753824165,-264.92078753824165,-264.92078753824165,-264.92078753824165,-264.92078753824165,-264.92078753824165,0.0,0.0,0.0,262.7970815726614
6852,1989-04-04,527.8774149174806,221.59113034175166,305.30020051884594,527.8774149174806,527.8774149174806,-265.08053890957234,-265.08053890957234,-265.08053890957234,-265.08053890957234,-265.08053890957234,-265.08053890957234,0.0,0.0,0.0,262.7968760079082
6853,1989-04-05,528.036960724058,222.42206095325793,305.5071763388288,528.036960724058,528.036960724058,-265.23810386364596,-265.23810386364596,-265.23810386364596,-265.23810386364596,-265.23810386364596,-265.23810386364596,0.0,0.0,0.0,262.798856860412
6854,1989-04-06,528.1965065306354,221.06581578380013,305.4638544756685,528.1965065306354,528.1965065306354,-265.39348594781023,-265.39348594781023,-265.39348594781023,-265.39348594781023,-265.39348594781023,-265.39348594781023,0.0,0.0,0.0,262.8030205828251
6855,1989-04-07,528.3560523372128,223.0386782134722,303.85386649465147,528.3560523372128,528.3560523372128,-265.54668874388824,-265.54668874388824,-265.54668874388824,-265.54668874388824,-265.54668874388824,-265.54668874388824,0.0,0.0,0.0,262.8093635933245
6856,1989-04-10,528.8346897569454,223.69567914558675,303.94444122129937,528.8346897569454,528.8346897569454,-265.9932577365066,-265.9932577365066,-265.9932577365066,-265.9932577365066,-265.9932577365066,-265.9932577365066,0.0,0.0,0.0,262.8414320204388
6857,1989-04-11,528.9942355635228,221.15289833823186,304.1760335169531,528.9942355635228,528.9942355635228,-266.1377798838652,-266.1377798838652,-266.1377798838652,-266.1377798838652,-266.1377798838652,-266.1377798838652,0.0,0.0,0.0,262.8564556796576
6858,1989-04-12,529.1537813701005,221.75382355548263,301.7482016512509,529.1537813701005,529.1537813701005,-266.2801411652558,-266.2801411652558,-266.2801411652558,-266.2801411652558,-266.2801411652558,-266.2801411652558,0.0,0.0,0.0,262.8736402048447
6859,1989-04-13,529.313327176678,220.94615122233876,300.84985591211483,529.313327176678,529.313327176678,-266.4203453668644,-266.4203453668644,-266.4203453668644,-266.4203453668644,-266.4203453668644,-266.4203453668644,0.0,0.0,0.0,262.89298180981353
6860,1989-04-14,529.4728729832555,220.73012401948532,304.745814717111,529.4728729832555,529.4728729832555,-266.55839630851546,-266.55839630851546,-266.55839630851546,-266.55839630851546,-266.55839630851546,-266.55839630851546,0.0,0.0,0.0,262.91447667474
6861,1989-04-17,529.9515104029877,224.45192075696272,304.4913868051731,529.9515104029877,529.9515104029877,-266.95966827393795,-266.95966827393795,-266.95966827393795,-266.95966827393795,-266.95966827393795,-266.95966827393795,0.0,0.0,0.0,262.9918421290497
6862,1989-04-18,530.111056209565,218.88313647668028,306.3999699282179,530.111056209565,530.111056209565,-267.08914504243074,-267.08914504243074,-267.08914504243074,-267.08914504243074,-267.08914504243074,-267.08914504243074,0.0,0.0,0.0,263.0219111671343
6863,1989-04-19,530.2706020161426,220.10488545073875,302.756816394213,530.2706020161426,530.2706020161426,-267.21648815032114,-267.21648815032114,-267.21648815032114,-267.21648815032114,-267.21648815032114,-267.21648815032114,0.0,0.0,0.0,263.0541138658214
6864,1989-04-20,530.43014782272,221.29354994516459,304.79109641768275,530.43014782272,530.43014782272,-267.3417016166488,-267.3417016166488,-267.3417016166488,-267.3417016166488,-267.3417016166488,-267.3417016166488,0.0,0.0,0.0,263.0884462060712
6865,1989-04-21,530.5896936292977,220.77023657484042,305.2001630173187,530.5896936292977,530.5896936292977,-267.46478949321613,-267.46478949321613,-267.46478949321613,-267.46478949321613,-267.46478949321613,-267.46478949321613,0.0,0.0,0.0,263.12490413608157
6866,1989-04-24,531.06833104903,223.23391603630574,303.8541832779531,531.06833104903,531.06833104903,-267.82134059107364,-267.82134059107364,-267.82134059107364,-267.82134059107364,-267.82134059107364,-267.82134059107364,0.0,0.0,0.0,263.2469904579564
6867,1989-04-25,531.2278768556074,218.03883670631356,303.1228941663676,531.2278768556074,531.2278768556074,-267.9359672773113,-267.9359672773113,-267.9359672773113,-267.9359672773113,-267.9359672773113,-267.9359672773113,0.0,0.0,0.0,263.2919095782961
6868,1989-04-26,531.3874226621848,221.5786648818839,301.9136048721691,531.3874226621848,531.3874226621848,-268.04848911968134,-268.04848911968134,-268.04848911968134,-268.04848911968134,-268.04848911968134,-268.04848911968134,0.0,0.0,0.0,263.33893354250347
6869,1989-04-27,531.5469684687625,222.64556128557874,303.9923158148919,531.5469684687625,531.5469684687625,-268.15891036382266,-268.15891036382266,-268.15891036382266,-268.15891036382266,-268.15891036382266,-268.15891036382266,0.0,0.0,0.0,263.3880581049399
6870,1989-04-28,531.70651427534,222.50786770353702,306.4425991796703,531.70651427534,531.70651427534,-268.2672352872215,-268.2672352872215,-268.2672352872215,-268.2672352872215,-268.2672352872215,-268.2672352872215,0.0,0.0,0.0,263.43927898811853
6871,1989-05-01,532.1851516950722,222.8167930093068,308.72789185468724,532.1851516950722,532.1851516950722,-268.57967538267707,-268.57967538267707,-268.57967538267707,-268.57967538267707,-268.57967538267707,-268.57967538267707,0.0,0.0,0.0,263.6054763123952
6872,1989-05-02,532.34469750165,222.88449829656196,300.82976316321475,532.34469750165,532.34469750165,-268.67965843016265,-268.67965843016265,-268.67965843016265,-268.67965843016265,-268.67965843016265,-268.67965843016265,0.0,0.0,0.0,263.66503907148734
6873,1989-05-03,532.5042433082275,224.774133284941,304.3387115395861,532.5042433082275,532.5042433082275,-268.77756701730107,-268.77756701730107,-268.77756701730107,-268.77756701730107,-268.77756701730107,-268.77756701730107,0.0,0.0,0.0,263.72667629092643
6874,1989-05-04,532.6637891148049,222.78916865721803,308.4793878460698,532.6637891148049,532.6637891148049,-268.8734056098119,-268.8734056098119,-268.8734056098119,-268.8734056098119,-268.8734056098119,-268.8734056098119,0.0,0.0,0.0,263.790383504993
6875,1989-05-05,532.8233349213823,221.19318379330903,304.78779984785706,532.8233349213823,532.8233349213823,-268.9671787043093,-268.9671787043093,-268.9671787043093,-268.9671787043093,-268.9671787043093,-268.9671787043093,0.0,0.0,0.0,263.856156217073
6876,1989-05-08,533.3019723411146,222.0079350324822,311.12045643821773,533.3019723411146,533.3019723411146,-269.23615042632514,-269.23615042632514,-269.23615042632514,-269.23615042632514,-269.23615042632514,-269.23615042632514,0.0,0.0,0.0,264.06582191478947
6877,1989-05-09,533.461518147692,223.38605080807486,302.41564534354933,533.461518147692,533.461518147692,-269.3217071078829,-269.3217071078829,-269.3217071078829,-269.3217071078829,-269.3217071078829,-269.3217071078829,0.0,0.0,0.0,264.1398110398091
6878,1989-05-10,533.6210639542694,226.1890849256667,305.7462547869088,533.6210639542694,533.6210639542694,-269.4052212330004,-269.4052212330004,-269.4052212330004,-269.4052212330004,-269.4052212330004,-269.4052212330004,0.0,0.0,0.0,264.215842721269
6879,1989-05-11,533.7806097608468,219.86182810918248,306.39812866570736,533.7806097608468,533.7806097608468,-269.4866974807055,-269.4866974807055,-269.4866974807055,-269.4866974807055,-269.4866974807055,-269.4866974807055,0.0,0.0,0.0,264.2939122801413
6880,1989-05-12,533.9401555674247,223.23859139198592,304.1158567138947,533.9401555674247,533.9401555674247,-269.56614055993157,-269.56614055993157,-269.56614055993157,-269.56614055993157,-269.56614055993157,-269.56614055993157,0.0,0.0,0.0,264.3740150074931
6881,1989-05-15,534.4187929871572,224.7728563209425,307.73504978430924,534.4187929871572,534.4187929871572,-269.79231832162117,-269.79231832162117,-269.79231832162117,-269.79231832162117,-269.79231832162117,-269.79231832162117,0.0,0.0,0.0,264.626474665536
6882,1989-05-16,534.5783387937346,224.20746903372165,308.55802345947734,534.5783387937346,534.5783387937346,-269.86367640931826,-269.86367640931826,-269.86367640931826,-269.86367640931826,-269.86367640931826,-269.86367640931826,0.0,0.0,0.0,264.71466238441633
6883,1989-05-17,534.7378846003121,218.79524869731574,305.4049436284379,534.7378846003121,534.7378846003121,-269.93302531672106,-269.93302531672106,-269.93302531672106,-269.93302531672106,-269.93302531672106,-269.93302531672106,0.0,0.0,0.0,264.80485928359104
6884,1989-05-18,534.8974304068895,220.60059016681336,302.57355772116955,534.8974304068895,534.8974304068895,-270.0003699291484,-270.0003699291484,-270.0003699291484,-270.0003699291484,-270.0003699291484,-270.0003699291484,0.0,0.0,0.0,264.8970604777411
6885,1989-05-19,535.0569762134669,224.97281903118835,302.87947392978856,535.0569762134669,535.0569762134669,-270.0657151608022,-270.0657151608022,-270.0657151608022,-270.0657151608022,-270.0657151608022,-270.0657151608022,0.0,0.0,0.0,264.9912610526647
6886,1989-05-22,535.5356136331995,222.0447660077451,305.2103648076836,535.5356136331995,535.5356136331995,-270.2498041432701,-270.2498041432701,-270.2498041432701,-270.2498041432701,-270.2498041432701,-270.2498041432701,0.0,0.0,0.0,265.2858094899294
6887,1989-05-23,535.695159439777,227.0513700006799,308.88385680825826,535.695159439777,535.695159439777,-270.30720156630457,-270.30720156630457,-270.30720156630457,-270.30720156630457,-270.30720156630457,-270.30720156630457,0.0,0.0,0.0,265.3879578734724
6888,1989-05-24,535.8547052463543,224.02163870712926,307.46266724090555,535.8547052463543,535.8547052463543,-270.36262460760264,-270.36262460760264,-270.36262460760264,-270.36262460760264,-270.36262460760264,-270.36262460760264,0.0,0.0,0.0,265.4920806387517
6889,1989-05-25,536.0142510529317,223.1520263178215,306.05140902287354,536.0142510529317,536.0142510529317,-270.41607835152223,-270.41607835152223,-270.41607835152223,-270.41607835152223,-270.41607835152223,-270.41607835152223,0.0,0.0,0.0,265.5981727014095
6890,1989-05-26,536.1737968595093,223.861524490421,306.23831612618466,536.1737968595093,536.1737968595093,-270.46756791025075,-270.46756791025075,-270.46756791025075,-270.46756791025075,-270.46756791025075,-270.46756791025075,0.0,0.0,0.0,265.7062289492585
6891,1989-05-30,536.8119800858192,225.81950661668992,304.85188587936,536.8119800858192,536.8119800858192,-270.65398750242207,-270.65398750242207,-270.65398750242207,-270.65398750242207,-270.65398750242207,-270.65398750242207,0.0,0.0,0.0,266.1579925833971
6892,1989-05-31,536.9715258923967,224.53856196944722,310.2829397675506,536.9715258923967,536.9715258923967,-270.695733781264,-270.695733781264,-270.695733781264,-270.695733781264,-270.695733781264,-270.695733781264,0.0,0.0,0.0,266.2757921111327
6893,1989-06-01,537.1310716989741,225.94814309729662,305.4067321833866,537.1310716989741,537.1310716989741,-270.73554712382634,-270.73554712382634,-270.73554712382634,-270.73554712382634,-270.73554712382634,-270.73554712382634,0.0,0.0,0.0,266.39552457514776
6894,1989-06-02,537.2906175055518,228.96222494962385,307.6825439384604,537.2906175055518,537.2906175055518,-270.77343283277645,-270.77343283277645,-270.77343283277645,-270.77343283277645,-270.77343283277645,-270.77343283277645,0.0,0.0,0.0,266.5171846727754
6895,1989-06-05,537.7692549252841,226.50300328631025,309.9355150042261,537.7692549252841,537.7692549252841,-270.87557758245435,-270.87557758245435,-270.87557758245435,-270.87557758245435,-270.87557758245435,-270.87557758245435,0.0,0.0,0.0,266.8936773428298
6896,1989-06-06,537.9288007318615,227.54375761733283,308.4673362375553,537.9288007318615,537.9288007318615,-270.90580631296336,-270.90580631296336,-270.90580631296336,-270.90580631296336,-270.90580631296336,-270.90580631296336,0.0,0.0,0.0,267.0229944188982
6897,1989-06-07,538.0883465384389,225.56985025189286,311.4112985465155,538.0883465384389,538.0883465384389,-270.93413431881174,-270.93413431881174,-270.93413431881174,-270.93413431881174,-270.93413431881174,-270.93413431881174,0.0,0.0,0.0,267.1542122196272
6898,1989-06-08,538.2478923450163,224.76547019739883,309.7045779898763,538.2478923450163,538.2478923450163,-270.9605670597989,-270.9605670597989,-270.9605670597989,-270.9605670597989,-270.9605670597989,-270.9605670597989,0.0,0.0,0.0,267.28732528521743
6899,1989-06-09,538.4074381515937,225.9979894061736,309.38732875896494,538.4074381515937,538.4074381515937,-270.9851100213534,-270.9851100213534,-270.9851100213534,-270.9851100213534,-270.9851100213534,-270.9851100213534,0.0,0.0,0.0,267.4223281302403
6900,1989-06-12,538.8860755713264,226.78518243438248,306.91711424464705,538.8860755713264,538.8860755713264,-271.0474554647308,-271.0474554647308,-271.0474554647308,-271.0474554647308,-271.0474554647308,-271.0474554647308,0.0,0.0,0.0,267.8386201065956
6901,1989-06-13,539.0456213779041,224.3476819761342,309.4809514073399,539.0456213779041,539.0456213779041,-271.0644946697382,-271.0644946697382,-271.0644946697382,-271.0644946697382,-271.0644946697382,-271.0644946697382,0.0,0.0,0.0,267.9811267081659
6902,1989-06-14,539.2051671844816,226.03033745739117,312.0372608085045,539.2051671844816,539.2051671844816,-271.07967190120604,-271.07967190120604,-271.07967190120604,-271.07967190120604,-271.07967190120604,-271.07967190120604,0.0,0.0,0.0,268.1254952832756
6903,1989-06-15,539.364712991059,228.58585880952864,311.59498667938885,539.364712991059,539.364712991059,-271.09299279492063,-271.09299279492063,-271.09299279492063,-271.09299279492063,-271.09299279492063,-271.09299279492063,0.0,0.0,0.0,268.2717201961384
6904,1989-06-16,539.5242587976364,227.80169238431412,306.6873395865671,539.5242587976364,539.5242587976364,-271.10446301115456,-271.10446301115456,-271.10446301115456,-271.10446301115456,-271.10446301115456,-271.10446301115456,0.0,0.0,0.0,268.41979578648187
6905,1989-06-19,540.0028962173687,228.27088174069792,309.95589279691075,540.0028962173687,540.0028962173687,-271.12782656149517,-271.12782656149517,-271.12782656149517,-271.12782656149517,-271.12782656149517,-271.12782656149517,0.0,0.0,0.0,268.8750696558736
6906,1989-06-20,540.1624420239461,225.75912414539857,309.5370470589951,540.1624420239461,540.1624420239461,-271.13195115443483,-271.13195115443483,-271.13195115443483,-271.13195115443483,-271.13195115443483,-271.13195115443483,0.0,0.0,0.0,269.0304908695113
6907,1989-06-21,540.3219878305235,225.75269524244226,311.1599238693147,540.3219878305235,540.3219878305235,-271.13425373272844,-271.13425373272844,-271.13425373272844,-271.13425373272844,-271.13425373272844,-271.13425373272844,0.0,0.0,0.0,269.1877340977951
6908,1989-06-22,540.4815336371009,229.96431531218815,311.71793425587606,540.4815336371009,540.4815336371009,-271.1347401000684,-271.1347401000684,-271.1347401000684,-271.1347401000684,-271.1347401000684,-271.1347401000684,0.0,0.0,0.0,269.3467935370325
6909,1989-06-23,540.6410794436787,230.8867409880167,316.14614347259743,540.6410794436787,540.6410794436787,-271.1334160834644,-271.1334160834644,-271.1334160834644,-271.1334160834644,-271.1334160834644,-271.1334160834644,0.0,0.0,0.0,269.5076633602143
6910,1989-06-26,541.1197168634113,229.77368213344198,315.2512348435713,541.1197168634113,541.1197168634113,-271.11864034626956,-271.11864034626956,-271.11864034626956,-271.11864034626956,-271.11864034626956,-271.11864034626956,0.0,0.0,0.0,270.00107651714177
6911,1989-06-27,541.2792626699887,224.54607988532914,312.9400150484747,541.2792626699887,541.2792626699887,-271.11013352437953,-271.11013352437953,-271.11013352437953,-271.11013352437953,-271.11013352437953,-271.11013352437953,0.0,0.0,0.0,270.1691291456092
6912,1989-06-28,541.4388084765662,227.36214696895485,311.3838664753483,541.4388084765662,541.4388084765662,-271.0998457974016,-271.0998457974016,-271.0998457974016,-271.0998457974016,-271.0998457974016,-271.0998457974016,0.0,0.0,0.0,270.33896267916464
6913,1989-06-29,541.5983542831436,229.54387810612837,311.26092792647984,541.5983542831436,541.5983542831436,-271.08778312867554,-271.08778312867554,-271.08778312867554,-271.08778312867554,-271.08778312867554,-271.08778312867554,0.0,0.0,0.0,270.5105711544681
6914,1989-06-30,541.757900089721,227.39167878735842,309.50245519924414,541.757900089721,541.757900089721,-271.0739515036636,-271.0739515036636,-271.0739515036636,-271.0739515036636,-271.0739515036636,-271.0739515036636,0.0,0.0,0.0,270.68394858605745
6915,1989-07-03,542.2365375094537,230.63276398460593,311.36596197031844,542.2365375094537,542.2365375094537,-271.0219030737481,-271.0219030737481,-271.0219030737481,-271.0219030737481,-271.0219030737481,-271.0219030737481,0.0,0.0,0.0,271.2146344357056
6916,1989-07-05,542.5556291226085,226.82269287536286,315.9505890365103,542.5556291226085,542.5556291226085,-270.97847005230307,-270.97847005230307,-270.97847005230307,-270.97847005230307,-270.97847005230307,-270.97847005230307,0.0,0.0,0.0,271.5771590703054
6917,1989-07-06,542.7151749291859,231.6192027251859,310.0018131694126,542.7151749291859,542.7151749291859,-270.9541516013577,-270.9541516013577,-270.9541516013577,-270.9541516013577,-270.9541516013577,-270.9541516013577,0.0,0.0,0.0,271.7610233278282
6918,1989-07-07,542.8747207357633,229.73933943433872,313.89831444581466,542.8747207357633,542.8747207357633,-270.9281066972495,-270.9281066972495,-270.9281066972495,-270.9281066972495,-270.9281066972495,-270.9281066972495,0.0,0.0,0.0,271.94661403851376
6919,1989-07-10,543.3533581554956,231.17339335074058,314.13308275365085,543.3533581554956,543.3533581554956,-270.839674930502,-270.839674930502,-270.839674930502,-270.839674930502,-270.839674930502,-270.839674930502,0.0,0.0,0.0,272.5136832249936
6920,1989-07-11,543.5129039620733,230.77939973882968,315.2424210805059,543.5129039620733,543.5129039620733,-270.80678598036224,-270.80678598036224,-270.80678598036224,-270.80678598036224,-270.80678598036224,-270.80678598036224,0.0,0.0,0.0,272.7061179817111
6921,1989-07-12,543.6724497686507,230.31647734181772,311.50372016085043,543.6724497686507,543.6724497686507,-270.7722015618152,-270.7722015618152,-270.7722015618152,-270.7722015618152,-270.7722015618152,-270.7722015618152,0.0,0.0,0.0,272.9002482068355
6922,1989-07-13,543.8319955752282,231.96819342554232,315.4939453384982,543.8319955752282,543.8319955752282,-270.7359279320605,-270.7359279320605,-270.7359279320605,-270.7359279320605,-270.7359279320605,-270.7359279320605,0.0,0.0,0.0,273.0960676431677
6923,1989-07-14,543.991541381806,231.46764253558558,315.9172764838289,543.991541381806,543.991541381806,-270.69797136796393,-270.69797136796393,-270.69797136796393,-270.69797136796393,-270.69797136796393,-270.69797136796393,0.0,0.0,0.0,273.29357001384204
6924,1989-07-17,544.4701788015383,231.99578095085366,318.79458459058594,544.4701788015383,544.4701788015383,-270.57406712956134,-270.57406712956134,-270.57406712956134,-270.57406712956134,-270.57406712956134,-270.57406712956134,0.0,0.0,0.0,273.89611167197694
6925,1989-07-18,544.6297246081157,230.87364722984245,319.7527092540735,544.6297246081157,544.6297246081157,-270.52944198387075,-270.52944198387075,-270.52944198387075,-270.52944198387075,-270.52944198387075,-270.52944198387075,0.0,0.0,0.0,274.1002826242449
6926,1989-07-19,544.7892704146931,233.5109808286207,318.0669733413757,544.7892704146931,544.7892704146931,-270.48316557693147,-270.48316557693147,-270.48316557693147,-270.48316557693147,-270.48316557693147,-270.48316557693147,0.0,0.0,0.0,274.3061048377616
6927,1989-07-20,544.9488162212705,233.46274956483674,312.84208069562317,544.9488162212705,544.9488162212705,-270.43524429985735,-270.43524429985735,-270.43524429985735,-270.43524429985735,-270.43524429985735,-270.43524429985735,0.0,0.0,0.0,274.51357192141313
6928,1989-07-21,545.1083620278479,232.87152764802903,313.1375220221927,545.1083620278479,545.1083620278479,-270.3856845621718,-270.3856845621718,-270.3856845621718,-270.3856845621718,-270.3856845621718,-270.3856845621718,0.0,0.0,0.0,274.7226774656761
6929,1989-07-24,545.5869994475805,233.64787181086874,314.57994735793363,545.5869994475805,545.5869994475805,-270.22723895304483,-270.22723895304483,-270.22723895304483,-270.22723895304483,-270.22723895304483,-270.22723895304483,0.0,0.0,0.0,275.3597604945357
6930,1989-07-25,545.7465452541579,235.09766924772117,316.47297171101303,545.7465452541579,545.7465452541579,-270.1711898300248,-270.1711898300248,-270.1711898300248,-270.1711898300248,-270.1711898300248,-270.1711898300248,0.0,0.0,0.0,275.57535542413314
6931,1989-07-26,545.9060910607357,232.87787063449224,317.2927436406313,545.9060910607357,545.9060910607357,-270.11353456382443,-270.11353456382443,-270.11353456382443,-270.11353456382443,-270.11353456382443,-270.11353456382443,0.0,0.0,0.0,275.79255649691123
6932,1989-07-27,546.0656368673132,231.73720359780017,313.8955694701755,546.0656368673132,546.0656368673132,-270.0542796706176,-270.0542796706176,-270.0542796706176,-270.0542796706176,-270.0542796706176,-270.0542796706176,0.0,0.0,0.0,276.0113571966956
6933,1989-07-28,546.2251826738906,234.45151685813752,315.93043394328225,546.2251826738906,546.2251826738906,-269.9934316837139,-269.9934316837139,-269.9934316837139,-269.9934316837139,-269.9934316837139,-269.9934316837139,0.0,0.0,0.0,276.2317509901767
6934,1989-07-31,546.7038200936229,233.79380509814104,320.3579307615812,546.7038200936229,546.7038200936229,-269.8013947471016,-269.8013947471016,-269.8013947471016,-269.8013947471016,-269.8013947471016,-269.8013947471016,0.0,0.0,0.0,276.9024253465213
6935,1989-08-01,546.8633659002003,234.66481249035985,319.3282598004609,546.8633659002003,546.8633659002003,-269.73424005479785,-269.73424005479785,-269.73424005479785,-269.73424005479785,-269.73424005479785,-269.73424005479785,0.0,0.0,0.0,277.1291258454024
6936,1989-08-02,547.0229117067777,234.79316675160794,321.25326875302284,547.0229117067777,547.0229117067777,-269.66552518595313,-269.66552518595313,-269.66552518595313,-269.66552518595313,-269.66552518595313,-269.66552518595313,0.0,0.0,0.0,277.35738652082455
6937,1989-08-03,547.1824575133551,234.39679384430372,319.65991230441307,547.1824575133551,547.1824575133551,-269.59525677282966,-269.59525677282966,-269.59525677282966,-269.59525677282966,-269.59525677282966,-269.59525677282966,0.0,0.0,0.0,277.5872007405254
6938,1989-08-04,547.3420033199328,239.08701846918478,321.9151378955489,547.3420033199328,547.3420033199328,-269.523441463535,-269.523441463535,-269.523441463535,-269.523441463535,-269.523441463535,-269.523441463535,0.0,0.0,0.0,277.8185618563978
6939,1989-08-07,547.8206407396651,235.68898815282762,319.8792325219837,547.8206407396651,547.8206407396651,-269.2987808734863,-269.2987808734863,-269.2987808734863,-269.2987808734863,-269.2987808734863,-269.2987808734863,0.0,0.0,0.0,278.52185986617883
6940,1989-08-08,547.9801865462425,235.6018122039537,316.01991385458774,547.9801865462425,547.9801865462425,-269.2208447709952,-269.2208447709952,-269.2208447709952,-269.2208447709952,-269.2208447709952,-269.2208447709952,0.0,0.0,0.0,278.7593417752473
6941,1989-08-09,548.1397323528199,237.2105520742076,321.06885614061997,548.1397323528199,548.1397323528199,-269.14139524405056,-269.14139524405056,-269.14139524405056,-269.14139524405056,-269.14139524405056,-269.14139524405056,0.0,0.0,0.0,278.99833710876936
6942,1989-08-10,548.2992781593978,241.04578310571304,320.40427692046825,548.2992781593978,548.2992781593978,-269.0604390319277,-269.0604390319277,-269.0604390319277,-269.0604390319277,-269.0604390319277,-269.0604390319277,0.0,0.0,0.0,279.2388391274701
6943,1989-08-11,548.4588239659752,236.85250252002103,322.8055526990065,548.4588239659752,548.4588239659752,-268.9779828884423,-268.9779828884423,-268.9779828884423,-268.9779828884423,-268.9779828884423,-268.9779828884423,0.0,0.0,0.0,279.4808410775329
6944,1989-08-14,548.9374613857074,238.25180762171286,322.4376321314433,548.9374613857074,548.9374613857074,-268.7216826221526,-268.7216826221526,-268.7216826221526,-268.7216826221526,-268.7216826221526,-268.7216826221526,0.0,0.0,0.0,280.21577876355474
6945,1989-08-15,549.0970071922852,237.24509387948476,317.2339914758065,549.0970071922852,549.0970071922852,-268.6332945756384,-268.6332945756384,-268.6332945756384,-268.6332945756384,-268.6332945756384,-268.6332945756384,0.0,0.0,0.0,280.46371261664683
6946,1989-08-16,549.2565529988626,239.97306514468423,320.59856864186077,549.2565529988626,549.2565529988626,-268.5434405783933,-268.5434405783933,-268.5434405783933,-268.5434405783933,-268.5434405783933,-268.5434405783933,0.0,0.0,0.0,280.7131124204693
6947,1989-08-17,549.41609880544,236.92166959915664,319.26178054363737,549.41609880544,549.41609880544,-268.4521274675374,-268.4521274675374,-268.4521274675374,-268.4521274675374,-268.4521274675374,-268.4521274675374,0.0,0.0,0.0,280.9639713379026
6948,1989-08-18,549.5756446120174,240.88272953235438,321.16793233816674,549.5756446120174,549.5756446120174,-268.3593620934157,-268.3593620934157,-268.3593620934157,-268.3593620934157,-268.3593620934157,-268.3593620934157,0.0,0.0,0.0,281.2162825186017
6949,1989-08-21,550.0542820317497,240.72596091376894,322.79275794488814,550.0542820317497,550.0542820317497,-268.07242108930967,-268.07242108930967,-268.07242108930967,-268.07242108930967,-268.07242108930967,-268.07242108930967,0.0,0.0,0.0,281.98186094244005
6950,1989-08-22,550.2138278383271,243.63533122366917,323.95159604573473,550.2138278383271,550.2138278383271,-267.9739154234547,-267.9739154234547,-267.9739154234547,-267.9739154234547,-267.9739154234547,-267.9739154234547,0.0,0.0,0.0,282.23991241487244
6951,1989-08-23,550.3733736449045,243.04918775952873,327.92104140133495,550.3733736449045,550.3733736449045,-267.8739919378121,-267.8739919378121,-267.8739919378121,-267.8739919378121,-267.8739919378121,-267.8739919378121,0.0,0.0,0.0,282.4993817070924
6952,1989-08-24,550.5329194514824,236.80587462815168,323.35821704902537,550.5329194514824,550.5329194514824,-267.7726575581018,-267.7726575581018,-267.7726575581018,-267.7726575581018,-267.7726575581018,-267.7726575581018,0.0,0.0,0.0,282.7602618933806
6953,1989-08-25,550.6924652580601,242.23107630652896,321.8877431370172,550.6924652580601,550.6924652580601,-267.6699192219416,-267.6699192219416,-267.6699192219416,-267.6699192219416,-267.6699192219416,-267.6699192219416,0.0,0.0,0.0,283.0225460361185
6954,1989-08-28,551.1711026777923,242.94136370581353,324.5277974367247,551.1711026777923,551.1711026777923,-267.3533500254253,-267.3533500254253,-267.3533500254253,-267.3533500254253,-267.3533500254253,-267.3533500254253,0.0,0.0,0.0,283.817752652367
6955,1989-08-29,551.3306484843698,244.145745131213,327.5751546866157,551.3306484843698,551.3306484843698,-267.2450654709558,-267.2450654709558,-267.2450654709558,-267.2450654709558,-267.2450654709558,-267.2450654709558,0.0,0.0,0.0,284.085583013414
6956,1989-08-30,551.4901942909472,244.29711166794814,324.7885611967334,551.4901942909472,551.4901942909472,-267.1354118199409,-267.1354118199409,-267.1354118199409,-267.1354118199409,-267.1354118199409,-267.1354118199409,0.0,0.0,0.0,284.35478247100633
6957,1989-08-31,551.6497400975246,244.5372988395024,326.1919940519004,551.6497400975246,551.6497400975246,-267.0243960773891,-267.0243960773891,-267.0243960773891,-267.0243960773891,-267.0243960773891,-267.0243960773891,0.0,0.0,0.0,284.6253440201355
6958,1989-09-01,551.809285904102,243.51679233402314,327.9870970449532,551.809285904102,551.809285904102,-266.9120252588736,-266.9120252588736,-266.9120252588736,-266.9120252588736,-266.9120252588736,-266.9120252588736,0.0,0.0,0.0,284.8972606452284
6959,1989-09-05,552.4474691304121,243.75719082211722,329.4465580654139,552.4474691304121,552.4474691304121,-266.4491318956483,-266.4491318956483,-266.4491318956483,-266.4491318956483,-266.4491318956483,-266.4491318956483,0.0,0.0,0.0,285.99833723476377
6960,1989-09-06,552.6070149369895,244.08972923372042,327.76831039908205,552.6070149369895,552.6070149369895,-266.33009128724484,-266.33009128724484,-266.33009128724484,-266.33009128724484,-266.33009128724484,-266.33009128724484,0.0,0.0,0.0,286.2769236497446
6961,1989-09-07,552.766560743567,246.5034412487859,327.70517103694255,552.766560743567,552.766560743567,-266.2097379074371,-266.2097379074371,-266.2097379074371,-266.2097379074371,-266.2097379074371,-266.2097379074371,0.0,0.0,0.0,286.55682283612987
6962,1989-09-08,552.9261065501444,244.94971502705425,326.8253546797143,552.9261065501444,552.9261065501444,-266.0880788403836,-266.0880788403836,-266.0880788403836,-266.0880788403836,-266.0880788403836,-266.0880788403836,0.0,0.0,0.0,286.83802770976075
6963,1989-09-11,553.4047439698769,246.47039537268483,329.65590993769064,553.4047439698769,553.4047439698769,-265.7153384916506,-265.7153384916506,-265.7153384916506,-265.7153384916506,-265.7153384916506,-265.7153384916506,0.0,0.0,0.0,287.6894054782263
6964,1989-09-12,553.5642897764544,249.15324086537498,330.2436722345758,553.5642897764544,553.5642897764544,-265.58852769494166,-265.58852769494166,-265.58852769494166,-265.58852769494166,-265.58852769494166,-265.58852769494166,0.0,0.0,0.0,287.97576208151276
6965,1989-09-13,553.7238355830318,250.565003553293,329.86758250270304,553.7238355830318,553.7238355830318,-265.46044676340375,-265.46044676340375,-265.46044676340375,-265.46044676340375,-265.46044676340375,-265.46044676340375,0.0,0.0,0.0,288.26338881962806
6966,1989-09-14,553.8833813896092,246.7188429733866,331.6279443531441,553.8833813896092,553.8833813896092,-265.33110283249954,-265.33110283249954,-265.33110283249954,-265.33110283249954,-265.33110283249954,-265.33110283249954,0.0,0.0,0.0,288.5522785571097
6967,1989-09-15,554.042927196187,249.5447073275423,329.8607266739252,554.042927196187,554.042927196187,-265.20050304556975,-265.20050304556975,-265.20050304556975,-265.20050304556975,-265.20050304556975,-265.20050304556975,0.0,0.0,0.0,288.8424241506172
6968,1989-09-18,554.5215646159193,248.1895997083015,330.6573650563937,554.5215646159193,554.5215646159193,-264.80124009615344,-264.80124009615344,-264.80124009615344,-264.80124009615344,-264.80124009615344,-264.80124009615344,0.0,0.0,0.0,289.7203245197658
6969,1989-09-19,554.6811104224967,247.37857447453996,332.41183700887683,554.6811104224967,554.6811104224967,-264.66568846934274,-264.66568846934274,-264.66568846934274,-264.66568846934274,-264.66568846934274,-264.66568846934274,0.0,0.0,0.0,290.0154219531539
6970,1989-09-20,554.840656229074,247.02419619867234,331.19622545037555,554.840656229074,554.840656229074,-264.5289168146376,-264.5289168146376,-264.5289168146376,-264.5289168146376,-264.5289168146376,-264.5289168146376,0.0,0.0,0.0,290.31173941443643
6971,1989-09-21,555.0002020356515,250.50037232670408,331.0667071254425,555.0002020356515,555.0002020356515,-264.39093231860255,-264.39093231860255,-264.39093231860255,-264.39093231860255,-264.39093231860255,-264.39093231860255,0.0,0.0,0.0,290.6092697170489
6972,1989-09-22,555.159747842229,247.3115706567901,333.61493705388705,555.159747842229,555.159747842229,-264.2517421743322,-264.2517421743322,-264.2517421743322,-264.2517421743322,-264.2517421743322,-264.2517421743322,0.0,0.0,0.0,290.90800566789676
6973,1989-09-25,555.6383852619615,250.92322142743595,334.78544506835135,555.6383852619615,555.6383852619615,-263.8270098769624,-263.8270098769624,-263.8270098769624,-263.8270098769624,-263.8270098769624,-263.8270098769624,0.0,0.0,0.0,291.8113753849991
6974,1989-09-26,555.7979310685394,255.2634448466255,336.32032900344154,555.7979310685394,555.7979310685394,-263.68306919455716,-263.68306919455716,-263.68306919455716,-263.68306919455716,-263.68306919455716,-263.68306919455716,0.0,0.0,0.0,292.1148618739822
6975,1989-09-27,555.9574768751168,249.89853609619115,333.98573325737806,555.9574768751168,555.9574768751168,-263.5379589205999,-263.5379589205999,-263.5379589205999,-263.5379589205999,-263.5379589205999,-263.5379589205999,0.0,0.0,0.0,292.41951795451683
6976,1989-09-28,556.1170226816942,253.0840825088844,335.1820455313596,556.1170226816942,556.1170226816942,-263.3916862833203,-263.3916862833203,-263.3916862833203,-263.3916862833203,-263.3916862833203,-263.3916862833203,0.0,0.0,0.0,292.7253363983738
6977,1989-09-29,556.2765684882716,252.73734784737564,332.73760770633356,556.2765684882716,556.2765684882716,-263.2442585161312,-263.2442585161312,-263.2442585161312,-263.2442585161312,-263.2442585161312,-263.2442585161312,0.0,0.0,0.0,293.03230997214035
6978,1989-10-02,556.7552059080039,251.34150978754803,335.8938941897625,556.7552059080039,556.7552059080039,-262.79511684291487,-262.79511684291487,-262.79511684291487,-262.79511684291487,-262.79511684291487,-262.79511684291487,0.0,0.0,0.0,293.960089065089
6979,1989-10-03,556.9147517145813,254.18127185899655,334.5195671851532,556.9147517145813,556.9147517145813,-262.64314098711134,-262.64314098711134,-262.64314098711134,-262.64314098711134,-262.64314098711134,-262.64314098711134,0.0,0.0,0.0,294.2716107274699
6980,1989-10-04,557.0742975211587,254.7424319104002,335.9638896482863,557.0742975211587,557.0742975211587,-262.4900462394517,-262.4900462394517,-262.4900462394517,-262.4900462394517,-262.4900462394517,-262.4900462394517,0.0,0.0,0.0,294.58425128170694
6981,1989-10-05,557.2338433277364,251.96684719176702,335.36636348171737,557.2338433277364,557.2338433277364,-262.3358398603986,-262.3358398603986,-262.3358398603986,-262.3358398603986,-262.3358398603986,-262.3358398603986,0.0,0.0,0.0,294.8980034673378
6982,1989-10-06,557.3933891343139,251.6105204432932,334.939818996131,557.3933891343139,557.3933891343139,-262.18052911424974,-262.18052911424974,-262.18052911424974,-262.18052911424974,-262.18052911424974,-262.18052911424974,0.0,0.0,0.0,295.21286002006417
6983,1989-10-09,557.8720265540461,253.49979435882136,337.04655858721344,557.8720265540461,557.8720265540461,-261.70804336970036,-261.70804336970036,-261.70804336970036,-261.70804336970036,-261.70804336970036,-261.70804336970036,0.0,0.0,0.0,296.16398318434574
6984,1989-10-10,558.031572360624,255.14862884890346,339.0308300082848,558.031572360624,558.031572360624,-261.54838786812667,-261.54838786812667,-261.54838786812667,-261.54838786812667,-261.54838786812667,-261.54838786812667,0.0,0.0,0.0,296.4831844924973
6985,1989-10-11,558.1911181672014,254.3396324540623,336.7771612012638,558.1911181672014,558.1911181672014,-261.38766437175155,-261.38766437175155,-261.38766437175155,-261.38766437175155,-261.38766437175155,-261.38766437175155,0.0,0.0,0.0,296.8034537954498
6986,1989-10-12,558.3506639737788,256.0004247246245,338.1563190611103,558.3506639737788,558.3506639737788,-261.2258801638517,-261.2258801638517,-261.2258801638517,-261.2258801638517,-261.2258801638517,-261.2258801638517,0.0,0.0,0.0,297.12478380992707
6987,1989-10-13,558.5102097803561,259.77418765480667,340.7885555305197,558.5102097803561,558.5102097803561,-261.0630425301956,-261.0630425301956,-261.0630425301956,-261.0630425301956,-261.0630425301956,-261.0630425301956,0.0,0.0,0.0,297.44716725016053
6988,1989-10-16,558.9888472000888,254.87096338641572,340.19560150003076,558.9888472000888,558.9888472000888,-260.56828196573235,-260.56828196573235,-260.56828196573235,-260.56828196573235,-260.56828196573235,-260.56828196573235,0.0,0.0,0.0,298.42056523435645
6989,1989-10-17,559.1483930066662,254.31617207567393,338.11214466377055,559.1483930066662,559.1483930066662,-260.40130352987336,-260.40130352987336,-260.40130352987336,-260.40130352987336,-260.40130352987336,-260.40130352987336,0.0,0.0,0.0,298.74708947679284
6990,1989-10-18,559.3079388132436,257.29857365908805,343.61629782193313,559.3079388132436,559.3079388132436,-260.23330812777994,-260.23330812777994,-260.23330812777994,-260.23330812777994,-260.23330812777994,-260.23330812777994,0.0,0.0,0.0,299.07463068546366
6991,1989-10-19,559.467484619821,256.9483358436868,340.6103844905735,559.467484619821,559.467484619821,-260.0643030561542,-260.0643030561542,-260.0643030561542,-260.0643030561542,-260.0643030561542,-260.0643030561542,0.0,0.0,0.0,299.4031815636668
6992,1989-10-20,559.6270304263985,259.40242017130896,343.7366034860426,559.6270304263985,559.6270304263985,-259.89429561285175,-259.89429561285175,-259.89429561285175,-259.89429561285175,-259.89429561285175,-259.89429561285175,0.0,0.0,0.0,299.73273481354676
6993,1989-10-23,560.1056678461307,262.2498972671296,342.35864402302593,560.1056678461307,560.1056678461307,-259.3783320447491,-259.3783320447491,-259.3783320447491,-259.3783320447491,-259.3783320447491,-259.3783320447491,0.0,0.0,0.0,300.7273358013816
6994,1989-10-24,560.2652136527081,258.28828035841303,344.7290375810676,560.2652136527081,560.2652136527081,-259.20438810970705,-259.20438810970705,-259.20438810970705,-259.20438810970705,-259.20438810970705,-259.20438810970705,0.0,0.0,0.0,301.06082554300104
6995,1989-10-25,560.424759459286,258.3748132665899,341.7705480301939,560.424759459286,560.424759459286,-259.02947830290873,-259.02947830290873,-259.02947830290873,-259.02947830290873,-259.02947830290873,-259.02947830290873,0.0,0.0,0.0,301.3952811563772
6996,1989-10-26,560.5843052658633,261.72859233732373,346.1450761632727,560.5843052658633,560.5843052658633,-258.8536099251358,-258.8536099251358,-258.8536099251358,-258.8536099251358,-258.8536099251358,-258.8536099251358,0.0,0.0,0.0,301.73069534072755
6997,1989-10-27,560.7438510724411,259.4797115637162,347.87547820859277,560.7438510724411,560.7438510724411,-258.6767902769922,-258.6767902769922,-258.6767902769922,-258.6767902769922,-258.6767902769922,-258.6767902769922,0.0,0.0,0.0,302.06706079544887
6998,1989-10-30,561.2224884921734,264.88556705488054,345.918432284347,561.2224884921734,561.2224884921734,-258.14069670974646,-258.14069670974646,-258.14069670974646,-258.14069670974646,-258.14069670974646,-258.14069670974646,0.0,0.0,0.0,303.08179178242693
6999,1989-10-31,561.3820342987508,262.63419993229087,345.41355583638676,561.3820342987508,561.3820342987508,-257.9601449759943,-257.9601449759943,-257.9601449759943,-257.9601449759943,-257.9601449759943,-257.9601449759943,0.0,0.0,0.0,303.4218893227565
7000,1989-11-01,561.5415801053282,263.1037477436105,345.9973754526737,561.5415801053282,561.5415801053282,-257.7786784656127,-257.7786784656127,-257.7786784656127,-257.7786784656127,-257.7786784656127,-257.7786784656127,0.0,0.0,0.0,303.7629016397155
7001,1989-11-02,561.7011259119056,263.18379203036767,344.73098272805646,561.7011259119056,561.7011259119056,-257.5963044741718,-257.5963044741718,-257.5963044741718,-257.5963044741718,-257.5963044741718,-257.5963044741718,0.0,0.0,0.0,304.1048214377338
7002,1989-11-03,561.8606717184831,263.07321878645666,347.06573777154813,561.8606717184831,561.8606717184831,-257.41303029574294,-257.41303029574294,-257.41303029574294,-257.41303029574294,-257.41303029574294,-257.41303029574294,0.0,0.0,0.0,304.44764142274016
7003,1989-11-06,562.3393091382156,266.24213680620545,345.3959132836907,562.3393091382156,562.3393091382156,-256.85787955281165,-256.85787955281165,-256.85787955281165,-256.85787955281165,-256.85787955281165,-256.85787955281165,0.0,0.0,0.0,305.481429585404
7004,1989-11-07,562.498854944793,262.14196154628223,347.0306783679723,562.498854944793,562.498854944793,-256.67107753059054,-256.67107753059054,-256.67107753059054,-256.67107753059054,-256.67107753059054,-256.67107753059054,0.0,0.0,0.0,305.8277774142025
7005,1989-11-08,562.6584007513706,265.13953793269707,347.82972122342295,562.6584007513706,562.6584007513706,-256.48341176268224,-256.48341176268224,-256.48341176268224,-256.48341176268224,-256.48341176268224,-256.48341176268224,0.0,0.0,0.0,306.1749889886883
7006,1989-11-09,562.8179465579483,263.7826874009597,345.36513428558544,562.8179465579483,562.8179465579483,-256.29488953022434,-256.29488953022434,-256.29488953022434,-256.29488953022434,-256.29488953022434,-256.29488953022434,0.0,0.0,0.0,306.52305702772395
7007,1989-11-10,562.9774923645257,265.8991698531688,346.5166590913901,562.9774923645257,562.9774923645257,-256.10551811154585,-256.10551811154585,-256.10551811154585,-256.10551811154585,-256.10551811154585,-256.10551811154585,0.0,0.0,0.0,306.87197425297984
7008,1989-11-13,563.456129784258,269.74532591828415,350.3736787096063,563.456129784258,563.456129784258,-255.53238147540603,-255.53238147540603,-255.53238147540603,-255.53238147540603,-255.53238147540603,-255.53238147540603,0.0,0.0,0.0,307.92374830885194
7009,1989-11-14,563.6156755908354,264.0901727178472,347.9206402726721,563.6156755908354,563.6156755908354,-255.33968603241192,-255.33968603241192,-255.33968603241192,-255.33968603241192,-255.33968603241192,-255.33968603241192,0.0,0.0,0.0,308.2759895584235
7010,1989-11-15,563.7752213974128,266.91895427044295,350.9566048474972,563.7752213974128,563.7752213974128,-255.1461777461787,-255.1461777461787,-255.1461777461787,-255.1461777461787,-255.1461777461787,-255.1461777461787,0.0,0.0,0.0,308.6290436512341
7011,1989-11-16,563.9347672039905,268.1678917063049,353.23750813242117,563.9347672039905,563.9347672039905,-254.95186387427262,-254.95186387427262,-254.95186387427262,-254.95186387427262,-254.95186387427262,-254.95186387427262,0.0,0.0,0.0,308.98290332971794
7012,1989-11-17,564.094313010568,265.6260766492012,348.9946454987312,564.094313010568,564.094313010568,-254.75675167015234,-254.75675167015234,-254.75675167015234,-254.75675167015234,-254.75675167015234,-254.75675167015234,0.0,0.0,0.0,309.33756134041573
7013,1989-11-20,564.5729504303002,270.98703865106285,350.26420092302965,564.5729504303002,564.5729504303002,-254.16669753360011,-254.16669753360011,-254.16669753360011,-254.16669753360011,-254.16669753360011,-254.16669753360011,0.0,0.0,0.0,310.40625289670015
7014,1989-11-21,564.7324962368776,269.3989299124361,353.24538481666355,564.7324962368776,564.7324962368776,-253.96846444660167,-253.96846444660167,-253.96846444660167,-253.96846444660167,-253.96846444660167,-253.96846444660167,0.0,0.0,0.0,310.76403179027596
7015,1989-11-22,564.8920420434551,268.8237651297663,353.2312058517251,564.8920420434551,564.8920420434551,-253.76946922662034,-253.76946922662034,-253.76946922662034,-253.76946922662034,-253.76946922662034,-253.76946922662034,0.0,0.0,0.0,311.1225728168348
7016,1989-11-24,565.2111336566103,271.2984355940708,347.7540027432765,565.2111336566103,565.2111336566103,-253.36922128212103,-253.36922128212103,-253.36922128212103,-253.36922128212103,-253.36922128212103,-253.36922128212103,0.0,0.0,0.0,311.84191237448925
7017,1989-11-27,565.6897710763429,273.22560266883073,355.1889448697166,565.6897710763429,565.6897710763429,-252.76331381272155,-252.76331381272155,-252.76331381272155,-252.76331381272155,-252.76331381272155,-252.76331381272155,0.0,0.0,0.0,312.9264572636214
7018,1989-11-28,565.8493168829203,268.742696879985,353.6000242025731,565.8493168829203,565.8493168829203,-252.55989732373837,-252.55989732373837,-252.55989732373837,-252.55989732373837,-252.55989732373837,-252.55989732373837,0.0,0.0,0.0,313.28941955918197
7019,1989-11-29,566.0088626894977,273.8679638002423,354.08466009762043,566.0088626894977,566.0088626894977,-252.35576915684405,-252.35576915684405,-252.35576915684405,-252.35576915684405,-252.35576915684405,-252.35576915684405,0.0,0.0,0.0,313.65309353265366
7020,1989-11-30,566.1684084960751,274.35843011756174,355.5574835592798,566.1684084960751,566.1684084960751,-252.15093649543692,-252.15093649543692,-252.15093649543692,-252.15093649543692,-252.15093649543692,-252.15093649543692,0.0,0.0,0.0,314.01747200063824
7021,1989-12-01,566.3279543026526,273.3160555120233,357.8706158822149,566.3279543026526,566.3279543026526,-251.94540651625647,-251.94540651625647,-251.94540651625647,-251.94540651625647,-251.94540651625647,-251.94540651625647,0.0,0.0,0.0,314.3825477863962
7022,1989-12-04,566.8065917223848,272.5638890252662,355.7849552871969,566.8065917223848,566.8065917223848,-251.32470433582364,-251.32470433582364,-251.32470433582364,-251.32470433582364,-251.32470433582364,-251.32470433582364,0.0,0.0,0.0,315.4818873865612
7023,1989-12-05,566.9661375289622,269.6054793698029,355.52954184385703,566.9661375289622,566.9661375289622,-251.11645671349604,-251.11645671349604,-251.11645671349604,-251.11645671349604,-251.11645671349604,-251.11645671349604,0.0,0.0,0.0,315.8496808154662
7024,1989-12-06,567.1256833355401,274.7204209708647,358.33362152616485,567.1256833355401,567.1256833355401,-250.9075475509411,-250.9075475509411,-250.9075475509411,-250.9075475509411,-250.9075475509411,-250.9075475509411,0.0,0.0,0.0,316.218135784599
7025,1989-12-07,567.2852291421175,274.67899200521,360.91410155823155,567.2852291421175,567.2852291421175,-250.69798398118883,-250.69798398118883,-250.69798398118883,-250.69798398118883,-250.69798398118883,-250.69798398118883,0.0,0.0,0.0,316.58724516092866
7026,1989-12-08,567.4447749486949,275.3240894643503,358.0549598306101,567.4447749486949,567.4447749486949,-250.48777312936136,-250.48777312936136,-250.48777312936136,-250.48777312936136,-250.48777312936136,-250.48777312936136,0.0,0.0,0.0,316.9570018193335
7027,1989-12-11,567.9234123684275,274.5664622540867,358.22371575978656,567.9234123684275,567.9234123684275,-249.85332801032303,-249.85332801032303,-249.85332801032303,-249.85332801032303,-249.85332801032303,-249.85332801032303,0.0,0.0,0.0,318.0700843581045
7028,1989-12-12,568.0829581750049,279.9629447214848,361.2265562441567,568.0829581750049,568.0829581750049,-249.64059911708253,-249.64059911708253,-249.64059911708253,-249.64059911708253,-249.64059911708253,-249.64059911708253,0.0,0.0,0.0,318.44235905792243
7029,1989-12-13,568.2425039815823,276.7749846595778,357.9342658040048,568.2425039815823,568.2425039815823,-249.42725844258823,-249.42725844258823,-249.42725844258823,-249.42725844258823,-249.42725844258823,-249.42725844258823,0.0,0.0,0.0,318.8152455389941
7030,1989-12-14,568.4020497881597,278.44028014093885,360.76397680442057,568.4020497881597,568.4020497881597,-249.2133130608173,-249.2133130608173,-249.2133130608173,-249.2133130608173,-249.2133130608173,-249.2133130608173,0.0,0.0,0.0,319.1887367273424
7031,1989-12-15,568.5615955947371,274.66605528523996,358.3848114267272,568.5615955947371,568.5615955947371,-248.99877003661115,-248.99877003661115,-248.99877003661115,-248.99877003661115,-248.99877003661115,-248.99877003661115,0.0,0.0,0.0,319.56282555812595
7032,1989-12-18,569.0402330144698,275.16623318801834,359.9396579542058,569.0402330144698,569.0402330144698,-248.35162561709055,-248.35162561709055,-248.35162561709055,-248.35162561709055,-248.35162561709055,-248.35162561709055,0.0,0.0,0.0,320.6886073973792
7033,1989-12-19,569.1997788210472,282.5464244517744,362.2078032380849,569.1997788210472,569.1997788210472,-248.13476248274267,-248.13476248274267,-248.13476248274267,-248.13476248274267,-248.13476248274267,-248.13476248274267,0.0,0.0,0.0,321.06501633830453
7034,1989-12-20,569.3593246276247,279.53009787094396,362.04135469689743,569.3593246276247,569.3593246276247,-247.91733688704514,-247.91733688704514,-247.91733688704514,-247.91733688704514,-247.91733688704514,-247.91733688704514,0.0,0.0,0.0,321.4419877405795
7035,1989-12-21,569.5188704342021,282.026166557562,368.3838628085391,569.5188704342021,569.5188704342021,-247.6993558363838,-247.6993558363838,-247.6993558363838,-247.6993558363838,-247.6993558363838,-247.6993558363838,0.0,0.0,0.0,321.8195145978183
7036,1989-12-22,569.6784162407795,280.7118598569737,361.3524982249704,569.6784162407795,569.6784162407795,-247.4808263268009,-247.4808263268009,-247.4808263268009,-247.4808263268009,-247.4808263268009,-247.4808263268009,0.0,0.0,0.0,322.1975899139786
7037,1989-12-26,570.3165994670895,282.8192908892404,366.3599091615883,570.3165994670895,570.3165994670895,-246.6013632485172,-246.6013632485172,-246.6013632485172,-246.6013632485172,-246.6013632485172,-246.6013632485172,0.0,0.0,0.0,323.71523621857233
7038,1989-12-27,570.4761452736669,281.65295273065004,363.6745393884004,570.4761452736669,570.4761452736669,-246.38019601100356,-246.38019601100356,-246.38019601100356,-246.38019601100356,-246.38019601100356,-246.38019601100356,0.0,0.0,0.0,324.09594926266334
7039,1989-12-28,570.6356910802447,285.4484370233047,366.5210764109856,570.6356910802447,570.6356910802447,-246.15852206407686,-246.15852206407686,-246.15852206407686,-246.15852206407686,-246.15852206407686,-246.15852206407686,0.0,0.0,0.0,324.4771690161678
7040,1989-12-29,570.7952368868221,279.93854931037316,366.9497381349293,570.7952368868221,570.7952368868221,-245.9363483266219,-245.9363483266219,-245.9363483266219,-245.9363483266219,-245.9363483266219,-245.9363483266219,0.0,0.0,0.0,324.85888856020017
7041,1990-01-02,571.4334201131318,289.0118946536735,368.0677373759172,571.4334201131318,571.4334201131318,-245.0427934363765,-245.0427934363765,-245.0427934363765,-245.0427934363765,-245.0427934363765,-245.0427934363765,0.0,0.0,0.0,326.39062667675523
7042,1990-01-03,571.5929659197093,284.0594801919407,366.66601646220533,571.5929659197093,571.5929659197093,-244.818224114392,-244.818224114392,-244.818224114392,-244.818224114392,-244.818224114392,-244.818224114392,0.0,0.0,0.0,326.77474180531726
7043,1990-01-04,571.7525117262867,286.36404431330175,370.61192814976886,571.7525117262867,571.7525117262867,-244.59319626377243,-244.59319626377243,-244.59319626377243,-244.59319626377243,-244.59319626377243,-244.59319626377243,0.0,0.0,0.0,327.15931546251426
7044,1990-01-05,571.9120575328641,285.3722556535284,367.83203263049086,571.9120575328641,571.9120575328641,-244.36771671805522,-244.36771671805522,-244.36771671805522,-244.36771671805522,-244.36771671805522,-244.36771671805522,0.0,0.0,0.0,327.54434081480883
7045,1990-01-08,572.3906949525971,289.34004035328235,370.25229626846294,572.3906949525971,572.3906949525971,-243.68863605195529,-243.68863605195529,-243.68863605195529,-243.68863605195529,-243.68863605195529,-243.68863605195529,0.0,0.0,0.0,328.70205890064176
7046,1990-01-09,572.5502407591745,290.91338769948345,371.0219398319365,572.5502407591745,572.5502407591745,-243.4614178017688,-243.4614178017688,-243.4614178017688,-243.4614178017688,-243.4614178017688,-243.4614178017688,0.0,0.0,0.0,329.0888229574057
7047,1990-01-10,572.7097865657519,289.5398873865837,371.0886047760469,572.7097865657519,572.7097865657519,-243.23378182816285,-243.23378182816285,-243.23378182816285,-243.23378182816285,-243.23378182816285,-243.23378182816285,0.0,0.0,0.0,329.47600473758905
7048,1990-01-11,572.8693323723293,291.16229555172055,370.8112453212856,572.8693323723293,572.8693323723293,-243.00573488513865,-243.00573488513865,-243.00573488513865,-243.00573488513865,-243.00573488513865,-243.00573488513865,0.0,0.0,0.0,329.86359748719065
7049,1990-01-12,573.0288781789067,290.2743656623024,372.6306467985161,573.0288781789066,573.0288781789066,-242.77728371287876,-242.77728371287876,-242.77728371287876,-242.77728371287876,-242.77728371287876,-242.77728371287876,0.0,0.0,0.0,330.2515944660279
7050,1990-01-15,573.507515598639,292.0654768006032,371.0596041627705,573.507515598639,573.507515598639,-242.08957201186158,-242.08957201186158,-242.08957201186158,-242.08957201186158,-242.08957201186158,-242.08957201186158,0.0,0.0,0.0,331.41794358677737
7051,1990-01-16,573.6670614052164,294.5659396372207,371.5844799513568,573.6670614052164,573.6670614052164,-241.85957104251287,-241.85957104251287,-241.85957104251287,-241.85957104251287,-241.85957104251287,-241.85957104251287,0.0,0.0,0.0,331.8074903627035
7052,1990-01-17,573.8266072117938,292.27151169601893,374.543056122177,573.8266072117938,573.8266072117938,-241.62919933198012,-241.62919933198012,-241.62919933198012,-241.62919933198012,-241.62919933198012,-241.62919933198012,0.0,0.0,0.0,332.1974078798137
7053,1990-01-18,573.9861530183716,292.411320847766,374.78861142852764,573.9861530183716,573.9861530183716,-241.39846353419787,-241.39846353419787,-241.39846353419787,-241.39846353419787,-241.39846353419787,-241.39846353419787,0.0,0.0,0.0,332.5876894841738
7054,1990-01-19,574.145698824949,292.5132761910401,373.04341239781434,574.145698824949,574.145698824949,-241.16737028817673,-241.16737028817673,-241.16737028817673,-241.16737028817673,-241.16737028817673,-241.16737028817673,0.0,0.0,0.0,332.9783285367723
7055,1990-01-22,574.6243362446813,292.30864463506646,374.59600931005764,574.6243362446813,574.6243362446813,-240.47201202366475,-240.47201202366475,-240.47201202366475,-240.47201202366475,-240.47201202366475,-240.47201202366475,0.0,0.0,0.0,334.15232422101656
7056,1990-01-23,574.7838820512591,293.10751952458685,374.2632204103191,574.7838820512591,574.7838820512591,-240.23955507088561,-240.23955507088561,-240.23955507088561,-240.23955507088561,-240.23955507088561,-240.23955507088561,0.0,0.0,0.0,334.54432698037346
7057,1990-01-24,574.9434278578365,291.2909469756812,371.96837399033325,574.9434278578365,574.9434278578365,-240.00677363564196,-240.00677363564196,-240.00677363564196,-240.00677363564196,-240.00677363564196,-240.00677363564196,0.0,0.0,0.0,334.93665422219453
7058,1990-01-25,575.1029736644139,294.51623107090995,379.50527121060696,575.1029736644139,575.1029736644139,-239.77367426415807,-239.77367426415807,-239.77367426415807,-239.77367426415807,-239.77367426415807,-239.77367426415807,0.0,0.0,0.0,335.32929940025576
7059,1990-01-26,575.2625194709913,291.6649563298993,376.24655044342916,575.2625194709913,575.2625194709913,-239.5402634866599,-239.5402634866599,-239.5402634866599,-239.5402634866599,-239.5402634866599,-239.5402634866599,0.0,0.0,0.0,335.72225598433135
7060,1990-01-29,575.7411568907239,297.3523026932151,381.5385941047844,575.7411568907239,575.7411568907239,-238.83822777718441,-238.83822777718441,-238.83822777718441,-238.83822777718441,-238.83822777718441,-238.83822777718441,0.0,0.0,0.0,336.90292911353947
7061,1990-01-30,575.9007026973013,295.77807852855074,380.31928197966425,575.9007026973013,575.9007026973013,-238.6036363526342,-238.6036363526342,-238.6036363526342,-238.6036363526342,-238.6036363526342,-238.6036363526342,0.0,0.0,0.0,337.2970663446671
7062,1990-01-31,576.0602485038787,297.0186619978321,379.8185386439389,576.0602485038787,576.0602485038787,-238.36876592795105,-238.36876592795105,-238.36876592795105,-238.36876592795105,-238.36876592795105,-238.36876592795105,0.0,0.0,0.0,337.6914825759277
7063,1990-02-01,576.2197943104562,295.6559561012421,381.0029168710872,576.2197943104562,576.2197943104562,-238.13362293421775,-238.13362293421775,-238.13362293421775,-238.13362293421775,-238.13362293421775,-238.13362293421775,0.0,0.0,0.0,338.08617137623844
7064,1990-02-02,576.3793401170336,294.48668324107706,378.7702536581649,576.3793401170336,576.3793401170336,-237.8982137854747,-237.8982137854747,-237.8982137854747,-237.8982137854747,-237.8982137854747,-237.8982137854747,0.0,0.0,0.0,338.4811263315589
7065,1990-02-05,576.8579775367658,299.8257206560862,383.3624213067965,576.8579775367658,576.8579775367658,-237.19045329088155,-237.19045329088155,-237.19045329088155,-237.19045329088155,-237.19045329088155,-237.19045329088155,0.0,0.0,0.0,339.66752424588424
7066,1990-02-06,577.0175233433433,298.6501986355628,381.45117892163273,577.0175233433433,577.0175233433433,-236.9540433165394,-236.9540433165394,-236.9540433165394,-236.9540433165394,-236.9540433165394,-236.9540433165394,0.0,0.0,0.0,340.0634800268039
7067,1990-02-07,577.1770691499211,296.8167656191777,379.7091510268329,577.1770691499211,577.1770691499211,-236.71739899664695,-236.71739899664695,-236.71739899664695,-236.71739899664695,-236.71739899664695,-236.71739899664695,0.0,0.0,0.0,340.45967015327415
7068,1990-02-08,577.3366149564988,300.36079338760885,382.5122320495506,577.3366149564988,577.3366149564988,-236.48052663993641,-236.48052663993641,-236.48052663993641,-236.48052663993641,-236.48052663993641,-236.48052663993641,0.0,0.0,0.0,340.85608831656236
7069,1990-02-09,577.4961607630762,300.37504591171785,381.9596347020234,577.4961607630762,577.4961607630762,-236.24343253708602,-236.24343253708602,-236.24343253708602,-236.24343253708602,-236.24343253708602,-236.24343253708602,0.0,0.0,0.0,341.25272822599015
7070,1990-02-12,577.9747981828085,297.4366633555592,383.67303435732623,577.9747981828086,577.9747981828086,-235.53088238469465,-235.53088238469465,-235.53088238469465,-235.53088238469465,-235.53088238469465,-235.53088238469465,0.0,0.0,0.0,342.44391579811384
7071,1990-02-13,578.1343439893859,303.36171380183316,384.00790241181517,578.1343439893859,578.1343439893859,-235.29296383804012,-235.29296383804012,-235.29296383804012,-235.29296383804012,-235.29296383804012,-235.29296383804012,0.0,0.0,0.0,342.8413801513458
7072,1990-02-14,578.2938897959633,303.46283762089115,383.7534892543595,578.2938897959633,578.2938897959633,-235.0548547228909,-235.0548547228909,-235.0548547228909,-235.0548547228909,-235.0548547228909,-235.0548547228909,0.0,0.0,0.0,343.2390350730724
7073,1990-02-15,578.4534356025408,300.29014838032975,386.3247008745321,578.4534356025408,578.4534356025408,-234.8165612186495,-234.8165612186495,-234.8165612186495,-234.8165612186495,-234.8165612186495,-234.8165612186495,0.0,0.0,0.0,343.6368743838913
7074,1990-02-16,578.6129814091182,302.0226610006278,383.5446093241136,578.6129814091182,578.6129814091182,-234.5780894856867,-234.5780894856867,-234.5780894856867,-234.5780894856867,-234.5780894856867,-234.5780894856867,0.0,0.0,0.0,344.03489192343153
7075,1990-02-20,579.2511646354283,301.6031093486395,385.840144071292,579.2511646354283,579.2511646354283,-233.62254280030635,-233.62254280030635,-233.62254280030635,-233.62254280030635,-233.62254280030635,-233.62254280030635,0.0,0.0,0.0,345.6286218351219
7076,1990-02-21,579.4107104420057,306.008147589771,387.14656775653543,579.4107104420057,579.4107104420057,-233.38327165366977,-233.38327165366977,-233.38327165366977,-233.38327165366977,-233.38327165366977,-233.38327165366977,0.0,0.0,0.0,346.02743878833587
7077,1990-02-22,579.5702562485834,306.31923921852325,390.18813937800024,579.5702562485834,579.5702562485834,-233.14385883326864,-233.14385883326864,-233.14385883326864,-233.14385883326864,-233.14385883326864,-233.14385883326864,0.0,0.0,0.0,346.4263974153148
7078,1990-02-23,579.7298020551608,303.62724452693385,390.64350590323835,579.7298020551608,579.7298020551608,-232.9043103624651,-232.9043103624651,-232.9043103624651,-232.9043103624651,-232.9043103624651,-232.9043103624651,0.0,0.0,0.0,346.82549169269566
7079,1990-02-26,580.2084394748931,308.7207228450726,390.0911673719203,580.2084394748931,580.2084394748931,-232.18491097888614,-232.18491097888614,-232.18491097888614,-232.18491097888614,-232.18491097888614,-232.18491097888614,0.0,0.0,0.0,348.023528496007
7080,1990-02-27,580.3679852814705,305.2325869653802,392.33234639249,580.3679852814705,580.3679852814705,-231.9448797360175,-231.9448797360175,-231.9448797360175,-231.9448797360175,-231.9448797360175,-231.9448797360175,0.0,0.0,0.0,348.42310554545304
7081,1990-02-28,580.5275310880479,309.1489174943627,389.8498402277656,580.5275310880479,580.5275310880479,-231.70474265536413,-231.70474265536413,-231.70474265536413,-231.70474265536413,-231.70474265536413,-231.70474265536413,0.0,0.0,0.0,348.82278843268375
7082,1990-03-01,580.6870768946258,309.0695901352658,389.85320030995365,580.6870768946258,580.6870768946258,-231.46450563770568,-231.46450563770568,-231.46450563770568,-231.46450563770568,-231.46450563770568,-231.46450563770568,0.0,0.0,0.0,349.2225712569201
7083,1990-03-02,580.8466227012032,307.27575509527287,390.76495089446007,580.8466227012032,580.8466227012032,-231.2241745629418,-231.2241745629418,-231.2241745629418,-231.2241745629418,-231.2241745629418,-231.2241745629418,0.0,0.0,0.0,349.62244813826135
7084,1990-03-05,581.3252601209354,307.2045340893168,393.56554442442075,581.3252601209354,581.3252601209354,-230.50267547917076,-230.50267547917076,-230.50267547917076,-230.50267547917076,-230.50267547917076,-230.50267547917076,0.0,0.0,0.0,350.8225846417646
7085,1990-03-06,581.4848059275129,308.60966413567706,394.4827479391299,581.4848059275129,581.4848059275129,-230.2620265529805,-230.2620265529805,-230.2620265529805,-230.2620265529805,-230.2620265529805,-230.2620265529805,0.0,0.0,0.0,351.22277937453237
7086,1990-03-07,581.6443517340903,306.8094085199357,392.135259388363,581.6443517340903,581.6443517340903,-230.02131265159028,-230.02131265159028,-230.02131265159028,-230.02131265159028,-230.02131265159028,-230.02131265159028,0.0,0.0,0.0,351.6230390825
7087,1990-03-08,581.8038975406677,310.3525540663902,395.6321393241746,581.8038975406677,581.8038975406677,-229.78053952699392,-229.78053952699392,-229.78053952699392,-229.78053952699392,-229.78053952699392,-229.78053952699392,0.0,0.0,0.0,352.0233580136737
7088,1990-03-09,581.9634433472454,310.7191819661255,392.9470091628922,581.9634433472454,581.9634433472454,-229.53971290943693,-229.53971290943693,-229.53971290943693,-229.53971290943693,-229.53971290943693,-229.53971290943693,0.0,0.0,0.0,352.42373043780844
7089,1990-03-12,582.442080766978,312.5128907270221,396.9274917043787,582.442080766978,582.442080766978,-228.8169690726973,-228.8169690726973,-228.8169690726973,-228.8169690726973,-228.8169690726973,-228.8169690726973,0.0,0.0,0.0,353.62511169428075
7090,1990-03-13,582.6016265735554,312.6580062550618,396.5552883511572,582.6016265735554,582.6016265735554,-228.57598534657,-228.57598534657,-228.57598534657,-228.57598534657,-228.57598534657,-228.57598534657,0.0,0.0,0.0,354.02564122698544
7091,1990-03-14,582.7611723801328,308.930391033638,396.6354638595453,582.7611723801328,582.7611723801328,-228.33497644827955,-228.33497644827955,-228.33497644827955,-228.33497644827955,-228.33497644827955,-228.33497644827955,0.0,0.0,0.0,354.4261959318533
7092,1990-03-15,582.9207181867101,312.96452196175767,396.437069995038,582.9207181867101,582.9207181867101,-228.09394797506988,-228.09394797506988,-228.09394797506988,-228.09394797506988,-228.09394797506988,-228.09394797506988,0.0,0.0,0.0,354.8267702116402
7093,1990-03-16,582.8051911885685,312.46294250567604,397.1807577811888,582.8051911885685,582.8051911885685,-227.85290550160624,-227.85290550160624,-227.85290550160624,-227.85290550160624,-227.85290550160624,-227.85290550160624,0.0,0.0,0.0,354.9522856869623
7094,1990-03-19,582.4586101941435,313.53454133108346,398.7340997760399,582.4586101941435,582.4586101941435,-227.12974948525826,-227.12974948525826,-227.12974948525826,-227.12974948525826,-227.12974948525826,-227.12974948525826,0.0,0.0,0.0,355.32886070888526
7095,1990-03-20,582.3430831960019,312.7911056220554,396.6284559649163,582.3430831960019,582.3430831960019,-226.88870630185147,-226.88870630185147,-226.88870630185147,-226.88870630185147,-226.88870630185147,-226.88870630185147,0.0,0.0,0.0,355.4543768941504
7096,1990-03-21,582.2275561978602,315.6949012754223,396.27165279783577,582.2275561978602,582.2275561978602,-226.6476766488375,-226.6476766488375,-226.6476766488375,-226.6476766488375,-226.6476766488375,-226.6476766488375,0.0,0.0,0.0,355.5798795490227
7097,1990-03-22,582.1120291997186,314.76080013293756,396.6511181552566,582.1120291997186,582.1120291997186,-226.4066659630196,-226.4066659630196,-226.4066659630196,-226.4066659630196,-226.4066659630196,-226.4066659630196,0.0,0.0,0.0,355.705363236699
7098,1990-03-23,581.996502201577,314.90181135364304,395.79898851241234,581.996502201577,581.996502201577,-226.16567965783238,-226.16567965783238,-226.16567965783238,-226.16567965783238,-226.16567965783238,-226.16567965783238,0.0,0.0,0.0,355.8308225437446
7099,1990-03-26,581.6499212071517,314.4332937786318,398.7676458975404,581.6499212071517,581.6499212071517,-225.44292080758188,-225.44292080758188,-225.44292080758188,-225.44292080758188,-225.44292080758188,-225.44292080758188,0.0,0.0,0.0,356.2070003995698
7100,1990-03-27,581.5343942090101,315.41831888131327,395.63560279241784,581.5343942090101,581.5343942090101,-225.20208568808025,-225.20208568808025,-225.20208568808025,-225.20208568808025,-225.20208568808025,-225.20208568808025,0.0,0.0,0.0,356.3323085209298
7101,1990-03-28,581.4188672108685,312.60816324346047,397.30308568068676,581.4188672108685,581.4188672108685,-224.9613016620517,-224.9613016620517,-224.9613016620517,-224.9613016620517,-224.9613016620517,-224.9613016620517,0.0,0.0,0.0,356.4575655488168
7102,1990-03-29,581.3033402127269,312.63014370603304,398.97554062480106,581.3033402127269,581.3033402127269,-224.7205740004492,-224.7205740004492,-224.7205740004492,-224.7205740004492,-224.7205740004492,-224.7205740004492,0.0,0.0,0.0,356.58276621227765
7103,1990-03-30,581.187813214585,317.14816223688814,397.4709880893681,581.187813214585,581.187813214585,-224.47990795010708,-224.47990795010708,-224.47990795010708,-224.47990795010708,-224.47990795010708,-224.47990795010708,0.0,0.0,0.0,356.707905264478
7104,1990-04-02,580.8412322201601,316.7534137389314,398.42398407459524,580.8412322201601,580.8412322201601,-223.75833157105768,-223.75833157105768,-223.75833157105768,-223.75833157105768,-223.75833157105768,-223.75833157105768,0.0,0.0,0.0,357.08290064910244
7105,1990-04-03,580.7257052220185,317.45501108625706,397.99129989793005,580.7257052220185,580.7257052220185,-223.51796394814127,-223.51796394814127,-223.51796394814127,-223.51796394814127,-223.51796394814127,-223.51796394814127,0.0,0.0,0.0,357.2077412738772
7106,1990-04-04,580.6101782238769,314.24205541484287,398.7852316113344,580.6101782238769,580.6101782238769,-223.277683805294,-223.277683805294,-223.277683805294,-223.277683805294,-223.277683805294,-223.277683805294,0.0,0.0,0.0,357.3324944185829
7107,1990-04-05,580.4946512257353,319.1424818666359,397.283555917726,580.4946512257353,580.4946512257353,-223.0374962424963,-223.0374962424963,-223.0374962424963,-223.0374962424963,-223.0374962424963,-223.0374962424963,0.0,0.0,0.0,357.457154983239
7108,1990-04-06,580.3791242275935,316.8726592066702,399.25863088352565,580.3791242275935,580.3791242275935,-222.79740633490294,-222.79740633490294,-222.79740633490294,-222.79740633490294,-222.79740633490294,-222.79740633490294,0.0,0.0,0.0,357.58171789269056
7109,1990-04-09,580.0325432331684,314.71542462203786,400.639423349896,580.0325432331684,580.0325432331684,-222.0777729204665,-222.0777729204665,-222.0777729204665,-222.0777729204665,-222.0777729204665,-222.0777729204665,0.0,0.0,0.0,357.95477031270195
7110,1990-04-10,579.9170162350266,317.52112913838306,397.60450080838774,579.9170162350266,579.9170162350266,-221.83812388532465,-221.83812388532465,-221.83812388532465,-221.83812388532465,-221.83812388532465,-221.83812388532465,0.0,0.0,0.0,358.07889234970196
7111,1990-04-11,579.801489236885,318.9784594278088,399.1513217128474,579.801489236885,579.801489236885,-221.59859750538783,-221.59859750538783,-221.59859750538783,-221.59859750538783,-221.59859750538783,-221.59859750538783,0.0,0.0,0.0,358.2028917314972
7112,1990-04-12,579.6859622387434,317.81536465630063,400.51158593286436,579.6859622387434,579.6859622387434,-221.3591987048359,-221.3591987048359,-221.3591987048359,-221.3591987048359,-221.3591987048359,-221.3591987048359,0.0,0.0,0.0,358.3267635339075
7113,1990-04-16,579.2238542461769,320.38607971563187,399.48769602821824,579.2238542461769,579.2238542461769,-220.40297688597758,-220.40297688597758,-220.40297688597758,-220.40297688597758,-220.40297688597758,-220.40297688597758,0.0,0.0,0.0,358.8208773601993
7114,1990-04-17,579.108327248035,315.22042551467877,398.654364176191,579.108327248035,579.108327248035,-220.16428894967984,-220.16428894967984,-220.16428894967984,-220.16428894967984,-220.16428894967984,-220.16428894967984,0.0,0.0,0.0,358.94403829835517
7115,1990-04-18,578.9928002498934,320.25358374391243,401.54486922899054,578.9928002498934,578.9928002498934,-219.92575759936227,-219.92575759936227,-219.92575759936227,-219.92575759936227,-219.92575759936227,-219.92575759936227,0.0,0.0,0.0,359.06704265053116
7116,1990-04-19,578.8772732517518,318.81413663631224,401.9997830866898,578.8772732517518,578.8772732517518,-219.68738757887627,-219.68738757887627,-219.68738757887627,-219.68738757887627,-219.68738757887627,-219.68738757887627,0.0,0.0,0.0,359.18988567287556
7117,1990-04-20,578.7617462536102,318.38232941216006,402.34514261222813,578.7617462536102,578.7617462536102,-219.4491836059596,-219.4491836059596,-219.4491836059596,-219.4491836059596,-219.4491836059596,-219.4491836059596,0.0,0.0,0.0,359.3125626476506
7118,1990-04-23,578.415165259185,317.9324848082662,400.9307457564298,578.415165259185,578.415165259185,-218.73561475652627,-218.73561475652627,-218.73561475652627,-218.73561475652627,-218.73561475652627,-218.73561475652627,0.0,0.0,0.0,359.6795505026587
7119,1990-04-24,578.2996382610434,319.0605870851387,399.8662497980367,578.2996382610434,578.2996382610434,-218.49812162603885,-218.49812162603885,-218.49812162603885,-218.49812162603885,-218.49812162603885,-218.49812162603885,0.0,0.0,0.0,359.80151663500453
7120,1990-04-25,578.1841112629018,317.8026776853605,401.16567349863794,578.1841112629018,578.1841112629018,-218.2608177371596,-218.2608177371596,-218.2608177371596,-218.2608177371596,-218.2608177371596,-218.2608177371596,0.0,0.0,0.0,359.9232935257421
7121,1990-04-26,578.0685842647601,316.22343010724654,398.75643394054424,578.0685842647601,578.0685842647601,-218.02370764918763,-218.02370764918763,-218.02370764918763,-218.02370764918763,-218.02370764918763,-218.02370764918763,0.0,0.0,0.0,360.04487661557255
7122,1990-04-27,577.9530572666184,319.8053971517432,402.1418999163394,577.9530572666184,577.9530572666184,-217.78679589473083,-217.78679589473083,-217.78679589473083,-217.78679589473083,-217.78679589473083,-217.78679589473083,0.0,0.0,0.0,360.1662613718876
7123,1990-04-30,577.6064762721934,318.2696737019047,403.3018847646819,577.6064762721934,577.6064762721934,-217.0772955565083,-217.0772955565083,-217.0772955565083,-217.0772955565083,-217.0772955565083,-217.0772955565083,0.0,0.0,0.0,360.52918071568513
7124,1990-05-01,577.4909492740518,317.47482185475434,399.97831792719427,577.4909492740518,577.4909492740518,-216.84122192561915,-216.84122192561915,-216.84122192561915,-216.84122192561915,-216.84122192561915,-216.84122192561915,0.0,0.0,0.0,360.64972734843263
7125,1990-05-02,577.3754222759102,316.9509171277328,399.3978597827754,577.3754222759102,577.3754222759102,-216.60536888818243,-216.60536888818243,-216.60536888818243,-216.60536888818243,-216.60536888818243,-216.60536888818243,0.0,0.0,0.0,360.7700533877278
7126,1990-05-03,577.2598952777686,321.30120557336255,404.40302034318745,577.2598952777686,577.2598952777686,-216.3697408150318,-216.3697408150318,-216.3697408150318,-216.3697408150318,-216.3697408150318,-216.3697408150318,0.0,0.0,0.0,360.89015446273675
7127,1990-05-04,577.1443682796267,320.1634667401488,404.81349347391557,577.1443682796267,577.1443682796267,-216.1343420497756,-216.1343420497756,-216.1343420497756,-216.1343420497756,-216.1343420497756,-216.1343420497756,0.0,0.0,0.0,361.0100262298512
7128,1990-05-07,576.7977872852018,323.29209055979163,404.8876970364237,576.7977872852018,576.7977872852018,-215.42956462757343,-215.42956462757343,-215.42956462757343,-215.42956462757343,-215.42956462757343,-215.42956462757343,0.0,0.0,0.0,361.3682226576284
7129,1990-05-08,576.6822602870601,319.5992976007462,404.85621366961664,576.6822602870601,576.6822602870601,-215.1951259829669,-215.1951259829669,-215.1951259829669,-215.1951259829669,-215.1951259829669,-215.1951259829669,0.0,0.0,0.0,361.48713430409316
7130,1990-05-09,576.5667332889183,318.63376838717414,405.8503297048892,576.5667332889183,576.5667332889183,-214.96093795341935,-214.96093795341935,-214.96093795341935,-214.96093795341935,-214.96093795341935,-214.96093795341935,0.0,0.0,0.0,361.6057953354989
7131,1990-05-10,576.4512062907767,316.3631842980472,401.52146655250954,576.4512062907767,576.4512062907767,-214.7270047176991,-214.7270047176991,-214.7270047176991,-214.7270047176991,-214.7270047176991,-214.7270047176991,0.0,0.0,0.0,361.7242015730776
7132,1990-05-11,576.335679292635,319.71776526342717,404.5735922479222,576.335679292635,576.335679292635,-214.49333042686206,-214.49333042686206,-214.49333042686206,-214.49333042686206,-214.49333042686206,-214.49333042686206,0.0,0.0,0.0,361.8423488657729
7133,1990-05-14,575.9890982982101,322.409391813805,406.1564436823494,575.9890982982101,575.9890982982101,-213.7939023171274,-213.7939023171274,-213.7939023171274,-213.7939023171274,-213.7939023171274,-213.7939023171274,0.0,0.0,0.0,362.19519598108275
7134,1990-05-15,575.8735713000683,323.02120873778705,403.990414148076,575.8735713000683,575.8735713000683,-213.56130475982283,-213.56130475982283,-213.56130475982283,-213.56130475982283,-213.56130475982283,-213.56130475982283,0.0,0.0,0.0,362.31226654024545
7135,1990-05-16,575.7580443019267,316.9668116066731,402.37233230252866,575.7580443019267,575.7580443019267,-213.3289864847034,-213.3289864847034,-213.3289864847034,-213.3289864847034,-213.3289864847034,-213.3289864847034,0.0,0.0,0.0,362.42905781722334
7136,1990-05-17,575.6425173037851,321.5867900631926,404.11289487348904,575.6425173037851,575.6425173037851,-213.0969514751911,-213.0969514751911,-213.0969514751911,-213.0969514751911,-213.0969514751911,-213.0969514751911,0.0,0.0,0.0,362.545565828594
7137,1990-05-18,575.5269903056435,321.067892069236,403.9480103737277,575.5269903056435,575.5269903056435,-212.86520368655297,-212.86520368655297,-212.86520368655297,-212.86520368655297,-212.86520368655297,-212.86520368655297,0.0,0.0,0.0,362.66178661909055
7138,1990-05-21,575.1804093112186,322.65416463549144,403.6860268928089,575.1804093112186,575.1804093112186,-212.1717227749724,-212.1717227749724,-212.1717227749724,-212.1717227749724,-212.1717227749724,-212.1717227749724,0.0,0.0,0.0,363.00868653624616
7139,1990-05-22,575.0648823130767,323.91527507284735,407.5962860421517,575.0648823130767,575.0648823130767,-211.94116285732198,-211.94116285732198,-211.94116285732198,-211.94116285732198,-211.94116285732198,-211.94116285732198,0.0,0.0,0.0,363.1237194557548
7140,1990-05-23,574.949355314935,321.95270305263557,403.087242821275,574.949355314935,574.949355314935,-211.71090951249522,-211.71090951249522,-211.71090951249522,-211.71090951249522,-211.71090951249522,-211.71090951249522,0.0,0.0,0.0,363.2384458024398
7141,1990-05-24,574.8338283167933,323.43584530647905,407.6321644934537,574.8338283167933,574.8338283167933,-211.48096652560864,-211.48096652560864,-211.48096652560864,-211.48096652560864,-211.48096652560864,-211.48096652560864,0.0,0.0,0.0,363.35286179118464
7142,1990-05-25,574.7183013186517,319.794073671443,405.893601228525,574.7183013186517,574.7183013186517,-211.2513376532266,-211.2513376532266,-211.2513376532266,-211.2513376532266,-211.2513376532266,-211.2513376532266,0.0,0.0,0.0,363.46696366542506
7143,1990-05-29,574.256193326085,322.4955176769399,405.40441666742987,574.256193326085,574.256193326085,-210.33603743777178,-210.33603743777178,-210.33603743777178,-210.33603743777178,-210.33603743777178,-210.33603743777178,0.0,0.0,0.0,363.9201558883133
7144,1990-05-30,574.1406663279434,325.3694274324463,404.729403727736,574.1406663279434,574.1406663279434,-210.10803448340582,-210.10803448340582,-210.10803448340582,-210.10803448340582,-210.10803448340582,-210.10803448340582,0.0,0.0,0.0,364.0326318445376
7145,1990-05-31,574.0251393298017,323.1520770286104,404.4302716354281,574.0251393298017,574.0251393298017,-209.8803675804421,-209.8803675804421,-209.8803675804421,-209.8803675804421,-209.8803675804421,-209.8803675804421,0.0,0.0,0.0,364.1447717493596
7146,1990-06-01,573.9096123316601,321.8172361074159,404.95120108956525,573.9096123316601,573.9096123316601,-209.65304028415355,-209.65304028415355,-209.65304028415355,-209.65304028415355,-209.65304028415355,-209.65304028415355,0.0,0.0,0.0,364.25657204750655
7147,1990-06-04,573.5630313372351,324.347587313657,407.56516465563124,573.5630313372351,573.5630313372351,-208.97313115357105,-208.97313115357105,-208.97313115357105,-208.97313115357105,-208.97313115357105,-208.97313115357105,0.0,0.0,0.0,364.58990018366404
7148,1990-06-05,573.4475043390935,321.25409141410796,404.7978375208266,573.4475043390935,573.4475043390935,-208.74719725707223,-208.74719725707223,-208.74719725707223,-208.74719725707223,-208.74719725707223,-208.74719725707223,0.0,0.0,0.0,364.70030708202125
7149,1990-06-06,573.3319773409519,324.3111572679422,405.18848866098483,573.3319773409519,573.3319773409519,-208.52162030849823,-208.52162030849823,-208.52162030849823,-208.52162030849823,-208.52162030849823,-208.52162030849823,0.0,0.0,0.0,364.8103570324537
7150,1990-06-07,573.2164503428098,320.8018896074406,404.3541798567934,573.2164503428098,573.2164503428098,-208.29640368877298,-208.29640368877298,-208.29640368877298,-208.29640368877298,-208.29640368877298,-208.29640368877298,0.0,0.0,0.0,364.9200466540368
7151,1990-06-08,573.1009233446682,323.17609511267517,405.24864011071367,573.1009233446682,573.1009233446682,-208.0715507496149,-208.0715507496149,-208.0715507496149,-208.0715507496149,-208.0715507496149,-208.0715507496149,0.0,0.0,0.0,365.02937259505336
7152,1990-06-11,572.7543423502434,325.4090800440465,409.68884331118664,572.7543423502434,572.7543423502434,-207.39920709383358,-207.39920709383358,-207.39920709383358,-207.39920709383358,-207.39920709383358,-207.39920709383358,0.0,0.0,0.0,365.3551352564098
7153,1990-06-12,572.6388153521017,324.7915400770014,406.51710220790943,572.6388153521017,572.6388153521017,-207.17584180866731,-207.17584180866731,-207.17584180866731,-207.17584180866731,-207.17584180866731,-207.17584180866731,0.0,0.0,0.0,365.4629735434344
7154,1990-06-13,572.52328835396,328.09405193553437,407.4339815011299,572.52328835396,572.52328835396,-206.95285652323616,-206.95285652323616,-206.95285652323616,-206.95285652323616,-206.95285652323616,-206.95285652323616,0.0,0.0,0.0,365.5704318307238
7155,1990-06-14,572.4077613558184,324.0356277282943,404.0715605911227,572.4077613558184,572.4077613558184,-206.7302544132323,-206.7302544132323,-206.7302544132323,-206.7302544132323,-206.7302544132323,-206.7302544132323,0.0,0.0,0.0,365.6775069425861
7156,1990-06-15,572.2922343576766,321.1035210264934,408.29641266767123,572.2922343576766,572.2922343576766,-206.50803862488632,-206.50803862488632,-206.50803862488632,-206.50803862488632,-206.50803862488632,-206.50803862488632,0.0,0.0,0.0,365.7841957327903
7157,1990-06-18,571.9456533632518,322.5272945580796,406.61684785773406,571.9456533632518,571.9456533632518,-205.84374020950324,-205.84374020950324,-205.84374020950324,-205.84374020950324,-205.84374020950324,-205.84374020950324,0.0,0.0,0.0,366.10191315374857
7158,1990-06-19,571.83012636511,324.76819903217614,413.0247329158125,571.83012636511,571.83012636511,-205.62310057974463,-205.62310057974463,-205.62310057974463,-205.62310057974463,-205.62310057974463,-205.62310057974463,0.0,0.0,0.0,366.2070257853654
7159,1990-06-20,571.7145993669684,325.5342195384377,408.0616925851313,571.7145993669684,571.7145993669684,-205.4028625597656,-205.4028625597656,-205.4028625597656,-205.4028625597656,-205.4028625597656,-205.4028625597656,0.0,0.0,0.0,366.3117368072028
7160,1990-06-21,571.5990723688268,323.4551673257999,412.49668174086435,571.5990723688268,571.5990723688268,-205.18302911837515,-205.18302911837515,-205.18302911837515,-205.18302911837515,-205.18302911837515,-205.18302911837515,0.0,0.0,0.0,366.41604325045165
7161,1990-06-22,571.4835453706851,325.03297298492396,408.48721832851845,571.4835453706851,571.4835453706851,-204.9636031947118,-204.9636031947118,-204.9636031947118,-204.9636031947118,-204.9636031947118,-204.9636031947118,0.0,0.0,0.0,366.51994217597326
7162,1990-06-25,571.1369643762599,324.12013753487145,406.27636483033626,571.1369643762599,571.1369643762599,-204.30779947587612,-204.30779947587612,-204.30779947587612,-204.30779947587612,-204.30779947587612,-204.30779947587612,0.0,0.0,0.0,366.82916490038383
7163,1990-06-26,571.0214373781183,322.9917126737906,407.36146453245533,571.0214373781183,571.0214373781183,-204.0900324202108,-204.0900324202108,-204.0900324202108,-204.0900324202108,-204.0900324202108,-204.0900324202108,0.0,0.0,0.0,366.9314049579075
7164,1990-06-27,570.9059103799766,323.6905758135366,408.9755714080939,570.9059103799766,570.9059103799766,-203.87268713203508,-203.87268713203508,-203.87268713203508,-203.87268713203508,-203.87268713203508,-203.87268713203508,0.0,0.0,0.0,367.0332232479415
7165,1990-06-28,570.790383381835,323.7308515616255,407.309412197217,570.790383381835,570.790383381835,-203.65576637195278,-203.65576637195278,-203.65576637195278,-203.65576637195278,-203.65576637195278,-203.65576637195278,0.0,0.0,0.0,367.1346170098822
7166,1990-06-29,570.6748563836934,327.1934950842477,405.68353700158576,570.6748563836934,570.6748563836934,-203.43927287073677,-203.43927287073677,-203.43927287073677,-203.43927287073677,-203.43927287073677,-203.43927287073677,0.0,0.0,0.0,367.2355835129566
7167,1990-07-02,570.3282753892684,325.4337703195725,406.06842124419586,570.3282753892684,570.3282753892684,-202.7923827801306,-202.7923827801306,-202.7923827801306,-202.7923827801306,-202.7923827801306,-202.7923827801306,0.0,0.0,0.0,367.53589260913776
7168,1990-07-03,570.2127483911268,323.5374170098132,406.88842951871754,570.2127483911268,570.2127483911268,-202.5776250248083,-202.5776250248083,-202.5776250248083,-202.5776250248083,-202.5776250248083,-202.5776250248083,0.0,0.0,0.0,367.63512336631845
7169,1990-07-05,569.9816943948434,326.7841792577108,407.8356354399044,569.9816943948435,569.9816943948435,-202.1494334593944,-202.1494334593944,-202.1494334593944,-202.1494334593944,-202.1494334593944,-202.1494334593944,0.0,0.0,0.0,367.832260935449
7170,1990-07-06,569.8661673967018,328.1404641449622,409.87408379873455,569.8661673967019,569.8661673967019,-201.9360047221751,-201.9360047221751,-201.9360047221751,-201.9360047221751,-201.9360047221751,-201.9360047221751,0.0,0.0,0.0,367.93016267452674
7171,1990-07-09,569.5195864022766,327.63847057506433,409.34011531827406,569.5195864022766,569.5195864022766,-201.29841650056613,-201.29841650056613,-201.29841650056613,-201.29841650056613,-201.29841650056613,-201.29841650056613,0.0,0.0,0.0,368.2211699017104
7172,1990-07-10,569.404059404135,320.87311679738633,409.5448313857759,569.404059404135,569.404059404135,-201.08679452854219,-201.08679452854219,-201.08679452854219,-201.08679452854219,-201.08679452854219,-201.08679452854219,0.0,0.0,0.0,368.31726487559274
7173,1990-07-11,569.2885324059934,324.7567195182085,410.0811932229072,569.2885324059934,569.2885324059934,-200.87563025170815,-200.87563025170815,-200.87563025170815,-200.87563025170815,-200.87563025170815,-200.87563025170815,0.0,0.0,0.0,368.41290215428523
7174,1990-07-12,569.1730054078515,326.2224790850673,409.59319035812507,569.1730054078515,569.1730054078515,-200.6649260116176,-200.6649260116176,-200.6649260116176,-200.6649260116176,-200.6649260116176,-200.6649260116176,0.0,0.0,0.0,368.50807939623394
7175,1990-07-13,569.0574784097099,326.2847342048185,412.08282781634693,569.0574784097099,569.0574784097099,-200.4546841198104,-200.4546841198104,-200.4546841198104,-200.4546841198104,-200.4546841198104,-200.4546841198104,0.0,0.0,0.0,368.6027942898995
7176,1990-07-16,568.7108974152851,324.3696280446928,407.76479350755733,568.7108974152851,568.7108974152851,-199.82675519916296,-199.82675519916296,-199.82675519916296,-199.82675519916296,-199.82675519916296,-199.82675519916296,0.0,0.0,0.0,368.88414221612214
7177,1990-07-17,568.5953704171434,327.2000566020281,409.75667296791335,568.5953704171434,568.5953704171434,-199.61838521542464,-199.61838521542464,-199.61838521542464,-199.61838521542464,-199.61838521542464,-199.61838521542464,0.0,0.0,0.0,368.9769852017188
7178,1990-07-18,568.4798434190017,329.969687981695,411.6811287896556,568.4798434190017,568.4798434190017,-199.41048868728888,-199.41048868728888,-199.41048868728888,-199.41048868728888,-199.41048868728888,-199.41048868728888,0.0,0.0,0.0,369.0693547317128
7179,1990-07-19,568.36431642086,325.81322744395777,407.52150856207817,568.36431642086,568.36431642086,-199.20306774612288,-199.20306774612288,-199.20306774612288,-199.20306774612288,-199.20306774612288,-199.20306774612288,0.0,0.0,0.0,369.16124867473707
7180,1990-07-20,568.2487894227183,325.22298878887017,411.2541475820881,568.2487894227183,568.2487894227183,-198.99612449325946,-198.99612449325946,-198.99612449325946,-198.99612449325946,-198.99612449325946,-198.99612449325946,0.0,0.0,0.0,369.2526649294589
7181,1990-07-23,567.9022084282932,325.47096950714007,410.1525116731887,567.9022084282932,567.9022084282932,-198.37818142731928,-198.37818142731928,-198.37818142731928,-198.37818142731928,-198.37818142731928,-198.37818142731928,0.0,0.0,0.0,369.5240270009739
7182,1990-07-24,567.7866814301515,327.6003378753761,409.405676015459,567.7866814301515,567.7866814301515,-198.17316934035406,-198.17316934035406,-198.17316934035406,-198.17316934035406,-198.17316934035406,-198.17316934035406,0.0,0.0,0.0,369.6135120897974
7183,1990-07-25,567.6711544320099,327.2427281435504,408.4256313331881,567.6711544320099,567.6711544320099,-197.9686449979018,-197.9686449979018,-197.9686449979018,-197.9686449979018,-197.9686449979018,-197.9686449979018,0.0,0.0,0.0,369.70250943410804
7184,1990-07-26,567.5556274338683,325.7933397174715,410.0902332854241,567.5556274338683,567.5556274338683,-197.76461032113988,-197.76461032113988,-197.76461032113988,-197.76461032113988,-197.76461032113988,-197.76461032113988,0.0,0.0,0.0,369.79101711272835
7185,1990-07-27,567.4401004357267,328.47943103038244,409.9589950252519,567.4401004357267,567.4401004357267,-197.56106720123762,-197.56106720123762,-197.56106720123762,-197.56106720123762,-197.56106720123762,-197.56106720123762,0.0,0.0,0.0,369.87903323448904
7186,1990-07-30,567.0935194413016,329.19514429180947,413.26199407253375,567.0935194413016,567.0935194413016,-196.9534056444237,-196.9534056444237,-196.9534056444237,-196.9534056444237,-196.9534056444237,-196.9534056444237,0.0,0.0,0.0,370.1401137968779
7187,1990-07-31,566.97799244316,328.9968237441694,410.77336778852396,566.97799244316,566.97799244316,-196.75184706377178,-196.75184706377178,-196.75184706377178,-196.75184706377178,-196.75184706377178,-196.75184706377178,0.0,0.0,0.0,370.22614537938824
7188,1990-08-01,566.8624654450183,327.5722823637768,412.4344792123629,566.8624654450183,566.8624654450183,-196.55078904599893,-196.55078904599893,-196.55078904599893,-196.55078904599893,-196.55078904599893,-196.55078904599893,0.0,0.0,0.0,370.31167639901935
7189,1990-08-02,566.7469384468767,329.0548083566995,410.2691192436703,566.7469384468767,566.7469384468767,-196.35023330241648,-196.35023330241648,-196.35023330241648,-196.35023330241648,-196.35023330241648,-196.35023330241648,0.0,0.0,0.0,370.3967051444602
7190,1990-08-03,566.6314114487351,327.72559198448585,409.26479200293323,566.6314114487351,566.6314114487351,-196.15018151439955,-196.15018151439955,-196.15018151439955,-196.15018151439955,-196.15018151439955,-196.15018151439955,0.0,0.0,0.0,370.48122993433554
7191,1990-08-06,566.28483045431,327.4844301170799,413.42276982318594,566.28483045431,566.28483045431,-195.55306624876658,-195.55306624876658,-195.55306624876658,-195.55306624876658,-195.55306624876658,-195.55306624876658,0.0,0.0,0.0,370.73176420554347
7192,1990-08-07,566.1693034561682,331.02918684585603,408.8483526335276,566.1693034561682,566.1693034561682,-195.35504649856918,-195.35504649856918,-195.35504649856918,-195.35504649856918,-195.35504649856918,-195.35504649856918,0.0,0.0,0.0,370.814256957599
7193,1990-08-08,566.0537764580266,330.081442977845,411.101991143561,566.0537764580266,566.0537764580266,-195.15753866230793,-195.15753866230793,-195.15753866230793,-195.15753866230793,-195.15753866230793,-195.15753866230793,0.0,0.0,0.0,370.89623779571866
7194,1990-08-09,565.9382494598848,327.9545620061338,411.05179069056277,565.9382494598848,565.9382494598848,-194.96054424207475,-194.96054424207475,-194.96054424207475,-194.96054424207475,-194.96054424207475,-194.96054424207475,0.0,0.0,0.0,370.97770521781
7195,1990-08-10,565.8227224617432,328.598250735174,411.29524574832556,565.8227224617432,565.8227224617432,-194.76406471014408,-194.76406471014408,-194.76406471014408,-194.76406471014408,-194.76406471014408,-194.76406471014408,0.0,0.0,0.0,371.05865775159907
7196,1990-08-13,565.4761414673183,329.65997255399265,408.19005105436753,565.4761414673183,565.4761414673183,-194.17772972010087,-194.17772972010087,-194.17772972010087,-194.17772972010087,-194.17772972010087,-194.17772972010087,0.0,0.0,0.0,371.2984117472174
7197,1990-08-14,565.3606144691767,328.61741282473633,417.33078214766795,565.3606144691767,565.3606144691767,-193.9833238685319,-193.9833238685319,-193.9833238685319,-193.9833238685319,-193.9833238685319,-193.9833238685319,0.0,0.0,0.0,371.37729060064476
7198,1990-08-15,565.245087471035,327.1239297847919,413.179609871556,565.245087471035,565.245087471035,-193.7894398201409,-193.7894398201409,-193.7894398201409,-193.7894398201409,-193.7894398201409,-193.7894398201409,0.0,0.0,0.0,371.45564765089415
7199,1990-08-16,565.1295604728932,328.8995474662277,411.5141820086553,565.1295604728932,565.1295604728932,-193.59607886876856,-193.59607886876856,-193.59607886876856,-193.59607886876856,-193.59607886876856,-193.59607886876856,0.0,0.0,0.0,371.53348160412463
7200,1990-08-17,565.0140334747516,329.6362691845328,415.28917884622757,565.0140334747516,565.0140334747516,-193.40324227860162,-193.40324227860162,-193.40324227860162,-193.40324227860162,-193.40324227860162,-193.40324227860162,0.0,0.0,0.0,371.61079119615
7201,1990-08-20,564.6674524803267,330.7441393592824,414.0543529418126,564.6674524803267,564.6674524803267,-192.82789087299665,-192.82789087299665,-192.82789087299665,-192.82789087299665,-192.82789087299665,-192.82789087299665,0.0,0.0,0.0,371.83956160733004
7202,1990-08-21,564.5519254821851,329.4287361658832,412.37210057943213,564.5519254821851,564.5519254821851,-192.63716377744376,-192.63716377744376,-192.63716377744376,-192.63716377744376,-192.63716377744376,-192.63716377744376,0.0,0.0,0.0,371.9147617047413
7203,1990-08-22,564.4363984840431,332.8752514838566,413.3029574273305,564.4363984840431,564.4363984840431,-192.44696692022657,-192.44696692022657,-192.44696692022657,-192.44696692022657,-192.44696692022657,-192.44696692022657,0.0,0.0,0.0,371.98943156381654
7204,1990-08-23,564.3208714859015,330.66560155131396,414.40317761522834,564.3208714859015,564.3208714859015,-192.25730138821905,-192.25730138821905,-192.25730138821905,-192.25730138821905,-192.25730138821905,-192.25730138821905,0.0,0.0,0.0,372.0635700976825
7205,1990-08-24,564.2053444877599,332.72237659740205,410.2856141310792,564.2053444877599,564.2053444877599,-192.06816823885234,-192.06816823885234,-192.06816823885234,-192.06816823885234,-192.06816823885234,-192.06816823885234,0.0,0.0,0.0,372.1371762489076
7206,1990-08-27,563.8587634933349,332.94141367607347,412.65406584956526,563.8587634933349,563.8587634933349,-191.5039732199658,-191.5039732199658,-191.5039732199658,-191.5039732199658,-191.5039732199658,-191.5039732199658,0.0,0.0,0.0,372.3547902733691
7207,1990-08-28,563.7432364951932,328.8852139707881,415.5133098159785,563.7432364951932,563.7432364951932,-191.31697958779762,-191.31697958779762,-191.31697958779762,-191.31697958779762,-191.31697958779762,-191.31697958779762,0.0,0.0,0.0,372.42625690739555
7208,1990-08-29,563.6277094970516,329.3653595560287,412.12349616631616,563.6277094970516,563.6277094970516,-191.13052318498092,-191.13052318498092,-191.13052318498092,-191.13052318498092,-191.13052318498092,-191.13052318498092,0.0,0.0,0.0,372.49718631207065
7209,1990-08-30,563.51218249891,329.06595438435545,411.1979886212287,563.51218249891,563.51218249891,-190.9446048930236,-190.9446048930236,-190.9446048930236,-190.9446048930236,-190.9446048930236,-190.9446048930236,0.0,0.0,0.0,372.56757760588636
7210,1990-08-31,563.3966555007684,331.19292774750863,413.42190042875944,563.3966555007684,563.3966555007684,-190.75922556424362,-190.75922556424362,-190.75922556424362,-190.75922556424362,-190.75922556424362,-190.75922556424362,0.0,0.0,0.0,372.63742993652477
7211,1990-09-04,562.9345475082016,332.2530675346614,413.10881945522834,562.9345475082016,562.9345475082016,-190.02311390788617,-190.02311390788617,-190.02311390788617,-190.02311390788617,-190.02311390788617,-190.02311390788617,0.0,0.0,0.0,372.91143360031543
7212,1990-09-05,562.81902051006,335.53088175656296,416.2054980325473,562.81902051006,562.81902051006,-189.8404411609748,-189.8404411609748,-189.8404411609748,-189.8404411609748,-189.8404411609748,-189.8404411609748,0.0,0.0,0.0,372.9785793490852
7213,1990-09-06,562.7034935119183,333.04296613844434,415.6238386228332,562.7034935119183,562.7034935119183,-189.6583118804661,-189.6583118804661,-189.6583118804661,-189.6583118804661,-189.6583118804661,-189.6583118804661,0.0,0.0,0.0,373.0451816314522
7214,1990-09-07,562.5879665137765,334.5353662885621,413.089893512177,562.5879665137765,562.5879665137765,-189.47672671551834,-189.47672671551834,-189.47672671551834,-189.47672671551834,-189.47672671551834,-189.47672671551834,0.0,0.0,0.0,373.1112397982581
7215,1990-09-10,562.2413855193515,331.42393125742615,410.6818783404361,562.2413855193515,562.2413855193515,-188.9352419732187,-188.9352419732187,-188.9352419732187,-188.9352419732187,-188.9352419732187,-188.9352419732187,0.0,0.0,0.0,373.30614354613283
7216,1990-09-11,562.1258585212099,334.30311031592976,416.3561447595918,562.1258585212099,562.1258585212099,-188.75583918589115,-188.75583918589115,-188.75583918589115,-188.75583918589115,-188.75583918589115,-188.75583918589115,0.0,0.0,0.0,373.3700193353188
7217,1990-09-12,562.0103315230683,332.49429326202124,415.00638134537843,562.0103315230683,562.0103315230683,-188.57698332818205,-188.57698332818205,-188.57698332818205,-188.57698332818205,-188.57698332818205,-188.57698332818205,0.0,0.0,0.0,373.43334819488626
7218,1990-09-13,561.8948045249265,328.96815334843313,415.350361309255,561.8948045249265,561.8948045249265,-188.39867487689702,-188.39867487689702,-188.39867487689702,-188.39867487689702,-188.39867487689702,-188.39867487689702,0.0,0.0,0.0,373.49612964802947
7219,1990-09-14,561.7792775267849,330.9203541436408,416.845953998867,561.7792775267849,561.7792775267849,-188.22091428029054,-188.22091428029054,-188.22091428029054,-188.22091428029054,-188.22091428029054,-188.22091428029054,0.0,0.0,0.0,373.5583632464943
7220,1990-09-17,561.43269653236,331.03789967478815,412.23308819529694,561.43269653236,561.43269653236,-187.6909236739277,-187.6909236739277,-187.6909236739277,-187.6909236739277,-187.6909236739277,-187.6909236739277,0.0,0.0,0.0,373.7417728584322
7221,1990-09-18,561.3171695342184,335.1120980394539,415.6817851879638,561.3171695342184,561.3171695342184,-187.51535840940824,-187.51535840940824,-187.51535840940824,-187.51535840940824,-187.51535840940824,-187.51535840940824,0.0,0.0,0.0,373.8018111248101
7222,1990-09-19,561.2016425360767,332.7523360186319,410.6957525542573,561.2016425360767,561.2016425360767,-187.34034281443232,-187.34034281443232,-187.34034281443232,-187.34034281443232,-187.34034281443232,-187.34034281443232,0.0,0.0,0.0,373.8612997216444
7223,1990-09-20,561.0861155379349,333.7944611208046,418.0050976717041,561.0861155379349,561.0861155379349,-187.16587716707494,-187.16587716707494,-187.16587716707494,-187.16587716707494,-187.16587716707494,-187.16587716707494,0.0,0.0,0.0,373.92023837086
7224,1990-09-21,560.9705885397931,333.7303771618434,414.4207986999388,560.9705885397931,560.9705885397931,-186.99196171724196,-186.99196171724196,-186.99196171724196,-186.99196171724196,-186.99196171724196,-186.99196171724196,0.0,0.0,0.0,373.9786268225511
7225,1990-09-24,560.6240075453683,333.69837869465283,415.415827468453,560.6240075453683,560.6240075453683,-186.4735186306685,-186.4735186306685,-186.4735186306685,-186.4735186306685,-186.4735186306685,-186.4735186306685,0.0,0.0,0.0,374.15048891469974
7226,1990-09-25,560.5084805472264,332.24109006683193,414.6498302459921,560.5084805472264,560.5084805472264,-186.3018059086968,-186.3018059086968,-186.3018059086968,-186.3018059086968,-186.3018059086968,-186.3018059086968,0.0,0.0,0.0,374.20667463852965
7227,1990-09-26,560.3929535490848,328.70249326315445,414.87057214970264,560.3929535490848,560.3929535490848,-186.1306442133295,-186.1306442133295,-186.1306442133295,-186.1306442133295,-186.1306442133295,-186.1306442133295,0.0,0.0,0.0,374.26230933575533
7228,1990-09-27,560.2774265509432,332.50304846320046,413.87078917513577,560.2774265509432,560.2774265509432,-185.9600336267165,-185.9600336267165,-185.9600336267165,-185.9600336267165,-185.9600336267165,-185.9600336267165,0.0,0.0,0.0,374.31739292422674
7229,1990-09-28,560.1618995528016,332.77192928348325,415.6548330911027,560.1618995528016,560.1618995528016,-185.789974203264,-185.789974203264,-185.789974203264,-185.789974203264,-185.789974203264,-185.789974203264,0.0,0.0,0.0,374.3719253495376
7230,1990-10-01,559.8153185583765,335.2524568799792,417.55531818568613,559.8153185583765,559.8153185583765,-185.28310304113575,-185.28310304113575,-185.28310304113575,-185.28310304113575,-185.28310304113575,-185.28310304113575,0.0,0.0,0.0,374.53221551724073
7231,1990-10-02,559.6997915602349,332.37041173934733,419.1970938608433,559.6997915602349,559.6997915602349,-185.11524826178203,-185.11524826178203,-185.11524826178203,-185.11524826178203,-185.11524826178203,-185.11524826178203,0.0,0.0,0.0,374.58454329845284
7232,1990-10-03,559.5842645620933,335.77064751277237,419.5854535254618,559.5842645620933,559.5842645620933,-184.94794450374036,-184.94794450374036,-184.94794450374036,-184.94794450374036,-184.94794450374036,-184.94794450374036,0.0,0.0,0.0,374.6363200583529
7233,1990-10-04,559.4687375639517,333.7987905958218,418.103007466117,559.4687375639517,559.4687375639517,-184.78119165633015,-184.78119165633015,-184.78119165633015,-184.78119165633015,-184.78119165633015,-184.78119165633015,0.0,0.0,0.0,374.6875459076215
7234,1990-10-05,559.3532105658101,332.9708223152605,417.7121331195291,559.3532105658101,559.3532105658101,-184.61498958159217,-184.61498958159217,-184.61498958159217,-184.61498958159217,-184.61498958159217,-184.61498958159217,0.0,0.0,0.0,374.7382209842179
7235,1990-10-08,559.0066295713848,332.59315004155076,418.4544149030249,559.0066295713848,559.0066295713848,-184.1196862061189,-184.1196862061189,-184.1196862061189,-184.1196862061189,-184.1196862061189,-184.1196862061189,0.0,0.0,0.0,374.8869433652659
7236,1990-10-09,558.8911025732432,333.04546299020274,415.96788385478555,558.8911025732432,558.8911025732432,-183.95568529937285,-183.95568529937285,-183.95568529937285,-183.95568529937285,-183.95568529937285,-183.95568529937285,0.0,0.0,0.0,374.93541727387037
7237,1990-10-10,558.7755755751016,332.9994673882796,415.112142139523,558.7755755751016,558.7755755751016,-183.7922340687993,-183.7922340687993,-183.7922340687993,-183.7922340687993,-183.7922340687993,-183.7922340687993,0.0,0.0,0.0,374.9833415063023
7238,1990-10-11,558.6600485769599,332.02094582925776,418.9130336925561,558.6600485769599,558.6600485769599,-183.62933221426144,-183.62933221426144,-183.62933221426144,-183.62933221426144,-183.62933221426144,-183.62933221426144,0.0,0.0,0.0,375.0307163626984
7239,1990-10-12,558.5445215788181,330.4656843643946,418.0939943968034,558.5445215788181,558.5445215788181,-183.46697940884945,-183.46697940884945,-183.46697940884945,-183.46697940884945,-183.46697940884945,-183.46697940884945,0.0,0.0,0.0,375.0775421699687
7240,1990-10-15,558.1979405843932,330.9817575114304,423.08518016930395,558.1979405843932,558.1979405843932,-182.98321161825257,-182.98321161825257,-182.98321161825257,-182.98321161825257,-182.98321161825257,-182.98321161825257,0.0,0.0,0.0,375.2147289661407
7241,1990-10-16,558.0824135862516,334.11755122541945,416.4291950117328,558.0824135862516,558.0824135862516,-182.82305120742492,-182.82305120742492,-182.82305120742492,-182.82305120742492,-182.82305120742492,-182.82305120742492,0.0,0.0,0.0,375.2593623788267
7242,1990-10-17,557.96688658811,333.10111134003745,415.1042037589869,557.96688658811,557.96688658811,-182.66343781223264,-182.66343781223264,-182.66343781223264,-182.66343781223264,-182.66343781223264,-182.66343781223264,0.0,0.0,0.0,375.30344877587737
7243,1990-10-18,557.8513595899682,333.51076096868195,419.5897597822044,557.8513595899682,557.8513595899682,-182.50437094673214,-182.50437094673214,-182.50437094673214,-182.50437094673214,-182.50437094673214,-182.50437094673214,0.0,0.0,0.0,375.34698864323605
7244,1990-10-19,557.7358325918266,332.1994566551555,415.1587388372153,557.7358325918266,557.7358325918266,-182.34585009874996,-182.34585009874996,-182.34585009874996,-182.34585009874996,-182.34585009874996,-182.34585009874996,0.0,0.0,0.0,375.3899824930766
7245,1990-10-22,557.3892515974015,331.76445478667125,416.7023890436693,557.3892515974015,557.3892515974015,-181.87355814642353,-181.87355814642353,-181.87355814642353,-181.87355814642353,-181.87355814642353,-181.87355814642353,0.0,0.0,0.0,375.515693450978
7246,1990-10-23,557.2737245992597,337.0726915555206,420.115163445343,557.2737245992597,557.2737245992597,-181.71721572501298,-181.71721572501298,-181.71721572501298,-181.71721572501298,-181.71721572501298,-181.71721572501298,0.0,0.0,0.0,375.55650887424673
7247,1990-10-24,557.1581976011181,334.9319521368032,415.73990466738485,557.1581976011181,557.1581976011181,-181.561416369649,-181.561416369649,-181.561416369649,-181.561416369649,-181.561416369649,-181.561416369649,0.0,0.0,0.0,375.5967812314691
7248,1990-10-25,557.0426706029765,333.40571679549794,417.36350981141743,557.0426706029765,557.0426706029765,-181.4061594124965,-181.4061594124965,-181.4061594124965,-181.4061594124965,-181.4061594124965,-181.4061594124965,0.0,0.0,0.0,375.63651119048
7249,1990-10-26,556.9271436048348,332.89211307507,415.7655724581657,556.9271436048348,556.9271436048348,-181.251444160071,-181.251444160071,-181.251444160071,-181.251444160071,-181.251444160071,-181.251444160071,0.0,0.0,0.0,375.6756994447638
7250,1990-10-29,556.58056261041,333.34652139816393,416.5974545582085,556.58056261041,556.58056261041,-180.79054131337875,-180.79054131337875,-180.79054131337875,-180.79054131337875,-180.79054131337875,-180.79054131337875,0.0,0.0,0.0,375.7900212970312
7251,1990-10-30,556.4650356122681,333.0417287423659,417.23163008818875,556.4650356122681,556.4650356122681,-180.63798543504728,-180.63798543504728,-180.63798543504728,-180.63798543504728,-180.63798543504728,-180.63798543504728,0.0,0.0,0.0,375.8270501772208
7252,1990-10-31,556.3495086141265,335.95791207850846,418.6274090011244,556.3495086141265,556.3495086141265,-180.48596741230912,-180.48596741230912,-180.48596741230912,-180.48596741230912,-180.48596741230912,-180.48596741230912,0.0,0.0,0.0,375.8635412018174
7253,1990-11-01,556.2339816159849,335.401894196763,418.5014541364681,556.2339816159849,556.2339816159849,-180.33448639961162,-180.33448639961162,-180.33448639961162,-180.33448639961162,-180.33448639961162,-180.33448639961162,0.0,0.0,0.0,375.89949521637334
7254,1990-11-02,556.1184546178432,335.19143305978037,420.55378859783514,556.1184546178432,556.1184546178432,-180.18354152636968,-180.18354152636968,-180.18354152636968,-180.18354152636968,-180.18354152636968,-180.18354152636968,0.0,0.0,0.0,375.9349130914735
7255,1990-11-05,555.7718736234181,333.7026972416409,420.8137950142118,555.7718736234181,555.7718736234181,-179.73391466395015,-179.73391466395015,-179.73391466395015,-179.73391466395015,-179.73391466395015,-179.73391466395015,0.0,0.0,0.0,376.0379589594679
7256,1990-11-06,555.6563466252765,332.7314676134423,417.60113263174406,555.6563466252765,555.6563466252765,-179.5851051452236,-179.5851051452236,-179.5851051452236,-179.5851051452236,-179.5851051452236,-179.5851051452236,0.0,0.0,0.0,376.0712414800529
7257,1990-11-07,555.5408196271347,333.13661473988356,418.32614712327955,555.5408196271347,555.5408196271347,-179.4368270407453,-179.4368270407453,-179.4368270407453,-179.4368270407453,-179.4368270407453,-179.4368270407453,0.0,0.0,0.0,376.10399258638944
7258,1990-11-08,555.4252926289931,333.8336170688741,419.8925921270332,555.4252926289931,555.4252926289931,-179.28907933166954,-179.28907933166954,-179.28907933166954,-179.28907933166954,-179.28907933166954,-179.28907933166954,0.0,0.0,0.0,376.1362132973236
7259,1990-11-09,555.3097656308515,335.4513191699617,422.26577182782665,555.3097656308515,555.3097656308515,-179.14186097476957,-179.14186097476957,-179.14186097476957,-179.14186097476957,-179.14186097476957,-179.14186097476957,0.0,0.0,0.0,376.167904656082
7260,1990-11-12,554.9631846364265,332.65473867706436,416.0559774446647,554.9631846364265,554.9631846364265,-178.703371221167,-178.703371221167,-178.703371221167,-178.703371221167,-178.703371221167,-178.703371221167,0.0,0.0,0.0,376.2598134152595
7261,1990-11-13,554.8476576382849,332.9416283325725,416.34123857105914,554.8476576382849,554.8476576382849,-178.5582593564602,-178.5582593564602,-178.5582593564602,-178.5582593564602,-178.5582593564602,-178.5582593564602,0.0,0.0,0.0,376.2893982818247
7262,1990-11-14,554.7321306401433,332.0751274719923,416.4318884881309,554.7321306401433,554.7321306401433,-178.4136712654656,-178.4136712654656,-178.4136712654656,-178.4136712654656,-178.4136712654656,-178.4136712654656,0.0,0.0,0.0,376.3184593746777
7263,1990-11-15,554.6166036420016,337.1721235972978,417.45864644355186,554.6166036420016,554.6166036420016,-178.26960576070988,-178.26960576070988,-178.26960576070988,-178.26960576070988,-178.26960576070988,-178.26960576070988,0.0,0.0,0.0,376.3469978812917
7264,1990-11-16,554.5010766438598,336.15869858429414,417.6904059256612,554.5010766438598,554.5010766438598,-178.12606163102492,-178.12606163102492,-178.12606163102492,-178.12606163102492,-178.12606163102492,-178.12606163102492,0.0,0.0,0.0,376.3750150128349
7265,1990-11-19,554.1544956494349,333.9639102499471,417.36766888198736,554.1544956494349,554.1544956494349,-177.69854502740498,-177.69854502740498,-177.69854502740498,-177.69854502740498,-177.69854502740498,-177.69854502740498,0.0,0.0,0.0,376.45595062202995
7266,1990-11-20,554.0389686512931,335.45356869763873,417.1100641181773,554.0389686512931,554.0389686512931,-177.55707381595693,-177.55707381595693,-177.55707381595693,-177.55707381595693,-177.55707381595693,-177.55707381595693,0.0,0.0,0.0,376.48189483533616
7267,1990-11-21,553.9234416531514,335.8851495212626,415.57530596182016,553.9234416531514,553.9234416531514,-177.416117571859,-177.416117571859,-177.416117571859,-177.416117571859,-177.416117571859,-177.416117571859,0.0,0.0,0.0,376.5073240812924
7268,1990-11-23,553.692387656868,338.6735326362224,416.236548045193,553.692387656868,553.692387656868,-177.13574455793054,-177.13574455793054,-177.13574455793054,-177.13574455793054,-177.13574455793054,-177.13574455793054,0.0,0.0,0.0,376.5566430989375
7269,1990-11-26,553.3458066624432,333.92060184836015,415.6064003829015,553.3458066624432,553.3458066624432,-176.7190127675927,-176.7190127675927,-176.7190127675927,-176.7190127675927,-176.7190127675927,-176.7190127675927,0.0,0.0,0.0,376.62679389485055
7270,1990-11-27,553.2302796643014,335.8275427403121,418.8185384575193,553.2302796643014,553.2302796643014,-176.58111715187076,-176.58111715187076,-176.58111715187076,-176.58111715187076,-176.58111715187076,-176.58111715187076,0.0,0.0,0.0,376.6491625124306
7271,1990-11-28,553.1147526661598,335.5423792034436,416.2674365906766,553.1147526661598,553.1147526661598,-176.44372656628002,-176.44372656628002,-176.44372656628002,-176.44372656628002,-176.44372656628002,-176.44372656628002,0.0,0.0,0.0,376.6710260998798
7272,1990-11-29,552.9992256680181,335.8900106604768,420.5225884525103,552.9992256680181,552.9992256680181,-176.30683950101252,-176.30683950101252,-176.30683950101252,-176.30683950101252,-176.30683950101252,-176.30683950101252,0.0,0.0,0.0,376.69238616700557
7273,1990-11-30,552.8836986698765,334.82350969404297,417.0064775430695,552.8836986698765,552.8836986698765,-176.17045442403384,-176.17045442403384,-176.17045442403384,-176.17045442403384,-176.17045442403384,-176.17045442403384,0.0,0.0,0.0,376.71324424584265
7274,1990-12-03,552.5371176754517,333.5896778808639,415.4084962612582,552.5371176754517,552.5371176754517,-175.7642954713739,-175.7642954713739,-175.7642954713739,-175.7642954713739,-175.7642954713739,-175.7642954713739,0.0,0.0,0.0,376.7728222040778
7275,1990-12-04,552.4215906773098,332.6508002348257,414.8090471346945,552.4215906773098,552.4215906773098,-175.62990258650072,-175.62990258650072,-175.62990258650072,-175.62990258650072,-175.62990258650072,-175.62990258650072,0.0,0.0,0.0,376.7916880908091
7276,1990-12-05,552.306063679168,336.4961618596188,417.5766616780886,552.306063679168,552.306063679168,-175.49600370018726,-175.49600370018726,-175.49600370018726,-175.49600370018726,-175.49600370018726,-175.49600370018726,0.0,0.0,0.0,376.81005997898075
7277,1990-12-06,552.1905366810264,334.81608044064075,418.90096569578196,552.1905366810264,552.1905366810264,-175.36259714935585,-175.36259714935585,-175.36259714935585,-175.36259714935585,-175.36259714935585,-175.36259714935585,0.0,0.0,0.0,376.82793953167055
7278,1990-12-07,552.0750096828848,336.01874762183604,423.5793597718479,552.0750096828848,552.0750096828848,-175.22968124948164,-175.22968124948164,-175.22968124948164,-175.22968124948164,-175.22968124948164,-175.22968124948164,0.0,0.0,0.0,376.84532843340315
7279,1990-12-10,551.7284286884598,336.0516180176907,417.06042410645665,551.7284286884598,551.7284286884598,-174.8338602910187,-174.8338602910187,-174.8338602910187,-174.8338602910187,-174.8338602910187,-174.8338602910187,0.0,0.0,0.0,376.89456839744105
7280,1990-12-11,551.6129016903182,333.49177216180834,416.6001136490132,551.6129016903182,551.6129016903182,-174.7028897247497,-174.7028897247497,-174.7028897247497,-174.7028897247497,-174.7028897247497,-174.7028897247497,0.0,0.0,0.0,376.91001196556846
7281,1990-12-12,551.4973746921764,337.39061671575473,414.50990666275646,551.4973746921764,551.4973746921764,-174.57240106908944,-174.57240106908944,-174.57240106908944,-174.57240106908944,-174.57240106908944,-174.57240106908944,0.0,0.0,0.0,376.924973623087
7282,1990-12-13,551.3818476940348,337.83277133832246,416.410347785528,551.3818476940348,551.3818476940348,-174.4423925132314,-174.4423925132314,-174.4423925132314,-174.4423925132314,-174.4423925132314,-174.4423925132314,0.0,0.0,0.0,376.9394551808034
7283,1990-12-14,551.2663206958932,331.1504723414987,415.7992580876816,551.2663206958932,551.2663206958932,-174.3128622257293,-174.3128622257293,-174.3128622257293,-174.3128622257293,-174.3128622257293,-174.3128622257293,0.0,0.0,0.0,376.9534584701639
7284,1990-12-17,550.9197397014682,335.0194255027266,416.0351392626218,550.9197397014682,550.9197397014682,-173.92712235175478,-173.92712235175478,-173.92712235175478,-173.92712235175478,-173.92712235175478,-173.92712235175478,0.0,0.0,0.0,376.99261734971344
7285,1990-12-18,550.8042127033266,337.7115025109948,418.1966916024437,550.8042127033266,550.8042127033266,-173.79948641452538,-173.79948641452538,-173.79948641452538,-173.79948641452538,-173.79948641452538,-173.79948641452538,0.0,0.0,0.0,377.0047262888012
7286,1990-12-19,550.6886857051849,333.29900160653085,419.3832529717368,550.6886857051849,550.6886857051849,-173.67231928294612,-173.67231928294612,-173.67231928294612,-173.67231928294612,-173.67231928294612,-173.67231928294612,0.0,0.0,0.0,377.0163664222388
7287,1990-12-20,550.5731587070429,335.1185753926899,420.69286934714256,550.5731587070429,550.5731587070429,-173.5456190042155,-173.5456190042155,-173.5456190042155,-173.5456190042155,-173.5456190042155,-173.5456190042155,0.0,0.0,0.0,377.0275397028274
7288,1990-12-21,550.4576317089013,338.8095396843934,419.4496953739207,550.4576317089013,550.4576317089013,-173.41938360572692,-173.41938360572692,-173.41938360572692,-173.41938360572692,-173.41938360572692,-173.41938360572692,0.0,0.0,0.0,377.0382481031744
7289,1990-12-24,550.1110507144764,337.13315312832754,422.0808045495894,550.1110507144764,550.1110507144764,-173.043446671103,-173.043446671103,-173.043446671103,-173.043446671103,-173.043446671103,-173.043446671103,0.0,0.0,0.0,377.0676040433734
7290,1990-12-26,549.879996718193,335.8032051435782,422.0542932209537,549.879996718193,549.879996718193,-172.7951094045738,-172.7951094045738,-172.7951094045738,-172.7951094045738,-172.7951094045738,-172.7951094045738,0.0,0.0,0.0,377.08488731361916
7291,1990-12-27,549.7644697200514,339.0990035668834,419.7226132333441,549.7644697200514,549.7644697200514,-172.67162076900192,-172.67162076900192,-172.67162076900192,-172.67162076900192,-172.67162076900192,-172.67162076900192,0.0,0.0,0.0,377.0928489510494
7292,1990-12-28,549.6489427219097,334.8194021612274,417.56603080272464,549.6489427219097,549.6489427219097,-172.54858266110864,-172.54858266110864,-172.54858266110864,-172.54858266110864,-172.54858266110864,-172.54858266110864,0.0,0.0,0.0,377.1003600608011
7293,1990-12-31,549.3023617274848,336.0912059859833,420.10648456815,549.3023617274848,549.3023617274848,-172.18215014369042,-172.18215014369042,-172.18215014369042,-172.18215014369042,-172.18215014369042,-172.18215014369042,0.0,0.0,0.0,377.1202115837944
7294,1991-01-02,549.0713077312015,335.95113937050627,415.81337601989173,549.0713077312015,549.0713077312015,-171.94007495250824,-171.94007495250824,-171.94007495250824,-171.94007495250824,-171.94007495250824,-171.94007495250824,0.0,0.0,0.0,377.1312327786933
7295,1991-01-03,548.9557807330598,335.33013217639484,417.1472768154379,548.9557807330598,548.9557807330598,-171.81969470117758,-171.81969470117758,-171.81969470117758,-171.81969470117758,-171.81969470117758,-171.81969470117758,0.0,0.0,0.0,377.1360860318822
7296,1991-01-04,548.8402537349181,335.45510206818955,416.66196874358826,548.8402537349181,548.8402537349181,-171.69974970280603,-171.69974970280603,-171.69974970280603,-171.69974970280603,-171.69974970280603,-171.69974970280603,0.0,0.0,0.0,377.14050403211206
7297,1991-01-07,548.493672740493,335.38421935422906,416.818674163104,548.493672740493,548.493672740493,-171.34250358793088,-171.34250358793088,-171.34250358793088,-171.34250358793088,-171.34250358793088,-171.34250358793088,0.0,0.0,0.0,377.15116915256215
7298,1991-01-08,548.3781457423513,336.5909896013876,419.44790272607327,548.3781457423513,548.3781457423513,-171.22427687536702,-171.22427687536702,-171.22427687536702,-171.22427687536702,-171.22427687536702,-171.22427687536702,0.0,0.0,0.0,377.1538688669843
7299,1991-01-09,548.2626187442097,335.8380950163309,419.0398269718304,548.2626187442097,548.2626187442097,-171.10647396468664,-171.10647396468664,-171.10647396468664,-171.10647396468664,-171.10647396468664,-171.10647396468664,0.0,0.0,0.0,377.15614477952306
7300,1991-01-10,548.1470917460681,337.12724626241675,417.1822481024444,548.1470917460681,548.1470917460681,-170.9890925132919,-170.9890925132919,-170.9890925132919,-170.9890925132919,-170.9890925132919,-170.9890925132919,0.0,0.0,0.0,377.1579992327762
7301,1991-01-11,548.0315647479265,336.3506493382829,422.189740200274,548.0315647479265,548.0315647479265,-170.87213016142832,-170.87213016142832,-170.87213016142832,-170.87213016142832,-170.87213016142832,-170.87213016142832,0.0,0.0,0.0,377.15943458649815
7302,1991-01-14,547.6849837535015,336.21709037864724,418.75021144649605,547.6849837535015,547.6849837535015,-170.52373385087927,-170.52373385087927,-170.52373385087927,-170.52373385087927,-170.52373385087927,-170.52373385087927,0.0,0.0,0.0,377.1612499026222
7303,1991-01-15,547.5694567553597,337.7959910966468,420.3950982326181,547.5694567553597,547.5694567553597,-170.40842396105216,-170.40842396105216,-170.40842396105216,-170.40842396105216,-170.40842396105216,-170.40842396105216,0.0,0.0,0.0,377.1610327943076
7304,1991-01-16,547.4539297572181,333.70204779900007,417.16508544757943,547.4539297572181,547.4539297572181,-170.2935211192318,-170.2935211192318,-170.2935211192318,-170.2935211192318,-170.2935211192318,-170.2935211192318,0.0,0.0,0.0,377.16040863798634
7305,1991-01-17,547.3384027590765,335.30180989222885,420.3525221965437,547.3384027590765,547.3384027590765,-170.17902286549017,-170.17902286549017,-170.17902286549017,-170.17902286549017,-170.17902286549017,-170.17902286549017,0.0,0.0,0.0,377.15937989358633
7306,1991-01-18,547.2228757609349,336.5846347394544,415.3828135566055,547.2228757609349,547.2228757609349,-170.06492672366775,-170.06492672366775,-170.06492672366775,-170.06492672366775,-170.06492672366775,-170.06492672366775,0.0,0.0,0.0,377.15794903726714
7307,1991-01-21,546.8762947665097,336.5471080422951,414.362855798546,546.8762947665097,546.8762947665097,-169.72502596748154,-169.72502596748154,-169.72502596748154,-169.72502596748154,-169.72502596748154,-169.72502596748154,0.0,0.0,0.0,377.1512687990281
7308,1991-01-22,546.760767768368,335.38911032843464,419.8705952935276,546.760767768368,546.760767768368,-169.61251319182898,-169.61251319182898,-169.61251319182898,-169.61251319182898,-169.61251319182898,-169.61251319182898,0.0,0.0,0.0,377.1482545765391
7309,1991-01-23,546.6452407702262,336.6809946888505,421.7397304510543,546.6452407702262,546.6452407702262,-169.50038990854182,-169.50038990854182,-169.50038990854182,-169.50038990854182,-169.50038990854182,-169.50038990854182,0.0,0.0,0.0,377.1448508616844
7310,1991-01-24,546.5297137720846,332.84511428431654,415.5567095719151,546.5297137720846,546.5297137720846,-169.38865354690324,-169.38865354690324,-169.38865354690324,-169.38865354690324,-169.38865354690324,-169.38865354690324,0.0,0.0,0.0,377.1410602251814
7311,1991-01-25,546.414186773943,333.6015535417744,416.3692136085632,546.414186773943,546.414186773943,-169.27730152091075,-169.27730152091075,-169.27730152091075,-169.27730152091075,-169.27730152091075,-169.27730152091075,0.0,0.0,0.0,377.13688525303223
7312,1991-01-28,546.0676057795181,334.54182809913914,417.5550233525674,546.0676057795181,546.0676057795181,-168.9455253703774,-168.9455253703774,-168.9455253703774,-168.9455253703774,-168.9455253703774,-168.9455253703774,0.0,0.0,0.0,377.1220804091407
7313,1991-01-29,545.9520787813765,334.9612916773964,416.67452057328455,545.9520787813765,545.9520787813765,-168.83568452602586,-168.83568452602586,-168.83568452602586,-168.83568452602586,-168.83568452602586,-168.83568452602586,0.0,0.0,0.0,377.11639425535066
7314,1991-01-30,545.8365517832347,332.4343446072215,416.5442168393965,545.8365517832347,545.8365517832347,-168.7262148628192,-168.7262148628192,-168.7262148628192,-168.7262148628192,-168.7262148628192,-168.7262148628192,0.0,0.0,0.0,377.1103369204154
7315,1991-01-31,545.721024785093,337.0220338897185,418.01664315579734,545.721024785093,545.721024785093,-168.61711370592207,-168.61711370592207,-168.61711370592207,-168.61711370592207,-168.61711370592207,-168.61711370592207,0.0,0.0,0.0,377.103911079171
7316,1991-02-01,545.6054977869514,339.0187589444465,418.17901559676557,545.6054977869514,545.6054977869514,-168.50837836617626,-168.50837836617626,-168.50837836617626,-168.50837836617626,-168.50837836617626,-168.50837836617626,0.0,0.0,0.0,377.0971194207752
7317,1991-02-04,545.2589167925262,336.4727798652566,412.23857542517715,545.2589167925262,545.2589167925262,-168.18434014634258,-168.18434014634258,-168.18434014634258,-168.18434014634258,-168.18434014634258,-168.18434014634258,0.0,0.0,0.0,377.0745766461836
7318,1991-02-05,545.1433897943846,336.3989031885095,420.93835327696604,545.1433897943846,545.1433897943846,-168.07704090203256,-168.07704090203256,-168.07704090203256,-168.07704090203256,-168.07704090203256,-168.07704090203256,0.0,0.0,0.0,377.06634889235204
7319,1991-02-06,545.027862796243,334.1983670632209,419.0705102023849,545.027862796243,545.027862796243,-167.9700938191131,-167.9700938191131,-167.9700938191131,-167.9700938191131,-167.9700938191131,-167.9700938191131,0.0,0.0,0.0,377.05776897712985
7320,1991-02-07,544.9123357981014,336.21889714165445,421.8677612330509,544.9123357981014,544.9123357981014,-167.8634961254162,-167.8634961254162,-167.8634961254162,-167.8634961254162,-167.8634961254162,-167.8634961254162,0.0,0.0,0.0,377.0488396726852
7321,1991-02-08,544.7968087999598,334.38290764362023,417.25667289577126,544.7968087999598,544.7968087999598,-167.75724503542935,-167.75724503542935,-167.75724503542935,-167.75724503542935,-167.75724503542935,-167.75724503542935,0.0,0.0,0.0,377.0395637645304
7322,1991-02-11,544.4502278055346,340.0148980538949,421.6676463910261,544.4502278055346,544.4502278055346,-167.44054333540223,-167.44054333540223,-167.44054333540223,-167.44054333540223,-167.44054333540223,-167.44054333540223,0.0,0.0,0.0,377.00968447013236
7323,1991-02-12,544.334700807393,335.7953235313173,421.19427256819625,544.334700807393,544.334700807393,-167.33565054318265,-167.33565054318265,-167.33565054318265,-167.33565054318265,-167.33565054318265,-167.33565054318265,0.0,0.0,0.0,376.9990502642104
7324,1991-02-13,544.2191738092514,335.9730798677662,419.5419575691148,544.2191738092514,544.2191738092514,-167.23109023188715,-167.23109023188715,-167.23109023188715,-167.23109023188715,-167.23109023188715,-167.23109023188715,0.0,0.0,0.0,376.98808357736425
7325,1991-02-14,544.1036468111098,335.4986840811674,419.6814499949479,544.1036468111098,544.1036468111098,-167.12685953890593,-167.12685953890593,-167.12685953890593,-167.12685953890593,-167.12685953890593,-167.12685953890593,0.0,0.0,0.0,376.97678727220386
7326,1991-02-15,543.9881198129682,330.77095085186085,417.73651146753883,543.9881198129682,543.9881198129682,-167.02295558927636,-167.02295558927636,-167.02295558927636,-167.02295558927636,-167.02295558927636,-167.02295558927636,0.0,0.0,0.0,376.96516422369183
7327,1991-02-19,543.5260118204013,335.0376725667352,419.6952724478616,543.5260118204013,543.5260118204013,-166.6105493007053,-166.6105493007053,-166.6105493007053,-166.6105493007053,-166.6105493007053,-166.6105493007053,0.0,0.0,0.0,376.915462519696
7328,1991-02-20,543.4104848222597,333.5762596300262,421.4050950654225,543.4104848222597,543.4104848222597,-166.50823552107923,-166.50823552107923,-166.50823552107923,-166.50823552107923,-166.50823552107923,-166.50823552107923,0.0,0.0,0.0,376.9022493011805
7329,1991-02-21,543.2949578241179,335.4223690869148,419.83698580405184,543.2949578241179,543.2949578241179,-166.40623098364617,-166.40623098364617,-166.40623098364617,-166.40623098364617,-166.40623098364617,-166.40623098364617,0.0,0.0,0.0,376.8887268404717
7330,1991-02-22,543.1794308259763,336.00615181105604,419.7844535605749,543.1794308259763,543.1794308259763,-166.30453273098786,-166.30453273098786,-166.30453273098786,-166.30453273098786,-166.30453273098786,-166.30453273098786,0.0,0.0,0.0,376.87489809498845
7331,1991-02-25,542.8328498315514,334.73419312970816,418.8420753009992,542.8328498315514,542.8328498315514,-166.00124594030655,-166.00124594030655,-166.00124594030655,-166.00124594030655,-166.00124594030655,-166.00124594030655,0.0,0.0,0.0,376.8316038912448
7332,1991-02-26,542.7173228334098,338.97416459879594,418.72925144125185,542.7173228334098,542.7173228334098,-165.9007430306753,-165.9007430306753,-165.9007430306753,-165.9007430306753,-165.9007430306753,-165.9007430306753,0.0,0.0,0.0,376.81657980273445
7333,1991-02-27,542.6017958352679,334.73144082250775,419.00313954435273,542.6017958352679,542.6017958352679,-165.80053145357377,-165.80053145357377,-165.80053145357377,-165.80053145357377,-165.80053145357377,-165.80053145357377,0.0,0.0,0.0,376.8012643816942
7334,1991-02-28,542.4862688371263,331.1819559271371,417.0436727415258,542.4862688371263,542.4862688371263,-165.70060818653667,-165.70060818653667,-165.70060818653667,-165.70060818653667,-165.70060818653667,-165.70060818653667,0.0,0.0,0.0,376.78566065058965
7335,1991-03-01,542.3707418389847,333.5274270055418,417.28985723384903,542.3707418389847,542.3707418389847,-165.6009701967643,-165.6009701967643,-165.6009701967643,-165.6009701967643,-165.6009701967643,-165.6009701967643,0.0,0.0,0.0,376.7697716422204
7336,1991-03-04,542.0241608445598,331.35899284340394,416.4874447166144,542.0241608445598,542.0241608445598,-165.30373741111333,-165.30373741111333,-165.30373741111333,-165.30373741111333,-165.30373741111333,-165.30373741111333,0.0,0.0,0.0,376.72042343344646
7337,1991-03-05,541.9086338464182,335.0576953552171,416.984916190387,541.9086338464182,541.9086338464182,-165.20521000085355,-165.20521000085355,-165.20521000085355,-165.20521000085355,-165.20521000085355,-165.20521000085355,0.0,0.0,0.0,376.70342384556466
7338,1991-03-06,541.7931068482762,335.47988780184096,417.51559146531343,541.7931068482762,541.7931068482762,-165.10695255397354,-165.10695255397354,-165.10695255397354,-165.10695255397354,-165.10695255397354,-165.10695255397354,0.0,0.0,0.0,376.6861542943027
7339,1991-03-07,541.6775798501346,332.61027369018234,416.41469700965183,541.6775798501346,541.6775798501346,-165.00896197874235,-165.00896197874235,-165.00896197874235,-165.00896197874235,-165.00896197874235,-165.00896197874235,0.0,0.0,0.0,376.66861787139226
7340,1991-03-08,541.5620528519929,336.2250650204922,419.85738942747605,541.5620528519929,541.5620528519929,-164.91123517411862,-164.91123517411862,-164.91123517411862,-164.91123517411862,-164.91123517411862,-164.91123517411862,0.0,0.0,0.0,376.65081767787433
7341,1991-03-11,541.2154718575679,334.79822779943356,420.60089088204353,541.2154718575679,541.2154718575679,-164.6196062369253,-164.6196062369253,-164.6196062369253,-164.6196062369253,-164.6196062369253,-164.6196062369253,0.0,0.0,0.0,376.5958656206426
7342,1991-03-12,541.0999448594263,333.1422817617615,418.32633044072,541.0999448594263,541.0999448594263,-164.52290332327416,-164.52290332327416,-164.52290332327416,-164.52290332327416,-164.52290332327416,-164.52290332327416,0.0,0.0,0.0,376.57704153615214
7343,1991-03-13,540.9844178612847,335.4111046775161,417.6384248504328,540.9844178612847,540.9844178612847,-164.4264485405271,-164.4264485405271,-164.4264485405271,-164.4264485405271,-164.4264485405271,-164.4264485405271,0.0,0.0,0.0,376.5579693207576
7344,1991-03-14,540.8688908631431,336.59319021960556,418.38935204022624,540.8688908631431,540.8688908631431,-164.3302387348739,-164.3302387348739,-164.3302387348739,-164.3302387348739,-164.3302387348739,-164.3302387348739,0.0,0.0,0.0,376.5386521282692
7345,1991-03-15,540.7533638650013,334.5252120891182,420.4629494502882,540.7533638650013,540.7533638650013,-164.23427074422585,-164.23427074422585,-164.23427074422585,-164.23427074422585,-164.23427074422585,-164.23427074422585,0.0,0.0,0.0,376.5190931207755
7346,1991-03-18,540.4067828705763,333.3083208587647,414.9152301164901,540.4067828705763,540.4067828705763,-163.9477859203422,-163.9477859203422,-163.9477859203422,-163.9477859203422,-163.9477859203422,-163.9477859203422,0.0,0.0,0.0,376.4589969502341
7347,1991-03-19,540.2912558724347,332.76893585450176,418.1927750952336,540.2912558724347,540.2912558724347,-163.8527534084186,-163.8527534084186,-163.8527534084186,-163.8527534084186,-163.8527534084186,-163.8527534084186,0.0,0.0,0.0,376.4385024640161
7348,1991-03-20,540.1757288742931,333.6076701703829,418.3673549782922,540.1757288742931,540.1757288742931,-163.7579467820445,-163.7579467820445,-163.7579467820445,-163.7579467820445,-163.7579467820445,-163.7579467820445,0.0,0.0,0.0,376.41778209224856
7349,1991-03-21,540.0602018761513,335.4461368115001,416.5986764363941,540.0602018761513,540.0602018761513,-163.663362832562,-163.663362832562,-163.663362832562,-163.663362832562,-163.663362832562,-163.663362832562,0.0,0.0,0.0,376.39683904358924
7350,1991-03-22,539.9446748780094,335.52523785005764,419.8887259162252,539.9446748780094,539.9446748780094,-163.56899834407034,-163.56899834407034,-163.56899834407034,-163.56899834407034,-163.56899834407034,-163.56899834407034,0.0,0.0,0.0,376.3756765339391
7351,1991-03-25,539.5980938835846,334.7763432689963,415.544302981658,539.5980938835846,539.5980938835846,-163.2871893800022,-163.2871893800022,-163.2871893800022,-163.2871893800022,-163.2871893800022,-163.2871893800022,0.0,0.0,0.0,376.31090450358244
7352,1991-03-26,539.482566885443,334.4394124316372,419.19843433865447,539.482566885443,539.482566885443,-163.19367043679645,-163.19367043679645,-163.19367043679645,-163.19367043679645,-163.19367043679645,-163.19367043679645,0.0,0.0,0.0,376.2888964486466
7353,1991-03-27,539.3670398873014,335.3208697442582,418.3365102750546,539.3670398873014,539.3670398873014,-163.1003547716243,-163.1003547716243,-163.1003547716243,-163.1003547716243,-163.1003547716243,-163.1003547716243,0.0,0.0,0.0,376.2666851156771
7354,1991-03-28,539.2515128891596,333.71501687792426,416.971093941857,539.2515128891596,539.2515128891596,-163.00723912824228,-163.00723912824228,-163.00723912824228,-163.00723912824228,-163.00723912824228,-163.00723912824228,0.0,0.0,0.0,376.2442737609173
7355,1991-04-01,538.789404896593,336.82348785212474,419.72386092818,538.789404896593,538.789404896593,-162.63671143374745,-162.63671143374745,-162.63671143374745,-162.63671143374745,-162.63671143374745,-162.63671143374745,0.0,0.0,0.0,376.1526934628456
7356,1991-04-02,538.6738778984515,335.19335547748494,417.0075636238172,538.6738778984515,538.6738778984515,-162.5445468437434,-162.5445468437434,-162.5445468437434,-162.5445468437434,-162.5445468437434,-162.5445468437434,0.0,0.0,0.0,376.129331054708
7357,1991-04-03,538.5583509003096,335.30728014073605,417.4062024224948,538.5583509003096,538.5583509003096,-162.45256261299684,-162.45256261299684,-162.45256261299684,-162.45256261299684,-162.45256261299684,-162.45256261299684,0.0,0.0,0.0,376.10578828731275
7358,1991-04-04,538.442823902168,333.2614835661467,416.6948232403597,538.442823902168,538.442823902168,-162.36075544496055,-162.36075544496055,-162.36075544496055,-162.36075544496055,-162.36075544496055,-162.36075544496055,0.0,0.0,0.0,376.08206845720747
7359,1991-04-05,538.3272969040262,334.2948015799023,416.61729930850737,538.3272969040262,538.3272969040262,-162.2691220379254,-162.2691220379254,-162.2691220379254,-162.2691220379254,-162.2691220379254,-162.2691220379254,0.0,0.0,0.0,376.0581748661008
7360,1991-04-08,537.9807159096011,334.5457225388536,416.4758373189098,537.9807159096011,537.9807159096011,-161.9952312914178,-161.9952312914178,-161.9952312914178,-161.9952312914178,-161.9952312914178,-161.9952312914178,0.0,0.0,0.0,375.98548461818336
7361,1991-04-09,537.8651889114595,332.87434906136,418.54923639396475,537.8651889114595,537.8651889114595,-161.90425981324705,-161.90425981324705,-161.90425981324705,-161.90425981324705,-161.90425981324705,-161.90425981324705,0.0,0.0,0.0,375.9609290982125
7362,1991-04-10,537.7496619133179,333.4990252095783,417.4966746875329,537.7496619133179,537.7496619133179,-161.8134455152978,-161.8134455152978,-161.8134455152978,-161.8134455152978,-161.8134455152978,-161.8134455152978,0.0,0.0,0.0,375.9362163980202
7363,1991-04-11,537.6341349151762,334.93259449555774,419.14222875590724,537.6341349151762,537.6341349151762,-161.72278506800794,-161.72278506800794,-161.72278506800794,-161.72278506800794,-161.72278506800794,-161.72278506800794,0.0,0.0,0.0,375.91134984716825
7364,1991-04-12,537.5186079170346,333.3411391013285,415.4034641378909,537.5186079170346,537.5186079170346,-161.63227513769445,-161.63227513769445,-161.63227513769445,-161.63227513769445,-161.63227513769445,-161.63227513769445,0.0,0.0,0.0,375.88633277934014
7365,1991-04-15,537.1720269226096,335.4886883053106,423.66425626677955,537.1720269226096,537.1720269226096,-161.36161505308078,-161.36161505308078,-161.36161505308078,-161.36161505308078,-161.36161505308078,-161.36161505308078,0.0,0.0,0.0,375.8104118695288
7366,1991-04-16,537.056499924468,335.54085324659053,417.9260277033533,537.056499924468,537.056499924468,-161.27167377661323,-161.27167377661323,-161.27167377661323,-161.27167377661323,-161.27167377661323,-161.27167377661323,0.0,0.0,0.0,375.78482614785474
7367,1991-04-17,536.9409729263264,331.4786890784489,416.37147465009684,536.9409729263264,536.9409729263264,-161.18186629208455,-161.18186629208455,-161.18186629208455,-161.18186629208455,-161.18186629208455,-161.18186629208455,0.0,0.0,0.0,375.7591066342418
7368,1991-04-18,536.8254459281848,335.45396136861626,414.50992043578634,536.8254459281848,536.8254459281848,-161.0921892442021,-161.0921892442021,-161.0921892442021,-161.0921892442021,-161.0921892442021,-161.0921892442021,0.0,0.0,0.0,375.73325668398263
7369,1991-04-19,536.709918930043,332.36271973095774,416.923268591549,536.709918930043,536.709918930043,-161.0026392745913,-161.0026392745913,-161.0026392745913,-161.0026392745913,-161.0026392745913,-161.0026392745913,0.0,0.0,0.0,375.70727965545177
7370,1991-04-22,536.3633379356179,335.51949673521773,416.96201645669726,536.3633379356179,536.3633379356179,-160.73471820852296,-160.73471820852296,-160.73471820852296,-160.73471820852296,-160.73471820852296,-160.73471820852296,0.0,0.0,0.0,375.62861972709493
7371,1991-04-23,536.2478109374763,336.35059156043667,418.80845156846755,536.2478109374763,536.2478109374763,-160.6456429117969,-160.6456429117969,-160.6456429117969,-160.6456429117969,-160.6456429117969,-160.6456429117969,0.0,0.0,0.0,375.60216802567936
7372,1991-04-24,536.1322839393346,337.9675117878448,414.7017105216754,536.1322839393346,536.1322839393346,-160.55667786042355,-160.55667786042355,-160.55667786042355,-160.55667786042355,-160.55667786042355,-160.55667786042355,0.0,0.0,0.0,375.57560607891105
7373,1991-04-25,536.016756941193,335.0384348180989,415.99687601990775,536.016756941193,536.016756941193,-160.46781968064602,-160.46781968064602,-160.46781968064602,-160.46781968064602,-160.46781968064602,-160.46781968064602,0.0,0.0,0.0,375.54893726054695
7374,1991-04-26,535.9012299430511,334.41500961129776,416.51157150637033,535.9012299430511,535.9012299430511,-160.37906499666167,-160.37906499666167,-160.37906499666167,-160.37906499666167,-160.37906499666167,-160.37906499666167,0.0,0.0,0.0,375.52216494638947
7375,1991-04-29,535.5546489486263,337.25666466150926,419.3953777684639,535.5546489486263,535.5546489486263,-160.11338813384418,-160.11338813384418,-160.11338813384418,-160.11338813384418,-160.11338813384418,-160.11338813384418,0.0,0.0,0.0,375.44126081478214
7376,1991-04-30,535.4391219504847,333.6289506018644,415.98057149673434,535.4391219504847,535.4391219504847,-160.0250136392446,-160.0250136392446,-160.0250136392446,-160.0250136392446,-160.0250136392446,-160.0250136392446,0.0,0.0,0.0,375.4141083112401
7377,1991-05-01,535.323594952343,329.5192028809691,417.6233242718881,535.323594952343,535.323594952343,-159.9367257358947,-159.9367257358947,-159.9367257358947,-159.9367257358947,-159.9367257358947,-159.9367257358947,0.0,0.0,0.0,375.3868692164483
7378,1991-05-02,535.2080679542013,332.6549611665732,415.8241606371545,535.2080679542013,535.2080679542013,-159.84852103881093,-159.84852103881093,-159.84852103881093,-159.84852103881093,-159.84852103881093,-159.84852103881093,0.0,0.0,0.0,375.35954691539035
7379,1991-05-03,535.0925409560596,335.23127295277334,416.9747027193697,535.0925409560596,535.0925409560596,-159.76039616199492,-159.76039616199492,-159.76039616199492,-159.76039616199492,-159.76039616199492,-159.76039616199492,0.0,0.0,0.0,375.3321447940647
7380,1991-05-06,534.7459599616345,332.1599920410901,416.6816712861541,534.7459599616345,534.7459599616345,-159.49646658101767,-159.49646658101767,-159.49646658101767,-159.49646658101767,-159.49646658101767,-159.49646658101767,0.0,0.0,0.0,375.24949338061685
7381,1991-05-07,534.6304329634928,332.40978093475934,415.09416851013117,534.6304329634928,534.6304329634928,-159.4086271101139,-159.4086271101139,-159.4086271101139,-159.4086271101139,-159.4086271101139,-159.4086271101139,0.0,0.0,0.0,375.2218058533789
7382,1991-05-08,534.5149059653511,333.9927784483992,418.4781940465966,534.5149059653511,534.5149059653511,-159.32085051938776,-159.32085051938776,-159.32085051938776,-159.32085051938776,-159.32085051938776,-159.32085051938776,0.0,0.0,0.0,375.19405544596333
7383,1991-05-09,534.3993789672095,332.7143780962409,419.75234679910295,534.3993789672095,534.3993789672095,-159.23313341982498,-159.23313341982498,-159.23313341982498,-159.23313341982498,-159.23313341982498,-159.23313341982498,0.0,0.0,0.0,375.1662455473845
7384,1991-05-10,534.2838519690679,331.5850638078865,415.8542516472093,534.2838519690679,534.2838519690679,-159.14547242242193,-159.14547242242193,-159.14547242242193,-159.14547242242193,-159.14547242242193,-159.14547242242193,0.0,0.0,0.0,375.138379546646
7385,1991-05-13,533.9372709746428,334.44814476294783,417.1052188607765,533.9372709746428,533.9372709746428,-158.8827921563133,-158.8827921563133,-158.8827921563133,-158.8827921563133,-158.8827921563133,-158.8827921563133,0.0,0.0,0.0,375.0544788183296
7386,1991-05-14,533.8217439765012,335.3159836515298,417.1506666578793,533.8217439765012,533.8217439765012,-158.79532168277314,-158.79532168277314,-158.79532168277314,-158.79532168277314,-158.79532168277314,-158.79532168277314,0.0,0.0,0.0,375.0264222937281
7387,1991-05-15,533.7062169783596,333.18340685172296,418.6484062885722,533.7062169783596,533.7062169783596,-158.707890371594,-158.707890371594,-158.707890371594,-158.707890371594,-158.707890371594,-158.707890371594,0.0,0.0,0.0,374.99832660676566
7388,1991-05-16,533.5906899802179,334.17976381246814,417.7966492976676,533.5906899802179,533.5906899802179,-158.62049483687588,-158.62049483687588,-158.62049483687588,-158.62049483687588,-158.62049483687588,-158.62049483687588,0.0,0.0,0.0,374.97019514334204
7389,1991-05-17,533.4751629820763,335.9192283966189,416.4875547939424,533.4751629820763,533.4751629820763,-158.5331316937449,-158.5331316937449,-158.5331316937449,-158.5331316937449,-158.5331316937449,-158.5331316937449,0.0,0.0,0.0,374.9420312883314
7390,1991-05-20,533.1285819876512,332.6977204524884,419.7012574317201,533.1285819876512,533.1285819876512,-158.27120278351785,-158.27120278351785,-158.27120278351785,-158.27120278351785,-158.27120278351785,-158.27120278351785,0.0,0.0,0.0,374.8573792041333
7391,1991-05-21,533.0130549895094,331.877347911251,416.22871042181333,533.0130549895094,533.0130549895094,-158.18393538351927,-158.18393538351927,-158.18393538351927,-158.18393538351927,-158.18393538351927,-158.18393538351927,0.0,0.0,0.0,374.8291196059902
7392,1991-05-22,532.8975279913678,332.1650923153417,412.4385790628478,532.8975279913678,532.8975279913678,-158.09668347114265,-158.09668347114265,-158.09668347114265,-158.09668347114265,-158.09668347114265,-158.09668347114265,0.0,0.0,0.0,374.80084452022516
7393,1991-05-23,532.7820009932262,331.9620502001981,417.8505333360889,532.7820009932262,532.7820009932262,-158.00944367068186,-158.00944367068186,-158.00944367068186,-158.00944367068186,-158.00944367068186,-158.00944367068186,0.0,0.0,0.0,374.77255732254434
7394,1991-05-24,532.6664739950844,331.8724561326903,417.061589743904,532.6664739950844,532.6664739950844,-157.92221260846182,-157.92221260846182,-157.92221260846182,-157.92221260846182,-157.92221260846182,-157.92221260846182,0.0,0.0,0.0,374.7442613866226
7395,1991-05-28,532.2043660025179,332.8465034402263,417.6783820819024,532.2043660025179,532.2043660025179,-157.57330834750255,-157.57330834750255,-157.57330834750255,-157.57330834750255,-157.57330834750255,-157.57330834750255,0.0,0.0,0.0,374.6310576550153
7396,1991-05-29,532.0888390043763,332.7780877402952,414.719885868785,532.0888390043763,532.0888390043763,-157.48607045237142,-157.48607045237142,-157.48607045237142,-157.48607045237142,-157.48607045237142,-157.48607045237142,0.0,0.0,0.0,374.6027685520048
7397,1991-05-30,531.9733120062347,334.8934172588315,415.8150741116762,531.9733120062347,531.9733120062347,-157.3988211040286,-157.3988211040286,-157.3988211040286,-157.3988211040286,-157.3988211040286,-157.3988211040286,0.0,0.0,0.0,374.5744909022061
7398,1991-05-31,531.8577850080928,329.8515448306619,418.5773472285544,531.8577850080928,531.8577850080928,-157.31155694698955,-157.31155694698955,-157.31155694698955,-157.31155694698955,-157.31155694698955,-157.31155694698955,0.0,0.0,0.0,374.5462280611033
7399,1991-06-03,531.511204013668,333.24442950792036,412.81273813492237,531.511204013668,531.511204013668,-157.04964211716197,-157.04964211716197,-157.04964211716197,-157.04964211716197,-157.04964211716197,-157.04964211716197,0.0,0.0,0.0,374.46156189650605
7400,1991-06-04,531.3956770155262,333.1475650309549,414.68421287867574,531.3956770155262,531.3956770155262,-156.96228523589122,-156.96228523589122,-156.96228523589122,-156.96228523589122,-156.96228523589122,-156.96228523589122,0.0,0.0,0.0,374.433391779635
7401,1991-06-05,531.2801500173844,333.22276717698287,418.0457774387846,531.2801500173844,531.2801500173844,-156.87489681877716,-156.87489681877716,-156.87489681877716,-156.87489681877716,-156.87489681877716,-156.87489681877716,0.0,0.0,0.0,374.40525319860717
7402,1991-06-06,531.1646230192428,334.9777214221596,416.7729230953915,531.1646230192428,531.1646230192428,-156.78747353142617,-156.78747353142617,-156.78747353142617,-156.78747353142617,-156.78747353142617,-156.78747353142617,0.0,0.0,0.0,374.3771494878166
7403,1991-06-07,531.0490960211011,334.41073383777416,415.34474346968864,531.0490960211011,531.0490960211011,-156.70001204344828,-156.70001204344828,-156.70001204344828,-156.70001204344828,-156.70001204344828,-156.70001204344828,0.0,0.0,0.0,374.34908397765287
7404,1991-06-10,530.7025150266762,333.87208643697505,415.9863054122866,530.7025150266762,530.7025150266762,-156.43736513482614,-156.43736513482614,-156.43736513482614,-156.43736513482614,-156.43736513482614,-156.43736513482614,0.0,0.0,0.0,374.2651498918501
7405,1991-06-11,530.5869880285345,331.2798106004259,417.85427305575354,530.5869880285345,530.5869880285345,-156.34971762537342,-156.34971762537342,-156.34971762537342,-156.34971762537342,-156.34971762537342,-156.34971762537342,0.0,0.0,0.0,374.2372704031611
7406,1991-06-12,530.4714610303928,330.4804016844282,418.1498470741186,530.4714610303928,530.4714610303928,-156.2620153282522,-156.2620153282522,-156.2620153282522,-156.2620153282522,-156.2620153282522,-156.2620153282522,0.0,0.0,0.0,374.20944570214056
7407,1991-06-13,530.3559340322512,331.27890303116453,416.44999841683057,530.3559340322512,530.3559340322512,-156.17425494000136,-156.17425494000136,-156.17425494000136,-156.17425494000136,-156.17425494000136,-156.17425494000136,0.0,0.0,0.0,374.18167909224985
7408,1991-06-14,530.2404070341096,336.22964980820734,415.8458226833537,530.2404070341096,530.2404070341096,-156.08643316212914,-156.08643316212914,-156.08643316212914,-156.08643316212914,-156.08643316212914,-156.08643316212914,0.0,0.0,0.0,374.15397387198044
7409,1991-06-17,529.8938260396845,331.34633948719824,417.17794328152524,529.8938260396845,529.8938260396845,-155.82256658327333,-155.82256658327333,-155.82256658327333,-155.82256658327333,-155.82256658327333,-155.82256658327333,0.0,0.0,0.0,374.0712594564112
7410,1991-06-18,529.7782990415429,335.9059981030334,414.03701926854797,529.7782990415429,529.7782990415429,-155.73446636615932,-155.73446636615932,-155.73446636615932,-155.73446636615932,-155.73446636615932,-155.73446636615932,0.0,0.0,0.0,374.0438326753836
7411,1991-06-19,529.6627720434011,333.0875710889288,415.2252197438069,529.6627720434011,529.6627720434011,-155.6462883462745,-155.6462883462745,-155.6462883462745,-155.6462883462745,-155.6462883462745,-155.6462883462745,0.0,0.0,0.0,374.0164836971266
7412,1991-06-20,529.5472450452595,333.7286123164714,416.1540861773569,529.5472450452595,529.5472450452595,-155.55802925780014,-155.55802925780014,-155.55802925780014,-155.55802925780014,-155.55802925780014,-155.55802925780014,0.0,0.0,0.0,373.98921578745933
7413,1991-06-21,529.4317180471179,333.71725255596164,413.77070800494346,529.4317180471179,529.4317180471179,-155.46968584083598,-155.46968584083598,-155.46968584083598,-155.46968584083598,-155.46968584083598,-155.46968584083598,0.0,0.0,0.0,373.96203220628195
7414,1991-06-24,529.0851370526927,332.18399834311754,412.8233855765672,529.0851370526927,529.0851370526927,-155.20411711158522,-155.20411711158522,-155.20411711158522,-155.20411711158522,-155.20411711158522,-155.20411711158522,0.0,0.0,0.0,373.8810199411075
7415,1991-06-25,528.9696100545511,330.29900258755646,415.9016291663254,528.9696100545511,528.9696100545511,-155.11540390470847,-155.11540390470847,-155.11540390470847,-155.11540390470847,-155.11540390470847,-155.11540390470847,0.0,0.0,0.0,373.85420614984264
7416,1991-06-26,528.8540830564095,332.86262036709593,416.4748733085983,528.8540830564095,528.8540830564095,-155.02659016329528,-155.02659016329528,-155.02659016329528,-155.02659016329528,-155.02659016329528,-155.02659016329528,0.0,0.0,0.0,373.82749289311425
7417,1991-06-27,528.7385560582679,331.4168232551171,414.9117590465239,528.7385560582679,528.7385560582679,-154.93767266575887,-154.93767266575887,-154.93767266575887,-154.93767266575887,-154.93767266575887,-154.93767266575887,0.0,0.0,0.0,373.80088339250904
7418,1991-06-28,528.6230290601261,331.0197256809266,416.7413140233033,528.6230290601261,528.6230290601261,-154.84864819736188,-154.84864819736188,-154.84864819736188,-154.84864819736188,-154.84864819736188,-154.84864819736188,0.0,0.0,0.0,373.77438086276425
7419,1991-07-01,528.2764480657013,332.787554808652,417.5154198132104,528.2764480657013,528.2764480657013,-154.5809009251311,-154.5809009251311,-154.5809009251311,-154.5809009251311,-154.5809009251311,-154.5809009251311,0.0,0.0,0.0,373.69554714057017
7420,1991-07-02,528.1609210675596,332.6642936316498,417.28130438280925,528.1609210675596,528.1609210675596,-154.49141656749657,-154.49141656749657,-154.49141656749657,-154.49141656749657,-154.49141656749657,-154.49141656749657,0.0,0.0,0.0,373.669504500063
7421,1991-07-03,528.045394069418,335.9155606370789,416.44068211854574,528.045394069418,528.045394069418,-154.40180927264123,-154.40180927264123,-154.40180927264123,-154.40180927264123,-154.40180927264123,-154.40180927264123,0.0,0.0,0.0,373.64358479677674
7422,1991-07-05,527.8143400731344,328.95727130220024,411.22493967740957,527.8143400731344,527.8143400731344,-154.22221319544897,-154.22221319544897,-154.22221319544897,-154.22221319544897,-154.22221319544897,-154.22221319544897,0.0,0.0,0.0,373.5921268776855
7423,1991-07-08,527.4677590787095,330.855528412283,415.0350499732502,527.4677590787095,527.4677590787095,-153.95181803305826,-153.95181803305826,-153.95181803305826,-153.95181803305826,-153.95181803305826,-153.95181803305826,0.0,0.0,0.0,373.51594104565123
7424,1991-07-09,527.3522320805679,331.7188885696457,413.641290325379,527.3522320805679,527.3522320805679,-153.86140680220782,-153.86140680220782,-153.86140680220782,-153.86140680220782,-153.86140680220782,-153.86140680220782,0.0,0.0,0.0,373.49082527836003
7425,1991-07-10,527.236705082426,330.0091710775873,418.82526192336144,527.236705082426,527.236705082426,-153.7708506053368,-153.7708506053368,-153.7708506053368,-153.7708506053368,-153.7708506053368,-153.7708506053368,0.0,0.0,0.0,373.46585447708924
7426,1991-07-11,527.1211780842845,329.90712525717856,417.4684190097424,527.1211780842845,527.1211780842845,-153.68014632856142,-153.68014632856142,-153.68014632856142,-153.68014632856142,-153.68014632856142,-153.68014632856142,0.0,0.0,0.0,373.44103175572303
7427,1991-07-12,527.0056510861428,336.2793119837307,416.47686947081525,527.0056510861428,527.0056510861428,-153.58929086665012,-153.58929086665012,-153.58929086665012,-153.58929086665012,-153.58929086665012,-153.58929086665012,0.0,0.0,0.0,373.41636021949273
7428,1991-07-15,526.6590700917179,330.9508950257908,415.26719073750195,526.6590700917179,526.6590700917179,-153.31578645019107,-153.31578645019107,-153.31578645019107,-153.31578645019107,-153.31578645019107,-153.31578645019107,0.0,0.0,0.0,373.34328364152685
7429,1991-07-16,526.5435430935761,330.5400691231318,414.50126496103593,526.5435430935761,526.5435430935761,-153.2242953728354,-153.2242953728354,-153.2242953728354,-153.2242953728354,-153.2242953728354,-153.2242953728354,0.0,0.0,0.0,373.3192477207407
7430,1991-07-17,526.4280160954345,332.2287678052101,414.0184051513581,526.4280160954345,526.4280160954345,-153.1326377183368,-153.1326377183368,-153.1326377183368,-153.1326377183368,-153.1326377183368,-153.1326377183368,0.0,0.0,0.0,373.2953783770977
7431,1991-07-18,526.3124890972929,331.1522323504095,413.512662102864,526.3124890972929,526.3124890972929,-153.04081043599305,-153.04081043599305,-153.04081043599305,-153.04081043599305,-153.04081043599305,-153.04081043599305,0.0,0.0,0.0,373.2716786612998
7432,1991-07-19,526.196962099151,330.5688851883606,415.0205275117821,526.196962099151,526.196962099151,-152.94881048462133,-152.94881048462133,-152.94881048462133,-152.94881048462133,-152.94881048462133,-152.94881048462133,0.0,0.0,0.0,373.2481516145297
7433,1991-07-22,525.850381104726,335.5213623053233,414.43498717846995,525.850381104726,525.850381104726,-152.67174434988917,-152.67174434988917,-152.67174434988917,-152.67174434988917,-152.67174434988917,-152.67174434988917,0.0,0.0,0.0,373.1786367548368
7434,1991-07-23,525.7348541065844,329.07448491065986,415.3995843705626,525.7348541065844,525.7348541065844,-152.57902350526027,-152.57902350526027,-152.57902350526027,-152.57902350526027,-152.57902350526027,-152.57902350526027,0.0,0.0,0.0,373.15583060132417
7435,1991-07-24,525.6193271084428,329.2779710837178,412.8198186391212,525.6193271084428,525.6193271084428,-152.48611493275757,-152.48611493275757,-152.48611493275757,-152.48611493275757,-152.48611493275757,-152.48611493275757,0.0,0.0,0.0,373.13321217568523
7436,1991-07-25,525.5038001103012,326.2553925264148,412.38062589480586,525.5038001103012,525.5038001103012,-152.39301565087075,-152.39301565087075,-152.39301565087075,-152.39301565087075,-152.39301565087075,-152.39301565087075,0.0,0.0,0.0,373.1107844594304
7437,1991-07-26,525.3882731121595,332.11912545685715,417.3018955884606,525.3882731121595,525.3882731121595,-152.299722688453,-152.299722688453,-152.299722688453,-152.299722688453,-152.299722688453,-152.299722688453,0.0,0.0,0.0,373.08855042370647
7438,1991-07-29,525.0416921177344,330.80953504982256,415.77134818803705,525.0416921177344,525.0416921177344,-152.01865216452913,-152.01865216452913,-152.01865216452913,-152.01865216452913,-152.01865216452913,-152.01865216452913,0.0,0.0,0.0,373.0230399532053
7439,1991-07-30,524.9261651195928,333.10052163286815,415.0264035594446,524.9261651195928,524.9261651195928,-151.924554979983,-151.924554979983,-151.924554979983,-151.924554979983,-151.924554979983,-151.924554979983,0.0,0.0,0.0,373.00161013960985
7440,1991-07-31,524.8106381214512,331.92907692955004,414.0706401287449,524.8106381214512,524.8106381214512,-151.83024941879393,-151.83024941879393,-151.83024941879393,-151.83024941879393,-151.83024941879393,-151.83024941879393,0.0,0.0,0.0,372.9803887026573
7441,1991-08-01,524.6951111233096,332.05386088382755,415.36567417782555,524.6951111233096,524.6951111233096,-151.7357325744845,-151.7357325744845,-151.7357325744845,-151.7357325744845,-151.7357325744845,-151.7357325744845,0.0,0.0,0.0,372.95937854882516
7442,1991-08-02,524.5795841251678,330.02215708271785,418.39133927096594,524.5795841251678,524.5795841251678,-151.6410015517605,-151.6410015517605,-151.6410015517605,-151.6410015517605,-151.6410015517605,-151.6410015517605,0.0,0.0,0.0,372.9385825734073
7443,1991-08-05,524.2330031307428,332.8911953984553,417.80066768121594,524.2330031307428,524.2330031307428,-151.35549463037015,-151.35549463037015,-151.35549463037015,-151.35549463037015,-151.35549463037015,-151.35549463037015,0.0,0.0,0.0,372.87750850037264
7444,1991-08-06,524.1174761326012,331.14340856606293,415.25143837667355,524.1174761326012,524.1174761326012,-151.25987816878637,-151.25987816878637,-151.25987816878637,-151.25987816878637,-151.25987816878637,-151.25987816878637,0.0,0.0,0.0,372.8575979638148
7445,1991-08-07,524.0019491344593,332.05136039782934,412.3881137466898,524.0019491344593,524.0019491344593,-151.16403322411404,-151.16403322411404,-151.16403322411404,-151.16403322411404,-151.16403322411404,-151.16403322411404,0.0,0.0,0.0,372.83791591034526
7446,1991-08-08,523.8864221363177,330.26222976263443,412.641887862189,523.8864221363177,523.8864221363177,-151.0679569705719,-151.0679569705719,-151.0679569705719,-151.0679569705719,-151.0679569705719,-151.0679569705719,0.0,0.0,0.0,372.8184651657458
7447,1991-08-09,523.7708951381761,331.5120063943386,412.3680564743643,523.7708951381761,523.7708951381761,-150.9716465943566,-150.9716465943566,-150.9716465943566,-150.9716465943566,-150.9716465943566,-150.9716465943566,0.0,0.0,0.0,372.79924854381954
7448,1991-08-12,523.4243141437512,329.8633826756607,416.2008025549211,523.4243141437512,523.4243141437512,-150.6812827736724,-150.6812827736724,-150.6812827736724,-150.6812827736724,-150.6812827736724,-150.6812827736724,0.0,0.0,0.0,372.7430313700788
7449,1991-08-13,523.3087871456096,328.56987383578996,414.08205519955186,523.3087871456096,523.3087871456096,-150.58400801221305,-150.58400801221305,-150.58400801221305,-150.58400801221305,-150.58400801221305,-150.58400801221305,0.0,0.0,0.0,372.7247791333965
7450,1991-08-14,523.1932601474678,330.09751813674603,412.31109564030555,523.1932601474678,523.1932601474678,-150.48648524263538,-150.48648524263538,-150.48648524263538,-150.48648524263538,-150.48648524263538,-150.48648524263538,0.0,0.0,0.0,372.7067749048324
7451,1991-08-15,523.0777331493261,331.50043117620186,412.36163258477205,523.0777331493261,523.0777331493261,-150.38871172533135,-150.38871172533135,-150.38871172533135,-150.38871172533135,-150.38871172533135,-150.38871172533135,0.0,0.0,0.0,372.6890214239948
7452,1991-08-16,522.9622061511845,329.16930749656,414.2877758144456,522.9622061511845,522.9622061511845,-150.2906847334388,-150.2906847334388,-150.2906847334388,-150.2906847334388,-150.2906847334388,-150.2906847334388,0.0,0.0,0.0,372.67152141774574
7453,1991-08-19,522.6156251567593,331.93151729083826,414.9132020445051,522.6156251567593,522.6156251567593,-149.99505583505675,-149.99505583505675,-149.99505583505675,-149.99505583505675,-149.99505583505675,-149.99505583505675,0.0,0.0,0.0,372.62056932170253
7454,1991-08-20,522.5000981586177,331.06373059551714,413.2527821174889,522.5000981586177,522.5000981586177,-149.895987934862,-149.895987934862,-149.895987934862,-149.895987934862,-149.895987934862,-149.895987934862,0.0,0.0,0.0,372.6041102237557
7455,1991-08-21,522.3845711604761,332.41063908064496,412.6783415300557,522.3845711604761,522.3845711604761,-149.79665312069983,-149.79665312069983,-149.79665312069983,-149.79665312069983,-149.79665312069983,-149.79665312069983,0.0,0.0,0.0,372.58791803977624
7456,1991-08-22,522.2690441623344,330.12588097183027,411.79913196459034,522.2690441623344,522.2690441623344,-149.6970487444182,-149.6970487444182,-149.6970487444182,-149.6970487444182,-149.6970487444182,-149.6970487444182,0.0,0.0,0.0,372.5719954179161
7457,1991-08-23,522.1535171641927,332.93842604433326,411.75995149196797,522.1535171641927,522.1535171641927,-149.59717217135093,-149.59717217135093,-149.59717217135093,-149.59717217135093,-149.59717217135093,-149.59717217135093,0.0,0.0,0.0,372.5563449928418
7458,1991-08-26,521.8069361697677,328.9741925315656,415.94041676892846,521.8069361697677,521.8069361697677,-149.29588312920535,-149.29588312920535,-149.29588312920535,-149.29588312920535,-149.29588312920535,-149.29588312920535,0.0,0.0,0.0,372.5110530405624
7459,1991-08-27,521.6914091716261,332.0738085188751,415.3704677552028,521.6914091716261,521.6914091716261,-149.1948916956244,-149.1948916956244,-149.1948916956244,-149.1948916956244,-149.1948916956244,-149.1948916956244,0.0,0.0,0.0,372.4965174760017
7460,1991-08-28,521.5758821734845,330.32720698399976,414.81504175051026,521.5758821734845,521.5758821734845,-149.0936150977868,-149.0936150977868,-149.0936150977868,-149.0936150977868,-149.0936150977868,-149.0936150977868,0.0,0.0,0.0,372.4822670756977
7461,1991-08-29,521.4603551753429,329.45761365352587,411.77945258067973,521.4603551753429,521.4603551753429,-148.99205078407843,-148.99205078407843,-148.99205078407843,-148.99205078407843,-148.99205078407843,-148.99205078407843,0.0,0.0,0.0,372.4683043912645
7462,1991-08-30,521.3448281772012,330.3052958695012,418.4844075260282,521.3448281772012,521.3448281772012,-148.89019621708016,-148.89019621708016,-148.89019621708016,-148.89019621708016,-148.89019621708016,-148.89019621708016,0.0,0.0,0.0,372.454631960121
7463,1991-09-03,520.8827201846344,331.9626448011126,413.63831311008613,520.8827201846344,520.8827201846344,-148.47982517009805,-148.47982517009805,-148.47982517009805,-148.47982517009805,-148.47982517009805,-148.47982517009805,0.0,0.0,0.0,372.4028950145364
7464,1991-09-04,520.7671931864927,332.4041616301108,413.4866451378841,520.7671931864927,520.7671931864927,-148.3764817790233,-148.3764817790233,-148.3764817790233,-148.3764817790233,-148.3764817790233,-148.3764817790233,0.0,0.0,0.0,372.39071140746944
7465,1991-09-05,520.651666188351,328.436009193155,416.67217923167544,520.651666188351,520.651666188351,-148.27283321370055,-148.27283321370055,-148.27283321370055,-148.27283321370055,-148.27283321370055,-148.27283321370055,0.0,0.0,0.0,372.37883297465044
7466,1991-09-06,520.6010901482216,331.51534643246185,414.8002054335508,520.6010901482216,520.6010901482216,-148.16887703879866,-148.16887703879866,-148.16887703879866,-148.16887703879866,-148.16887703879866,-148.16887703879866,0.0,0.0,0.0,372.43221310942295
7467,1991-09-09,520.4493620278336,331.10405893784565,417.28081424256754,520.4493620278336,520.4493620278336,-147.8551387283619,-147.8551387283619,-147.8551387283619,-147.8551387283619,-147.8551387283619,-147.8551387283619,0.0,0.0,0.0,372.59422329947165
7468,1991-09-10,520.3987859877043,329.3895409320456,412.80588610841056,520.3987859877043,520.3987859877043,-147.7499280625597,-147.7499280625597,-147.7499280625597,-147.7499280625597,-147.7499280625597,-147.7499280625597,0.0,0.0,0.0,372.6488579251446
7469,1991-09-11,520.3482099475749,331.15500996162996,414.0689968493984,520.3482099475749,520.3482099475749,-147.64439783688366,-147.64439783688366,-147.64439783688366,-147.64439783688366,-147.64439783688366,-147.64439783688366,0.0,0.0,0.0,372.7038121106913
7470,1991-09-12,520.2976339074456,331.4897803562545,413.72057931029025,520.2976339074456,520.2976339074456,-147.53854570719335,-147.53854570719335,-147.53854570719335,-147.53854570719335,-147.53854570719335,-147.53854570719335,0.0,0.0,0.0,372.7590882002523
7471,1991-09-13,520.2470578673162,335.42347976800295,416.3842647895144,520.2470578673162,520.2470578673162,-147.43236934486853,-147.43236934486853,-147.43236934486853,-147.43236934486853,-147.43236934486853,-147.43236934486853,0.0,0.0,0.0,372.8146885224477
7472,1991-09-16,520.0953297469282,332.883525562236,416.73674719821565,520.0953297469282,520.0953297469282,-147.1118718105482,-147.1118718105482,-147.1118718105482,-147.1118718105482,-147.1118718105482,-147.1118718105482,0.0,0.0,0.0,372.98345793638
7473,1991-09-17,520.0447537067987,328.4086260863727,411.3656656714227,520.0447537067987,520.0447537067987,-147.00437554498924,-147.00437554498924,-147.00437554498924,-147.00437554498924,-147.00437554498924,-147.00437554498924,0.0,0.0,0.0,373.0403781618095
7474,1991-09-18,519.9941776666694,328.98026542931825,411.46256202967464,519.9941776666694,519.9941776666694,-146.89654363959792,-146.89654363959792,-146.89654363959792,-146.89654363959792,-146.89654363959792,-146.89654363959792,0.0,0.0,0.0,373.09763402707154
7475,1991-09-19,519.9436016265402,330.8328423084407,417.27383025886024,519.9436016265402,519.9436016265402,-146.7883738607301,-146.7883738607301,-146.7883738607301,-146.7883738607301,-146.7883738607301,-146.7883738607301,0.0,0.0,0.0,373.1552277658101
7476,1991-09-20,519.8930255864108,331.1748119635891,414.2944151204164,519.8930255864108,519.8930255864108,-146.67986399087522,-146.67986399087522,-146.67986399087522,-146.67986399087522,-146.67986399087522,-146.67986399087522,0.0,0.0,0.0,373.21316159553555
7477,1991-09-23,519.7412974660227,332.98114827736424,414.06120207269953,519.7412974660227,519.7412974660227,-146.352271904066,-146.352271904066,-146.352271904066,-146.352271904066,-146.352271904066,-146.352271904066,0.0,0.0,0.0,373.3890255619567
7478,1991-09-24,519.6907214258935,333.1954015004177,417.08942548610787,519.6907214258935,519.6907214258935,-146.24237982078964,-146.24237982078964,-146.24237982078964,-146.24237982078964,-146.24237982078964,-146.24237982078964,0.0,0.0,0.0,373.4483416051038
7479,1991-09-25,519.6401453857641,330.95846196211573,415.0111445262399,519.6401453857641,519.6401453857641,-146.13213680392934,-146.13213680392934,-146.13213680392934,-146.13213680392934,-146.13213680392934,-146.13213680392934,0.0,0.0,0.0,373.5080085818347
7480,1991-09-26,519.5895693456348,331.27150054996844,415.19514292774244,519.5895693456348,519.5895693456348,-146.02154073453835,-146.02154073453835,-146.02154073453835,-146.02154073453835,-146.02154073453835,-146.02154073453835,0.0,0.0,0.0,373.56802861109645
7481,1991-09-27,519.5389933055054,331.71922625772726,411.4441723703134,519.5389933055054,519.5389933055054,-145.9105895103843,-145.9105895103843,-145.9105895103843,-145.9105895103843,-145.9105895103843,-145.9105895103843,0.0,0.0,0.0,373.62840379512113
7482,1991-09-30,519.3872651851174,334.8003378801047,415.37762594980603,519.3872651851174,519.3872651851174,-145.57558413941973,-145.57558413941973,-145.57558413941973,-145.57558413941973,-145.57558413941973,-145.57558413941973,0.0,0.0,0.0,373.81168104569764
7483,1991-10-01,519.3366891449881,330.9380676565538,416.1923908480666,519.3366891449881,519.3366891449881,-145.46319161097722,-145.46319161097722,-145.46319161097722,-145.46319161097722,-145.46319161097722,-145.46319161097722,0.0,0.0,0.0,373.8734975340109
7484,1991-10-02,519.2861131048587,329.83610304752136,413.9575526420738,519.2861131048587,519.2861131048587,-145.35043367011443,-145.35043367011443,-145.35043367011443,-145.35043367011443,-145.35043367011443,-145.35043367011443,0.0,0.0,0.0,373.9356794347443
7485,1991-10-03,519.2355370647292,333.82716518612085,415.19473776270814,519.2355370647292,519.2355370647292,-145.2373083165479,-145.2373083165479,-145.2373083165479,-145.2373083165479,-145.2373083165479,-145.2373083165479,0.0,0.0,0.0,373.9982287481813
7486,1991-10-04,519.1849610245999,329.46771230356103,415.0053482606296,519.1849610245999,519.1849610245999,-145.1238135672563,-145.1238135672563,-145.1238135672563,-145.1238135672563,-145.1238135672563,-145.1238135672563,0.0,0.0,0.0,374.0611474573436
7487,1991-10-07,519.033232904212,332.62739408785194,412.39620028874003,519.033232904212,519.033232904212,-144.78109337531262,-144.78109337531262,-144.78109337531262,-144.78109337531262,-144.78109337531262,-144.78109337531262,0.0,0.0,0.0,374.2521395288994
7488,1991-10-08,518.9826568640826,330.04562191608613,417.62306384087174,518.9826568640826,518.9826568640826,-144.66610156075703,-144.66610156075703,-144.66610156075703,-144.66610156075703,-144.66610156075703,-144.66610156075703,0.0,0.0,0.0,374.3165553033256
7489,1991-10-09,518.9320808239532,330.1779273851295,414.15431784371094,518.9320808239532,518.9320808239532,-144.55073069690488,-144.55073069690488,-144.55073069690488,-144.55073069690488,-144.55073069690488,-144.55073069690488,0.0,0.0,0.0,374.38135012704834
7490,1991-10-10,518.881504783824,330.97498708505054,414.92820352527093,518.881504783824,518.881504783824,-144.43497890586062,-144.43497890586062,-144.43497890586062,-144.43497890586062,-144.43497890586062,-144.43497890586062,0.0,0.0,0.0,374.4465258779634
7491,1991-10-11,518.8309287436946,330.823973498346,414.79218780349964,518.8309287436946,518.8309287436946,-144.31884432750482,-144.31884432750482,-144.31884432750482,-144.31884432750482,-144.31884432750482,-144.31884432750482,0.0,0.0,0.0,374.51208441618974
7492,1991-10-14,518.6792006233065,332.4222738054006,416.5417103085934,518.6792006233065,518.6792006233065,-143.96812553543847,-143.96812553543847,-143.96812553543847,-143.96812553543847,-143.96812553543847,-143.96812553543847,0.0,0.0,0.0,374.71107508786804
7493,1991-10-15,518.6286245831773,332.1716488471071,416.00237904473954,518.6286245831773,518.6286245831773,-143.85044156455234,-143.85044156455234,-143.85044156455234,-143.85044156455234,-143.85044156455234,-143.85044156455234,0.0,0.0,0.0,374.77818301862493
7494,1991-10-16,518.5780485430479,333.94374777290744,417.2579555359643,518.5780485430479,518.5780485430479,-143.7323657747958,-143.7323657747958,-143.7323657747958,-143.7323657747958,-143.7323657747958,-143.7323657747958,0.0,0.0,0.0,374.8456827682521
7495,1991-10-17,518.5274725029185,332.51722436270927,415.9152450421545,518.5274725029185,518.5274725029185,-143.61389641414198,-143.61389641414198,-143.61389641414198,-143.61389641414198,-143.61389641414198,-143.61389641414198,0.0,0.0,0.0,374.9135760887765
7496,1991-10-18,518.4768964627891,337.732951325282,414.16146894556437,518.4768964627891,518.4768964627891,-143.49503174881661,-143.49503174881661,-143.49503174881661,-143.49503174881661,-143.49503174881661,-143.49503174881661,0.0,0.0,0.0,374.9818647139725
7497,1991-10-21,518.3251683424012,331.82666961064126,418.26533677012065,518.3251683424012,518.3251683424012,-143.13604886217814,-143.13604886217814,-143.13604886217814,-143.13604886217814,-143.13604886217814,-143.13604886217814,0.0,0.0,0.0,375.18911948022304
7498,1991-10-22,518.2745923022718,335.18768501412336,416.92063756070144,518.2745923022718,518.2745923022718,-143.01558600769084,-143.01558600769084,-143.01558600769084,-143.01558600769084,-143.01558600769084,-143.01558600769084,0.0,0.0,0.0,375.25900629458096
7499,1991-10-23,518.2240162621424,331.4344240005882,417.4626104566259,518.2240162621424,518.2240162621424,-142.89471945567124,-142.89471945567124,-142.89471945567124,-142.89471945567124,-142.89471945567124,-142.89471945567124,0.0,0.0,0.0,375.3292968064712
7500,1991-10-24,518.1734402220131,333.31818005371366,416.00843265492335,518.1734402220131,518.1734402220131,-142.77344758318986,-142.77344758318986,-142.77344758318986,-142.77344758318986,-142.77344758318986,-142.77344758318986,0.0,0.0,0.0,375.3999926388233
7501,1991-10-25,518.1228641818838,332.76208793745525,414.6621673554746,518.1228641818838,518.1228641818838,-142.65176878601133,-142.65176878601133,-142.65176878601133,-142.65176878601133,-142.65176878601133,-142.65176878601133,0.0,0.0,0.0,375.47109539587245
7502,1991-10-28,517.9711360614957,331.61572825178,415.1006396418434,517.9711360614957,517.9711360614957,-142.2842750855431,-142.2842750855431,-142.2842750855431,-142.2842750855431,-142.2842750855431,-142.2842750855431,0.0,0.0,0.0,375.68686097595264
7503,1991-10-29,517.9205600213664,333.2195667422568,417.23900552565283,517.9205600213664,517.9205600213664,-142.16095292311437,-142.16095292311437,-142.16095292311437,-142.16095292311437,-142.16095292311437,-142.16095292311437,0.0,0.0,0.0,375.7596070982521
7504,1991-10-30,517.869983981237,332.53023226397306,417.00797192120734,517.869983981237,517.869983981237,-142.03721609724667,-142.03721609724667,-142.03721609724667,-142.03721609724667,-142.03721609724667,-142.03721609724667,0.0,0.0,0.0,375.8327678839904
7505,1991-10-31,517.8194079411078,336.5254215076721,418.80766659208183,517.8194079411078,517.8194079411078,-141.9130631170841,-141.9130631170841,-141.9130631170841,-141.9130631170841,-141.9130631170841,-141.9130631170841,0.0,0.0,0.0,375.9063448240237
7506,1991-11-01,517.7688319009784,336.1622985006941,420.4682659457874,517.7688319009784,517.7688319009784,-141.78849251086615,-141.78849251086615,-141.78849251086615,-141.78849251086615,-141.78849251086615,-141.78849251086615,0.0,0.0,0.0,375.98033939011225
7507,1991-11-04,517.6171037805904,330.5525227056272,417.415957258032,517.6171037805904,517.6171037805904,-141.4122605058529,-141.4122605058529,-141.4122605058529,-141.4122605058529,-141.4122605058529,-141.4122605058529,0.0,0.0,0.0,376.2048432747374
7508,1991-11-05,517.566527740461,335.5653877046924,418.838300790183,517.566527740461,517.566527740461,-141.2860050616178,-141.2860050616178,-141.2860050616178,-141.2860050616178,-141.2860050616178,-141.2860050616178,0.0,0.0,0.0,376.28052267884317
7509,1991-11-06,517.5159517003317,334.41444543401013,417.09723063702035,517.5159517003317,517.5159517003317,-141.15932492084406,-141.15932492084406,-141.15932492084406,-141.15932492084406,-141.15932492084406,-141.15932492084406,0.0,0.0,0.0,376.35662677948767
7510,1991-11-07,517.4653756602023,334.77020911993935,418.7074758706125,517.4653756602023,517.4653756602023,-141.03221872746553,-141.03221872746553,-141.03221872746553,-141.03221872746553,-141.03221872746553,-141.03221872746553,0.0,0.0,0.0,376.4331569327368
7511,1991-11-08,517.4147996200729,335.30180415307194,418.4186802677836,517.4147996200729,517.4147996200729,-140.90468514487847,-140.90468514487847,-140.90468514487847,-140.90468514487847,-140.90468514487847,-140.90468514487847,0.0,0.0,0.0,376.5101144751944
7512,1991-11-11,517.263071499685,337.4992041682216,418.93404850169344,517.263071499685,517.263071499685,-140.51950698878997,-140.51950698878997,-140.51950698878997,-140.51950698878997,-140.51950698878997,-140.51950698878997,0.0,0.0,0.0,376.743564510895
7513,1991-11-12,517.2124954595556,336.1524642344051,415.10938645417116,517.2124954595556,517.2124954595556,-140.39025087428456,-140.39025087428456,-140.39025087428456,-140.39025087428456,-140.39025087428456,-140.39025087428456,0.0,0.0,0.0,376.82224458527105
7514,1991-11-13,517.1619194194262,335.18624820440687,416.7871908879144,517.1619194194262,517.1619194194262,-140.26056098118363,-140.26056098118363,-140.26056098118363,-140.26056098118363,-140.26056098118363,-140.26056098118363,0.0,0.0,0.0,376.9013584382426
7515,1991-11-14,517.111343379297,333.83542172988706,418.1103346939033,517.111343379297,517.111343379297,-140.1304360906666,-140.1304360906666,-140.1304360906666,-140.1304360906666,-140.1304360906666,-140.1304360906666,0.0,0.0,0.0,376.98090728863036
7516,1991-11-15,517.0607673391676,333.91414967342206,419.16290828806945,517.0607673391676,517.0607673391676,-139.99987500370364,-139.99987500370364,-139.99987500370364,-139.99987500370364,-139.99987500370364,-139.99987500370364,0.0,0.0,0.0,377.0608923354639
7517,1991-11-18,516.9090392187795,335.33138130059416,416.5298303294782,516.9090392187795,516.9090392187795,-139.60556287163294,-139.60556287163294,-139.60556287163294,-139.60556287163294,-139.60556287163294,-139.60556287163294,0.0,0.0,0.0,377.30347634714656
7518,1991-11-19,516.8584631786501,339.96441136824063,419.0583305819072,516.8584631786501,516.8584631786501,-139.47324540594218,-139.47324540594218,-139.47324540594218,-139.47324540594218,-139.47324540594218,-139.47324540594218,0.0,0.0,0.0,377.38521777270796
7519,1991-11-20,516.8078871385209,334.61427964041866,421.4156313091796,516.8078871385209,516.8078871385209,-139.3404860470407,-139.3404860470407,-139.3404860470407,-139.3404860470407,-139.3404860470407,-139.3404860470407,0.0,0.0,0.0,377.46740109148016
7520,1991-11-21,516.7573110983915,334.9203291783586,416.28800442497163,516.7573110983915,516.7573110983915,-139.20728371554407,-139.20728371554407,-139.20728371554407,-139.20728371554407,-139.20728371554407,-139.20728371554407,0.0,0.0,0.0,377.5500273828474
7521,1991-11-22,516.7067350582622,333.4376753477778,417.5571928571701,516.7067350582622,516.7067350582622,-139.07363735215085,-139.07363735215085,-139.07363735215085,-139.07363735215085,-139.07363735215085,-139.07363735215085,0.0,0.0,0.0,377.63309770611136
7522,1991-11-25,516.5550069378742,337.7330621944645,417.641832602652,516.5550069378742,516.5550069378742,-138.67002377961833,-138.67002377961833,-138.67002377961833,-138.67002377961833,-138.67002377961833,-138.67002377961833,0.0,0.0,0.0,377.88498315825586
7523,1991-11-26,516.5044308977448,336.2196105128872,419.01398298780066,516.5044308977448,516.5044308977448,-138.53459109861,-138.53459109861,-138.53459109861,-138.53459109861,-138.53459109861,-138.53459109861,0.0,0.0,0.0,377.9698397991348
7524,1991-11-27,516.4538548576155,338.86927625929104,421.4865655646488,516.4538548576155,516.4538548576155,-138.39870939176006,-138.39870939176006,-138.39870939176006,-138.39870939176006,-138.39870939176006,-138.39870939176006,0.0,0.0,0.0,378.05514546585545
7525,1991-11-29,516.3527027773567,337.174485036369,415.5873748316101,516.3527027773567,516.3527027773567,-138.12559516878196,-138.12559516878196,-138.12559516878196,-138.12559516878196,-138.12559516878196,-138.12559516878196,0.0,0.0,0.0,378.2271076085748
7526,1991-12-02,516.2009746569687,336.55257421153004,419.92543948008955,516.2009746569687,516.2009746569687,-137.7125333515483,-137.7125333515483,-137.7125333515483,-137.7125333515483,-137.7125333515483,-137.7125333515483,0.0,0.0,0.0,378.4884413054204
7527,1991-12-03,516.1503986168393,335.34899300940333,419.8508270832391,516.1503986168393,516.1503986168393,-137.57393850407718,-137.57393850407718,-137.57393850407718,-137.57393850407718,-137.57393850407718,-137.57393850407718,0.0,0.0,0.0,378.5764601127621
7528,1991-12-04,516.09982257671,335.60789823626783,420.08142014791395,516.09982257671,516.09982257671,-137.43488849279302,-137.43488849279302,-137.43488849279302,-137.43488849279302,-137.43488849279302,-137.43488849279302,0.0,0.0,0.0,378.66493408391705
7529,1991-12-05,516.0492465365807,333.4356539167468,422.910885990629,516.0492465365807,516.0492465365807,-137.29538252269265,-137.29538252269265,-137.29538252269265,-137.29538252269265,-137.29538252269265,-137.29538252269265,0.0,0.0,0.0,378.753864013888
7530,1991-12-06,515.9986704964514,338.91462565184406,420.43538536353583,515.9986704964514,515.9986704964514,-137.15541981932327,-137.15541981932327,-137.15541981932327,-137.15541981932327,-137.15541981932327,-137.15541981932327,0.0,0.0,0.0,378.84325067712814
7531,1991-12-09,515.8469423760633,335.9307218848202,418.2289549970475,515.8469423760633,515.8469423760633,-136.7327838739107,-136.7327838739107,-136.7327838739107,-136.7327838739107,-136.7327838739107,-136.7327838739107,0.0,0.0,0.0,379.11415850215263
7532,1991-12-10,515.796366335934,336.9047167535888,421.07816028388504,515.796366335934,515.796366335934,-136.5909869049049,-136.5909869049049,-136.5909869049049,-136.5909869049049,-136.5909869049049,-136.5909869049049,0.0,0.0,0.0,379.2053794310291
7533,1991-12-11,515.7457902958047,336.6309986050711,421.9119956374859,515.7457902958047,515.7457902958047,-136.44872963956732,-136.44872963956732,-136.44872963956732,-136.44872963956732,-136.44872963956732,-136.44872963956732,0.0,0.0,0.0,379.29706065623736
7534,1991-12-12,515.6952142556753,338.06792570722007,421.8992985967527,515.6952142556753,515.6952142556753,-136.30601142730194,-136.30601142730194,-136.30601142730194,-136.30601142730194,-136.30601142730194,-136.30601142730194,0.0,0.0,0.0,379.38920282837336
7535,1991-12-13,515.6446382155459,339.4945134578163,421.2296263851468,515.6446382155459,515.6446382155459,-136.16283163823954,-136.16283163823954,-136.16283163823954,-136.16283163823954,-136.16283163823954,-136.16283163823954,0.0,0.0,0.0,379.4818065773064
7536,1991-12-16,515.492910095158,337.27539822637226,421.4220733717765,515.492910095158,515.492910095158,-135.7305168229452,-135.7305168229452,-135.7305168229452,-135.7305168229452,-135.7305168229452,-135.7305168229452,0.0,0.0,0.0,379.76239327221276
7537,1991-12-17,515.4423340550286,340.49103322160806,421.5426776143456,515.4423340550286,515.4423340550286,-135.58548484330217,-135.58548484330217,-135.58548484330217,-135.58548484330217,-135.58548484330217,-135.58548484330217,0.0,0.0,0.0,379.8568492117264
7538,1991-12-18,515.3917580148992,336.92697040882894,420.292784320611,515.3917580148992,515.3917580148992,-135.43998844916766,-135.43998844916766,-135.43998844916766,-135.43998844916766,-135.43998844916766,-135.43998844916766,0.0,0.0,0.0,379.9517695657315
7539,1991-12-19,515.3411819747698,337.5953403748554,419.8675803203805,515.3411819747698,515.3411819747698,-135.29402713547088,-135.29402713547088,-135.29402713547088,-135.29402713547088,-135.29402713547088,-135.29402713547088,0.0,0.0,0.0,380.04715483929897
7540,1991-12-20,515.2906059346406,339.25533004195614,422.43705309614785,515.2906059346406,515.2906059346406,-135.14760041800452,-135.14760041800452,-135.14760041800452,-135.14760041800452,-135.14760041800452,-135.14760041800452,0.0,0.0,0.0,380.14300551663604
7541,1991-12-23,515.1388778142525,336.8460408029828,421.28356974178314,515.1388778142525,515.1388778142525,-134.70552331424196,-134.70552331424196,-134.70552331424196,-134.70552331424196,-134.70552331424196,-134.70552331424196,0.0,0.0,0.0,380.4333545000105
7542,1991-12-24,515.0883017741231,338.447340077903,422.9225178408014,515.0883017741231,515.0883017741231,-134.55723055749291,-134.55723055749291,-134.55723055749291,-134.55723055749291,-134.55723055749291,-134.55723055749291,0.0,0.0,0.0,380.5310712166302
7543,1991-12-26,514.9871496938645,343.06077060749584,422.19617499772295,514.9871496938645,514.9871496938645,-134.2592421514567,-134.2592421514567,-134.2592421514567,-134.2592421514567,-134.2592421514567,-134.2592421514567,0.0,0.0,0.0,380.72790754240776
7544,1991-12-27,514.9365736537352,341.3747570804064,419.8638982497156,514.9365736537352,514.9365736537352,-134.10954580573545,-134.10954580573545,-134.10954580573545,-134.10954580573545,-134.10954580573545,-134.10954580573545,0.0,0.0,0.0,380.8270278479997
7545,1991-12-30,514.7848455333472,342.1218621906743,424.6897416395756,514.7848455333472,514.7848455333472,-133.65764445962083,-133.65764445962083,-133.65764445962083,-133.65764445962083,-133.65764445962083,-133.65764445962083,0.0,0.0,0.0,381.1272010737263
7546,1991-12-31,514.7342694932178,338.8911531198602,424.09321793382526,514.7342694932178,514.7342694932178,-133.506072325336,-133.506072325336,-133.506072325336,-133.506072325336,-133.506072325336,-133.506072325336,0.0,0.0,0.0,381.2281971678818
7547,1992-01-02,514.633117412959,340.8594030423644,426.16187250904903,514.633117412959,514.633117412959,-133.2015191002837,-133.2015191002837,-133.2015191002837,-133.2015191002837,-133.2015191002837,-133.2015191002837,0.0,0.0,0.0,381.4315983126753
7548,1992-01-03,514.5825413728297,342.2984060278142,421.51935648501905,514.5825413728297,514.5825413728297,-133.04853760704034,-133.04853760704034,-133.04853760704034,-133.04853760704034,-133.04853760704034,-133.04853760704034,0.0,0.0,0.0,381.5340037657894
7549,1992-01-06,514.4308132524417,339.47462845915067,423.1939256470207,514.4308132524417,514.4308132524417,-132.58677163120166,-132.58677163120166,-132.58677163120166,-132.58677163120166,-132.58677163120166,-132.58677163120166,0.0,0.0,0.0,381.84404162124
7550,1992-01-07,514.3802372123123,341.2221862576413,422.85536985745495,514.3802372123123,514.3802372123123,-132.43190871514122,-132.43190871514122,-132.43190871514122,-132.43190871514122,-132.43190871514122,-132.43190871514122,0.0,0.0,0.0,381.9483284971711
7551,1992-01-08,514.329661172183,337.7948843345128,423.4668847110634,514.329661172183,514.329661172183,-132.27657517692106,-132.27657517692106,-132.27657517692106,-132.27657517692106,-132.27657517692106,-132.27657517692106,0.0,0.0,0.0,382.053085995262
7552,1992-01-09,514.2790851320536,341.83194645089657,425.47794317275657,514.2790851320536,514.2790851320536,-132.12077095204842,-132.12077095204842,-132.12077095204842,-132.12077095204842,-132.12077095204842,-132.12077095204842,0.0,0.0,0.0,382.1583141800052
7553,1992-01-10,514.2285090919244,339.70681647460617,425.83837475299356,514.2285090919244,514.2285090919244,-131.96449599707285,-131.96449599707285,-131.96449599707285,-131.96449599707285,-131.96449599707285,-131.96449599707285,0.0,0.0,0.0,382.2640130948515
7554,1992-01-13,514.0767809715363,339.8653149700999,423.19693959877486,514.0767809715363,514.0767809715363,-131.49284663272763,-131.49284663272763,-131.49284663272763,-131.49284663272763,-131.49284663272763,-131.49284663272763,0.0,0.0,0.0,382.5839343388087
7555,1992-01-14,514.0262049314069,338.74434008732186,422.27281907390005,514.0262049314069,514.0262049314069,-131.3346887437561,-131.3346887437561,-131.3346887437561,-131.3346887437561,-131.3346887437561,-131.3346887437561,0.0,0.0,0.0,382.69151618765085
7556,1992-01-15,513.9756288912777,339.5673979773041,425.16679113176355,513.9756288912777,513.9756288912777,-131.1760602230979,-131.1760602230979,-131.1760602230979,-131.1760602230979,-131.1760602230979,-131.1760602230979,0.0,0.0,0.0,382.79956866817975
7557,1992-01-16,513.9250528511483,342.0349591799687,423.3444333682254,513.9250528511483,513.9250528511483,-131.01696115355188,-131.01696115355188,-131.01696115355188,-131.01696115355188,-131.01696115355188,-131.01696115355188,0.0,0.0,0.0,382.90809169759643
7558,1992-01-17,513.8744768110189,344.5040069875187,424.9239785661274,513.8744768110189,513.8744768110189,-130.8573916389461,-130.8573916389461,-130.8573916389461,-130.8573916389461,-130.8573916389461,-130.8573916389461,0.0,0.0,0.0,383.0170851720728
7559,1992-01-20,513.7227486906309,344.3845944700699,425.6516118509199,513.7227486906309,513.7227486906309,-130.37586177836576,-130.37586177836576,-130.37586177836576,-130.37586177836576,-130.37586177836576,-130.37586177836576,0.0,0.0,0.0,383.34688691226506
7560,1992-01-21,513.6721726505016,344.2351781558681,424.43739677995853,513.6721726505016,513.6721726505016,-130.21441194217664,-130.21441194217664,-130.21441194217664,-130.21441194217664,-130.21441194217664,-130.21441194217664,0.0,0.0,0.0,383.45776070832494
7561,1992-01-22,513.6215966103722,340.6187082367812,424.9293006373092,513.6215966103722,513.6215966103722,-130.05249249528697,-130.05249249528697,-130.05249249528697,-130.05249249528697,-130.05249249528697,-130.05249249528697,0.0,0.0,0.0,383.5691041150852
7562,1992-01-23,513.5710205702428,341.2153801266287,426.3049041086644,513.5710205702428,513.5710205702428,-129.89010366755875,-129.89010366755875,-129.89010366755875,-129.89010366755875,-129.89010366755875,-129.89010366755875,0.0,0.0,0.0,383.6809169026841
7563,1992-01-24,513.5204445301135,343.2423243243594,426.975904215719,513.5204445301135,513.5204445301135,-129.72724570982786,-129.72724570982786,-129.72724570982786,-129.72724570982786,-129.72724570982786,-129.72724570982786,0.0,0.0,0.0,383.7931988202857
7564,1992-01-27,513.3687164097255,343.15606907759945,426.9464221376761,513.3687164097255,513.3687164097255,-129.2358598793686,-129.2358598793686,-129.2358598793686,-129.2358598793686,-129.2358598793686,-129.2358598793686,0.0,0.0,0.0,384.1328565303569
7565,1992-01-28,513.3181403695961,342.74756916391544,427.6336752610313,513.3181403695961,513.3181403695961,-129.0711283290856,-129.0711283290856,-129.0711283290856,-129.0711283290856,-129.0711283290856,-129.0711283290856,0.0,0.0,0.0,384.2470120405105
7566,1992-01-29,513.2675643294668,343.15990203196327,425.1692350076763,513.2675643294668,513.2675643294668,-128.90592921719303,-128.90592921719303,-128.90592921719303,-128.90592921719303,-128.90592921719303,-128.90592921719303,0.0,0.0,0.0,384.3616351122738
7567,1992-01-30,513.2169882893375,342.4070367795329,424.9334634626657,513.2169882893375,513.2169882893375,-128.7402629201195,-128.7402629201195,-128.7402629201195,-128.7402629201195,-128.7402629201195,-128.7402629201195,0.0,0.0,0.0,384.47672536921795
7568,1992-01-31,513.1664122492081,345.68392347518943,425.93422297706434,513.1664122492081,513.1664122492081,-128.5741298351761,-128.5741298351761,-128.5741298351761,-128.5741298351761,-128.5741298351761,-128.5741298351761,0.0,0.0,0.0,384.59228241403196
7569,1992-02-03,513.01468412882,341.7725957996134,424.59387583061414,513.01468412882,513.01468412882,-128.07293413912188,-128.07293413912188,-128.07293413912188,-128.07293413912188,-128.07293413912188,-128.07293413912188,0.0,0.0,0.0,384.9417499896981
7570,1992-02-04,512.9641080886908,344.9993542092477,430.65454689937917,512.9641080886908,512.9641080886908,-127.90493829286731,-127.90493829286731,-127.90493829286731,-127.90493829286731,-127.90493829286731,-127.90493829286731,0.0,0.0,0.0,385.05916979582344
7571,1992-02-05,512.9135320485614,342.5080460600657,428.75604395896056,512.9135320485614,512.9135320485614,-127.7364779579367,-127.7364779579367,-127.7364779579367,-127.7364779579367,-127.7364779579367,-127.7364779579367,0.0,0.0,0.0,385.17705409062467
7572,1992-02-06,512.8629560084321,344.0389721616014,426.80471651256977,512.8629560084321,512.8629560084321,-127.567553656565,-127.567553656565,-127.567553656565,-127.567553656565,-127.567553656565,-127.567553656565,0.0,0.0,0.0,385.2954023518671
7573,1992-02-07,512.8123799683027,342.81824484175525,425.30178348960624,512.8123799683027,512.8123799683027,-127.3981659317418,-127.3981659317418,-127.3981659317418,-127.3981659317418,-127.3981659317418,-127.3981659317418,0.0,0.0,0.0,385.4142140365609
7574,1992-02-10,512.6606518479147,345.8972756634552,426.5643794881516,512.6606518479147,512.6606518479147,-126.88722795728212,-126.88722795728212,-126.88722795728212,-126.88722795728212,-126.88722795728212,-126.88722795728212,0.0,0.0,0.0,385.77342389063256
7575,1992-02-11,512.6100758077854,345.0519809235059,426.34346624145434,512.6100758077854,512.6100758077854,-126.71599238282109,-126.71599238282109,-126.71599238282109,-126.71599238282109,-126.71599238282109,-126.71599238282109,0.0,0.0,0.0,385.8940834249643
7576,1992-02-12,512.559499767656,345.1164282822497,423.20774300076596,512.559499767656,512.559499767656,-126.54429641035993,-126.54429641035993,-126.54429641035993,-126.54429641035993,-126.54429641035993,-126.54429641035993,0.0,0.0,0.0,386.01520335729606
7577,1992-02-13,512.5089237275266,343.22878545535536,430.8737602946901,512.5089237275266,512.5089237275266,-126.37214070692224,-126.37214070692224,-126.37214070692224,-126.37214070692224,-126.37214070692224,-126.37214070692224,0.0,0.0,0.0,386.1367830206044
7578,1992-02-14,512.4583476873973,345.2357079748424,428.6216085086478,512.4583476873973,512.4583476873973,-126.19952596011814,-126.19952596011814,-126.19952596011814,-126.19952596011814,-126.19952596011814,-126.19952596011814,0.0,0.0,0.0,386.2588217272792
7579,1992-02-18,512.2560435268799,346.0874002563869,429.58202750068403,512.2560435268799,512.2560435268799,-125.5044910104204,-125.5044910104204,-125.5044910104204,-125.5044910104204,-125.5044910104204,-125.5044910104204,0.0,0.0,0.0,386.7515525164595
7580,1992-02-19,512.2054674867505,348.1110668097652,428.2047340751081,512.2054674867505,512.2054674867505,-125.32959207951835,-125.32959207951835,-125.32959207951835,-125.32959207951835,-125.32959207951835,-125.32959207951835,0.0,0.0,0.0,386.8758754072322
7581,1992-02-20,512.1548914466213,343.9110246702728,429.2995878339657,512.1548914466213,512.1548914466213,-125.15423866165665,-125.15423866165665,-125.15423866165665,-125.15423866165665,-125.15423866165665,-125.15423866165665,0.0,0.0,0.0,387.0006527849646
7582,1992-02-21,512.1043154064919,346.30508246998664,427.4925183077099,512.1043154064919,512.1043154064919,-124.97843158775298,-124.97843158775298,-124.97843158775298,-124.97843158775298,-124.97843158775298,-124.97843158775298,0.0,0.0,0.0,387.1258838187389
7583,1992-02-24,511.9525872861039,347.1085942851164,428.1130017790532,511.9525872861039,511.9525872861039,-124.44829704402439,-124.44829704402439,-124.44829704402439,-124.44829704402439,-124.44829704402439,-124.44829704402439,0.0,0.0,0.0,387.5042902420795
7584,1992-02-25,511.90201124597456,344.38442367901024,430.7491962250916,511.90201124597456,511.90201124597456,-124.27068406164092,-124.27068406164092,-124.27068406164092,-124.27068406164092,-124.27068406164092,-124.27068406164092,0.0,0.0,0.0,387.63132718433366
7585,1992-02-26,511.85143520584523,344.8644297803042,427.74752089183045,511.85143520584523,511.85143520584523,-124.09262188239354,-124.09262188239354,-124.09262188239354,-124.09262188239354,-124.09262188239354,-124.09262188239354,0.0,0.0,0.0,387.7588133234517
7586,1992-02-27,511.80085916571585,346.66368240998344,426.9184098488712,511.80085916571585,511.80085916571585,-123.91411145879704,-123.91411145879704,-123.91411145879704,-123.91411145879704,-123.91411145879704,-123.91411145879704,0.0,0.0,0.0,387.8867477069188
7587,1992-02-28,511.7502831255865,347.7918911334118,433.7487082526829,511.7502831255865,511.7502831255865,-123.73515376350944,-123.73515376350944,-123.73515376350944,-123.73515376350944,-123.73515376350944,-123.73515376350944,0.0,0.0,0.0,388.01512936207706
7588,1992-03-02,511.5985550051985,347.5365074409365,430.15219749656706,511.5985550051985,511.5985550051985,-123.19560707543785,-123.19560707543785,-123.19560707543785,-123.19560707543785,-123.19560707543785,-123.19560707543785,0.0,0.0,0.0,388.4029479297606
7589,1992-03-03,511.54797896506903,350.710013581325,430.614280119137,511.54797896506903,511.54797896506903,-123.01487042151145,-123.01487042151145,-123.01487042151145,-123.01487042151145,-123.01487042151145,-123.01487042151145,0.0,0.0,0.0,388.5331085435576
7590,1992-03-04,511.4974029249397,346.4517853392088,432.36825526790574,511.4974029249397,511.4974029249397,-122.83369166000696,-122.83369166000696,-122.83369166000696,-122.83369166000696,-122.83369166000696,-122.83369166000696,0.0,0.0,0.0,388.6637112649328
7591,1992-03-05,511.4468268848104,347.01100456063864,429.36572509978214,511.4468268848104,511.4468268848104,-122.65207188363686,-122.65207188363686,-122.65207188363686,-122.65207188363686,-122.65207188363686,-122.65207188363686,0.0,0.0,0.0,388.7947550011735
7592,1992-03-06,511.3962508446811,347.10065042939164,431.7743450365034,511.3962508446811,511.3962508446811,-122.47001220498338,-122.47001220498338,-122.47001220498338,-122.47001220498338,-122.47001220498338,-122.47001220498338,0.0,0.0,0.0,388.9262386396977
7593,1992-03-09,511.244522724293,348.83175675677046,431.51214942906387,511.244522724293,511.244522724293,-121.92120517827456,-121.92120517827456,-121.92120517827456,-121.92120517827456,-121.92120517827456,-121.92120517827456,0.0,0.0,0.0,389.3233175460184
7594,1992-03-10,511.19394668416373,351.88142658024907,429.97955043635034,511.19394668416373,511.19394668416373,-121.73739741218516,-121.73739741218516,-121.73739741218516,-121.73739741218516,-121.73739741218516,-121.73739741218516,0.0,0.0,0.0,389.4565492719786
7595,1992-03-11,511.1433706440344,348.5131954862556,428.75951819863394,511.1433706440344,511.1433706440344,-121.55315560325171,-121.55315560325171,-121.55315560325171,-121.55315560325171,-121.55315560325171,-121.55315560325171,0.0,0.0,0.0,389.5902150407827
7596,1992-03-12,511.0927946039051,346.68146578001176,429.90263638987614,511.0927946039051,511.0927946039051,-121.36848098235797,-121.36848098235797,-121.36848098235797,-121.36848098235797,-121.36848098235797,-121.36848098235797,0.0,0.0,0.0,389.72431362154714
7597,1992-03-13,511.0422185637757,348.37193694368005,429.2435287261244,511.0422185637757,511.0422185637757,-121.18337479994995,-121.18337479994995,-121.18337479994995,-121.18337479994995,-121.18337479994995,-121.18337479994995,0.0,0.0,0.0,389.85884376382575
7598,1992-03-16,510.8904904433876,348.9496617951959,432.641591048376,510.8904904433876,510.8904904433876,-120.62547968047629,-120.62547968047629,-120.62547968047629,-120.62547968047629,-120.62547968047629,-120.62547968047629,0.0,0.0,0.0,390.2650107629113
7599,1992-03-17,510.8399144032583,348.6545753407062,431.72512390046217,510.8399144032583,510.8399144032583,-120.43866014597856,-120.43866014597856,-120.43866014597856,-120.43866014597856,-120.43866014597856,-120.43866014597856,0.0,0.0,0.0,390.4012542572798
7600,1992-03-18,510.7893383631289,347.7918439036264,430.42372339801636,510.7893383631289,510.7893383631289,-120.25141559391041,-120.25141559391041,-120.25141559391041,-120.25141559391041,-120.25141559391041,-120.25141559391041,0.0,0.0,0.0,390.5379227692185
7601,1992-03-19,510.73876232299955,351.1167073064234,434.1129046655204,510.73876232299955,510.73876232299955,-120.06374739106046,-120.06374739106046,-120.06374739106046,-120.06374739106046,-120.06374739106046,-120.06374739106046,0.0,0.0,0.0,390.6750149319391
7602,1992-03-20,510.6881862828702,349.4286563276838,431.33800769291673,510.6881862828702,510.6881862828702,-119.87565692343601,-119.87565692343601,-119.87565692343601,-119.87565692343601,-119.87565692343601,-119.87565692343601,0.0,0.0,0.0,390.8125293594342
7603,1992-03-23,510.5364581624822,349.35867764521976,432.3283334859251,510.5364581624822,510.5364581624822,-119.30886607912501,-119.30886607912501,-119.30886607912501,-119.30886607912501,-119.30886607912501,-119.30886607912501,0.0,0.0,0.0,391.2275920833572
7604,1992-03-24,510.48588212235285,348.7931498907733,435.25826129467475,510.48588212235285,510.48588212235285,-119.11910079495951,-119.11910079495951,-119.11910079495951,-119.11910079495951,-119.11910079495951,-119.11910079495951,0.0,0.0,0.0,391.36678132739337
7605,1992-03-25,510.4353060822236,349.147064989614,434.24745448881106,510.43530608222363,510.43530608222363,-118.92892046245852,-118.92892046245852,-118.92892046245852,-118.92892046245852,-118.92892046245852,-118.92892046245852,0.0,0.0,0.0,391.50638561976507
7606,1992-03-26,510.38473004209425,352.25386164402744,434.09435642863536,510.38473004209425,510.38473004209425,-118.7383265818131,-118.7383265818131,-118.7383265818131,-118.7383265818131,-118.7383265818131,-118.7383265818131,0.0,0.0,0.0,391.64640346028114
7607,1992-03-27,510.3341540019649,347.8068414997242,431.5254486671418,510.3341540019649,510.3341540019649,-118.54732067205774,-118.54732067205774,-118.54732067205774,-118.54732067205774,-118.54732067205774,-118.54732067205774,0.0,0.0,0.0,391.78683332990715
7608,1992-03-30,510.1824258815769,347.8258095476951,432.2212689536121,510.1824258815769,510.1824258815769,-117.97184623985991,-117.97184623985991,-117.97184623985991,-117.97184623985991,-117.97184623985991,-117.97184623985991,0.0,0.0,0.0,392.21057964171695
7609,1992-03-31,510.13184984144743,348.73302696352744,433.6862848302046,510.13184984144743,510.13184984144743,-117.77920777879525,-117.77920777879525,-117.77920777879525,-117.77920777879525,-117.77920777879525,-117.77920777879525,0.0,0.0,0.0,392.3526420626522
7610,1992-04-01,510.08127380131816,350.1976779702445,432.3044219863836,510.08127380131816,510.08127380131816,-117.58616516438295,-117.58616516438295,-117.58616516438295,-117.58616516438295,-117.58616516438295,-117.58616516438295,0.0,0.0,0.0,392.49510863693524
7611,1992-04-02,510.0306977611887,351.05065888596397,434.8615503136747,510.0306977611887,510.0306977611887,-117.39272002748595,-117.39272002748595,-117.39272002748595,-117.39272002748595,-117.39272002748595,-117.39272002748595,0.0,0.0,0.0,392.63797773370277
7612,1992-04-03,509.9801217210594,348.7428041325358,435.4745096712944,509.9801217210594,509.9801217210594,-117.19887401739955,-117.19887401739955,-117.19887401739955,-117.19887401739955,-117.19887401739955,-117.19887401739955,0.0,0.0,0.0,392.78124770365986
7613,1992-04-06,509.82839360067146,350.29616012535666,435.65238710915844,509.82839360067146,509.82839360067146,-116.61494751613492,-116.61494751613492,-116.61494751613492,-116.61494751613492,-116.61494751613492,-116.61494751613492,0.0,0.0,0.0,393.21344608453654
7614,1992-04-07,509.77781756054213,352.2418084482417,434.982459342021,509.77781756054213,509.77781756054213,-116.41951487271503,-116.41951487271503,-116.41951487271503,-116.41951487271503,-116.41951487271503,-116.41951487271503,0.0,0.0,0.0,393.3583026878271
7615,1992-04-08,509.7272415204127,347.56309509006553,434.14978646769055,509.7272415204127,509.7272415204127,-116.22368987689,-116.22368987689,-116.22368987689,-116.22368987689,-116.22368987689,-116.22368987689,0.0,0.0,0.0,393.50355164352266
7616,1992-04-09,509.6766654802834,356.79618282181906,435.35724738340156,509.6766654802834,509.6766654802834,-116.02747428723923,-116.02747428723923,-116.02747428723923,-116.02747428723923,-116.02747428723923,-116.02747428723923,0.0,0.0,0.0,393.6491911930442
7617,1992-04-10,509.6260894401541,355.05019938826865,433.5562018573289,509.6260894401541,509.6260894401541,-115.83086988033267,-115.83086988033267,-115.83086988033267,-115.83086988033267,-115.83086988033267,-115.83086988033267,0.0,0.0,0.0,393.7952195598214
7618,1992-04-13,509.47436131976605,353.73035282131184,435.6966532153265,509.47436131976605,509.47436131976605,-115.23874179026373,-115.23874179026373,-115.23874179026373,-115.23874179026373,-115.23874179026373,-115.23874179026373,0.0,0.0,0.0,394.2356195295023
7619,1992-04-14,509.4237852796367,350.4827091147651,436.70387203199624,509.4237852796367,509.4237852796367,-115.04060023755069,-115.04060023755069,-115.04060023755069,-115.04060023755069,-115.04060023755069,-115.04060023755069,0.0,0.0,0.0,394.38318504208604
7620,1992-04-15,509.3732092395073,352.6002595774373,438.0075185400865,509.3732092395073,509.3732092395073,-114.84207901798497,-114.84207901798497,-114.84207901798497,-114.84207901798497,-114.84207901798497,-114.84207901798497,0.0,0.0,0.0,394.5311302215223
7621,1992-04-16,509.322633199378,355.50384338915285,439.01315225896934,509.322633199378,509.322633199378,-114.64318001468791,-114.64318001468791,-114.64318001468791,-114.64318001468791,-114.64318001468791,-114.64318001468791,0.0,0.0,0.0,394.6794531846901
7622,1992-04-20,509.12032903886063,355.19489300821425,437.73425137375045,509.12032903886063,509.12032903886063,-113.84384443834784,-113.84384443834784,-113.84384443834784,-113.84384443834784,-113.84384443834784,-113.84384443834784,0.0,0.0,0.0,395.2764846005128
7623,1992-04-21,509.0697529987313,353.92792146247393,438.40958670417564,509.0697529987313,509.0697529987313,-113.64308537396751,-113.64308537396751,-113.64308537396751,-113.64308537396751,-113.64308537396751,-113.64308537396751,0.0,0.0,0.0,395.4266676247638
7624,1992-04-22,509.019176958602,355.38823329938447,439.10541235991263,509.019176958602,509.019176958602,-113.44196019004765,-113.44196019004765,-113.44196019004765,-113.44196019004765,-113.44196019004765,-113.44196019004765,0.0,0.0,0.0,395.5772167685543
7625,1992-04-23,508.96860091847253,352.645400157715,439.27879144232406,508.9686009184726,508.9686009184726,-113.24047089086781,-113.24047089086781,-113.24047089086781,-113.24047089086781,-113.24047089086781,-113.24047089086781,0.0,0.0,0.0,395.7281300276047
7626,1992-04-24,508.91802487834326,351.77499449152145,437.6133122442161,508.91802487834326,508.91802487834326,-113.0386194977274,-113.0386194977274,-113.0386194977274,-113.0386194977274,-113.0386194977274,-113.0386194977274,0.0,0.0,0.0,395.8794053806159
7627,1992-04-27,508.7662967579553,355.9274390323992,439.2993264557879,508.7662967579553,508.7662967579553,-112.43091322127496,-112.43091322127496,-112.43091322127496,-112.43091322127496,-112.43091322127496,-112.43091322127496,0.0,0.0,0.0,396.3353835366803
7628,1992-04-28,508.7157207178259,356.4089166816774,437.0492873912775,508.7157207178259,508.7157207178259,-112.22763400308668,-112.22763400308668,-112.22763400308668,-112.22763400308668,-112.22763400308668,-112.22763400308668,0.0,0.0,0.0,396.4880867147392
7629,1992-04-29,508.66514467769656,355.4432065453075,436.60057251781893,508.66514467769656,508.66514467769656,-112.02400305012976,-112.02400305012976,-112.02400305012976,-112.02400305012976,-112.02400305012976,-112.02400305012976,0.0,0.0,0.0,396.6411416275668
7630,1992-04-30,508.6145686375671,357.6584299668183,436.29522388277354,508.6145686375671,508.6145686375671,-111.82002248425388,-111.82002248425388,-111.82002248425388,-111.82002248425388,-111.82002248425388,-111.82002248425388,0.0,0.0,0.0,396.79454615331326
7631,1992-05-01,508.56399259743785,355.4746600552592,438.66843679549936,508.56399259743785,508.56399259743785,-111.61569444380044,-111.61569444380044,-111.61569444380044,-111.61569444380044,-111.61569444380044,-111.61569444380044,0.0,0.0,0.0,396.94829815363744
7632,1992-05-04,508.41226447704975,355.0447384292713,440.15188279826054,508.4122644770498,508.4122644770498,-111.00064710410803,-111.00064710410803,-111.00064710410803,-111.00064710410803,-111.00064710410803,-111.00064710410803,0.0,0.0,0.0,397.4116173729417
7633,1992-05-05,508.3616884369205,354.92743745870536,438.2594040936451,508.3616884369205,508.3616884369205,-110.7949508758398,-110.7949508758398,-110.7949508758398,-110.7949508758398,-110.7949508758398,-110.7949508758398,0.0,0.0,0.0,397.5667375610807
7634,1992-05-06,508.31111239679115,355.9573876306312,438.7323431884204,508.31111239679115,508.31111239679115,-110.58891810932427,-110.58891810932427,-110.58891810932427,-110.58891810932427,-110.58891810932427,-110.58891810932427,0.0,0.0,0.0,397.7221942874669
7635,1992-05-07,508.2605363566618,354.33057888588445,438.81282067332256,508.2605363566618,508.2605363566618,-110.38255104019704,-110.38255104019704,-110.38255104019704,-110.38255104019704,-110.38255104019704,-110.38255104019704,0.0,0.0,0.0,397.8779853164648
7636,1992-05-08,508.2099603165324,356.82997402398246,440.11008718150083,508.2099603165324,508.2099603165324,-110.17585192002885,-110.17585192002885,-110.17585192002885,-110.17585192002885,-110.17585192002885,-110.17585192002885,0.0,0.0,0.0,398.03410839650354
7637,1992-05-11,508.05823219614444,357.2171826482321,441.8574587738966,508.05823219614444,508.05823219614444,-109.55378500629097,-109.55378500629097,-109.55378500629097,-109.55378500629097,-109.55378500629097,-109.55378500629097,0.0,0.0,0.0,398.50444718985347
7638,1992-05-12,508.0076561560151,355.378877511731,439.1412483998788,508.0076561560151,508.0076561560151,-109.34578051349774,-109.34578051349774,-109.34578051349774,-109.34578051349774,-109.34578051349774,-109.34578051349774,0.0,0.0,0.0,398.6618756425174
7639,1992-05-13,507.95708011588573,356.97094282902157,439.08801948273697,507.95708011588573,507.95708011588573,-109.13745546366752,-109.13745546366752,-109.13745546366752,-109.13745546366752,-109.13745546366752,-109.13745546366752,0.0,0.0,0.0,398.8196246522182
7640,1992-05-14,507.9065040757564,360.232926628447,442.4129881645108,507.9065040757564,507.9065040757564,-108.92881220224878,-108.92881220224878,-108.92881220224878,-108.92881220224878,-108.92881220224878,-108.92881220224878,0.0,0.0,0.0,398.97769187350764
7641,1992-05-15,507.85592803562696,358.50482434293247,439.7550951569762,507.855928035627,507.855928035627,-108.71985309004316,-108.71985309004316,-108.71985309004316,-108.71985309004316,-108.71985309004316,-108.71985309004316,0.0,0.0,0.0,399.1360749455838
7642,1992-05-18,507.7041999152389,359.1275056284147,442.2198812122948,507.7041999152389,507.7041999152389,-108.09110448520427,-108.09110448520427,-108.09110448520427,-108.09110448520427,-108.09110448520427,-108.09110448520427,0.0,0.0,0.0,399.61309543003466
7643,1992-05-19,507.6536238751096,359.89804290123175,439.2834894529926,507.6536238751096,507.6536238751096,-107.88090588191436,-107.88090588191436,-107.88090588191436,-107.88090588191436,-107.88090588191436,-107.88090588191436,0.0,0.0,0.0,399.7727179931952
7644,1992-05-20,507.6030478349803,354.69079332218996,441.867988520222,507.6030478349803,507.6030478349803,-107.67040345912756,-107.67040345912756,-107.67040345912756,-107.67040345912756,-107.67040345912756,-107.67040345912756,0.0,0.0,0.0,399.93264437585276
7645,1992-05-21,507.552471794851,357.9792559447709,441.7755708672176,507.552471794851,507.552471794851,-107.45959966795203,-107.45959966795203,-107.45959966795203,-107.45959966795203,-107.45959966795203,-107.45959966795203,0.0,0.0,0.0,400.09287212689895
7646,1992-05-22,507.50189575472166,359.9307508282591,439.2723281307935,507.50189575472166,507.50189575472166,-107.2484969742382,-107.2484969742382,-107.2484969742382,-107.2484969742382,-107.2484969742382,-107.2484969742382,0.0,0.0,0.0,400.25339878048345
7647,1992-05-26,507.2995915942043,358.1375423595654,442.88062952985536,507.2995915942043,507.2995915942043,-106.40114700214114,-106.40114700214114,-106.40114700214114,-106.40114700214114,-106.40114700214114,-106.40114700214114,0.0,0.0,0.0,400.89844459206313
7648,1992-05-27,507.24901555407496,359.09076387526613,437.89475925711065,507.24901555407496,507.24901555407496,-106.18858729335025,-106.18858729335025,-106.18858729335025,-106.18858729335025,-106.18858729335025,-106.18858729335025,0.0,0.0,0.0,401.06042826072473
7649,1992-05-28,507.19843951394563,355.2554567225259,441.20857748300557,507.19843951394563,507.19843951394563,-105.97574378177083,-105.97574378177083,-105.97574378177083,-105.97574378177083,-105.97574378177083,-105.97574378177083,0.0,0.0,0.0,401.22269573217477
7650,1992-05-29,507.14786347381624,362.2223123568017,443.14738201465764,507.14786347381624,507.14786347381624,-105.76261903395354,-105.76261903395354,-105.76261903395354,-105.76261903395354,-105.76261903395354,-105.76261903395354,0.0,0.0,0.0,401.38524443986273
7651,1992-06-01,506.9961353534282,362.4483281549659,444.7953030062542,506.9961353534282,506.9961353534282,-105.12158324836128,-105.12158324836128,-105.12158324836128,-105.12158324836128,-105.12158324836128,-105.12158324836128,0.0,0.0,0.0,401.8745521050669
7652,1992-06-02,506.94555931329876,359.39496631981075,441.88750036826724,506.94555931329876,506.94555931329876,-104.90735950014647,-104.90735950014647,-104.90735950014647,-104.90735950014647,-104.90735950014647,-104.90735950014647,0.0,0.0,0.0,402.0381998131523
7653,1992-06-03,506.89498327316943,362.0305752017923,442.7008120901815,506.89498327316943,506.89498327316943,-104.69286755691049,-104.69286755691049,-104.69286755691049,-104.69286755691049,-104.69286755691049,-104.69286755691049,0.0,0.0,0.0,402.20211571625896
7654,1992-06-04,506.84440723304016,360.8685201404649,444.54046637646917,506.84440723304016,506.84440723304016,-104.47811006793476,-104.47811006793476,-104.47811006793476,-104.47811006793476,-104.47811006793476,-104.47811006793476,0.0,0.0,0.0,402.3662971651054
7655,1992-06-05,506.79383119291083,360.5290342814411,445.7247840026447,506.79383119291083,506.79383119291083,-104.2630896959557,-104.2630896959557,-104.2630896959557,-104.2630896959557,-104.2630896959557,-104.2630896959557,0.0,0.0,0.0,402.5307414969551
7656,1992-06-08,506.6421030725228,361.82568340062164,445.83540814160716,506.6421030725228,506.6421030725228,-103.6164781092627,-103.6164781092627,-103.6164781092627,-103.6164781092627,-103.6164781092627,-103.6164781092627,0.0,0.0,0.0,403.0256249632601
7657,1992-06-09,506.59152703239346,362.1471109857492,446.8787145264531,506.59152703239346,506.59152703239346,-103.40043309848393,-103.40043309848393,-103.40043309848393,-103.40043309848393,-103.40043309848393,-103.40043309848393,0.0,0.0,0.0,403.19109393390954
7658,1992-06-10,506.54095099226413,362.7334554064342,445.48618122881265,506.54095099226413,506.54095099226413,-103.18413871691999,-103.18413871691999,-103.18413871691999,-103.18413871691999,-103.18413871691999,-103.18413871691999,0.0,0.0,0.0,403.35681227534417
7659,1992-06-11,506.4903749521348,358.59106835123237,441.0753598830362,506.4903749521348,506.4903749521348,-102.96759770604618,-102.96759770604618,-102.96759770604618,-102.96759770604618,-102.96759770604618,-102.96759770604618,0.0,0.0,0.0,403.5227772460886
7660,1992-06-12,506.4397989120055,362.26841548495145,446.42853937979294,506.4397989120055,506.4397989120055,-102.75081282011617,-102.75081282011617,-102.75081282011617,-102.75081282011617,-102.75081282011617,-102.75081282011617,0.0,0.0,0.0,403.6889860918893
7661,1992-06-15,506.2880707916174,360.12883427452965,446.9402884779879,506.2880707916174,506.2880707916174,-102.09902264421606,-102.09902264421606,-102.09902264421606,-102.09902264421606,-102.09902264421606,-102.09902264421606,0.0,0.0,0.0,404.1890481474013
7662,1992-06-16,506.23749475148804,362.5546683667152,448.2047841502924,506.23749475148804,506.23749475148804,-101.88129005281789,-101.88129005281789,-101.88129005281789,-101.88129005281789,-101.88129005281789,-101.88129005281789,0.0,0.0,0.0,404.3562046986701
7663,1992-06-17,506.1869187113587,364.05477993410307,448.95965751301037,506.1869187113587,506.1869187113587,-101.66332754592247,-101.66332754592247,-101.66332754592247,-101.66332754592247,-101.66332754592247,-101.66332754592247,0.0,0.0,0.0,404.52359116543624
7664,1992-06-18,506.1363426712293,361.84719217105675,447.236863588755,506.1363426712293,506.1363426712293,-101.44513795240341,-101.44513795240341,-101.44513795240341,-101.44513795240341,-101.44513795240341,-101.44513795240341,0.0,0.0,0.0,404.6912047188259
7665,1992-06-19,506.0857666311,362.097591531183,445.5090403176545,506.0857666311,506.0857666311,-101.22672411321732,-101.22672411321732,-101.22672411321732,-101.22672411321732,-101.22672411321732,-101.22672411321732,0.0,0.0,0.0,404.8590425178827
7666,1992-06-22,505.934038510712,367.4120658076905,448.65632864138223,505.934038510712,505.934038510712,-100.57016571040609,-100.57016571040609,-100.57016571040609,-100.57016571040609,-100.57016571040609,-100.57016571040609,0.0,0.0,0.0,405.3638728003059
7667,1992-06-23,505.88346247058263,362.71531728124626,448.96433117102504,505.88346247058263,505.88346247058263,-100.35088353631059,-100.35088353631059,-100.35088353631059,-100.35088353631059,-100.35088353631059,-100.35088353631059,0.0,0.0,0.0,405.532578934272
7668,1992-06-24,505.8328864304533,363.90273850887365,449.9405077073126,505.8328864304533,505.8328864304533,-100.13139149907839,-100.13139149907839,-100.13139149907839,-100.13139149907839,-100.13139149907839,-100.13139149907839,0.0,0.0,0.0,405.7014949313749
7669,1992-06-25,505.78231039032397,362.7573877676259,445.13221758188746,505.78231039032397,505.78231039032397,-99.9116925100489,-99.9116925100489,-99.9116925100489,-99.9116925100489,-99.9116925100489,-99.9116925100489,0.0,0.0,0.0,405.87061788027506
7670,1992-06-26,505.73173435019464,364.83757120312083,447.80807307552976,505.73173435019464,505.73173435019464,-99.69178949193176,-99.69178949193176,-99.69178949193176,-99.69178949193176,-99.69178949193176,-99.69178949193176,0.0,0.0,0.0,406.03994485826286
7671,1992-06-29,505.5800062298065,363.80608039490704,448.28596208429633,505.5800062298065,505.5800062298065,-99.03088565853251,-99.03088565853251,-99.03088565853251,-99.03088565853251,-99.03088565853251,-99.03088565853251,0.0,0.0,0.0,406.549120571274
7672,1992-06-30,505.5294301896772,363.37505156090805,445.3812588250712,505.5294301896772,505.5294301896772,-98.81019597494009,-98.81019597494009,-98.81019597494009,-98.81019597494009,-98.81019597494009,-98.81019597494009,0.0,0.0,0.0,406.7192342147371
7673,1992-07-01,505.4788541495479,366.18224802649576,448.8084814008733,505.4788541495479,505.4788541495479,-98.5893170427289,-98.5893170427289,-98.5893170427289,-98.5893170427289,-98.5893170427289,-98.5893170427289,0.0,0.0,0.0,406.889537106819
7674,1992-07-02,505.42827810941856,364.77765912337503,449.0191492996795,505.42827810941856,505.42827810941856,-98.36825185064389,-98.36825185064389,-98.36825185064389,-98.36825185064389,-98.36825185064389,-98.36825185064389,0.0,0.0,0.0,407.06002625877466
7675,1992-07-06,505.2259739489012,363.62113943807765,448.99002754942705,505.2259739489012,505.2259739489012,-97.48218862856325,-97.48218862856325,-97.48218862856325,-97.48218862856325,-97.48218862856325,-97.48218862856325,0.0,0.0,0.0,407.7437853203379
7676,1992-07-07,505.17539790877186,364.7559200770712,448.5642251226988,505.17539790877186,505.17539790877186,-97.2602373368907,-97.2602373368907,-97.2602373368907,-97.2602373368907,-97.2602373368907,-97.2602373368907,0.0,0.0,0.0,407.9151605718812
7677,1992-07-08,505.12482186864247,361.3958210594502,451.2037014633644,505.12482186864247,505.12482186864247,-97.03811793748594,-97.03811793748594,-97.03811793748594,-97.03811793748594,-97.03811793748594,-97.03811793748594,0.0,0.0,0.0,408.08670393115653
7678,1992-07-09,505.07424582851314,368.4549501923534,451.47501506288734,505.0742458285131,505.0742458285131,-96.81583349132025,-96.81583349132025,-96.81583349132025,-96.81583349132025,-96.81583349132025,-96.81583349132025,0.0,0.0,0.0,408.2584123371929
7679,1992-07-10,505.0236697883838,364.86961500121487,450.17448448998255,505.0236697883838,505.0236697883838,-96.59338706925374,-96.59338706925374,-96.59338706925374,-96.59338706925374,-96.59338706925374,-96.59338706925374,0.0,0.0,0.0,408.4302827191301
7680,1992-07-13,504.87194166799577,364.47085604300344,451.26015669858174,504.87194166799577,504.87194166799577,-95.92510680230555,-95.92510680230555,-95.92510680230555,-95.92510680230555,-95.92510680230555,-95.92510680230555,0.0,0.0,0.0,408.9468348656902
7681,1992-07-14,504.8213656278663,369.2752477784246,450.3386069113919,504.8213656278663,504.8213656278663,-95.70204337921477,-95.70204337921477,-95.70204337921477,-95.70204337921477,-95.70204337921477,-95.70204337921477,0.0,0.0,0.0,409.11932224865154
7682,1992-07-15,504.77078958773706,368.3143166888193,451.3355309959523,504.77078958773706,504.77078958773706,-95.47883347905416,-95.47883347905416,-95.47883347905416,-95.47883347905416,-95.47883347905416,-95.47883347905416,0.0,0.0,0.0,409.2919561086829
7683,1992-07-16,504.7202135476077,370.1691282336484,450.41233626170447,504.7202135476077,504.7202135476077,-95.25548022973202,-95.25548022973202,-95.25548022973202,-95.25548022973202,-95.25548022973202,-95.25548022973202,0.0,0.0,0.0,409.4647333178757
7684,1992-07-17,504.6696375074784,368.95727008713993,450.7937351477576,504.6696375074784,504.6696375074784,-95.03198676828117,-95.03198676828117,-95.03198676828117,-95.03198676828117,-95.03198676828117,-95.03198676828117,0.0,0.0,0.0,409.6376507391972
7685,1992-07-20,504.51790938709036,368.87519814697237,449.8540475115025,504.5179093870903,504.5179093870903,-94.36069661603979,-94.36069661603979,-94.36069661603979,-94.36069661603979,-94.36069661603979,-94.36069661603979,0.0,0.0,0.0,410.1572127710506
7686,1992-07-21,504.467333346961,366.09435536409046,453.9635106763383,504.467333346961,504.467333346961,-94.1366738550321,-94.1366738550321,-94.1366738550321,-94.1366738550321,-94.1366738550321,-94.1366738550321,0.0,0.0,0.0,410.33065949192894
7687,1992-07-22,504.4167573068317,367.68846328065234,451.07376714588673,504.41675730683176,504.41675730683176,-93.91252670006149,-93.91252670006149,-93.91252670006149,-93.91252670006149,-93.91252670006149,-93.91252670006149,0.0,0.0,0.0,410.5042306067702
7688,1992-07-23,504.3661812667023,369.0512112949443,452.24567604036446,504.3661812667023,504.3661812667023,-93.68825834058389,-93.68825834058389,-93.68825834058389,-93.68825834058389,-93.68825834058389,-93.68825834058389,0.0,0.0,0.0,410.6779229261184
7689,1992-07-24,504.315605226573,371.2478021828207,455.94433516307816,504.315605226573,504.315605226573,-93.46387197440231,-93.46387197440231,-93.46387197440231,-93.46387197440231,-93.46387197440231,-93.46387197440231,0.0,0.0,0.0,410.8517332521707
7690,1992-07-27,504.163877106185,371.918932068635,456.33737035941937,504.163877106185,504.163877106185,-92.79003693651755,-92.79003693651755,-92.79003693651755,-92.79003693651755,-92.79003693651755,-92.79003693651755,0.0,0.0,0.0,411.37384016966746
7691,1992-07-28,504.1133010660556,371.68827331394425,454.62765937859257,504.1133010660556,504.1133010660556,-92.56521068456651,-92.56521068456651,-92.56521068456651,-92.56521068456651,-92.56521068456651,-92.56521068456651,0.0,0.0,0.0,411.5480903814891
7692,1992-07-29,504.0627250259263,370.0885035162739,451.18327887037486,504.0627250259263,504.0627250259263,-92.3402825362034,-92.3402825362034,-92.3402825362034,-92.3402825362034,-92.3402825362034,-92.3402825362034,0.0,0.0,0.0,411.7224424897229
7693,1992-07-30,504.0121489857969,370.0032705119851,451.27168903641046,504.0121489857969,504.0121489857969,-92.11525573695228,-92.11525573695228,-92.11525573695228,-92.11525573695228,-92.11525573695228,-92.11525573695228,0.0,0.0,0.0,411.8968932488446
7694,1992-07-31,503.96157294566757,368.6584164929307,451.6051325349986,503.9615729456676,503.9615729456676,-91.89013353989489,-91.89013353989489,-91.89013353989489,-91.89013353989489,-91.89013353989489,-91.89013353989489,0.0,0.0,0.0,412.0714394057727
7695,1992-08-03,503.8098448252795,370.2934503416383,451.78604180050905,503.8098448252795,503.8098448252795,-91.21422720368007,-91.21422720368007,-91.21422720368007,-91.21422720368007,-91.21422720368007,-91.21422720368007,0.0,0.0,0.0,412.59561762159944
7696,1992-08-04,503.7592687851502,375.204722503028,456.88742819486987,503.7592687851502,503.7592687851502,-90.98875609338556,-90.98875609338556,-90.98875609338556,-90.98875609338556,-90.98875609338556,-90.98875609338556,0.0,0.0,0.0,412.7705126917646
7697,1992-08-05,503.70869274502087,369.55798320936407,456.2684246694642,503.70869274502087,503.70869274502087,-90.76320596007228,-90.76320596007228,-90.76320596007228,-90.76320596007228,-90.76320596007228,-90.76320596007228,0.0,0.0,0.0,412.94548678494857
7698,1992-08-06,503.65811670489154,369.9409161446269,455.2108031914885,503.65811670489154,503.65811670489154,-90.5375800997735,-90.5375800997735,-90.5375800997735,-90.5375800997735,-90.5375800997735,-90.5375800997735,0.0,0.0,0.0,413.12053660511805
7699,1992-08-07,503.60754066476215,372.23846324858334,458.1996841961153,503.60754066476215,503.60754066476215,-90.31188181528,-90.31188181528,-90.31188181528,-90.31188181528,-90.31188181528,-90.31188181528,0.0,0.0,0.0,413.29565884948215
7700,1992-08-10,503.45581254437417,376.36497090031975,456.11940604930334,503.45581254437417,503.45581254437417,-89.63438554347697,-89.63438554347697,-89.63438554347697,-89.63438554347697,-89.63438554347697,-89.63438554347697,0.0,0.0,0.0,413.8214270008972
7701,1992-08-11,503.40523650424484,372.02517475896934,452.4060634730946,503.40523650424484,503.40523650424484,-89.40843072122608,-89.40843072122608,-89.40843072122608,-89.40843072122608,-89.40843072122608,-89.40843072122608,0.0,0.0,0.0,413.9968057830188
7702,1992-08-12,503.3546604641155,374.03623541338516,459.6102767525433,503.3546604641155,503.3546604641155,-89.18242008606167,-89.18242008606167,-89.18242008606167,-89.18242008606167,-89.18242008606167,-89.18242008606167,0.0,0.0,0.0,414.17224037805386
7703,1992-08-13,503.3040844239861,371.30671022116127,455.68295209903545,503.3040844239861,503.3040844239861,-88.95635697889475,-88.95635697889475,-88.95635697889475,-88.95635697889475,-88.95635697889475,-88.95635697889475,0.0,0.0,0.0,414.3477274450914
7704,1992-08-14,503.25350838385674,373.72859750426676,456.2972959209124,503.25350838385674,503.25350838385674,-88.7302447465882,-88.7302447465882,-88.7302447465882,-88.7302447465882,-88.7302447465882,-88.7302447465882,0.0,0.0,0.0,414.52326363726854
7705,1992-08-17,503.10178026346864,373.2121327426752,457.23955769030835,503.10178026346864,503.10178026346864,-88.05164685420952,-88.05164685420952,-88.05164685420952,-88.05164685420952,-88.05164685420952,-88.05164685420952,0.0,0.0,0.0,415.0501334092591
7706,1992-08-18,503.05120422333937,374.83700261142485,458.1113300988643,503.05120422333937,503.05120422333937,-87.82537170483677,-87.82537170483677,-87.82537170483677,-87.82537170483677,-87.82537170483677,-87.82537170483677,0.0,0.0,0.0,415.2258325185026
7707,1992-08-19,503.00062818321004,372.8143221495635,459.25236737768773,503.00062818321004,503.00062818321004,-87.59906424977561,-87.59906424977561,-87.59906424977561,-87.59906424977561,-87.59906424977561,-87.59906424977561,0.0,0.0,0.0,415.40156393343443
7708,1992-08-20,502.9500521430807,373.6125075257159,456.8756400906189,502.9500521430807,502.9500521430807,-87.37272786912698,-87.37272786912698,-87.37272786912698,-87.37272786912698,-87.37272786912698,-87.37272786912698,0.0,0.0,0.0,415.57732427395376
7709,1992-08-21,502.8994761029514,372.7315336559665,455.46049548710425,502.8994761029514,502.8994761029514,-87.14636594812633,-87.14636594812633,-87.14636594812633,-87.14636594812633,-87.14636594812633,-87.14636594812633,0.0,0.0,0.0,415.75311015482504
7710,1992-08-24,502.74774798256334,375.662862449045,458.0852008632518,502.74774798256334,502.74774798256334,-86.46716086984912,-86.46716086984912,-86.46716086984912,-86.46716086984912,-86.46716086984912,-86.46716086984912,0.0,0.0,0.0,416.2805871127142
7711,1992-08-25,502.697171942434,372.96642936101114,459.0605090627469,502.697171942434,502.697171942434,-86.24073073829119,-86.24073073829119,-86.24073073829119,-86.24073073829119,-86.24073073829119,-86.24073073829119,0.0,0.0,0.0,416.45644120414283
7712,1992-08-26,502.6465959023047,375.80870304662255,459.3742373893829,502.6465959023047,502.6465959023047,-86.01429206540892,-86.01429206540892,-86.01429206540892,-86.01429206540892,-86.01429206540892,-86.01429206540892,0.0,0.0,0.0,416.63230383689574
7713,1992-08-27,502.59601986217535,372.6419768072054,456.8760080262701,502.59601986217535,502.59601986217535,-85.78784826475456,-85.78784826475456,-85.78784826475456,-85.78784826475456,-85.78784826475456,-85.78784826475456,0.0,0.0,0.0,416.8081715974208
7714,1992-08-28,502.54544382204597,377.11705254066425,459.94486896634425,502.54544382204597,502.54544382204597,-85.56140275419183,-85.56140275419183,-85.56140275419183,-85.56140275419183,-85.56140275419183,-85.56140275419183,0.0,0.0,0.0,416.98404106785415
7715,1992-08-31,502.3937157016579,373.46163270763896,460.1100601852191,502.3937157016579,502.3937157016579,-84.88209020379912,-84.88209020379912,-84.88209020379912,-84.88209020379912,-84.88209020379912,-84.88209020379912,0.0,0.0,0.0,417.5116254978588
7716,1992-09-01,502.3431396615286,372.65730174741265,453.8479971071316,502.3431396615286,502.3431396615286,-84.65567211423628,-84.65567211423628,-84.65567211423628,-84.65567211423628,-84.65567211423628,-84.65567211423628,0.0,0.0,0.0,417.68746754729233
7717,1992-09-02,502.2925636213992,376.90224911830484,456.32524107784724,502.2925636213992,502.2925636213992,-84.42926946455545,-84.42926946455545,-84.42926946455545,-84.42926946455545,-84.42926946455545,-84.42926946455545,0.0,0.0,0.0,417.8632941568438
7718,1992-09-03,502.2419875812699,377.50332196664283,459.21012645953635,502.2419875812699,502.2419875812699,-84.2028856959815,-84.2028856959815,-84.2028856959815,-84.2028856959815,-84.2028856959815,-84.2028856959815,0.0,0.0,0.0,418.0391018852884
7719,1992-09-04,502.19141154114055,378.2117416240805,462.661948407689,502.19141154114055,502.19141154114055,-83.97652425322062,-83.97652425322062,-83.97652425322062,-83.97652425322062,-83.97652425322062,-83.97652425322062,0.0,0.0,0.0,418.21488728791996
7720,1992-09-08,501.9891073806232,379.1286167482797,459.6685405025794,501.9891073806232,501.9891073806232,-83.07137074957278,-83.07137074957278,-83.07137074957278,-83.07137074957278,-83.07137074957278,-83.07137074957278,0.0,0.0,0.0,418.9177366310504
7721,1992-09-09,501.93853134049385,378.0680751202829,461.3274646472742,501.93853134049385,501.93853134049385,-82.8451727199484,-82.8451727199484,-82.8451727199484,-82.8451727199484,-82.8451727199484,-82.8451727199484,0.0,0.0,0.0,419.0933586205455
7722,1992-09-10,501.8879553003645,379.199898168165,460.1335773975187,501.8879553003645,501.8879553003645,-82.61901775079859,-82.61901775079859,-82.61901775079859,-82.61901775079859,-82.61901775079859,-82.61901775079859,0.0,0.0,0.0,419.2689375495659
7723,1992-09-11,501.8373792602352,378.0389060033622,459.29540236619613,501.8373792602352,501.8373792602352,-82.39290930786261,-82.39290930786261,-82.39290930786261,-82.39290930786261,-82.39290930786261,-82.39290930786261,0.0,0.0,0.0,419.4444699523726
7724,1992-09-14,501.6856511398471,375.2982505363146,460.37585916186356,501.6856511398471,501.6856511398471,-81.71489783094607,-81.71489783094607,-81.71489783094607,-81.71489783094607,-81.71489783094607,-81.71489783094607,0.0,0.0,0.0,419.970753308901
7725,1992-09-15,501.63507509971777,378.10656273816306,459.8847669294535,501.63507509971777,501.63507509971777,-81.48901019905,-81.48901019905,-81.48901019905,-81.48901019905,-81.48901019905,-81.48901019905,0.0,0.0,0.0,420.14606490066774
7726,1992-09-16,501.58449905958844,379.5033320087428,462.5218236168156,501.58449905958844,501.58449905958844,-81.26318645761762,-81.26318645761762,-81.26318645761762,-81.26318645761762,-81.26318645761762,-81.26318645761762,0.0,0.0,0.0,420.3213126019708
7727,1992-09-17,501.53392301945905,378.669028426298,462.54273378369237,501.53392301945905,501.53392301945905,-81.03743008577705,-81.03743008577705,-81.03743008577705,-81.03743008577705,-81.03743008577705,-81.03743008577705,0.0,0.0,0.0,420.496492933682
7728,1992-09-18,501.4833469793297,376.31128285741465,462.19963429207127,501.4833469793297,501.4833469793297,-80.81174456447087,-80.81174456447087,-80.81174456447087,-80.81174456447087,-80.81174456447087,-80.81174456447087,0.0,0.0,0.0,420.67160241485885
7729,1992-09-21,501.33161885894174,374.8721931388374,466.5384882120043,501.33161885894174,501.33161885894174,-80.13514793790331,-80.13514793790331,-80.13514793790331,-80.13514793790331,-80.13514793790331,-80.13514793790331,0.0,0.0,0.0,421.19647092103844
7730,1992-09-22,501.28104281881235,377.70886671290094,462.7690309473613,501.28104281881235,501.28104281881235,-79.90978066028518,-79.90978066028518,-79.90978066028518,-79.90978066028518,-79.90978066028518,-79.90978066028518,0.0,0.0,0.0,421.3712621585272
7731,1992-09-23,501.230466778683,381.9891564547937,465.33768937805377,501.230466778683,501.230466778683,-79.68450166096405,-79.68450166096405,-79.68450166096405,-79.68450166096405,-79.68450166096405,-79.68450166096405,0.0,0.0,0.0,421.545965117719
7732,1992-09-24,501.1798907385537,381.99390760439127,462.9509070877877,501.1798907385537,501.1798907385537,-79.45931442926933,-79.45931442926933,-79.45931442926933,-79.45931442926933,-79.45931442926933,-79.45931442926933,0.0,0.0,0.0,421.72057630928435
7733,1992-09-25,501.12931469842437,379.32275629280457,462.81602979009614,501.12931469842437,501.12931469842437,-79.23422245551107,-79.23422245551107,-79.23422245551107,-79.23422245551107,-79.23422245551107,-79.23422245551107,0.0,0.0,0.0,421.8950922429133
7734,1992-09-28,500.97758657803627,382.51485858975525,463.73219635121865,500.97758657803627,500.97758657803627,-78.5595529971568,-78.5595529971568,-78.5595529971568,-78.5595529971568,-78.5595529971568,-78.5595529971568,0.0,0.0,0.0,422.41803358087947
7735,1992-09-29,500.92701053790694,382.8313139896944,464.3951092256679,500.92701053790694,500.92701053790694,-78.33487697368612,-78.33487697368612,-78.33487697368612,-78.33487697368612,-78.33487697368612,-78.33487697368612,0.0,0.0,0.0,422.59213356422083
7736,1992-09-30,500.8764344977776,383.47570919387243,464.44666764128215,500.8764344977776,500.8764344977776,-78.11031367024329,-78.11031367024329,-78.11031367024329,-78.11031367024329,-78.11031367024329,-78.11031367024329,0.0,0.0,0.0,422.76612082753434
7737,1992-10-01,500.8258584576483,383.3365867055365,462.687235174011,500.8258584576483,500.8258584576483,-77.88586658052317,-77.88586658052317,-77.88586658052317,-77.88586658052317,-77.88586658052317,-77.88586658052317,0.0,0.0,0.0,422.9399918771251
7738,1992-10-02,500.7752824175189,380.6607780305695,462.8306393755162,500.7752824175189,500.7752824175189,-77.66153919836853,-77.66153919836853,-77.66153919836853,-77.66153919836853,-77.66153919836853,-77.66153919836853,0.0,0.0,0.0,423.11374321915036
7739,1992-10-05,500.6235542971309,383.72332366974615,466.72306655406516,500.6235542971309,500.6235542971309,-76.98931023543926,-76.98931023543926,-76.98931023543926,-76.98931023543926,-76.98931023543926,-76.98931023543926,0.0,0.0,0.0,423.6342440616917
7740,1992-10-06,500.5729782570016,383.17507982176403,462.70253598759825,500.5729782570016,500.5729782570016,-76.76549662076762,-76.76549662076762,-76.76549662076762,-76.76549662076762,-76.76549662076762,-76.76549662076762,0.0,0.0,0.0,423.80748163623394
7741,1992-10-07,500.5224022168722,382.3278768131673,462.3259639935498,500.5224022168722,500.5224022168722,-76.54182018093282,-76.54182018093282,-76.54182018093282,-76.54182018093282,-76.54182018093282,-76.54182018093282,0.0,0.0,0.0,423.9805820359394
7742,1992-10-08,500.47182617674287,381.19809248148715,468.3023115836054,500.47182617674287,500.47182617674287,-76.31828440817165,-76.31828440817165,-76.31828440817165,-76.31828440817165,-76.31828440817165,-76.31828440817165,0.0,0.0,0.0,424.15354176857124
7743,1992-10-09,500.42125013661354,380.99867325277125,467.0727327605112,500.42125013661354,500.42125013661354,-76.09489279403806,-76.09489279403806,-76.09489279403806,-76.09489279403806,-76.09489279403806,-76.09489279403806,0.0,0.0,0.0,424.3263573425755
7744,1992-10-12,500.26952201622555,383.68466698688366,464.60369730621846,500.26952201622555,500.26952201622555,-75.42561780620825,-75.42561780620825,-75.42561780620825,-75.42561780620825,-75.42561780620825,-75.42561780620825,0.0,0.0,0.0,424.8439042100173
7745,1992-10-13,500.2189459760961,385.31838766650463,462.7415183622112,500.2189459760961,500.2189459760961,-75.20283772432305,-75.20283772432305,-75.20283772432305,-75.20283772432305,-75.20283772432305,-75.20283772432305,0.0,0.0,0.0,425.01610825177306
7746,1992-10-14,500.1683699359668,383.2633112941026,464.5514874287475,500.1683699359668,500.1683699359668,-74.98021924445267,-74.98021924445267,-74.98021924445267,-74.98021924445267,-74.98021924445267,-74.98021924445267,0.0,0.0,0.0,425.1881506915141
7747,1992-10-15,500.11779389583745,381.33001292803414,465.2439015922576,500.11779389583745,500.11779389583745,-74.75776585157205,-74.75776585157205,-74.75776585157205,-74.75776585157205,-74.75776585157205,-74.75776585157205,0.0,0.0,0.0,425.3600280442654
7748,1992-10-16,500.0672178557081,385.2084903292621,465.4699880238929,500.0672178557081,500.0672178557081,-74.53548102914752,-74.53548102914752,-74.53548102914752,-74.53548102914752,-74.53548102914752,-74.53548102914752,0.0,0.0,0.0,425.53173682656063
7749,1992-10-19,499.9154897353201,383.36196194539116,464.1272060946968,499.9154897353201,499.9154897353201,-73.86967279414877,-73.86967279414877,-73.86967279414877,-73.86967279414877,-73.86967279414877,-73.86967279414877,0.0,0.0,0.0,426.0458169411713
7750,1992-10-20,499.86491369519075,386.03564297871424,468.0662723574412,499.86491369519075,499.86491369519075,-73.648097053897,-73.648097053897,-73.648097053897,-73.648097053897,-73.648097053897,-73.648097053897,0.0,0.0,0.0,426.21681664129375
7751,1992-10-21,499.8143376550614,383.1311517434686,468.34341830167995,499.8143376550614,499.8143376550614,-73.42670727467305,-73.42670727467305,-73.42670727467305,-73.42670727467305,-73.42670727467305,-73.42670727467305,0.0,0.0,0.0,426.3876303803884
7752,1992-10-22,499.7637616149321,383.2558901014306,467.13221962462046,499.7637616149321,499.7637616149321,-73.20550692841928,-73.20550692841928,-73.20550692841928,-73.20550692841928,-73.20550692841928,-73.20550692841928,0.0,0.0,0.0,426.5582546865128
7753,1992-10-23,499.7131855748027,385.40982517292076,467.1719580189687,499.7131855748027,499.7131855748027,-72.98449948474592,-72.98449948474592,-72.98449948474592,-72.98449948474592,-72.98449948474592,-72.98449948474592,0.0,0.0,0.0,426.7286860900568
7754,1992-10-26,499.5614574544147,388.0247135213274,469.10251337407175,499.5614574544147,499.5614574544147,-72.3226692279093,-72.3226692279093,-72.3226692279093,-72.3226692279093,-72.3226692279093,-72.3226692279093,0.0,0.0,0.0,427.23878822650545
7755,1992-10-27,499.5108814142854,388.2050699002043,466.2935804854946,499.51088141428534,499.51088141428534,-72.10246803996971,-72.10246803996971,-72.10246803996971,-72.10246803996971,-72.10246803996971,-72.10246803996971,0.0,0.0,0.0,427.40841337431567
7756,1992-10-28,499.4603053741559,386.66077797529556,471.74174548621306,499.4603053741559,499.4603053741559,-71.88247706362111,-71.88247706362111,-71.88247706362111,-71.88247706362111,-71.88247706362111,-71.88247706362111,0.0,0.0,0.0,427.57782831053476
7757,1992-10-29,499.4097293340266,386.4383688641618,471.5515575129438,499.4097293340266,499.4097293340266,-71.66269975204196,-71.66269975204196,-71.66269975204196,-71.66269975204196,-71.66269975204196,-71.66269975204196,0.0,0.0,0.0,427.74702958198463
7758,1992-10-30,499.3591532938973,388.7687969403615,470.0023401052603,499.3591532938973,499.3591532938973,-71.44313955526381,-71.44313955526381,-71.44313955526381,-71.44313955526381,-71.44313955526381,-71.44313955526381,0.0,0.0,0.0,427.91601373863347
7759,1992-11-02,499.20742517350925,386.9739170822534,470.5653750625504,499.20742517350925,499.20742517350925,-70.7857961044487,-70.7857961044487,-70.7857961044487,-70.7857961044487,-70.7857961044487,-70.7857961044487,0.0,0.0,0.0,428.42162906906054
7760,1992-11-03,499.1568491333799,385.43666690822965,473.21174947506137,499.1568491333799,499.1568491333799,-70.5671388002414,-70.5671388002414,-70.5671388002414,-70.5671388002414,-70.5671388002414,-70.5671388002414,0.0,0.0,0.0,428.58971033313856
7761,1992-11-04,499.1062730932506,387.1745061928637,469.426386747656,499.1062730932506,499.1062730932506,-70.34871580976673,-70.34871580976673,-70.34871580976673,-70.34871580976673,-70.34871580976673,-70.34871580976673,0.0,0.0,0.0,428.75755728348383
7762,1992-11-05,499.05569705312126,388.01725111250397,471.5638753141254,499.0556970531212,499.0556970531212,-70.13053056176052,-70.13053056176052,-70.13053056176052,-70.13053056176052,-70.13053056176052,-70.13053056176052,0.0,0.0,0.0,428.92516649136076
7763,1992-11-06,499.00512101299194,388.1090898275301,472.44253138090824,499.00512101299194,499.00512101299194,-69.91258648100226,-69.91258648100226,-69.91258648100226,-69.91258648100226,-69.91258648100226,-69.91258648100226,0.0,0.0,0.0,429.09253453198966
7764,1992-11-09,498.8533928926039,392.4974187241865,471.235416607946,498.8533928926039,498.8533928926039,-69.26023542834679,-69.26023542834679,-69.26023542834679,-69.26023542834679,-69.26023542834679,-69.26023542834679,0.0,0.0,0.0,429.5931574642571
7765,1992-11-10,498.80281685247456,388.0852333594504,471.52090901363994,498.80281685247456,498.80281685247456,-69.0432901813465,-69.0432901813465,-69.0432901813465,-69.0432901813465,-69.0432901813465,-69.0432901813465,0.0,0.0,0.0,429.75952667112807
7766,1992-11-11,498.75224081234524,387.0231261804121,470.3491273837757,498.75224081234524,498.75224081234524,-68.82660316221373,-68.82660316221373,-68.82660316221373,-68.82660316221373,-68.82660316221373,-68.82660316221373,0.0,0.0,0.0,429.92563765013153
7767,1992-11-12,498.70166477221574,387.1822808050916,473.33909864441466,498.70166477221574,498.70166477221574,-68.61017776961937,-68.61017776961937,-68.61017776961937,-68.61017776961937,-68.61017776961937,-68.61017776961937,0.0,0.0,0.0,430.09148700259635
7768,1992-11-13,498.65108873208646,390.91062971162233,477.1835229428171,498.65108873208646,498.65108873208646,-68.39401739748128,-68.39401739748128,-68.39401739748128,-68.39401739748128,-68.39401739748128,-68.39401739748128,0.0,0.0,0.0,430.2570713346052
7769,1992-11-16,498.4993606116985,388.7874763902028,470.9923401045435,498.49936061169853,498.49936061169853,-67.74716026937864,-67.74716026937864,-67.74716026937864,-67.74716026937864,-67.74716026937864,-67.74716026937864,0.0,0.0,0.0,430.75220034231984
7770,1992-11-17,498.4487845715691,389.3462537329325,470.10849290589965,498.4487845715691,498.4487845715691,-67.53209381931019,-67.53209381931019,-67.53209381931019,-67.53209381931019,-67.53209381931019,-67.53209381931019,0.0,0.0,0.0,430.9166907522589
7771,1992-11-18,498.39820853143976,388.9819826608723,472.224622924726,498.39820853143976,498.39820853143976,-67.3173092840961,-67.3173092840961,-67.3173092840961,-67.3173092840961,-67.3173092840961,-67.3173092840961,0.0,0.0,0.0,431.08089924734367
7772,1992-11-19,498.34763249131043,387.8091046143106,470.62128396609756,498.34763249131043,498.34763249131043,-67.10281002679187,-67.10281002679187,-67.10281002679187,-67.10281002679187,-67.10281002679187,-67.10281002679187,0.0,0.0,0.0,431.24482246451856
7773,1992-11-20,498.2970564511811,389.1789958338775,471.0179791568847,498.2970564511811,498.2970564511811,-66.8885994049127,-66.8885994049127,-66.8885994049127,-66.8885994049127,-66.8885994049127,-66.8885994049127,0.0,0.0,0.0,431.4084570462684
7774,1992-11-23,498.14532833079306,394.52170888008646,474.129341644805,498.14532833079306,498.14532833079306,-66.24773284161009,-66.24773284161009,-66.24773284161009,-66.24773284161009,-66.24773284161009,-66.24773284161009,0.0,0.0,0.0,431.897595489183
7775,1992-11-24,498.09475229066373,390.5353494566844,474.6634133330429,498.09475229066373,498.09475229066373,-66.03471022197488,-66.03471022197488,-66.03471022197488,-66.03471022197488,-66.03471022197488,-66.03471022197488,0.0,0.0,0.0,432.06004206868886
7776,1992-11-25,498.0441762505344,391.1024751609888,472.8131694402982,498.0441762505344,498.0441762505344,-65.82199293840814,-65.82199293840814,-65.82199293840814,-65.82199293840814,-65.82199293840814,-65.82199293840814,0.0,0.0,0.0,432.2221833121263
7777,1992-11-27,497.9430241702756,390.118983616168,474.4627369600766,497.9430241702756,497.9430241702756,-65.39748766103219,-65.39748766103219,-65.39748766103219,-65.39748766103219,-65.39748766103219,-65.39748766103219,0.0,0.0,0.0,432.5455365092434
7778,1992-11-30,497.79129604988765,392.6088865065342,472.6824891710888,497.79129604988765,497.79129604988765,-64.76310260720362,-64.76310260720362,-64.76310260720362,-64.76310260720362,-64.76310260720362,-64.76310260720362,0.0,0.0,0.0,433.028193442684
7779,1992-12-01,497.7407200097583,389.27197118731806,475.71508014518895,497.7407200097583,497.7407200097583,-64.55228687659663,-64.55228687659663,-64.55228687659663,-64.55228687659663,-64.55228687659663,-64.55228687659663,0.0,0.0,0.0,433.1884331331617
7780,1992-12-02,497.69014396962893,392.56417256860885,474.6084008028298,497.69014396962893,497.69014396962893,-64.34179959945048,-64.34179959945048,-64.34179959945048,-64.34179959945048,-64.34179959945048,-64.34179959945048,0.0,0.0,0.0,433.34834437017844
7781,1992-12-03,497.6395679294996,392.9756041601528,475.5694539472665,497.6395679294996,497.6395679294996,-64.13164405125836,-64.13164405125836,-64.13164405125836,-64.13164405125836,-64.13164405125836,-64.13164405125836,0.0,0.0,0.0,433.50792387824123
7782,1992-12-04,497.5889918893703,393.78367078134403,476.0456669961287,497.5889918893703,497.5889918893703,-63.921823500440254,-63.921823500440254,-63.921823500440254,-63.921823500440254,-63.921823500440254,-63.921823500440254,0.0,0.0,0.0,433.66716838893
7783,1992-12-07,497.43726376898223,391.3458098159854,475.1477349144745,497.43726376898223,497.43726376898223,-63.29440440807858,-63.29440440807858,-63.29440440807858,-63.29440440807858,-63.29440440807858,-63.29440440807858,0.0,0.0,0.0,434.1428593609037
7784,1992-12-08,497.3866877288529,395.6189775209902,473.75926262711675,497.38668772885296,497.38668772885296,-63.085956385737425,-63.085956385737425,-63.085956385737425,-63.085956385737425,-63.085956385737425,-63.085956385737425,0.0,0.0,0.0,434.3007313431155
7785,1992-12-09,497.3361116887236,391.8049371649364,478.1134721939093,497.3361116887236,497.3361116887236,-62.8778595930191,-62.8778595930191,-62.8778595930191,-62.8778595930191,-62.8778595930191,-62.8778595930191,0.0,0.0,0.0,434.4582520957045
7786,1992-12-10,497.28553564859425,393.67977002964454,478.30615510955727,497.28553564859425,497.28553564859425,-62.67011725365635,-62.67011725365635,-62.67011725365635,-62.67011725365635,-62.67011725365635,-62.67011725365635,0.0,0.0,0.0,434.6154183949379
7787,1992-12-11,497.2349596084649,391.09150052283434,474.3856273956576,497.2349596084649,497.2349596084649,-62.46273258356155,-62.46273258356155,-62.46273258356155,-62.46273258356155,-62.46273258356155,-62.46273258356155,0.0,0.0,0.0,434.7722270249034
7788,1992-12-14,497.0832314880768,392.04727991074935,477.4516842538767,497.0832314880768,497.0832314880768,-61.84275662849469,-61.84275662849469,-61.84275662849469,-61.84275662849469,-61.84275662849469,-61.84275662849469,0.0,0.0,0.0,435.24047485958215
7789,1992-12-15,497.0326554479475,393.218657518113,473.8876400277322,497.0326554479475,497.0326554479475,-61.63683463450898,-61.63683463450898,-61.63683463450898,-61.63683463450898,-61.63683463450898,-61.63683463450898,0.0,0.0,0.0,435.3958208134385
7790,1992-12-16,496.98207940781816,394.0072708373394,478.57500128083404,496.98207940781816,496.98207940781816,-61.431286268371956,-61.431286268371956,-61.431286268371956,-61.431286268371956,-61.431286268371956,-61.431286268371956,0.0,0.0,0.0,435.5507931394462
7791,1992-12-17,496.9315033676888,393.24615277966024,478.51913086194565,496.93150336768883,496.93150336768883,-61.22611469687271,-61.22611469687271,-61.22611469687271,-61.22611469687271,-61.22611469687271,-61.22611469687271,0.0,0.0,0.0,435.7053886708161
7792,1992-12-18,496.88092732755945,392.71189669881363,480.145117634045,496.88092732755945,496.88092732755945,-61.02132307824676,-61.02132307824676,-61.02132307824676,-61.02132307824676,-61.02132307824676,-61.02132307824676,0.0,0.0,0.0,435.85960424931267
7793,1992-12-21,496.72919920717146,392.1227092829747,476.69195465177506,496.72919920717146,496.72919920717146,-60.40925939155276,-60.40925939155276,-60.40925939155276,-60.40925939155276,-60.40925939155276,-60.40925939155276,0.0,0.0,0.0,436.3199398156187
7794,1992-12-22,496.6786231670421,394.6474139435957,479.43435278036384,496.6786231670421,496.6786231670421,-60.20601899216442,-60.20601899216442,-60.20601899216442,-60.20601899216442,-60.20601899216442,-60.20601899216442,0.0,0.0,0.0,436.4726041748777
7795,1992-12-23,496.62804712691275,394.08846748061063,478.7779340178441,496.62804712691275,496.62804712691275,-60.00317420496705,-60.00317420496705,-60.00317420496705,-60.00317420496705,-60.00317420496705,-60.00317420496705,0.0,0.0,0.0,436.62487292194567
7796,1992-12-24,496.5774710867834,398.99653431508864,478.7267929305249,496.5774710867834,496.5774710867834,-59.800728134735685,-59.800728134735685,-59.800728134735685,-59.800728134735685,-59.800728134735685,-59.800728134735685,0.0,0.0,0.0,436.77674295204775
7797,1992-12-28,496.375166926266,396.62384542244524,477.1662316231697,496.37516692626605,496.37516692626605,-58.99499279254557,-58.99499279254557,-58.99499279254557,-58.99499279254557,-58.99499279254557,-58.99499279254557,0.0,0.0,0.0,437.3801741337204
7798,1992-12-29,496.32459088613666,393.9537529832186,479.4612976775841,496.32459088613666,496.32459088613666,-58.794586550943684,-58.794586550943684,-58.794586550943684,-58.794586550943684,-58.794586550943684,-58.794586550943684,0.0,0.0,0.0,437.530004335193
7799,1992-12-30,496.27401484600733,393.83971328381807,478.79917012476795,496.27401484600733,496.27401484600733,-58.594597456862985,-58.594597456862985,-58.594597456862985,-58.594597456862985,-58.594597456862985,-58.594597456862985,0.0,0.0,0.0,437.67941738914436
7800,1992-12-31,496.223438805878,396.4026232597415,479.593451476841,496.223438805878,496.223438805878,-58.39502854811642,-58.39502854811642,-58.39502854811642,-58.39502854811642,-58.39502854811642,-58.39502854811642,0.0,0.0,0.0,437.82841025776156
7801,1993-01-04,496.02113464536063,398.05442833623107,479.10798200382214,496.02113464536063,496.02113464536063,-57.60101517199324,-57.60101517199324,-57.60101517199324,-57.60101517199324,-57.60101517199324,-57.60101517199324,0.0,0.0,0.0,438.4201194733674
7802,1993-01-05,495.9705586052313,398.08242631654764,479.51712060770046,495.9705586052313,495.9705586052313,-57.403592405006876,-57.403592405006876,-57.403592405006876,-57.403592405006876,-57.403592405006876,-57.403592405006876,0.0,0.0,0.0,438.56696620022444
7803,1993-01-06,495.919982565102,396.62015883709313,478.57144380260013,495.919982565102,495.919982565102,-57.20660783760611,-57.20660783760611,-57.20660783760611,-57.20660783760611,-57.20660783760611,-57.20660783760611,0.0,0.0,0.0,438.7133747274959
7804,1993-01-07,495.8694065249726,395.8908867667977,481.08586418556,495.8694065249726,495.8694065249726,-57.01006443582335,-57.01006443582335,-57.01006443582335,-57.01006443582335,-57.01006443582335,-57.01006443582335,0.0,0.0,0.0,438.8593420891492
7805,1993-01-08,495.81883048484326,397.21232161396165,477.7176282399625,495.81883048484326,495.81883048484326,-56.81396515505147,-56.81396515505147,-56.81396515505147,-56.81396515505147,-56.81396515505147,-56.81396515505147,0.0,0.0,0.0,439.0048653297918
7806,1993-01-11,495.6671023644551,397.65357390011206,478.4644612273955,495.6671023644551,495.6671023644551,-56.22836143112835,-56.22836143112835,-56.22836143112835,-56.22836143112835,-56.22836143112835,-56.22836143112835,0.0,0.0,0.0,439.43874093332676
7807,1993-01-12,495.61652632432583,402.19568185758436,480.4091878425322,495.61652632432583,495.61652632432583,-56.03406797220329,-56.03406797220329,-56.03406797220329,-56.03406797220329,-56.03406797220329,-56.03406797220329,0.0,0.0,0.0,439.58245835212256
7808,1993-01-13,495.5659502841965,397.19186713249536,481.46239460715424,495.5659502841965,495.5659502841965,-55.840233248337476,-55.840233248337476,-55.840233248337476,-55.840233248337476,-55.840233248337476,-55.840233248337476,0.0,0.0,0.0,439.725717035859
7809,1993-01-14,495.5153742440672,394.95617600428545,479.5769696576785,495.5153742440672,495.5153742440672,-55.646860149099155,-55.646860149099155,-55.646860149099155,-55.646860149099155,-55.646860149099155,-55.646860149099155,0.0,0.0,0.0,439.868514094968
7810,1993-01-15,495.46479820393785,399.010122572967,482.9615846867358,495.46479820393785,495.46479820393785,-55.453951552762696,-55.453951552762696,-55.453951552762696,-55.453951552762696,-55.453951552762696,-55.453951552762696,0.0,0.0,0.0,440.01084665117514
7811,1993-01-18,495.3130700835498,398.6555920910425,481.49841624502017,495.3130700835498,495.3130700835498,-54.8780413924941,-54.8780413924941,-54.8780413924941,-54.8780413924941,-54.8780413924941,-54.8780413924941,0.0,0.0,0.0,440.4350286910557
7812,1993-01-19,495.2624940434205,400.2692621990868,480.9157226786566,495.2624940434205,495.2624940434205,-54.6870193613265,-54.6870193613265,-54.6870193613265,-54.6870193613265,-54.6870193613265,-54.6870193613265,0.0,0.0,0.0,440.57547468209395
7813,1993-01-20,495.21191800329115,398.5068567840551,481.5095897036041,495.21191800329115,495.21191800329115,-54.49647605175543,-54.49647605175543,-54.49647605175543,-54.49647605175543,-54.49647605175543,-54.49647605175543,0.0,0.0,0.0,440.7154419515357
7814,1993-01-21,495.1613419631618,397.07989875425284,481.5031274260342,495.1613419631618,495.1613419631618,-54.30641427234857,-54.30641427234857,-54.30641427234857,-54.30641427234857,-54.30641427234857,-54.30641427234857,0.0,0.0,0.0,440.85492769081327
7815,1993-01-22,495.11076592303243,401.8918140975418,480.2125237287057,495.11076592303243,495.11076592303243,-54.11683681974371,-54.11683681974371,-54.11683681974371,-54.11683681974371,-54.11683681974371,-54.11683681974371,0.0,0.0,0.0,440.99392910328874
7816,1993-01-25,494.95903780264445,401.7082004276707,483.11774520292835,494.95903780264445,494.95903780264445,-53.55103820823202,-53.55103820823202,-53.55103820823202,-53.55103820823202,-53.55103820823202,-53.55103820823202,0.0,0.0,0.0,441.40799959441244
7817,1993-01-26,494.90846176251506,402.0399959828074,484.1013377408594,494.90846176251506,494.90846176251506,-53.363425787421136,-53.363425787421136,-53.363425787421136,-53.363425787421136,-53.363425787421136,-53.363425787421136,0.0,0.0,0.0,441.5450359750939
7818,1993-01-27,494.8578857223857,398.3084307872506,484.4096548299161,494.8578857223857,494.8578857223857,-53.176311494493746,-53.176311494493746,-53.176311494493746,-53.176311494493746,-53.176311494493746,-53.176311494493746,0.0,0.0,0.0,441.68157422789193
7819,1993-01-28,494.80730968225635,402.35167240714793,482.4793045222743,494.80730968225635,494.80730968225635,-52.98969805263088,-52.98969805263088,-52.98969805263088,-52.98969805263088,-52.98969805263088,-52.98969805263088,0.0,0.0,0.0,441.81761162962545
7820,1993-01-29,494.756733642127,398.94407847785754,484.06946940854067,494.756733642127,494.756733642127,-52.803588172469624,-52.803588172469624,-52.803588172469624,-52.803588172469624,-52.803588172469624,-52.803588172469624,0.0,0.0,0.0,441.9531454696574
7821,1993-02-01,494.605005521739,403.7045024019539,484.9734192736377,494.605005521739,494.605005521739,-52.248306818540776,-52.248306818540776,-52.248306818540776,-52.248306818540776,-52.248306818540776,-52.248306818540776,0.0,0.0,0.0,442.3566987031982
7822,1993-02-02,494.55442948160965,398.6245242253472,486.28983165132473,494.55442948160965,494.55442948160965,-52.06423803760237,-52.06423803760237,-52.06423803760237,-52.06423803760237,-52.06423803760237,-52.06423803760237,0.0,0.0,0.0,442.4901914440073
7823,1993-02-03,494.5038534414803,399.80116693164734,483.4656170494899,494.5038534414803,494.5038534414803,-51.8806861803499,-51.8806861803499,-51.8806861803499,-51.8806861803499,-51.8806861803499,-51.8806861803499,0.0,0.0,0.0,442.62316726113045
7824,1993-02-04,494.453277401351,401.651241332856,484.1702683662886,494.453277401351,494.453277401351,-51.697653880349755,-51.697653880349755,-51.697653880349755,-51.697653880349755,-51.697653880349755,-51.697653880349755,0.0,0.0,0.0,442.7556235210012
7825,1993-02-05,494.40270136122166,401.1278347233634,482.20659989716347,494.40270136122166,494.40270136122166,-51.51514375803198,-51.51514375803198,-51.51514375803198,-51.51514375803198,-51.51514375803198,-51.51514375803198,0.0,0.0,0.0,442.8875576031897
7826,1993-02-08,494.2509732408336,399.9530663516248,485.5882613071102,494.2509732408336,494.2509732408336,-50.97077246267354,-50.97077246267354,-50.97077246267354,-50.97077246267354,-50.97077246267354,-50.97077246267354,0.0,0.0,0.0,443.28020077816007
7827,1993-02-09,494.2003972007043,403.3689835579486,484.05386606037536,494.2003972007043,494.2003972007043,-50.79037698974883,-50.79037698974883,-50.79037698974883,-50.79037698974883,-50.79037698974883,-50.79037698974883,0.0,0.0,0.0,443.41002021095545
7828,1993-02-10,494.1498211605749,401.2557187801445,484.7566862789036,494.1498211605749,494.1498211605749,-50.61051659671832,-50.61051659671832,-50.61051659671832,-50.61051659671832,-50.61051659671832,-50.61051659671832,0.0,0.0,0.0,443.5393045638566
7829,1993-02-11,494.0992451204455,403.118098748063,483.75316180778725,494.0992451204455,494.0992451204455,-50.43119382347022,-50.43119382347022,-50.43119382347022,-50.43119382347022,-50.43119382347022,-50.43119382347022,0.0,0.0,0.0,443.6680512969753
7830,1993-02-12,494.0486690803162,400.3453970653968,485.55177120388004,494.0486690803162,494.0486690803162,-50.25241119618823,-50.25241119618823,-50.25241119618823,-50.25241119618823,-50.25241119618823,-50.25241119618823,0.0,0.0,0.0,443.79625788412795
7831,1993-02-16,493.8463649197988,402.9331088046187,486.3999988266705,493.8463649197988,493.8463649197988,-49.54273218632551,-49.54273218632551,-49.54273218632551,-49.54273218632551,-49.54273218632551,-49.54273218632551,0.0,0.0,0.0,444.3036327334733
7832,1993-02-17,493.7957888796695,404.91479310155904,484.7554333953845,493.7957888796695,493.7957888796695,-49.36668769646817,-49.36668769646817,-49.36668769646817,-49.36668769646817,-49.36668769646817,-49.36668769646817,0.0,0.0,0.0,444.42910118320134
7833,1993-02-18,493.74521283954016,402.4979103406348,482.6917947664653,493.74521283954016,493.74521283954016,-49.19119821749558,-49.19119821749558,-49.19119821749558,-49.19119821749558,-49.19119821749558,-49.19119821749558,0.0,0.0,0.0,444.5540146220446
7834,1993-02-19,493.69463679941083,404.75422423706163,483.48313792508543,493.69463679941083,493.69463679941083,-49.01626617747671,-49.01626617747671,-49.01626617747671,-49.01626617747671,-49.01626617747671,-49.01626617747671,0.0,0.0,0.0,444.6783706219341
7835,1993-02-22,493.5429086790228,407.0798577925887,484.8730963596264,493.5429086790228,493.5429086790228,-48.49483875655515,-48.49483875655515,-48.49483875655515,-48.49483875655515,-48.49483875655515,-48.49483875655515,0.0,0.0,0.0,445.0480699224676
7836,1993-02-23,493.49233263889346,404.6882161347924,487.3083752269034,493.49233263889346,493.49233263889346,-48.32216046548281,-48.32216046548281,-48.32216046548281,-48.32216046548281,-48.32216046548281,-48.32216046548281,0.0,0.0,0.0,445.17017217341066
7837,1993-02-24,493.44175659876413,406.5456188082271,485.72816601952286,493.44175659876413,493.44175659876413,-48.1500515373914,-48.1500515373914,-48.1500515373914,-48.1500515373914,-48.1500515373914,-48.1500515373914,0.0,0.0,0.0,445.29170506137274
7838,1993-02-25,493.39118055863474,405.1819626045856,486.9769885554178,493.39118055863474,493.39118055863474,-47.97851431330628,-47.97851431330628,-47.97851431330628,-47.97851431330628,-47.97851431330628,-47.97851431330628,0.0,0.0,0.0,445.41266624532847
7839,1993-02-26,493.3847963823332,405.70576472942287,485.71058315616716,493.3847963823332,493.3847963823332,-47.8075511194904,-47.8075511194904,-47.8075511194904,-47.8075511194904,-47.8075511194904,-47.8075511194904,0.0,0.0,0.0,445.5772452628428
7840,1993-03-01,493.36564385342865,404.48699241368263,487.457530973621,493.36564385342865,493.36564385342865,-47.29812875933551,-47.29812875933551,-47.29812875933551,-47.29812875933551,-47.29812875933551,-47.29812875933551,0.0,0.0,0.0,446.06751509409315
7841,1993-03-02,493.3592596771271,404.3893999932139,488.367086830706,493.3592596771271,493.3592596771271,-47.12948465146606,-47.12948465146606,-47.12948465146606,-47.12948465146606,-47.12948465146606,-47.12948465146606,0.0,0.0,0.0,446.22977502566107
7842,1993-03-03,493.35287550082563,405.5353669877403,486.6025155977735,493.35287550082563,493.35287550082563,-46.9614259812456,-46.9614259812456,-46.9614259812456,-46.9614259812456,-46.9614259812456,-46.9614259812456,0.0,0.0,0.0,446.39144951958
7843,1993-03-04,493.3464913245241,406.02942004297614,489.5353827640986,493.3464913245241,493.3464913245241,-46.79395498487416,-46.79395498487416,-46.79395498487416,-46.79395498487416,-46.79395498487416,-46.79395498487416,0.0,0.0,0.0,446.5525363396499
7844,1993-03-05,493.34010714822267,406.454846366882,488.8233864260618,493.34010714822267,493.34010714822267,-46.62707388329888,-46.62707388329888,-46.62707388329888,-46.62707388329888,-46.62707388329888,-46.62707388329888,0.0,0.0,0.0,446.7130332649238
7845,1993-03-08,493.3209546193181,405.8074543357701,485.98707298908823,493.3209546193181,493.3209546193181,-46.12999192659886,-46.12999192659886,-46.12999192659886,-46.12999192659886,-46.12999192659886,-46.12999192659886,0.0,0.0,0.0,447.19096269271927
7846,1993-03-09,493.3145704430166,404.750041933793,490.2169459143239,493.3145704430166,493.3145704430166,-45.965492306253275,-45.965492306253275,-45.965492306253275,-45.965492306253275,-45.965492306253275,-45.965492306253275,0.0,0.0,0.0,447.3490781367633
7847,1993-03-10,493.30818626671504,408.34315265705317,490.3438660428167,493.30818626671504,493.30818626671504,-45.801593454288856,-45.801593454288856,-45.801593454288856,-45.801593454288856,-45.801593454288856,-45.801593454288856,0.0,0.0,0.0,447.50659281242616
7848,1993-03-11,493.3018020904135,407.14698053136107,489.0225103844231,493.3018020904135,493.3018020904135,-45.63829749873065,-45.63829749873065,-45.63829749873065,-45.63829749873065,-45.63829749873065,-45.63829749873065,0.0,0.0,0.0,447.66350459168285
7849,1993-03-12,493.295417914112,406.6986039920047,487.8258198652071,493.295417914112,493.295417914112,-45.47560655188785,-45.47560655188785,-45.47560655188785,-45.47560655188785,-45.47560655188785,-45.47560655188785,0.0,0.0,0.0,447.8198113622242
7850,1993-03-15,493.2762653852074,407.05045682512844,489.45758362300296,493.2762653852074,493.2762653852074,-44.991184649661015,-44.991184649661015,-44.991184649661015,-44.991184649661015,-44.991184649661015,-44.991184649661015,0.0,0.0,0.0,448.2850807355464
7851,1993-03-16,493.26988120890593,404.37699911070536,492.02150091540693,493.26988120890593,493.26988120890593,-44.83093454422464,-44.83093454422464,-44.83093454422464,-44.83093454422464,-44.83093454422464,-44.83093454422464,0.0,0.0,0.0,448.4389466646813
7852,1993-03-17,493.2634970326045,404.1184933561551,490.46300450198305,493.2634970326045,493.2634970326045,-44.67129977109329,-44.67129977109329,-44.67129977109329,-44.67129977109329,-44.67129977109329,-44.67129977109329,0.0,0.0,0.0,448.5921972615112
7853,1993-03-18,493.25711285630297,407.155738881102,490.0349873188673,493.25711285630297,493.25711285630297,-44.512282346958976,-44.512282346958976,-44.512282346958976,-44.512282346958976,-44.512282346958976,-44.512282346958976,0.0,0.0,0.0,448.744830509344
7854,1993-03-19,493.25072868000143,405.7326264041488,488.28287524030833,493.25072868000143,493.25072868000143,-44.35388427236266,-44.35388427236266,-44.35388427236266,-44.35388427236266,-44.35388427236266,-44.35388427236266,0.0,0.0,0.0,448.89684440763875
7855,1993-03-22,493.2315761510969,407.5719127757647,491.434162841706,493.2315761510969,493.2315761510969,-43.88242590768796,-43.88242590768796,-43.88242590768796,-43.88242590768796,-43.88242590768796,-43.88242590768796,0.0,0.0,0.0,449.3491502434089
7856,1993-03-23,493.22519197479534,408.15418923463017,488.7434086833527,493.22519197479534,493.22519197479534,-43.7265249115453,-43.7265249115453,-43.7265249115453,-43.7265249115453,-43.7265249115453,-43.7265249115453,0.0,0.0,0.0,449.49866706325
7857,1993-03-24,493.2188077984938,409.349828892901,492.76017020131974,493.2188077984938,493.2188077984938,-43.57125302330288,-43.57125302330288,-43.57125302330288,-43.57125302330288,-43.57125302330288,-43.57125302330288,0.0,0.0,0.0,449.64755477519094
7858,1993-03-25,493.2124236221923,407.50201300212825,491.5630851283413,493.2124236221923,493.2124236221923,-43.416612145357846,-43.416612145357846,-43.416612145357846,-43.416612145357846,-43.416612145357846,-43.416612145357846,0.0,0.0,0.0,449.7958114768345
7859,1993-03-26,493.2060394458909,409.33318338016386,493.3260770300731,493.2060394458909,493.2060394458909,-43.26260416354881,-43.26260416354881,-43.26260416354881,-43.26260416354881,-43.26260416354881,-43.26260416354881,0.0,0.0,0.0,449.9434352823421
7860,1993-03-29,493.1868869169863,406.62182547839564,493.2353703274623,493.1868869169863,493.1868869169863,-42.80439620379179,-42.80439620379179,-42.80439620379179,-42.80439620379179,-42.80439620379179,-42.80439620379179,0.0,0.0,0.0,450.3824907131945
7861,1993-03-30,493.1805027406848,409.4565222838247,492.73268471728,493.1805027406848,493.1805027406848,-42.652938331817424,-42.652938331817424,-42.652938331817424,-42.652938331817424,-42.652938331817424,-42.652938331817424,0.0,0.0,0.0,450.52756440886736
7862,1993-03-31,493.17411856438326,411.3632860934946,492.1506072036247,493.17411856438326,493.17411856438326,-42.502122534872086,-42.502122534872086,-42.502122534872086,-42.502122534872086,-42.502122534872086,-42.502122534872086,0.0,0.0,0.0,450.6719960295112
7863,1993-04-01,493.1677343880817,409.001136883693,493.4123559002988,493.1677343880817,493.1677343880817,-42.35195059829597,-42.35195059829597,-42.35195059829597,-42.35195059829597,-42.35195059829597,-42.35195059829597,0.0,0.0,0.0,450.81578378978577
7864,1993-04-02,493.1613502117802,410.0635745842043,491.8012384713344,493.1613502117802,493.1613502117802,-42.20242429049214,-42.20242429049214,-42.20242429049214,-42.20242429049214,-42.20242429049214,-42.20242429049214,0.0,0.0,0.0,450.958925921288
7865,1993-04-05,493.14219768287563,408.381521786342,494.1964474993565,493.14219768287563,493.14219768287563,-41.757736568631294,-41.757736568631294,-41.757736568631294,-41.757736568631294,-41.757736568631294,-41.757736568631294,0.0,0.0,0.0,451.38446111424435
7866,1993-04-06,493.13581350657415,408.67381987247546,493.95000403520163,493.13581350657415,493.13581350657415,-41.61081011943779,-41.61081011943779,-41.61081011943779,-41.61081011943779,-41.61081011943779,-41.61081011943779,0.0,0.0,0.0,451.5250033871364
7867,1993-04-07,493.12942933027267,409.63606738991865,490.746856082612,493.12942933027267,493.12942933027267,-41.46453788520634,-41.46453788520634,-41.46453788520634,-41.46453788520634,-41.46453788520634,-41.46453788520634,0.0,0.0,0.0,451.66489144506636
7868,1993-04-08,493.1230451539712,408.2433806827915,493.68804077755914,493.12304515397113,493.12304515397113,-41.31892153166173,-41.31892153166173,-41.31892153166173,-41.31892153166173,-41.31892153166173,-41.31892153166173,0.0,0.0,0.0,451.8041236223095
7869,1993-04-12,493.0975084487651,410.66937796635597,492.3245369144383,493.0975084487651,493.0975084487651,-40.743047632848665,-40.743047632848665,-40.743047632848665,-40.743047632848665,-40.743047632848665,-40.743047632848665,0.0,0.0,0.0,452.3544608159164
7870,1993-04-13,493.09112427246356,409.8557876840663,492.9906080753473,493.09112427246356,493.09112427246356,-40.600735061966944,-40.600735061966944,-40.600735061966944,-40.600735061966944,-40.600735061966944,-40.600735061966944,0.0,0.0,0.0,452.49038921049663
7871,1993-04-14,493.084740096162,413.0371756541224,492.3272119284071,493.084740096162,493.084740096162,-40.45908800148935,-40.45908800148935,-40.45908800148935,-40.45908800148935,-40.45908800148935,-40.45908800148935,0.0,0.0,0.0,452.62565209467266
7872,1993-04-15,493.07835591986054,410.08954960834654,491.68328195907384,493.07835591986054,493.07835591986054,-40.31810799517156,-40.31810799517156,-40.31810799517156,-40.31810799517156,-40.31810799517156,-40.31810799517156,0.0,0.0,0.0,452.760247924689
7873,1993-04-16,493.071971743559,412.37570408526267,492.4544429704821,493.071971743559,493.071971743559,-40.17779656916303,-40.17779656916303,-40.17779656916303,-40.17779656916303,-40.17779656916303,-40.17779656916303,0.0,0.0,0.0,452.89417517439597
7874,1993-04-19,493.0528192146545,410.1023857233042,493.5047849634998,493.0528192146545,493.0528192146545,-39.76088876953665,-39.76088876953665,-39.76088876953665,-39.76088876953665,-39.76088876953665,-39.76088876953665,0.0,0.0,0.0,453.2919304451178
7875,1993-04-20,493.04643503835297,412.4417454030256,495.0762612173058,493.0464350383529,493.0464350383529,-39.623266572693076,-39.623266572693076,-39.623266572693076,-39.623266572693076,-39.623266572693076,-39.623266572693076,0.0,0.0,0.0,453.4231684656599
7876,1993-04-21,493.0400508620515,415.4533252966937,496.1585613981654,493.0400508620515,493.0400508620515,-39.48632032136183,-39.48632032136183,-39.48632032136183,-39.48632032136183,-39.48632032136183,-39.48632032136183,0.0,0.0,0.0,453.5537305406897
7877,1993-04-22,493.03366668574995,411.17021983460256,494.94909697835396,493.03366668574995,493.03366668574995,-39.35005143518605,-39.35005143518605,-39.35005143518605,-39.35005143518605,-39.35005143518605,-39.35005143518605,0.0,0.0,0.0,453.6836152505639
7878,1993-04-23,493.0272825094484,411.47583169032214,497.30568341196357,493.02728250944836,493.02728250944836,-39.214461315913894,-39.214461315913894,-39.214461315913894,-39.214461315913894,-39.214461315913894,-39.214461315913894,0.0,0.0,0.0,453.81282119353455
7879,1993-04-26,493.00812998054386,414.50260396246756,494.23435026271426,493.0081299805438,493.0081299805438,-38.811777307805606,-38.811777307805606,-38.811777307805606,-38.811777307805606,-38.811777307805606,-38.811777307805606,0.0,0.0,0.0,454.19635267273827
7880,1993-04-27,493.0017458042423,414.93023942004845,494.3626352772815,493.0017458042423,493.0017458042423,-38.678915914434704,-38.678915914434704,-38.678915914434704,-38.678915914434704,-38.678915914434704,-38.678915914434704,0.0,0.0,0.0,454.3228298898076
7881,1993-04-28,492.99536162794084,416.41202309746205,498.5892782166041,492.99536162794084,492.99536162794084,-38.54674002698133,-38.54674002698133,-38.54674002698133,-38.54674002698133,-38.54674002698133,-38.54674002698133,0.0,0.0,0.0,454.4486216009595
7882,1993-04-29,492.9889774516393,412.513619869083,495.30705876843706,492.98897745163936,492.98897745163936,-38.41525093904374,-38.41525093904374,-38.41525093904374,-38.41525093904374,-38.41525093904374,-38.41525093904374,0.0,0.0,0.0,454.57372651259556
7883,1993-04-30,492.9825932753379,419.6241548699059,497.3660190308873,492.9825932753379,492.9825932753379,-38.28444992606846,-38.28444992606846,-38.28444992606846,-38.28444992606846,-38.28444992606846,-38.28444992606846,0.0,0.0,0.0,454.6981433492694
7884,1993-05-03,492.96344074643326,410.0022368633125,498.34073460544283,492.96344074643326,492.96344074643326,-37.89618781839088,-37.89618781839088,-37.89618781839088,-37.89618781839088,-37.89618781839088,-37.89618781839088,0.0,0.0,0.0,455.06725292804236
7885,1993-05-04,492.9570565701318,413.2491868299505,496.16730761498354,492.9570565701318,492.9570565701318,-37.76815149550796,-37.76815149550796,-37.76815149550796,-37.76815149550796,-37.76815149550796,-37.76815149550796,0.0,0.0,0.0,455.18890507462385
7886,1993-05-05,492.95067239383025,416.5735082986966,496.7662016285966,492.95067239383025,492.95067239383025,-37.640809351364155,-37.640809351364155,-37.640809351364155,-37.640809351364155,-37.640809351364155,-37.640809351364155,0.0,0.0,0.0,455.3098630424661
7887,1993-05-06,492.9442882175287,412.3479048396126,494.69667079018313,492.9442882175287,492.9442882175287,-37.51416255179581,-37.51416255179581,-37.51416255179581,-37.51416255179581,-37.51416255179581,-37.51416255179581,0.0,0.0,0.0,455.4301256657329
7888,1993-05-07,492.9379040412272,416.36268010151105,496.7943693022279,492.9379040412272,492.9379040412272,-37.388212244260004,-37.388212244260004,-37.388212244260004,-37.388212244260004,-37.388212244260004,-37.388212244260004,0.0,0.0,0.0,455.54969179696724
7889,1993-05-10,492.91875151232273,415.93973488676306,498.9638295417154,492.91875151232273,492.91875151232273,-37.0145514721023,-37.0145514721023,-37.0145514721023,-37.0145514721023,-37.0145514721023,-37.0145514721023,0.0,0.0,0.0,455.9042000402204
7890,1993-05-11,492.9123673360212,412.29522367359016,495.8583494884037,492.9123673360212,492.9123673360212,-36.89139823864263,-36.89139823864263,-36.89139823864263,-36.89139823864263,-36.89139823864263,-36.89139823864263,0.0,0.0,0.0,456.02096909737855
7891,1993-05-12,492.90598315971965,414.7953104552278,495.11297438107647,492.90598315971965,492.90598315971965,-36.768946957781885,-36.768946957781885,-36.768946957781885,-36.768946957781885,-36.768946957781885,-36.768946957781885,0.0,0.0,0.0,456.13703620193775
7892,1993-05-13,492.8995989834182,417.72120148066125,496.677772874361,492.8995989834182,492.8995989834182,-36.64719866609272,-36.64719866609272,-36.64719866609272,-36.64719866609272,-36.64719866609272,-36.64719866609272,0.0,0.0,0.0,456.25240031732545
7893,1993-05-14,492.89321480711664,412.63946027369445,497.0508286366911,492.89321480711664,492.89321480711664,-36.52615438157135,-36.52615438157135,-36.52615438157135,-36.52615438157135,-36.52615438157135,-36.52615438157135,0.0,0.0,0.0,456.3670604255453
7894,1993-05-17,492.8740622782121,415.74815659346154,499.64230528368665,492.8740622782121,492.8740622782121,-36.16725547180167,-36.16725547180167,-36.16725547180167,-36.16725547180167,-36.16725547180167,-36.16725547180167,0.0,0.0,0.0,456.70680680641044
7895,1993-05-18,492.86767810191054,414.336202004382,499.45268140369166,492.86767810191054,492.86767810191054,-36.04903702350793,-36.04903702350793,-36.04903702350793,-36.04903702350793,-36.04903702350793,-36.04903702350793,0.0,0.0,0.0,456.8186410784026
7896,1993-05-19,492.861293925609,415.6769754040483,497.30078170673005,492.861293925609,492.861293925609,-35.93152739284659,-35.93152739284659,-35.93152739284659,-35.93152739284659,-35.93152739284659,-35.93152739284659,0.0,0.0,0.0,456.9297665327624
7897,1993-05-20,492.8549097493075,414.3269442194692,497.8987575688785,492.8549097493075,492.8549097493075,-35.81472748584142,-35.81472748584142,-35.81472748584142,-35.81472748584142,-35.81472748584142,-35.81472748584142,0.0,0.0,0.0,457.0401822634661
7898,1993-05-21,492.848525573006,413.6734690414785,497.8952535503167,492.848525573006,492.848525573006,-35.698638189773185,-35.698638189773185,-35.698638189773185,-35.698638189773185,-35.698638189773185,-35.698638189773185,0.0,0.0,0.0,457.1498873832328
7899,1993-05-24,492.8293730441015,418.89970733158833,500.1221953594717,492.8293730441015,492.8293730441015,-35.35464255843846,-35.35464255843846,-35.35464255843846,-35.35464255843846,-35.35464255843846,-35.35464255843846,0.0,0.0,0.0,457.47473048566303
7900,1993-05-25,492.8229888678,415.44907194716717,496.9909847507267,492.8229888678,492.8229888678,-35.24140420336685,-35.24140420336685,-35.24140420336685,-35.24140420336685,-35.24140420336685,-35.24140420336685,0.0,0.0,0.0,457.58158466443314
7901,1993-05-26,492.81660469149847,418.33986450344196,497.504497360585,492.81660469149847,492.81660469149847,-35.128880613791075,-35.128880613791075,-35.128880613791075,-35.128880613791075,-35.128880613791075,-35.128880613791075,0.0,0.0,0.0,457.6877240777074
7902,1993-05-27,492.81022051519693,418.29993129736755,498.9260443556216,492.81022051519693,492.81022051519693,-35.017072564118386,-35.017072564118386,-35.017072564118386,-35.017072564118386,-35.017072564118386,-35.017072564118386,0.0,0.0,0.0,457.79314795107854
7903,1993-05-28,492.8038363388954,415.5392914131062,498.51529698986616,492.8038363388954,492.8038363388954,-34.905980809878514,-34.905980809878514,-34.905980809878514,-34.905980809878514,-34.905980809878514,-34.905980809878514,0.0,0.0,0.0,457.89785552901685
7904,1993-06-01,492.7782996336894,414.95808972748296,497.5014978310892,492.7782996336894,492.7782996336894,-34.468791196257015,-34.468791196257015,-34.468791196257015,-34.468791196257015,-34.468791196257015,-34.468791196257015,0.0,0.0,0.0,458.3095084374324
7905,1993-06-02,492.7719154573879,418.1122590861372,498.9323819483607,492.7719154573879,492.7719154573879,-34.36129159032015,-34.36129159032015,-34.36129159032015,-34.36129159032015,-34.36129159032015,-34.36129159032015,0.0,0.0,0.0,458.4106238670677
7906,1993-06-03,492.7655312810864,418.5126686255671,501.8661010235767,492.7655312810864,492.7655312810864,-34.254512415696844,-34.254512415696844,-34.254512415696844,-34.254512415696844,-34.254512415696844,-34.254512415696844,0.0,0.0,0.0,458.51101886538953
7907,1993-06-04,492.75914710478486,419.9534243468246,500.6377228258354,492.75914710478486,492.75914710478486,-34.148454295347825,-34.148454295347825,-34.148454295347825,-34.148454295347825,-34.148454295347825,-34.148454295347825,0.0,0.0,0.0,458.610692809437
7908,1993-06-07,492.7399945758803,417.78971293449797,500.1080260740207,492.7399945758803,492.7399945758803,-33.83461220460788,-33.83461220460788,-33.83461220460788,-33.83461220460788,-33.83461220460788,-33.83461220460788,0.0,0.0,0.0,458.9053823712724
7909,1993-06-08,492.73361039957877,418.48549543901834,498.9374419979541,492.73361039957877,492.73361039957877,-33.731444150952335,-33.731444150952335,-33.731444150952335,-33.731444150952335,-33.731444150952335,-33.731444150952335,0.0,0.0,0.0,459.00216624862645
7910,1993-06-09,492.7272262232772,417.66235601823666,501.26166489724574,492.7272262232772,492.7272262232772,-33.62899998126911,-33.62899998126911,-33.62899998126911,-33.62899998126911,-33.62899998126911,-33.62899998126911,0.0,0.0,0.0,459.09822624200814
7911,1993-06-10,492.7208420469757,418.58803391176446,500.30241483115225,492.7208420469757,492.7208420469757,-33.52728020440368,-33.52728020440368,-33.52728020440368,-33.52728020440368,-33.52728020440368,-33.52728020440368,0.0,0.0,0.0,459.193561842572
7912,1993-06-11,492.7144578706742,416.5139322533844,499.12054602146316,492.7144578706742,492.7144578706742,-33.42628531014856,-33.42628531014856,-33.42628531014856,-33.42628531014856,-33.42628531014856,-33.42628531014856,0.0,0.0,0.0,459.28817256052565
7913,1993-06-14,492.6953053417697,417.33271247004427,500.2687806157207,492.6953053417697,492.6953053417697,-33.12765453502922,-33.12765453502922,-33.12765453502922,-33.12765453502922,-33.12765453502922,-33.12765453502922,0.0,0.0,0.0,459.5676508067405
7914,1993-06-15,492.6889211654682,418.41656006571066,502.50636338320334,492.6889211654682,492.6889211654682,-33.029563687836486,-33.029563687836486,-33.029563687836486,-33.029563687836486,-33.029563687836486,-33.029563687836486,0.0,0.0,0.0,459.6593574776317
7915,1993-06-16,492.6825369891667,418.9022481233675,497.4887528553292,492.6825369891667,492.6825369891667,-32.932199886181735,-32.932199886181735,-32.932199886181735,-32.932199886181735,-32.932199886181735,-32.932199886181735,0.0,0.0,0.0,459.750337102985
7916,1993-06-17,492.67615281286515,418.1064124569144,505.33535333870725,492.67615281286515,492.67615281286515,-32.83556350540101,-32.83556350540101,-32.83556350540101,-32.83556350540101,-32.83556350540101,-32.83556350540101,0.0,0.0,0.0,459.84058930746414
7917,1993-06-18,492.6697686365636,417.87278751678747,498.64577003677425,492.6697686365636,492.6697686365636,-32.739654901738454,-32.739654901738454,-32.739654901738454,-32.739654901738454,-32.739654901738454,-32.739654901738454,0.0,0.0,0.0,459.93011373482517
7918,1993-06-21,492.65061610765906,416.208272923851,500.9163776140902,492.65061610765906,492.65061610765906,-32.456299029418915,-32.456299029418915,-32.456299029418915,-32.456299029418915,-32.456299029418915,-32.456299029418915,0.0,0.0,0.0,460.19431707824015
7919,1993-06-22,492.64423193135764,416.73062065339354,499.66414630762034,492.64423193135764,492.64423193135764,-32.363304714683096,-32.363304714683096,-32.363304714683096,-32.363304714683096,-32.363304714683096,-32.363304714683096,0.0,0.0,0.0,460.2809272166745
7920,1993-06-23,492.6378477550561,420.14835324809644,500.0735123427768,492.6378477550561,492.6378477550561,-32.27103967178256,-32.27103967178256,-32.27103967178256,-32.27103967178256,-32.27103967178256,-32.27103967178256,0.0,0.0,0.0,460.36680808327355
7921,1993-06-24,492.63146357875456,418.65352780383614,501.79396623581005,492.6314635787545,492.6314635787545,-32.17950414235006,-32.17950414235006,-32.17950414235006,-32.17950414235006,-32.17950414235006,-32.17950414235006,0.0,0.0,0.0,460.4519594364045
7922,1993-06-25,492.6250794024531,419.5787060402323,502.144006516729,492.6250794024531,492.6250794024531,-32.08869834891622,-32.08869834891622,-32.08869834891622,-32.08869834891622,-32.08869834891622,-32.08869834891622,0.0,0.0,0.0,460.53638105353684
7923,1993-06-28,492.60592687354847,419.36670445945026,502.88196700961646,492.60592687354847,492.60592687354847,-31.82066132337362,-31.82066132337362,-31.82066132337362,-31.82066132337362,-31.82066132337362,-31.82066132337362,0.0,0.0,0.0,460.78526555017487
7924,1993-06-29,492.599542697247,420.1633456317592,500.7717290164507,492.599542697247,492.599542697247,-31.732776317207456,-31.732776317207456,-31.732776317207456,-31.732776317207456,-31.732776317207456,-31.732776317207456,0.0,0.0,0.0,460.8667663800395
7925,1993-06-30,492.59315852094545,417.9058419823606,502.35842358878625,492.5931585209454,492.5931585209454,-31.645621873193246,-31.645621873193246,-31.645621873193246,-31.645621873193246,-31.645621873193246,-31.645621873193246,0.0,0.0,0.0,460.9475366477522
7926,1993-07-01,492.5867743446439,418.1109275679431,500.11242033125984,492.5867743446439,492.5867743446439,-31.55919809928222,-31.55919809928222,-31.55919809928222,-31.55919809928222,-31.55919809928222,-31.55919809928222,0.0,0.0,0.0,461.0275762453617
7927,1993-07-02,492.58039016834243,419.83607183537043,501.44781440242764,492.58039016834243,492.58039016834243,-31.47350508434466,-31.47350508434466,-31.47350508434466,-31.47350508434466,-31.47350508434466,-31.47350508434466,0.0,0.0,0.0,461.1068850839978
7928,1993-07-06,492.5548534631364,421.1445773373063,501.5673545322258,492.5548534631364,492.5548534631364,-31.138041724127827,-31.138041724127827,-31.138041724127827,-31.138041724127827,-31.138041724127827,-31.138041724127827,0.0,0.0,0.0,461.41681173900855
7929,1993-07-07,492.54846928683486,415.4078013773623,501.2157558783069,492.54846928683486,492.54846928683486,-31.056003169607596,-31.056003169607596,-31.056003169607596,-31.056003169607596,-31.056003169607596,-31.056003169607596,0.0,0.0,0.0,461.49246611722725
7930,1993-07-08,492.5420851105334,420.86767354258023,505.89072729206765,492.5420851105334,492.5420851105334,-30.974695506883144,-30.974695506883144,-30.974695506883144,-30.974695506883144,-30.974695506883144,-30.974695506883144,0.0,0.0,0.0,461.5673896036502
7931,1993-07-09,492.53570093423184,418.62240523601764,503.8361943259732,492.53570093423184,492.53570093423184,-30.894118691431245,-30.894118691431245,-30.894118691431245,-30.894118691431245,-30.894118691431245,-30.894118691431245,0.0,0.0,0.0,461.6415822428006
7932,1993-07-12,492.5165484053273,423.0571047720437,504.5159126221087,492.5165484053273,492.5165484053273,-30.65677259821297,-30.65677259821297,-30.65677259821297,-30.65677259821297,-30.65677259821297,-30.65677259821297,0.0,0.0,0.0,461.8597758071143
7933,1993-07-13,492.51016422902575,419.4306847023493,503.0920847760899,492.51016422902575,492.51016422902575,-30.579118346341414,-30.579118346341414,-30.579118346341414,-30.579118346341414,-30.579118346341414,-30.579118346341414,0.0,0.0,0.0,461.9310458826843
7934,1993-07-14,492.5037800527242,419.578666250051,502.5561528401947,492.5037800527242,492.5037800527242,-30.502194434016495,-30.502194434016495,-30.502194434016495,-30.502194434016495,-30.502194434016495,-30.502194434016495,0.0,0.0,0.0,462.00158561870774
7935,1993-07-15,492.4973958764228,420.0693784991553,502.7736796221241,492.4973958764228,492.4973958764228,-30.426000702753164,-30.426000702753164,-30.426000702753164,-30.426000702753164,-30.426000702753164,-30.426000702753164,0.0,0.0,0.0,462.0713951736696
7936,1993-07-16,492.49101170012125,421.4118310656848,502.81655395557755,492.49101170012125,492.49101170012125,-30.350536975116334,-30.350536975116334,-30.350536975116334,-30.350536975116334,-30.350536975116334,-30.350536975116334,0.0,0.0,0.0,462.14047472500494
7937,1993-07-19,492.4718591712167,420.44153741307707,501.7813678248186,492.4718591712167,492.4718591712167,-30.128523755667757,-30.128523755667757,-30.128523755667757,-30.128523755667757,-30.128523755667757,-30.128523755667757,0.0,0.0,0.0,462.34333541554895
7938,1993-07-20,492.46547499491516,422.88119117487116,501.83378567291237,492.46547499491516,492.46547499491516,-30.05597788969682,-30.05597788969682,-30.05597788969682,-30.05597788969682,-30.05597788969682,-30.05597788969682,0.0,0.0,0.0,462.40949710521835
7939,1993-07-21,492.4590908186137,421.41012805512486,504.8258071274197,492.4590908186137,492.4590908186137,-29.98416085644527,-29.98416085644527,-29.98416085644527,-29.98416085644527,-29.98416085644527,-29.98416085644527,0.0,0.0,0.0,462.4749299621684
7940,1993-07-22,492.45270664231214,422.5109832144443,506.72550710019476,492.45270664231214,492.45270664231214,-29.913072365097044,-29.913072365097044,-29.913072365097044,-29.913072365097044,-29.913072365097044,-29.913072365097044,0.0,0.0,0.0,462.5396342772151
7941,1993-07-23,492.4463224660106,421.18320292958356,504.3177493955568,492.4463224660106,492.4463224660106,-29.84271210599782,-29.84271210599782,-29.84271210599782,-29.84271210599782,-29.84271210599782,-29.84271210599782,0.0,0.0,0.0,462.6036103600128
7942,1993-07-26,492.42716993710604,421.60110937053577,503.4565008426222,492.42716993710604,492.42716993710604,-29.63599734347148,-29.63599734347148,-29.63599734347148,-29.63599734347148,-29.63599734347148,-29.63599734347148,0.0,0.0,0.0,462.79117259363454
7943,1993-07-27,492.4207857608046,422.9879384339492,503.7378784033977,492.4207857608046,492.4207857608046,-29.568546540720316,-29.568546540720316,-29.568546540720316,-29.568546540720316,-29.568546540720316,-29.568546540720316,0.0,0.0,0.0,462.8522392200843
7944,1993-07-28,492.4144015845031,418.35431445534164,501.4614101843267,492.4144015845031,492.4144015845031,-29.50182214004022,-29.50182214004022,-29.50182214004022,-29.50182214004022,-29.50182214004022,-29.50182214004022,0.0,0.0,0.0,462.91257944446284
7945,1993-07-29,492.40801740820154,419.44348624043255,504.6200289493033,492.40801740820154,492.40801740820154,-29.435823719155383,-29.435823719155383,-29.435823719155383,-29.435823719155383,-29.435823719155383,-29.435823719155383,0.0,0.0,0.0,462.97219368904615
7946,1993-07-30,492.40163323190006,423.1066466414131,505.3710711894931,492.40163323190006,492.40163323190006,-29.370550837093724,-29.370550837093724,-29.370550837093724,-29.370550837093724,-29.370550837093724,-29.370550837093724,0.0,0.0,0.0,463.03108239480633
7947,1993-08-02,492.3824807029955,421.7861405881338,504.6674277673874,492.3824807029955,492.3824807029955,-29.17908073414978,-29.17908073414978,-29.17908073414978,-29.17908073414978,-29.17908073414978,-29.17908073414978,0.0,0.0,0.0,463.2033999688457
7948,1993-08-03,492.37609652669397,421.8659510802469,506.1073404270088,492.37609652669397,492.37609652669397,-29.116705224524576,-29.116705224524576,-29.116705224524576,-29.116705224524576,-29.116705224524576,-29.116705224524576,0.0,0.0,0.0,463.2593913021694
7949,1993-08-04,492.36971235039243,419.18753752115384,506.2766674331982,492.36971235039243,492.36971235039243,-29.05505276922085,-29.05505276922085,-29.05505276922085,-29.05505276922085,-29.05505276922085,-29.05505276922085,0.0,0.0,0.0,463.31465958117155
7950,1993-08-05,492.363328174091,420.51474402589736,504.8795007666991,492.363328174091,492.363328174091,-28.99412281558127,-28.99412281558127,-28.99412281558127,-28.99412281558127,-28.99412281558127,-28.99412281558127,0.0,0.0,0.0,463.36920535850976
7951,1993-08-06,492.3569439977895,422.68434098840294,503.37844193286287,492.3569439977895,492.3569439977895,-28.933914792422208,-28.933914792422208,-28.933914792422208,-28.933914792422208,-28.933914792422208,-28.933914792422208,0.0,0.0,0.0,463.42302920536724
7952,1993-08-09,492.3377914688849,425.73904557565663,506.92757483950345,492.3377914688849,492.3377914688849,-28.75761631666343,-28.75761631666343,-28.75761631666343,-28.75761631666343,-28.75761631666343,-28.75761631666343,0.0,0.0,0.0,463.5801751522215
7953,1993-08-10,492.3314072925834,421.28549126391624,506.40389684875424,492.3314072925834,492.3314072925834,-28.700289934014343,-28.700289934014343,-28.700289934014343,-28.700289934014343,-28.700289934014343,-28.700289934014343,0.0,0.0,0.0,463.63111735856904
7954,1993-08-11,492.3250231162819,423.97266235834746,505.17751531504155,492.3250231162819,492.3250231162819,-28.643682348991188,-28.643682348991188,-28.643682348991188,-28.643682348991188,-28.643682348991188,-28.643682348991188,0.0,0.0,0.0,463.6813407672907
7955,1993-08-12,492.31863893998036,424.435551154039,505.32012556025114,492.31863893998036,492.31863893998036,-28.587792879835472,-28.587792879835472,-28.587792879835472,-28.587792879835472,-28.587792879835472,-28.587792879835472,0.0,0.0,0.0,463.73084606014487
7956,1993-08-13,492.3122547636788,426.29297948257636,507.91843275092117,492.3122547636788,492.3122547636788,-28.53262082646181,-28.53262082646181,-28.53262082646181,-28.53262082646181,-28.53262082646181,-28.53262082646181,0.0,0.0,0.0,463.779633937217
7957,1993-08-16,492.29310223477427,420.8884013524269,504.0640038619201,492.29310223477427,492.29310223477427,-28.371401885926794,-28.371401885926794,-28.371401885926794,-28.371401885926794,-28.371401885926794,-28.371401885926794,0.0,0.0,0.0,463.9217003488475
7958,1993-08-17,492.28671805847273,421.23051818062936,503.53032029405495,492.28671805847273,492.28671805847273,-28.3190921293806,-28.3190921293806,-28.3190921293806,-28.3190921293806,-28.3190921293806,-28.3190921293806,0.0,0.0,0.0,463.96762592909215
7959,1993-08-18,492.2803338821713,421.90310256008456,501.0195241030908,492.2803338821713,492.2803338821713,-28.267496014385465,-28.267496014385465,-28.267496014385465,-28.267496014385465,-28.267496014385465,-28.267496014385465,0.0,0.0,0.0,464.01283786778583
7960,1993-08-19,492.27394970586977,423.1079565135667,504.4996820244069,492.27394970586977,492.27394970586977,-28.21661273156184,-28.21661273156184,-28.21661273156184,-28.21661273156184,-28.21661273156184,-28.21661273156184,0.0,0.0,0.0,464.05733697430793
7961,1993-08-20,492.2675655295683,424.04789614304747,503.741343376763,492.2675655295683,492.2675655295683,-28.166441453431332,-28.166441453431332,-28.166441453431332,-28.166441453431332,-28.166441453431332,-28.166441453431332,0.0,0.0,0.0,464.10112407613695
7962,1993-08-23,492.2484130006637,420.4550062128823,503.2984060182727,492.2484130006637,492.2484130006637,-28.020191101658153,-28.020191101658153,-28.020191101658153,-28.020191101658153,-28.020191101658153,-28.020191101658153,0.0,0.0,0.0,464.2282218990055
7963,1993-08-24,492.2420288243622,426.2489736495703,506.3638401776832,492.2420288243622,492.2420288243622,-27.972859206759036,-27.972859206759036,-27.972859206759036,-27.972859206759036,-27.972859206759036,-27.972859206759036,0.0,0.0,0.0,464.26916961760315
7964,1993-08-25,492.23564464806066,424.4665500830407,505.02999792436344,492.23564464806066,492.23564464806066,-27.92623490890909,-27.92623490890909,-27.92623490890909,-27.92623490890909,-27.92623490890909,-27.92623490890909,0.0,0.0,0.0,464.3094097391516
7965,1993-08-26,492.2292604717591,424.7527385773284,508.03947338894415,492.2292604717591,492.2292604717591,-27.88031727278457,-27.88031727278457,-27.88031727278457,-27.88031727278457,-27.88031727278457,-27.88031727278457,0.0,0.0,0.0,464.34894319897455
7966,1993-08-27,492.2228762954576,423.92491612006614,505.6292484640061,492.2228762954576,492.2228762954576,-27.835105345217755,-27.835105345217755,-27.835105345217755,-27.835105345217755,-27.835105345217755,-27.835105345217755,0.0,0.0,0.0,464.3877709502398
7967,1993-08-30,492.20372376655314,423.76807138551,505.7937254393683,492.20372376655314,492.20372376655314,-27.703694015342904,-27.703694015342904,-27.703694015342904,-27.703694015342904,-27.703694015342904,-27.703694015342904,0.0,0.0,0.0,464.50002975121026
7968,1993-08-31,492.1973395902516,424.8468435557853,506.1288752593566,492.1973395902516,492.1973395902516,-27.66129503481576,-27.66129503481576,-27.66129503481576,-27.66129503481576,-27.66129503481576,-27.66129503481576,0.0,0.0,0.0,464.53604455543586
7969,1993-09-01,492.19095541395006,420.85617484920544,504.86588131799067,492.19095541395006,492.19095541395006,-27.619596730721224,-27.619596730721224,-27.619596730721224,-27.619596730721224,-27.619596730721224,-27.619596730721224,0.0,0.0,0.0,464.5713586832288
7970,1993-09-02,492.1845712376486,425.1971336745216,505.1106494698143,492.1845712376486,492.1845712376486,-27.578598043659472,-27.578598043659472,-27.578598043659472,-27.578598043659472,-27.578598043659472,-27.578598043659472,0.0,0.0,0.0,464.6059731939891
7971,1993-09-03,492.17818706134705,425.89813564827574,505.78137426021124,492.17818706134705,492.17818706134705,-27.538297896668514,-27.538297896668514,-27.538297896668514,-27.538297896668514,-27.538297896668514,-27.538297896668514,0.0,0.0,0.0,464.63988916467855
7972,1993-09-07,492.15265035614095,423.22760446455766,507.8514329933124,492.15265035614095,492.15265035614095,-27.384060557913806,-27.384060557913806,-27.384060557913806,-27.384060557913806,-27.384060557913806,-27.384060557913806,0.0,0.0,0.0,464.76858979822714
7973,1993-09-08,492.14626617983953,423.38402674017976,507.8433045570002,492.14626617983953,492.14626617983953,-27.347236345196006,-27.347236345196006,-27.347236345196006,-27.347236345196006,-27.347236345196006,-27.347236345196006,0.0,0.0,0.0,464.79902983464353
7974,1993-09-09,492.139882003538,425.72313114993636,507.94385529370834,492.139882003538,492.139882003538,-27.31110384440004,-27.31110384440004,-27.31110384440004,-27.31110384440004,-27.31110384440004,-27.31110384440004,0.0,0.0,0.0,464.8287781591379
7975,1993-09-10,492.13349782723645,423.4546995963944,506.441139926393,492.13349782723645,492.13349782723645,-27.27566185685179,-27.27566185685179,-27.27566185685179,-27.27566185685179,-27.27566185685179,-27.27566185685179,0.0,0.0,0.0,464.85783597038466
7976,1993-09-13,492.1143452983319,425.57042945400644,509.37146758535994,492.1143452983319,492.1143452983319,-27.17346672913243,-27.17346672913243,-27.17346672913243,-27.17346672913243,-27.17346672913243,-27.17346672913243,0.0,0.0,0.0,464.94087856919947
7977,1993-09-14,492.10796112203036,421.4853793053419,507.76366902864794,492.10796112203036,492.10796112203036,-27.140774464402906,-27.140774464402906,-27.140774464402906,-27.140774464402906,-27.140774464402906,-27.140774464402906,0.0,0.0,0.0,464.96718665762745
7978,1993-09-15,492.1015769457289,421.0872566813362,507.2587186756703,492.1015769457289,492.1015769457289,-27.10876646239079,-27.10876646239079,-27.10876646239079,-27.10876646239079,-27.10876646239079,-27.10876646239079,0.0,0.0,0.0,464.9928104833381
7979,1993-09-16,492.09519276942734,426.0101368884511,504.7886516565503,492.09519276942734,492.09519276942734,-27.077441421892892,-27.077441421892892,-27.077441421892892,-27.077441421892892,-27.077441421892892,-27.077441421892892,0.0,0.0,0.0,465.01775134753444
7980,1993-09-17,492.0888085931258,421.91258178151804,507.7898832367639,492.0888085931258,492.0888085931258,-27.04679802478647,-27.04679802478647,-27.04679802478647,-27.04679802478647,-27.04679802478647,-27.04679802478647,0.0,0.0,0.0,465.0420105683393
7981,1993-09-20,492.06965606422136,422.36454617666936,505.6815315764742,492.06965606422136,492.06965606422136,-26.958944259860647,-26.958944259860647,-26.958944259860647,-26.958944259860647,-26.958944259860647,-26.958944259860647,0.0,0.0,0.0,465.11071180436073
7982,1993-09-21,492.0632718879198,425.3553418351045,506.2158971966425,492.0632718879198,492.0632718879198,-26.931013918475816,-26.931013918475816,-26.931013918475816,-26.931013918475816,-26.931013918475816,-26.931013918475816,0.0,0.0,0.0,465.132257969444
7983,1993-09-22,492.0568877116183,425.6452743094683,506.64091668997594,492.0568877116183,492.0568877116183,-26.903758377850707,-26.903758377850707,-26.903758377850707,-26.903758377850707,-26.903758377850707,-26.903758377850707,0.0,0.0,0.0,465.1531293337676
7984,1993-09-23,492.05050353531675,424.8545005392829,508.6614992238718,492.05050353531675,492.05050353531675,-26.877176219414668,-26.877176219414668,-26.877176219414668,-26.877176219414668,-26.877176219414668,-26.877176219414668,0.0,0.0,0.0,465.1733273159021
7985,1993-09-24,492.04411935901527,427.1093565204799,508.2211908442341,492.04411935901527,492.04411935901527,-26.851266008037427,-26.851266008037427,-26.851266008037427,-26.851266008037427,-26.851266008037427,-26.851266008037427,0.0,0.0,0.0,465.1928533509778
7986,1993-09-27,492.02496683011066,424.23672051752044,505.80654110223514,492.02496683011066,492.02496683011066,-26.777552457686493,-26.777552457686493,-26.777552457686493,-26.777552457686493,-26.777552457686493,-26.777552457686493,0.0,0.0,0.0,465.24741437242415
7987,1993-09-28,492.0185826538092,421.5290626721163,505.58774824145297,492.0185826538092,492.0185826538092,-26.75431535392903,-26.75431535392903,-26.75431535392903,-26.75431535392903,-26.75431535392903,-26.75431535392903,0.0,0.0,0.0,465.26426729988015
7988,1993-09-29,492.01219847750764,423.2132440784761,505.57663067228475,492.01219847750764,492.01219847750764,-26.731742775070586,-26.731742775070586,-26.731742775070586,-26.731742775070586,-26.731742775070586,-26.731742775070586,0.0,0.0,0.0,465.28045570243705
7989,1993-09-30,492.0058143012061,422.76257819510556,508.28901047175145,492.0058143012061,492.0058143012061,-26.709833187761326,-26.709833187761326,-26.709833187761326,-26.709833187761326,-26.709833187761326,-26.709833187761326,0.0,0.0,0.0,465.2959811134448
7990,1993-10-01,491.9994301249047,426.67481404949757,507.7917412741156,491.9994301249047,491.9994301249047,-26.688585042475122,-26.688585042475122,-26.688585042475122,-26.688585042475122,-26.688585042475122,-26.688585042475122,0.0,0.0,0.0,465.3108450824296
7991,1993-10-04,491.9802775960001,423.0174500503384,506.24661228375635,491.9802775960001,491.9802775960001,-26.628793522049836,-26.628793522049836,-26.628793522049836,-26.628793522049836,-26.628793522049836,-26.628793522049836,0.0,0.0,0.0,465.3514840739503
7992,1993-10-05,491.9738934196986,423.5032501103125,506.62694959759216,491.9738934196986,491.9738934196986,-26.61017532807164,-26.61017532807164,-26.61017532807164,-26.61017532807164,-26.61017532807164,-26.61017532807164,0.0,0.0,0.0,465.36371809162694
7993,1993-10-06,491.96750924339705,423.715320415356,506.6261109877981,491.96750924339705,491.96750924339705,-26.592210587848392,-26.592210587848392,-26.592210587848392,-26.592210587848392,-26.592210587848392,-26.592210587848392,0.0,0.0,0.0,465.37529865554865
7994,1993-10-07,491.96112506709557,426.98831707530655,509.16966693232496,491.96112506709557,491.96112506709557,-26.574897656005884,-26.574897656005884,-26.574897656005884,-26.574897656005884,-26.574897656005884,-26.574897656005884,0.0,0.0,0.0,465.3862274110897
7995,1993-10-08,491.954740890794,422.9098649772849,507.46419716123967,491.954740890794,491.954740890794,-26.558234871400497,-26.558234871400497,-26.558234871400497,-26.558234871400497,-26.558234871400497,-26.558234871400497,0.0,0.0,0.0,465.39650601939354
7996,1993-10-11,491.93558836188953,424.94390854428815,505.59990752146086,491.9355883618896,491.9355883618896,-26.512130554297762,-26.512130554297762,-26.512130554297762,-26.512130554297762,-26.512130554297762,-26.512130554297762,0.0,0.0,0.0,465.4234578075918
7997,1993-10-12,491.92920418558805,425.4623949051887,509.81846000369467,491.92920418558805,491.92920418558805,-26.498051433931888,-26.498051433931888,-26.498051433931888,-26.498051433931888,-26.498051433931888,-26.498051433931888,0.0,0.0,0.0,465.43115275165616
7998,1993-10-13,491.9228200092865,424.7251141113776,508.3132617840596,491.9228200092865,491.9228200092865,-26.48461392066362,-26.48461392066362,-26.48461392066362,-26.48461392066362,-26.48461392066362,-26.48461392066362,0.0,0.0,0.0,465.4382060886229
7999,1993-10-14,491.916435832985,423.80701229297375,507.5165449635772,491.91643583298503,491.91643583298503,-26.471816260009984,-26.471816260009984,-26.471816260009984,-26.471816260009984,-26.471816260009984,-26.471816260009984,0.0,0.0,0.0,465.444619572975
8000,1993-10-15,491.91005165668344,425.516839317842,509.2717644455835,491.91005165668344,491.91005165668344,-26.45965668214838,-26.45965668214838,-26.45965668214838,-26.45965668214838,-26.45965668214838,-26.45965668214838,0.0,0.0,0.0,465.4503949745351
8001,1993-10-18,491.8908991277789,424.03177023310246,504.6344149787262,491.8908991277789,491.8908991277789,-26.42698851831944,-26.42698851831944,-26.42698851831944,-26.42698851831944,-26.42698851831944,-26.42698851831944,0.0,0.0,0.0,465.46391060945945
8002,1993-10-19,491.8845149514774,425.15717991018334,508.44406519140216,491.8845149514774,491.8845149514774,-26.417363268820736,-26.417363268820736,-26.417363268820736,-26.417363268820736,-26.417363268820736,-26.417363268820736,0.0,0.0,0.0,465.46715168265666
8003,1993-10-20,491.87813077517586,422.1945460420017,506.8224464254375,491.8781307751759,491.8781307751759,-26.408367025127884,-26.408367025127884,-26.408367025127884,-26.408367025127884,-26.408367025127884,-26.408367025127884,0.0,0.0,0.0,465.469763750048
8004,1993-10-21,491.8717465988743,423.6284927752371,505.5509699647684,491.8717465988743,491.8717465988743,-26.399997926720054,-26.399997926720054,-26.399997926720054,-26.399997926720054,-26.399997926720054,-26.399997926720054,0.0,0.0,0.0,465.47174867215426
8005,1993-10-22,491.8653624225729,422.477356493951,507.85757843125805,491.8653624225729,491.8653624225729,-26.392254098187763,-26.392254098187763,-26.392254098187763,-26.392254098187763,-26.392254098187763,-26.392254098187763,0.0,0.0,0.0,465.4731083243851
8006,1993-10-25,491.84620989366834,427.404310784184,510.6694239923519,491.84620989366834,491.84620989366834,-26.37275525580755,-26.37275525580755,-26.37275525580755,-26.37275525580755,-26.37275525580755,-26.37275525580755,0.0,0.0,0.0,465.4734546378608
8007,1993-10-26,491.8398257173668,422.76851918200356,509.7841408334572,491.8398257173668,491.8398257173668,-26.367493457228466,-26.367493457228466,-26.367493457228466,-26.367493457228466,-26.367493457228466,-26.367493457228466,0.0,0.0,0.0,465.47233226013833
8008,1993-10-27,491.83344154106527,424.63086519852027,506.08841751504485,491.83344154106527,491.83344154106527,-26.362847330473762,-26.362847330473762,-26.362847330473762,-26.362847330473762,-26.362847330473762,-26.362847330473762,0.0,0.0,0.0,465.4705942105915
8009,1993-10-28,491.8270573647638,426.8599953615585,505.9210641103565,491.8270573647638,491.8270573647638,-26.358814912204604,-26.358814912204604,-26.358814912204604,-26.358814912204604,-26.358814912204604,-26.358814912204604,0.0,0.0,0.0,465.4682424525592
8010,1993-10-29,491.82067318846225,425.36230668849794,507.0424255622654,491.82067318846225,491.82067318846225,-26.355394224664476,-26.355394224664476,-26.355394224664476,-26.355394224664476,-26.355394224664476,-26.355394224664476,0.0,0.0,0.0,465.4652789637978
8011,1993-11-01,491.80152065955775,425.80539527647403,511.4673893826116,491.80152065955775,491.80152065955775,-26.34878255405096,-26.34878255405096,-26.34878255405096,-26.34878255405096,-26.34878255405096,-26.34878255405096,0.0,0.0,0.0,465.4527381055068
8012,1993-11-02,491.7951364832562,423.61368964828995,506.55452932347873,491.7951364832562,491.7951364832562,-26.34778872594547,-26.34778872594547,-26.34778872594547,-26.34778872594547,-26.34778872594547,-26.34778872594547,0.0,0.0,0.0,465.44734775731075
8013,1993-11-03,491.78875230695473,423.873391430345,507.05367639492215,491.78875230695473,491.78875230695473,-26.347396525960043,-26.347396525960043,-26.347396525960043,-26.347396525960043,-26.347396525960043,-26.347396525960043,0.0,0.0,0.0,465.4413557809947
8014,1993-11-04,491.7823681306532,424.78028002793803,505.86827990178307,491.7823681306532,491.7823681306532,-26.34760389129858,-26.34760389129858,-26.34760389129858,-26.34760389129858,-26.34760389129858,-26.34760389129858,0.0,0.0,0.0,465.4347642393546
8015,1993-11-05,491.77598395435166,427.2836206143528,507.29887161662435,491.77598395435166,491.77598395435166,-26.34840874523983,-26.34840874523983,-26.34840874523983,-26.34840874523983,-26.34840874523983,-26.34840874523983,0.0,0.0,0.0,465.4275752091118
8016,1993-11-08,491.7568314254471,424.1707306928818,503.84929375050876,491.7568314254471,491.7568314254471,-26.354387264086395,-26.354387264086395,-26.354387264086395,-26.354387264086395,-26.354387264086395,-26.354387264086395,0.0,0.0,0.0,465.40244416136073
8017,1993-11-09,491.75044724914557,424.55893188326297,509.09138891663525,491.75044724914557,491.75044724914557,-26.357561029227245,-26.357561029227245,-26.357561029227245,-26.357561029227245,-26.357561029227245,-26.357561029227245,0.0,0.0,0.0,465.3928862199183
8018,1993-11-10,491.7440630728441,424.6113590686105,503.50566538860437,491.7440630728441,491.7440630728441,-26.361321693002022,-26.361321693002022,-26.361321693002022,-26.361321693002022,-26.361321693002022,-26.361321693002022,0.0,0.0,0.0,465.38274137984206
8019,1993-11-11,491.73767889654255,420.891636860381,507.13752210856205,491.73767889654255,491.73767889654255,-26.36566709665506,-26.36566709665506,-26.36566709665506,-26.36566709665506,-26.36566709665506,-26.36566709665506,0.0,0.0,0.0,465.3720117998875
8020,1993-11-12,491.731294720241,423.34120897641674,507.58744506785087,491.731294720241,491.731294720241,-26.37059506801552,-26.37059506801552,-26.37059506801552,-26.37059506801552,-26.37059506801552,-26.37059506801552,0.0,0.0,0.0,465.3606996522255
8021,1993-11-15,491.71214219133657,425.5135603023191,505.32952138791643,491.71214219133657,491.71214219133657,-26.388852466962927,-26.388852466962927,-26.388852466962927,-26.388852466962927,-26.388852466962927,-26.388852466962927,0.0,0.0,0.0,465.32328972437364
8022,1993-11-16,491.70575801503503,424.636238342298,508.43967791390054,491.70575801503503,491.70575801503503,-26.39608872174383,-26.39608872174383,-26.39608872174383,-26.39608872174383,-26.39608872174383,-26.39608872174383,0.0,0.0,0.0,465.3096692932912
8023,1993-11-17,491.6993738387335,423.50644581664335,507.8816420636067,491.6993738387335,491.6993738387335,-26.403896484760455,-26.403896484760455,-26.403896484760455,-26.403896484760455,-26.403896484760455,-26.403896484760455,0.0,0.0,0.0,465.295477353973
8024,1993-11-18,491.69298966243196,428.00119162437113,508.9577061667349,491.69298966243196,491.69298966243196,-26.41227350492346,-26.41227350492346,-26.41227350492346,-26.41227350492346,-26.41227350492346,-26.41227350492346,0.0,0.0,0.0,465.2807161575085
8025,1993-11-19,491.6866054861305,421.851631603,509.18204005560494,491.6866054861305,491.6866054861305,-26.421217518255848,-26.421217518255848,-26.421217518255848,-26.421217518255848,-26.421217518255848,-26.421217518255848,0.0,0.0,0.0,465.26538796787463
8026,1993-11-22,491.667452957226,423.6218345106843,501.8521934146409,491.667452957226,491.667452957226,-26.451428685804416,-26.451428685804416,-26.451428685804416,-26.451428685804416,-26.451428685804416,-26.451428685804416,0.0,0.0,0.0,465.2160242714216
8027,1993-11-23,491.6610687809244,423.8801450467104,507.7895498179675,491.6610687809244,491.6610687809244,-26.462617776992904,-26.462617776992904,-26.462617776992904,-26.462617776992904,-26.462617776992904,-26.462617776992904,0.0,0.0,0.0,465.1984510039315
8028,1993-11-24,491.65468460462296,424.0088759201651,508.21358959670266,491.65468460462296,491.65468460462296,-26.474362350855728,-26.474362350855728,-26.474362350855728,-26.474362350855728,-26.474362350855728,-26.474362350855728,0.0,0.0,0.0,465.18032225376726
8029,1993-11-26,491.6419162520199,424.92010165623856,509.40499248477397,491.6419162520199,491.6419162520199,-26.499508575557094,-26.499508575557094,-26.499508575557094,-26.499508575557094,-26.499508575557094,-26.499508575557094,0.0,0.0,0.0,465.14240767646277
8030,1993-11-29,491.6227637231153,426.8390719790626,507.070381551943,491.6227637231153,491.6227637231153,-26.541335141292176,-26.541335141292176,-26.541335141292176,-26.541335141292176,-26.541335141292176,-26.541335141292176,0.0,0.0,0.0,465.08142858182316
8031,1993-11-30,491.6163795468138,423.01056294220274,507.84443385040373,491.6163795468138,491.6163795468138,-26.55636304878733,-26.55636304878733,-26.55636304878733,-26.55636304878733,-26.55636304878733,-26.55636304878733,0.0,0.0,0.0,465.06001649802647
8032,1993-12-01,491.60999537051225,421.84040410896125,507.2689620621043,491.60999537051225,491.60999537051225,-26.571929804809994,-26.571929804809994,-26.571929804809994,-26.571929804809994,-26.571929804809994,-26.571929804809994,0.0,0.0,0.0,465.03806556570225
8033,1993-12-02,491.60361119421077,426.45777356440743,510.74105766549724,491.60361119421077,491.60361119421077,-26.58803298495914,-26.58803298495914,-26.58803298495914,-26.58803298495914,-26.58803298495914,-26.58803298495914,0.0,0.0,0.0,465.01557820925166
8034,1993-12-03,491.59722701790923,420.4428252325783,506.1198461149508,491.59722701790923,491.59722701790923,-26.604670153051245,-26.604670153051245,-26.604670153051245,-26.604670153051245,-26.604670153051245,-26.604670153051245,0.0,0.0,0.0,464.992556864858
8035,1993-12-06,491.57807448900473,427.7190347952175,508.1887328940358,491.57807448900473,491.57807448900473,-26.657761048131565,-26.657761048131565,-26.657761048131565,-26.657761048131565,-26.657761048131565,-26.657761048131565,0.0,0.0,0.0,464.92031344087314
8036,1993-12-07,491.57169031270325,424.54390252900953,505.24188061140626,491.57169031270325,491.57169031270325,-26.676509573373924,-26.676509573373924,-26.676509573373924,-26.676509573373924,-26.676509573373924,-26.676509573373924,0.0,0.0,0.0,464.8951807393293
8037,1993-12-08,491.5653061364017,421.67924708169375,507.88077767843384,491.5653061364017,491.5653061364017,-26.695779731767903,-26.695779731767903,-26.695779731767903,-26.695779731767903,-26.695779731767903,-26.695779731767903,0.0,0.0,0.0,464.8695264046338
8038,1993-12-09,491.5589219601002,423.40470288609293,504.2930289038511,491.5589219601002,491.5589219601002,-26.715569018155907,-26.715569018155907,-26.715569018155907,-26.715569018155907,-26.715569018155907,-26.715569018155907,0.0,0.0,0.0,464.84335294194426
8039,1993-12-10,491.55253778379864,421.7165392427252,504.96570139474727,491.55253778379864,491.55253778379864,-26.735874916173486,-26.735874916173486,-26.735874916173486,-26.735874916173486,-26.735874916173486,-26.735874916173486,0.0,0.0,0.0,464.81666286762515
8040,1993-12-13,491.5333852548941,421.3045656062368,510.14557553460725,491.5333852548941,491.5333852548941,-26.79986695000478,-26.79986695000478,-26.79986695000478,-26.79986695000478,-26.79986695000478,-26.79986695000478,0.0,0.0,0.0,464.7335183048893
8041,1993-12-14,491.52700107859255,422.98216866610227,506.85907142092645,491.52700107859255,491.52700107859255,-26.822213909678858,-26.822213909678858,-26.822213909678858,-26.822213909678858,-26.822213909678858,-26.822213909678858,0.0,0.0,0.0,464.7047871689137
8042,1993-12-15,491.5206169022911,422.82324198454205,508.0431242169915,491.52061690229107,491.52061690229107,-26.845064733982216,-26.845064733982216,-26.845064733982216,-26.845064733982216,-26.845064733982216,-26.845064733982216,0.0,0.0,0.0,464.6755521683089
8043,1993-12-16,491.51423272598964,419.6282078484188,502.04768119856953,491.51423272598964,491.51423272598964,-26.86841684106868,-26.86841684106868,-26.86841684106868,-26.86841684106868,-26.86841684106868,-26.86841684106868,0.0,0.0,0.0,464.645815884921
8044,1993-12-17,491.5078485496881,422.21195098273233,506.54674984909803,491.5078485496881,491.5078485496881,-26.892267638473776,-26.892267638473776,-26.892267638473776,-26.892267638473776,-26.892267638473776,-26.892267638473776,0.0,0.0,0.0,464.61558091121435
8045,1993-12-20,491.48869602078355,422.38383286654664,507.08935259817497,491.48869602078355,491.48869602078355,-26.966786090477175,-26.966786090477175,-26.966786090477175,-26.966786090477175,-26.966786090477175,-26.966786090477175,0.0,0.0,0.0,464.5219099303064
8046,1993-12-21,491.482311844482,423.1880353231022,506.4703891286729,491.48231184448207,491.48231184448207,-26.9926055151389,-26.9926055151389,-26.9926055151389,-26.9926055151389,-26.9926055151389,-26.9926055151389,0.0,0.0,0.0,464.4897063293431
8047,1993-12-22,491.4759276681805,425.5131033304495,504.6233443521379,491.4759276681805,491.4759276681805,-27.018910511516896,-27.018910511516896,-27.018910511516896,-27.018910511516896,-27.018910511516896,-27.018910511516896,0.0,0.0,0.0,464.4570171566636
8048,1993-12-23,491.46954349187894,420.43519504597725,505.0676020131516,491.46954349187894,491.46954349187894,-27.045698425235745,-27.045698425235745,-27.045698425235745,-27.045698425235745,-27.045698425235745,-27.045698425235745,0.0,0.0,0.0,464.4238450666432
8049,1993-12-27,491.4440067866729,419.36387864076204,504.0985908522074,491.44400678667296,491.44400678667296,-27.157625817259564,-27.157625817259564,-27.157625817259564,-27.157625817259564,-27.157625817259564,-27.157625817259564,0.0,0.0,0.0,464.28638096941336
8050,1993-12-28,491.4376226103714,424.00550779938834,504.2811505775361,491.4376226103714,491.4376226103714,-27.18678815451664,-27.18678815451664,-27.18678815451664,-27.18678815451664,-27.18678815451664,-27.18678815451664,0.0,0.0,0.0,464.2508344558548
8051,1993-12-29,491.43123843406994,422.020503253431,502.94042397657734,491.43123843406994,491.43123843406994,-27.21641727556118,-27.21641727556118,-27.21641727556118,-27.21641727556118,-27.21641727556118,-27.21641727556118,0.0,0.0,0.0,464.21482115850876
8052,1993-12-30,491.4248542577684,423.12655842848045,506.23651882900856,491.4248542577684,491.4248542577684,-27.246510457732878,-27.246510457732878,-27.246510457732878,-27.246510457732878,-27.246510457732878,-27.246510457732878,0.0,0.0,0.0,464.1783438000355
8053,1993-12-31,491.41847008146686,423.16531831379496,502.9099280242718,491.41847008146686,491.41847008146686,-27.277064968968016,-27.277064968968016,-27.277064968968016,-27.277064968968016,-27.277064968968016,-27.277064968968016,0.0,0.0,0.0,464.14140511249883
8054,1994-01-03,491.3993175525623,423.2936540104562,503.2790950382061,491.3993175525623,491.3993175525623,-27.371469017210185,-27.371469017210185,-27.371469017210185,-27.371469017210185,-27.371469017210185,-27.371469017210185,0.0,0.0,0.0,464.0278485353521
8055,1994-01-04,491.39293337626077,423.91862973369456,503.46368062121866,491.39293337626077,491.39293337626077,-27.4038413390757,-27.4038413390757,-27.4038413390757,-27.4038413390757,-27.4038413390757,-27.4038413390757,0.0,0.0,0.0,463.98909203718506
8056,1994-01-05,491.38654919995935,422.8600677605603,510.168272382895,491.38654919995935,491.38654919995935,-27.43666119172478,-27.43666119172478,-27.43666119172478,-27.43666119172478,-27.43666119172478,-27.43666119172478,0.0,0.0,0.0,463.94988800823455
8057,1994-01-06,491.3801650236578,421.94257334929256,507.49485859755964,491.3801650236578,491.3801650236578,-27.46992578853294,-27.46992578853294,-27.46992578853294,-27.46992578853294,-27.46992578853294,-27.46992578853294,0.0,0.0,0.0,463.9102392351249
8058,1994-01-07,491.37378084735633,422.0053067953899,503.7041217463755,491.37378084735633,491.37378084735633,-27.503632334093986,-27.503632334093986,-27.503632334093986,-27.503632334093986,-27.503632334093986,-27.503632334093986,0.0,0.0,0.0,463.87014851326234
8059,1994-01-10,491.3546283184517,425.8683339814614,505.2153126179755,491.3546283184517,491.3546283184517,-27.60737557940689,-27.60737557940689,-27.60737557940689,-27.60737557940689,-27.60737557940689,-27.60737557940689,0.0,0.0,0.0,463.7472527390448
8060,1994-01-11,491.34824414215024,421.59646836242825,506.021385907363,491.34824414215024,491.34824414215024,-27.64282179344542,-27.64282179344542,-27.64282179344542,-27.64282179344542,-27.64282179344542,-27.64282179344542,0.0,0.0,0.0,463.7054223487048
8061,1994-01-12,491.3418599658487,422.12372603642723,504.7943321097238,491.3418599658487,491.3418599658487,-27.678695850639432,-27.678695850639432,-27.678695850639432,-27.678695850639432,-27.678695850639432,-27.678695850639432,0.0,0.0,0.0,463.66316411520927
8062,1994-01-13,491.33547578954716,422.4410506438848,501.4760748422224,491.33547578954716,491.33547578954716,-27.71499490478828,-27.71499490478828,-27.71499490478828,-27.71499490478828,-27.71499490478828,-27.71499490478828,0.0,0.0,0.0,463.6204808847589
8063,1994-01-14,491.3290916132457,421.24713583153044,504.86150239285274,491.3290916132457,491.3290916132457,-27.751716101541348,-27.751716101541348,-27.751716101541348,-27.751716101541348,-27.751716101541348,-27.751716101541348,0.0,0.0,0.0,463.5773755117043
8064,1994-01-17,491.30993908434107,421.9331056900913,504.63680127795885,491.30993908434107,491.30993908434107,-27.864383883603775,-27.864383883603775,-27.864383883603775,-27.864383883603775,-27.864383883603775,-27.864383883603775,0.0,0.0,0.0,463.4455552007373
8065,1994-01-18,491.30355490803964,422.1718604678339,504.5656206753923,491.30355490803964,491.30355490803964,-27.902764947481526,-27.902764947481526,-27.902764947481526,-27.902764947481526,-27.902764947481526,-27.902764947481526,0.0,0.0,0.0,463.40078996055814
8066,1994-01-19,491.2971707317381,423.4828878016548,502.45095474342133,491.2971707317381,491.2971707317381,-27.941553763167512,-27.941553763167512,-27.941553763167512,-27.941553763167512,-27.941553763167512,-27.941553763167512,0.0,0.0,0.0,463.3556169685706
8067,1994-01-20,491.2907865554366,426.3334596560939,504.522734538521,491.2907865554366,491.2907865554366,-27.980747429333952,-27.980747429333952,-27.980747429333952,-27.980747429333952,-27.980747429333952,-27.980747429333952,0.0,0.0,0.0,463.31003912610265
8068,1994-01-21,491.2844023791351,424.7182514838102,503.5895344371266,491.2844023791351,491.2844023791351,-28.020343037143057,-28.020343037143057,-28.020343037143057,-28.020343037143057,-28.020343037143057,-28.020343037143057,0.0,0.0,0.0,463.26405934199204
8069,1994-01-24,491.26524985023053,418.35033153266147,504.05159258478545,491.26524985023053,491.26524985023053,-28.141512311352795,-28.141512311352795,-28.141512311352795,-28.141512311352795,-28.141512311352795,-28.141512311352795,0.0,0.0,0.0,463.1237375388777
8070,1994-01-25,491.258865673929,421.6950343372853,503.9278012138307,491.258865673929,491.258865673929,-28.182686450403533,-28.182686450403533,-28.182686450403533,-28.182686450403533,-28.182686450403533,-28.182686450403533,0.0,0.0,0.0,463.07617922352546
8071,1994-01-26,491.25248149762746,422.69175419607075,504.67431626266085,491.25248149762746,491.25248149762746,-28.22424787750069,-28.22424787750069,-28.22424787750069,-28.22424787750069,-28.22424787750069,-28.22424787750069,0.0,0.0,0.0,463.02823362012674
8072,1994-01-27,491.246097321326,422.79804407115734,504.64345243893456,491.246097321326,491.246097321326,-28.266193640689927,-28.266193640689927,-28.266193640689927,-28.266193640689927,-28.266193640689927,-28.266193640689927,0.0,0.0,0.0,462.979903680636
8073,1994-01-28,491.2397131450245,421.4251619336625,502.88768154007414,491.2397131450245,491.2397131450245,-28.308520781154755,-28.308520781154755,-28.308520781154755,-28.308520781154755,-28.308520781154755,-28.308520781154755,0.0,0.0,0.0,462.93119236386974
8074,1994-01-31,491.22056061611994,422.48140870698603,509.9800934352322,491.22056061611994,491.22056061611994,-28.43776077705775,-28.43776077705775,-28.43776077705775,-28.43776077705775,-28.43776077705775,-28.43776077705775,0.0,0.0,0.0,462.7827998390622
8075,1994-02-01,491.21417643981846,420.4500403167333,508.89399136708033,491.21417643981846,491.21417643981846,-28.481583704471202,-28.481583704471202,-28.481583704471202,-28.481583704471202,-28.481583704471202,-28.481583704471202,0.0,0.0,0.0,462.7325927353473
8076,1994-02-02,491.2077922635169,419.6228546360852,504.99622002040275,491.2077922635169,491.2077922635169,-28.525773115400877,-28.525773115400877,-28.525773115400877,-28.525773115400877,-28.525773115400877,-28.525773115400877,0.0,0.0,0.0,462.68201914811607
8077,1994-02-03,491.2014080872154,419.8868893454019,502.99148367808425,491.2014080872154,491.2014080872154,-28.570326011811712,-28.570326011811712,-28.570326011811712,-28.570326011811712,-28.570326011811712,-28.570326011811712,0.0,0.0,0.0,462.6310820754037
8078,1994-02-04,491.19502391091385,423.75999628217835,505.12681380879064,491.19502391091385,491.19502391091385,-28.61523938946008,-28.61523938946008,-28.61523938946008,-28.61523938946008,-28.61523938946008,-28.61523938946008,0.0,0.0,0.0,462.57978452145375
8079,1994-02-07,491.1758713820093,420.05876500109656,503.35973372077194,491.1758713820093,491.1758713820093,-28.752112276207587,-28.752112276207587,-28.752112276207587,-28.752112276207587,-28.752112276207587,-28.752112276207587,0.0,0.0,0.0,462.4237591058017
8080,1994-02-08,491.16948720570775,420.1379320680307,504.3682977364807,491.16948720570775,491.16948720570775,-28.798437415447342,-28.798437415447342,-28.798437415447342,-28.798437415447342,-28.798437415447342,-28.798437415447342,0.0,0.0,0.0,462.37104979026043
8081,1994-02-09,491.1631030294063,418.6856653839198,501.70501739916614,491.1631030294063,491.1631030294063,-28.845107924838253,-28.845107924838253,-28.845107924838253,-28.845107924838253,-28.845107924838253,-28.845107924838253,0.0,0.0,0.0,462.317995104568
8082,1994-02-10,491.15671885310485,420.49136641281734,504.379564379501,491.15671885310485,491.15671885310485,-28.892120764846435,-28.892120764846435,-28.892120764846435,-28.892120764846435,-28.892120764846435,-28.892120764846435,0.0,0.0,0.0,462.2645980882584
8083,1994-02-11,491.1503346768033,420.52331318117575,504.21159581263976,491.1503346768033,491.1503346768033,-28.939472890386703,-28.939472890386703,-28.939472890386703,-28.939472890386703,-28.939472890386703,-28.939472890386703,0.0,0.0,0.0,462.2108617864166
8084,1994-02-14,491.13118214789876,420.73352322770864,503.99612859553633,491.13118214789876,491.13118214789876,-29.083534448031067,-29.083534448031067,-29.083534448031067,-29.083534448031067,-29.083534448031067,-29.083534448031067,0.0,0.0,0.0,462.0476476998677
8085,1994-02-15,491.1247979715972,420.6913955580156,505.88418440484594,491.1247979715972,491.1247979715972,-29.132213157087506,-29.132213157087506,-29.132213157087506,-29.132213157087506,-29.132213157087506,-29.132213157087506,0.0,0.0,0.0,461.9925848145097
8086,1994-02-16,491.1184137952957,419.6870612153986,503.166510797329,491.1184137952957,491.1184137952957,-29.181215846257167,-29.181215846257167,-29.181215846257167,-29.181215846257167,-29.181215846257167,-29.181215846257167,0.0,0.0,0.0,461.93719794903853
8087,1994-02-17,491.11202961899414,420.55438127825283,504.60933971438027,491.11202961899414,491.11202961899414,-29.230539439117848,-29.230539439117848,-29.230539439117848,-29.230539439117848,-29.230539439117848,-29.230539439117848,0.0,0.0,0.0,461.8814901798763
8088,1994-02-18,491.10564544269266,421.3184637744331,505.4906223534915,491.10564544269266,491.10564544269266,-29.280180854356622,-29.280180854356622,-29.280180854356622,-29.280180854356622,-29.280180854356622,-29.280180854356622,0.0,0.0,0.0,461.82546458833605
8089,1994-02-22,491.0801087374866,419.30182178189085,502.7822681169573,491.0801087374866,491.0801087374866,-29.481862946889176,-29.481862946889176,-29.481862946889176,-29.481862946889176,-29.481862946889176,-29.481862946889176,0.0,0.0,0.0,461.59824579059745
8090,1994-02-23,491.07372456118514,421.53872387440697,504.2226086555203,491.07372456118514,491.07372456118514,-29.533047089709843,-29.533047089709843,-29.533047089709843,-29.533047089709843,-29.533047089709843,-29.533047089709843,0.0,0.0,0.0,461.5406774714753
8091,1994-02-24,491.0673403848836,420.71794232468744,499.59259509655584,491.06734038488355,491.06734038488355,-29.584530469589385,-29.584530469589385,-29.584530469589385,-29.584530469589385,-29.584530469589385,-29.584530469589385,0.0,0.0,0.0,461.48280991529424
8092,1994-02-25,491.06095620858207,415.26458221447365,501.17449444002705,491.06095620858207,491.06095620858207,-29.636309973619465,-29.636309973619465,-29.636309973619465,-29.636309973619465,-29.636309973619465,-29.636309973619465,0.0,0.0,0.0,461.4246462349626
8093,1994-02-28,491.0418036796775,421.91834974206,503.92397129052335,491.0418036796775,491.0418036796775,-29.793394040071043,-29.793394040071043,-29.793394040071043,-29.793394040071043,-29.793394040071043,-29.793394040071043,0.0,0.0,0.0,461.24840963960645
8094,1994-03-01,491.035419503376,417.88842668717496,504.0864548254431,491.035419503376,491.035419503376,-29.84632683034149,-29.84632683034149,-29.84632683034149,-29.84632683034149,-29.84632683034149,-29.84632683034149,0.0,0.0,0.0,461.1890926730345
8095,1994-03-02,491.02903532707444,419.8658429399173,502.06987531963256,491.02903532707444,491.02903532707444,-29.899540120093604,-29.899540120093604,-29.899540120093604,-29.899540120093604,-29.899540120093604,-29.899540120093604,0.0,0.0,0.0,461.12949520698083
8096,1994-03-03,491.022651150773,421.39027348857337,502.55974468694626,491.022651150773,491.022651150773,-29.953030773032427,-29.953030773032427,-29.953030773032427,-29.953030773032427,-29.953030773032427,-29.953030773032427,0.0,0.0,0.0,461.0696203777406
8097,1994-03-04,491.01626697447153,417.87766000609884,501.1495802816847,491.01626697447153,491.01626697447153,-30.006795649297235,-30.006795649297235,-30.006795649297235,-30.006795649297235,-30.006795649297235,-30.006795649297235,0.0,0.0,0.0,461.0094713251743
8098,1994-03-07,490.9971144455669,419.150618384776,504.59427709502927,490.9971144455669,490.9971144455669,-30.169704167946723,-30.169704167946723,-30.169704167946723,-30.169704167946723,-30.169704167946723,-30.169704167946723,0.0,0.0,0.0,460.8274102776202
8099,1994-03-08,490.99073026926544,418.317088223525,501.56051800489297,490.99073026926544,490.99073026926544,-30.224534470913664,-30.224534470913664,-30.224534470913664,-30.224534470913664,-30.224534470913664,-30.224534470913664,0.0,0.0,0.0,460.76619579835176
8100,1994-03-09,490.9843460929639,415.10872154618727,501.4952506932968,490.9843460929639,490.9843460929639,-30.279623247736485,-30.279623247736485,-30.279623247736485,-30.279623247736485,-30.279623247736485,-30.279623247736485,0.0,0.0,0.0,460.7047228452274
8101,1994-03-10,490.97796191666237,421.386233607382,503.10385055558146,490.97796191666237,490.97796191666237,-30.33496733915119,-30.33496733915119,-30.33496733915119,-30.33496733915119,-30.33496733915119,-30.33496733915119,0.0,0.0,0.0,460.64299457751116
8102,1994-03-11,490.97157774036083,417.4511164054737,502.6819426643174,490.9715777403609,490.9715777403609,-30.39056358299259,-30.39056358299259,-30.39056358299259,-30.39056358299259,-30.39056358299259,-30.39056358299259,0.0,0.0,0.0,460.58101415736826
8103,1994-03-14,490.9524252114564,417.1968873667502,499.5716508964153,490.9524252114564,490.9524252114564,-30.558833565875382,-30.558833565875382,-30.558833565875382,-30.558833565875382,-30.558833565875382,-30.558833565875382,0.0,0.0,0.0,460.393591645581
8104,1994-03-15,490.94604103515485,417.9419716382927,504.41624382614464,490.94604103515485,490.94604103515485,-30.615406743038708,-30.615406743038708,-30.615406743038708,-30.615406743038708,-30.615406743038708,-30.615406743038708,0.0,0.0,0.0,460.33063429211614
8105,1994-03-16,490.9396568588533,422.2214491344492,505.1633346080915,490.9396568588533,490.9396568588533,-30.672216221583568,-30.672216221583568,-30.672216221583568,-30.672216221583568,-30.672216221583568,-30.672216221583568,0.0,0.0,0.0,460.2674406372697
8106,1994-03-17,490.93327268255183,416.7487466673159,502.3881754109448,490.93327268255183,490.93327268255183,-30.729258823920247,-30.729258823920247,-30.729258823920247,-30.729258823920247,-30.729258823920247,-30.729258823920247,0.0,0.0,0.0,460.2040138586316
8107,1994-03-18,490.9268885062503,419.2224374059208,503.6575995721481,490.9268885062503,490.9268885062503,-30.7865313702196,-30.7865313702196,-30.7865313702196,-30.7865313702196,-30.7865313702196,-30.7865313702196,0.0,0.0,0.0,460.1403571360307
8108,1994-03-21,490.90773597734574,418.5136444410451,498.73475198778044,490.90773597734574,490.90773597734574,-30.95969684299174,-30.95969684299174,-30.95969684299174,-30.95969684299174,-30.95969684299174,-30.95969684299174,0.0,0.0,0.0,459.948039134354
8109,1994-03-22,490.9013518010442,416.465040019109,499.3955074235469,490.9013518010442,490.9013518010442,-31.017857325364282,-31.017857325364282,-31.017857325364282,-31.017857325364282,-31.017857325364282,-31.017857325364282,0.0,0.0,0.0,459.8834944756799
8110,1994-03-23,490.89496762474266,419.4871562265994,499.7121756080958,490.89496762474266,490.89496762474266,-31.07623182226512,-31.07623182226512,-31.07623182226512,-31.07623182226512,-31.07623182226512,-31.07623182226512,0.0,0.0,0.0,459.81873580247753
8111,1994-03-24,490.8885834484412,419.7232216040076,502.0903759185408,490.8885834484412,490.8885834484412,-31.134817142409467,-31.134817142409467,-31.134817142409467,-31.134817142409467,-31.134817142409467,-31.134817142409467,0.0,0.0,0.0,459.7537663060317
8112,1994-03-25,490.88219927213964,418.14335078706273,499.34051360678836,490.88219927213964,490.88219927213964,-31.193610092934847,-31.193610092934847,-31.193610092934847,-31.193610092934847,-31.193610092934847,-31.193610092934847,0.0,0.0,0.0,459.68858917920477
8113,1994-03-28,490.86304674323515,418.0501869851531,505.38840143965683,490.86304674323515,490.86304674323515,-31.37120277643961,-31.37120277643961,-31.37120277643961,-31.37120277643961,-31.37120277643961,-31.37120277643961,0.0,0.0,0.0,459.49184396679556
8114,1994-03-29,490.8566625669336,418.589072046536,503.7440098582567,490.8566625669336,490.8566625669336,-31.43079429155311,-31.43079429155311,-31.43079429155311,-31.43079429155311,-31.43079429155311,-31.43079429155311,0.0,0.0,0.0,459.4258682753805
8115,1994-03-30,490.8502783906321,418.51848019140016,499.8083760325269,490.8502783906321,490.8502783906321,-31.490577452327997,-31.490577452327997,-31.490577452327997,-31.490577452327997,-31.490577452327997,-31.490577452327997,0.0,0.0,0.0,459.3597009383041
8116,1994-03-31,490.8438942143306,416.9986549694278,502.98179262932575,490.8438942143306,490.8438942143306,-31.550549058396868,-31.550549058396868,-31.550549058396868,-31.550549058396868,-31.550549058396868,-31.550549058396868,0.0,0.0,0.0,459.2933451559337
8117,1994-04-04,490.8183575091246,414.6626304623324,501.7867590108698,490.8183575091246,490.8183575091246,-31.792255897947737,-31.792255897947737,-31.792255897947737,-31.792255897947737,-31.792255897947737,-31.792255897947737,0.0,0.0,0.0,459.0261016111769
8118,1994-04-05,490.8119733328231,417.24896087629224,499.1976347978374,490.8119733328231,490.8119733328231,-31.85312169596292,-31.85312169596292,-31.85312169596292,-31.85312169596292,-31.85312169596292,-31.85312169596292,0.0,0.0,0.0,458.9588516368602
8119,1994-04-06,490.80558915652153,416.0209151162476,501.81449605430396,490.80558915652153,490.80558915652153,-31.914156720965096,-31.914156720965096,-31.914156720965096,-31.914156720965096,-31.914156720965096,-31.914156720965096,0.0,0.0,0.0,458.89143243555645
8120,1994-04-07,490.79920498022,418.8984702414326,495.41418336039385,490.79920498022,490.79920498022,-31.975357768088728,-31.975357768088728,-31.975357768088728,-31.975357768088728,-31.975357768088728,-31.975357768088728,0.0,0.0,0.0,458.8238472121313
8121,1994-04-08,490.7928208039185,418.16873794390995,499.5027445111643,490.7928208039185,490.7928208039185,-32.03672163219973,-32.03672163219973,-32.03672163219973,-32.03672163219973,-32.03672163219973,-32.03672163219973,0.0,0.0,0.0,458.7560991717188
8122,1994-04-11,490.77366827501396,418.17471770307566,499.9518079680241,490.77366827501396,490.77366827501396,-32.2217580729925,-32.2217580729925,-32.2217580729925,-32.2217580729925,-32.2217580729925,-32.2217580729925,0.0,0.0,0.0,458.5519102020215
8123,1994-04-12,490.7672840987124,413.9340951235845,500.6977259291752,490.7672840987124,490.7672840987124,-32.28374115153646,-32.28374115153646,-32.28374115153646,-32.28374115153646,-32.28374115153646,-32.28374115153646,0.0,0.0,0.0,458.483542947176
8124,1994-04-13,490.7608999224109,417.4300043453025,498.7482206670978,490.7608999224109,490.7608999224109,-32.34587102057971,-32.34587102057971,-32.34587102057971,-32.34587102057971,-32.34587102057971,-32.34587102057971,0.0,0.0,0.0,458.4150289018312
8125,1994-04-14,490.75451574610935,414.4922357170236,499.75507105971906,490.75451574610935,490.75451574610935,-32.40814447530873,-32.40814447530873,-32.40814447530873,-32.40814447530873,-32.40814447530873,-32.40814447530873,0.0,0.0,0.0,458.3463712708006
8126,1994-04-15,490.74813156980787,416.1954345279848,500.68287768401797,490.74813156980787,490.74813156980787,-32.470558311288244,-32.470558311288244,-32.470558311288244,-32.470558311288244,-32.470558311288244,-32.470558311288244,0.0,0.0,0.0,458.2775732585196
8127,1994-04-18,490.72897904090337,416.2645795918362,497.15523489456996,490.72897904090337,490.72897904090337,-32.65861006993933,-32.65861006993933,-32.65861006993933,-32.65861006993933,-32.65861006993933,-32.65861006993933,0.0,0.0,0.0,458.07036897096407
8128,1994-04-19,490.72259486460183,416.2488591870881,498.3921810227586,490.72259486460183,490.72259486460183,-32.72155339729847,-32.72155339729847,-32.72155339729847,-32.72155339729847,-32.72155339729847,-32.72155339729847,0.0,0.0,0.0,458.00104146730337
8129,1994-04-20,490.71621068830035,416.03167952005253,497.02500643334366,490.71621068830035,490.71621068830035,-32.78462109258428,-32.78462109258428,-32.78462109258428,-32.78462109258428,-32.78462109258428,-32.78462109258428,0.0,0.0,0.0,457.93158959571605
8130,1994-04-21,490.7098265119988,417.91209032845717,499.8814090444448,490.7098265119988,490.7098265119988,-32.84780995554439,-32.84780995554439,-32.84780995554439,-32.84780995554439,-32.84780995554439,-32.84780995554439,0.0,0.0,0.0,457.8620165564544
8131,1994-04-22,490.7034423356973,417.9614612604414,498.53790692294314,490.7034423356973,490.7034423356973,-32.91111678694308,-32.91111678694308,-32.91111678694308,-32.91111678694308,-32.91111678694308,-32.91111678694308,0.0,0.0,0.0,457.7923255487542
8132,1994-04-25,490.6842898067927,417.2320663495114,496.8515866194468,490.6842898067927,490.6842898067927,-33.10171311656598,-33.10171311656598,-33.10171311656598,-33.10171311656598,-33.10171311656598,-33.10171311656598,0.0,0.0,0.0,457.58257669022674
8133,1994-04-26,490.6779056304913,417.3906147065435,498.0121669901918,490.6779056304913,490.6779056304913,-33.165459852867876,-33.165459852867876,-33.165459852867876,-33.165459852867876,-33.165459852867876,-33.165459852867876,0.0,0.0,0.0,457.51244577762344
8134,1994-04-28,490.6651372778882,416.2878291571398,498.676859661425,490.6651372778882,490.6651372778882,-33.293256106285185,-33.293256106285185,-33.293256106285185,-33.293256106285185,-33.293256106285185,-33.293256106285185,0.0,0.0,0.0,457.37188117160304
8135,1994-04-29,490.65875310158674,415.8639538090423,497.5921901531092,490.65875310158674,490.65875310158674,-33.357299242582414,-33.357299242582414,-33.357299242582414,-33.357299242582414,-33.357299242582414,-33.357299242582414,0.0,0.0,0.0,457.3014538590043
8136,1994-05-02,490.6396005726821,413.8928471983779,498.74453866991263,490.6396005726821,490.6396005726821,-33.54997044143166,-33.54997044143166,-33.54997044143166,-33.54997044143166,-33.54997044143166,-33.54997044143166,0.0,0.0,0.0,457.0896301312505
8137,1994-05-03,490.63321639638065,413.18316942183156,498.6870741583821,490.6332163963806,490.6332163963806,-33.61436415745766,-33.61436415745766,-33.61436415745766,-33.61436415745766,-33.61436415745766,-33.61436415745766,0.0,0.0,0.0,457.018852238923
8138,1994-05-04,490.6268322200791,414.74774332832425,498.3116529049885,490.6268322200791,490.6268322200791,-33.67883756329356,-33.67883756329356,-33.67883756329356,-33.67883756329356,-33.67883756329356,-33.67883756329356,0.0,0.0,0.0,456.94799465678557
8139,1994-05-05,490.62044804377757,413.8161136194494,499.8979751160649,490.62044804377757,490.62044804377757,-33.743387481127904,-33.743387481127904,-33.743387481127904,-33.743387481127904,-33.743387481127904,-33.743387481127904,0.0,0.0,0.0,456.87706056264966
8140,1994-05-06,490.61406386747603,415.2189782464505,498.0279481588364,490.61406386747603,490.61406386747603,-33.80801073542031,-33.80801073542031,-33.80801073542031,-33.80801073542031,-33.80801073542031,-33.80801073542031,0.0,0.0,0.0,456.8060531320557
8141,1994-05-09,490.5949113385716,414.02800440558786,496.73881744860887,490.5949113385716,490.5949113385716,-34.00228879759593,-34.00228879759593,-34.00228879759593,-34.00228879759593,-34.00228879759593,-34.00228879759593,0.0,0.0,0.0,456.59262254097564
8142,1994-05-10,490.58852716227005,412.4598152568821,497.8300827527355,490.58852716227005,490.58852716227005,-34.06717369087045,-34.06717369087045,-34.06717369087045,-34.06717369087045,-34.06717369087045,-34.06717369087045,0.0,0.0,0.0,456.5213534713996
8143,1994-05-11,490.5821429859685,415.6763905760566,499.05961899322216,490.5821429859685,490.5821429859685,-34.13211608008362,-34.13211608008362,-34.13211608008362,-34.13211608008362,-34.13211608008362,-34.13211608008362,0.0,0.0,0.0,456.4500269058849
8144,1994-05-12,490.57575880966704,415.1446387632278,501.50042150883456,490.57575880966704,490.57575880966704,-34.19711280518283,-34.19711280518283,-34.19711280518283,-34.19711280518283,-34.19711280518283,-34.19711280518283,0.0,0.0,0.0,456.3786460044842
8145,1994-05-13,490.5693746333655,414.2907915055791,496.87573381907845,490.5693746333655,490.5693746333655,-34.262160709001435,-34.262160709001435,-34.262160709001435,-34.262160709001435,-34.262160709001435,-34.262160709001435,0.0,0.0,0.0,456.3072139243641
8146,1994-05-16,490.55022210446094,416.13382210721977,498.7099337006115,490.55022210446094,490.55022210446094,-34.4575799662419,-34.4575799662419,-34.4575799662419,-34.4575799662419,-34.4575799662419,-34.4575799662419,0.0,0.0,0.0,456.09264213821905
8147,1994-05-17,490.5438379281594,416.0262706461927,497.34385703363347,490.5438379281594,490.5438379281594,-34.522801074056524,-34.522801074056524,-34.522801074056524,-34.522801074056524,-34.522801074056524,-34.522801074056524,0.0,0.0,0.0,456.0210368541029
8148,1994-05-18,490.537453751858,414.1537637997023,496.45722329283853,490.537453751858,490.537453751858,-34.58805762110028,-34.58805762110028,-34.58805762110028,-34.58805762110028,-34.58805762110028,-34.58805762110028,0.0,0.0,0.0,455.9493961307577
8149,1994-05-19,490.53106957555644,413.61105673814734,496.6525172008264,490.53106957555644,490.53106957555644,-34.653346469347646,-34.653346469347646,-34.653346469347646,-34.653346469347646,-34.653346469347646,-34.653346469347646,0.0,0.0,0.0,455.8777231062088
8150,1994-05-20,490.5246853992549,412.2808248007631,493.95564537751255,490.5246853992549,490.5246853992549,-34.71866448426367,-34.71866448426367,-34.71866448426367,-34.71866448426367,-34.71866448426367,-34.71866448426367,0.0,0.0,0.0,455.8060209149912
8151,1994-05-23,490.50553287035035,417.4363386107301,497.73689812208437,490.50553287035035,490.50553287035035,-34.9147622378204,-34.9147622378204,-34.9147622378204,-34.9147622378204,-34.9147622378204,-34.9147622378204,0.0,0.0,0.0,455.59077063252994
8152,1994-05-24,490.4991486940488,412.9167637538053,494.907097717102,490.4991486940488,490.4991486940488,-34.98016564685333,-34.98016564685333,-34.98016564685333,-34.98016564685333,-34.98016564685333,-34.98016564685333,0.0,0.0,0.0,455.5189830471955
8153,1994-05-25,490.49276451774733,416.55670365631113,495.82382482400834,490.49276451774733,490.49276451774733,-35.04558260521723,-35.04558260521723,-35.04558260521723,-35.04558260521723,-35.04558260521723,-35.04558260521723,0.0,0.0,0.0,455.4471819125301
8154,1994-05-26,490.4863803414458,415.7916379466492,495.7534730411429,490.4863803414458,490.4863803414458,-35.11101000110439,-35.11101000110439,-35.11101000110439,-35.11101000110439,-35.11101000110439,-35.11101000110439,0.0,0.0,0.0,455.3753703403414
8155,1994-05-27,490.47999616514426,416.6285970799495,497.2480770515708,490.47999616514426,490.47999616514426,-35.176444726789946,-35.176444726789946,-35.176444726789946,-35.176444726789946,-35.176444726789946,-35.176444726789946,0.0,0.0,0.0,455.3035514383543
8156,1994-05-31,490.4544594599383,412.21665938382455,496.7097756572264,490.4544594599383,490.4544594599383,-35.43819492058995,-35.43819492058995,-35.43819492058995,-35.43819492058995,-35.43819492058995,-35.43819492058995,0.0,0.0,0.0,455.0162645393483
8157,1994-06-01,490.44807528363674,411.5261761068391,490.5826393335836,490.44807528363674,490.44807528363674,-35.50361982812912,-35.50361982812912,-35.50361982812912,-35.50361982812912,-35.50361982812912,-35.50361982812912,0.0,0.0,0.0,454.94445545550764
8158,1994-06-02,490.4416911073352,414.49212013834796,498.94420221440913,490.4416911073352,490.4416911073352,-35.56903350951884,-35.56903350951884,-35.56903350951884,-35.56903350951884,-35.56903350951884,-35.56903350951884,0.0,0.0,0.0,454.8726575978164
8159,1994-06-03,490.4353069310337,412.18608941999173,498.02035544958875,490.4353069310337,490.4353069310337,-35.63443288793938,-35.63443288793938,-35.63443288793938,-35.63443288793938,-35.63443288793938,-35.63443288793938,0.0,0.0,0.0,454.8008740430943
8160,1994-06-06,490.4161544021291,414.2050716456314,495.1823764636651,490.4161544021291,490.4161544021291,-35.830514508843265,-35.830514508843265,-35.830514508843265,-35.830514508843265,-35.830514508843265,-35.830514508843265,0.0,0.0,0.0,454.5856398932858
8161,1994-06-07,490.40977022582763,412.4118201502135,496.09473773892046,490.40977022582763,490.40977022582763,-35.895826003295866,-35.895826003295866,-35.895826003295866,-35.895826003295866,-35.895826003295866,-35.895826003295866,0.0,0.0,0.0,454.5139442225318
8162,1994-06-08,490.4033860495261,413.1706732116898,495.47582475606544,490.4033860495261,490.4033860495261,-35.961107883468685,-35.961107883468685,-35.961107883468685,-35.961107883468685,-35.961107883468685,-35.961107883468685,0.0,0.0,0.0,454.4422781660574
8163,1994-06-09,490.39700187322467,411.91357035776537,494.7362099149782,490.39700187322467,490.39700187322467,-36.026357102223095,-36.026357102223095,-36.026357102223095,-36.026357102223095,-36.026357102223095,-36.026357102223095,0.0,0.0,0.0,454.3706447710016
8164,1994-06-10,490.39061769692313,415.72377799357923,497.4843357197242,490.3906176969232,490.3906176969232,-36.09157061764897,-36.09157061764897,-36.09157061764897,-36.09157061764897,-36.09157061764897,-36.09157061764897,0.0,0.0,0.0,454.29904707927415
8165,1994-06-13,490.3714651680186,412.33658389813604,495.11413175059454,490.37146516801863,490.37146516801863,-36.28696660496055,-36.28696660496055,-36.28696660496055,-36.28696660496055,-36.28696660496055,-36.28696660496055,0.0,0.0,0.0,454.08449856305805
8166,1994-06-14,490.36508099171704,415.7214966457381,495.1172635069757,490.36508099171704,490.36508099171704,-36.35200699533232,-36.35200699533232,-36.35200699533232,-36.35200699533232,-36.35200699533232,-36.35200699533232,0.0,0.0,0.0,454.0130739963847
8167,1994-06-15,490.3586968154155,414.24378581386793,494.9463956721581,490.3586968154155,490.3586968154155,-36.41699655403659,-36.41699655403659,-36.41699655403659,-36.41699655403659,-36.41699655403659,-36.41699655403659,0.0,0.0,0.0,453.9417002613789
8168,1994-06-16,490.352312639114,413.1528195553114,497.64160401271954,490.3523126391141,490.3523126391141,-36.48193227220074,-36.48193227220074,-36.48193227220074,-36.48193227220074,-36.48193227220074,-36.48193227220074,0.0,0.0,0.0,453.8703803669133
8169,1994-06-17,490.3459284628125,413.55223431847736,494.87729695915334,490.3459284628125,490.3459284628125,-36.546811146730676,-36.546811146730676,-36.546811146730676,-36.546811146730676,-36.546811146730676,-36.546811146730676,0.0,0.0,0.0,453.79911731608183
8170,1994-06-20,490.3267759339079,412.7103783146251,495.70201878019435,490.3267759339079,490.3267759339079,-36.741076765931275,-36.741076765931275,-36.741076765931275,-36.741076765931275,-36.741076765931275,-36.741076765931275,0.0,0.0,0.0,453.58569916797666
8171,1994-06-21,490.3203917576065,410.1747614729924,497.5442183631214,490.3203917576065,490.3203917576065,-36.80569835332494,-36.80569835332494,-36.80569835332494,-36.80569835332494,-36.80569835332494,-36.80569835332494,0.0,0.0,0.0,453.51469340428156
8172,1994-06-22,490.31400758130496,412.2602697563001,496.3384990199722,490.31400758130496,490.31400758130496,-36.8702481710386,-36.8702481710386,-36.8702481710386,-36.8702481710386,-36.8702481710386,-36.8702481710386,0.0,0.0,0.0,453.44375941026635
8173,1994-06-23,490.3076234050034,410.0731038096113,492.6300187453587,490.3076234050034,490.3076234050034,-36.934723252284726,-36.934723252284726,-36.934723252284726,-36.934723252284726,-36.934723252284726,-36.934723252284726,0.0,0.0,0.0,453.37290015271867
8174,1994-06-24,490.3012392287019,413.38573511935584,493.0891751588521,490.3012392287019,490.3012392287019,-36.999120636591,-36.999120636591,-36.999120636591,-36.999120636591,-36.999120636591,-36.999120636591,0.0,0.0,0.0,453.3021185921109
8175,1994-06-27,490.28208669979733,413.23527109347486,496.7712051184247,490.28208669979733,490.28208669979733,-37.191817099519945,-37.191817099519945,-37.191817099519945,-37.191817099519945,-37.191817099519945,-37.191817099519945,0.0,0.0,0.0,453.0902696002774
8176,1994-06-28,490.27570252349585,408.96702016226806,497.2747314322365,490.27570252349585,490.27570252349585,-37.25587422035403,-37.25587422035403,-37.25587422035403,-37.25587422035403,-37.25587422035403,-37.25587422035403,0.0,0.0,0.0,453.0198283031418
8177,1994-06-29,490.2693183471943,409.1471110697743,493.28952945558535,490.2693183471943,490.2693183471943,-37.319838939291806,-37.319838939291806,-37.319838939291806,-37.319838939291806,-37.319838939291806,-37.319838939291806,0.0,0.0,0.0,452.9494794079025
8178,1994-06-30,490.2629341708928,411.73730680608946,494.3659304997239,490.2629341708928,490.2629341708928,-37.38370833534344,-37.38370833534344,-37.38370833534344,-37.38370833534344,-37.38370833534344,-37.38370833534344,0.0,0.0,0.0,452.87922583554933
8179,1994-07-01,490.25654999459135,411.9409077907792,494.0323115106255,490.25654999459135,490.25654999459135,-37.447479494355946,-37.447479494355946,-37.447479494355946,-37.447479494355946,-37.447479494355946,-37.447479494355946,0.0,0.0,0.0,452.8090705002354
8180,1994-07-05,490.23101328938526,410.279667896148,494.9706162791646,490.23101328938526,490.23101328938526,-37.701523720443795,-37.701523720443795,-37.701523720443795,-37.701523720443795,-37.701523720443795,-37.701523720443795,0.0,0.0,0.0,452.5294895689415
8181,1994-07-06,490.2246291130837,410.7976121769197,490.820562464015,490.2246291130837,490.2246291130837,-37.764760226458456,-37.764760226458456,-37.764760226458456,-37.764760226458456,-37.764760226458456,-37.764760226458456,0.0,0.0,0.0,452.45986888662526
8182,1994-07-07,490.21824493678224,410.72266925853836,494.12523980173756,490.21824493678224,490.21824493678224,-37.82788115821723,-37.82788115821723,-37.82788115821723,-37.82788115821723,-37.82788115821723,-37.82788115821723,0.0,0.0,0.0,452.390363778565
8183,1994-07-08,490.2118607604807,410.5597341369109,496.07479812927335,490.2118607604807,490.2118607604807,-37.89088365147217,-37.89088365147217,-37.89088365147217,-37.89088365147217,-37.89088365147217,-37.89088365147217,0.0,0.0,0.0,452.32097710900854
8184,1994-07-11,490.19270823157615,409.51306358307505,488.7226669477076,490.19270823157615,490.19270823157615,-38.07915196935997,-38.07915196935997,-38.07915196935997,-38.07915196935997,-38.07915196935997,-38.07915196935997,0.0,0.0,0.0,452.1135562622162
8185,1994-07-12,490.1863240552746,409.4295616828854,494.1687464270345,490.1863240552746,490.1863240552746,-38.14165221545143,-38.14165221545143,-38.14165221545143,-38.14165221545143,-38.14165221545143,-38.14165221545143,0.0,0.0,0.0,452.0446718398232
8186,1994-07-13,490.1799398789732,410.34059357182366,494.12210729977005,490.1799398789732,490.1799398789732,-38.20401981441482,-38.20401981441482,-38.20401981441482,-38.20401981441482,-38.20401981441482,-38.20401981441482,0.0,0.0,0.0,451.97592006455835
8187,1994-07-14,490.17355570267165,412.95156050529056,493.3280432351511,490.17355570267165,490.17355570267165,-38.266251947535885,-38.266251947535885,-38.266251947535885,-38.266251947535885,-38.266251947535885,-38.266251947535885,0.0,0.0,0.0,451.9073037551358
8188,1994-07-15,490.1671715263701,411.5652834854694,493.6530106921869,490.1671715263701,490.1671715263701,-38.32834580393404,-38.32834580393404,-38.32834580393404,-38.32834580393404,-38.32834580393404,-38.32834580393404,0.0,0.0,0.0,451.83882572243607
8189,1994-07-18,490.14801899746556,411.2196602413514,491.770707406312,490.14801899746556,490.14801899746556,-38.51376972287568,-38.51376972287568,-38.51376972287568,-38.51376972287568,-38.51376972287568,-38.51376972287568,0.0,0.0,0.0,451.6342492745899
8190,1994-07-19,490.141634821164,407.2023159122296,491.4397727863502,490.14163482116396,490.14163482116396,-38.57528252257413,-38.57528252257413,-38.57528252257413,-38.57528252257413,-38.57528252257413,-38.57528252257413,0.0,0.0,0.0,451.5663522985899
8191,1994-07-20,490.13525064486254,408.9969667859107,494.9364389441924,490.13525064486254,490.13525064486254,-38.63664311098866,-38.63664311098866,-38.63664311098866,-38.63664311098866,-38.63664311098866,-38.63664311098866,0.0,0.0,0.0,451.4986075338739
8192,1994-07-21,490.128866468561,412.3124087644995,492.39525520612,490.128866468561,490.128866468561,-38.69784872564438,-38.69784872564438,-38.69784872564438,-38.69784872564438,-38.69784872564438,-38.69784872564438,0.0,0.0,0.0,451.43101774291665
8193,1994-07-22,490.12248229225946,409.791203407237,492.48348996060935,490.1224822922594,490.1224822922594,-38.75889661237059,-38.75889661237059,-38.75889661237059,-38.75889661237059,-38.75889661237059,-38.75889661237059,0.0,0.0,0.0,451.36358567988884
8194,1994-07-25,490.10332976335496,408.6272404277863,492.47820090745955,490.10332976335496,490.10332976335496,-38.941066489138706,-38.941066489138706,-38.941066489138706,-38.941066489138706,-38.941066489138706,-38.941066489138706,0.0,0.0,0.0,451.16226327421623
8195,1994-07-26,490.0969455870535,411.4643684689588,493.6143340119125,490.0969455870535,490.0969455870535,-39.0014560907328,-39.0014560907328,-39.0014560907328,-39.0014560907328,-39.0014560907328,-39.0014560907328,0.0,0.0,0.0,451.0954894963207
8196,1994-07-27,490.09056141075195,411.32990252426765,493.89411420698616,490.09056141075195,490.09056141075195,-39.061674320336024,-39.061674320336024,-39.061674320336024,-39.061674320336024,-39.061674320336024,-39.061674320336024,0.0,0.0,0.0,451.02888709041594
8197,1994-07-28,490.0841772344504,410.75245320329935,495.2149027197651,490.0841772344504,490.0841772344504,-39.12171847494576,-39.12171847494576,-39.12171847494576,-39.12171847494576,-39.12171847494576,-39.12171847494576,0.0,0.0,0.0,450.96245875950467
8198,1994-07-29,490.0777930581489,409.6244242071428,492.9705663022786,490.0777930581489,490.0777930581489,-39.181585860313724,-39.181585860313724,-39.181585860313724,-39.181585860313724,-39.181585860313724,-39.181585860313724,0.0,0.0,0.0,450.8962071978352
8199,1994-08-01,490.0586405292443,408.12482830993326,493.57862878044403,490.0586405292443,490.0586405292443,-39.360100591079835,-39.360100591079835,-39.360100591079835,-39.360100591079835,-39.360100591079835,-39.360100591079835,0.0,0.0,0.0,450.69853993816446
8200,1994-08-02,490.05225635294283,409.8268941093533,493.60606602134413,490.05225635294283,490.05225635294283,-39.41923413422911,-39.41923413422911,-39.41923413422911,-39.41923413422911,-39.41923413422911,-39.41923413422911,0.0,0.0,0.0,450.63302221871373
8201,1994-08-03,490.0458721766413,408.1427852827392,493.1831301874264,490.0458721766413,490.0458721766413,-39.47817757036358,-39.47817757036358,-39.47817757036358,-39.47817757036358,-39.47817757036358,-39.47817757036358,0.0,0.0,0.0,450.5676946062777
8202,1994-08-04,490.0394880003399,407.73989270078636,490.7225784452549,490.0394880003399,490.0394880003399,-39.536928259054285,-39.536928259054285,-39.536928259054285,-39.536928259054285,-39.536928259054285,-39.536928259054285,0.0,0.0,0.0,450.5025597412856
8203,1994-08-05,490.03310382403834,408.0603631341185,491.74065347917156,490.03310382403834,490.03310382403834,-39.59548356905783,-39.59548356905783,-39.59548356905783,-39.59548356905783,-39.59548356905783,-39.59548356905783,0.0,0.0,0.0,450.4376202549805
8204,1994-08-08,490.0139512951338,406.48464883602867,491.47732989967227,490.0139512951338,490.0139512951338,-39.76995105352593,-39.76995105352593,-39.76995105352593,-39.76995105352593,-39.76995105352593,-39.76995105352593,0.0,0.0,0.0,450.24400024160786
8205,1994-08-09,490.00756711883224,409.28373748702535,490.21612793377966,490.00756711883224,490.00756711883224,-39.827698722119635,-39.827698722119635,-39.827698722119635,-39.827698722119635,-39.827698722119635,-39.827698722119635,0.0,0.0,0.0,450.1798683967126
8206,1994-08-10,490.0011829425307,408.99028938715304,492.1200039840846,490.0011829425307,490.0011829425307,-39.88523799565946,-39.88523799565946,-39.88523799565946,-39.88523799565946,-39.88523799565946,-39.88523799565946,0.0,0.0,0.0,450.11594494687125
8207,1994-08-11,489.9947987662292,407.34227891194456,490.8486908147537,489.9947987662292,489.9947987662292,-39.942566299255226,-39.942566299255226,-39.942566299255226,-39.942566299255226,-39.942566299255226,-39.942566299255226,0.0,0.0,0.0,450.052232466974
8208,1994-08-12,489.9884145899277,413.4802914345834,492.10971881853084,489.9884145899277,489.9884145899277,-39.9996810676133,-39.9996810676133,-39.9996810676133,-39.9996810676133,-39.9996810676133,-39.9996810676133,0.0,0.0,0.0,449.98873352231436
8209,1994-08-15,489.9692620610232,407.1259144850758,492.00274891697177,489.9692620610232,489.9692620610232,-40.169718653473126,-40.169718653473126,-40.169718653473126,-40.169718653473126,-40.169718653473126,-40.169718653473126,0.0,0.0,0.0,449.79954340755006
8210,1994-08-16,489.9628778847217,408.59490786868025,494.14628470302563,489.9628778847217,489.9628778847217,-40.22595382187153,-40.22595382187153,-40.22595382187153,-40.22595382187153,-40.22595382187153,-40.22595382187153,0.0,0.0,0.0,449.73692406285016
8211,1994-08-17,489.95649370842017,406.94733750093826,490.65311670225077,489.9564937084202,489.9564937084202,-40.281962774502226,-40.281962774502226,-40.281962774502226,-40.281962774502226,-40.281962774502226,-40.281962774502226,0.0,0.0,0.0,449.67453093391794
8212,1994-08-18,490.20575628754284,411.7189043368816,488.8005414931896,490.20575628754284,490.20575628754284,-40.33774300483967,-40.33774300483967,-40.33774300483967,-40.33774300483967,-40.33774300483967,-40.33774300483967,0.0,0.0,0.0,449.86801328270315
8213,1994-08-19,490.4550188666655,405.3805500201562,489.62999014261686,490.4550188666655,490.4550188666655,-40.39329201634609,-40.39329201634609,-40.39329201634609,-40.39329201634609,-40.39329201634609,-40.39329201634609,0.0,0.0,0.0,450.0617268503194
8214,1994-08-22,491.2028066040338,410.1359868712579,489.9373321300223,491.2028066040338,491.2028066040338,-40.558526923471995,-40.558526923471995,-40.558526923471995,-40.558526923471995,-40.558526923471995,-40.558526923471995,0.0,0.0,0.0,450.6442796805618
8215,1994-08-23,491.4520691831565,407.5683091625193,490.76345260860506,491.4520691831565,491.4520691831565,-40.613126295945655,-40.613126295945655,-40.613126295945655,-40.613126295945655,-40.613126295945655,-40.613126295945655,0.0,0.0,0.0,450.8389428872108
8216,1994-08-24,491.70133176227915,412.08621641371576,490.6813206038096,491.70133176227915,491.70133176227915,-40.667482118617876,-40.667482118617876,-40.667482118617876,-40.667482118617876,-40.667482118617876,-40.667482118617876,0.0,0.0,0.0,451.03384964366126
8217,1994-08-25,491.9505943414015,407.8577155675256,494.1155348883151,491.9505943414015,491.9505943414015,-40.7215919560091,-40.7215919560091,-40.7215919560091,-40.7215919560091,-40.7215919560091,-40.7215919560091,0.0,0.0,0.0,451.2290023853924
8218,1994-08-26,492.19985692052416,407.8201080323452,495.3553792587584,492.19985692052416,492.19985692052416,-40.7754533830012,-40.7754533830012,-40.7754533830012,-40.7754533830012,-40.7754533830012,-40.7754533830012,0.0,0.0,0.0,451.42440353752295
8219,1994-08-29,492.9476446578921,411.558493368521,492.06538847732793,492.9476446578921,492.9476446578921,-40.93552310686237,-40.93552310686237,-40.93552310686237,-40.93552310686237,-40.93552310686237,-40.93552310686237,0.0,0.0,0.0,452.01212155102974
8220,1994-08-30,493.1969072370148,409.9451323886148,491.0456774026047,493.1969072370148,493.1969072370148,-40.9883668500536,-40.9883668500536,-40.9883668500536,-40.9883668500536,-40.9883668500536,-40.9883668500536,0.0,0.0,0.0,452.2085403869612
8221,1994-08-31,493.44616981613746,408.9829322408979,494.08970026479255,493.4461698161375,493.4461698161375,-41.04095021443283,-41.04095021443283,-41.04095021443283,-41.04095021443283,-41.04095021443283,-41.04095021443283,0.0,0.0,0.0,452.40521960170463
8222,1994-09-01,493.6954323952601,411.48729940619234,494.11477802240927,493.6954323952601,493.6954323952601,-41.0932708381043,-41.0932708381043,-41.0932708381043,-41.0932708381043,-41.0932708381043,-41.0932708381043,0.0,0.0,0.0,452.6021615571558
8223,1994-09-02,493.9446949743828,412.0155522940915,496.87012045259155,493.9446949743828,493.9446949743828,-41.14532636988367,-41.14532636988367,-41.14532636988367,-41.14532636988367,-41.14532636988367,-41.14532636988367,0.0,0.0,0.0,452.79936860449914
8224,1994-09-06,494.9417452908734,413.37673078916555,492.03742863991545,494.9417452908734,494.9417452908734,-41.350850931931646,-41.350850931931646,-41.350850931931646,-41.350850931931646,-41.350850931931646,-41.350850931931646,0.0,0.0,0.0,453.5908943589418
8225,1994-09-07,495.1910078699961,409.3808463977254,490.4100209458584,495.1910078699961,495.1910078699961,-41.40154611469336,-41.40154611469336,-41.40154611469336,-41.40154611469336,-41.40154611469336,-41.40154611469336,0.0,0.0,0.0,453.78946175530274
8226,1994-09-08,495.44027044911877,414.9845125181259,493.7261284486078,495.44027044911877,495.44027044911877,-41.45196232604433,-41.45196232604433,-41.45196232604433,-41.45196232604433,-41.45196232604433,-41.45196232604433,0.0,0.0,0.0,453.98830812307443
8227,1994-09-09,495.68953302824144,413.1169810051913,495.50347087224225,495.68953302824144,495.68953302824144,-41.502097291100945,-41.502097291100945,-41.502097291100945,-41.502097291100945,-41.502097291100945,-41.502097291100945,0.0,0.0,0.0,454.1874357371405
8228,1994-09-12,496.4373207656094,414.35994167696214,495.9878351190161,496.4373207656094,496.4373207656094,-41.6507921261869,-41.6507921261869,-41.6507921261869,-41.6507921261869,-41.6507921261869,-41.6507921261869,0.0,0.0,0.0,454.7865286394225
8229,1994-09-13,496.68658334473207,411.3168579006162,495.24918748585293,496.68658334473207,496.68658334473207,-41.69977957957341,-41.69977957957341,-41.69977957957341,-41.69977957957341,-41.69977957957341,-41.69977957957341,0.0,0.0,0.0,454.98680376515864
8230,1994-09-14,496.93584592385474,412.5936991078049,494.92865065341505,496.9358459238548,496.9358459238548,-41.74847457939601,-41.74847457939601,-41.74847457939601,-41.74847457939601,-41.74847457939601,-41.74847457939601,0.0,0.0,0.0,455.1873713444587
8231,1994-09-15,497.1851085029771,414.3585136383536,498.04353100013867,497.1851085029771,497.1851085029771,-41.79687491793833,-41.79687491793833,-41.79687491793833,-41.79687491793833,-41.79687491793833,-41.79687491793833,0.0,0.0,0.0,455.38823358503873
8232,1994-09-16,497.43437108209974,415.85105050799405,495.16567572949,497.4343710820998,497.4343710820998,-41.84497839883124,-41.84497839883124,-41.84497839883124,-41.84497839883124,-41.84497839883124,-41.84497839883124,0.0,0.0,0.0,455.5893926832685
8233,1994-09-19,498.1821588194677,416.75751536571,500.8166259529007,498.1821588194677,498.1821588194677,-41.98748590298456,-41.98748590298456,-41.98748590298456,-41.98748590298456,-41.98748590298456,-41.98748590298456,0.0,0.0,0.0,456.1946729164831
8234,1994-09-20,498.4314213985904,414.1344810586801,498.51967898180345,498.4314213985904,498.4314213985904,-42.034380217964234,-42.034380217964234,-42.034380217964234,-42.034380217964234,-42.034380217964234,-42.034380217964234,0.0,0.0,0.0,456.39704118062616
8235,1994-09-21,498.6806839777134,416.15700765579584,499.7935073782116,498.6806839777134,498.6806839777134,-42.08096686509261,-42.08096686509261,-42.08096686509261,-42.08096686509261,-42.08096686509261,-42.08096686509261,0.0,0.0,0.0,456.5997171126208
8236,1994-09-22,498.92994655683606,417.11164097943265,499.3189547449119,498.92994655683606,498.92994655683606,-42.12724371694403,-42.12724371694403,-42.12724371694403,-42.12724371694403,-42.12724371694403,-42.12724371694403,0.0,0.0,0.0,456.80270283989205
8237,1994-09-23,499.17920913595873,417.44149184541897,500.46391040238444,499.17920913595873,499.17920913595873,-42.1732086577232,-42.1732086577232,-42.1732086577232,-42.1732086577232,-42.1732086577232,-42.1732086577232,0.0,0.0,0.0,457.00600047823553
8238,1994-09-26,499.92699687332674,416.8659641464563,500.1471903811623,499.92699687332674,499.92699687332674,-42.30921103095202,-42.30921103095202,-42.30921103095202,-42.30921103095202,-42.30921103095202,-42.30921103095202,0.0,0.0,0.0,457.6177858423747
8239,1994-09-27,500.176259452449,417.279189006863,498.04394121179865,500.176259452449,500.176259452449,-42.353907403459765,-42.353907403459765,-42.353907403459765,-42.353907403459765,-42.353907403459765,-42.353907403459765,0.0,0.0,0.0,457.8223520489893
8240,1994-09-28,500.4255220315717,413.7643131593121,498.5675704784379,500.4255220315717,500.4255220315717,-42.398281461727,-42.398281461727,-42.398281461727,-42.398281461727,-42.398281461727,-42.398281461727,0.0,0.0,0.0,458.0272405698447
8241,1994-09-29,500.67478461069436,418.14051569682726,501.292270857634,500.67478461069436,500.67478461069436,-42.442331160544725,-42.442331160544725,-42.442331160544725,-42.442331160544725,-42.442331160544725,-42.442331160544725,0.0,0.0,0.0,458.23245345014965
8242,1994-09-30,500.92404718981703,415.6585990955813,500.26171148573957,500.9240471898171,500.9240471898171,-42.48605446659609,-42.48605446659609,-42.48605446659609,-42.48605446659609,-42.48605446659609,-42.48605446659609,0.0,0.0,0.0,458.43799272322093
8243,1994-10-03,501.67183492718505,419.38474386415203,498.5825677864801,501.67183492718505,501.67183492718505,-42.6152458741309,-42.6152458741309,-42.6152458741309,-42.6152458741309,-42.6152458741309,-42.6152458741309,0.0,0.0,0.0,459.05658905305415
8244,1994-10-04,501.92109750630766,416.2510765092583,498.8746922344308,501.92109750630766,501.92109750630766,-42.657643515054815,-42.657643515054815,-42.657643515054815,-42.657643515054815,-42.657643515054815,-42.657643515054815,0.0,0.0,0.0,459.26345399125285
8245,1994-10-05,502.17036008543033,414.6296956724445,502.89023503930844,502.17036008543033,502.17036008543033,-42.699704776258876,-42.699704776258876,-42.699704776258876,-42.699704776258876,-42.699704776258876,-42.699704776258876,0.0,0.0,0.0,459.47065530917143
8246,1994-10-06,502.41962266455334,418.65591223848503,500.41843897030896,502.41962266455334,502.41962266455334,-42.741427696519125,-42.741427696519125,-42.741427696519125,-42.741427696519125,-42.741427696519125,-42.741427696519125,0.0,0.0,0.0,459.67819496803423
8247,1994-10-07,502.668885243676,422.3877356707367,501.2688006694608,502.668885243676,502.668885243676,-42.78281032674281,-42.78281032674281,-42.78281032674281,-42.78281032674281,-42.78281032674281,-42.78281032674281,0.0,0.0,0.0,459.8860749169332
8248,1994-10-10,503.4166729810437,419.5489153470254,499.84936674558446,503.4166729810437,503.4166729810437,-42.90489716894663,-42.90489716894663,-42.90489716894663,-42.90489716894663,-42.90489716894663,-42.90489716894663,0.0,0.0,0.0,460.5117758120971
8249,1994-10-11,503.66593556016636,417.14474159403125,503.58442286422576,503.66593556016636,503.66593556016636,-42.94489939188735,-42.94489939188735,-42.94489939188735,-42.94489939188735,-42.94489939188735,-42.94489939188735,0.0,0.0,0.0,460.721036168279
8250,1994-10-12,503.915198139289,420.27022194357033,504.3885310055687,503.915198139289,503.915198139289,-42.984551762441505,-42.984551762441505,-42.984551762441505,-42.984551762441505,-42.984551762441505,-42.984551762441505,0.0,0.0,0.0,460.93064637684745
8251,1994-10-13,504.16446071841165,418.8358168745208,504.3644901420106,504.16446071841165,504.16446071841165,-43.023852404979266,-43.023852404979266,-43.023852404979266,-43.023852404979266,-43.023852404979266,-43.023852404979266,0.0,0.0,0.0,461.1406083134324
8252,1994-10-14,504.4137232975343,420.4467194218227,503.5595600787981,504.4137232975344,504.4137232975344,-43.062799456219174,-43.062799456219174,-43.062799456219174,-43.062799456219174,-43.062799456219174,-43.062799456219174,0.0,0.0,0.0,461.35092384131514
8253,1994-10-17,505.16151103490233,419.678511771647,504.4080212403894,505.16151103490233,505.16151103490233,-43.177500615193544,-43.177500615193544,-43.177500615193544,-43.177500615193544,-43.177500615193544,-43.177500615193544,0.0,0.0,0.0,461.9840104197088
8254,1994-10-18,505.41077361402466,419.23359405440635,502.47035978398213,505.41077361402466,505.41077361402466,-43.21501491643441,-43.21501491643441,-43.21501491643441,-43.21501491643441,-43.21501491643441,-43.21501491643441,0.0,0.0,0.0,462.19575869759024
8255,1994-10-19,505.6600361931473,423.1211651490159,501.69178466362945,505.6600361931473,505.6600361931473,-43.252166496219424,-43.252166496219424,-43.252166496219424,-43.252166496219424,-43.252166496219424,-43.252166496219424,0.0,0.0,0.0,462.40786969692783
8256,1994-10-20,505.90929877226995,420.3724896956992,501.9760331283398,505.90929877226995,505.90929877226995,-43.28895356596181,-43.28895356596181,-43.28895356596181,-43.28895356596181,-43.28895356596181,-43.28895356596181,0.0,0.0,0.0,462.6203452063081
8257,1994-10-21,506.15856135139296,421.5921213384236,504.5047291542826,506.15856135139296,506.15856135139296,-43.3253743496167,-43.3253743496167,-43.3253743496167,-43.3253743496167,-43.3253743496167,-43.3253743496167,0.0,0.0,0.0,462.83318700177625
8258,1994-10-24,506.906349088761,421.56334741495226,505.77301233085103,506.906349088761,506.906349088761,-43.43242141230963,-43.43242141230963,-43.43242141230963,-43.43242141230963,-43.43242141230963,-43.43242141230963,0.0,0.0,0.0,463.47392767645135
8259,1994-10-25,507.15561166788365,422.1065761757519,503.7843686360833,507.15561166788365,507.15561166788365,-43.46735954293948,-43.46735954293948,-43.46735954293948,-43.46735954293948,-43.46735954293948,-43.46735954293948,0.0,0.0,0.0,463.68825212494414
8260,1994-10-26,507.4048742470063,422.82691679187695,504.25516956787254,507.4048742470063,507.4048742470063,-43.5019226963027,-43.5019226963027,-43.5019226963027,-43.5019226963027,-43.5019226963027,-43.5019226963027,0.0,0.0,0.0,463.9029515507036
8261,1994-10-27,507.65413682612893,424.0904160291902,505.65210866620635,507.65413682612893,507.65413682612893,-43.5361091721421,-43.5361091721421,-43.5361091721421,-43.5361091721421,-43.5361091721421,-43.5361091721421,0.0,0.0,0.0,464.1180276539868
8262,1994-10-28,507.9033994052516,423.8930772061233,505.62149476540833,507.90339940525166,507.90339940525166,-43.569917282915156,-43.569917282915156,-43.569917282915156,-43.569917282915156,-43.569917282915156,-43.569917282915156,0.0,0.0,0.0,464.3334821223365
8263,1994-10-31,508.6511871426193,423.362854463483,509.3876585301244,508.6511871426193,508.6511871426193,-43.669054740597375,-43.669054740597375,-43.669054740597375,-43.669054740597375,-43.669054740597375,-43.669054740597375,0.0,0.0,0.0,464.9821324020219
8264,1994-11-01,508.90044972174195,424.8192032819922,506.7166025263111,508.90044972174195,508.90044972174195,-43.70133277074707,-43.70133277074707,-43.70133277074707,-43.70133277074707,-43.70133277074707,-43.70133277074707,0.0,0.0,0.0,465.1991169509949
8265,1994-11-02,509.1497123008646,424.1553544481264,505.25133632248617,509.1497123008646,509.1497123008646,-43.733224189605856,-43.733224189605856,-43.733224189605856,-43.733224189605856,-43.733224189605856,-43.733224189605856,0.0,0.0,0.0,465.4164881112588
8266,1994-11-03,509.39897487998724,423.9153683491665,507.71577317109643,509.39897487998724,509.39897487998724,-43.76472738637374,-43.76472738637374,-43.76472738637374,-43.76472738637374,-43.76472738637374,-43.76472738637374,0.0,0.0,0.0,465.6342474936135
8267,1994-11-04,509.6482374591099,426.36462610775084,509.3454667675879,509.6482374591099,509.6482374591099,-43.795840763113496,-43.795840763113496,-43.795840763113496,-43.795840763113496,-43.795840763113496,-43.795840763113496,0.0,0.0,0.0,465.8523966959964
8268,1994-11-07,510.39602519647826,426.75515258436707,505.674996801179,510.39602519647826,510.39602519647826,-43.886826187120406,-43.886826187120406,-43.886826187120406,-43.886826187120406,-43.886826187120406,-43.886826187120406,0.0,0.0,0.0,466.50919900935787
8269,1994-11-08,510.64528777560093,427.75396812786573,506.11242457716986,510.64528777560093,510.64528777560093,-43.9163645622763,-43.9163645622763,-43.9163645622763,-43.9163645622763,-43.9163645622763,-43.9163645622763,0.0,0.0,0.0,466.7289232133246
8270,1994-11-09,510.8945503547236,428.0096435033092,508.6505968504965,510.8945503547236,510.8945503547236,-43.94550532130319,-43.94550532130319,-43.94550532130319,-43.94550532130319,-43.94550532130319,-43.94550532130319,0.0,0.0,0.0,466.9490450334204
8271,1994-11-10,511.1438129338463,425.9526814041211,507.29862514258036,511.1438129338463,511.1438129338463,-43.97424694382298,-43.97424694382298,-43.97424694382298,-43.97424694382298,-43.97424694382298,-43.97424694382298,0.0,0.0,0.0,467.1695659900233
8272,1994-11-11,511.39307551296855,427.60390399803094,508.87065616629036,511.39307551296855,511.39307551296855,-44.00258792244345,-44.00258792244345,-44.00258792244345,-44.00258792244345,-44.00258792244345,-44.00258792244345,0.0,0.0,0.0,467.3904875905251
8273,1994-11-14,512.1408632503366,427.423779535911,514.1545911973767,512.1408632503366,512.1408632503366,-44.085192116129896,-44.085192116129896,-44.085192116129896,-44.085192116129896,-44.085192116129896,-44.085192116129896,0.0,0.0,0.0,468.05567113420665
8274,1994-11-15,512.3901258294592,426.9110946714158,506.4052275208735,512.3901258294592,512.3901258294592,-44.11191570552061,-44.11191570552061,-44.11191570552061,-44.11191570552061,-44.11191570552061,-44.11191570552061,0.0,0.0,0.0,468.27821012393855
8275,1994-11-16,512.6393884085819,429.6347483463872,510.2357636122211,512.6393884085819,512.6393884085819,-44.13823130939445,-44.13823130939445,-44.13823130939445,-44.13823130939445,-44.13823130939445,-44.13823130939445,0.0,0.0,0.0,468.5011570991875
8276,1994-11-17,512.8886509877045,424.02361808086556,511.1918925050322,512.8886509877045,512.8886509877045,-44.164137498597775,-44.164137498597775,-44.164137498597775,-44.164137498597775,-44.164137498597775,-44.164137498597775,0.0,0.0,0.0,468.72451348910676
8277,1994-11-18,513.1379135668273,427.0079947320856,511.0446698361156,513.1379135668273,513.1379135668273,-44.1896328570639,-44.1896328570639,-44.1896328570639,-44.1896328570639,-44.1896328570639,-44.1896328570639,0.0,0.0,0.0,468.94828070976337
8278,1994-11-21,513.8857013041955,424.6103577261053,511.67579211555426,513.8857013041955,513.8857013041955,-44.263639983963444,-44.263639983963444,-44.263639983963444,-44.263639983963444,-44.263639983963444,-44.263639983963444,0.0,0.0,0.0,469.6220613202321
8279,1994-11-22,514.1349638833183,429.48623684836576,510.28972138377577,514.1349638833183,514.1349638833183,-44.28747812101426,-44.28747812101426,-44.28747812101426,-44.28747812101426,-44.28747812101426,-44.28747812101426,0.0,0.0,0.0,469.847485762304
8280,1994-11-23,514.3842264624406,428.7104131646172,512.9011607561421,514.3842264624406,514.3842264624406,-44.31089854374339,-44.31089854374339,-44.31089854374339,-44.31089854374339,-44.31089854374339,-44.31089854374339,0.0,0.0,0.0,470.07332791869715
8281,1994-11-25,514.8827516206859,430.2931810470361,508.57941451603034,514.8827516206859,514.8827516206859,-44.35648091024792,-44.35648091024792,-44.35648091024792,-44.35648091024792,-44.35648091024792,-44.35648091024792,0.0,0.0,0.0,470.526270710438
8282,1994-11-28,515.6305393580539,433.4865045844464,516.9250703129927,515.6305393580539,515.6305393580539,-44.421688598466694,-44.421688598466694,-44.421688598466694,-44.421688598466694,-44.421688598466694,-44.421688598466694,0.0,0.0,0.0,471.20885075958716
8283,1994-11-29,515.8798019371766,432.9849682690371,512.9485219822508,515.8798019371766,515.8798019371766,-44.442575113337995,-44.442575113337995,-44.442575113337995,-44.442575113337995,-44.442575113337995,-44.442575113337995,0.0,0.0,0.0,471.4372268238386
8284,1994-11-30,516.1290645162992,428.5739864155848,515.0937042946521,516.1290645162992,516.1290645162992,-44.46303482966941,-44.46303482966941,-44.46303482966941,-44.46303482966941,-44.46303482966941,-44.46303482966941,0.0,0.0,0.0,471.66602968662977
8285,1994-12-01,516.3783270954218,429.9318751197898,514.2531314665821,516.3783270954218,516.3783270954218,-44.483066502517495,-44.483066502517495,-44.483066502517495,-44.483066502517495,-44.483066502517495,-44.483066502517495,0.0,0.0,0.0,471.8952605929043
8286,1994-12-02,516.6275896745442,429.03119637740406,516.1816691021195,516.6275896745442,516.6275896745442,-44.50266890015934,-44.50266890015934,-44.50266890015934,-44.50266890015934,-44.50266890015934,-44.50266890015934,0.0,0.0,0.0,472.12492077438486
8287,1994-12-05,517.3753774119125,431.5100836532638,515.3292289736547,517.3753774119125,517.3753774119125,-44.55888832308261,-44.55888832308261,-44.55888832308261,-44.55888832308261,-44.55888832308261,-44.55888832308261,0.0,0.0,0.0,472.8164890888299
8288,1994-12-06,517.6246399910352,430.3706792245674,514.1968500296286,517.6246399910352,517.6246399910352,-44.57676156732172,-44.57676156732172,-44.57676156732172,-44.57676156732172,-44.57676156732172,-44.57676156732172,0.0,0.0,0.0,473.0478784237135
8289,1994-12-07,517.8739025701578,430.908264914289,516.3181549032091,517.8739025701578,517.8739025701578,-44.59419957626968,-44.59419957626968,-44.59419957626968,-44.59419957626968,-44.59419957626968,-44.59419957626968,0.0,0.0,0.0,473.2797029938882
8290,1994-12-08,518.1231651492805,433.90973681916995,518.0793349769809,518.1231651492805,518.1231651492805,-44.61120119764813,-44.61120119764813,-44.61120119764813,-44.61120119764813,-44.61120119764813,-44.61120119764813,0.0,0.0,0.0,473.5119639516323
8291,1994-12-09,518.3724277284032,434.4247913225376,513.3745440858056,518.3724277284032,518.3724277284032,-44.627765292432564,-44.627765292432564,-44.627765292432564,-44.627765292432564,-44.627765292432564,-44.627765292432564,0.0,0.0,0.0,473.7446624359706
8292,1994-12-12,519.1202154657711,432.39669331244386,515.124547740486,519.1202154657711,519.1202154657711,-44.674821225855666,-44.674821225855666,-44.674821225855666,-44.674821225855666,-44.674821225855666,-44.674821225855666,0.0,0.0,0.0,474.44539423991546
8293,1994-12-13,519.3694780448939,430.8230623272489,511.98915282699164,519.3694780448939,519.3694780448939,-44.68962408920504,-44.68962408920504,-44.68962408920504,-44.68962408920504,-44.68962408920504,-44.68962408920504,0.0,0.0,0.0,474.6798539556888
8294,1994-12-14,519.6187406240161,434.8429449985643,517.8529701045265,519.6187406240161,519.6187406240161,-44.70398392974352,-44.70398392974352,-44.70398392974352,-44.70398392974352,-44.70398392974352,-44.70398392974352,0.0,0.0,0.0,474.9147566942726
8295,1994-12-15,519.8680032031388,435.6330405019851,517.4332050530509,519.8680032031388,519.8680032031388,-44.71789968801826,-44.71789968801826,-44.71789968801826,-44.71789968801826,-44.71789968801826,-44.71789968801826,0.0,0.0,0.0,475.1501035151205
8296,1994-12-16,520.1172657822615,432.6804306415188,516.3770321084485,520.1172657822615,520.1172657822615,-44.73137031784158,-44.73137031784158,-44.73137031784158,-44.73137031784158,-44.73137031784158,-44.73137031784158,0.0,0.0,0.0,475.3858954644199
8297,1994-12-19,520.8650535196294,434.41133732927426,519.8115785612484,520.8650535196294,520.8650535196294,-44.769101173693514,-44.769101173693514,-44.769101173693514,-44.769101173693514,-44.769101173693514,-44.769101173693514,0.0,0.0,0.0,476.0959523459359
8298,1994-12-20,521.1143160987525,435.61114990421044,518.7269608445379,521.1143160987525,521.1143160987525,-44.780781093113255,-44.780781093113255,-44.780781093113255,-44.780781093113255,-44.780781093113255,-44.780781093113255,0.0,0.0,0.0,476.33353500563925
8299,1994-12-21,521.3635786778751,435.2924817154367,517.9068032446462,521.3635786778751,521.3635786778751,-44.792010852089795,-44.792010852089795,-44.792010852089795,-44.792010852089795,-44.792010852089795,-44.792010852089795,0.0,0.0,0.0,476.57156782578534
8300,1994-12-22,521.6128412569979,435.0042260359743,519.3456296339226,521.6128412569979,521.6128412569979,-44.802789484000286,-44.802789484000286,-44.802789484000286,-44.802789484000286,-44.802789484000286,-44.802789484000286,0.0,0.0,0.0,476.81005177299755
8301,1994-12-23,521.8621038361205,438.2986294409882,519.3898111535522,521.8621038361205,521.8621038361205,-44.81311603547676,-44.81311603547676,-44.81311603547676,-44.81311603547676,-44.81311603547676,-44.81311603547676,0.0,0.0,0.0,477.0489878006437
8302,1994-12-27,522.8591541526108,437.7942673559407,521.9269308308435,522.8591541526108,522.8591541526108,-44.849882833296675,-44.849882833296675,-44.849882833296675,-44.849882833296675,-44.849882833296675,-44.849882833296675,0.0,0.0,0.0,478.00927131931417
8303,1994-12-28,523.1084167317334,431.6341657833576,519.7742763511981,523.1084167317334,523.1084167317334,-44.85793514564215,-44.85793514564215,-44.85793514564215,-44.85793514564215,-44.85793514564215,-44.85793514564215,0.0,0.0,0.0,478.25048158609127
8304,1994-12-29,523.3576793108562,441.68102527836504,520.0909808958183,523.3576793108562,523.3576793108562,-44.86552993541761,-44.86552993541761,-44.86552993541761,-44.86552993541761,-44.86552993541761,-44.86552993541761,0.0,0.0,0.0,478.49214937543854
8305,1994-12-30,523.6069418899788,438.4056675964868,517.3953119664478,523.6069418899788,523.6069418899788,-44.8726663419002,-44.8726663419002,-44.8726663419002,-44.8726663419002,-44.8726663419002,-44.8726663419002,0.0,0.0,0.0,478.7342755480786
8306,1995-01-03,524.6039922064695,440.7142810866504,519.6478555868355,524.6039922064695,524.6039922064695,-44.896611382686494,-44.896611382686494,-44.896611382686494,-44.896611382686494,-44.896611382686494,-44.896611382686494,0.0,0.0,0.0,479.70738082378296
8307,1995-01-04,524.8532547855924,439.3461877718474,519.7816356177996,524.8532547855924,524.8532547855924,-44.90144342400451,-44.90144342400451,-44.90144342400451,-44.90144342400451,-44.90144342400451,-44.90144342400451,0.0,0.0,0.0,479.9518113615879
8308,1995-01-05,525.1025173647151,440.33488075753274,520.932870036396,525.1025173647151,525.1025173647151,-44.905812194872055,-44.905812194872055,-44.905812194872055,-44.905812194872055,-44.905812194872055,-44.905812194872055,0.0,0.0,0.0,480.1967051698431
8309,1995-01-06,525.3517799438378,439.1935438157775,525.5996578391832,525.3517799438378,525.3517799438378,-44.90971692688384,-44.90971692688384,-44.90971692688384,-44.90971692688384,-44.90971692688384,-44.90971692688384,0.0,0.0,0.0,480.4420630169539
8310,1995-01-09,526.0995676812054,441.26264951002076,521.965734567129,526.0995676812054,526.0995676812054,-44.918639402961226,-44.918639402961226,-44.918639402961226,-44.918639402961226,-44.918639402961226,-44.918639402961226,0.0,0.0,0.0,481.18092827824415
8311,1995-01-10,526.3488302603281,440.7663610595551,523.4450696558645,526.3488302603281,526.3488302603281,-44.92068055839787,-44.92068055839787,-44.92068055839787,-44.92068055839787,-44.92068055839787,-44.92068055839787,0.0,0.0,0.0,481.42814970193024
8312,1995-01-11,526.5980928394507,441.5523681483054,525.8798464271285,526.5980928394507,526.5980928394507,-44.922254030034566,-44.922254030034566,-44.922254030034566,-44.922254030034566,-44.922254030034566,-44.922254030034566,0.0,0.0,0.0,481.6758388094162
8313,1995-01-12,526.8473554185734,439.5445868328633,523.0147640146076,526.8473554185734,526.8473554185734,-44.92335912822175,-44.92335912822175,-44.92335912822175,-44.92335912822175,-44.92335912822175,-44.92335912822175,0.0,0.0,0.0,481.9239962903517
8314,1995-01-13,527.0966179976961,439.5674522313831,526.5691997137183,527.0966179976961,527.0966179976961,-44.92399517639479,-44.92399517639479,-44.92399517639479,-44.92399517639479,-44.92399517639479,-44.92399517639479,0.0,0.0,0.0,482.1726228213013
8315,1995-01-16,527.8444057350637,439.14380438067855,523.9210377493365,527.8444057350637,527.8444057350637,-44.92308245119233,-44.92308245119233,-44.92308245119233,-44.92308245119233,-44.92308245119233,-44.92308245119233,0.0,0.0,0.0,482.92132328387135
8316,1995-01-17,528.0936683141864,440.1849400563128,523.4041929699233,528.0936683141864,528.0936683141864,-44.92183579491338,-44.92183579491338,-44.92183579491338,-44.92183579491338,-44.92183579491338,-44.92183579491338,0.0,0.0,0.0,483.17183251927304
8317,1995-01-18,528.342930893309,444.0217993667306,525.1744470284306,528.342930893309,528.342930893309,-44.920116901614534,-44.920116901614534,-44.920116901614534,-44.920116901614534,-44.920116901614534,-44.920116901614534,0.0,0.0,0.0,483.4228139916945
8318,1995-01-19,528.5921934724324,442.01744857181063,526.6251420320584,528.5921934724324,528.5921934724324,-44.91792517295952,-44.91792517295952,-44.91792517295952,-44.91792517295952,-44.91792517295952,-44.91792517295952,0.0,0.0,0.0,483.6742682994729
8319,1995-01-20,528.8414560515547,442.0707357663244,522.6961133500787,528.8414560515547,528.8414560515547,-44.915260023598606,-44.915260023598606,-44.915260023598606,-44.915260023598606,-44.915260023598606,-44.915260023598606,0.0,0.0,0.0,483.9261960279561
8320,1995-01-23,529.5892437889227,443.5191882555495,527.1000455171626,529.5892437889227,529.5892437889227,-44.90441839225728,-44.90441839225728,-44.90441839225728,-44.90441839225728,-44.90441839225728,-44.90441839225728,0.0,0.0,0.0,484.68482539666536
8321,1995-01-24,529.8385063680454,440.65911437117796,527.3787258243174,529.8385063680454,529.8385063680454,-44.89985396575664,-44.89985396575664,-44.89985396575664,-44.89985396575664,-44.89985396575664,-44.89985396575664,0.0,0.0,0.0,484.93865240228877
8322,1995-01-25,530.087768947168,443.1919980736685,526.667810407621,530.087768947168,530.087768947168,-44.89481338604001,-44.89481338604001,-44.89481338604001,-44.89481338604001,-44.89481338604001,-44.89481338604001,0.0,0.0,0.0,485.192955561128
8323,1995-01-26,530.3370315262907,445.6701523839987,526.5285581344401,530.3370315262907,530.3370315262907,-44.889296145333255,-44.889296145333255,-44.889296145333255,-44.889296145333255,-44.889296145333255,-44.889296145333255,0.0,0.0,0.0,485.44773538095745
8324,1995-01-27,530.5862941054133,442.46959882350006,527.440775476996,530.5862941054133,530.5862941054133,-44.88330174873146,-44.88330174873146,-44.88330174873146,-44.88330174873146,-44.88330174873146,-44.88330174873146,0.0,0.0,0.0,485.7029923566819
8325,1995-01-30,531.334081842781,444.7339510055682,524.5997647450309,531.334081842781,531.334081842781,-44.86245086711446,-44.86245086711446,-44.86245086711446,-44.86245086711446,-44.86245086711446,-44.86245086711446,0.0,0.0,0.0,486.47163097566647
8326,1995-01-31,531.5833444219037,443.2470362169443,525.2921184573102,531.5833444219037,531.5833444219037,-44.854543154565505,-44.854543154565505,-44.854543154565505,-44.854543154565505,-44.854543154565505,-44.854543154565505,0.0,0.0,0.0,486.7288012673382
8327,1995-02-01,531.8326070010263,445.9066728987126,528.4328333546378,531.8326070010263,531.8326070010263,-44.84615600394201,-44.84615600394201,-44.84615600394201,-44.84615600394201,-44.84615600394201,-44.84615600394201,0.0,0.0,0.0,486.98645099708426
8328,1995-02-02,532.081869580149,446.31598721825577,527.2667633923545,532.081869580149,532.081869580149,-44.837288997137975,-44.837288997137975,-44.837288997137975,-44.837288997137975,-44.837288997137975,-44.837288997137975,0.0,0.0,0.0,487.24458058301104
8329,1995-02-03,532.331132159272,442.62438385834486,527.6919211935494,532.331132159272,532.331132159272,-44.82794172877785,-44.82794172877785,-44.82794172877785,-44.82794172877785,-44.82794172877785,-44.82794172877785,0.0,0.0,0.0,487.50319043049416
8330,1995-02-06,533.0789198966401,448.21165066955166,530.4462216491174,533.0789198966401,533.0789198966401,-44.79701449107202,-44.79701449107202,-44.79701449107202,-44.79701449107202,-44.79701449107202,-44.79701449107202,0.0,0.0,0.0,488.28190540556807
8331,1995-02-07,533.3281824757627,447.3427427931749,527.6830776250788,533.3281824757627,533.3281824757627,-44.785742376535396,-44.785742376535396,-44.785742376535396,-44.785742376535396,-44.785742376535396,-44.785742376535396,0.0,0.0,0.0,488.5424400992273
8332,1995-02-08,533.5774450548853,445.6230405506009,528.7856093348092,533.5774450548853,533.5774450548853,-44.773988163725335,-44.773988163725335,-44.773988163725335,-44.773988163725335,-44.773988163725335,-44.773988163725335,0.0,0.0,0.0,488.80345689115995
8333,1995-02-09,533.826707634008,446.8929682767648,529.5893182195755,533.826707634008,533.826707634008,-44.76175152317054,-44.76175152317054,-44.76175152317054,-44.76175152317054,-44.76175152317054,-44.76175152317054,0.0,0.0,0.0,489.0649561108375
8334,1995-02-10,534.0759702131303,449.5395833011761,530.3724216284303,534.0759702131303,534.0759702131303,-44.74903213797218,-44.74903213797218,-44.74903213797218,-44.74903213797218,-44.74903213797218,-44.74903213797218,0.0,0.0,0.0,489.3269380751581
8335,1995-02-13,534.8237579504982,448.44762928499574,531.8300394565617,534.8237579504982,534.8237579504982,-44.70797453354705,-44.70797453354705,-44.70797453354705,-44.70797453354705,-44.70797453354705,-44.70797453354705,0.0,0.0,0.0,490.1157834169512
8336,1995-02-14,535.073020529621,450.8583280410776,534.2217739707988,535.073020529621,535.073020529621,-44.69332125131139,-44.69332125131139,-44.69332125131139,-44.69332125131139,-44.69332125131139,-44.69332125131139,0.0,0.0,0.0,490.3796992783096
8337,1995-02-15,535.3222831087436,451.12095113039317,534.8437632200569,535.3222831087436,535.3222831087436,-44.6781838276161,-44.6781838276161,-44.6781838276161,-44.6781838276161,-44.6781838276161,-44.6781838276161,0.0,0.0,0.0,490.64409928112747
8338,1995-02-16,535.5715456878663,448.36846148628075,530.2644097766166,535.5715456878663,535.5715456878663,-44.66256202045624,-44.66256202045624,-44.66256202045624,-44.66256202045624,-44.66256202045624,-44.66256202045624,0.0,0.0,0.0,490.9089836674101
8339,1995-02-17,535.8208082669889,449.7312831065662,534.3352913516146,535.8208082669889,535.8208082669889,-44.64645560022056,-44.64645560022056,-44.64645560022056,-44.64645560022056,-44.64645560022056,-44.64645560022056,0.0,0.0,0.0,491.17435266676836
8340,1995-02-21,536.81785858348,447.3269106394889,529.0717980233255,536.81785858348,536.81785858348,-44.57717962845381,-44.57717962845381,-44.57717962845381,-44.57717962845381,-44.57717962845381,-44.57717962845381,0.0,0.0,0.0,492.24067895502617
8341,1995-02-22,537.0671211626022,449.9513256746574,531.9540018024161,537.0671211626022,537.0671211626022,-44.5586471304512,-44.5586471304512,-44.5586471304512,-44.5586471304512,-44.5586471304512,-44.5586471304512,0.0,0.0,0.0,492.508474032151
8342,1995-02-23,537.316383741725,449.4566317929089,533.1373121236527,537.316383741725,537.316383741725,-44.539628900388195,-44.539628900388195,-44.539628900388195,-44.539628900388195,-44.539628900388195,-44.539628900388195,0.0,0.0,0.0,492.77675484133675
8343,1995-02-24,537.5656463208476,450.41924104765866,531.4976124684365,537.5656463208476,537.5656463208476,-44.52012479461849,-44.52012479461849,-44.52012479461849,-44.52012479461849,-44.52012479461849,-44.52012479461849,0.0,0.0,0.0,493.0455215262291
8344,1995-02-27,538.3134340582156,454.387504532371,534.4123508623235,538.3134340582156,538.3134340582156,-44.45869596891022,-44.45869596891022,-44.45869596891022,-44.45869596891022,-44.45869596891022,-44.45869596891022,0.0,0.0,0.0,493.85473808930544
8345,1995-02-28,538.5626966373383,452.6694302605506,536.4657130694437,538.5626966373383,538.5626966373383,-44.43724716671151,-44.43724716671151,-44.43724716671151,-44.43724716671151,-44.43724716671151,-44.43724716671151,0.0,0.0,0.0,494.12544947062673
8346,1995-03-01,538.8119592164609,449.4616052142022,535.2707574899911,538.8119592164609,538.8119592164609,-44.41531195245391,-44.41531195245391,-44.41531195245391,-44.41531195245391,-44.41531195245391,-44.41531195245391,0.0,0.0,0.0,494.39664726400696
8347,1995-03-02,539.0612217955836,452.8812119598617,536.6584392624006,539.0612217955836,539.0612217955836,-44.39289025502821,-44.39289025502821,-44.39289025502821,-44.39289025502821,-44.39289025502821,-44.39289025502821,0.0,0.0,0.0,494.6683315405554
8348,1995-03-03,539.3104843747059,447.6983947726285,534.9406914431382,539.3104843747059,539.3104843747059,-44.36998201530574,-44.36998201530574,-44.36998201530574,-44.36998201530574,-44.36998201530574,-44.36998201530574,0.0,0.0,0.0,494.94050235940017
8349,1995-03-06,540.0582721120743,453.81968691448174,536.8008806082331,540.0582721120743,540.0582721120743,-44.2983376300958,-44.2983376300958,-44.2983376300958,-44.2983376300958,-44.2983376300958,-44.2983376300958,0.0,0.0,0.0,495.75993448197846
8350,1995-03-07,540.3075346911969,454.9035899880972,539.6098338592492,540.3075346911969,540.3075346911969,-44.27348286837277,-44.27348286837277,-44.27348286837277,-44.27348286837277,-44.27348286837277,-44.27348286837277,0.0,0.0,0.0,496.03405182282415
8351,1995-03-08,540.5567972703195,454.3360086288047,535.3342046148755,540.5567972703195,540.5567972703195,-44.24814144727717,-44.24814144727717,-44.24814144727717,-44.24814144727717,-44.24814144727717,-44.24814144727717,0.0,0.0,0.0,496.30865582304233
8352,1995-03-09,540.8060598494422,452.21672197335175,537.4938298904443,540.8060598494422,540.8060598494422,-44.22231337887651,-44.22231337887651,-44.22231337887651,-44.22231337887651,-44.22231337887651,-44.22231337887651,0.0,0.0,0.0,496.58374647056576
8353,1995-03-10,541.0553224285649,458.6580040424085,537.2896336526001,541.0553224285649,541.0553224285649,-44.19599868698551,-44.19599868698551,-44.19599868698551,-44.19599868698551,-44.19599868698551,-44.19599868698551,0.0,0.0,0.0,496.8593237415794
8354,1995-03-13,541.8031101659329,455.3301323577218,538.4500863236433,541.8031101659329,541.8031101659329,-44.11413528401516,-44.11413528401516,-44.11413528401516,-44.11413528401516,-44.11413528401516,-44.11413528401516,0.0,0.0,0.0,497.6889748819178
8355,1995-03-14,542.0523727450555,456.4129886249134,539.8637235256446,542.0523727450555,542.0523727450555,-44.085874570060206,-44.085874570060206,-44.085874570060206,-44.085874570060206,-44.085874570060206,-44.085874570060206,0.0,0.0,0.0,497.96649817499537
8356,1995-03-15,542.3016353241778,456.40961117611465,538.5350723168693,542.3016353241778,542.3016353241778,-44.05712752669118,-44.05712752669118,-44.05712752669118,-44.05712752669118,-44.05712752669118,-44.05712752669118,0.0,0.0,0.0,498.2445077974866
8357,1995-03-16,542.5508979033006,453.984597379078,536.7102497600467,542.5508979033006,542.5508979033006,-44.0278942474751,-44.0278942474751,-44.0278942474751,-44.0278942474751,-44.0278942474751,-44.0278942474751,0.0,0.0,0.0,498.52300365582545
8358,1995-03-17,542.8001604824232,456.36277471738447,536.6703749654896,542.8001604824232,542.8001604824232,-43.99817483747787,-43.99817483747787,-43.99817483747787,-43.99817483747787,-43.99817483747787,-43.99817483747787,0.0,0.0,0.0,498.8019856449453
8359,1995-03-20,543.5479482197916,456.42338364141665,537.6890170570258,543.5479482197916,543.5479482197916,-43.906101045166544,-43.906101045166544,-43.906101045166544,-43.906101045166544,-43.906101045166544,-43.906101045166544,0.0,0.0,0.0,499.641847174625
8360,1995-03-21,543.7972107989142,453.4916344327503,537.9069956268214,543.7972107989142,543.7972107989142,-43.874438391387166,-43.874438391387166,-43.874438391387166,-43.874438391387166,-43.874438391387166,-43.874438391387166,0.0,0.0,0.0,499.922772407527
8361,1995-03-22,544.0464733780369,456.698150231601,544.3093826450884,544.0464733780369,544.0464733780369,-43.84229030333946,-43.84229030333946,-43.84229030333946,-43.84229030333946,-43.84229030333946,-43.84229030333946,0.0,0.0,0.0,500.2041830746975
8362,1995-03-23,544.2957359571595,456.74483658099126,540.6039564987065,544.2957359571595,544.2957359571595,-43.809656954298106,-43.809656954298106,-43.809656954298106,-43.809656954298106,-43.809656954298106,-43.809656954298106,0.0,0.0,0.0,500.4860790028614
8363,1995-03-24,544.5449985362822,460.7056494602604,544.8586211823892,544.5449985362822,544.5449985362822,-43.77653852877129,-43.77653852877129,-43.77653852877129,-43.77653852877129,-43.77653852877129,-43.77653852877129,0.0,0.0,0.0,500.76846000751084
8364,1995-03-27,545.2927862736499,459.8067600526828,543.8457663703543,545.2927862736499,545.2927862736499,-43.67427480604392,-43.67427480604392,-43.67427480604392,-43.67427480604392,-43.67427480604392,-43.67427480604392,0.0,0.0,0.0,501.61851146760597
8365,1995-03-28,545.5420488527725,462.39025969248974,545.4323754326474,545.5420488527725,545.5420488527725,-43.63921814295848,-43.63921814295848,-43.63921814295848,-43.63921814295848,-43.63921814295848,-43.63921814295848,0.0,0.0,0.0,501.902830709814
8366,1995-03-29,545.7913114318952,458.944948115312,542.6207720548945,545.7913114318952,545.7913114318952,-43.60367749305576,-43.60367749305576,-43.60367749305576,-43.60367749305576,-43.60367749305576,-43.60367749305576,0.0,0.0,0.0,502.18763393883944
8367,1995-03-30,546.0405740110178,460.96255754138434,543.7784646081274,546.0405740110178,546.0405740110178,-43.56765310741404,-43.56765310741404,-43.56765310741404,-43.56765310741404,-43.56765310741404,-43.56765310741404,0.0,0.0,0.0,502.4729209036038
8368,1995-03-31,546.2898365901405,463.256097047346,544.8379964600314,546.2898365901405,546.2898365901405,-43.53114524806483,-43.53114524806483,-43.53114524806483,-43.53114524806483,-43.53114524806483,-43.53114524806483,0.0,0.0,0.0,502.7586913420756
8369,1995-04-03,547.0376243275085,463.3789476587203,545.5578398758512,547.0376243275085,547.0376243275085,-43.41872361151291,-43.41872361151291,-43.41872361151291,-43.41872361151291,-43.41872361151291,-43.41872361151291,0.0,0.0,0.0,503.6189007159956
8370,1995-04-04,547.2868869066315,464.4565559490508,544.686332140601,547.2868869066315,547.2868869066315,-43.38028469525833,-43.38028469525833,-43.38028469525833,-43.38028469525833,-43.38028469525833,-43.38028469525833,0.0,0.0,0.0,503.9066022113731
8371,1995-04-05,547.5361494857542,463.6620076615145,545.9771644061198,547.5361494857542,547.5361494857542,-43.34136377829371,-43.34136377829371,-43.34136377829371,-43.34136377829371,-43.34136377829371,-43.34136377829371,0.0,0.0,0.0,504.1947857074605
8372,1995-04-06,547.7854120648768,467.3243614439714,544.5933731814364,547.7854120648768,547.7854120648768,-43.30196118749112,-43.30196118749112,-43.30196118749112,-43.30196118749112,-43.30196118749112,-43.30196118749112,0.0,0.0,0.0,504.4834508773857
8373,1995-04-07,548.0346746439996,465.5167147529269,547.6035904789228,548.0346746439996,548.0346746439996,-43.26207726038011,-43.26207726038011,-43.26207726038011,-43.26207726038011,-43.26207726038011,-43.26207726038011,0.0,0.0,0.0,504.7725973836194
8374,1995-04-10,548.7824623813672,464.33333338228095,549.2782075803544,548.7824623813672,548.7824623813672,-43.13954099544153,-43.13954099544153,-43.13954099544153,-43.13954099544153,-43.13954099544153,-43.13954099544153,0.0,0.0,0.0,505.64292138592566
8375,1995-04-11,549.0317249604898,461.3910969759959,543.316450104059,549.0317249604898,549.0317249604898,-43.09773531001835,-43.09773531001835,-43.09773531001835,-43.09773531001835,-43.09773531001835,-43.09773531001835,0.0,0.0,0.0,505.9339896504714
8376,1995-04-12,549.2809875396125,464.76999508995533,549.7223048346594,549.2809875396125,549.2809875396125,-43.05545013426889,-43.05545013426889,-43.05545013426889,-43.05545013426889,-43.05545013426889,-43.05545013426889,0.0,0.0,0.0,506.22553740534363
8377,1995-04-13,549.5302501187351,468.78927447454976,551.2588377090904,549.5302501187351,549.5302501187351,-43.012685868746715,-43.012685868746715,-43.012685868746715,-43.012685868746715,-43.012685868746715,-43.012685868746715,0.0,0.0,0.0,506.5175642499884
8378,1995-04-17,550.5273004352255,466.050254127116,548.9951738061743,550.5273004352255,550.5273004352255,-42.83684628122122,-42.83684628122122,-42.83684628122122,-42.83684628122122,-42.83684628122122,-42.83684628122122,0.0,0.0,0.0,507.69045415400427
8379,1995-04-18,550.7765630143481,469.3964064552619,549.3891589143101,550.7765630143481,550.7765630143481,-42.791692935719006,-42.791692935719006,-42.791692935719006,-42.791692935719006,-42.791692935719006,-42.791692935719006,0.0,0.0,0.0,507.98487007862906
8380,1995-04-19,551.0258255934715,464.56979156035777,549.1183879951832,551.0258255934715,551.0258255934715,-42.74606311947271,-42.74606311947271,-42.74606311947271,-42.74606311947271,-42.74606311947271,-42.74606311947271,0.0,0.0,0.0,508.2797624739988
8381,1995-04-20,551.2750881725938,465.84995964828533,551.0251163411273,551.2750881725938,551.2750881725938,-42.69995730450878,-42.69995730450878,-42.69995730450878,-42.69995730450878,-42.69995730450878,-42.69995730450878,0.0,0.0,0.0,508.575130868085
8382,1995-04-21,551.5243507517165,467.17000164746025,549.367254319798,551.5243507517165,551.5243507517165,-42.65337597287754,-42.65337597287754,-42.65337597287754,-42.65337597287754,-42.65337597287754,-42.65337597287754,0.0,0.0,0.0,508.87097477883896
8383,1995-04-24,552.2721384890845,471.0606272346402,552.4953711704303,552.2721384890845,552.2721384890845,-42.5107838478689,-42.5107838478689,-42.5107838478689,-42.5107838478689,-42.5107838478689,-42.5107838478689,0.0,0.0,0.0,509.7613546412156
8384,1995-04-25,552.5214010682071,472.300037031169,550.9266484302004,552.5214010682071,552.5214010682071,-42.462305468915254,-42.462305468915254,-42.462305468915254,-42.462305468915254,-42.462305468915254,-42.462305468915254,0.0,0.0,0.0,510.0590955992918
8385,1995-04-26,552.7706636473298,468.5061167863085,555.4746788557286,552.7706636473298,552.7706636473298,-42.4133541322578,-42.4133541322578,-42.4133541322578,-42.4133541322578,-42.4133541322578,-42.4133541322578,0.0,0.0,0.0,510.357309515072
8386,1995-04-27,553.0199262264524,466.3040362497638,550.3413570512602,553.0199262264524,553.0199262264524,-42.363930379095585,-42.363930379095585,-42.363930379095585,-42.363930379095585,-42.363930379095585,-42.363930379095585,0.0,0.0,0.0,510.65599584735685
8387,1995-04-28,553.2691888055751,472.26804482969396,550.263901355216,553.2691888055751,553.2691888055751,-42.31403476031547,-42.31403476031547,-42.31403476031547,-42.31403476031547,-42.31403476031547,-42.31403476031547,0.0,0.0,0.0,510.9551540452597
8388,1995-05-01,554.0169765429428,470.74226003142485,556.4130118304546,554.0169765429428,554.0169765429428,-42.161522363446835,-42.161522363446835,-42.161522363446835,-42.161522363446835,-42.161522363446835,-42.161522363446835,0.0,0.0,0.0,511.85545417949595
8389,1995-05-02,554.2662391220654,471.37737412135175,554.3905194063032,554.2662391220654,554.2662391220654,-42.10974498312874,-42.10974498312874,-42.10974498312874,-42.10974498312874,-42.10974498312874,-42.10974498312874,0.0,0.0,0.0,512.1564941389366
8390,1995-05-03,554.5155017011881,472.7503191865785,553.0183557235588,554.5155017011881,554.5155017011881,-42.05749863524073,-42.05749863524073,-42.05749863524073,-42.05749863524073,-42.05749863524073,-42.05749863524073,0.0,0.0,0.0,512.4580030659474
8391,1995-05-04,554.764764280311,473.3558713681017,557.0241343027382,554.764764280311,554.764764280311,-42.004783927766994,-42.004783927766994,-42.004783927766994,-42.004783927766994,-42.004783927766994,-42.004783927766994,0.0,0.0,0.0,512.7599803525441
8392,1995-05-05,555.0140268594338,472.47783431748286,555.3075640103286,555.0140268594338,555.0140268594338,-41.95160147803186,-41.95160147803186,-41.95160147803186,-41.95160147803186,-41.95160147803186,-41.95160147803186,0.0,0.0,0.0,513.0624253814019
8393,1995-05-08,555.7618145968017,475.55683536745926,554.707961238379,555.7618145968017,555.7618145968017,-41.78925398756602,-41.78925398756602,-41.78925398756602,-41.78925398756602,-41.78925398756602,-41.78925398756602,0.0,0.0,0.0,513.9725606092358
8394,1995-05-09,556.0110771759244,473.36692893672927,554.4140820195308,556.0110771759244,556.0110771759244,-41.734206927085744,-41.734206927085744,-41.734206927085744,-41.734206927085744,-41.734206927085744,-41.734206927085744,0.0,0.0,0.0,514.2768702488386
8395,1995-05-10,556.2603397550471,473.9805994842975,556.3852515968408,556.2603397550471,556.2603397550471,-41.67869534930804,-41.67869534930804,-41.67869534930804,-41.67869534930804,-41.67869534930804,-41.67869534930804,0.0,0.0,0.0,514.5816444057391
8396,1995-05-11,556.5096023341694,471.324853625769,555.1406382118721,556.5096023341694,556.5096023341694,-41.622719926534764,-41.622719926534764,-41.622719926534764,-41.622719926534764,-41.622719926534764,-41.622719926534764,0.0,0.0,0.0,514.8868824076346
8397,1995-05-12,556.7588649132921,469.98873466745886,556.5859340045185,556.7588649132921,556.7588649132921,-41.56628134004965,-41.56628134004965,-41.56628134004965,-41.56628134004965,-41.56628134004965,-41.56628134004965,0.0,0.0,0.0,515.1925835732425
8398,1995-05-15,557.50665265066,474.6884180575491,556.4938555071366,557.50665265066,557.50665265066,-41.39419354479818,-41.39419354479818,-41.39419354479818,-41.39419354479818,-41.39419354479818,-41.39419354479818,0.0,0.0,0.0,516.1124591058618
8399,1995-05-16,557.7559152297827,474.4221714174141,558.6399655769453,557.7559152297827,557.7559152297827,-41.335909294119666,-41.335909294119666,-41.335909294119666,-41.335909294119666,-41.335909294119666,-41.335909294119666,0.0,0.0,0.0,516.420005935663
8400,1995-05-17,558.0051778089054,476.36942651815986,554.9648748292601,558.0051778089054,558.0051778089054,-41.27716541905079,-41.27716541905079,-41.27716541905079,-41.27716541905079,-41.27716541905079,-41.27716541905079,0.0,0.0,0.0,516.7280123898546
8401,1995-05-18,558.254440388028,475.60791149138765,560.1937271520893,558.254440388028,558.254440388028,-41.217962653667065,-41.217962653667065,-41.217962653667065,-41.217962653667065,-41.217962653667065,-41.217962653667065,0.0,0.0,0.0,517.0364777343609
8402,1995-05-19,558.5037029671507,474.7409355703992,557.6246582330082,558.5037029671507,558.5037029671507,-41.15830174065692,-41.15830174065692,-41.15830174065692,-41.15830174065692,-41.15830174065692,-41.15830174065692,0.0,0.0,0.0,517.3454012264938
8403,1995-05-22,559.251490704519,476.45513890542554,558.7518681618924,559.251490704519,559.251490704519,-40.97657767082743,-40.97657767082743,-40.97657767082743,-40.97657767082743,-40.97657767082743,-40.97657767082743,0.0,0.0,0.0,518.2749130336916
8404,1995-05-23,559.5007532836413,477.79431963015986,560.6651037067072,559.5007532836413,559.5007532836413,-40.91509176458333,-40.91509176458333,-40.91509176458333,-40.91509176458333,-40.91509176458333,-40.91509176458333,0.0,0.0,0.0,518.585661519058
8405,1995-05-24,559.750015862764,479.1217393528343,561.8937850488496,559.750015862764,559.750015862764,-40.85315155147202,-40.85315155147202,-40.85315155147202,-40.85315155147202,-40.85315155147202,-40.85315155147202,0.0,0.0,0.0,518.896864311292
8406,1995-05-25,559.9992784418866,477.5016791305577,562.917405108071,559.9992784418866,559.9992784418866,-40.79075782473013,-40.79075782473013,-40.79075782473013,-40.79075782473013,-40.79075782473013,-40.79075782473013,0.0,0.0,0.0,519.2085206171565
8407,1995-05-26,560.2485410210094,477.54809293733155,562.5674094634212,560.2485410210094,560.2485410210094,-40.72791138582801,-40.72791138582801,-40.72791138582801,-40.72791138582801,-40.72791138582801,-40.72791138582801,0.0,0.0,0.0,519.5206296351814
8408,1995-05-30,561.2455913375,481.07282116508924,562.0312936108656,561.2455913375,561.2455913375,-40.4720148231543,-40.4720148231543,-40.4720148231543,-40.4720148231543,-40.4720148231543,-40.4720148231543,0.0,0.0,0.0,520.7735765143457
8409,1995-05-31,561.4948539166227,479.16302471020356,565.1274378769172,561.4948539166227,561.4948539166227,-40.40691712986276,-40.40691712986276,-40.40691712986276,-40.40691712986276,-40.40691712986276,-40.40691712986276,0.0,0.0,0.0,521.0879367867599
8410,1995-06-01,561.744116495745,480.5527655497356,563.1390252246732,561.744116495745,561.744116495745,-40.34137170307204,-40.34137170307204,-40.34137170307204,-40.34137170307204,-40.34137170307204,-40.34137170307204,0.0,0.0,0.0,521.4027447926729
8411,1995-06-02,561.9933790748677,480.1151089650915,560.3075009952017,561.9933790748677,561.9933790748677,-40.275379400348356,-40.275379400348356,-40.275379400348356,-40.275379400348356,-40.275379400348356,-40.275379400348356,0.0,0.0,0.0,521.7179996745193
8412,1995-06-05,562.741166812236,482.59583688069864,564.0486618756165,562.741166812236,562.741166812236,-40.074729928760526,-40.074729928760526,-40.074729928760526,-40.074729928760526,-40.074729928760526,-40.074729928760526,0.0,0.0,0.0,522.6664368834754
8413,1995-06-06,562.9904293913587,479.7663548672554,565.0768968216461,562.9904293913587,562.9904293913587,-40.006958852934126,-40.006958852934126,-40.006958852934126,-40.006958852934126,-40.006958852934126,-40.006958852934126,0.0,0.0,0.0,522.9834705384246
8414,1995-06-07,563.2396919704813,481.36395000339826,566.3349427152785,563.2396919704813,563.2396919704813,-39.93874530473956,-39.93874530473956,-39.93874530473956,-39.93874530473956,-39.93874530473956,-39.93874530473956,0.0,0.0,0.0,523.3009466657418
8415,1995-06-08,563.4889545496039,482.30209931039855,566.6248029494052,563.4889545496039,563.4889545496039,-39.87009018764157,-39.87009018764157,-39.87009018764157,-39.87009018764157,-39.87009018764157,-39.87009018764157,0.0,0.0,0.0,523.6188643619623
8416,1995-06-09,563.7382171287267,481.3728591629979,564.5280540523668,563.7382171287267,563.7382171287267,-39.80099441255633,-39.80099441255633,-39.80099441255633,-39.80099441255633,-39.80099441255633,-39.80099441255633,0.0,0.0,0.0,523.9372227161704
8417,1995-06-12,564.4860048660946,486.39941652545554,567.736677144611,564.4860048660946,564.4860048660946,-39.591072359110576,-39.591072359110576,-39.591072359110576,-39.591072359110576,-39.591072359110576,-39.591072359110576,0.0,0.0,0.0,524.894932506984
8418,1995-06-13,564.735267445217,479.86733173889013,566.0487918835901,564.735267445217,564.735267445217,-39.520223208265506,-39.520223208265506,-39.520223208265506,-39.520223208265506,-39.520223208265506,-39.520223208265506,0.0,0.0,0.0,525.2150442369515
8419,1995-06-14,564.9845300243396,484.3002117785662,567.673879913513,564.9845300243396,564.9845300243396,-39.448938063782364,-39.448938063782364,-39.448938063782364,-39.448938063782364,-39.448938063782364,-39.448938063782364,0.0,0.0,0.0,525.5355919605572
8420,1995-06-15,565.2337926034622,486.1755381361085,568.0033452095755,565.2337926034622,565.2337926034622,-39.37721788008156,-39.37721788008156,-39.37721788008156,-39.37721788008156,-39.37721788008156,-39.37721788008156,0.0,0.0,0.0,525.8565747233806
8421,1995-06-16,565.483055182585,484.7480834573841,568.7564079657218,565.483055182585,565.483055182585,-39.305063618633255,-39.305063618633255,-39.305063618633255,-39.305063618633255,-39.305063618633255,-39.305063618633255,0.0,0.0,0.0,526.1779915639518
8422,1995-06-19,566.2308429199533,487.01637722059775,569.1046508802988,566.2308429199533,566.2308429199533,-39.08600608701098,-39.08600608701098,-39.08600608701098,-39.08600608701098,-39.08600608701098,-39.08600608701098,0.0,0.0,0.0,527.1448368329422
8423,1995-06-20,566.480105499076,485.74566479738746,569.387913107181,566.480105499076,566.480105499076,-39.01212526821094,-39.01212526821094,-39.01212526821094,-39.01212526821094,-39.01212526821094,-39.01212526821094,0.0,0.0,0.0,527.467980230865
8424,1995-06-21,566.7293680781986,486.0812755966851,567.7413013913587,566.7293680781986,566.7293680781986,-38.93781528270822,-38.93781528270822,-38.93781528270822,-38.93781528270822,-38.93781528270822,-38.93781528270822,0.0,0.0,0.0,527.7915527954904
8425,1995-06-22,566.9786306573212,487.177871645966,567.1092215485422,566.9786306573212,566.9786306573212,-38.86307713304241,-38.86307713304241,-38.86307713304241,-38.86307713304241,-38.86307713304241,-38.86307713304241,0.0,0.0,0.0,528.1155535242788
8426,1995-06-23,567.227893236444,487.13362700641693,567.6272662260933,567.227893236444,567.227893236444,-38.78791182839283,-38.78791182839283,-38.78791182839283,-38.78791182839283,-38.78791182839283,-38.78791182839283,0.0,0.0,0.0,528.4399814080512
8427,1995-06-26,567.9756809738116,487.1789952328777,574.0065707874625,567.9756809738116,567.9756809738116,-38.55986317469912,-38.55986317469912,-38.55986317469912,-38.55986317469912,-38.55986317469912,-38.55986317469912,0.0,0.0,0.0,529.4158177991125
8428,1995-06-27,568.2249435529343,486.53095265098,568.2565194358211,568.2249435529343,568.2249435529343,-38.48299947264593,-38.48299947264593,-38.48299947264593,-38.48299947264593,-38.48299947264593,-38.48299947264593,0.0,0.0,0.0,529.7419440802884
8429,1995-06-28,568.4742061320569,490.3749039245195,569.2722921607843,568.4742061320569,568.4742061320569,-38.405713759041866,-38.405713759041866,-38.405713759041866,-38.405713759041866,-38.405713759041866,-38.405713759041866,0.0,0.0,0.0,530.068492373015
8430,1995-06-29,568.7234687111795,490.64967223296696,573.5220108453798,568.7234687111795,568.7234687111795,-38.3280070816656,-38.3280070816656,-38.3280070816656,-38.3280070816656,-38.3280070816656,-38.3280070816656,0.0,0.0,0.0,530.3954616295139
8431,1995-06-30,568.9727312903022,490.3037333701288,573.3850238871971,568.9727312903022,568.9727312903022,-38.24988049452265,-38.24988049452265,-38.24988049452265,-38.24988049452265,-38.24988049452265,-38.24988049452265,0.0,0.0,0.0,530.7228507957796
8432,1995-07-03,569.7205190276702,484.7975606908166,571.5933437213179,569.7205190276702,569.7205190276702,-38.01299190667126,-38.01299190667126,-38.01299190667126,-38.01299190667126,-38.01299190667126,-38.01299190667126,0.0,0.0,0.0,531.707527120999
8433,1995-07-05,570.2190441859159,491.9825072750423,572.231503411693,570.2190441859159,570.2190441859159,-37.85298623074682,-37.85298623074682,-37.85298623074682,-37.85298623074682,-37.85298623074682,-37.85298623074682,0.0,0.0,0.0,532.366057955169
8434,1995-07-06,570.4683067650386,491.12486137716024,575.2803800325353,570.4683067650386,570.4683067650386,-37.77236266021712,-37.77236266021712,-37.77236266021712,-37.77236266021712,-37.77236266021712,-37.77236266021712,0.0,0.0,0.0,532.6959441048215
8435,1995-07-07,570.7175693441609,492.2318194182835,574.4000603641936,570.7175693441609,570.7175693441609,-37.6913267272545,-37.6913267272545,-37.6913267272545,-37.6913267272545,-37.6913267272545,-37.6913267272545,0.0,0.0,0.0,533.0262426169064
8436,1995-07-10,571.4653570815289,490.54046226223016,576.1375526320653,571.4653570815289,571.4653570815289,-37.445755798708504,-37.445755798708504,-37.445755798708504,-37.445755798708504,-37.445755798708504,-37.445755798708504,0.0,0.0,0.0,534.0196012828203
8437,1995-07-11,571.7146196606516,490.14924974729064,573.1415579727455,571.7146196606516,571.7146196606516,-37.36308148914333,-37.36308148914333,-37.36308148914333,-37.36308148914333,-37.36308148914333,-37.36308148914333,0.0,0.0,0.0,534.3515381715082
8438,1995-07-12,571.9638822397742,493.477116028319,577.474033270326,571.9638822397742,571.9638822397742,-37.28000038168785,-37.28000038168785,-37.28000038168785,-37.28000038168785,-37.28000038168785,-37.28000038168785,0.0,0.0,0.0,534.6838818580864
8439,1995-07-13,572.2131448188969,492.73245813649345,574.5460643050357,572.2131448188969,572.2131448188969,-37.19651360582558,-37.19651360582558,-37.19651360582558,-37.19651360582558,-37.19651360582558,-37.19651360582558,0.0,0.0,0.0,535.0166312130714
8440,1995-07-14,572.4624073980195,491.63803698111406,576.180898013661,572.4624073980195,572.4624073980195,-37.11262229642399,-37.11262229642399,-37.11262229642399,-37.11262229642399,-37.11262229642399,-37.11262229642399,0.0,0.0,0.0,535.3497851015956
8441,1995-07-17,573.2101951353872,497.15295487658807,576.8555264332568,573.2101951353872,573.2101951353872,-36.85853259513843,-36.85853259513843,-36.85853259513843,-36.85853259513843,-36.85853259513843,-36.85853259513843,0.0,0.0,0.0,536.3516625402488
8442,1995-07-18,573.4594577145099,497.80540795050047,580.430872636503,573.4594577145099,573.4594577145099,-36.77303460580338,-36.77303460580338,-36.77303460580338,-36.77303460580338,-36.77303460580338,-36.77303460580338,0.0,0.0,0.0,536.6864231087065
8443,1995-07-19,573.7087202936328,495.09593134280067,580.2730838659954,573.7087202936328,573.7087202936328,-36.68713783589662,-36.68713783589662,-36.68713783589662,-36.68713783589662,-36.68713783589662,-36.68713783589662,0.0,0.0,0.0,537.0215824577363
8444,1995-07-20,573.9579828727556,495.65903955266003,577.3341286058917,573.9579828727556,573.9579828727556,-36.60084345131166,-36.60084345131166,-36.60084345131166,-36.60084345131166,-36.60084345131166,-36.60084345131166,0.0,0.0,0.0,537.3571394214439
8445,1995-07-21,574.2072454518782,494.476172890151,578.0886486467415,574.2072454518782,574.2072454518782,-36.51415262290021,-36.51415262290021,-36.51415262290021,-36.51415262290021,-36.51415262290021,-36.51415262290021,0.0,0.0,0.0,537.693092828978
8446,1995-07-24,574.9550331892461,494.16566318734584,579.9268057260338,574.9550331892461,574.9550331892461,-36.251713256308804,-36.251713256308804,-36.251713256308804,-36.251713256308804,-36.251713256308804,-36.251713256308804,0.0,0.0,0.0,538.7033199329373
8447,1995-07-25,575.2042957683689,498.95764953611763,582.7072453674984,575.2042957683689,575.2042957683689,-36.163448458127476,-36.163448458127476,-36.163448458127476,-36.163448458127476,-36.163448458127476,-36.163448458127476,0.0,0.0,0.0,539.0408473102414
8448,1995-07-26,575.4535583474915,496.7606012969817,578.4591426996229,575.4535583474915,575.4535583474915,-36.07479314260793,-36.07479314260793,-36.07479314260793,-36.07479314260793,-36.07479314260793,-36.07479314260793,0.0,0.0,0.0,539.3787652048835
8449,1995-07-27,575.7028209266142,495.58074224283854,580.8573162904942,575.7028209266142,575.7028209266142,-35.985748509065544,-35.985748509065544,-35.985748509065544,-35.985748509065544,-35.985748509065544,-35.985748509065544,0.0,0.0,0.0,539.7170724175487
8450,1995-07-28,575.9520835057365,497.61797314820046,580.8816625638848,575.9520835057365,575.9520835057365,-35.896315761345726,-35.896315761345726,-35.896315761345726,-35.896315761345726,-35.896315761345726,-35.896315761345726,0.0,0.0,0.0,540.0557677443908
8451,1995-07-31,576.6998712431044,499.39208129102093,582.6539800808188,576.6998712431044,576.6998712431044,-35.625700938234196,-35.625700938234196,-35.625700938234196,-35.625700938234196,-35.625700938234196,-35.625700938234196,0.0,0.0,0.0,541.0741703048702
8452,1995-08-01,576.9491338222272,501.8705056873577,584.6371062878586,576.9491338222272,576.9491338222272,-35.534727860707626,-35.534727860707626,-35.534727860707626,-35.534727860707626,-35.534727860707626,-35.534727860707626,0.0,0.0,0.0,541.4144059615195
8453,1995-08-02,577.1983964013498,499.41366049871385,583.06548460188,577.1983964013498,577.1983964013498,-35.443372754030584,-35.443372754030584,-35.443372754030584,-35.443372754030584,-35.443372754030584,-35.443372754030584,0.0,0.0,0.0,541.7550236473191
8454,1995-08-03,577.4476589804729,498.19349561708185,585.1868584224175,577.4476589804729,577.4476589804729,-35.351636847939524,-35.351636847939524,-35.351636847939524,-35.351636847939524,-35.351636847939524,-35.351636847939524,0.0,0.0,0.0,542.0960221325333
8455,1995-08-04,577.6969215595955,499.5381238427903,583.2317069350105,577.6969215595955,577.6969215595955,-35.259521376270435,-35.259521376270435,-35.259521376270435,-35.259521376270435,-35.259521376270435,-35.259521376270435,0.0,0.0,0.0,542.437400183325
8456,1995-08-07,578.4447092969634,502.79144022034177,583.618097802437,578.4447092969634,578.4447092969634,-34.98090996637214,-34.98090996637214,-34.98090996637214,-34.98090996637214,-34.98090996637214,-34.98090996637214,0.0,0.0,0.0,543.4637993305913
8457,1995-08-08,578.6939718760862,503.26641507320807,584.9794581485367,578.6939718760862,578.6939718760862,-34.88728865060941,-34.88728865060941,-34.88728865060941,-34.88728865060941,-34.88728865060941,-34.88728865060941,0.0,0.0,0.0,543.8066832254767
8458,1995-08-09,578.9432344552084,503.8424457830874,585.2343574708794,578.9432344552084,578.9432344552084,-34.79329399780397,-34.79329399780397,-34.79329399780397,-34.79329399780397,-34.79329399780397,-34.79329399780397,0.0,0.0,0.0,544.1499404574045
8459,1995-08-10,579.1924970343312,501.0496910983214,583.9358912455995,579.1924970343312,579.1924970343312,-34.698927265103606,-34.698927265103606,-34.698927265103606,-34.698927265103606,-34.698927265103606,-34.698927265103606,0.0,0.0,0.0,544.4935697692275
8460,1995-08-11,579.4417596134538,504.7112698743665,587.8712134874847,579.4417596134538,579.4417596134538,-34.604189713326136,-34.604189713326136,-34.604189713326136,-34.604189713326136,-34.604189713326136,-34.604189713326136,0.0,0.0,0.0,544.8375699001276
8461,1995-08-14,580.1895473508217,503.09991468362097,588.0676419088077,580.1895473508217,580.1895473508217,-34.31776480547229,-34.31776480547229,-34.31776480547229,-34.31776480547229,-34.31776480547229,-34.31776480547229,0.0,0.0,0.0,545.8717825453494
8462,1995-08-15,580.4388099299445,503.2347447015782,588.5484005218455,580.4388099299445,580.4388099299445,-34.221556656818024,-34.221556656818024,-34.221556656818024,-34.221556656818024,-34.221556656818024,-34.221556656818024,0.0,0.0,0.0,546.2172532731264
8463,1995-08-16,580.6880725090671,505.59993016853036,586.7814083660177,580.6880725090671,580.6880725090671,-34.12498404607813,-34.12498404607813,-34.12498404607813,-34.12498404607813,-34.12498404607813,-34.12498404607813,0.0,0.0,0.0,546.563088462989
8464,1995-08-17,580.9373350881898,503.52025407398446,589.1219160086814,580.9373350881898,580.9373350881898,-34.028048254801384,-34.028048254801384,-34.028048254801384,-34.028048254801384,-34.028048254801384,-34.028048254801384,0.0,0.0,0.0,546.9092868333884
8465,1995-08-18,581.1865976673128,504.15149874353483,586.547418422816,581.1865976673128,581.1865976673128,-33.93075056777669,-33.93075056777669,-33.93075056777669,-33.93075056777669,-33.93075056777669,-33.93075056777669,0.0,0.0,0.0,547.255847099536
8466,1995-08-21,581.9343854046804,507.9269062375876,589.6485460489014,581.9343854046804,581.9343854046804,-33.63669902742105,-33.63669902742105,-33.63669902742105,-33.63669902742105,-33.63669902742105,-33.63669902742105,0.0,0.0,0.0,548.2976863772593
8467,1995-08-22,582.1836479838031,505.5878380514746,591.4536337654903,582.1836479838031,582.1836479838031,-33.537966667952944,-33.537966667952944,-33.537966667952944,-33.537966667952944,-33.537966667952944,-33.537966667952944,0.0,0.0,0.0,548.6456813158502
8468,1995-08-23,582.4329105629257,508.03429776979846,591.134846027091,582.4329105629257,582.4329105629257,-33.43887888313915,-33.43887888313915,-33.43887888313915,-33.43887888313915,-33.43887888313915,-33.43887888313915,0.0,0.0,0.0,548.9940316797865
8469,1995-08-24,582.6821731420484,508.41701210115076,589.301948904214,582.6821731420484,582.6821731420484,-33.33943697592235,-33.33943697592235,-33.33943697592235,-33.33943697592235,-33.33943697592235,-33.33943697592235,0.0,0.0,0.0,549.3427361661261
8470,1995-08-25,582.931435721171,508.15559905412476,591.0222421143637,582.931435721171,582.931435721171,-33.23964225205674,-33.23964225205674,-33.23964225205674,-33.23964225205674,-33.23964225205674,-33.23964225205674,0.0,0.0,0.0,549.6917934691144
8471,1995-08-28,583.6792234585391,508.2436141497129,595.9502471430088,583.6792234585391,583.6792234585391,-32.93815427899402,-32.93815427899402,-32.93815427899402,-32.93815427899402,-32.93815427899402,-32.93815427899402,0.0,0.0,0.0,550.7410691795451
8472,1995-08-29,583.9284860376617,509.51914454601786,592.4629811471991,583.9284860376617,583.9284860376617,-32.83696140016094,-32.83696140016094,-32.83696140016094,-32.83696140016094,-32.83696140016094,-32.83696140016094,0.0,0.0,0.0,551.0915246375008
8473,1995-08-30,584.177748616784,509.5544197525743,591.9164002363111,584.177748616784,584.177748616784,-32.73542227348005,-32.73542227348005,-32.73542227348005,-32.73542227348005,-32.73542227348005,-32.73542227348005,0.0,0.0,0.0,551.442326343304
8474,1995-08-31,584.4270111959067,508.8706619033706,594.0611383183435,584.4270111959067,584.4270111959067,-32.63353822029048,-32.63353822029048,-32.63353822029048,-32.63353822029048,-32.63353822029048,-32.63353822029048,0.0,0.0,0.0,551.7934729756163
8475,1995-09-01,584.6762737750294,512.9525546449576,595.483889233633,584.6762737750294,584.6762737750294,-32.531310564315234,-32.531310564315234,-32.531310564315234,-32.531310564315234,-32.531310564315234,-32.531310564315234,0.0,0.0,0.0,552.1449632107141
8476,1995-09-05,585.6733240915204,511.8523774103372,594.1978770003441,585.6733240915204,585.6733240915204,-32.118990467058644,-32.118990467058644,-32.118990467058644,-32.118990467058644,-32.118990467058644,-32.118990467058644,0.0,0.0,0.0,553.5543336244617
8477,1995-09-06,585.922586670643,512.7818070608213,593.5493019070283,585.922586670643,585.922586670643,-32.01506473218932,-32.01506473218932,-32.01506473218932,-32.01506473218932,-32.01506473218932,-32.01506473218932,0.0,0.0,0.0,553.9075219384537
8478,1995-09-07,586.1718492497657,513.8928181375817,594.9619963000528,586.1718492497657,586.1718492497657,-31.910803383535516,-31.910803383535516,-31.910803383535516,-31.910803383535516,-31.910803383535516,-31.910803383535516,0.0,0.0,0.0,554.2610458662302
8479,1995-09-08,586.4211118288883,511.5310150538905,596.9323928508346,586.4211118288883,586.4211118288883,-31.80620775980826,-31.80620775980826,-31.80620775980826,-31.80620775980826,-31.80620775980826,-31.80620775980826,0.0,0.0,0.0,554.6149040690801
8480,1995-09-11,587.1688995662561,515.0246203363432,595.3909845423221,587.1688995662561,587.1688995662561,-31.490428653419993,-31.490428653419993,-31.490428653419993,-31.490428653419993,-31.490428653419993,-31.490428653419993,0.0,0.0,0.0,555.6784709128361
8481,1995-09-12,587.4181621453787,514.1372399647788,600.4302921801893,587.4181621453787,587.4181621453787,-31.384509353584704,-31.384509353584704,-31.384509353584704,-31.384509353584704,-31.384509353584704,-31.384509353584704,0.0,0.0,0.0,556.033652791794
8482,1995-09-13,587.6674247245013,514.7641278913209,598.090935671392,587.6674247245013,587.6674247245013,-31.27826249950978,-31.27826249950978,-31.27826249950978,-31.27826249950978,-31.27826249950978,-31.27826249950978,0.0,0.0,0.0,556.3891622249915
8483,1995-09-14,587.916687303624,515.6174363466816,598.248768650653,587.916687303624,587.916687303624,-31.17168944039613,-31.17168944039613,-31.17168944039613,-31.17168944039613,-31.17168944039613,-31.17168944039613,0.0,0.0,0.0,556.7449978632279
8484,1995-09-15,588.1659498827466,519.8691528316864,599.1858592043903,588.1659498827466,588.1659498827466,-31.06479152698241,-31.06479152698241,-31.06479152698241,-31.06479152698241,-31.06479152698241,-31.06479152698241,0.0,0.0,0.0,557.1011583557643
8485,1995-09-18,588.9137376201151,516.5786241167245,598.4205629202398,588.9137376201152,588.9137376201152,-30.742162190138703,-30.742162190138703,-30.742162190138703,-30.742162190138703,-30.742162190138703,-30.742162190138703,0.0,0.0,0.0,558.1715754299763
8486,1995-09-19,589.1630001992377,517.448510552343,597.6904481811516,589.1630001992377,589.1630001992377,-30.63397839557449,-30.63397839557449,-30.63397839557449,-30.63397839557449,-30.63397839557449,-30.63397839557449,0.0,0.0,0.0,558.5290218036632
8487,1995-09-20,589.4122627783604,516.6174839871327,599.6630298160946,589.4122627783604,589.4122627783604,-30.52547652137837,-30.52547652137837,-30.52547652137837,-30.52547652137837,-30.52547652137837,-30.52547652137837,0.0,0.0,0.0,558.8867862569821
8488,1995-09-21,589.661525357483,516.2520220214219,601.5112493307903,589.661525357483,589.661525357483,-30.416657926260992,-30.416657926260992,-30.416657926260992,-30.416657926260992,-30.416657926260992,-30.416657926260992,0.0,0.0,0.0,559.244867431222
8489,1995-09-22,589.9107879366056,517.9983661134163,601.8122973433564,589.9107879366056,589.9107879366056,-30.307523970053996,-30.307523970053996,-30.307523970053996,-30.307523970053996,-30.307523970053996,-30.307523970053996,0.0,0.0,0.0,559.6032639665516
8490,1995-09-25,590.6585756739734,519.9993626835187,601.9827264257642,590.6585756739734,590.6585756739734,-29.978243548768805,-29.978243548768805,-29.978243548768805,-29.978243548768805,-29.978243548768805,-29.978243548768805,0.0,0.0,0.0,560.6803321252046
8491,1995-09-26,590.907838253096,521.2430878046429,601.6535599364572,590.907838253096,590.907838253096,-29.8678617668505,-29.8678617668505,-29.8678617668505,-29.8678617668505,-29.8678617668505,-29.8678617668505,0.0,0.0,0.0,561.0399764862455
8492,1995-09-27,591.1571008322187,519.4535646140038,601.5747056907487,591.1571008322187,591.1571008322187,-29.757171437733188,-29.757171437733188,-29.757171437733188,-29.757171437733188,-29.757171437733188,-29.757171437733188,0.0,0.0,0.0,561.3999293944855
8493,1995-09-28,591.4063634113413,519.4823009851117,602.1889662088564,591.4063634113413,591.4063634113413,-29.646173926728626,-29.646173926728626,-29.646173926728626,-29.646173926728626,-29.646173926728626,-29.646173926728626,0.0,0.0,0.0,561.7601894846127
8494,1995-09-29,591.6556259904639,521.2983142290439,604.7044420816878,591.6556259904639,591.6556259904639,-29.534870599856937,-29.534870599856937,-29.534870599856937,-29.534870599856937,-29.534870599856937,-29.534870599856937,0.0,0.0,0.0,562.120755390607
8495,1995-10-02,592.4034137278323,520.1060075899672,606.54421594384,592.4034137278323,592.4034137278323,-29.19913939361712,-29.19913939361712,-29.19913939361712,-29.19913939361712,-29.19913939361712,-29.19913939361712,0.0,0.0,0.0,563.2042743342153
8496,1995-10-03,592.652676306955,523.1157872829777,605.5902632439091,592.652676306955,592.652676306955,-29.086626475575006,-29.086626475575006,-29.086626475575006,-29.086626475575006,-29.086626475575006,-29.086626475575006,0.0,0.0,0.0,563.5660498313799
8497,1995-10-04,592.9019388860777,523.1041515918007,606.5959016863504,592.9019388860777,592.9019388860777,-28.973814580330853,-28.973814580330853,-28.973814580330853,-28.973814580330853,-28.973814580330853,-28.973814580330853,0.0,0.0,0.0,563.9281243057468
8498,1995-10-05,593.1512014652,522.2028275313693,607.0182176154606,593.1512014652,593.1512014652,-28.860705076923317,-28.860705076923317,-28.860705076923317,-28.860705076923317,-28.860705076923317,-28.860705076923317,0.0,0.0,0.0,564.2904963882767
8499,1995-10-06,593.4004640443226,522.2587233565974,607.3008004447419,593.4004640443226,593.4004640443226,-28.747299334691895,-28.747299334691895,-28.747299334691895,-28.747299334691895,-28.747299334691895,-28.747299334691895,0.0,0.0,0.0,564.6531647096307
8500,1995-10-09,594.1482517816906,523.3076927679876,606.2986706702206,594.1482517816906,594.1482517816906,-28.405318371732008,-28.405318371732008,-28.405318371732008,-28.405318371732008,-28.405318371732008,-28.405318371732008,0.0,0.0,0.0,565.7429334099586
8501,1995-10-10,594.3975143608133,526.699154145793,605.9912741244702,594.3975143608133,594.3975143608133,-28.29074137157702,-28.29074137157702,-28.29074137157702,-28.29074137157702,-28.29074137157702,-28.29074137157702,0.0,0.0,0.0,566.1067729892362
8502,1995-10-11,594.646776939936,525.2172132815422,607.3239544108196,594.646776939936,594.646776939936,-28.17587498177759,-28.17587498177759,-28.17587498177759,-28.17587498177759,-28.17587498177759,-28.17587498177759,0.0,0.0,0.0,566.4709019581584
8503,1995-10-12,594.8960395190586,527.0957442377859,608.8059075139645,594.8960395190586,594.8960395190586,-28.060720572264636,-28.060720572264636,-28.060720572264636,-28.060720572264636,-28.060720572264636,-28.060720572264636,0.0,0.0,0.0,566.835318946794
8504,1995-10-13,595.1453020981812,522.4033192263068,607.9767878658276,595.1453020981812,595.1453020981812,-27.945279512868286,-27.945279512868286,-27.945279512868286,-27.945279512868286,-27.945279512868286,-27.945279512868286,0.0,0.0,0.0,567.2000225853129
8505,1995-10-16,595.893089835549,524.4922001462724,611.4645227430291,595.893089835549,595.893089835549,-27.597250130964408,-27.597250130964408,-27.597250130964408,-27.597250130964408,-27.597250130964408,-27.597250130964408,0.0,0.0,0.0,568.2958397045845
8506,1995-10-17,596.1423524146719,529.2747254240694,608.9166607696113,596.1423524146719,596.1423524146719,-27.480676166319615,-27.480676166319615,-27.480676166319615,-27.480676166319615,-27.480676166319615,-27.480676166319615,0.0,0.0,0.0,568.6616762483523
8507,1995-10-18,596.3916149937946,529.1805623703403,609.6543577703428,596.3916149937946,596.3916149937946,-27.36382239743601,-27.36382239743601,-27.36382239743601,-27.36382239743601,-27.36382239743601,-27.36382239743601,0.0,0.0,0.0,569.0277925963586
8508,1995-10-19,596.6408775729172,530.2821741945124,612.8704422146892,596.6408775729172,596.6408775729172,-27.24669019234691,-27.24669019234691,-27.24669019234691,-27.24669019234691,-27.24669019234691,-27.24669019234691,0.0,0.0,0.0,569.3941873805703
8509,1995-10-20,596.89014015204,529.3598656341647,612.1652921098421,596.89014015204,596.89014015204,-27.129280918589327,-27.129280918589327,-27.129280918589327,-27.129280918589327,-27.129280918589327,-27.129280918589327,0.0,0.0,0.0,569.7608592334507
8510,1995-10-23,597.6379278894079,530.0923156552112,610.6534865026158,597.6379278894079,597.6379278894079,-26.77540435206339,-26.77540435206339,-26.77540435206339,-26.77540435206339,-26.77540435206339,-26.77540435206339,0.0,0.0,0.0,570.8625235373445
8511,1995-10-24,597.8871904685305,531.1924566419574,612.837915322018,597.8871904685305,597.8871904685305,-26.656900467129624,-26.656900467129624,-26.656900467129624,-26.656900467129624,-26.656900467129624,-26.656900467129624,0.0,0.0,0.0,571.2302900014009
8512,1995-10-25,598.1364530476533,531.239856475743,615.3252708115161,598.1364530476533,598.1364530476533,-26.538126341822302,-26.538126341822302,-26.538126341822302,-26.538126341822302,-26.538126341822302,-26.538126341822302,0.0,0.0,0.0,571.598326705831
8513,1995-10-26,598.3857156267755,528.397529250424,611.942313615571,598.3857156267755,598.3857156267755,-26.419083339535163,-26.419083339535163,-26.419083339535163,-26.419083339535163,-26.419083339535163,-26.419083339535163,0.0,0.0,0.0,571.9666322872404
8514,1995-10-27,598.6349782058983,531.5686495370791,611.7609151774816,598.6349782058983,598.6349782058983,-26.299772822777996,-26.299772822777996,-26.299772822777996,-26.299772822777996,-26.299772822777996,-26.299772822777996,0.0,0.0,0.0,572.3352053831203
8515,1995-10-30,599.3827659432662,530.965951656256,617.0571019471384,599.3827659432662,599.3827659432662,-25.940249796384418,-25.940249796384418,-25.940249796384418,-25.940249796384418,-25.940249796384418,-25.940249796384418,0.0,0.0,0.0,573.4425161468819
8516,1995-10-31,599.6320285223889,531.1126715255482,612.7254712338956,599.6320285223889,599.6320285223889,-25.819882827263648,-25.819882827263648,-25.819882827263648,-25.819882827263648,-25.819882827263648,-25.819882827263648,0.0,0.0,0.0,573.8121456951252
8517,1995-11-01,599.8812911015119,530.807505740464,615.2189444021897,599.881291101512,599.881291101512,-25.69925514105947,-25.69925514105947,-25.69925514105947,-25.69925514105947,-25.69925514105947,-25.69925514105947,0.0,0.0,0.0,574.1820359604525
8518,1995-11-02,600.1305536806345,533.8115739807605,618.029748928011,600.1305536806345,600.1305536806345,-25.57836809383731,-25.57836809383731,-25.57836809383731,-25.57836809383731,-25.57836809383731,-25.57836809383731,0.0,0.0,0.0,574.5521855867972
8519,1995-11-03,600.3798162597573,533.3173023855506,617.261600844781,600.3798162597573,600.3798162597573,-25.457223040399438,-25.457223040399438,-25.457223040399438,-25.457223040399438,-25.457223040399438,-25.457223040399438,0.0,0.0,0.0,574.9225932193579
8520,1995-11-06,601.1276039971252,530.8478020097921,618.3352774117218,601.1276039971252,601.1276039971252,-25.092253370742846,-25.092253370742846,-25.092253370742846,-25.092253370742846,-25.092253370742846,-25.092253370742846,0.0,0.0,0.0,576.0353506263824
8521,1995-11-07,601.3768665762475,534.6361726938712,620.8962761177189,601.3768665762475,601.3768665762475,-24.970089813331896,-24.970089813331896,-24.970089813331896,-24.970089813331896,-24.970089813331896,-24.970089813331896,0.0,0.0,0.0,576.4067767629156
8522,1995-11-08,601.6261291553702,531.8217607581505,618.4021485205158,601.6261291553702,601.6261291553702,-24.8476750029022,-24.8476750029022,-24.8476750029022,-24.8476750029022,-24.8476750029022,-24.8476750029022,0.0,0.0,0.0,576.778454152468
8523,1995-11-09,601.8753917344928,535.3111020977257,619.6454591637432,601.8753917344928,601.8753917344928,-24.72501028555965,-24.72501028555965,-24.72501028555965,-24.72501028555965,-24.72501028555965,-24.72501028555965,0.0,0.0,0.0,577.1503814489332
8524,1995-11-10,602.1246543136156,539.7296974907199,620.5313386206581,602.1246543136156,602.1246543136156,-24.602097005776088,-24.602097005776088,-24.602097005776088,-24.602097005776088,-24.602097005776088,-24.602097005776088,0.0,0.0,0.0,577.5225573078395
8525,1995-11-13,602.8724420509835,539.5421310964622,618.2899634845029,602.8724420509835,602.8724420509835,-24.23187921088732,-24.23187921088732,-24.23187921088732,-24.23187921088732,-24.23187921088732,-24.23187921088732,0.0,0.0,0.0,578.6405628400962
8526,1995-11-14,603.1217046301061,537.7807353042697,622.2369032688209,603.1217046301061,603.1217046301061,-24.107985091549185,-24.107985091549185,-24.107985091549185,-24.107985091549185,-24.107985091549185,-24.107985091549185,0.0,0.0,0.0,579.013719538557
8527,1995-11-15,603.3709672092289,538.5595832687065,621.043534042425,603.3709672092289,603.3709672092289,-23.983849105794416,-23.983849105794416,-23.983849105794416,-23.983849105794416,-23.983849105794416,-23.983849105794416,0.0,0.0,0.0,579.3871181034344
8528,1995-11-16,603.6202297883518,539.898216430449,621.2529892540526,603.6202297883518,603.6202297883518,-23.859472587199445,-23.859472587199445,-23.859472587199445,-23.859472587199445,-23.859472587199445,-23.859472587199445,0.0,0.0,0.0,579.7607572011524
8529,1995-11-17,603.8694923674745,535.7373358598742,621.3906901303596,603.8694923674745,603.8694923674745,-23.734856867344554,-23.734856867344554,-23.734856867344554,-23.734856867344554,-23.734856867344554,-23.734856867344554,0.0,0.0,0.0,580.13463550013
8530,1995-11-20,604.6172801048422,540.9091288880543,622.6813404953742,604.6172801048422,604.6172801048422,-23.359587785016387,-23.359587785016387,-23.359587785016387,-23.359587785016387,-23.359587785016387,-23.359587785016387,0.0,0.0,0.0,581.2576923198258
8531,1995-11-21,604.8665426839648,537.3639919768144,621.6996420500482,604.8665426839648,604.8665426839648,-23.234028534227562,-23.234028534227562,-23.234028534227562,-23.234028534227562,-23.234028534227562,-23.234028534227562,0.0,0.0,0.0,581.6325141497372
8532,1995-11-22,605.1158052630875,541.182541655,626.757006163242,605.1158052630875,605.1158052630875,-23.108236708365514,-23.108236708365514,-23.108236708365514,-23.108236708365514,-23.108236708365514,-23.108236708365514,0.0,0.0,0.0,582.007568554722
8533,1995-11-24,605.6143304213329,539.6607488108136,624.6205393987748,605.6143304213329,605.6143304213329,-22.855960603241595,-22.855960603241595,-22.855960603241595,-22.855960603241595,-22.855960603241595,-22.855960603241595,0.0,0.0,0.0,582.7583698180913
8534,1995-11-27,606.3621181587008,542.078170731179,623.1442217321494,606.3621181587008,606.3621181587008,-22.475835018701435,-22.475835018701435,-22.475835018701435,-22.475835018701435,-22.475835018701435,-22.475835018701435,0.0,0.0,0.0,583.8862831399994
8535,1995-11-28,606.6113807378231,545.9474417087364,624.0548288741038,606.6113807378231,606.6113807378231,-22.348675347865697,-22.348675347865697,-22.348675347865697,-22.348675347865697,-22.348675347865697,-22.348675347865697,0.0,0.0,0.0,584.2627053899574
8536,1995-11-29,606.8606433169458,542.3396398541323,625.7308825795484,606.8606433169458,606.8606433169458,-22.22129228071221,-22.22129228071221,-22.22129228071221,-22.22129228071221,-22.22129228071221,-22.22129228071221,0.0,0.0,0.0,584.6393510362336
8537,1995-11-30,607.1099058960684,540.8957105252764,623.268089213348,607.1099058960684,607.1099058960684,-22.09368711831303,-22.09368711831303,-22.09368711831303,-22.09368711831303,-22.09368711831303,-22.09368711831303,0.0,0.0,0.0,585.0162187777554
8538,1995-12-01,607.3591684751918,542.8665505663736,627.4695324647535,607.3591684751918,607.3591684751918,-21.965861159049126,-21.965861159049126,-21.965861159049126,-21.965861159049126,-21.965861159049126,-21.965861159049126,0.0,0.0,0.0,585.3933073161427
8539,1995-12-04,608.1069562125595,541.5436732958525,629.4128180553391,608.1069562125595,608.1069562125595,-21.58107144252344,-21.58107144252344,-21.58107144252344,-21.58107144252344,-21.58107144252344,-21.58107144252344,0.0,0.0,0.0,586.525884770036
8540,1995-12-05,608.3562187916821,545.4417409967427,626.286960592603,608.3562187916821,608.3562187916821,-21.452375224132396,-21.452375224132396,-21.452375224132396,-21.452375224132396,-21.452375224132396,-21.452375224132396,0.0,0.0,0.0,586.9038435675496
8541,1995-12-06,608.6054813708048,544.9629208185277,625.781678740916,608.6054813708048,608.6054813708048,-21.323464658754975,-21.323464658754975,-21.323464658754975,-21.323464658754975,-21.323464658754975,-21.323464658754975,0.0,0.0,0.0,587.2820167120498
8542,1995-12-07,608.8547439499274,548.1868254330675,631.0399892687747,608.8547439499274,608.8547439499274,-21.194341027629438,-21.194341027629438,-21.194341027629438,-21.194341027629438,-21.194341027629438,-21.194341027629438,0.0,0.0,0.0,587.660402922298
8543,1995-12-08,609.1040065290501,546.0232315279939,632.5385321378384,609.1040065290501,609.1040065290501,-21.065005608971394,-21.065005608971394,-21.065005608971394,-21.065005608971394,-21.065005608971394,-21.065005608971394,0.0,0.0,0.0,588.0390009200787
8544,1995-12-11,609.8517942664178,547.3807204771654,631.9462668728725,609.8517942664178,609.8517942664178,-20.675741363663594,-20.675741363663594,-20.675741363663594,-20.675741363663594,-20.675741363663594,-20.675741363663594,0.0,0.0,0.0,589.1760529027541
8545,1995-12-12,610.1010568455404,548.729068325495,630.0066165361627,610.1010568455404,610.1010568455404,-20.54557151497837,-20.54557151497837,-20.54557151497837,-20.54557151497837,-20.54557151497837,-20.54557151497837,0.0,0.0,0.0,589.555485330562
8546,1995-12-13,610.3503194246631,548.9775960693515,632.2987689519074,610.3503194246631,610.3503194246631,-20.41519622289348,-20.41519622289348,-20.41519622289348,-20.41519622289348,-20.41519622289348,-20.41519622289348,0.0,0.0,0.0,589.9351232017697
8547,1995-12-14,610.5995820037857,550.6996078642102,628.1162309547964,610.5995820037857,610.5995820037857,-20.284616746526297,-20.284616746526297,-20.284616746526297,-20.284616746526297,-20.284616746526297,-20.284616746526297,0.0,0.0,0.0,590.3149652572595
8548,1995-12-15,610.8488445829084,549.3100065129265,632.0347553622028,610.8488445829084,610.8488445829084,-20.153834341650025,-20.153834341650025,-20.153834341650025,-20.153834341650025,-20.153834341650025,-20.153834341650025,0.0,0.0,0.0,590.6950102412584
8549,1995-12-18,611.5966323202767,552.9957568372159,628.5655777483071,611.5966323202767,611.5966323202767,-19.760282062632605,-19.760282062632605,-19.760282062632605,-19.760282062632605,-19.760282062632605,-19.760282062632605,0.0,0.0,0.0,591.8363502576441
8550,1995-12-19,611.8458948993995,550.8432457431517,633.4765277747655,611.8458948993995,611.8458948993995,-19.62870043304795,-19.62870043304795,-19.62870043304795,-19.62870043304795,-19.62870043304795,-19.62870043304795,0.0,0.0,0.0,592.2171944663515
8551,1995-12-20,612.0951574785221,552.6394478077491,633.5091049315452,612.0951574785221,612.0951574785221,-19.496922102125847,-19.496922102125847,-19.496922102125847,-19.496922102125847,-19.496922102125847,-19.496922102125847,0.0,0.0,0.0,592.5982353763962
8552,1995-12-21,612.3444200576447,552.2046434125916,635.643227967636,612.3444200576447,612.3444200576447,-19.364948304652764,-19.364948304652764,-19.364948304652764,-19.364948304652764,-19.364948304652764,-19.364948304652764,0.0,0.0,0.0,592.9794717529919
8553,1995-12-22,612.5936826367674,552.6015213464273,636.0934291894621,612.5936826367674,612.5936826367674,-19.232780271762174,-19.232780271762174,-19.232780271762174,-19.232780271762174,-19.232780271762174,-19.232780271762174,0.0,0.0,0.0,593.3609023650052
8554,1995-12-26,613.5907329532578,552.8039914998626,637.9126395058387,613.5907329532578,613.5907329532578,-18.702190278499987,-18.702190278499987,-18.702190278499987,-18.702190278499987,-18.702190278499987,-18.702190278499987,0.0,0.0,0.0,594.8885426747578
8555,1995-12-27,613.8399955323804,555.5339974700909,638.2210921905998,613.8399955323804,613.8399955323804,-18.569069404726616,-18.569069404726616,-18.569069404726616,-18.569069404726616,-18.569069404726616,-18.569069404726616,0.0,0.0,0.0,595.2709261276538
8556,1995-12-28,614.089258111503,551.2776992665429,639.4382264720981,614.089258111503,614.089258111503,-18.435761603260435,-18.435761603260435,-18.435761603260435,-18.435761603260435,-18.435761603260435,-18.435761603260435,0.0,0.0,0.0,595.6534965082426
8557,1995-12-29,614.3385206906257,557.111298099929,638.7114080438786,614.3385206906257,614.3385206906257,-18.30226807847965,-18.30226807847965,-18.30226807847965,-18.30226807847965,-18.30226807847965,-18.30226807847965,0.0,0.0,0.0,596.0362526121461
8558,1996-01-02,615.3355710071168,556.6380187455172,641.70532658525,615.3355710071168,615.3355710071168,-17.766460693275146,-17.766460693275146,-17.766460693275146,-17.766460693275146,-17.766460693275146,-17.766460693275146,0.0,0.0,0.0,597.5691103138416
8559,1996-01-03,615.5848335862394,558.5757428723531,637.057155933421,615.5848335862394,615.5848335862394,-17.632056476518105,-17.632056476518105,-17.632056476518105,-17.632056476518105,-17.632056476518105,-17.632056476518105,0.0,0.0,0.0,597.9527771097213
8560,1996-01-04,615.8340961653616,556.8251696981933,639.4870371657018,615.8340961653616,615.8340961653616,-17.49747367749669,-17.49747367749669,-17.49747367749669,-17.49747367749669,-17.49747367749669,-17.49747367749669,0.0,0.0,0.0,598.3366224878649
8561,1996-01-05,616.0833587444844,556.1608465681778,640.1703530302833,616.0833587444844,616.0833587444844,-17.362713471803644,-17.362713471803644,-17.362713471803644,-17.362713471803644,-17.362713471803644,-17.362713471803644,0.0,0.0,0.0,598.7206452726807
8562,1996-01-08,616.8311464818523,559.1853358330374,640.4976175492567,616.8311464818523,616.8311464818523,-16.957380106289715,-16.957380106289715,-16.957380106289715,-16.957380106289715,-16.957380106289715,-16.957380106289715,0.0,0.0,0.0,599.8737663755626
8563,1996-01-09,617.0804090609751,561.7779526788688,642.4455953649226,617.080409060975,617.080409060975,-16.82192194378611,-16.82192194378611,-16.82192194378611,-16.82192194378611,-16.82192194378611,-16.82192194378611,0.0,0.0,0.0,600.2584871171889
8564,1996-01-10,617.3296716400977,558.7362409617303,640.2837168687472,617.3296716400977,617.3296716400977,-16.68629218769495,-16.68629218769495,-16.68629218769495,-16.68629218769495,-16.68629218769495,-16.68629218769495,0.0,0.0,0.0,600.6433794524028
8565,1996-01-11,617.5789342192204,559.7284601060061,642.635163333323,617.5789342192204,617.5789342192204,-16.5504919873841,-16.5504919873841,-16.5504919873841,-16.5504919873841,-16.5504919873841,-16.5504919873841,0.0,0.0,0.0,601.0284422318363
8566,1996-01-12,617.828196798343,560.601424829445,640.7628030956012,617.828196798343,617.828196798343,-16.414522487716685,-16.414522487716685,-16.414522487716685,-16.414522487716685,-16.414522487716685,-16.414522487716685,0.0,0.0,0.0,601.4136743106263
8567,1996-01-15,618.5759845357113,559.6706145771608,642.323056980691,618.5759845357113,618.5759845357113,-16.00560957282944,-16.00560957282944,-16.00560957282944,-16.00560957282944,-16.00560957282944,-16.00560957282944,0.0,0.0,0.0,602.5703749628818
8568,1996-01-16,618.8252471148337,563.2827418414707,646.1841126093104,618.8252471148337,618.8252471148337,-15.868974232935669,-15.868974232935669,-15.868974232935669,-15.868974232935669,-15.868974232935669,-15.868974232935669,0.0,0.0,0.0,602.956272881898
8569,1996-01-17,619.0745096939563,562.2818399035073,644.2410114811335,619.0745096939563,619.0745096939563,-15.732175249102394,-15.732175249102394,-15.732175249102394,-15.732175249102394,-15.732175249102394,-15.732175249102394,0.0,0.0,0.0,603.3423344448539
8570,1996-01-18,619.323772273079,561.8401159604811,645.2236256444685,619.323772273079,619.323772273079,-15.595213738373038,-15.595213738373038,-15.595213738373038,-15.595213738373038,-15.595213738373038,-15.595213738373038,0.0,0.0,0.0,603.728558534706
8571,1996-01-19,619.5730348522017,563.8828321570868,644.5726703157428,619.5730348522017,619.5730348522017,-15.45809081302747,-15.45809081302747,-15.45809081302747,-15.45809081302747,-15.45809081302747,-15.45809081302747,0.0,0.0,0.0,604.1149440391741
8572,1996-01-22,620.3208225895696,561.6330095609383,645.9255685473985,620.3208225895696,620.3208225895696,-15.045764599861574,-15.045764599861574,-15.045764599861574,-15.045764599861574,-15.045764599861574,-15.045764599861574,0.0,0.0,0.0,605.275057989708
8573,1996-01-23,620.5700851686923,563.1243457265051,648.8203053385619,620.5700851686923,620.5700851686923,-14.908007042295074,-14.908007042295074,-14.908007042295074,-14.908007042295074,-14.908007042295074,-14.908007042295074,0.0,0.0,0.0,605.6620781263973
8574,1996-01-24,620.819347747815,564.6430375660178,649.6149823217245,620.819347747815,620.819347747815,-14.77009355878788,-14.77009355878788,-14.77009355878788,-14.77009355878788,-14.77009355878788,-14.77009355878788,0.0,0.0,0.0,606.0492541890271
8575,1996-01-25,621.0686103269373,564.3678804774491,647.6687457605925,621.0686103269372,621.0686103269372,-14.632025232284075,-14.632025232284075,-14.632025232284075,-14.632025232284075,-14.632025232284075,-14.632025232284075,0.0,0.0,0.0,606.4365850946533
8576,1996-01-26,621.31787290606,566.2314451227867,650.3156891171568,621.31787290606,621.31787290606,-14.493803140717214,-14.493803140717214,-14.493803140717214,-14.493803140717214,-14.493803140717214,-14.493803140717214,0.0,0.0,0.0,606.8240697653428
8577,1996-01-29,622.0656606434279,567.3247510187231,651.3857454262187,622.0656606434279,622.0656606434279,-14.078224979099454,-14.078224979099454,-14.078224979099454,-14.078224979099454,-14.078224979099454,-14.078224979099454,0.0,0.0,0.0,607.9874356643285
8578,1996-01-30,622.3149232225506,565.7953130797339,651.3959065695905,622.3149232225506,622.3149232225506,-13.939398505213237,-13.939398505213237,-13.939398505213237,-13.939398505213237,-13.939398505213237,-13.939398505213237,0.0,0.0,0.0,608.3755247173374
8579,1996-01-31,622.5641858016736,565.2938400383604,649.1968057627555,622.5641858016736,622.5641858016736,-13.800423579586425,-13.800423579586425,-13.800423579586425,-13.800423579586425,-13.800423579586425,-13.800423579586425,0.0,0.0,0.0,608.7637622220872
8580,1996-02-01,622.8134483807963,568.6726722378553,650.6263750770358,622.8134483807963,622.8134483807963,-13.661301249381678,-13.661301249381678,-13.661301249381678,-13.661301249381678,-13.661301249381678,-13.661301249381678,0.0,0.0,0.0,609.1521471314146
8581,1996-02-02,623.062710959919,570.1878733350771,652.2791244876948,623.062710959919,623.062710959919,-13.52203255651809,-13.52203255651809,-13.52203255651809,-13.52203255651809,-13.52203255651809,-13.52203255651809,0.0,0.0,0.0,609.5406784034009
8582,1996-02-05,623.8104986972869,571.1954248995405,649.7560678454216,623.8104986972869,623.8104986972869,-13.103358641841279,-13.103358641841279,-13.103358641841279,-13.103358641841279,-13.103358641841279,-13.103358641841279,0.0,0.0,0.0,610.7071400554456
8583,1996-02-06,624.0597612764093,567.61125452,649.8577793086121,624.0597612764093,624.0597612764093,-12.963514811545883,-12.963514811545883,-12.963514811545883,-12.963514811545883,-12.963514811545883,-12.963514811545883,0.0,0.0,0.0,611.0962464648634
8584,1996-02-07,624.3090238555319,570.2000329328067,651.6662000401415,624.3090238555319,624.3090238555319,-12.823529748420603,-12.823529748420603,-12.823529748420603,-12.823529748420603,-12.823529748420603,-12.823529748420603,0.0,0.0,0.0,611.4854941071113
8585,1996-02-08,624.558286434655,572.1465100028524,654.8617978717023,624.558286434655,624.558286434655,-12.683404462259015,-12.683404462259015,-12.683404462259015,-12.683404462259015,-12.683404462259015,-12.683404462259015,0.0,0.0,0.0,611.874881972396
8586,1996-02-09,624.8955012629149,569.3525571095955,651.3004699094424,624.8955012629149,624.8955012629149,-12.54313995739233,-12.54313995739233,-12.54313995739233,-12.54313995739233,-12.54313995739233,-12.54313995739233,0.0,0.0,0.0,612.3523613055225
8587,1996-02-12,625.907145747694,572.8012538424006,655.3536829803579,625.907145747694,625.907145747694,-12.121521091306459,-12.121521091306459,-12.121521091306459,-12.121521091306459,-12.121521091306459,-12.121521091306459,0.0,0.0,0.0,613.7856246563875
8588,1996-02-13,626.2443605759539,572.4134566873133,656.7437922888668,626.2443605759539,626.2443605759539,-11.980709644633796,-11.980709644633796,-11.980709644633796,-11.980709644633796,-11.980709644633796,-11.980709644633796,0.0,0.0,0.0,614.2636509313202
8589,1996-02-14,626.5815754042131,573.6050635623886,654.6575803388237,626.5815754042131,626.5815754042131,-11.839763917930687,-11.839763917930687,-11.839763917930687,-11.839763917930687,-11.839763917930687,-11.839763917930687,0.0,0.0,0.0,614.7418114862825
8590,1996-02-15,626.9187902324737,574.0270016186487,657.0430388337703,626.9187902324737,626.9187902324737,-11.69868488213091,-11.69868488213091,-11.69868488213091,-11.69868488213091,-11.69868488213091,-11.69868488213091,0.0,0.0,0.0,615.2201053503428
8591,1996-02-16,627.2560050607337,570.799641492589,657.3407581736495,627.2560050607337,627.2560050607337,-11.55747350250106,-11.55747350250106,-11.55747350250106,-11.55747350250106,-11.55747350250106,-11.55747350250106,0.0,0.0,0.0,615.6985315582327
8592,1996-02-20,628.6048643737728,572.0028751937409,658.0927867142187,628.6048643737728,628.6048643737728,-10.99132365107567,-10.99132365107567,-10.99132365107567,-10.99132365107567,-10.99132365107567,-10.99132365107567,0.0,0.0,0.0,617.6135407226972
8593,1996-02-21,628.9420792020327,575.0917770346468,658.6954854239563,628.9420792020327,628.9420792020327,-10.849464830975295,-10.849464830975295,-10.849464830975295,-10.849464830975295,-10.849464830975295,-10.849464830975295,0.0,0.0,0.0,618.0926143710574
8594,1996-02-22,629.2792940302919,573.0262863058886,658.8996988694589,629.2792940302919,629.2792940302919,-10.707479338070346,-10.707479338070346,-10.707479338070346,-10.707479338070346,-10.707479338070346,-10.707479338070346,0.0,0.0,0.0,618.5718146922216
8595,1996-02-23,629.6165088585518,575.5653858497847,659.7663422391158,629.6165088585518,629.6165088585518,-10.565368097184539,-10.565368097184539,-10.565368097184539,-10.565368097184539,-10.565368097184539,-10.565368097184539,0.0,0.0,0.0,619.0511407613673
8596,1996-02-26,630.628153343331,576.7456350587019,660.785946678805,630.628153343331,630.628153343331,-10.138289046441619,-10.138289046441619,-10.138289046441619,-10.138289046441619,-10.138289046441619,-10.138289046441619,0.0,0.0,0.0,620.4898642968893
8597,1996-02-27,630.9653681715909,578.240725843177,659.5921415497517,630.9653681715909,630.9653681715909,-9.995683943779591,-9.995683943779591,-9.995683943779591,-9.995683943779591,-9.995683943779591,-9.995683943779591,0.0,0.0,0.0,620.9696842278113
8598,1996-02-28,631.3025829998509,580.6563371755175,661.4022860303999,631.3025829998509,631.3025829998509,-9.852957628469998,-9.852957628469998,-9.852957628469998,-9.852957628469998,-9.852957628469998,-9.852957628469998,0.0,0.0,0.0,621.4496253713809
8599,1996-02-29,631.6397978281108,580.7111288511396,661.1981963361508,631.6397978281108,631.6397978281108,-9.710110989645537,-9.710110989645537,-9.710110989645537,-9.710110989645537,-9.710110989645537,-9.710110989645537,0.0,0.0,0.0,621.9296868384653
8600,1996-03-01,631.9770126563707,585.626440530975,665.6550941478326,631.9770126563707,631.9770126563707,-9.567144910406247,-9.567144910406247,-9.567144910406247,-9.567144910406247,-9.567144910406247,-9.567144910406247,0.0,0.0,0.0,622.4098677459644
8601,1996-03-04,632.9886571411505,583.6328255574513,663.4886710113853,632.9886571411505,632.9886571411505,-9.137538770152815,-9.137538770152815,-9.137538770152815,-9.137538770152815,-9.137538770152815,-9.137538770152815,0.0,0.0,0.0,623.8511183709977
8602,1996-03-05,633.3258719694097,582.053497302737,665.1805152765694,633.3258719694097,633.3258719694097,-8.994103638700635,-8.994103638700635,-8.994103638700635,-8.994103638700635,-8.994103638700635,-8.994103638700635,0.0,0.0,0.0,624.3317683307091
8603,1996-03-06,633.6630867976696,583.7634892967449,667.474725302656,633.6630867976696,633.6630867976696,-8.85055339096796,-8.85055339096796,-8.85055339096796,-8.85055339096796,-8.85055339096796,-8.85055339096796,0.0,0.0,0.0,624.8125334067016
8604,1996-03-07,634.0003016259296,585.0788998729575,666.5504300972387,634.0003016259295,634.0003016259295,-8.70688887334627,-8.70688887334627,-8.70688887334627,-8.70688887334627,-8.70688887334627,-8.70688887334627,0.0,0.0,0.0,625.2934127525833
8605,1996-03-08,634.3375164541895,583.315458306246,668.9050907899117,634.3375164541895,634.3375164541895,-8.563110926031898,-8.563110926031898,-8.563110926031898,-8.563110926031898,-8.563110926031898,-8.563110926031898,0.0,0.0,0.0,625.7744055281577
8606,1996-03-11,635.3491609389687,583.5945396152239,666.9509621369264,635.3491609389687,635.3491609389687,-8.13110481445288,-8.13110481445288,-8.13110481445288,-8.13110481445288,-8.13110481445288,-8.13110481445288,0.0,0.0,0.0,627.2180561245158
8607,1996-03-12,635.6863757672286,584.5441575795555,670.0585550071773,635.6863757672286,635.6863757672286,-7.986881425597553,-7.986881425597553,-7.986881425597553,-7.986881425597553,-7.986881425597553,-7.986881425597553,0.0,0.0,0.0,627.6994943416311
8608,1996-03-13,636.0235905954878,584.3208834845681,670.2180721441689,636.0235905954878,636.0235905954878,-7.842548714299208,-7.842548714299208,-7.842548714299208,-7.842548714299208,-7.842548714299208,-7.842548714299208,0.0,0.0,0.0,628.1810418811885
8609,1996-03-14,636.3608054237477,586.5098069319466,668.1105951885804,636.3608054237477,636.3608054237477,-7.698107483114184,-7.698107483114184,-7.698107483114184,-7.698107483114184,-7.698107483114184,-7.698107483114184,0.0,0.0,0.0,628.6626979406335
8610,1996-03-15,636.6980202520077,581.6995604189576,669.740409609134,636.6980202520077,636.6980202520077,-7.55355852825405,-7.55355852825405,-7.55355852825405,-7.55355852825405,-7.55355852825405,-7.55355852825405,0.0,0.0,0.0,629.1444617237537
8611,1996-03-18,637.7096647367874,591.4851484332397,670.9112314937884,637.7096647367874,637.7096647367874,-7.11927318813382,-7.11927318813382,-7.11927318813382,-7.11927318813382,-7.11927318813382,-7.11927318813382,0.0,0.0,0.0,630.5903915486537
8612,1996-03-19,638.0468795650474,590.2561360653925,674.9597226604051,638.0468795650474,638.0468795650474,-6.974301173080182,-6.974301173080182,-6.974301173080182,-6.974301173080182,-6.974301173080182,-6.974301173080182,0.0,0.0,0.0,631.0725783919672
8613,1996-03-20,638.3840943933074,589.3406832355209,672.50147700479,638.3840943933074,638.3840943933074,-6.829225319533613,-6.829225319533613,-6.829225319533613,-6.829225319533613,-6.829225319533613,-6.829225319533613,0.0,0.0,0.0,631.5548690737737
8614,1996-03-21,638.7213092215666,587.7335932576353,670.681464836074,638.7213092215666,638.7213092215666,-6.684046385222461,-6.684046385222461,-6.684046385222461,-6.684046385222461,-6.684046385222461,-6.684046385222461,0.0,0.0,0.0,632.0372628363441
8615,1996-03-22,639.0585240498265,589.1098807134618,674.0255196131834,639.0585240498265,639.0585240498265,-6.538765121395458,-6.538765121395458,-6.538765121395458,-6.538765121395458,-6.538765121395458,-6.538765121395458,0.0,0.0,0.0,632.519758928431
8616,1996-03-25,640.0701685346056,591.7763464999881,674.833764113678,640.0701685346056,640.0701685346056,-6.102314767741923,-6.102314767741923,-6.102314767741923,-6.102314767741923,-6.102314767741923,-6.102314767741923,0.0,0.0,0.0,633.9678537668636
8617,1996-03-26,640.4073833628655,594.7981343678728,675.2340936059209,640.4073833628655,640.4073833628655,-5.9566315681312725,-5.9566315681312725,-5.9566315681312725,-5.9566315681312725,-5.9566315681312725,-5.9566315681312725,0.0,0.0,0.0,634.4507517947343
8618,1996-03-27,640.7445981911255,591.1902705068252,673.746802717195,640.7445981911255,640.7445981911255,-5.810849697441163,-5.810849697441163,-5.810849697441163,-5.810849697441163,-5.810849697441163,-5.810849697441163,0.0,0.0,0.0,634.9337484936843
8619,1996-03-28,641.0818130193854,595.8010725587775,674.4278589883259,641.0818130193854,641.0818130193854,-5.66496986767866,-5.66496986767866,-5.66496986767866,-5.66496986767866,-5.66496986767866,-5.66496986767866,0.0,0.0,0.0,635.4168431517068
8620,1996-03-29,641.4190278476447,595.2665793852399,678.4109198458383,641.4190278476447,641.4190278476447,-5.518992784252254,-5.518992784252254,-5.518992784252254,-5.518992784252254,-5.518992784252254,-5.518992784252254,0.0,0.0,0.0,635.9000350633924
8621,1996-04-01,642.4306723324252,597.7176866228738,678.0864225025472,642.4306723324252,642.4306723324252,-5.080484966760734,-5.080484966760734,-5.080484966760734,-5.080484966760734,-5.080484966760734,-5.080484966760734,0.0,0.0,0.0,637.3501873656644
8622,1996-04-02,642.7678871606844,598.5194526906838,676.8997974222341,642.7678871606844,642.7678871606844,-4.934125790240391,-4.934125790240391,-4.934125790240391,-4.934125790240391,-4.934125790240391,-4.934125790240391,0.0,0.0,0.0,637.833761370444
8623,1996-04-03,643.1051019889443,595.9232067800255,679.1654029827743,643.1051019889443,643.1051019889443,-4.787672787573643,-4.787672787573643,-4.787672787573643,-4.787672787573643,-4.787672787573643,-4.787672787573643,0.0,0.0,0.0,638.3174292013706
8624,1996-04-04,643.4423168172043,596.7273432371012,683.4729220422823,643.4423168172043,643.4423168172043,-4.6411266242554365,-4.6411266242554365,-4.6411266242554365,-4.6411266242554365,-4.6411266242554365,-4.6411266242554365,0.0,0.0,0.0,638.8011901929489
8625,1996-04-08,644.7911761302433,599.6645079637535,683.3198977322564,644.7911761302433,644.7911761302433,-4.054023439445061,-4.054023439445061,-4.054023439445061,-4.054023439445061,-4.054023439445061,-4.054023439445061,0.0,0.0,0.0,640.7371526907983
8626,1996-04-09,645.1283909585032,597.5363857668489,685.1195246174084,645.1283909585031,645.1283909585031,-3.90702122018843,-3.90702122018843,-3.90702122018843,-3.90702122018843,-3.90702122018843,-3.90702122018843,0.0,0.0,0.0,641.2213697383148
8627,1996-04-10,645.4656057867625,599.8340509169047,682.8407209792136,645.4656057867625,645.4656057867625,-3.759929692002332,-3.759929692002332,-3.759929692002332,-3.759929692002332,-3.759929692002332,-3.759929692002332,0.0,0.0,0.0,641.7056760947602
8628,1996-04-11,645.8028206150224,602.1956650731154,685.4200014187085,645.8028206150225,645.8028206150225,-3.6127494731783885,-3.6127494731783885,-3.6127494731783885,-3.6127494731783885,-3.6127494731783885,-3.6127494731783885,0.0,0.0,0.0,642.190071141844
8629,1996-04-12,646.1400354432824,600.9193427900135,686.4454456989253,646.1400354432824,646.1400354432824,-3.4654811752150176,-3.4654811752150176,-3.4654811752150176,-3.4654811752150176,-3.4654811752150176,-3.4654811752150176,0.0,0.0,0.0,642.6745542680674
8630,1996-04-15,647.1516799280621,603.8847447651632,686.5681353056646,647.1516799280621,647.1516799280621,-3.0231538193076806,-3.0231538193076806,-3.0231538193076806,-3.0231538193076806,-3.0231538193076806,-3.0231538193076806,0.0,0.0,0.0,644.1285261087544
8631,1996-04-16,647.4888947563221,604.7201641560227,686.146811962858,647.4888947563221,647.4888947563221,-2.8755391834800625,-2.8755391834800625,-2.8755391834800625,-2.8755391834800625,-2.8755391834800625,-2.8755391834800625,0.0,0.0,0.0,644.613355572842
8632,1996-04-17,647.826109584582,605.0230518872092,689.0346159408846,647.826109584582,647.826109584582,-2.7278394236929997,-2.7278394236929997,-2.7278394236929997,-2.7278394236929997,-2.7278394236929997,-2.7278394236929997,0.0,0.0,0.0,645.098270160889
8633,1996-04-18,648.1633244128412,602.532214187603,685.9227317974704,648.1633244128412,648.1633244128412,-2.580055110445661,-2.580055110445661,-2.580055110445661,-2.580055110445661,-2.580055110445661,-2.580055110445661,0.0,0.0,0.0,645.5832693023956
8634,1996-04-19,648.5005392411011,605.2690223654542,687.5546358945378,648.5005392411011,648.5005392411011,-2.4321868073671227,-2.4321868073671227,-2.4321868073671227,-2.4321868073671227,-2.4321868073671227,-2.4321868073671227,0.0,0.0,0.0,646.068352433734
8635,1996-04-22,649.5121837258803,608.9465002400527,693.9339373032882,649.5121837258803,649.5121837258803,-1.988083492181611,-1.988083492181611,-1.988083492181611,-1.988083492181611,-1.988083492181611,-1.988083492181611,0.0,0.0,0.0,647.5241002336986
8636,1996-04-23,649.8493985541402,607.0137823802563,690.3018317680658,649.8493985541402,649.8493985541402,-1.8398847283355648,-1.8398847283355648,-1.8398847283355648,-1.8398847283355648,-1.8398847283355648,-1.8398847283355648,0.0,0.0,0.0,648.0095138258046
8637,1996-04-24,650.1866133824002,607.1708305486196,692.7548297426176,650.1866133824002,650.1866133824002,-1.691604689425606,-1.691604689425606,-1.691604689425606,-1.691604689425606,-1.691604689425606,-1.691604689425606,0.0,0.0,0.0,648.4950086929746
8638,1996-04-25,650.5238282106601,606.6059658800583,690.435481101976,650.5238282106601,650.5238282106601,-1.543243897667824,-1.543243897667824,-1.543243897667824,-1.543243897667824,-1.543243897667824,-1.543243897667824,0.0,0.0,0.0,648.9805843129923
8639,1996-04-26,650.8610430389193,607.8576912668335,690.3316166257581,650.8610430389193,650.8610430389193,-1.3948028683476232,-1.3948028683476232,-1.3948028683476232,-1.3948028683476232,-1.3948028683476232,-1.3948028683476232,0.0,0.0,0.0,649.4662401705717
8640,1996-04-29,651.8726875236991,611.5132402648732,696.0234763434189,651.8726875236991,651.8726875236991,-0.9490034037179471,-0.9490034037179471,-0.9490034037179471,-0.9490034037179471,-0.9490034037179471,-0.9490034037179471,0.0,0.0,0.0,650.9236841199812
8641,1996-04-30,652.209902351959,606.7511696949723,694.1259799902012,652.209902351959,652.209902351959,-0.8002464380943431,-0.8002464380943431,-0.8002464380943431,-0.8002464380943431,-0.8002464380943431,-0.8002464380943431,0.0,0.0,0.0,651.4096559138648
8642,1996-05-01,652.547117180219,613.4203416002116,694.6753190149012,652.547117180219,652.547117180219,-0.6514117070967143,-0.6514117070967143,-0.6514117070967143,-0.6514117070967143,-0.6514117070967143,-0.6514117070967143,0.0,0.0,0.0,651.8957054731222
8643,1996-05-02,652.884332008479,610.6837688337491,693.0767242633849,652.884332008479,652.884332008479,-0.502499684268906,-0.502499684268906,-0.502499684268906,-0.502499684268906,-0.502499684268906,-0.502499684268906,0.0,0.0,0.0,652.3818323242101
8644,1996-05-03,653.2215468367389,609.2954275348166,694.8699469472865,653.2215468367389,653.2215468367389,-0.35351083617350976,-0.35351083617350976,-0.35351083617350976,-0.35351083617350976,-0.35351083617350976,-0.35351083617350976,0.0,0.0,0.0,652.8680360005653
8645,1996-05-06,654.233191321518,615.2702333697407,694.9393211810141,654.233191321518,654.233191321518,0.09391209888064972,0.09391209888064972,0.09391209888064972,0.09391209888064972,0.09391209888064972,0.09391209888064972,0.0,0.0,0.0,654.3271034203987
8646,1996-05-07,654.5704061497779,611.7221406082583,696.9540637210662,654.5704061497779,654.5704061497779,0.24320372218391564,0.24320372218391564,0.24320372218391564,0.24320372218391564,0.24320372218391564,0.24320372218391564,0.0,0.0,0.0,654.8136098719618
8647,1996-05-08,654.9076209780371,616.3654399524438,699.0294862415815,654.9076209780371,654.9076209780371,0.39256994281428836,0.39256994281428836,0.39256994281428836,0.39256994281428836,0.39256994281428836,0.39256994281428836,0.0,0.0,0.0,655.3001909208514
8648,1996-05-09,655.244835806297,616.1975117396212,699.1140852246717,655.244835806297,655.244835806297,0.5420103361926534,0.5420103361926534,0.5420103361926534,0.5420103361926534,0.5420103361926534,0.5420103361926534,0.0,0.0,0.0,655.7868461424897
8649,1996-05-10,655.582050634557,615.7217809630325,702.1433281149847,655.582050634557,655.582050634557,0.6915244847556629,0.6915244847556629,0.6915244847556629,0.6915244847556629,0.6915244847556629,0.6915244847556629,0.0,0.0,0.0,656.2735751193127
8650,1996-05-13,656.5936951193361,616.1113501781363,695.8260976711405,656.5936951193361,656.5936951193361,1.1405053911662812,1.1405053911662812,1.1405053911662812,1.1405053911662812,1.1405053911662812,1.1405053911662812,0.0,0.0,0.0,657.7342005105023
8651,1996-05-14,656.930909947596,615.5223795927106,697.0656087404407,656.9309099475961,656.9309099475961,1.2903105251984561,1.2903105251984561,1.2903105251984561,1.2903105251984561,1.2903105251984561,1.2903105251984561,0.0,0.0,0.0,658.2212204727945
8652,1996-05-15,657.2681247758567,622.3967881719772,698.9288445881116,657.2681247758567,657.2681247758567,1.440187431906574,1.440187431906574,1.440187431906574,1.440187431906574,1.440187431906574,1.440187431906574,0.0,0.0,0.0,658.7083122077632
8653,1996-05-16,657.6053396041159,617.1007713970222,702.8555218816216,657.6053396041159,657.6053396041159,1.590135735870567,1.590135735870567,1.590135735870567,1.590135735870567,1.590135735870567,1.590135735870567,0.0,0.0,0.0,659.1954753399865
8654,1996-05-17,657.9425544323758,615.5372418195379,701.5882463530432,657.9425544323758,657.9425544323758,1.740155068706978,1.740155068706978,1.740155068706978,1.740155068706978,1.740155068706978,1.740155068706978,0.0,0.0,0.0,659.6827095010827
8655,1996-05-20,658.9541989171549,620.6884069414082,701.7208599449596,658.9541989171549,658.9541989171549,2.1906356621235865,2.1906356621235865,2.1906356621235865,2.1906356621235865,2.1906356621235865,2.1906356621235865,0.0,0.0,0.0,661.1448345792785
8656,1996-05-21,659.2914137454148,619.827656261523,700.9824566338233,659.2914137454148,659.2914137454148,2.340935567311027,2.340935567311027,2.340935567311027,2.340935567311027,2.340935567311027,2.340935567311027,0.0,0.0,0.0,661.6323493127259
8657,1996-05-22,659.6286285736749,621.2715264213739,702.4039180981647,659.6286285736749,659.6286285736749,2.4913047649933677,2.4913047649933677,2.4913047649933677,2.4913047649933677,2.4913047649933677,2.4913047649933677,0.0,0.0,0.0,662.1199333386683
8658,1996-05-23,659.9658434019348,621.4229144704227,699.5445899697037,659.9658434019348,659.9658434019348,2.6417429290092653,2.6417429290092653,2.6417429290092653,2.6417429290092653,2.6417429290092653,2.6417429290092653,0.0,0.0,0.0,662.6075863309441
8659,1996-05-24,660.303058230194,619.96042195842,705.2593010343671,660.303058230194,660.303058230194,2.792249740239719,2.792249740239719,2.792249740239719,2.792249740239719,2.792249740239719,2.792249740239719,0.0,0.0,0.0,663.0953079704337
8660,1996-05-28,661.651917543233,623.1267570292578,704.4481592644255,661.651917543233,661.651917543233,3.3949573212673667,3.3949573212673667,3.3949573212673667,3.3949573212673667,3.3949573212673667,3.3949573212673667,0.0,0.0,0.0,665.0468748645004
8661,1996-05-29,661.9891323714929,625.2815506079916,707.8145576795388,661.9891323714929,661.9891323714929,3.5458028281233975,3.5458028281233975,3.5458028281233975,3.5458028281233975,3.5458028281233975,3.5458028281233975,0.0,0.0,0.0,665.5349351996164
8662,1996-05-30,662.3263471997536,629.9116177767719,710.284649829727,662.3263471997536,662.3263471997536,3.6967152152726634,3.6967152152726634,3.6967152152726634,3.6967152152726634,3.6967152152726634,3.6967152152726634,0.0,0.0,0.0,666.0230624150263
8663,1996-05-31,662.6635620280135,628.4869444849235,708.9272664906421,662.6635620280135,662.6635620280135,3.847694212852604,3.847694212852604,3.847694212852604,3.847694212852604,3.847694212852604,3.847694212852604,0.0,0.0,0.0,666.5112562408661
8664,1996-06-03,663.6752065127927,624.149895655225,708.4594135477388,663.6752065127927,663.6752065127927,4.301028274975116,4.301028274975116,4.301028274975116,4.301028274975116,4.301028274975116,4.301028274975116,0.0,0.0,0.0,667.9762347877678
8665,1996-06-04,664.0124213410526,627.9064917665304,708.5068687211428,664.0124213410526,664.0124213410526,4.45227115620705,4.45227115620705,4.45227115620705,4.45227115620705,4.45227115620705,4.45227115620705,0.0,0.0,0.0,668.4646924972596
8666,1996-06-05,664.3496361693118,627.8300242795948,710.3841371241745,664.3496361693118,664.3496361693118,4.603579403954945,4.603579403954945,4.603579403954945,4.603579403954945,4.603579403954945,4.603579403954945,0.0,0.0,0.0,668.9532155732668
8667,1996-06-06,664.6868509975717,630.008488511243,712.1487363274493,664.6868509975717,664.6868509975717,4.754952790496435,4.754952790496435,4.754952790496435,4.754952790496435,4.754952790496435,4.754952790496435,0.0,0.0,0.0,669.4418037880681
8668,1996-06-07,665.0240658258316,626.0155251134498,712.5861085363705,665.0240658258316,665.0240658258316,4.906391095121729,4.906391095121729,4.906391095121729,4.906391095121729,4.906391095121729,4.906391095121729,0.0,0.0,0.0,669.9304569209534
8669,1996-06-10,666.0357103106107,629.4175994656745,714.6005016875678,666.0357103106107,666.0357103106107,5.361093415504254,5.361093415504254,5.361093415504254,5.361093415504254,5.361093415504254,5.361093415504254,0.0,0.0,0.0,671.396803726115
8670,1996-06-11,666.3729251388706,629.1857500247592,711.3442895441863,666.3729251388706,666.3729251388706,5.512789325471567,5.512789325471567,5.512789325471567,5.512789325471567,5.512789325471567,5.512789325471567,0.0,0.0,0.0,671.8857144643422
8671,1996-06-12,666.7101399671307,631.6124817402889,711.1240088360024,666.7101399671307,666.7101399671307,5.664549155012428,5.664549155012428,5.664549155012428,5.664549155012428,5.664549155012428,5.664549155012428,0.0,0.0,0.0,672.3746891221431
8672,1996-06-13,667.0473547953899,634.6734043354977,711.719452772698,667.0473547953899,667.0473547953899,5.8163727253992095,5.8163727253992095,5.8163727253992095,5.8163727253992095,5.8163727253992095,5.8163727253992095,0.0,0.0,0.0,672.8637275207891
8673,1996-06-14,667.3845696236505,634.3078481579026,717.7733685567257,667.3845696236505,667.3845696236505,5.968259864884081,5.968259864884081,5.968259864884081,5.968259864884081,5.968259864884081,5.968259864884081,0.0,0.0,0.0,673.3528294885346
8674,1996-06-17,668.3962141084296,633.907724654397,715.7156174725874,668.3962141084296,668.3962141084296,6.424301085010918,6.424301085010918,6.424301085010918,6.424301085010918,6.424301085010918,6.424301085010918,0.0,0.0,0.0,674.8205151934405
8675,1996-06-18,668.7334289366895,633.2952483830242,716.9365406702054,668.7334289366895,668.7334289366895,6.576440922785194,6.576440922785194,6.576440922785194,6.576440922785194,6.576440922785194,6.576440922785194,0.0,0.0,0.0,675.3098698594747
8676,1996-06-19,669.0706437649494,632.4057182514199,714.0415089601881,669.0706437649494,669.0706437649494,6.728643575395977,6.728643575395977,6.728643575395977,6.728643575395977,6.728643575395977,6.728643575395977,0.0,0.0,0.0,675.7992873403454
8677,1996-06-20,669.4078585932094,635.0447103608212,718.5057080157454,669.4078585932094,669.4078585932094,6.880908912841005,6.880908912841005,6.880908912841005,6.880908912841005,6.880908912841005,6.880908912841005,0.0,0.0,0.0,676.2887675060505
8678,1996-06-21,669.7450734214686,636.3691827576422,720.5609167001752,669.7450734214688,669.7450734214688,7.033236812052002,7.033236812052002,7.033236812052002,7.033236812052002,7.033236812052002,7.033236812052002,0.0,0.0,0.0,676.7783102335206
8679,1996-06-24,670.7567179062485,638.7523165115892,720.147534345368,670.7567179062485,670.7567179062485,7.490594753441999,7.490594753441999,7.490594753441999,7.490594753441999,7.490594753441999,7.490594753441999,0.0,0.0,0.0,678.2473126596905
8680,1996-06-25,671.0939327345077,637.2850120026342,717.809712257221,671.0939327345077,671.0939327345077,7.6431718074385975,7.6431718074385975,7.6431718074385975,7.6431718074385975,7.6431718074385975,7.6431718074385975,0.0,0.0,0.0,678.7371045419463
8681,1996-06-26,671.4311475627676,635.3636231778436,723.9559546925423,671.4311475627676,671.4311475627676,7.7958109115913565,7.7958109115913565,7.7958109115913565,7.7958109115913565,7.7958109115913565,7.7958109115913565,0.0,0.0,0.0,679.226958474359
8682,1996-06-27,671.7683623910275,637.2665414219621,723.7446202777229,671.7683623910275,671.7683623910275,7.9485119842686744,7.9485119842686744,7.9485119842686744,7.9485119842686744,7.9485119842686744,7.9485119842686744,0.0,0.0,0.0,679.7168743752961
8683,1996-06-28,672.1055772192875,641.614739804123,723.3607646380035,672.1055772192875,672.1055772192875,8.101274950712885,8.101274950712885,8.101274950712885,8.101274950712885,8.101274950712885,8.101274950712885,0.0,0.0,0.0,680.2068521700004
8684,1996-07-01,673.1172217040672,639.2691877501973,724.4703003602356,673.1172217040672,673.1172217040672,8.559934568013103,8.559934568013103,8.559934568013103,8.559934568013103,8.559934568013103,8.559934568013103,0.0,0.0,0.0,681.6771562720803
8685,1996-07-02,673.4544365323272,640.0800384437174,722.5293755954045,673.4544365323272,673.4544365323272,8.712944499138327,8.712944499138327,8.712944499138327,8.712944499138327,8.712944499138327,8.712944499138327,0.0,0.0,0.0,682.1673810314655
8686,1996-07-03,673.7916513605865,643.6277552469077,728.177081265746,673.7916513605865,673.7916513605865,8.866016053048142,8.866016053048142,8.866016053048142,8.866016053048142,8.866016053048142,8.866016053048142,0.0,0.0,0.0,682.6576674136346
8687,1996-07-05,674.4660810171063,639.7392747686177,723.9375560601337,674.4660810171063,674.4660810171063,9.172343901205755,9.172343901205755,9.172343901205755,9.172343901205755,9.172343901205755,9.172343901205755,0.0,0.0,0.0,683.638424918312
8688,1996-07-08,675.4777255018854,644.6850930982604,728.85849370292,675.4777255018854,675.4777255018854,9.632297222649981,9.632297222649981,9.632297222649981,9.632297222649981,9.632297222649981,9.632297222649981,0.0,0.0,0.0,685.1100227245354
8689,1996-07-09,675.8149403301453,644.0540793852799,724.5162655758609,675.8149403301453,675.8149403301453,9.785738043271504,9.785738043271504,9.785738043271504,9.785738043271504,9.785738043271504,9.785738043271504,0.0,0.0,0.0,685.6006783734168
8690,1996-07-10,676.1521551584053,642.9087959082655,728.1719206691245,676.1521551584053,676.1521551584053,9.93924039327228,9.93924039327228,9.93924039327228,9.93924039327228,9.93924039327228,9.93924039327228,0.0,0.0,0.0,686.0913955516776
8691,1996-07-11,676.4893699866645,644.4809163062795,728.6687856620978,676.4893699866645,676.4893699866645,10.092804286350237,10.092804286350237,10.092804286350237,10.092804286350237,10.092804286350237,10.092804286350237,0.0,0.0,0.0,686.5821742730147
8692,1996-07-12,676.8265848149244,646.5630481120296,730.4568368724233,676.8265848149244,676.8265848149244,10.246429742927582,10.246429742927582,10.246429742927582,10.246429742927582,10.246429742927582,10.246429742927582,0.0,0.0,0.0,687.073014557852
8693,1996-07-15,677.8382292997043,649.8484689895084,732.6928404597385,677.8382292997043,677.8382292997043,10.70767579848109,10.70767579848109,10.70767579848109,10.70767579848109,10.70767579848109,10.70767579848109,0.0,0.0,0.0,688.5459050981854
8694,1996-07-16,678.1754441279642,647.471036158194,730.8016637165491,678.1754441279642,678.1754441279642,10.861547847323852,10.861547847323852,10.861547847323852,10.861547847323852,10.861547847323852,10.861547847323852,0.0,0.0,0.0,689.0369919752881
8695,1996-07-17,678.5126589562241,648.31056803161,729.9953037859599,678.5126589562241,678.5126589562241,11.015481662196331,11.015481662196331,11.015481662196331,11.015481662196331,11.015481662196331,11.015481662196331,0.0,0.0,0.0,689.5281406184204
8696,1996-07-18,678.8498737844841,646.7063741428337,732.3773034120918,678.8498737844841,678.8498737844841,11.16947730359525,11.16947730359525,11.16947730359525,11.16947730359525,11.16947730359525,11.16947730359525,0.0,0.0,0.0,690.0193510880794
8697,1996-07-19,679.1870886127433,649.3755076502318,730.5253263524614,679.1870886127433,679.1870886127433,11.323534838648639,11.323534838648639,11.323534838648639,11.323534838648639,11.323534838648639,11.323534838648639,0.0,0.0,0.0,690.5106234513919
8698,1996-07-22,680.1987330975231,652.9201112175946,733.4408648091886,680.198733097523,680.198733097523,11.786079576203964,11.786079576203964,11.786079576203964,11.786079576203964,11.786079576203964,11.786079576203964,0.0,0.0,0.0,691.9848126737271
8699,1996-07-23,680.5359479257824,649.9681456062364,732.4323573010165,680.5359479257824,680.5359479257824,11.940385489297961,11.940385489297961,11.940385489297961,11.940385489297961,11.940385489297961,11.940385489297961,0.0,0.0,0.0,692.4763334150803
8700,1996-07-24,680.8731627540423,648.28974657413,733.9775869458293,680.8731627540424,680.8731627540424,12.094753730661488,12.094753730661488,12.094753730661488,12.094753730661488,12.094753730661488,12.094753730661488,0.0,0.0,0.0,692.9679164847038
8701,1996-07-25,681.2103775823022,652.0026918290351,735.9325624795654,681.2103775823022,681.2103775823022,12.249184406909876,12.249184406909876,12.249184406909876,12.249184406909876,12.249184406909876,12.249184406909876,0.0,0.0,0.0,693.459561989212
8702,1996-07-26,681.5475924105622,650.013211443493,732.6893003878281,681.5475924105622,681.5475924105622,12.403677631182683,12.403677631182683,12.403677631182683,12.403677631182683,12.403677631182683,12.403677631182683,0.0,0.0,0.0,693.9512700417448
8703,1996-07-29,682.5592368953419,652.5337510862672,737.904647375424,682.5592368953419,682.5592368953419,12.867533821164475,12.867533821164475,12.867533821164475,12.867533821164475,12.867533821164475,12.867533821164475,0.0,0.0,0.0,695.4267707165063
8704,1996-07-30,682.8964517236019,653.6449576176234,738.2157532679989,682.8964517236019,682.8964517236019,13.02227849896644,13.02227849896644,13.02227849896644,13.02227849896644,13.02227849896644,13.02227849896644,0.0,0.0,0.0,695.9187302225683
8705,1996-07-31,683.2336665518611,657.6475364359733,738.7653686365254,683.2336665518611,683.2336665518611,13.177086387866359,13.177086387866359,13.177086387866359,13.177086387866359,13.177086387866359,13.177086387866359,0.0,0.0,0.0,696.4107529397274
8706,1996-08-01,683.570881380121,656.5317881047997,738.3845796022356,683.570881380121,683.570881380121,13.331957639839768,13.331957639839768,13.331957639839768,13.331957639839768,13.331957639839768,13.331957639839768,0.0,0.0,0.0,696.9028390199608
8707,1996-08-02,683.9080962083809,657.3172259733597,736.48065450174,683.908096208381,683.908096208381,13.486892413271768,13.486892413271768,13.486892413271768,13.486892413271768,13.486892413271768,13.486892413271768,0.0,0.0,0.0,697.3949886216527
8708,1996-08-05,684.9197406931601,657.5681917413409,740.3190817183291,684.9197406931601,684.9197406931601,13.952079542046647,13.952079542046647,13.952079542046647,13.952079542046647,13.952079542046647,13.952079542046647,0.0,0.0,0.0,698.8718202352068
8709,1996-08-06,685.25695552142,656.4034143016846,741.0430695253859,685.25695552142,685.25695552142,14.107270112865102,14.107270112865102,14.107270112865102,14.107270112865102,14.107270112865102,14.107270112865102,0.0,0.0,0.0,699.364225634285
8710,1996-08-07,685.59417034968,656.7563443402989,743.7079378949151,685.59417034968,685.59417034968,14.262525092679944,14.262525092679944,14.262525092679944,14.262525092679944,14.262525092679944,14.262525092679944,0.0,0.0,0.0,699.85669544236
8711,1996-08-08,685.9313851779392,658.9460768103557,740.2293331523114,685.9313851779392,685.9313851779392,14.417844677996927,14.417844677996927,14.417844677996927,14.417844677996927,14.417844677996927,14.417844677996927,0.0,0.0,0.0,700.3492298559362
8712,1996-08-09,686.2686000061991,660.7783854218644,740.6911094564891,686.2686000061991,686.2686000061991,14.57322907160696,14.57322907160696,14.57322907160696,14.57322907160696,14.57322907160696,14.57322907160696,0.0,0.0,0.0,700.8418290778061
8713,1996-08-12,687.2802444909782,660.0480560541238,741.3094521047257,687.2802444909782,687.2802444909782,15.039773224091904,15.039773224091904,15.039773224091904,15.039773224091904,15.039773224091904,15.039773224091904,0.0,0.0,0.0,702.3200177150702
8714,1996-08-13,687.6174593192388,661.1341148529832,740.8956491915987,687.6174593192388,687.6174593192388,15.195419003953315,15.195419003953315,15.195419003953315,15.195419003953315,15.195419003953315,15.195419003953315,0.0,0.0,0.0,702.8128783231922
8715,1996-08-14,687.9546741474987,661.5901746842729,745.2792877017819,687.9546741474987,687.9546741474987,15.351130699763395,15.351130699763395,15.351130699763395,15.351130699763395,15.351130699763395,15.351130699763395,0.0,0.0,0.0,703.3058048472622
8716,1996-08-15,688.2918889757588,659.896499632372,745.5120429221151,688.2918889757588,688.2918889757588,15.506908551658523,15.506908551658523,15.506908551658523,15.506908551658523,15.506908551658523,15.506908551658523,0.0,0.0,0.0,703.7987975274173
8717,1996-08-16,688.629103804018,664.9074281071888,746.3931479701881,688.629103804018,688.629103804018,15.662752805928925,15.662752805928925,15.662752805928925,15.662752805928925,15.662752805928925,15.662752805928925,0.0,0.0,0.0,704.2918566099469
8718,1996-08-19,689.6407482887978,663.4019005909677,745.9676960072896,689.6407482887978,689.6407482887978,16.13068653781557,16.13068653781557,16.13068653781557,16.13068653781557,16.13068653781557,16.13068653781557,0.0,0.0,0.0,705.7714348266134
8719,1996-08-20,689.977963117057,663.3700957148537,747.8151674769633,689.977963117057,689.977963117057,16.286798986907982,16.286798986907982,16.286798986907982,16.286798986907982,16.286798986907982,16.286798986907982,0.0,0.0,0.0,706.264762103965
8720,1996-08-21,690.3151779453169,663.8058765943945,746.4920292201072,690.3151779453169,690.3151779453169,16.44297916146337,16.44297916146337,16.44297916146337,16.44297916146337,16.44297916146337,16.44297916146337,0.0,0.0,0.0,706.7581571067803
8721,1996-08-22,690.6523927735768,666.4598826744016,747.0401413896748,690.6523927735768,690.6523927735768,16.599227344281946,16.599227344281946,16.599227344281946,16.599227344281946,16.599227344281946,16.599227344281946,0.0,0.0,0.0,707.2516201178588
8722,1996-08-23,690.9896076018368,668.2105945530863,748.885082899566,690.9896076018368,690.9896076018368,16.75554382417707,16.75554382417707,16.75554382417707,16.75554382417707,16.75554382417707,16.75554382417707,0.0,0.0,0.0,707.7451514260139
8723,1996-08-26,692.0012520866159,664.497950877637,749.6293507474192,692.0012520866158,692.0012520866158,17.22490602420217,17.22490602420217,17.22490602420217,17.22490602420217,17.22490602420217,17.22490602420217,0.0,0.0,0.0,709.226158110818
8724,1996-08-27,692.3384669148759,666.7986325718964,747.8973152968827,692.3384669148759,692.3384669148759,17.381498700046567,17.381498700046567,17.381498700046567,17.381498700046567,17.381498700046567,17.381498700046567,0.0,0.0,0.0,709.7199656149224
8725,1996-08-28,692.6756817431358,668.3219335134152,751.991257972552,692.6756817431358,692.6756817431358,17.53816120647766,17.53816120647766,17.53816120647766,17.53816120647766,17.53816120647766,17.53816120647766,0.0,0.0,0.0,710.2138429496134
8726,1996-08-29,693.0128965713957,672.1477821678781,758.5508370319583,693.0128965713957,693.0128965713957,17.694893867933096,17.694893867933096,17.694893867933096,17.694893867933096,17.694893867933096,17.694893867933096,0.0,0.0,0.0,710.7077904393287
8727,1996-08-30,693.3501113996556,667.675006085324,750.6986294479452,693.3501113996556,693.3501113996556,17.851697014711718,17.851697014711718,17.851697014711718,17.851697014711718,17.851697014711718,17.851697014711718,0.0,0.0,0.0,711.2018084143673
8728,1996-09-03,694.6989707126946,672.0140124242963,756.1832788830598,694.6989707126946,694.6989707126946,18.479621264898345,18.479621264898345,18.479621264898345,18.479621264898345,18.479621264898345,18.479621264898345,0.0,0.0,0.0,713.178591977593
8729,1996-09-04,695.0361855409546,671.031472728663,755.2051747820515,695.0361855409546,695.0361855409546,18.636781996321176,18.636781996321176,18.636781996321176,18.636781996321176,18.636781996321176,18.636781996321176,0.0,0.0,0.0,713.6729675372758
8730,1996-09-05,695.3734003692139,673.5274045377514,753.3239189528614,695.3734003692139,695.3734003692139,18.794015316667675,18.794015316667675,18.794015316667675,18.794015316667675,18.794015316667675,18.794015316667675,0.0,0.0,0.0,714.1674156858816
8731,1996-09-06,695.7106151974738,672.6722961334543,752.5648741835073,695.7106151974738,695.7106151974738,18.951321596624165,18.951321596624165,18.951321596624165,18.951321596624165,18.951321596624165,18.951321596624165,0.0,0.0,0.0,714.661936794098
8732,1996-09-09,696.7222596822529,675.6575069483647,758.0645966765285,696.7222596822529,696.7222596822529,19.42368198603486,19.42368198603486,19.42368198603486,19.42368198603486,19.42368198603486,19.42368198603486,0.0,0.0,0.0,716.1459416682877
8733,1996-09-10,697.0594745105128,673.3497815330461,759.3191161997081,697.0594745105128,697.0594745105128,19.581283924479326,19.581283924479326,19.581283924479326,19.581283924479326,19.581283924479326,19.581283924479326,0.0,0.0,0.0,716.6407584349921
8734,1996-09-11,697.3966893387727,675.9592989415136,756.8061217014938,697.3966893387727,697.3966893387727,19.738960760643234,19.738960760643234,19.738960760643234,19.738960760643234,19.738960760643234,19.738960760643234,0.0,0.0,0.0,717.1356500994159
8735,1996-09-12,697.7339041670334,677.7781065774805,756.6493335491444,697.7339041670334,697.7339041670334,19.8967128989145,19.8967128989145,19.8967128989145,19.8967128989145,19.8967128989145,19.8967128989145,0.0,0.0,0.0,717.630617065948
8736,1996-09-13,698.0711189952926,677.135291858282,755.7038351110822,698.0711189952926,698.0711189952926,20.054540749213118,20.054540749213118,20.054540749213118,20.054540749213118,20.054540749213118,20.054540749213118,0.0,0.0,0.0,718.1256597445058
8737,1996-09-16,699.0827634800725,680.7962809671,761.7975800280918,699.0827634800725,699.0827634800725,20.528482753945394,20.528482753945394,20.528482753945394,20.528482753945394,20.528482753945394,20.528482753945394,0.0,0.0,0.0,719.6112462340178
8738,1996-09-17,699.4199783083317,677.9173856594927,762.4281480791741,699.4199783083317,699.4199783083317,20.68661766133581,20.68661766133581,20.68661766133581,20.68661766133581,20.68661766133581,20.68661766133581,0.0,0.0,0.0,720.1065959696675
8739,1996-09-18,699.7571931365916,677.9087816825521,761.8541229730718,699.7571931365916,699.7571931365916,20.844830412470568,20.844830412470568,20.844830412470568,20.844830412470568,20.844830412470568,20.844830412470568,0.0,0.0,0.0,720.6020235490621
8740,1996-09-19,700.0944079648515,678.6546010548535,760.091346832128,700.0944079648515,700.0944079648515,21.003121449939194,21.003121449939194,21.003121449939194,21.003121449939194,21.003121449939194,21.003121449939194,0.0,0.0,0.0,721.0975294147906
8741,1996-09-20,700.4316227931115,679.5113605034362,764.64011976281,700.4316227931115,700.4316227931115,21.161491221687502,21.161491221687502,21.161491221687502,21.161491221687502,21.161491221687502,21.161491221687502,0.0,0.0,0.0,721.593114014799
8742,1996-09-23,701.4432672778905,680.5952101917148,767.4218156262169,701.4432672778905,701.4432672778905,21.637077501887756,21.637077501887756,21.637077501887756,21.637077501887756,21.637077501887756,21.637077501887756,0.0,0.0,0.0,723.0803447797783
8743,1996-09-24,701.7804821061505,684.3929351764723,769.0983456871903,701.7804821061505,701.7804821061505,21.795766796450277,21.795766796450277,21.795766796450277,21.795766796450277,21.795766796450277,21.795766796450277,0.0,0.0,0.0,723.5762489026008
8744,1996-09-25,702.1176969344098,681.9721893560724,763.3524885868302,702.1176969344098,702.1176969344098,21.954537144468635,21.954537144468635,21.954537144468635,21.954537144468635,21.954537144468635,21.954537144468635,0.0,0.0,0.0,724.0722340788784
8745,1996-09-26,702.4549117626697,681.8675407149582,764.6272423586064,702.4549117626697,702.4549117626697,22.113389025483855,22.113389025483855,22.113389025483855,22.113389025483855,22.113389025483855,22.113389025483855,0.0,0.0,0.0,724.5683007881535
8746,1996-09-27,702.7921265909303,679.3298904160129,765.0426304099584,702.7921265909303,702.7921265909303,22.272322924209696,22.272322924209696,22.272322924209696,22.272322924209696,22.272322924209696,22.272322924209696,0.0,0.0,0.0,725.0644495151399
8747,1996-09-30,703.8037710757094,685.0519006110015,769.470185403783,703.8037710757094,703.8037710757094,22.749621650852433,22.749621650852433,22.749621650852433,22.749621650852433,22.749621650852433,22.749621650852433,0.0,0.0,0.0,726.5533927265618
8748,1996-10-01,704.1409859039693,685.9810170566396,771.0024873765785,704.1409859039693,704.1409859039693,22.90888857011306,22.90888857011306,22.90888857011306,22.90888857011306,22.90888857011306,22.90888857011306,0.0,0.0,0.0,727.0498744740823
8749,1996-10-02,704.4782007322293,684.4181710345399,769.2735285456833,704.4782007322293,704.4782007322293,23.06824000732872,23.06824000732872,23.06824000732872,23.06824000732872,23.06824000732872,23.06824000732872,0.0,0.0,0.0,727.5464407395581
8750,1996-10-03,704.8154155604885,688.372144600967,770.9759294739619,704.8154155604886,704.8154155604886,23.22767647769279,23.22767647769279,23.22767647769279,23.22767647769279,23.22767647769279,23.22767647769279,0.0,0.0,0.0,728.0430920381813
8751,1996-10-04,705.1526303887484,685.602540253572,767.6549272229337,705.1526303887484,705.1526303887484,23.387198501382922,23.387198501382922,23.387198501382922,23.387198501382922,23.387198501382922,23.387198501382922,0.0,0.0,0.0,728.5398288901314
8752,1996-10-07,706.1642748735276,689.7721133272807,772.8066833334759,706.1642748735276,706.1642748735276,23.866283168384637,23.866283168384637,23.866283168384637,23.866283168384637,23.866283168384637,23.866283168384637,0.0,0.0,0.0,730.0305580419122
8753,1996-10-08,706.5014897017875,685.5327466695119,770.2069593123643,706.5014897017875,706.5014897017875,24.026152705888247,24.026152705888247,24.026152705888247,24.026152705888247,24.026152705888247,24.026152705888247,0.0,0.0,0.0,730.5276424076757
8754,1996-10-09,706.8387045300474,690.6987423791799,770.9897347777553,706.8387045300474,706.8387045300474,24.186110471410267,24.186110471410267,24.186110471410267,24.186110471410267,24.186110471410267,24.186110471410267,0.0,0.0,0.0,731.0248150014577
8755,1996-10-10,707.1759193583073,690.334226320558,772.7322718479921,707.1759193583073,707.1759193583073,24.346157014453638,24.346157014453638,24.346157014453638,24.346157014453638,24.346157014453638,24.346157014453638,0.0,0.0,0.0,731.5220763727609
8756,1996-10-11,707.5131341865666,691.416512107416,776.1293952732599,707.5131341865666,707.5131341865666,24.506292889312874,24.506292889312874,24.506292889312874,24.506292889312874,24.506292889312874,24.506292889312874,0.0,0.0,0.0,732.0194270758795
8757,1996-10-14,708.5247786713471,692.6003367347006,774.8574304578972,708.5247786713471,708.5247786713471,24.98724211895148,24.98724211895148,24.98724211895148,24.98724211895148,24.98724211895148,24.98724211895148,0.0,0.0,0.0,733.5120207902986
8758,1996-10-15,708.8619934996063,691.9115901742841,776.5458434018212,708.8619934996063,708.8619934996063,25.147740958792173,25.147740958792173,25.147740958792173,25.147740958792173,25.147740958792173,25.147740958792173,0.0,0.0,0.0,734.0097344583985
8759,1996-10-16,709.1992083278662,692.4958268036202,776.5486908980423,709.1992083278662,709.1992083278662,25.30833197275864,25.30833197275864,25.30833197275864,25.30833197275864,25.30833197275864,25.30833197275864,0.0,0.0,0.0,734.5075403006249
8760,1996-10-17,709.5364231561261,695.0268164712741,775.7664306712591,709.5364231561261,709.5364231561261,25.46901574327914,25.46901574327914,25.46901574327914,25.46901574327914,25.46901574327914,25.46901574327914,0.0,0.0,0.0,735.0054388994052
8761,1996-10-18,709.8736379843862,689.8590474467373,777.140807700759,709.8736379843862,709.8736379843862,25.6297928573747,25.6297928573747,25.6297928573747,25.6297928573747,25.6297928573747,25.6297928573747,0.0,0.0,0.0,735.5034308417609
8762,1996-10-21,710.8852824691652,697.4497835442617,778.7939631047577,710.8852824691652,710.8852824691652,26.112690199511775,26.112690199511775,26.112690199511775,26.112690199511775,26.112690199511775,26.112690199511775,0.0,0.0,0.0,736.997972668677
8763,1996-10-22,711.2224972974251,695.4184850033193,779.4963655738657,711.2224972974251,711.2224972974251,26.273846648845318,26.273846648845318,26.273846648845318,26.273846648845318,26.273846648845318,26.273846648845318,0.0,0.0,0.0,737.4963439462704
8764,1996-10-23,711.5597121256844,696.2952238143017,779.8854227588369,711.5597121256844,711.5597121256844,26.435099444657105,26.435099444657105,26.435099444657105,26.435099444657105,26.435099444657105,26.435099444657105,0.0,0.0,0.0,737.9948115703415
8765,1996-10-24,711.8969269539443,697.66753460196,779.3906750963338,711.8969269539443,711.8969269539443,26.596449200881445,26.596449200881445,26.596449200881445,26.596449200881445,26.596449200881445,26.596449200881445,0.0,0.0,0.0,738.4933761548258
8766,1996-10-25,712.2341417822042,693.9536848725708,777.6205735378404,712.2341417822042,712.2341417822042,26.757896535839777,26.757896535839777,26.757896535839777,26.757896535839777,26.757896535839777,26.757896535839777,0.0,0.0,0.0,738.992038318044
8767,1996-10-28,713.245786266984,699.1524578811758,783.4584182434605,713.245786266984,713.245786266984,27.24283026142031,27.24283026142031,27.24283026142031,27.24283026142031,27.24283026142031,27.24283026142031,0.0,0.0,0.0,740.4886165284043
8768,1996-10-29,713.583001095244,700.0863270143742,780.5666265860511,713.583001095244,713.583001095244,27.404674181115805,27.404674181115805,27.404674181115805,27.404674181115805,27.404674181115805,27.404674181115805,0.0,0.0,0.0,740.9876752763597
8769,1996-10-30,713.920215923504,701.1699303837562,783.3103100500015,713.920215923504,713.920215923504,27.566618835839268,27.566618835839268,27.566618835839268,27.566618835839268,27.566618835839268,27.566618835839268,0.0,0.0,0.0,741.4868347593432
8770,1996-10-31,714.2574307517632,699.4386294899275,779.5940348655083,714.2574307517632,714.2574307517632,27.72866486957651,27.72866486957651,27.72866486957651,27.72866486957651,27.72866486957651,27.72866486957651,0.0,0.0,0.0,741.9860956213397
8771,1996-11-01,714.5946455800231,697.7392850219555,786.1623995130949,714.5946455800231,714.5946455800231,27.89081293048915,27.89081293048915,27.89081293048915,27.89081293048915,27.89081293048915,27.89081293048915,0.0,0.0,0.0,742.4854585105122
8772,1996-11-04,715.6062900648022,699.708057770033,786.9821800249013,715.6062900648022,715.6062900648022,28.37787581983044,28.37787581983044,28.37787581983044,28.37787581983044,28.37787581983044,28.37787581983044,0.0,0.0,0.0,743.9841658846327
8773,1996-11-05,715.9435048930621,705.8482330107315,787.3199941905393,715.9435048930623,715.9435048930623,28.540438553430523,28.540438553430523,28.540438553430523,28.540438553430523,28.540438553430523,28.540438553430523,0.0,0.0,0.0,744.4839434464926
8774,1996-11-06,716.280719721322,704.6495859000108,784.1646451677142,716.280719721322,716.280719721322,28.703106616527993,28.703106616527993,28.703106616527993,28.703106616527993,28.703106616527993,28.703106616527993,0.0,0.0,0.0,744.98382633785
8775,1996-11-07,716.617934549582,704.6129790453327,786.880390982835,716.617934549582,716.617934549582,28.865880681676266,28.865880681676266,28.865880681676266,28.865880681676266,28.865880681676266,28.865880681676266,0.0,0.0,0.0,745.4838152312582
8776,1996-11-08,716.9551493778413,707.2808749917634,790.0138809471865,716.9551493778413,716.9551493778413,29.028761425386577,29.028761425386577,29.028761425386577,29.028761425386577,29.028761425386577,29.028761425386577,0.0,0.0,0.0,745.9839108032279
8777,1996-11-11,717.966793862621,703.4248432086006,786.7389586202637,717.966793862621,717.966793862621,29.51805055172907,29.51805055172907,29.51805055172907,29.51805055172907,29.51805055172907,29.51805055172907,0.0,0.0,0.0,747.48484441435
8778,1996-11-12,718.304008690881,705.4112506065596,791.5073251184543,718.304008690881,718.304008690881,29.681364852881174,29.681364852881174,29.681364852881174,29.681364852881174,29.681364852881174,29.681364852881174,0.0,0.0,0.0,747.9853735437622
8779,1996-11-13,718.6412235191409,705.4327034405682,793.410338023544,718.6412235191409,718.6412235191409,29.84478927343777,29.84478927343777,29.84478927343777,29.84478927343777,29.84478927343777,29.84478927343777,0.0,0.0,0.0,748.4860127925787
8780,1996-11-14,718.9784383474008,706.5171949396538,789.2866937301544,718.9784383474009,718.9784383474009,30.008324513005817,30.008324513005817,30.008324513005817,30.008324513005817,30.008324513005817,30.008324513005817,0.0,0.0,0.0,748.9867628604067
8781,1996-11-15,719.3156531756607,707.2805930237898,788.6186968321688,719.3156531756607,719.3156531756607,30.171971274931916,30.171971274931916,30.171971274931916,30.171971274931916,30.171971274931916,30.171971274931916,0.0,0.0,0.0,749.4876244505926
8782,1996-11-18,720.3272976604399,710.4436105713334,791.952907554709,720.3272976604399,720.3272976604399,30.663587783760438,30.663587783760438,30.663587783760438,30.663587783760438,30.663587783760438,30.663587783760438,0.0,0.0,0.0,750.9908854442003
8783,1996-11-19,720.6645124886998,712.3928088987207,792.2452633873652,720.6645124886998,720.6645124886998,30.82768774227883,30.82768774227883,30.82768774227883,30.82768774227883,30.82768774227883,30.82768774227883,0.0,0.0,0.0,751.4922002309786
8784,1996-11-20,721.0017273169591,709.485194301959,792.6097677432742,721.0017273169591,721.0017273169591,30.9919027948831,30.9919027948831,30.9919027948831,30.9919027948831,30.9919027948831,30.9919027948831,0.0,0.0,0.0,751.9936301118422
8785,1996-11-21,721.338942145219,711.0793823071041,794.6742858031689,721.338942145219,721.338942145219,31.156233666695798,31.156233666695798,31.156233666695798,31.156233666695798,31.156233666695798,31.156233666695798,0.0,0.0,0.0,752.4951758119148
8786,1996-11-22,721.6761569734789,708.8778001294055,795.1999633468129,721.6761569734789,721.6761569734789,31.320681086358036,31.320681086358036,31.320681086358036,31.320681086358036,31.320681086358036,31.320681086358036,0.0,0.0,0.0,752.9968380598369
8787,1996-11-25,722.687801458258,714.0931074637327,794.2835450377588,722.687801458258,722.687801458258,31.814729970965768,31.814729970965768,31.814729970965768,31.814729970965768,31.814729970965768,31.814729970965768,0.0,0.0,0.0,754.5025314292238
8788,1996-11-26,723.0250162865179,715.7368048225159,794.6150828110589,723.0250162865179,723.0250162865179,31.979650937694533,31.979650937694533,31.979650937694533,31.979650937694533,31.979650937694533,31.979650937694533,0.0,0.0,0.0,755.0046672242124
8789,1996-11-27,723.3622311147785,710.8466919339239,796.6666521621529,723.3622311147785,723.3622311147785,32.14469214713999,32.14469214713999,32.14469214713999,32.14469214713999,32.14469214713999,32.14469214713999,0.0,0.0,0.0,755.5069232619185
8790,1996-11-29,724.0366607712978,714.395834243926,796.5119801811148,724.0366607712978,724.0366607712978,32.47513829380046,32.47513829380046,32.47513829380046,32.47513829380046,32.47513829380046,32.47513829380046,0.0,0.0,0.0,756.5117990650982
8791,1996-12-02,725.0483052560769,718.0577944670679,798.680214335139,725.0483052560769,725.0483052560769,32.97172816758822,32.97172816758822,32.97172816758822,32.97172816758822,32.97172816758822,32.97172816758822,0.0,0.0,0.0,758.0200334236652
8792,1996-12-03,725.3855200843368,714.67922634021,797.9009061392162,725.3855200843368,725.3855200843368,33.13750667821533,33.13750667821533,33.13750667821533,33.13750667821533,33.13750667821533,33.13750667821533,0.0,0.0,0.0,758.5230267625521
8793,1996-12-04,725.7227349125967,714.4480377499566,801.6945655169022,725.7227349125967,725.7227349125967,33.30341074318169,33.30341074318169,33.30341074318169,33.30341074318169,33.30341074318169,33.30341074318169,0.0,0.0,0.0,759.0261456557784
8794,1996-12-05,726.0599497408566,716.8569416017772,802.5096512219715,726.0599497408566,726.0599497408566,33.46944113395127,33.46944113395127,33.46944113395127,33.46944113395127,33.46944113395127,33.46944113395127,0.0,0.0,0.0,759.5293908748079
8795,1996-12-06,726.397164569116,716.8296664243749,800.1901774926514,726.397164569116,726.397164569116,33.63559862505584,33.63559862505584,33.63559862505584,33.63559862505584,33.63559862505584,33.63559862505584,0.0,0.0,0.0,760.0327631941718
8796,1996-12-09,727.4088090538957,718.4504977907619,802.790364998908,727.4088090538957,727.4088090538957,34.13484149104369,34.13484149104369,34.13484149104369,34.13484149104369,34.13484149104369,34.13484149104369,0.0,0.0,0.0,761.5436505449393
8797,1996-12-10,727.746023882155,719.7859338954324,803.8423758845489,727.746023882155,727.746023882155,34.30151518903666,34.30151518903666,34.30151518903666,34.30151518903666,34.30151518903666,34.30151518903666,0.0,0.0,0.0,762.0475390711916
8798,1996-12-11,728.0832387104149,719.4061889958502,802.7240719457443,728.0832387104149,728.0832387104149,34.46831990490924,34.46831990490924,34.46831990490924,34.46831990490924,34.46831990490924,34.46831990490924,0.0,0.0,0.0,762.5515586153241
8799,1996-12-12,728.4204535386755,721.9929104367727,807.1862352163644,728.4204535386755,728.4204535386755,34.63525643091889,34.63525643091889,34.63525643091889,34.63525643091889,34.63525643091889,34.63525643091889,0.0,0.0,0.0,763.0557099695943
8800,1996-12-13,728.7576683669354,719.8134592590939,805.3138599752283,728.7576683669354,728.7576683669354,34.8023255621629,34.8023255621629,34.8023255621629,34.8023255621629,34.8023255621629,34.8023255621629,0.0,0.0,0.0,763.5599939290983
8801,1996-12-16,729.7693128517145,723.385571716118,808.3658275290818,729.7693128517145,729.7693128517145,35.30433658018677,35.30433658018677,35.30433658018677,35.30433658018677,35.30433658018677,35.30433658018677,0.0,0.0,0.0,765.0736494319012
8802,1996-12-17,730.1065276799744,720.3311069180305,806.5760518729129,730.1065276799743,730.1065276799743,35.47194413899571,35.47194413899571,35.47194413899571,35.47194413899571,35.47194413899571,35.47194413899571,0.0,0.0,0.0,765.5784718189701
8803,1996-12-18,730.4437425082338,723.3311883813031,805.4863486761296,730.4437425082338,730.4437425082338,35.63968831998024,35.63968831998024,35.63968831998024,35.63968831998024,35.63968831998024,35.63968831998024,0.0,0.0,0.0,766.083430828214
8804,1996-12-19,730.7809573364937,725.1985735000061,809.2153899746133,730.7809573364937,730.7809573364937,35.80756993458954,35.80756993458954,35.80756993458954,35.80756993458954,35.80756993458954,35.80756993458954,0.0,0.0,0.0,766.5885272710832
8805,1996-12-20,731.1181721647536,723.5219084533912,808.8967032699726,731.1181721647536,731.1181721647536,35.975589796883135,35.975589796883135,35.975589796883135,35.975589796883135,35.975589796883135,35.975589796883135,0.0,0.0,0.0,767.0937619616367
8806,1996-12-23,732.1298166495327,726.3921813982708,808.4473944761124,732.1298166495327,732.1298166495327,36.48048704894298,36.48048704894298,36.48048704894298,36.48048704894298,36.48048704894298,36.48048704894298,0.0,0.0,0.0,768.6103036984757
8807,1996-12-24,732.4670314777926,727.48519336885,812.1993669208198,732.4670314777926,732.4670314777926,36.64906809363711,36.64906809363711,36.64906809363711,36.64906809363711,36.64906809363711,36.64906809363711,0.0,0.0,0.0,769.1160995714297
8808,1996-12-26,733.1414611343117,727.8372435674318,808.134935611297,733.1414611343117,733.1414611343117,36.98665808003606,36.98665808003606,36.98665808003606,36.98665808003606,36.98665808003606,36.98665808003606,0.0,0.0,0.0,770.1281192143477
8809,1996-12-27,733.4786759625724,726.5417913571675,811.0542500965558,733.4786759625724,733.4786759625724,37.15566868218552,37.15566868218552,37.15566868218552,37.15566868218552,37.15566868218552,37.15566868218552,0.0,0.0,0.0,770.6343446447579
8810,1996-12-30,734.4903204473516,731.590267022825,817.6440456333659,734.4903204473516,734.4903204473516,37.66357293640125,37.66357293640125,37.66357293640125,37.66357293640125,37.66357293640125,37.66357293640125,0.0,0.0,0.0,772.1538933837528
8811,1996-12-31,734.8275352756115,730.890004288692,814.4497842148934,734.8275352756115,734.8275352756115,37.83316796488027,37.83316796488027,37.83316796488027,37.83316796488027,37.83316796488027,37.83316796488027,0.0,0.0,0.0,772.6607032404918
8812,1997-01-02,735.5019649321313,729.1185979826535,817.9595190323292,735.5019649321313,735.5019649321313,38.17280349099252,38.17280349099252,38.17280349099252,38.17280349099252,38.17280349099252,38.17280349099252,0.0,0.0,0.0,773.6747684231239
8813,1997-01-03,735.8391797603906,730.9894805970109,817.4305280490247,735.8391797603906,735.8391797603906,38.342845680777124,38.342845680777124,38.342845680777124,38.342845680777124,38.342845680777124,38.342845680777124,0.0,0.0,0.0,774.1820254411678
8814,1997-01-06,736.8508242451703,735.7654756145146,817.75262229227,736.8508242451703,736.8508242451703,38.853880154404685,38.853880154404685,38.853880154404685,38.853880154404685,38.853880154404685,38.853880154404685,0.0,0.0,0.0,775.704704399575
8815,1997-01-07,737.1880390734295,735.8839818713636,818.1136152111727,737.1880390734295,737.1880390734295,39.02453045834186,39.02453045834186,39.02453045834186,39.02453045834186,39.02453045834186,39.02453045834186,0.0,0.0,0.0,776.2125695317714
8816,1997-01-08,737.5252539016896,732.1613940197075,817.8993101169929,737.5252539016896,737.5252539016896,39.19533492932001,39.19533492932001,39.19533492932001,39.19533492932001,39.19533492932001,39.19533492932001,0.0,0.0,0.0,776.7205888310095
8817,1997-01-09,737.8624687299495,736.0683743209157,819.1199617925336,737.8624687299495,737.8624687299495,39.36629442669517,39.36629442669517,39.36629442669517,39.36629442669517,39.36629442669517,39.36629442669517,0.0,0.0,0.0,777.2287631566446
8818,1997-01-10,738.1996835582094,737.7161249377706,817.92655841414,738.1996835582092,738.1996835582092,39.537409811737255,39.537409811737255,39.537409811737255,39.537409811737255,39.537409811737255,39.537409811737255,0.0,0.0,0.0,777.7370933699466
8819,1997-01-13,739.2113280429892,735.494052189084,820.653071366615,739.2113280429892,739.2113280429892,40.051699933682194,40.051699933682194,40.051699933682194,40.051699933682194,40.051699933682194,40.051699933682194,0.0,0.0,0.0,779.2630279766714
8820,1997-01-14,739.5485428712491,739.0700786163904,821.5564827042319,739.5485428712491,739.5485428712491,40.22344751933653,40.22344751933653,40.22344751933653,40.22344751933653,40.22344751933653,40.22344751933653,0.0,0.0,0.0,779.7719903905856
8821,1997-01-15,739.8857576995084,740.3176252555264,822.7282051990221,739.8857576995085,739.8857576995085,40.39535532664221,40.39535532664221,40.39535532664221,40.39535532664221,40.39535532664221,40.39535532664221,0.0,0.0,0.0,780.2811130261506
8822,1997-01-16,740.2229725277683,737.8375991232022,823.6385649992202,740.2229725277683,740.2229725277683,40.567424227691546,40.567424227691546,40.567424227691546,40.567424227691546,40.567424227691546,40.567424227691546,0.0,0.0,0.0,780.7903967554598
8823,1997-01-17,740.5601873560282,742.5399567622112,822.113594943572,740.5601873560282,740.5601873560282,40.73965509626253,40.73965509626253,40.73965509626253,40.73965509626253,40.73965509626253,40.73965509626253,0.0,0.0,0.0,781.2998424522907
8824,1997-01-20,741.5718318408074,745.4674199619853,824.4502989662204,741.5718318408074,741.5718318408074,41.25732826951702,41.25732826951702,41.25732826951702,41.25732826951702,41.25732826951702,41.25732826951702,0.0,0.0,0.0,782.8291601103244
8825,1997-01-21,741.9090466690673,737.960607918209,826.1025359597944,741.9090466690673,741.9090466690673,41.430215778566144,41.430215778566144,41.430215778566144,41.430215778566144,41.430215778566144,41.430215778566144,0.0,0.0,0.0,783.3392624476334
8826,1997-01-22,742.2462614973272,741.4175738210376,827.1305257718338,742.2462614973272,742.2462614973272,41.60326964819525,41.60326964819525,41.60326964819525,41.60326964819525,41.60326964819525,41.60326964819525,0.0,0.0,0.0,783.8495311455224
8827,1997-01-23,742.5834763255864,740.2112804896533,825.1038297248867,742.5834763255864,742.5834763255864,41.776490761621346,41.776490761621346,41.776490761621346,41.776490761621346,41.776490761621346,41.776490761621346,0.0,0.0,0.0,784.3599670872077
8828,1997-01-24,742.9206911538464,743.8397624412348,828.8842856518619,742.9206911538464,742.9206911538464,41.94988000351714,41.94988000351714,41.94988000351714,41.94988000351714,41.94988000351714,41.94988000351714,0.0,0.0,0.0,784.8705711573635
8829,1997-01-27,743.9323356386262,744.1710355125813,826.9774748682769,743.9323356386262,743.9323356386262,42.47106536793708,42.47106536793708,42.47106536793708,42.47106536793708,42.47106536793708,42.47106536793708,0.0,0.0,0.0,786.4034010065633
8830,1997-01-28,744.2695504668861,744.3380886398421,827.969655354251,744.2695504668861,744.2695504668861,42.64513599845798,42.64513599845798,42.64513599845798,42.64513599845798,42.64513599845798,42.64513599845798,0.0,0.0,0.0,786.9146864653441
8831,1997-01-29,744.606765295146,746.8450539114397,826.8383135718874,744.606765295146,744.606765295146,42.81937920153939,42.81937920153939,42.81937920153939,42.81937920153939,42.81937920153939,42.81937920153939,0.0,0.0,0.0,787.4261444966854
8832,1997-01-30,744.9439801234059,746.5726013545944,831.2933830404039,744.9439801234059,744.9439801234059,42.993795869914955,42.993795869914955,42.993795869914955,42.993795869914955,42.993795869914955,42.993795869914955,0.0,0.0,0.0,787.9377759933209
8833,1997-01-31,745.2811949516652,748.476279669414,831.4145409181793,745.2811949516652,745.2811949516652,43.168386897548025,43.168386897548025,43.168386897548025,43.168386897548025,43.168386897548025,43.168386897548025,0.0,0.0,0.0,788.4495818492131
8834,1997-02-03,746.292839436445,749.8178890716499,832.914271274886,746.292839436445,746.292839436445,43.693215093379166,43.693215093379166,43.693215093379166,43.693215093379166,43.693215093379166,43.693215093379166,0.0,0.0,0.0,789.9860545298242
8835,1997-02-04,746.6300542647042,749.7970471699476,835.9554197641366,746.6300542647042,746.6300542647042,43.86851252111918,43.86851252111918,43.86851252111918,43.86851252111918,43.86851252111918,43.86851252111918,0.0,0.0,0.0,790.4985667858234
8836,1997-02-05,746.9672690929642,751.7360657965878,831.6923722312569,746.9672690929642,746.9672690929642,44.043988795232885,44.043988795232885,44.043988795232885,44.043988795232885,44.043988795232885,44.043988795232885,0.0,0.0,0.0,791.0112578881971
8837,1997-02-06,747.3044839212241,748.4061491964707,833.3813267078153,747.3044839212241,747.3044839212241,44.21964481637538,44.21964481637538,44.21964481637538,44.21964481637538,44.21964481637538,44.21964481637538,0.0,0.0,0.0,791.5241287375995
8838,1997-02-07,747.641698749484,751.6173086606134,834.7719252816416,747.641698749484,747.641698749484,44.39548148620378,44.39548148620378,44.39548148620378,44.39548148620378,44.39548148620378,44.39548148620378,0.0,0.0,0.0,792.0371802356879
8839,1997-02-10,748.6533432342638,750.4105172049136,832.312125936295,748.6533432342638,748.6533432342638,44.9240844187352,44.9240844187352,44.9240844187352,44.9240844187352,44.9240844187352,44.9240844187352,0.0,0.0,0.0,793.5774276529991
8840,1997-02-11,748.9905580625237,755.3334263275982,836.6820664043499,748.9905580625237,748.9905580625237,45.10065271879279,45.10065271879279,45.10065271879279,45.10065271879279,45.10065271879279,45.10065271879279,0.0,0.0,0.0,794.0912107813165
8841,1997-02-12,749.327772890783,754.0818532021456,835.2576212279412,749.327772890783,749.327772890783,45.27740618972386,45.27740618972386,45.27740618972386,45.27740618972386,45.27740618972386,45.27740618972386,0.0,0.0,0.0,794.6051790805068
8842,1997-02-13,749.664987719043,754.2085729940237,839.5287626241378,749.664987719043,749.664987719043,45.45434573851944,45.45434573851944,45.45434573851944,45.45434573851944,45.45434573851944,45.45434573851944,0.0,0.0,0.0,795.1193334575624
8843,1997-02-14,750.0022025473029,753.0659154058359,838.424730660608,750.0022025473029,750.0022025473029,45.63147227294663,45.63147227294663,45.63147227294663,45.63147227294663,45.63147227294663,45.63147227294663,0.0,0.0,0.0,795.6336748202496
8844,1997-02-18,751.3510618603419,756.120965325399,840.2324899801582,751.3510618603419,751.3510618603419,46.3418664477262,46.3418664477262,46.3418664477262,46.3418664477262,46.3418664477262,46.3418664477262,0.0,0.0,0.0,797.6929283080681
8845,1997-02-19,751.6882766886018,756.4944917987059,839.669208997821,751.6882766886018,751.6882766886018,46.519941551771815,46.519941551771815,46.519941551771815,46.519941551771815,46.519941551771815,46.519941551771815,0.0,0.0,0.0,798.2082182403736
8846,1997-02-20,752.025491516861,760.2215255706994,840.0192120269242,752.025491516861,752.025491516861,46.69820910257206,46.69820910257206,46.69820910257206,46.69820910257206,46.69820910257206,46.69820910257206,0.0,0.0,0.0,798.7237006194331
8847,1997-02-21,752.3627063451211,757.6912471060011,840.4410968113093,752.3627063451211,752.3627063451211,46.87667001243467,46.87667001243467,46.87667001243467,46.87667001243467,46.87667001243467,46.87667001243467,0.0,0.0,0.0,799.2393763575558
8848,1997-02-24,753.3743508299001,757.1443054619856,839.8683518067198,753.3743508299001,753.3743508299001,47.4132220271209,47.4132220271209,47.4132220271209,47.4132220271209,47.4132220271209,47.4132220271209,0.0,0.0,0.0,800.787572857021
8849,1997-02-25,753.7115656581608,760.5983207012963,844.9930264042907,753.7115656581608,753.7115656581608,47.59246550627634,47.59246550627634,47.59246550627634,47.59246550627634,47.59246550627634,47.59246550627634,0.0,0.0,0.0,801.3040311644371
8850,1997-02-26,754.0487804864207,761.1282224761951,843.6749105330748,754.0487804864206,754.0487804864206,47.771906913226566,47.771906913226566,47.771906913226566,47.771906913226566,47.771906913226566,47.771906913226566,0.0,0.0,0.0,801.8206873996472
8851,1997-02-27,754.3859953146806,760.0681578617149,846.2173120629473,754.3859953146806,754.3859953146806,47.95154716293497,47.95154716293497,47.95154716293497,47.95154716293497,47.95154716293497,47.95154716293497,0.0,0.0,0.0,802.3375424776156
8852,1997-02-28,754.7232101429398,760.8444541974715,845.8690249732334,754.7232101429399,754.7232101429399,48.13138717069659,48.13138717069659,48.13138717069659,48.13138717069659,48.13138717069659,48.13138717069659,0.0,0.0,0.0,802.8545973136364
8853,1997-03-03,755.7348546277196,762.3888695702094,842.6704800641668,755.7348546277196,755.7348546277196,48.672114899588024,48.672114899588024,48.672114899588024,48.672114899588024,48.672114899588024,48.672114899588024,0.0,0.0,0.0,804.4069695273076
8854,1997-03-04,756.0720694559789,761.6410655935264,846.1795184160684,756.0720694559789,756.0720694559789,48.85276309807109,48.85276309807109,48.85276309807109,48.85276309807109,48.85276309807109,48.85276309807109,0.0,0.0,0.0,804.92483255405
8855,1997-03-05,756.4092842842389,766.0074883613748,844.9039275302899,756.4092842842389,756.4092842842389,49.033615634975945,49.033615634975945,49.033615634975945,49.033615634975945,49.033615634975945,49.033615634975945,0.0,0.0,0.0,805.4428999192148
8856,1997-03-06,756.7464991124988,764.7103541872252,849.739277895618,756.7464991124988,756.7464991124988,49.214673426935796,49.214673426935796,49.214673426935796,49.214673426935796,49.214673426935796,49.214673426935796,0.0,0.0,0.0,805.9611725394345
8857,1997-03-07,757.0837139407587,764.0192776454628,848.5457991343997,757.0837139407587,757.0837139407587,49.395937390697505,49.395937390697505,49.395937390697505,49.395937390697505,49.395937390697505,49.395937390697505,0.0,0.0,0.0,806.4796513314562
8858,1997-03-10,758.0953584255378,768.550079122369,849.3218266417911,758.0953584255378,758.0953584255378,49.94097548134277,49.94097548134277,49.94097548134277,49.94097548134277,49.94097548134277,49.94097548134277,0.0,0.0,0.0,808.0363339068806
8859,1997-03-11,758.4325732537977,769.0771091315072,851.80183853328,758.4325732537977,758.4325732537977,50.123073300996964,50.123073300996964,50.123073300996964,50.123073300996964,50.123073300996964,50.123073300996964,0.0,0.0,0.0,808.5556465547947
8860,1997-03-12,758.7697880820576,769.8306992684323,850.6424592814255,758.7697880820576,758.7697880820576,50.305381876826125,50.305381876826125,50.305381876826125,50.305381876826125,50.305381876826125,50.305381876826125,0.0,0.0,0.0,809.0751699588837
8861,1997-03-13,759.1070029103176,769.8619907944081,850.8032564657672,759.1070029103176,759.1070029103176,50.4879021256159,50.4879021256159,50.4879021256159,50.4879021256159,50.4879021256159,50.4879021256159,0.0,0.0,0.0,809.5949050359336
8862,1997-03-14,759.4442177385775,769.2273370954553,852.6210628758718,759.4442177385775,759.4442177385775,50.670634964052816,50.670634964052816,50.670634964052816,50.670634964052816,50.670634964052816,50.670634964052816,0.0,0.0,0.0,810.1148527026304
8863,1997-03-17,760.4558622233567,770.6113766862369,854.693538648603,760.4558622233567,760.4558622233567,51.22011818194716,51.22011818194716,51.22011818194716,51.22011818194716,51.22011818194716,51.22011818194716,0.0,0.0,0.0,811.6759804053038
8864,1997-03-18,760.7930770516166,771.3027425816883,854.828447046688,760.7930770516166,760.7930770516166,51.40371054274469,51.40371054274469,51.40371054274469,51.40371054274469,51.40371054274469,51.40371054274469,0.0,0.0,0.0,812.1967875943612
8865,1997-03-19,761.1302918798765,775.008382520446,855.0365750747188,761.1302918798765,761.1302918798765,51.587520074041855,51.587520074041855,51.587520074041855,51.587520074041855,51.587520074041855,51.587520074041855,0.0,0.0,0.0,812.7178119539184
8866,1997-03-20,761.4675067081357,771.0453307459624,855.897565811614,761.4675067081357,761.4675067081357,51.77154769128102,51.77154769128102,51.77154769128102,51.77154769128102,51.77154769128102,51.77154769128102,0.0,0.0,0.0,813.2390543994168
8867,1997-03-21,761.8047215363957,774.5798678681642,855.6645322448659,761.8047215363957,761.8047215363957,51.9557943095948,51.9557943095948,51.9557943095948,51.9557943095948,51.9557943095948,51.9557943095948,0.0,0.0,0.0,813.7605158459905
8868,1997-03-24,762.8163660211748,772.6269126502465,855.4408400967428,762.8163660211749,762.8163660211749,52.50985731697867,52.50985731697867,52.50985731697867,52.50985731697867,52.50985731697867,52.50985731697867,0.0,0.0,0.0,815.3262233381535
8869,1997-03-25,763.1535808494348,773.1458780047781,857.1536467489569,763.1535808494348,763.1535808494348,52.69498908360613,52.69498908360613,52.69498908360613,52.69498908360613,52.69498908360613,52.69498908360613,0.0,0.0,0.0,815.848569933041
8870,1997-03-26,763.4907956776947,773.5385593061736,855.4735380320037,763.4907956776947,763.4907956776947,52.880344421233076,52.880344421233076,52.880344421233076,52.880344421233076,52.880344421233076,52.880344421233076,0.0,0.0,0.0,816.3711400989278
8871,1997-03-27,763.8280105059553,776.9860184347158,858.6943182391954,763.8280105059553,763.8280105059553,53.065924242487746,53.065924242487746,53.065924242487746,53.065924242487746,53.065924242487746,53.065924242487746,0.0,0.0,0.0,816.893934748443
8872,1997-03-31,765.1768698189943,780.6257554199781,861.75960663907,765.1768698189942,765.1768698189942,53.81050659756602,53.81050659756602,53.81050659756602,53.81050659756602,53.81050659756602,53.81050659756602,0.0,0.0,0.0,818.9873764165603
8873,1997-04-01,765.5140846472535,775.2376950131525,861.7795543319828,765.5140846472535,765.5140846472535,53.99722250717189,53.99722250717189,53.99722250717189,53.99722250717189,53.99722250717189,53.99722250717189,0.0,0.0,0.0,819.5113071544254
8874,1997-04-02,765.8512994755135,779.7472511734638,860.0225732202628,765.8512994755135,765.8512994755135,54.18416836423137,54.18416836423137,54.18416836423137,54.18416836423137,54.18416836423137,54.18416836423137,0.0,0.0,0.0,820.0354678397449
8875,1997-04-03,766.1885143037734,779.4025948696808,862.7108649673148,766.1885143037734,766.1885143037734,54.37134507711371,54.37134507711371,54.37134507711371,54.37134507711371,54.37134507711371,54.37134507711371,0.0,0.0,0.0,820.5598593808871
8876,1997-04-04,766.5257291320333,780.7915745057246,858.6762707832488,766.5257291320333,766.5257291320333,54.55875355346705,54.55875355346705,54.55875355346705,54.55875355346705,54.55875355346705,54.55875355346705,0.0,0.0,0.0,821.0844826855003
8877,1997-04-07,767.5373736168125,783.3480310650115,865.0811760366212,767.5373736168125,767.5373736168125,55.122378628339284,55.122378628339284,55.122378628339284,55.122378628339284,55.122378628339284,55.122378628339284,0.0,0.0,0.0,822.6597522451518
8878,1997-04-08,767.8745884450724,779.3343667704853,860.1504411796607,767.8745884450724,767.8745884450724,55.31072321953609,55.31072321953609,55.31072321953609,55.31072321953609,55.31072321953609,55.31072321953609,0.0,0.0,0.0,823.1853116646084
8879,1997-04-09,768.2118032733316,783.1784723112758,864.5637245613909,768.2118032733316,768.2118032733316,55.4993041005583,55.4993041005583,55.4993041005583,55.4993041005583,55.4993041005583,55.4993041005583,0.0,0.0,0.0,823.71110737389
8880,1997-04-10,768.5490181015916,781.9093607024615,864.7941132628431,768.5490181015916,768.5490181015916,55.68812217409982,55.68812217409982,55.68812217409982,55.68812217409982,55.68812217409982,55.68812217409982,0.0,0.0,0.0,824.2371402756914
8881,1997-04-11,768.8862329298522,783.5287255810604,868.4792526961091,768.8862329298522,768.8862329298522,55.877178341930275,55.877178341930275,55.877178341930275,55.877178341930275,55.877178341930275,55.877178341930275,0.0,0.0,0.0,824.7634112717825
8882,1997-04-14,769.8978774146314,783.5493098092602,870.017849746451,769.8978774146314,769.8978774146314,56.44578441438261,56.44578441438261,56.44578441438261,56.44578441438261,56.44578441438261,56.44578441438261,0.0,0.0,0.0,826.343661829014
8883,1997-04-15,770.2350922428913,786.2794138942709,869.3335657761278,770.2350922428913,770.2350922428913,56.63580195757643,56.63580195757643,56.63580195757643,56.63580195757643,56.63580195757643,56.63580195757643,0.0,0.0,0.0,826.8708942004677
8884,1997-04-16,770.5723070711512,786.1322751783267,866.2568488288458,770.5723070711512,770.5723070711512,56.826062089045635,56.826062089045635,56.826062089045635,56.826062089045635,56.826062089045635,56.826062089045635,0.0,0.0,0.0,827.3983691601968
8885,1997-04-17,770.9095218994104,786.1103332611714,869.616666714968,770.9095218994104,770.9095218994104,57.016565704418646,57.016565704418646,57.016565704418646,57.016565704418646,57.016565704418646,57.016565704418646,0.0,0.0,0.0,827.926087603829
8886,1997-04-18,771.2467367276704,790.9414912660856,869.6812974955038,771.2467367276704,771.2467367276704,57.207313698203144,57.207313698203144,57.207313698203144,57.207313698203144,57.207313698203144,57.207313698203144,0.0,0.0,0.0,828.4540504258736
8887,1997-04-21,772.2583812124494,790.5648175885689,874.5797890142921,772.2583812124494,772.2583812124494,57.78103287770568,57.78103287770568,57.78103287770568,57.78103287770568,57.78103287770568,57.78103287770568,0.0,0.0,0.0,830.0394140901551
8888,1997-04-22,772.5955960407094,787.0405362244416,870.1405473526819,772.5955960407094,772.5955960407094,57.97276730682549,57.97276730682549,57.97276730682549,57.97276730682549,57.97276730682549,57.97276730682549,0.0,0.0,0.0,830.568363347535
8889,1997-04-23,772.9328108689693,791.5587077089367,870.6340890847814,772.9328108689693,772.9328108689693,58.16475056911436,58.16475056911436,58.16475056911436,58.16475056911436,58.16475056911436,58.16475056911436,0.0,0.0,0.0,831.0975614380837
8890,1997-04-24,773.2700256972292,791.5764303715167,872.6256337062299,773.2700256972291,773.2700256972291,58.356983551776146,58.356983551776146,58.356983551776146,58.356983551776146,58.356983551776146,58.356983551776146,0.0,0.0,0.0,831.6270092490054
8891,1997-04-25,773.6072405254885,792.7013688069424,874.8127590356997,773.6072405254885,773.6072405254885,58.54946714070178,58.54946714070178,58.54946714070178,58.54946714070178,58.54946714070178,58.54946714070178,0.0,0.0,0.0,832.1567076661902
8892,1997-04-28,774.618885010269,791.1273141333523,871.3106151165222,774.618885010269,774.618885010269,59.12843038371435,59.12843038371435,59.12843038371435,59.12843038371435,59.12843038371435,59.12843038371435,0.0,0.0,0.0,833.7473153939833
8893,1997-04-29,774.9560998385282,793.04717695917,874.5093444179935,774.9560998385282,774.9560998385282,59.32192522940803,59.32192522940803,59.32192522940803,59.32192522940803,59.32192522940803,59.32192522940803,0.0,0.0,0.0,834.2780250679363
8894,1997-04-30,775.2933146667882,792.2198243605928,875.4283032237928,775.2933146667882,775.2933146667882,59.515675090188495,59.515675090188495,59.515675090188495,59.515675090188495,59.515675090188495,59.515675090188495,0.0,0.0,0.0,834.8089897569766
8895,1997-05-01,775.6305294950481,792.9012520276345,875.4648494427535,775.6305294950481,775.6305294950481,59.70968084350583,59.70968084350583,59.70968084350583,59.70968084350583,59.70968084350583,59.70968084350583,0.0,0.0,0.0,835.3402103385539
8896,1997-05-02,775.967744323308,791.9238140121737,874.9008375180318,775.967744323308,775.967744323308,59.90394336531263,59.90394336531263,59.90394336531263,59.90394336531263,59.90394336531263,59.90394336531263,0.0,0.0,0.0,835.8716876886207
8897,1997-05-05,776.9793888080872,793.116475434951,879.3579985882217,776.9793888080872,776.9793888080872,60.48828027812433,60.48828027812433,60.48828027812433,60.48828027812433,60.48828027812433,60.48828027812433,0.0,0.0,0.0,837.4676690862115
8898,1997-05-06,777.316603636347,798.1488697257446,882.8149588517364,777.316603636347,777.316603636347,60.683578602480516,60.683578602480516,60.683578602480516,60.683578602480516,60.683578602480516,60.683578602480516,0.0,0.0,0.0,838.0001822388276
8899,1997-05-07,777.6538184646063,794.7208346449398,879.7640299758272,777.6538184646063,777.6538184646063,60.87913805166557,60.87913805166557,60.87913805166557,60.87913805166557,60.87913805166557,60.87913805166557,0.0,0.0,0.0,838.5329565162718
8900,1997-05-08,777.9910332928663,796.8039548534832,881.6361309130195,777.9910332928663,777.9910332928663,61.07495949208161,61.07495949208161,61.07495949208161,61.07495949208161,61.07495949208161,61.07495949208161,0.0,0.0,0.0,839.0659927849479
8901,1997-05-09,778.3282481211262,798.1524696466838,878.1134257585891,778.3282481211262,778.3282481211262,61.2710437884506,61.2710437884506,61.2710437884506,61.2710437884506,61.2710437884506,61.2710437884506,0.0,0.0,0.0,839.5992919095768
8902,1997-05-12,779.339892605906,799.976342455321,881.6827382334204,779.339892605906,779.339892605906,61.86088243470122,61.86088243470122,61.86088243470122,61.86088243470122,61.86088243470122,61.86088243470122,0.0,0.0,0.0,841.2007750406073
8903,1997-05-13,779.6771074341659,799.3362216050741,886.1682279685671,779.6771074341659,779.6771074341659,62.05802676754275,62.05802676754275,62.05802676754275,62.05802676754275,62.05802676754275,62.05802676754275,0.0,0.0,0.0,841.7351342017087
8904,1997-05-14,780.0143222624258,800.6500007358866,886.9993699368221,780.0143222624258,780.0143222624258,62.25543825381175,62.25543825381175,62.25543825381175,62.25543825381175,62.25543825381175,62.25543825381175,0.0,0.0,0.0,842.2697605162375
8905,1997-05-15,780.351537090685,804.3766046495911,879.7078560647016,780.351537090685,780.351537090685,62.45311774759961,62.45311774759961,62.45311774759961,62.45311774759961,62.45311774759961,62.45311774759961,0.0,0.0,0.0,842.8046548382847
8906,1997-05-16,780.6887519189451,799.7240562609205,883.096194951072,780.6887519189451,780.6887519189451,62.65106610114006,62.65106610114006,62.65106610114006,62.65106610114006,62.65106610114006,62.65106610114006,0.0,0.0,0.0,843.3398180200851
8907,1997-05-19,781.7003964037241,807.6538082566757,885.0454903552632,781.7003964037241,781.7003964037241,63.24653281417351,63.24653281417351,63.24653281417351,63.24653281417351,63.24653281417351,63.24653281417351,0.0,0.0,0.0,844.9469292178976
8908,1997-05-20,782.0376112319841,806.9552916596685,886.2011189209816,782.0376112319841,782.0376112319841,63.445565090977475,63.445565090977475,63.445565090977475,63.445565090977475,63.445565090977475,63.445565090977475,0.0,0.0,0.0,845.4831763229615
8909,1997-05-21,782.374826060244,804.3884395307659,888.323746045073,782.374826060244,782.374826060244,63.64487045992878,63.64487045992878,63.64487045992878,63.64487045992878,63.64487045992878,63.64487045992878,0.0,0.0,0.0,846.0196965201728
8910,1997-05-22,782.7120408885039,804.977766678756,888.2353998806494,782.7120408885039,782.7120408885039,63.84444976158062,63.84444976158062,63.84444976158062,63.84444976158062,63.84444976158062,63.84444976158062,0.0,0.0,0.0,846.5564906500845
8911,1997-05-23,783.0492557167631,805.9011528887652,886.9723890848045,783.0492557167631,783.0492557167631,64.04430383445347,64.04430383445347,64.04430383445347,64.04430383445347,64.04430383445347,64.04430383445347,0.0,0.0,0.0,847.0935595512166
8912,1997-05-27,784.3981150298029,808.2432686920887,889.4076588074925,784.3981150298029,784.3981150298029,64.8464845360902,64.8464845360902,64.8464845360902,64.8464845360902,64.8464845360902,64.8464845360902,0.0,0.0,0.0,849.244599565893
8913,1997-05-28,784.7353298580629,807.9537563763653,890.601828336163,784.7353298580629,784.7353298580629,65.04772497005834,65.04772497005834,65.04772497005834,65.04772497005834,65.04772497005834,65.04772497005834,0.0,0.0,0.0,849.7830548281212
8914,1997-05-29,785.0725446863228,809.9591249566604,894.6011922869088,785.0725446863228,785.0725446863228,65.24924516234314,65.24924516234314,65.24924516234314,65.24924516234314,65.24924516234314,65.24924516234314,0.0,0.0,0.0,850.321789848666
8915,1997-05-30,785.4097595145827,810.7655948761911,891.8295986454625,785.4097595145827,785.4097595145827,65.45104593656349,65.45104593656349,65.45104593656349,65.45104593656349,65.45104593656349,65.45104593656349,0.0,0.0,0.0,850.8608054511461
8916,1997-06-02,786.4214039993618,809.656049221578,894.4867542993792,786.4214039993618,786.4214039993618,66.05813995355867,66.05813995355867,66.05813995355867,66.05813995355867,66.05813995355867,66.05813995355867,0.0,0.0,0.0,852.4795439529205
8917,1997-06-03,786.7586188276217,813.3456471283796,894.0711004890176,786.7586188276217,786.7586188276217,66.26107124691113,66.26107124691113,66.26107124691113,66.26107124691113,66.26107124691113,66.26107124691113,0.0,0.0,0.0,853.0196900745328
8918,1997-06-04,787.0958336558809,813.8869783887508,894.5064288264441,787.0958336558809,787.0958336558809,66.46428720648288,66.46428720648288,66.46428720648288,66.46428720648288,66.46428720648288,66.46428720648288,0.0,0.0,0.0,853.5601208623639
8919,1997-06-05,787.4330484841408,811.2911630209074,895.3833399197149,787.4330484841408,787.4330484841408,66.6677886422053,66.6677886422053,66.6677886422053,66.6677886422053,66.6677886422053,66.6677886422053,0.0,0.0,0.0,854.1008371263462
8920,1997-06-06,787.7702633124009,812.3559764586117,895.4207742227743,787.7702633124009,787.7702633124009,66.87157636164366,66.87157636164366,66.87157636164366,66.87157636164366,66.87157636164366,66.87157636164366,0.0,0.0,0.0,854.6418396740445
8921,1997-06-09,788.7819077971799,816.6876510908403,896.7550228975131,788.7819077971799,788.7819077971799,67.48466526201582,67.48466526201582,67.48466526201582,67.48466526201582,67.48466526201582,67.48466526201582,0.0,0.0,0.0,856.2665730591957
8922,1997-06-10,789.1191226254406,816.3776147795975,897.0830301753901,789.1191226254405,789.1191226254405,67.68960614394656,67.68960614394656,67.68960614394656,67.68960614394656,67.68960614394656,67.68960614394656,0.0,0.0,0.0,856.8087287693871
8923,1997-06-11,789.4563374537005,818.7124618650257,899.084231968379,789.4563374537005,789.4563374537005,67.8948373111952,67.8948373111952,67.8948373111952,67.8948373111952,67.8948373111952,67.8948373111952,0.0,0.0,0.0,857.3511747648956
8924,1997-06-12,789.7935522819597,818.4895390798607,899.1244675266935,789.7935522819598,789.7935522819598,68.10035955667975,68.10035955667975,68.10035955667975,68.10035955667975,68.10035955667975,68.10035955667975,0.0,0.0,0.0,857.8939118386395
8925,1997-06-13,790.1307671102197,817.9198753926438,900.2428788163176,790.1307671102197,790.1307671102197,68.30617367079405,68.30617367079405,68.30617367079405,68.30617367079405,68.30617367079405,68.30617367079405,0.0,0.0,0.0,858.4369407810137
8926,1997-06-16,791.1424115949987,820.6471734597432,898.4549652334488,791.1424115949987,791.1424115949987,68.92537509061604,68.92537509061604,68.92537509061604,68.92537509061604,68.92537509061604,68.92537509061604,0.0,0.0,0.0,860.0677866856148
8927,1997-06-17,791.4796264232587,817.6110822900515,901.5163215692975,791.4796264232587,791.4796264232587,69.13236453203936,69.13236453203936,69.13236453203936,69.13236453203936,69.13236453203936,69.13236453203936,0.0,0.0,0.0,860.611990955298
8928,1997-06-18,791.8168412515187,818.9125663977974,902.0903009260006,791.8168412515187,791.8168412515187,69.3396497555001,69.3396497555001,69.3396497555001,69.3396497555001,69.3396497555001,69.3396497555001,0.0,0.0,0.0,861.1564910070188
8929,1997-06-19,792.1540560797786,820.2523492381116,906.8380177475768,792.1540560797786,792.1540560797786,69.5472315358151,69.5472315358151,69.5472315358151,69.5472315358151,69.5472315358151,69.5472315358151,0.0,0.0,0.0,861.7012876155936
8930,1997-06-20,792.4912709080378,822.8485571314412,901.6605706698297,792.4912709080378,792.4912709080378,69.75511064512564,69.75511064512564,69.75511064512564,69.75511064512564,69.75511064512564,69.75511064512564,0.0,0.0,0.0,862.2463815531635
8931,1997-06-23,793.5029153928176,822.1003750703045,907.9378543473385,793.5029153928176,793.5029153928176,70.38053962792063,70.38053962792063,70.38053962792063,70.38053962792063,70.38053962792063,70.38053962792063,0.0,0.0,0.0,863.8834550207382
8932,1997-06-24,793.8401302210768,822.4060524693615,903.1599951295526,793.8401302210768,793.8401302210768,70.589615720443,70.589615720443,70.589615720443,70.589615720443,70.589615720443,70.589615720443,0.0,0.0,0.0,864.4297459415199
8933,1997-06-25,794.1773450493367,822.3165064932404,908.4252816893766,794.1773450493367,794.1773450493367,70.79899296184037,70.79899296184037,70.79899296184037,70.79899296184037,70.79899296184037,70.79899296184037,0.0,0.0,0.0,864.9763380111771
8934,1997-06-26,794.5145598775974,823.6615685680072,907.5163298186409,794.5145598775974,794.5145598775974,71.00867210777652,71.00867210777652,71.00867210777652,71.00867210777652,71.00867210777652,71.00867210777652,0.0,0.0,0.0,865.523231985374
8935,1997-06-27,794.8517747058573,825.3417850242794,906.9467934589012,794.8517747058573,794.8517747058573,71.21865391109355,71.21865391109355,71.21865391109355,71.21865391109355,71.21865391109355,71.21865391109355,0.0,0.0,0.0,866.070428616951
8936,1997-06-30,795.8634191906365,824.7314726329085,909.8340125442955,795.8634191906365,795.8634191906365,71.85042275102627,71.85042275102627,71.85042275102627,71.85042275102627,71.85042275102627,71.85042275102627,0.0,0.0,0.0,867.7138419416627
8937,1997-07-01,796.2006340188964,825.7246868574563,907.0859766233162,796.2006340188964,796.2006340188964,72.06162265517733,72.06162265517733,72.06162265517733,72.06162265517733,72.06162265517733,72.06162265517733,0.0,0.0,0.0,868.2622566740737
8938,1997-07-02,796.5378488471556,825.0710580756006,909.990546992565,796.5378488471556,796.5378488471556,72.27312893790692,72.27312893790692,72.27312893790692,72.27312893790692,72.27312893790692,72.27312893790692,0.0,0.0,0.0,868.8109777850625
8939,1997-07-03,796.8750636754155,829.3363539926677,909.2798974951864,796.8750636754155,796.8750636754155,72.4849423347099,72.4849423347099,72.4849423347099,72.4849423347099,72.4849423347099,72.4849423347099,0.0,0.0,0.0,869.3600060101254
8940,1997-07-07,798.2239229884545,828.0580666662477,908.927828952256,798.2239229884545,798.2239229884545,73.3352816684552,73.3352816684552,73.3352816684552,73.3352816684552,73.3352816684552,73.3352816684552,0.0,0.0,0.0,871.5592046569097
8941,1997-07-08,798.5611378167146,830.3435115001212,910.6019251375745,798.5611378167146,798.5611378167146,73.54864156367725,73.54864156367725,73.54864156367725,73.54864156367725,73.54864156367725,73.54864156367725,0.0,0.0,0.0,872.1097793803918
8942,1997-07-09,798.8983526449745,831.3091230098734,915.7664507008764,798.8983526449745,798.8983526449745,73.76231292304516,73.76231292304516,73.76231292304516,73.76231292304516,73.76231292304516,73.76231292304516,0.0,0.0,0.0,872.6606655680196
8943,1997-07-10,799.2355674732337,832.2477533427736,916.4824475263224,799.2355674732337,799.2355674732337,73.97629646090535,73.97629646090535,73.97629646090535,73.97629646090535,73.97629646090535,73.97629646090535,0.0,0.0,0.0,873.211863934139
8944,1997-07-11,799.5727823014943,830.8788544715421,916.6324277393487,799.5727823014943,799.5727823014943,74.19059288850495,74.19059288850495,74.19059288850495,74.19059288850495,74.19059288850495,74.19059288850495,0.0,0.0,0.0,873.7633751899992
8945,1997-07-14,800.5844267862734,833.193289216814,920.4257020840347,800.5844267862734,800.5844267862734,74.83536657533259,74.83536657533259,74.83536657533259,74.83536657533259,74.83536657533259,74.83536657533259,0.0,0.0,0.0,875.419793361606
8946,1997-07-15,800.9216416145333,834.9772126925503,921.1275153072341,800.9216416145334,800.9216416145334,75.05092161171711,75.05092161171711,75.05092161171711,75.05092161171711,75.05092161171711,75.05092161171711,0.0,0.0,0.0,875.9725632262505
8947,1997-07-16,801.2588564427933,832.2435704569002,917.1982421985825,801.2588564427933,801.2588564427933,75.26679304692689,75.26679304692689,75.26679304692689,75.26679304692689,75.26679304692689,75.26679304692689,0.0,0.0,0.0,876.5256494897202
8948,1997-07-17,801.5960712710532,836.6589951006348,919.6966998359305,801.5960712710532,801.5960712710532,75.48298157321565,75.48298157321565,75.48298157321565,75.48298157321565,75.48298157321565,75.48298157321565,0.0,0.0,0.0,877.0790528442689
8949,1997-07-18,801.9332860993125,836.531071957479,918.7274516832106,801.9332860993125,801.9332860993125,75.69948787960617,75.69948787960617,75.69948787960617,75.69948787960617,75.69948787960617,75.69948787960617,0.0,0.0,0.0,877.6327739789186
8950,1997-07-21,802.9449305840923,836.7640762724662,919.5867342317058,802.9449305840923,802.9449305840923,76.35092032077205,76.35092032077205,76.35092032077205,76.35092032077205,76.35092032077205,76.35092032077205,0.0,0.0,0.0,879.2958509048643
8951,1997-07-22,803.2821454123515,838.0266414614779,921.1061809439315,803.2821454123515,803.2821454123515,76.5687045725385,76.5687045725385,76.5687045725385,76.5687045725385,76.5687045725385,76.5687045725385,0.0,0.0,0.0,879.85084998489
8952,1997-07-23,803.6193602406114,841.6918654271209,920.6973358532417,803.6193602406114,803.6193602406114,76.78681000041503,76.78681000041503,76.78681000041503,76.78681000041503,76.78681000041503,76.78681000041503,0.0,0.0,0.0,880.4061702410264
8953,1997-07-24,803.9565750688714,838.953063903368,922.1609947410312,803.9565750688714,803.9565750688714,77.00523727365442,77.00523727365442,77.00523727365442,77.00523727365442,77.00523727365442,77.00523727365442,0.0,0.0,0.0,880.9618123425258
8954,1997-07-25,804.2937898971313,838.7048365202243,925.0386190059032,804.2937898971313,804.2937898971313,77.22398705815063,77.22398705815063,77.22398705815063,77.22398705815063,77.22398705815063,77.22398705815063,0.0,0.0,0.0,881.517776955282
8955,1997-07-28,805.3054343819111,841.709892479912,925.3821172179271,805.3054343819111,805.3054343819111,77.88217808738588,77.88217808738588,77.88217808738588,77.88217808738588,77.88217808738588,77.88217808738588,0.0,0.0,0.0,883.187612469297
8956,1997-07-29,805.642649210171,844.4780123659593,924.7392723392978,805.642649210171,805.642649210171,78.1022245080752,78.1022245080752,78.1022245080752,78.1022245080752,78.1022245080752,78.1022245080752,0.0,0.0,0.0,883.7448737182463
8957,1997-07-30,805.9798640384303,842.5143232255639,927.2105253558079,805.9798640384303,805.9798640384303,78.3225967185049,78.3225967185049,78.3225967185049,78.3225967185049,78.3225967185049,78.3225967185049,0.0,0.0,0.0,884.3024607569351
8958,1997-07-31,806.3170788666902,846.2396786819324,926.6847758206466,806.3170788666902,806.3170788666902,78.5432953640512,78.5432953640512,78.5432953640512,78.5432953640512,78.5432953640512,78.5432953640512,0.0,0.0,0.0,884.8603742307414
8959,1997-08-01,806.6795780573499,843.2598677353967,927.4579232542836,806.6795780573499,806.6795780573499,78.76432108660967,78.76432108660967,78.76432108660967,78.76432108660967,78.76432108660967,78.76432108660967,0.0,0.0,0.0,885.4438991439596
8960,1997-08-04,807.7670756293282,844.8342719980884,930.3318093509429,807.7670756293282,807.7670756293282,79.42936708275985,79.42936708275985,79.42936708275985,79.42936708275985,79.42936708275985,79.42936708275985,0.0,0.0,0.0,887.1964427120881
8961,1997-08-05,808.1295748199872,849.2015421450005,929.7689868187341,808.1295748199872,808.1295748199872,79.65170746212787,79.65170746212787,79.65170746212787,79.65170746212787,79.65170746212787,79.65170746212787,0.0,0.0,0.0,887.7812822821151
8962,1997-08-06,808.4920740106469,846.5680742431632,931.5309442629242,808.4920740106469,808.4920740106469,79.87437807518994,79.87437807518994,79.87437807518994,79.87437807518994,79.87437807518994,79.87437807518994,0.0,0.0,0.0,888.3664520858368
8963,1997-08-07,808.8545732013066,848.6059518235157,930.8579186665108,808.8545732013066,808.8545732013066,80.09737954260521,80.09737954260521,80.09737954260521,80.09737954260521,80.09737954260521,80.09737954260521,0.0,0.0,0.0,888.9519527439118
8964,1997-08-08,809.2170723919655,848.7495575545737,929.4538105263302,809.2170723919655,809.2170723919655,80.32071248143457,80.32071248143457,80.32071248143457,80.32071248143457,80.32071248143457,80.32071248143457,0.0,0.0,0.0,889.5377848734001
8965,1997-08-11,810.3045699639446,850.6024303824822,933.1151051337956,810.3045699639446,810.3045699639446,80.99270624271597,80.99270624271597,80.99270624271597,80.99270624271597,80.99270624271597,80.99270624271597,0.0,0.0,0.0,891.2972762066605
8966,1997-08-12,810.6670691546043,850.4795636603924,935.7256045272344,810.6670691546043,810.6670691546043,81.21737116529184,81.21737116529184,81.21737116529184,81.21737116529184,81.21737116529184,81.21737116529184,0.0,0.0,0.0,891.8844403198962
8967,1997-08-13,811.0295683452639,852.8957023545257,933.3772312575312,811.0295683452639,811.0295683452639,81.44237059005336,81.44237059005336,81.44237059005336,81.44237059005336,81.44237059005336,81.44237059005336,0.0,0.0,0.0,892.4719389353172
8968,1997-08-14,811.3920675359229,852.3170761643466,933.7648252064737,811.3920675359229,811.3920675359229,81.66770511213412,81.66770511213412,81.66770511213412,81.66770511213412,81.66770511213412,81.66770511213412,0.0,0.0,0.0,893.0597726480571
8969,1997-08-15,811.7545667265827,854.5469630263482,934.1625642941199,811.7545667265827,811.7545667265827,81.89337532295878,81.89337532295878,81.89337532295878,81.89337532295878,81.89337532295878,81.89337532295878,0.0,0.0,0.0,893.6479420495414
8970,1997-08-18,812.8420642985609,852.4421239801001,936.3521607977417,812.8420642985609,812.8420642985609,82.57240594614488,82.57240594614488,82.57240594614488,82.57240594614488,82.57240594614488,82.57240594614488,0.0,0.0,0.0,895.4144702447057
8971,1997-08-19,813.2045634892206,852.7005694340896,937.348254377963,813.2045634892206,813.2045634892206,82.79942475142316,82.79942475142316,82.79942475142316,82.79942475142316,82.79942475142316,82.79942475142316,0.0,0.0,0.0,896.0039882406438
8972,1997-08-20,813.5670626798797,854.7318980246507,936.8009962648359,813.5670626798797,813.5670626798797,83.02678214636074,83.02678214636074,83.02678214636074,83.02678214636074,83.02678214636074,83.02678214636074,0.0,0.0,0.0,896.5938448262405
8973,1997-08-21,813.9295618705393,854.4832156285786,935.2758846008431,813.9295618705393,813.9295618705393,83.25447869978987,83.25447869978987,83.25447869978987,83.25447869978987,83.25447869978987,83.25447869978987,0.0,0.0,0.0,897.1840405703291
8974,1997-08-22,814.292061061199,857.4178272171755,940.0040189446869,814.292061061199,814.292061061199,83.48251497672737,83.48251497672737,83.48251497672737,83.48251497672737,83.48251497672737,83.48251497672737,0.0,0.0,0.0,897.7745760379264
8975,1997-08-25,815.3795586331773,861.078626250718,940.0058585307847,815.3795586331773,815.3795586331773,84.16866774114544,84.16866774114544,84.16866774114544,84.16866774114544,84.16866774114544,84.16866774114544,0.0,0.0,0.0,899.5482263743228
8976,1997-08-26,815.742057823837,857.8478077529537,938.8110773259726,815.742057823837,815.742057823837,84.39806848536968,84.39806848536968,84.39806848536968,84.39806848536968,84.39806848536968,84.39806848536968,0.0,0.0,0.0,900.1401263092066
8977,1997-08-27,816.1045570144967,859.8255453506933,945.4787100911878,816.1045570144967,816.1045570144967,84.62781172037533,84.62781172037533,84.62781172037533,84.62781172037533,84.62781172037533,84.62781172037533,0.0,0.0,0.0,900.732368734872
8978,1997-08-28,816.4670562051556,861.2483342522863,941.7878707591007,816.4670562051556,816.4670562051556,84.8578979879513,84.8578979879513,84.8578979879513,84.8578979879513,84.8578979879513,84.8578979879513,0.0,0.0,0.0,901.3249541931069
8979,1997-08-29,816.8295553958153,857.9706352785247,946.0624943821784,816.8295553958153,816.8295553958153,85.0883278259662,85.0883278259662,85.0883278259662,85.0883278259662,85.0883278259662,85.0883278259662,0.0,0.0,0.0,901.9178832217815
8980,1997-09-02,818.2795521584533,861.341547848381,943.8562171993835,818.2795521584533,818.2795521584533,86.01349350167337,86.01349350167337,86.01349350167337,86.01349350167337,86.01349350167337,86.01349350167337,0.0,0.0,0.0,904.2930456601266
8981,1997-09-03,818.6420513491123,864.5868776391482,945.3428051315285,818.6420513491123,818.6420513491123,86.24564912160554,86.24564912160554,86.24564912160554,86.24564912160554,86.24564912160554,86.24564912160554,0.0,0.0,0.0,904.8877004707178
8982,1997-09-04,819.004550539772,863.421861899909,947.1725038645606,819.004550539772,819.004550539772,86.47815145600735,86.47815145600735,86.47815145600735,86.47815145600735,86.47815145600735,86.47815145600735,0.0,0.0,0.0,905.4827019957794
8983,1997-09-05,819.3670497304316,865.9043130034183,948.2595057639512,819.3670497304316,819.3670497304316,86.71100101489101,86.71100101489101,86.71100101489101,86.71100101489101,86.71100101489101,86.71100101489101,0.0,0.0,0.0,906.0780507453227
8984,1997-09-08,820.45454730241,866.1124679977053,949.5142442927561,820.45454730241,820.45454730241,87.41163807791892,87.41163807791892,87.41163807791892,87.41163807791892,87.41163807791892,87.41163807791892,0.0,0.0,0.0,907.866185380329
8985,1997-09-09,820.8170464930697,865.2908767466135,951.5905589827732,820.8170464930697,820.8170464930697,87.64588155391431,87.64588155391431,87.64588155391431,87.64588155391431,87.64588155391431,87.64588155391431,0.0,0.0,0.0,908.462928046984
8986,1997-09-10,821.1795456837293,868.2818274361348,950.7233552617677,821.1795456837293,821.1795456837293,87.88047474363472,87.88047474363472,87.88047474363472,87.88047474363472,87.88047474363472,87.88047474363472,0.0,0.0,0.0,909.0600204273641
8987,1997-09-11,821.542044874389,870.078721378828,951.4190731863953,821.542044874389,821.542044874389,88.11541813267091,88.11541813267091,88.11541813267091,88.11541813267091,88.11541813267091,88.11541813267091,0.0,0.0,0.0,909.65746300706
8988,1997-09-12,821.9045440650481,869.2412668607626,955.1605900340326,821.9045440650481,821.9045440650481,88.35071220249688,88.35071220249688,88.35071220249688,88.35071220249688,88.35071220249688,88.35071220249688,0.0,0.0,0.0,910.255256267545
8989,1997-09-15,822.9920416370263,869.8527949620826,953.0049828964096,822.9920416370263,822.9920416370263,89.05870324941375,89.05870324941375,89.05870324941375,89.05870324941375,89.05870324941375,89.05870324941375,0.0,0.0,0.0,912.05074488644
8990,1997-09-16,823.354540827686,871.4982482900251,950.8758581576988,823.354540827686,823.354540827686,89.29540477432856,89.29540477432856,89.29540477432856,89.29540477432856,89.29540477432856,89.29540477432856,0.0,0.0,0.0,912.6499456020146
8991,1997-09-17,823.7170400183458,868.8627228669739,954.79164200405,823.7170400183458,823.7170400183458,89.53245932518095,89.53245932518095,89.53245932518095,89.53245932518095,89.53245932518095,89.53245932518095,0.0,0.0,0.0,913.2494993435267
8992,1997-09-18,824.0795392090047,871.255588063018,957.1667965380661,824.0795392090047,824.0795392090047,89.76986735846471,89.76986735846471,89.76986735846471,89.76986735846471,89.76986735846471,89.76986735846471,0.0,0.0,0.0,913.8494065674694
8993,1997-09-19,824.4420383996644,873.2561956635718,957.2371668494587,824.4420383996644,824.4420383996644,90.00762932646484,90.00762932646484,90.00762932646484,90.00762932646484,90.00762932646484,90.00762932646484,0.0,0.0,0.0,914.4496677261293
8994,1997-09-22,825.5295359716428,874.6522070586913,955.8263701908252,825.5295359716428,825.5295359716428,90.7230432982146,90.7230432982146,90.7230432982146,90.7230432982146,90.7230432982146,90.7230432982146,0.0,0.0,0.0,916.2525792698574
8995,1997-09-23,825.8920351623024,875.4506812338677,960.1032515351362,825.8920351623024,825.8920351623024,90.9622254433108,90.9622254433108,90.9622254433108,90.9622254433108,90.9622254433108,90.9622254433108,0.0,0.0,0.0,916.8542606056131
8996,1997-09-24,826.2545343529621,874.6255695592723,958.0100313861934,826.2545343529621,826.2545343529621,91.20176372097359,91.20176372097359,91.20176372097359,91.20176372097359,91.20176372097359,91.20176372097359,0.0,0.0,0.0,917.4562980739356
8997,1997-09-25,826.6170335436218,880.6912818087607,961.4868232375478,826.6170335436218,826.6170335436218,91.4416585579702,91.4416585579702,91.4416585579702,91.4416585579702,91.4416585579702,91.4416585579702,0.0,0.0,0.0,918.058692101592
8998,1997-09-26,826.9795327342814,876.6003772118831,961.5221916935352,826.9795327342814,826.9795327342814,91.68191037677147,91.68191037677147,91.68191037677147,91.68191037677147,91.68191037677147,91.68191037677147,0.0,0.0,0.0,918.6614431110529
8999,1997-09-29,828.0670303062598,879.8857870108257,961.1656520712481,828.0670303062598,828.0670303062598,92.40481188400716,92.40481188400716,92.40481188400716,92.40481188400716,92.40481188400716,92.40481188400716,0.0,0.0,0.0,920.4718421902669
9000,1997-09-30,828.4295294969187,878.9670779474284,964.1885847397946,828.4295294969187,828.4295294969187,92.64649576837837,92.64649576837837,92.64649576837837,92.64649576837837,92.64649576837837,92.64649576837837,0.0,0.0,0.0,921.0760252652971
9001,1997-10-01,828.7920286875784,878.4478042678576,959.4950375117944,828.7920286875784,828.7920286875784,92.88853868203488,92.88853868203488,92.88853868203488,92.88853868203488,92.88853868203488,92.88853868203488,0.0,0.0,0.0,921.6805673696133
9002,1997-10-02,829.1545278782381,882.804520194995,965.0411706077299,829.1545278782381,829.1545278782381,93.13094102141393,93.13094102141393,93.13094102141393,93.13094102141393,93.13094102141393,93.13094102141393,0.0,0.0,0.0,922.2854688996521
9003,1997-10-03,829.517027068897,883.003646068561,960.8650679836421,829.517027068897,829.517027068897,93.37370317857285,93.37370317857285,93.37370317857285,93.37370317857285,93.37370317857285,93.37370317857285,0.0,0.0,0.0,922.89073024747
9004,1997-10-06,830.6045246408754,883.4001522924912,964.072030455438,830.6045246408754,830.6045246408754,94.1041524113327,94.1041524113327,94.1041524113327,94.1041524113327,94.1041524113327,94.1041524113327,0.0,0.0,0.0,924.7086770522081
9005,1997-10-07,830.9670238315351,886.5748589545088,966.0218731121122,830.9670238315351,830.9670238315351,94.34835767214987,94.34835767214987,94.34835767214987,94.34835767214987,94.34835767214987,94.34835767214987,0.0,0.0,0.0,925.315381503685
9006,1997-10-08,831.3295230221947,883.7941608442646,966.9263651222965,831.3295230221947,831.3295230221947,94.59292464490939,94.59292464490939,94.59292464490939,94.59292464490939,94.59292464490939,94.59292464490939,0.0,0.0,0.0,925.9224476671042
9007,1997-10-09,831.6920222128545,885.3003134567522,967.1555843893723,831.6920222128545,831.6920222128545,94.83785369513879,94.83785369513879,94.83785369513879,94.83785369513879,94.83785369513879,94.83785369513879,0.0,0.0,0.0,926.5298759079933
9008,1997-10-10,832.0545214035142,880.6396646393617,968.5755666368385,832.0545214035142,832.0545214035142,95.08314518390536,95.08314518390536,95.08314518390536,95.08314518390536,95.08314518390536,95.08314518390536,0.0,0.0,0.0,927.1376665874195
9009,1997-10-13,833.1420189754924,888.7669925244002,971.6343677610722,833.1420189754924,833.1420189754924,95.82119782492282,95.82119782492282,95.82119782492282,95.82119782492282,95.82119782492282,95.82119782492282,0.0,0.0,0.0,928.9632168004152
9010,1997-10-14,833.5045181661521,889.4308916568931,970.1057441102605,833.5045181661521,833.5045181661521,96.06794258887025,96.06794258887025,96.06794258887025,96.06794258887025,96.06794258887025,96.06794258887025,0.0,0.0,0.0,929.5724607550223
9011,1997-10-15,833.8670173568112,889.9235222130258,968.7578595823056,833.8670173568112,833.8670173568112,96.31505152936761,96.31505152936761,96.31505152936761,96.31505152936761,96.31505152936761,96.31505152936761,0.0,0.0,0.0,930.1820688861787
9012,1997-10-16,834.2295165474708,888.8161677480371,972.2979485753096,834.2295165474708,834.2295165474708,96.56252498047614,96.56252498047614,96.56252498047614,96.56252498047614,96.56252498047614,96.56252498047614,0.0,0.0,0.0,930.7920415279469
9013,1997-10-17,834.5920157381305,890.457836984053,971.0113156004584,834.5920157381305,834.5920157381305,96.8103632717193,96.8103632717193,96.8103632717193,96.8103632717193,96.8103632717193,96.8103632717193,0.0,0.0,0.0,931.4023790098498
9014,1997-10-20,835.6795133101089,888.8637833095437,974.4242566344113,835.6795133101089,835.6795133101089,97.55607041315119,97.55607041315119,97.55607041315119,97.55607041315119,97.55607041315119,97.55607041315119,0.0,0.0,0.0,933.2355837232601
9015,1997-10-21,836.0420125007678,893.3366492509884,974.6702753934621,836.0420125007678,836.0420125007678,97.80537126898253,97.80537126898253,97.80537126898253,97.80537126898253,97.80537126898253,97.80537126898253,0.0,0.0,0.0,933.8473837697503
9016,1997-10-22,836.4045116914275,892.0208940553904,972.5567506307149,836.4045116914275,836.4045116914275,98.05503854408879,98.05503854408879,98.05503854408879,98.05503854408879,98.05503854408879,98.05503854408879,0.0,0.0,0.0,934.4595502355163
9017,1997-10-23,836.7670108820872,896.2363040504341,977.3211996531887,836.7670108820872,836.7670108820872,98.3050725405289,98.3050725405289,98.3050725405289,98.3050725405289,98.3050725405289,98.3050725405289,0.0,0.0,0.0,935.0720834226161
9018,1997-10-24,837.1295100727468,892.3482711364676,975.2894357667054,837.1295100727468,837.1295100727468,98.55547355574893,98.55547355574893,98.55547355574893,98.55547355574893,98.55547355574893,98.55547355574893,0.0,0.0,0.0,935.6849836284957
9019,1997-10-27,838.2170076447252,893.4165077422621,977.0696336033659,838.2170076447252,838.2170076447252,99.30888161910417,99.30888161910417,99.30888161910417,99.30888161910417,99.30888161910417,99.30888161910417,0.0,0.0,0.0,937.5258892638294
9020,1997-10-28,838.5795068353849,898.7567805268623,980.2131031738376,838.5795068353849,838.5795068353849,99.56075359124283,99.56075359124283,99.56075359124283,99.56075359124283,99.56075359124283,99.56075359124283,0.0,0.0,0.0,938.1402604266277
9021,1997-10-29,838.9420060260445,898.1281264150733,980.5024623252016,838.9420060260445,838.9420060260445,99.81299399980722,99.81299399980722,99.81299399980722,99.81299399980722,99.81299399980722,99.81299399980722,0.0,0.0,0.0,938.7550000258517
9022,1997-10-30,839.3045052167035,897.7191554426602,983.6118300214115,839.3045052167035,839.3045052167035,100.06560311433968,100.06560311433968,100.06560311433968,100.06560311433968,100.06560311433968,100.06560311433968,0.0,0.0,0.0,939.3701083310432
9023,1997-10-31,839.6670044073632,898.1069643676653,982.3549827506978,839.6670044073632,839.6670044073632,100.31858119969449,100.31858119969449,100.31858119969449,100.31858119969449,100.31858119969449,100.31858119969449,0.0,0.0,0.0,939.9855856070576
9024,1997-11-03,840.7545019793415,899.73166333932,982.3076945639293,840.7545019793415,840.7545019793415,101.0797318587299,101.0797318587299,101.0797318587299,101.0797318587299,101.0797318587299,101.0797318587299,0.0,0.0,0.0,941.8342338380714
9025,1997-11-04,841.1170011700012,899.4010727570626,983.5597738935145,841.1170011700012,841.1170011700012,101.33418838183755,101.33418838183755,101.33418838183755,101.33418838183755,101.33418838183755,101.33418838183755,0.0,0.0,0.0,942.4511895518388
9026,1997-11-05,841.4795003606602,901.123187804202,983.6473963488435,841.4795003606602,841.4795003606602,101.58901512939043,101.58901512939043,101.58901512939043,101.58901512939043,101.58901512939043,101.58901512939043,0.0,0.0,0.0,943.0685154900506
9027,1997-11-06,841.8419995513199,900.0818908734321,986.8249009692926,841.8419995513199,841.8419995513199,101.84421233791475,101.84421233791475,101.84421233791475,101.84421233791475,101.84421233791475,101.84421233791475,0.0,0.0,0.0,943.6862118892346
9028,1997-11-07,842.2044987419796,904.2867532014643,984.6714253810442,842.2044987419796,842.2044987419796,102.09978023917711,102.09978023917711,102.09978023917711,102.09978023917711,102.09978023917711,102.09978023917711,0.0,0.0,0.0,944.3042789811567
9029,1997-11-10,843.2919963139586,904.1178731083249,988.4007179259222,843.2919963139586,843.2919963139586,102.86871034553285,102.86871034553285,102.86871034553285,102.86871034553285,102.86871034553285,102.86871034553285,0.0,0.0,0.0,946.1607066594914
9030,1997-11-11,843.6544955046176,906.0975840913387,988.0396034777883,843.6544955046176,843.6544955046176,103.12576323996751,103.12576323996751,103.12576323996751,103.12576323996751,103.12576323996751,103.12576323996751,0.0,0.0,0.0,946.7802587445851
9031,1997-11-12,844.0169946952773,905.8938009329939,991.6126783658368,844.0169946952773,844.0169946952773,103.38318791429653,103.38318791429653,103.38318791429653,103.38318791429653,103.38318791429653,103.38318791429653,0.0,0.0,0.0,947.4001826095738
9032,1997-11-13,844.3794938859369,904.3142190746037,988.2047961524644,844.3794938859369,844.3794938859369,103.64098457154762,103.64098457154762,103.64098457154762,103.64098457154762,103.64098457154762,103.64098457154762,0.0,0.0,0.0,948.0204784574845
9033,1997-11-14,844.7419930765959,907.7823565660987,991.0246496808116,844.7419930765959,844.7419930765959,103.89915340992147,103.89915340992147,103.89915340992147,103.89915340992147,103.89915340992147,103.89915340992147,0.0,0.0,0.0,948.6411464865174
9034,1997-11-17,845.8294906485743,906.4423398898616,991.5915416860993,845.8294906485743,845.8294906485743,104.67589492125063,104.67589492125063,104.67589492125063,104.67589492125063,104.67589492125063,104.67589492125063,0.0,0.0,0.0,950.505385569825
9035,1997-11-18,846.1919898392339,909.4934577659678,992.46027749542,846.1919898392339,846.1919898392339,104.93555436933232,104.93555436933232,104.93555436933232,104.93555436933232,104.93555436933232,104.93555436933232,0.0,0.0,0.0,951.1275442085662
9036,1997-11-19,846.5544890298936,911.5281688915875,995.1004432424941,846.5544890298936,846.5544890298936,105.19558691685799,105.19558691685799,105.19558691685799,105.19558691685799,105.19558691685799,105.19558691685799,0.0,0.0,0.0,951.7500759467516
9037,1997-11-20,846.9169882205526,910.9157181099645,992.4314938850627,846.9169882205526,846.9169882205526,105.45599273288944,105.45599273288944,105.45599273288944,105.45599273288944,105.45599273288944,105.45599273288944,0.0,0.0,0.0,952.372980953442
9038,1997-11-21,847.2794874112122,911.6893686467242,992.2964236047789,847.2794874112122,847.2794874112122,105.71677198159685,105.71677198159685,105.71677198159685,105.71677198159685,105.71677198159685,105.71677198159685,0.0,0.0,0.0,952.9962593928091
9039,1997-11-24,848.3669849831913,912.6305685336646,997.4788029586704,848.3669849831913,848.3669849831913,106.50135189194448,106.50135189194448,106.50135189194448,106.50135189194448,106.50135189194448,106.50135189194448,0.0,0.0,0.0,954.8683368751358
9040,1997-11-25,848.729484173851,914.5110652823088,996.1037838772606,848.729484173851,848.729484173851,106.76362641494873,106.76362641494873,106.76362641494873,106.76362641494873,106.76362641494873,106.76362641494873,0.0,0.0,0.0,955.4931105887997
9041,1997-11-26,849.0919833645099,913.6179835542987,999.1481058674772,849.0919833645098,849.0919833645098,107.02627511781537,107.02627511781537,107.02627511781537,107.02627511781537,107.02627511781537,107.02627511781537,0.0,0.0,0.0,956.1182584823252
9042,1997-11-28,849.8169817458294,916.4236586409232,999.7747685176788,849.8169817458294,849.8169817458294,107.55269559674527,107.55269559674527,107.55269559674527,107.55269559674527,107.55269559674527,107.55269559674527,0.0,0.0,0.0,957.3696773425746
9043,1997-12-01,850.9044793178076,917.3907144371,1001.8045854458605,850.9044793178076,850.9044793178076,108.34513586893222,108.34513586893222,108.34513586893222,108.34513586893222,108.34513586893222,108.34513586893222,0.0,0.0,0.0,959.2496151867398
9044,1997-12-02,851.2669785084667,917.903684965905,1000.9128093539321,851.2669785084667,851.2669785084667,108.61003230472706,108.61003230472706,108.61003230472706,108.61003230472706,108.61003230472706,108.61003230472706,0.0,0.0,0.0,959.8770108131937
9045,1997-12-03,851.6294776991263,918.0588228269542,1000.9169921733438,851.6294776991263,851.6294776991263,108.87530375852471,108.87530375852471,108.87530375852471,108.87530375852471,108.87530375852471,108.87530375852471,0.0,0.0,0.0,960.504781457651
9046,1997-12-04,851.991976889786,918.9379084165416,999.8418175239327,851.991976889786,851.991976889786,109.14095033010138,109.14095033010138,109.14095033010138,109.14095033010138,109.14095033010138,109.14095033010138,0.0,0.0,0.0,961.1329272198874
9047,1997-12-05,852.354476080445,921.4921442284874,1002.1749343865613,852.354476080445,852.354476080445,109.40697211421745,109.40697211421745,109.40697211421745,109.40697211421745,109.40697211421745,109.40697211421745,0.0,0.0,0.0,961.7614481946624
9048,1997-12-08,853.441973652424,923.4658828586895,1002.5050405160208,853.441973652424,853.441973652424,110.20728961397529,110.20728961397529,110.20728961397529,110.20728961397529,110.20728961397529,110.20728961397529,0.0,0.0,0.0,963.6492632663993
9049,1997-12-09,853.8044728430837,925.1289239774409,1007.598293394721,853.8044728430837,853.8044728430837,110.47481309521913,110.47481309521913,110.47481309521913,110.47481309521913,110.47481309521913,110.47481309521913,0.0,0.0,0.0,964.2792859383028
9050,1997-12-10,854.1669720337434,923.6671398794663,1006.1991381889784,854.1669720337434,854.1669720337434,110.74271218725275,110.74271218725275,110.74271218725275,110.74271218725275,110.74271218725275,110.74271218725275,0.0,0.0,0.0,964.9096842209962
9051,1997-12-11,854.5294712244023,924.5452088910782,1008.5273658117045,854.5294712244023,854.5294712244023,111.01098695455535,111.01098695455535,111.01098695455535,111.01098695455535,111.01098695455535,111.01098695455535,0.0,0.0,0.0,965.5404581789577
9052,1997-12-12,854.891970415062,925.6069853384506,1005.3670087672108,854.8919704150621,854.8919704150621,111.27963745652761,111.27963745652761,111.27963745652761,111.27963745652761,111.27963745652761,111.27963745652761,0.0,0.0,0.0,966.1716078715897
9053,1997-12-15,855.9794679870404,928.7140596615214,1007.3028256375534,855.9794679870404,855.9794679870404,112.08784388813555,112.08784388813555,112.08784388813555,112.08784388813555,112.08784388813555,112.08784388813555,0.0,0.0,0.0,968.067311875176
9054,1997-12-16,856.3419671777,928.9886611196813,1010.5383658950423,856.3419671777,856.3419671777,112.35799782094969,112.35799782094969,112.35799782094969,112.35799782094969,112.35799782094969,112.35799782094969,0.0,0.0,0.0,968.6999649986496
9055,1997-12-17,856.704466368359,929.134791120257,1012.0508070040252,856.7044663683591,856.7044663683591,112.62852770897588,112.62852770897588,112.62852770897588,112.62852770897588,112.62852770897588,112.62852770897588,0.0,0.0,0.0,969.3329940773349
9056,1997-12-18,857.0669655590187,926.6460302792577,1011.4654151980402,857.0669655590187,857.0669655590187,112.89943358096922,112.89943358096922,112.89943358096922,112.89943358096922,112.89943358096922,112.89943358096922,0.0,0.0,0.0,969.966399139988
9057,1997-12-19,857.4294647496783,927.3020099146834,1012.3389929074074,857.4294647496783,857.4294647496783,113.1707154605467,113.1707154605467,113.1707154605467,113.1707154605467,113.1707154605467,113.1707154605467,0.0,0.0,0.0,970.6001802102251
9058,1997-12-22,858.5169623216567,932.6985909135649,1013.8298186052838,858.5169623216567,858.5169623216567,113.98681730371418,113.98681730371418,113.98681730371418,113.98681730371418,113.98681730371418,113.98681730371418,0.0,0.0,0.0,972.5037796253708
9059,1997-12-23,858.8794615123164,934.2593767503373,1014.599269990679,858.8794615123164,858.8794615123164,114.25960334674863,114.25960334674863,114.25960334674863,114.25960334674863,114.25960334674863,114.25960334674863,0.0,0.0,0.0,973.139064859065
9060,1997-12-24,859.241960702976,933.3350190260996,1018.3218999108283,859.241960702976,859.241960702976,114.53276543808865,114.53276543808865,114.53276543808865,114.53276543808865,114.53276543808865,114.53276543808865,0.0,0.0,0.0,973.7747261410647
9061,1997-12-26,859.9669590842948,935.0627492177825,1017.1054300812531,859.9669590842948,859.9669590842948,115.08021773093296,115.08021773093296,115.08021773093296,115.08021773093296,115.08021773093296,115.08021773093296,0.0,0.0,0.0,975.0471768152278
9062,1997-12-29,861.054456656273,934.921641816326,1018.1115659058106,861.054456656273,861.054456656273,115.90421617868371,115.90421617868371,115.90421617868371,115.90421617868371,115.90421617868371,115.90421617868371,0.0,0.0,0.0,976.9586728349567
9063,1997-12-30,861.4169558469328,937.7609859457207,1019.2158846109819,861.4169558469328,861.4169558469328,116.17963422249152,116.17963422249152,116.17963422249152,116.17963422249152,116.17963422249152,116.17963422249152,0.0,0.0,0.0,977.5965900694242
9064,1997-12-31,861.7794550375917,938.5066879280206,1026.3421526540205,861.7794550375917,861.7794550375917,116.45542815344332,116.45542815344332,116.45542815344332,116.45542815344332,116.45542815344332,116.45542815344332,0.0,0.0,0.0,978.234883191035
9065,1998-01-02,862.5044534189111,935.6238315086134,1021.8390328813874,862.5044534189111,862.5044534189111,117.0081434957306,117.0081434957306,117.0081434957306,117.0081434957306,117.0081434957306,117.0081434957306,0.0,0.0,0.0,979.5125969146417
9066,1998-01-05,863.5919509908895,936.3281488927488,1019.1689033052894,863.5919509908895,863.5919509908895,117.84003439303055,117.84003439303055,117.84003439303055,117.84003439303055,117.84003439303055,117.84003439303055,0.0,0.0,0.0,981.43198538392
9067,1998-01-06,863.9544501815484,942.3888322214955,1024.8920469847753,863.9544501815485,863.9544501815485,118.11808253966741,118.11808253966741,118.11808253966741,118.11808253966741,118.11808253966741,118.11808253966741,0.0,0.0,0.0,982.0725327212158
9068,1998-01-07,864.3169493722088,940.3131178443084,1026.0163748445725,864.3169493722088,864.3169493722088,118.3965061551312,118.3965061551312,118.3965061551312,118.3965061551312,118.3965061551312,118.3965061551312,0.0,0.0,0.0,982.71345552734
9069,1998-01-08,864.6794485628684,943.4147360785436,1027.6271907063206,864.6794485628684,864.6794485628684,118.67530515850183,118.67530515850183,118.67530515850183,118.67530515850183,118.67530515850183,118.67530515850183,0.0,0.0,0.0,983.3547537213702
9070,1998-01-09,865.0419477535274,942.9322042406704,1025.2606012754795,865.0419477535274,865.0419477535274,118.95447946354308,118.95447946354308,118.95447946354308,118.95447946354308,118.95447946354308,118.95447946354308,0.0,0.0,0.0,983.9964272170705
9071,1998-01-12,866.1294453255058,940.0329598049666,1031.1634643398113,866.1294453255058,866.1294453255058,119.79425324643086,119.79425324643086,119.79425324643086,119.79425324643086,119.79425324643086,119.79425324643086,0.0,0.0,0.0,985.9236985719367
9072,1998-01-13,866.4919445161654,946.6458927718228,1027.7070782629028,866.4919445161654,866.4919445161654,120.07492778919827,120.07492778919827,120.07492778919827,120.07492778919827,120.07492778919827,120.07492778919827,0.0,0.0,0.0,986.5668723053636
9073,1998-01-14,866.8544437068251,945.1125915658222,1027.8848880086712,866.8544437068251,866.8544437068251,120.3559771224333,120.3559771224333,120.3559771224333,120.3559771224333,120.3559771224333,120.3559771224333,0.0,0.0,0.0,987.2104208292584
9074,1998-01-15,867.2169428974842,947.4315208073842,1030.1295236781102,867.2169428974842,867.2169428974842,120.63740112783118,120.63740112783118,120.63740112783118,120.63740112783118,120.63740112783118,120.63740112783118,0.0,0.0,0.0,987.8543440253153
9075,1998-01-16,867.5794420881438,945.0010765198168,1028.576494629379,867.5794420881438,867.5794420881438,120.91919968171365,120.91919968171365,120.91919968171365,120.91919968171365,120.91919968171365,120.91919968171365,0.0,0.0,0.0,988.4986417698574
9076,1998-01-20,869.0294388507818,949.4683570930193,1029.7584431569512,869.0294388507818,869.0294388507818,122.05013671994013,122.05013671994013,122.05013671994013,122.05013671994013,122.05013671994013,122.05013671994013,0.0,0.0,0.0,991.079575570722
9077,1998-01-21,869.3919380414408,951.3842760048427,1035.9433318182632,869.3919380414408,869.3919380414408,122.33380597237421,122.33380597237421,122.33380597237421,122.33380597237421,122.33380597237421,122.33380597237421,0.0,0.0,0.0,991.725744013815
9078,1998-01-22,869.7544372321012,952.9181193475126,1033.5032819667895,869.7544372321012,869.7544372321012,122.61784891788791,122.61784891788791,122.61784891788791,122.61784891788791,122.61784891788791,122.61784891788791,0.0,0.0,0.0,992.3722861499891
9079,1998-01-23,870.1169364227609,948.6129536640948,1030.5831363816135,870.1169364227609,870.1169364227609,122.90226539494779,122.90226539494779,122.90226539494779,122.90226539494779,122.90226539494779,122.90226539494779,0.0,0.0,0.0,993.0192018177087
9080,1998-01-26,871.2044339947391,952.915977560569,1034.1772918634172,871.2044339947391,871.2044339947391,123.75775431837799,123.75775431837799,123.75775431837799,123.75775431837799,123.75775431837799,123.75775431837799,0.0,0.0,0.0,994.9621883131172
9081,1998-01-27,871.5669331853982,957.3631187896668,1037.6818232576154,871.5669331853982,871.5669331853982,124.0436631973115,124.0436631973115,124.0436631973115,124.0436631973115,124.0436631973115,124.0436631973115,0.0,0.0,0.0,995.6105963827097
9082,1998-01-28,871.9294323760579,952.6935322600035,1037.180223233522,871.9294323760579,871.9294323760579,124.32994471832178,124.32994471832178,124.32994471832178,124.32994471832178,124.32994471832178,124.32994471832178,0.0,0.0,0.0,996.2593770943797
9083,1998-01-29,872.2919315667175,954.7962179893052,1037.4714547722838,872.2919315667175,872.2919315667175,124.61659868709512,124.61659868709512,124.61659868709512,124.61659868709512,124.61659868709512,124.61659868709512,0.0,0.0,0.0,996.9085302538126
9084,1998-01-30,872.6544307573765,953.2951687666157,1038.5342884288546,872.6544307573765,872.6544307573765,124.90362490382691,124.90362490382691,124.90362490382691,124.90362490382691,124.90362490382691,124.90362490382691,0.0,0.0,0.0,997.5580556612034
9085,1998-02-02,873.7419283293549,958.0210844893451,1042.0614968943794,873.7419283293549,873.7419283293549,125.76693496114471,125.76693496114471,125.76693496114471,125.76693496114471,125.76693496114471,125.76693496114471,0.0,0.0,0.0,999.5088632904996
9086,1998-02-03,874.1044275200145,955.9313347393271,1042.5710802720919,874.1044275200145,874.1044275200145,126.05544806149862,126.05544806149862,126.05544806149862,126.05544806149862,126.05544806149862,126.05544806149862,0.0,0.0,0.0,1000.1598755815131
9087,1998-02-04,874.4669267106742,960.1821913093935,1040.0418921534076,874.4669267106742,874.4669267106742,126.34433232809246,126.34433232809246,126.34433232809246,126.34433232809246,126.34433232809246,126.34433232809246,0.0,0.0,0.0,1000.8112590387667
9088,1998-02-05,874.8294259013331,959.1953099632541,1045.32239318802,874.8294259013331,874.8294259013331,126.63358752798248,126.63358752798248,126.63358752798248,126.63358752798248,126.63358752798248,126.63358752798248,0.0,0.0,0.0,1001.4630134293157
9089,1998-02-06,875.1919250919935,962.0401416542262,1042.3634921306825,875.1919250919935,875.1919250919935,126.92321342267462,126.92321342267462,126.92321342267462,126.92321342267462,126.92321342267462,126.92321342267462,0.0,0.0,0.0,1002.1151385146682
9090,1998-02-09,876.2794226639719,959.6720566336357,1046.7834856337909,876.2794226639719,876.2794226639719,127.79431280713482,127.79431280713482,127.79431280713482,127.79431280713482,127.79431280713482,127.79431280713482,0.0,0.0,0.0,1004.0737354711067
9091,1998-02-10,876.6419218546316,962.60953167995,1047.1319715934392,876.6419218546316,876.6419218546316,128.08541898472055,128.08541898472055,128.08541898472055,128.08541898472055,128.08541898472055,128.08541898472055,0.0,0.0,0.0,1004.7273408393521
9092,1998-02-11,877.0044210452905,964.859277312851,1047.063610304052,877.0044210452905,877.0044210452905,128.37689458103512,128.37689458103512,128.37689458103512,128.37689458103512,128.37689458103512,128.37689458103512,0.0,0.0,0.0,1005.3813156263257
9093,1998-02-12,877.3669202359503,963.2687054154653,1046.8975963110727,877.3669202359503,877.3669202359503,128.66873932408333,128.66873932408333,128.66873932408333,128.66873932408333,128.66873932408333,128.66873932408333,0.0,0.0,0.0,1006.0356595600335
9094,1998-02-13,877.7294194266099,966.9082083181199,1049.6728020226794,877.7294194266099,877.7294194266099,128.960952936256,128.960952936256,128.960952936256,128.960952936256,128.960952936256,128.960952936256,0.0,0.0,0.0,1006.6903723628659
9095,1998-02-17,879.1794161892473,968.0387794769914,1053.6725797621082,879.1794161892473,879.1794161892473,130.13349032703292,130.13349032703292,130.13349032703292,130.13349032703292,130.13349032703292,130.13349032703292,0.0,0.0,0.0,1009.3129065162802
9096,1998-02-18,879.5419153799069,966.9830830123996,1051.6308091690107,879.5419153799069,879.5419153799069,130.42754392359072,130.42754392359072,130.42754392359072,130.42754392359072,130.42754392359072,130.42754392359072,0.0,0.0,0.0,1009.9694593034976
9097,1998-02-19,879.9044145705666,970.6756468119903,1053.367139425634,879.9044145705666,879.9044145705666,130.72196460523347,130.72196460523347,130.72196460523347,130.72196460523347,130.72196460523347,130.72196460523347,0.0,0.0,0.0,1010.6263791758
9098,1998-02-20,880.2669137612256,966.8729583074921,1050.9664145981196,880.2669137612256,880.2669137612256,131.01675205480785,131.01675205480785,131.01675205480785,131.01675205480785,131.01675205480785,131.01675205480785,0.0,0.0,0.0,1011.2836658160335
9099,1998-02-23,881.3544113332046,973.8896492524833,1057.671724520531,881.3544113332046,881.3544113332046,131.90331175425675,131.90331175425675,131.90331175425675,131.90331175425675,131.90331175425675,131.90331175425675,0.0,0.0,0.0,1013.2577230874613
9100,1998-02-24,881.7169105238643,969.5204672542731,1056.1765091563373,881.7169105238643,881.7169105238643,132.19956299018918,132.19956299018918,132.19956299018918,132.19956299018918,132.19956299018918,132.19956299018918,0.0,0.0,0.0,1013.9164735140535
9101,1998-02-25,882.079409714524,973.67741358487,1055.206426408964,882.079409714524,882.079409714524,132.49617932283238,132.49617932283238,132.49617932283238,132.49617932283238,132.49617932283238,132.49617932283238,0.0,0.0,0.0,1014.5755890373564
9102,1998-02-26,882.4419089051829,972.9228521897553,1055.4441861066973,882.4419089051829,882.4419089051829,132.7931604007885,132.7931604007885,132.7931604007885,132.7931604007885,132.7931604007885,132.7931604007885,0.0,0.0,0.0,1015.2350693059714
9103,1998-02-27,882.8044080958426,974.5969954542127,1058.2078229752694,882.8044080958426,882.8044080958426,133.0905058669206,133.0905058669206,133.0905058669206,133.0905058669206,133.0905058669206,133.0905058669206,0.0,0.0,0.0,1015.8949139627632
9104,1998-03-02,883.891905667821,973.9769204888355,1058.3278538158156,883.891905667821,883.891905667821,133.9847249367233,133.9847249367233,133.9847249367233,133.9847249367233,133.9847249367233,133.9847249367233,0.0,0.0,0.0,1017.8766306045443
9105,1998-03-03,884.2544048584806,977.9914141919079,1059.3386590162017,884.2544048584806,884.2544048584806,134.28352426908643,134.28352426908643,134.28352426908643,134.28352426908643,134.28352426908643,134.28352426908643,0.0,0.0,0.0,1018.537929127567
9106,1998-03-04,884.6169040491396,980.0035128382314,1064.3603309356606,884.6169040491396,884.6169040491396,134.5826861175329,134.5826861175329,134.5826861175329,134.5826861175329,134.5826861175329,134.5826861175329,0.0,0.0,0.0,1019.1995901666726
9107,1998-03-05,884.9794032397992,975.4859108431385,1061.1694593342545,884.9794032397992,884.9794032397992,134.88221009029775,134.88221009029775,134.88221009029775,134.88221009029775,134.88221009029775,134.88221009029775,0.0,0.0,0.0,1019.861613330097
9108,1998-03-06,885.341902430459,979.0840236492306,1060.1333386127058,885.341902430459,885.341902430459,135.1820957898137,135.1820957898137,135.1820957898137,135.1820957898137,135.1820957898137,135.1820957898137,0.0,0.0,0.0,1020.5239982202727
9109,1998-03-09,886.429400002438,982.2153673053372,1066.2750486364503,886.429400002438,886.429400002438,136.0839191859261,136.0839191859261,136.0839191859261,136.0839191859261,136.0839191859261,136.0839191859261,0.0,0.0,0.0,1022.5133191883641
9110,1998-03-10,886.791899193097,982.8203551509574,1063.2647428237071,886.7918991930972,886.7918991930972,136.38524770035724,136.38524770035724,136.38524770035724,136.38524770035724,136.38524770035724,136.38524770035724,0.0,0.0,0.0,1023.1771468934543
9111,1998-03-11,887.1543983837566,982.3228044973498,1065.5717514616665,887.1543983837566,887.1543983837566,136.6869358663127,136.6869358663127,136.6869358663127,136.6869358663127,136.6869358663127,136.6869358663127,0.0,0.0,0.0,1023.8413342500694
9112,1998-03-12,887.5168975744164,984.4567857356064,1065.5119445180014,887.5168975744164,887.5168975744164,136.98898325120405,136.98898325120405,136.98898325120405,136.98898325120405,136.98898325120405,136.98898325120405,0.0,0.0,0.0,1024.5058808256204
9113,1998-03-13,887.8793967650753,985.4044720857697,1066.5589462538398,887.8793967650753,887.8793967650753,137.29138941657425,137.29138941657425,137.29138941657425,137.29138941657425,137.29138941657425,137.29138941657425,0.0,0.0,0.0,1025.1707861816494
9114,1998-03-16,888.9668943370536,983.2191074017665,1070.0817899744748,888.9668943370536,888.9668943370536,138.20075612272166,138.20075612272166,138.20075612272166,138.20075612272166,138.20075612272166,138.20075612272166,0.0,0.0,0.0,1027.1676504597754
9115,1998-03-17,889.3293935277134,985.658585567743,1068.736314720706,889.3293935277134,889.3293935277134,138.50459290768973,138.50459290768973,138.50459290768973,138.50459290768973,138.50459290768973,138.50459290768973,0.0,0.0,0.0,1027.8339864354032
9116,1998-03-18,889.691892718373,988.8408691048643,1069.520925794112,889.691892718373,889.691892718373,138.8087861924608,138.8087861924608,138.8087861924608,138.8087861924608,138.8087861924608,138.8087861924608,0.0,0.0,0.0,1028.5006789108338
9117,1998-03-19,890.054391909032,987.5799946270172,1069.6452635961048,890.054391909032,890.054391909032,139.11333550315476,139.11333550315476,139.11333550315476,139.11333550315476,139.11333550315476,139.11333550315476,0.0,0.0,0.0,1029.1677274121867
9118,1998-03-20,890.4168910996917,986.3357365799494,1070.8161596335563,890.4168910996917,890.4168910996917,139.41824035995518,139.41824035995518,139.41824035995518,139.41824035995518,139.41824035995518,139.41824035995518,0.0,0.0,0.0,1029.8351314596468
9119,1998-03-23,891.50438867167,989.2305089411705,1074.7420676456852,891.50438867167,891.50438867167,140.3350833195413,140.3350833195413,140.3350833195413,140.3350833195413,140.3350833195413,140.3350833195413,0.0,0.0,0.0,1031.8394719912112
9120,1998-03-24,891.8668878623304,988.6514663023529,1074.6836877904254,891.8668878623304,891.8668878623304,140.64140544348945,140.64140544348945,140.64140544348945,140.64140544348945,140.64140544348945,140.64140544348945,0.0,0.0,0.0,1032.5082933058197
9121,1998-03-25,892.2293870529894,993.8824900262312,1077.3699280838084,892.2293870529893,892.2293870529893,140.9480806250441,140.9480806250441,140.9480806250441,140.9480806250441,140.9480806250441,140.9480806250441,0.0,0.0,0.0,1033.1774676780335
9122,1998-03-26,892.591886243649,987.4352174570877,1074.301948333979,892.591886243649,892.591886243649,141.25510834855334,141.25510834855334,141.25510834855334,141.25510834855334,141.25510834855334,141.25510834855334,0.0,0.0,0.0,1033.8469945922025
9123,1998-03-27,892.9543854343087,993.9904293973354,1078.470695925207,892.9543854343087,892.9543854343087,141.56248809235848,141.56248809235848,141.56248809235848,141.56248809235848,141.56248809235848,141.56248809235848,0.0,0.0,0.0,1034.5168735266673
9124,1998-03-30,894.0418830062871,997.0449639507214,1078.9094267473038,894.0418830062871,894.0418830062871,142.48673413863327,142.48673413863327,142.48673413863327,142.48673413863327,142.48673413863327,142.48673413863327,0.0,0.0,0.0,1036.5286171449204
9125,1998-03-31,894.404382196946,995.8990200095453,1081.0630429789255,894.404382196946,894.404382196946,142.79551662652713,142.79551662652713,142.79551662652713,142.79551662652713,142.79551662652713,142.79551662652713,0.0,0.0,0.0,1037.1998988234732
9126,1998-04-01,894.7668813876057,996.3612421352852,1082.2698264466799,894.7668813876057,894.7668813876057,143.10464843595466,143.10464843595466,143.10464843595466,143.10464843595466,143.10464843595466,143.10464843595466,0.0,0.0,0.0,1037.8715298235604
9127,1998-04-02,895.1293805782655,999.3434821252071,1080.9086667303493,895.1293805782655,895.1293805782655,143.41412900899832,143.41412900899832,143.41412900899832,143.41412900899832,143.41412900899832,143.41412900899832,0.0,0.0,0.0,1038.5435095872638
9128,1998-04-03,895.4918797689244,998.9509064204199,1080.3194417016316,895.4918797689244,895.4918797689244,143.72395778166268,143.72395778166268,143.72395778166268,143.72395778166268,143.72395778166268,143.72395778166268,0.0,0.0,0.0,1039.2158375505871
9129,1998-04-06,896.5793773409027,996.1096544038945,1079.7443821822606,896.5793773409027,896.5793773409027,144.65552756601105,144.65552756601105,144.65552756601105,144.65552756601105,144.65552756601105,144.65552756601105,0.0,0.0,0.0,1041.2349049069137
9130,1998-04-07,896.9418765315625,1000.1514093696284,1083.1694558871518,896.9418765315625,896.9418765315625,144.96674337524908,144.96674337524908,144.96674337524908,144.96674337524908,144.96674337524908,144.96674337524908,0.0,0.0,0.0,1041.9086199068115
9131,1998-04-08,897.3043757222227,1001.5328603268047,1083.135090856999,897.3043757222227,897.3043757222227,145.2783044725753,145.2783044725753,145.2783044725753,145.2783044725753,145.2783044725753,145.2783044725753,0.0,0.0,0.0,1042.582680194798
9132,1998-04-09,897.6668749128818,1002.9094381871961,1084.8930236044894,897.6668749128818,897.6668749128818,145.59021025730027,145.59021025730027,145.59021025730027,145.59021025730027,145.59021025730027,145.59021025730027,0.0,0.0,0.0,1043.257085170182
9133,1998-04-13,899.1168716755197,1004.8163472326639,1088.0283003119825,899.1168716755197,899.1168716755197,146.8412680408131,146.8412680408131,146.8412680408131,146.8412680408131,146.8412680408131,146.8412680408131,0.0,0.0,0.0,1045.9581397163329
9134,1998-04-14,899.4793708661795,1006.8968939627379,1087.64514618576,899.4793708661795,899.4793708661795,147.15488803645977,147.15488803645977,147.15488803645977,147.15488803645977,147.15488803645977,147.15488803645977,0.0,0.0,0.0,1046.6342589026392
9135,1998-04-15,899.8418700568384,1008.3378867546523,1087.846547048342,899.8418700568384,899.8418700568384,147.4688489857812,147.4688489857812,147.4688489857812,147.4688489857812,147.4688489857812,147.4688489857812,0.0,0.0,0.0,1047.3107190426197
9136,1998-04-16,900.2043692474981,1004.0863087243059,1092.6420575295806,900.2043692474981,900.2043692474981,147.78315024479352,147.78315024479352,147.78315024479352,147.78315024479352,147.78315024479352,147.78315024479352,0.0,0.0,0.0,1047.9875194922915
9137,1998-04-17,900.5668684381578,1005.3801445540969,1090.86052341994,900.5668684381578,900.5668684381578,148.09779116328284,148.09779116328284,148.09779116328284,148.09779116328284,148.09779116328284,148.09779116328284,0.0,0.0,0.0,1048.6646596014407
9138,1998-04-20,901.6543660101362,1007.2136498292552,1094.2581541237264,901.6543660101362,901.6543660101362,149.0437452798183,149.0437452798183,149.0437452798183,149.0437452798183,149.0437452798183,149.0437452798183,0.0,0.0,0.0,1050.6981112899546
9139,1998-04-21,902.0168652007951,1010.0732358293473,1095.406063405917,902.0168652007951,902.0168652007951,149.35973820912457,149.35973820912457,149.35973820912457,149.35973820912457,149.35973820912457,149.35973820912457,0.0,0.0,0.0,1051.3766034099197
9140,1998-04-22,902.3793643914548,1011.3336470665399,1093.5961204788462,902.3793643914548,902.3793643914548,149.67606745302544,149.67606745302544,149.67606745302544,149.67606745302544,149.67606745302544,149.67606745302544,0.0,0.0,0.0,1052.0554318444802
9141,1998-04-23,902.7418635821151,1013.1876151011814,1095.8085957166054,902.7418635821152,902.7418635821152,149.99273232370498,149.99273232370498,149.99273232370498,149.99273232370498,149.99273232370498,149.99273232370498,0.0,0.0,0.0,1052.73459590582
9142,1998-04-24,903.1043627727742,1016.2162918095914,1095.7291345795038,903.1043627727742,903.1043627727742,150.309732127038,150.309732127038,150.309732127038,150.309732127038,150.309732127038,150.309732127038,0.0,0.0,0.0,1053.4140948998122
9143,1998-04-27,904.1918603447525,1013.8190485682283,1099.4990804817048,904.1918603447525,904.1918603447525,151.26273409689122,151.26273409689122,151.26273409689122,151.26273409689122,151.26273409689122,151.26273409689122,0.0,0.0,0.0,1055.4545944416436
9144,1998-04-28,904.5543595354121,1014.8701851175163,1098.3801189915382,904.5543595354121,904.5543595354121,151.58106656307794,151.58106656307794,151.58106656307794,151.58106656307794,151.58106656307794,151.58106656307794,0.0,0.0,0.0,1056.1354260984901
9145,1998-04-29,904.9168587260718,1016.3004673608058,1097.3491760696215,904.9168587260718,904.9168587260718,151.89973039630425,151.89973039630425,151.89973039630425,151.89973039630425,151.89973039630425,151.89973039630425,0.0,0.0,0.0,1056.8165891223762
9146,1998-04-30,905.2793579167309,1013.733898910092,1095.1563509900852,905.2793579167308,905.2793579167308,152.21872486436902,152.21872486436902,152.21872486436902,152.21872486436902,152.21872486436902,152.21872486436902,0.0,0.0,0.0,1057.4980827810998
9147,1998-05-01,905.6418571073905,1015.3535480868836,1099.8513203078126,905.6418571073905,905.6418571073905,152.53804922868284,152.53804922868284,152.53804922868284,152.53804922868284,152.53804922868284,152.53804922868284,0.0,0.0,0.0,1058.1799063360734
9148,1998-05-04,906.7293546793688,1019.0212105265714,1101.1479684364178,906.7293546793688,906.7293546793688,153.4979942171824,153.4979942171824,153.4979942171824,153.4979942171824,153.4979942171824,153.4979942171824,0.0,0.0,0.0,1060.2273488965511
9149,1998-05-05,907.0918538700286,1020.9145987482487,1101.6933407320678,907.0918538700286,907.0918538700286,153.81863065245875,153.81863065245875,153.81863065245875,153.81863065245875,153.81863065245875,153.81863065245875,0.0,0.0,0.0,1060.9104845224874
9150,1998-05-06,907.4543530606875,1019.7107080533557,1105.7904065147984,907.4543530606875,907.4543530606875,154.1395931948282,154.1395931948282,154.1395931948282,154.1395931948282,154.1395931948282,154.1395931948282,0.0,0.0,0.0,1061.5939462555157
9151,1998-05-07,907.8168522513472,1022.0242147526978,1104.931798372365,907.8168522513472,907.8168522513472,154.46088106713495,154.46088106713495,154.46088106713495,154.46088106713495,154.46088106713495,154.46088106713495,0.0,0.0,0.0,1062.2777333184822
9152,1998-05-08,908.1793514420068,1021.2534129461432,1105.3728607334601,908.1793514420068,908.1793514420068,154.7824934857535,154.7824934857535,154.7824934857535,154.7824934857535,154.7824934857535,154.7824934857535,0.0,0.0,0.0,1062.9618449277602
9153,1998-05-11,909.2668490139852,1025.0186760808426,1107.2088113316988,909.2668490139852,909.2668490139852,155.7492700859347,155.7492700859347,155.7492700859347,155.7492700859347,155.7492700859347,155.7492700859347,0.0,0.0,0.0,1065.01611909992
9154,1998-05-12,909.6293482046449,1025.4916512044467,1108.1146102404302,909.6293482046449,909.6293482046449,156.07217272374015,156.07217272374015,156.07217272374015,156.07217272374015,156.07217272374015,156.07217272374015,0.0,0.0,0.0,1065.701520928385
9155,1998-05-13,909.9918473953046,1024.2317959864204,1108.3811920166982,909.9918473953046,909.9918473953046,156.39539589226962,156.39539589226962,156.39539589226962,156.39539589226962,156.39539589226962,156.39539589226962,0.0,0.0,0.0,1066.3872432875742
9156,1998-05-14,910.3543465859635,1023.9701712783371,1107.38149257217,910.3543465859635,910.3543465859635,156.7189387688283,156.7189387688283,156.7189387688283,156.7189387688283,156.7189387688283,156.7189387688283,0.0,0.0,0.0,1067.0732853547918
9157,1998-05-15,910.7168457766232,1029.1858181281716,1109.7520460728213,910.7168457766232,910.7168457766232,157.04280052416723,157.04280052416723,157.04280052416723,157.04280052416723,157.04280052416723,157.04280052416723,0.0,0.0,0.0,1067.7596463007906
9158,1998-05-18,911.8043433486016,1026.6025547500544,1112.1719112305695,911.8043433486016,911.8043433486016,158.0162906718036,158.0162906718036,158.0162906718036,158.0162906718036,158.0162906718036,158.0162906718036,0.0,0.0,0.0,1069.8206340204051
9159,1998-05-19,912.1668425392612,1029.6795394477422,1112.3216491242974,912.1668425392612,912.1668425392612,158.34141951825745,158.34141951825745,158.34141951825745,158.34141951825745,158.34141951825745,158.34141951825745,0.0,0.0,0.0,1070.5082620575186
9160,1998-05-20,912.5293417299202,1031.797201170537,1110.6592858125136,912.5293417299202,912.5293417299202,158.66686299850068,158.66686299850068,158.66686299850068,158.66686299850068,158.66686299850068,158.66686299850068,0.0,0.0,0.0,1071.196204728421
9161,1998-05-21,912.8918409205799,1032.6714314873393,1111.6946957192415,912.8918409205799,912.8918409205799,158.99262024369852,158.99262024369852,158.99262024369852,158.99262024369852,158.99262024369852,158.99262024369852,0.0,0.0,0.0,1071.8844611642785
9162,1998-05-22,913.2543401112396,1029.8744771555816,1116.3117008880981,913.2543401112396,913.2543401112396,159.31869037837458,159.31869037837458,159.31869037837458,159.31869037837458,159.31869037837458,159.31869037837458,0.0,0.0,0.0,1072.5730304896142
9163,1998-05-26,914.7043368738775,1027.1512567105256,1115.6591924936117,914.7043368738775,914.7043368738775,160.6260820691855,160.6260820691855,160.6260820691855,160.6260820691855,160.6260820691855,160.6260820691855,0.0,0.0,0.0,1075.330418943063
9164,1998-05-27,915.0668360645373,1036.0581282991907,1115.9811597065077,915.0668360645373,915.0668360645373,160.9537032857756,160.9537032857756,160.9537032857756,160.9537032857756,160.9537032857756,160.9537032857756,0.0,0.0,0.0,1076.020539350313
9165,1998-05-28,915.429335255197,1036.2265778848355,1119.2892559330323,915.429335255197,915.429335255197,161.28163199880692,161.28163199880692,161.28163199880692,161.28163199880692,161.28163199880692,161.28163199880692,0.0,0.0,0.0,1076.710967254004
9166,1998-05-29,915.7918344458559,1036.1701070548181,1118.9327486007523,915.7918344458559,915.7918344458559,161.60986728595526,161.60986728595526,161.60986728595526,161.60986728595526,161.60986728595526,161.60986728595526,0.0,0.0,0.0,1077.401701731811
9167,1998-06-01,916.8793320178343,1039.8501928726077,1125.7515752460515,916.8793320178343,916.8793320178343,162.59640326764273,162.59640326764273,162.59640326764273,162.59640326764273,162.59640326764273,162.59640326764273,0.0,0.0,0.0,1079.475735285477
9168,1998-06-02,917.241831208494,1036.3658849840392,1121.4056142074348,917.241831208494,917.241831208494,162.9258554929604,162.9258554929604,162.9258554929604,162.9258554929604,162.9258554929604,162.9258554929604,0.0,0.0,0.0,1080.1676867014544
9169,1998-06-03,917.6043303991536,1042.457539683142,1123.4401693079774,917.6043303991536,917.6043303991536,163.2556095793616,163.2556095793616,163.2556095793616,163.2556095793616,163.2556095793616,163.2556095793616,0.0,0.0,0.0,1080.8599399785153
9170,1998-06-04,917.9668295898126,1041.6263276834738,1123.5158223960843,917.9668295898126,917.9668295898126,163.58566456386512,163.58566456386512,163.58566456386512,163.58566456386512,163.58566456386512,163.58566456386512,0.0,0.0,0.0,1081.5524941536778
9171,1998-06-05,918.3293287804722,1041.5841701010283,1122.751938255639,918.3293287804722,918.3293287804722,163.91601947666413,163.91601947666413,163.91601947666413,163.91601947666413,163.91601947666413,163.91601947666413,0.0,0.0,0.0,1082.2453482571364
9172,1998-06-08,919.4168263524513,1040.2073636638956,1123.783365428189,919.4168263524513,919.4168263524513,164.9088739841682,164.9088739841682,164.9088739841682,164.9088739841682,164.9088739841682,164.9088739841682,0.0,0.0,0.0,1084.3257003366195
9173,1998-06-09,919.779325543111,1046.8201235572758,1125.8153133890178,919.779325543111,919.779325543111,165.24041877518093,165.24041877518093,165.24041877518093,165.24041877518093,165.24041877518093,165.24041877518093,0.0,0.0,0.0,1085.019744318292
9174,1998-06-10,920.14182473377,1043.4159684350059,1127.3443633038116,920.14182473377,920.14182473377,165.57225854265707,165.57225854265707,165.57225854265707,165.57225854265707,165.57225854265707,165.57225854265707,0.0,0.0,0.0,1085.7140832764271
9175,1998-06-11,920.5043239244296,1045.0347180213223,1128.8349879966459,920.5043239244296,920.5043239244296,165.90439227557425,165.90439227557425,165.90439227557425,165.90439227557425,165.90439227557425,165.90439227557425,0.0,0.0,0.0,1086.408716200004
9176,1998-06-12,920.8668231150893,1047.3706274779356,1129.5501765536455,920.8668231150893,920.8668231150893,166.23681895599364,166.23681895599364,166.23681895599364,166.23681895599364,166.23681895599364,166.23681895599364,0.0,0.0,0.0,1087.103642071083
9177,1998-06-15,921.9543206870677,1048.3405275554865,1129.5936864681796,921.9543206870677,921.9543206870677,167.2358463988456,167.2358463988456,167.2358463988456,167.2358463988456,167.2358463988456,167.2358463988456,0.0,0.0,0.0,1089.1901670859133
9178,1998-06-16,922.3168198777266,1047.9718823403791,1130.0519451904777,922.3168198777266,922.3168198777266,167.56943455107856,167.56943455107856,167.56943455107856,167.56943455107856,167.56943455107856,167.56943455107856,0.0,0.0,0.0,1089.8862544288052
9179,1998-06-17,922.6793190683863,1050.5471415079007,1131.7094464524635,922.6793190683863,922.6793190683863,167.90331045689334,167.90331045689334,167.90331045689334,167.90331045689334,167.90331045689334,167.90331045689334,0.0,0.0,0.0,1090.5826295252796
9180,1998-06-18,923.041818259046,1050.5093953181204,1130.4348442323196,923.0418182590458,923.0418182590458,168.23747305656374,168.23747305656374,168.23747305656374,168.23747305656374,168.23747305656374,168.23747305656374,0.0,0.0,0.0,1091.2792913156097
9181,1998-06-19,923.404317449705,1048.9519432704383,1132.6191144766326,923.404317449705,923.404317449705,168.571921283352,168.571921283352,168.571921283352,168.571921283352,168.571921283352,168.571921283352,0.0,0.0,0.0,1091.976238733057
9182,1998-06-22,924.491815021684,1051.8609424089614,1132.982436340209,924.491815021684,924.491815021684,169.57696895355386,169.57696895355386,169.57696895355386,169.57696895355386,169.57696895355386,169.57696895355386,0.0,0.0,0.0,1094.068783975238
9183,1998-06-23,924.8543142123438,1055.201321736471,1136.383768820028,924.8543142123438,924.8543142123438,169.91254888068497,169.91254888068497,169.91254888068497,169.91254888068497,169.91254888068497,169.91254888068497,0.0,0.0,0.0,1094.7668630930286
9184,1998-06-24,925.2168134030034,1054.4435253587167,1133.5282110191156,925.2168134030034,925.2168134030034,170.24840899556267,170.24840899556267,170.24840899556267,170.24840899556267,170.24840899556267,170.24840899556267,0.0,0.0,0.0,1095.465222398566
9185,1998-06-25,925.5793125936624,1055.4108592675068,1137.2289749324175,925.5793125936624,925.5793125936624,170.5845481890776,170.5845481890776,170.5845481890776,170.5845481890776,170.5845481890776,170.5845481890776,0.0,0.0,0.0,1096.16386078274
9186,1998-06-26,925.941811784322,1054.947818161852,1136.6430689760882,925.941811784322,925.941811784322,170.92096534501164,170.92096534501164,170.92096534501164,170.92096534501164,170.92096534501164,170.92096534501164,0.0,0.0,0.0,1096.8627771293336
9187,1998-06-29,927.0293093563004,1054.7490077427892,1142.4202782960592,927.0293093563004,927.0293093563004,171.931873318175,171.931873318175,171.931873318175,171.931873318175,171.931873318175,171.931873318175,0.0,0.0,0.0,1098.9611826744754
9188,1998-06-30,927.3918085469601,1056.3816047287507,1141.1671479237632,927.3918085469601,927.3918085469601,172.26939101887888,172.26939101887888,172.26939101887888,172.26939101887888,172.26939101887888,172.26939101887888,0.0,0.0,0.0,1099.661199565839
9189,1998-07-01,927.754307737619,1055.2595808606534,1140.7968030770353,927.754307737619,927.754307737619,172.60718099374645,172.60718099374645,172.60718099374645,172.60718099374645,172.60718099374645,172.60718099374645,0.0,0.0,0.0,1100.3614887313654
9190,1998-07-02,928.1168069282787,1059.627150668685,1143.6214743149483,928.1168069282787,928.1168069282787,172.94524208359303,172.94524208359303,172.94524208359303,172.94524208359303,172.94524208359303,172.94524208359303,0.0,0.0,0.0,1101.0620490118717
9191,1998-07-06,929.5668036909167,1059.1061566275916,1143.7909612555627,929.5668036909167,929.5668036909167,174.3001741564275,174.3001741564275,174.3001741564275,174.3001741564275,174.3001741564275,174.3001741564275,0.0,0.0,0.0,1103.866977847344
9192,1998-07-07,929.9293028815764,1062.3016733681807,1150.0406744238362,929.9293028815764,929.9293028815764,174.63957318053602,174.63957318053602,174.63957318053602,174.63957318053602,174.63957318053602,174.63957318053602,0.0,0.0,0.0,1104.5688760621124
9193,1998-07-08,930.2918020722361,1063.959486419977,1148.2761287127682,930.2918020722361,930.2918020722361,174.97923621258997,174.97923621258997,174.97923621258997,174.97923621258997,174.97923621258997,174.97923621258997,0.0,0.0,0.0,1105.271038284826
9194,1998-07-09,930.6543012628957,1062.9426976120953,1145.0834957053748,930.6543012628957,930.6543012628957,175.31916204262416,175.31916204262416,175.31916204262416,175.31916204262416,175.31916204262416,175.31916204262416,0.0,0.0,0.0,1105.97346330552
9195,1998-07-10,931.0168004535548,1067.2088128209657,1149.603097776694,931.0168004535548,931.0168004535548,175.65934945336278,175.65934945336278,175.65934945336278,175.65934945336278,175.65934945336278,175.65934945336278,0.0,0.0,0.0,1106.6761499069175
9196,1998-07-13,932.1042980255331,1068.0731568490128,1151.6597770104365,932.1042980255331,932.1042980255331,176.6814688870386,176.6814688870386,176.6814688870386,176.6814688870386,176.6814688870386,176.6814688870386,0.0,0.0,0.0,1108.7857669125717
9197,1998-07-14,932.4667972161927,1066.1550281332302,1149.5685515474609,932.4667972161927,932.4667972161927,177.0226903010592,177.0226903010592,177.0226903010592,177.0226903010592,177.0226903010592,177.0226903010592,0.0,0.0,0.0,1109.489487517252
9198,1998-07-15,932.8292964068524,1068.4944284367334,1150.7240836009635,932.8292964068524,932.8292964068524,177.36416709919607,177.36416709919607,177.36416709919607,177.36416709919607,177.36416709919607,177.36416709919607,0.0,0.0,0.0,1110.1934635060486
9199,1998-07-16,933.1917955975114,1070.444612306953,1150.8169105659244,933.1917955975114,933.1917955975114,177.70589801998676,177.70589801998676,177.70589801998676,177.70589801998676,177.70589801998676,177.70589801998676,0.0,0.0,0.0,1110.8976936174981
9200,1998-07-17,933.5542947881711,1070.3704613309537,1154.910826064891,933.5542947881711,933.5542947881711,178.04788179455306,178.04788179455306,178.04788179455306,178.04788179455306,178.04788179455306,178.04788179455306,0.0,0.0,0.0,1111.602176582724
9201,1998-07-20,934.6417923601495,1071.027546849553,1154.979166404145,934.6417923601495,934.6417923601495,179.07533744056954,179.07533744056954,179.07533744056954,179.07533744056954,179.07533744056954,179.07533744056954,0.0,0.0,0.0,1113.717129800719
9202,1998-07-21,935.0042915508092,1073.6742744031615,1154.9531892535638,935.0042915508092,935.0042915508092,179.41831979261224,179.41831979261224,179.41831979261224,179.41831979261224,179.41831979261224,179.41831979261224,0.0,0.0,0.0,1114.4226113434215
9203,1998-07-22,935.3667907414688,1070.8465222253985,1154.5475860719332,935.3667907414688,935.3667907414688,179.7615485422761,179.7615485422761,179.7615485422761,179.7615485422761,179.7615485422761,179.7615485422761,0.0,0.0,0.0,1115.128339283745
9204,1998-07-23,935.7292899321285,1077.945938579312,1157.2156856473077,935.7292899321285,935.7292899321285,180.10502237587235,180.10502237587235,180.10502237587235,180.10502237587235,180.10502237587235,180.10502237587235,0.0,0.0,0.0,1115.8343123080008
9205,1998-07-24,936.0917891227881,1074.710021539163,1160.1123131509335,936.0917891227881,936.0917891227881,180.4487399721915,180.4487399721915,180.4487399721915,180.4487399721915,180.4487399721915,180.4487399721915,0.0,0.0,0.0,1116.5405290949795
9206,1998-07-27,937.1792866947665,1075.537106133503,1163.3598775497553,937.1792866947665,937.1792866947665,181.4813420122599,181.4813420122599,181.4813420122599,181.4813420122599,181.4813420122599,181.4813420122599,0.0,0.0,0.0,1118.6606287070263
9207,1998-07-28,937.5417858854255,1078.830284016782,1163.3792924283975,937.5417858854255,937.5417858854255,181.8260212964274,181.8260212964274,181.8260212964274,181.8260212964274,181.8260212964274,181.8260212964274,0.0,0.0,0.0,1119.3678071818529
9208,1998-07-29,937.9042850760851,1082.5174552035664,1163.2835700945823,937.9042850760851,937.9042850760851,182.17093762392824,182.17093762392824,182.17093762392824,182.17093762392824,182.17093762392824,182.17093762392824,0.0,0.0,0.0,1120.0752227000135
9209,1998-07-30,938.2667842667448,1080.6954742031821,1163.8303393469198,938.2667842667448,938.2667842667448,182.51608962810846,182.51608962810846,182.51608962810846,182.51608962810846,182.51608962810846,182.51608962810846,0.0,0.0,0.0,1120.7828738948533
9210,1998-07-31,938.6292834574039,1080.4262419163822,1160.8601867932703,938.6292834574039,938.6292834574039,182.86147593468837,182.86147593468837,182.86147593468837,182.86147593468837,182.86147593468837,182.86147593468837,0.0,0.0,0.0,1121.4907593920923
9211,1998-08-03,939.7167810293821,1081.4726321214428,1162.0271579519483,939.7167810293821,939.7167810293821,183.89902681130368,183.89902681130368,183.89902681130368,183.89902681130368,183.89902681130368,183.89902681130368,0.0,0.0,0.0,1123.6158078406859
9212,1998-08-04,940.0792802200418,1083.8470308256283,1166.2640798811194,940.0792802200418,940.0792802200418,184.24533643161007,184.24533643161007,184.24533643161007,184.24533643161007,184.24533643161007,184.24533643161007,0.0,0.0,0.0,1124.324616651652
9213,1998-08-05,940.4417794107015,1084.2734043405958,1168.290363490456,940.4417794107015,940.4417794107015,184.5918733679779,184.5918733679779,184.5918733679779,184.5918733679779,184.5918733679779,184.5918733679779,0.0,0.0,0.0,1125.0336527786794
9214,1998-08-06,940.8042786013611,1086.5540213643528,1168.3091008775982,940.8042786013611,940.8042786013611,184.938636200044,184.938636200044,184.938636200044,184.938636200044,184.938636200044,184.938636200044,0.0,0.0,0.0,1125.742914801405
9215,1998-08-07,941.1667777920209,1082.9484846251146,1169.7321728973834,941.1667777920209,941.1667777920209,185.28562349971128,185.28562349971128,185.28562349971128,185.28562349971128,185.28562349971128,185.28562349971128,0.0,0.0,0.0,1126.4524012917323
9216,1998-08-10,942.2542753639992,1085.1124021445917,1169.6915793218482,942.2542753639992,942.2542753639992,186.32791780701865,186.32791780701865,186.32791780701865,186.32791780701865,186.32791780701865,186.32791780701865,0.0,0.0,0.0,1128.582193171018
9217,1998-08-11,942.6167745546588,1087.5209868150575,1168.7790727863012,942.6167745546588,942.6167745546588,186.67578854090124,186.67578854090124,186.67578854090124,186.67578854090124,186.67578854090124,186.67578854090124,0.0,0.0,0.0,1129.2925630955601
9218,1998-08-12,942.9792737453179,1089.2176451720045,1174.3306359864127,942.9792737453179,942.9792737453179,187.02387648535048,187.02387648535048,187.02387648535048,187.02387648535048,187.02387648535048,187.02387648535048,0.0,0.0,0.0,1130.0031502306683
9219,1998-08-13,943.3417729359776,1090.1158537447145,1173.8879785222057,943.3417729359776,943.3417729359776,187.3721801655411,187.3721801655411,187.3721801655411,187.3721801655411,187.3721801655411,187.3721801655411,0.0,0.0,0.0,1130.7139531015187
9220,1998-08-14,943.7042721266372,1090.2839163647384,1169.436276679103,943.7042721266372,943.7042721266372,187.72069809880537,187.72069809880537,187.72069809880537,187.72069809880537,187.72069809880537,187.72069809880537,0.0,0.0,0.0,1131.4249702254426
9221,1998-08-17,944.7917696986156,1094.2972216484868,1174.5191378339193,944.7917696986156,944.7917696986156,188.76752247241797,188.76752247241797,188.76752247241797,188.76752247241797,188.76752247241797,188.76752247241797,0.0,0.0,0.0,1133.5592921710336
9222,1998-08-18,945.1542688892746,1092.541136984993,1174.5814353071735,945.1542688892746,945.1542688892746,189.11688243392683,189.11688243392683,189.11688243392683,189.11688243392683,189.11688243392683,189.11688243392683,0.0,0.0,0.0,1134.2711513232014
9223,1998-08-19,945.5167680799342,1091.4731653097604,1177.010342257818,945.5167680799342,945.5167680799342,189.46644911700224,189.46644911700224,189.46644911700224,189.46644911700224,189.46644911700224,189.46644911700224,0.0,0.0,0.0,1134.9832171969365
9224,1998-08-20,945.8792672705939,1091.6101257394787,1175.4347936311274,945.8792672705939,945.8792672705939,189.81622099160026,189.81622099160026,189.81622099160026,189.81622099160026,189.81622099160026,189.81622099160026,0.0,0.0,0.0,1135.6954882621942
9225,1998-08-21,946.2417664612535,1096.8329208253522,1179.527883267198,946.2417664612535,946.2417664612535,190.16619651972587,190.16619651972587,190.16619651972587,190.16619651972587,190.16619651972587,190.16619651972587,0.0,0.0,0.0,1136.4079629809794
9226,1998-08-24,947.3292640332319,1094.9860256970273,1178.8043900139003,947.3292640332319,947.3292640332319,191.21732952574146,191.21732952574146,191.21732952574146,191.21732952574146,191.21732952574146,191.21732952574146,0.0,0.0,0.0,1138.5465935589734
9227,1998-08-25,947.6917632238916,1093.9293376599153,1181.7809632817307,947.6917632238917,947.6917632238917,191.56810412848048,191.56810412848048,191.56810412848048,191.56810412848048,191.56810412848048,191.56810412848048,0.0,0.0,0.0,1139.259867352372
9228,1998-08-26,948.0542624145513,1102.4543991562086,1180.5442622324763,948.0542624145513,948.0542624145513,191.9190745749739,191.9190745749739,191.9190745749739,191.9190745749739,191.9190745749739,191.9190745749739,0.0,0.0,0.0,1139.9733369895253
9229,1998-08-27,948.4167616052102,1101.7540988459914,1183.246321726255,948.4167616052102,948.4167616052102,192.27023927919842,192.27023927919842,192.27023927919842,192.27023927919842,192.27023927919842,192.27023927919842,0.0,0.0,0.0,1140.6870008844087
9230,1998-08-28,948.77926079587,1099.575620899373,1181.345608537696,948.77926079587,948.77926079587,192.62159664707147,192.62159664707147,192.62159664707147,192.62159664707147,192.62159664707147,192.62159664707147,0.0,0.0,0.0,1141.4008574429415
9231,1998-08-31,949.8667583678483,1100.9711059344374,1185.5559186896162,949.8667583678483,949.8667583678483,193.67680867054753,193.67680867054753,193.67680867054753,193.67680867054753,193.67680867054753,193.67680867054753,0.0,0.0,0.0,1143.5435670383958
9232,1998-09-01,950.2292575585079,1102.084623932466,1185.8020021427958,950.2292575585079,950.2292575585079,194.0289205904667,194.0289205904667,194.0289205904667,194.0289205904667,194.0289205904667,194.0289205904667,0.0,0.0,0.0,1144.2581781489746
9233,1998-09-02,950.591756749167,1102.887043717362,1185.4901430670961,950.591756749167,950.591756749167,194.38121708219228,194.38121708219228,194.38121708219228,194.38121708219228,194.38121708219228,194.38121708219228,0.0,0.0,0.0,1144.9729738313592
9234,1998-09-03,950.9542559398266,1104.97696895921,1186.5023556762214,950.9542559398266,950.9542559398266,194.73369650296115,194.73369650296115,194.73369650296115,194.73369650296115,194.73369650296115,194.73369650296115,0.0,0.0,0.0,1145.6879524427877
9235,1998-09-04,951.3167551304863,1103.8759136774675,1187.5198487486898,951.3167551304863,951.3167551304863,195.08635720184313,195.08635720184313,195.08635720184313,195.08635720184313,195.08635720184313,195.08635720184313,0.0,0.0,0.0,1146.4031123323293
9236,1998-09-08,952.7667518931243,1108.9277300534125,1191.667934717974,952.7667518931243,952.7667518931243,196.49877947314448,196.49877947314448,196.49877947314448,196.49877947314448,196.49877947314448,196.49877947314448,0.0,0.0,0.0,1149.2655313662688
9237,1998-09-09,953.129251083784,1109.0699505960238,1193.2348799537874,953.1292510837839,953.1292510837839,196.85232151167347,196.85232151167347,196.85232151167347,196.85232151167347,196.85232151167347,196.85232151167347,0.0,0.0,0.0,1149.9815725954575
9238,1998-09-10,953.491750274443,1103.8638338952335,1191.1487158542568,953.491750274443,953.491750274443,197.20603475034028,197.20603475034028,197.20603475034028,197.20603475034028,197.20603475034028,197.20603475034028,0.0,0.0,0.0,1150.6977850247833
9239,1998-09-11,953.8542494651026,1110.8600674836216,1194.8032402333959,953.8542494651026,953.8542494651026,197.55991748060742,197.55991748060742,197.55991748060742,197.55991748060742,197.55991748060742,197.55991748060742,0.0,0.0,0.0,1151.4141669457101
9240,1998-09-14,954.941747037081,1108.4221552594697,1195.1378569283988,954.9417470370811,954.9417470370811,198.62256541116142,198.62256541116142,198.62256541116142,198.62256541116142,198.62256541116142,198.62256541116142,0.0,0.0,0.0,1153.5643124482424
9241,1998-09-15,955.3042462277407,1111.180895920176,1195.6058491584183,955.3042462277407,955.3042462277407,198.97710885638622,198.97710885638622,198.97710885638622,198.97710885638622,198.97710885638622,198.97710885638622,0.0,0.0,0.0,1154.281355084127
9242,1998-09-16,955.6667454183996,1113.2485545579182,1199.6640951263391,955.6667454183996,955.6667454183996,199.33181312583991,199.33181312583991,199.33181312583991,199.33181312583991,199.33181312583991,199.33181312583991,0.0,0.0,0.0,1154.9985585442396
9243,1998-09-17,956.0292446090593,1110.8916697634922,1197.450369752508,956.0292446090593,956.0292446090593,199.6866764610049,199.6866764610049,199.6866764610049,199.6866764610049,199.6866764610049,199.6866764610049,0.0,0.0,0.0,1155.7159210700643
9244,1998-09-18,956.3917437997189,1113.9668894770107,1202.4380336103306,956.3917437997189,956.3917437997189,200.0416970949811,200.0416970949811,200.0416970949811,200.0416970949811,200.0416970949811,200.0416970949811,0.0,0.0,0.0,1156.4334408947
9245,1998-09-21,957.479241371698,1116.7117587056557,1203.9108441315311,957.479241371698,957.479241371698,201.10768499468517,201.10768499468517,201.10768499468517,201.10768499468517,201.10768499468517,201.10768499468517,0.0,0.0,0.0,1158.586926366383
9246,1998-09-22,957.841740562357,1116.9783026054738,1200.4190007332077,957.841740562357,957.841740562357,201.4633169866855,201.4633169866855,201.4633169866855,201.4633169866855,201.4633169866855,201.4633169866855,0.0,0.0,0.0,1159.3050575490424
9247,1998-09-23,958.2042397530167,1119.8299333893506,1199.5892138340243,958.2042397530167,958.2042397530167,201.81909731670225,201.81909731670225,201.81909731670225,201.81909731670225,201.81909731670225,201.81909731670225,0.0,0.0,0.0,1160.023337069719
9248,1998-09-24,958.5667389436763,1117.9041345429798,1201.3960640243843,958.5667389436763,958.5667389436763,202.1750241672121,202.1750241672121,202.1750241672121,202.1750241672121,202.1750241672121,202.1750241672121,0.0,0.0,0.0,1160.7417631108883
9249,1998-09-25,958.9292381343354,1116.6287165091128,1200.6313107484098,958.9292381343354,958.9292381343354,202.53109571220284,202.53109571220284,202.53109571220284,202.53109571220284,202.53109571220284,202.53109571220284,0.0,0.0,0.0,1161.460333846538
9250,1998-09-28,960.0167357063137,1121.4830957286763,1203.8330535789862,960.0167357063137,960.0167357063137,203.6001601262577,203.6001601262577,203.6001601262577,203.6001601262577,203.6001601262577,203.6001601262577,0.0,0.0,0.0,1163.6168958325713
9251,1998-09-29,960.3792348969733,1125.1040698015074,1205.3139737185388,960.3792348969733,960.3792348969733,203.95679201870894,203.95679201870894,203.95679201870894,203.95679201870894,203.95679201870894,203.95679201870894,0.0,0.0,0.0,1164.3360269156824
9252,1998-09-30,960.7417340876331,1121.7291104471833,1205.9346489976706,960.7417340876332,960.7417340876332,204.31355934769437,204.31355934769437,204.31355934769437,204.31355934769437,204.31355934769437,204.31355934769437,0.0,0.0,0.0,1165.0552934353275
9253,1998-10-01,961.104233278292,1124.9314214238673,1210.0863176379833,961.104233278292,961.104233278292,204.67046023594568,204.67046023594568,204.67046023594568,204.67046023594568,204.67046023594568,204.67046023594568,0.0,0.0,0.0,1165.7746935142377
9254,1998-10-02,961.4667324689517,1124.263108423656,1209.0113435230753,961.4667324689517,961.4667324689517,205.0274927975962,205.0274927975962,205.0274927975962,205.0274927975962,205.0274927975962,205.0274927975962,0.0,0.0,0.0,1166.4942252665478
9255,1998-10-05,962.5542300409307,1129.597332717661,1212.0332847878287,962.5542300409307,962.5542300409307,206.099361535049,206.099361535049,206.099361535049,206.099361535049,206.099361535049,206.099361535049,0.0,0.0,0.0,1168.6535915759798
9256,1998-10-06,962.9167292315905,1127.5203307863005,1210.9259354829167,962.9167292315905,962.9167292315905,206.456901759218,206.456901759218,206.456901759218,206.456901759218,206.456901759218,206.456901759218,0.0,0.0,0.0,1169.3736309908086
9257,1998-10-07,963.2792284222494,1127.5274590662507,1214.8438047215632,963.2792284222494,963.2792284222494,206.81456409800938,206.81456409800938,206.81456409800938,206.81456409800938,206.81456409800938,206.81456409800938,0.0,0.0,0.0,1170.0937925202588
9258,1998-10-08,963.6417276129091,1130.1097670469512,1210.7251182086807,963.6417276129091,963.6417276129091,207.17234661367686,207.17234661367686,207.17234661367686,207.17234661367686,207.17234661367686,207.17234661367686,0.0,0.0,0.0,1170.814074226586
9259,1998-10-09,964.0042268035687,1129.7199148745694,1216.7887490032558,964.0042268035687,964.0042268035687,207.53024735977237,207.53024735977237,207.53024735977237,207.53024735977237,207.53024735977237,207.53024735977237,0.0,0.0,0.0,1171.5344741633412
9260,1998-10-12,965.0917243755471,1130.9842457419977,1215.8453776354627,965.0917243755471,965.0917243755471,208.60463938537316,208.60463938537316,208.60463938537316,208.60463938537316,208.60463938537316,208.60463938537316,0.0,0.0,0.0,1173.6963637609201
9261,1998-10-13,965.4542235662061,1130.4844816140142,1216.7903323934083,965.4542235662061,965.4542235662061,208.96299341423017,208.96299341423017,208.96299341423017,208.96299341423017,208.96299341423017,208.96299341423017,0.0,0.0,0.0,1174.4172169804363
9262,1998-10-14,965.8167227568657,1131.0882658806,1216.1767541493464,965.8167227568657,965.8167227568657,209.3214558102909,209.3214558102909,209.3214558102909,209.3214558102909,209.3214558102909,209.3214558102909,0.0,0.0,0.0,1175.1381785671565
9263,1998-10-15,966.1792219475254,1136.4923717105082,1216.6431122526496,966.1792219475253,966.1792219475253,209.6800245746137,209.6800245746137,209.6800245746137,209.6800245746137,209.6800245746137,209.6800245746137,0.0,0.0,0.0,1175.859246522139
9264,1998-10-16,966.5417211381844,1135.4937444583018,1217.9547507365428,966.5417211381844,966.5417211381844,210.03869769945388,210.03869769945388,210.03869769945388,210.03869769945388,210.03869769945388,210.03869769945388,0.0,0.0,0.0,1176.5804188376383
9265,1998-10-19,967.6292187101627,1135.142239274103,1224.7369781579287,967.6292187101627,967.6292187101627,211.11532302734872,211.11532302734872,211.11532302734872,211.11532302734872,211.11532302734872,211.11532302734872,0.0,0.0,0.0,1178.7445417375116
9266,1998-10-20,967.9917179008231,1135.513043626691,1224.5595076570635,967.9917179008231,967.9917179008231,211.47439334033064,211.47439334033064,211.47439334033064,211.47439334033064,211.47439334033064,211.47439334033064,0.0,0.0,0.0,1179.4661112411538
9267,1998-10-21,968.3542170914828,1139.8722006125265,1224.9422895845228,968.3542170914828,968.3542170914828,211.8335578426174,211.8335578426174,211.8335578426174,211.8335578426174,211.8335578426174,211.8335578426174,0.0,0.0,0.0,1180.1877749341002
9268,1998-10-22,968.7167162821418,1138.6048112552169,1219.0601378141182,968.7167162821418,968.7167162821418,212.19281447337127,212.19281447337127,212.19281447337127,212.19281447337127,212.19281447337127,212.19281447337127,0.0,0.0,0.0,1180.909530755513
9269,1998-10-23,969.0792154728015,1141.0922939822628,1225.3929852772071,969.0792154728015,969.0792154728015,212.55216116285297,212.55216116285297,212.55216116285297,212.55216116285297,212.55216116285297,212.55216116285297,0.0,0.0,0.0,1181.6313766356545
9270,1998-10-26,970.1667130447798,1142.6840763486332,1224.0841037297766,970.1667130447798,970.1667130447798,213.63072075251478,213.63072075251478,213.63072075251478,213.63072075251478,213.63072075251478,213.63072075251478,0.0,0.0,0.0,1183.7974337972946
9271,1998-10-27,970.5292122354394,1142.78414031039,1225.6381269303774,970.5292122354394,970.5292122354394,213.99040680107356,213.99040680107356,213.99040680107356,213.99040680107356,213.99040680107356,213.99040680107356,0.0,0.0,0.0,1184.519619036513
9272,1998-10-28,970.8917114260985,1143.9350515772703,1225.6816750371354,970.8917114260985,970.8917114260985,214.35017242570922,214.35017242570922,214.35017242570922,214.35017242570922,214.35017242570922,214.35017242570922,0.0,0.0,0.0,1185.2418838518076
9273,1998-10-29,971.2542106167581,1144.8414952159658,1228.6441508366665,971.2542106167581,971.2542106167581,214.71001550300633,214.71001550300633,214.71001550300633,214.71001550300633,214.71001550300633,214.71001550300633,0.0,0.0,0.0,1185.9642261197644
9274,1998-10-30,971.6167098074178,1142.8651639547797,1229.2149236042524,971.6167098074178,971.6167098074178,215.06993390055203,215.06993390055203,215.06993390055203,215.06993390055203,215.06993390055203,215.06993390055203,0.0,0.0,0.0,1186.6866437079698
9275,1998-11-02,972.7042073793962,1148.9484434704136,1229.9822516010631,972.7042073793962,972.7042073793962,216.1501195553784,216.1501195553784,216.1501195553784,216.1501195553784,216.1501195553784,216.1501195553784,0.0,0.0,0.0,1188.8543269347747
9276,1998-11-03,973.0667065700551,1146.236458023362,1229.2702561631527,973.0667065700551,973.0667065700551,216.51031772945865,216.51031772945865,216.51031772945865,216.51031772945865,216.51031772945865,216.51031772945865,0.0,0.0,0.0,1189.5770242995138
9277,1998-11-04,973.4292057607155,1148.0301782335196,1233.5770733772154,973.4292057607155,973.4292057607155,216.87058042635516,216.87058042635516,216.87058042635516,216.87058042635516,216.87058042635516,216.87058042635516,0.0,0.0,0.0,1190.2997861870706
9278,1998-11-05,973.7917049513752,1147.5105570094872,1232.0468574984482,973.7917049513752,973.7917049513752,217.23090545941383,217.23090545941383,217.23090545941383,217.23090545941383,217.23090545941383,217.23090545941383,0.0,0.0,0.0,1191.022610410789
9279,1998-11-06,974.1542041420341,1149.7209063538457,1233.0046148521433,974.1542041420341,974.1542041420341,217.59129063289396,217.59129063289396,217.59129063289396,217.59129063289396,217.59129063289396,217.59129063289396,0.0,0.0,0.0,1191.7454947749281
9280,1998-11-09,975.2417017140125,1152.5179623232998,1235.393708604007,975.2417017140125,975.2417017140125,218.67278490190168,218.67278490190168,218.67278490190168,218.67278490190168,218.67278490190168,218.67278490190168,0.0,0.0,0.0,1193.9144866159143
9281,1998-11-10,975.6042009046722,1151.2669920214485,1234.7248406701617,975.6042009046722,975.6042009046722,219.0333884974956,219.0333884974956,219.0333884974956,219.0333884974956,219.0333884974956,219.0333884974956,0.0,0.0,0.0,1194.6375894021678
9282,1998-11-11,975.9667000953318,1151.5018614226929,1237.7651352474493,975.9667000953318,975.9667000953318,219.39404111807139,219.39404111807139,219.39404111807139,219.39404111807139,219.39404111807139,219.39404111807139,0.0,0.0,0.0,1195.3607412134031
9283,1998-11-12,976.3291992859909,1157.9961283900586,1234.8287624570453,976.3291992859909,976.3291992859909,219.75474051310496,219.75474051310496,219.75474051310496,219.75474051310496,219.75474051310496,219.75474051310496,0.0,0.0,0.0,1196.0839397990958
9284,1998-11-13,976.6916984766506,1154.9405558571723,1239.6340385853168,976.6916984766506,976.6916984766506,220.11548442289646,220.11548442289646,220.11548442289646,220.11548442289646,220.11548442289646,220.11548442289646,0.0,0.0,0.0,1196.8071828995471
9285,1998-11-16,977.7791960486288,1157.8545257360495,1243.323642419699,977.7791960486288,977.7791960486288,221.1979605059675,221.1979605059675,221.1979605059675,221.1979605059675,221.1979605059675,221.1979605059675,0.0,0.0,0.0,1198.9771565545964
9286,1998-11-17,978.1416952392885,1161.1985768768648,1239.7377050009425,978.1416952392885,978.1416952392885,221.55885969389337,221.55885969389337,221.55885969389337,221.55885969389337,221.55885969389337,221.55885969389337,0.0,0.0,0.0,1199.7005549331818
9287,1998-11-18,978.5041944299476,1157.798043126586,1242.4311085244576,978.5041944299476,978.5041944299476,221.91979196004354,221.91979196004354,221.91979196004354,221.91979196004354,221.91979196004354,221.91979196004354,0.0,0.0,0.0,1200.4239863899911
9288,1998-11-19,978.8666936206072,1160.6222991001964,1242.9090266670578,978.8666936206072,978.8666936206072,222.28075498941857,222.28075498941857,222.28075498941857,222.28075498941857,222.28075498941857,222.28075498941857,0.0,0.0,0.0,1201.1474486100258
9289,1998-11-20,979.2291928112676,1158.065421331359,1245.9233528474358,979.2291928112676,979.2291928112676,222.64174645776015,222.64174645776015,222.64174645776015,222.64174645776015,222.64174645776015,222.64174645776015,0.0,0.0,0.0,1201.8709392690278
9290,1998-11-23,980.3166903832459,1162.3472038973662,1244.705034872619,980.3166903832459,980.3166903832459,223.72486811489512,223.72486811489512,223.72486811489512,223.72486811489512,223.72486811489512,223.72486811489512,0.0,0.0,0.0,1204.041558498141
9291,1998-11-24,980.6791895739049,1163.3649755059703,1249.8180449998858,980.6791895739049,980.6791895739049,224.0859499109595,224.0859499109595,224.0859499109595,224.0859499109595,224.0859499109595,224.0859499109595,0.0,0.0,0.0,1204.7651394848644
9292,1998-11-25,981.0416887645646,1162.6017481103966,1246.7892062161222,981.0416887645646,981.0416887645646,224.44704838542677,224.44704838542677,224.44704838542677,224.44704838542677,224.44704838542677,224.44704838542677,0.0,0.0,0.0,1205.4887371499913
9293,1998-11-27,981.7666871458832,1167.4039528553847,1248.5959958661008,981.7666871458832,981.7666871458832,225.16928584004063,225.16928584004063,225.16928584004063,225.16928584004063,225.16928584004063,225.16928584004063,0.0,0.0,0.0,1206.9359729859239
9294,1998-11-30,982.8541847178616,1167.523617290565,1249.5061031203052,982.8541847178616,982.8541847178616,226.25270730510215,226.25270730510215,226.25270730510215,226.25270730510215,226.25270730510215,226.25270730510215,0.0,0.0,0.0,1209.1068920229636
9295,1998-12-01,983.2166839085213,1169.6713451833455,1252.7680357470151,983.2166839085213,983.2166839085213,226.61385554180194,226.61385554180194,226.61385554180194,226.61385554180194,226.61385554180194,226.61385554180194,0.0,0.0,0.0,1209.8305394503232
9296,1998-12-02,983.5791830991809,1170.7029993390486,1250.8047346406859,983.5791830991809,983.5791830991809,226.97500360011142,226.97500360011142,226.97500360011142,226.97500360011142,226.97500360011142,226.97500360011142,0.0,0.0,0.0,1210.5541866992924
9297,1998-12-03,983.94168228984,1170.6222134397597,1254.127206863501,983.94168228984,983.94168228984,227.3361490343965,227.3361490343965,227.3361490343965,227.3361490343965,227.3361490343965,227.3361490343965,0.0,0.0,0.0,1211.2778313242366
9298,1998-12-04,984.3041814804996,1167.0840627009757,1252.1732125760873,984.3041814804996,984.3041814804996,227.69728938961285,227.69728938961285,227.69728938961285,227.69728938961285,227.69728938961285,227.69728938961285,0.0,0.0,0.0,1212.0014708701124
9299,1998-12-07,985.3916790524786,1172.8258616866888,1255.0552176234576,985.3916790524786,985.3916790524786,228.78065528903014,228.78065528903014,228.78065528903014,228.78065528903014,228.78065528903014,228.78065528903014,0.0,0.0,0.0,1214.1723343415088
9300,1998-12-08,985.7541782431383,1175.686349420386,1255.431677526659,985.7541782431383,985.7541782431383,229.14175058895623,229.14175058895623,229.14175058895623,229.14175058895623,229.14175058895623,229.14175058895623,0.0,0.0,0.0,1214.8959288320946
9301,1998-12-09,986.1166774337972,1175.2661409373147,1256.1293030115091,986.1166774337972,986.1166774337972,229.50282839307718,229.50282839307718,229.50282839307718,229.50282839307718,229.50282839307718,229.50282839307718,0.0,0.0,0.0,1215.6195058268745
9302,1998-12-10,986.479176624457,1175.1535812678496,1256.9679305013424,986.479176624457,986.479176624457,229.86388618967322,229.86388618967322,229.86388618967322,229.86388618967322,229.86388618967322,229.86388618967322,0.0,0.0,0.0,1216.3430628141302
9303,1998-12-11,986.8416758151167,1172.8369924223307,1261.048568882667,986.8416758151167,986.8416758151167,230.22492145754708,230.22492145754708,230.22492145754708,230.22492145754708,230.22492145754708,230.22492145754708,0.0,0.0,0.0,1217.0665972726638
9304,1998-12-14,987.929173387095,1173.9096860725974,1259.3393679643705,987.929173387095,987.929173387095,231.30786673448415,231.30786673448415,231.30786673448415,231.30786673448415,231.30786673448415,231.30786673448415,0.0,0.0,0.0,1219.2370401215792
9305,1998-12-15,988.291672577754,1175.0146897821783,1261.6308218254653,988.291672577754,988.291672577754,231.6687864855945,231.6687864855945,231.6687864855945,231.6687864855945,231.6687864855945,231.6687864855945,0.0,0.0,0.0,1219.9604590633485
9306,1998-12-16,988.6541717684137,1175.9766532162491,1265.2341045388455,988.6541717684137,988.6541717684137,232.0296709594913,232.0296709594913,232.0296709594913,232.0296709594913,232.0296709594913,232.0296709594913,0.0,0.0,0.0,1220.683842727905
9307,1998-12-17,989.0166709590733,1178.951889966243,1264.9223829965629,989.0166709590733,989.0166709590733,232.39051757791285,232.39051757791285,232.39051757791285,232.39051757791285,232.39051757791285,232.39051757791285,0.0,0.0,0.0,1221.407188536986
9308,1998-12-18,989.3791701497323,1179.8366154167372,1262.87246557327,989.3791701497323,989.3791701497323,232.7513237530594,232.7513237530594,232.7513237530594,232.7513237530594,232.7513237530594,232.7513237530594,0.0,0.0,0.0,1222.1304939027918
9309,1998-12-21,990.4666677217114,1182.6447527576256,1265.9068554185517,990.4666677217114,990.4666677217114,233.83347359754202,233.83347359754202,233.83347359754202,233.83347359754202,233.83347359754202,233.83347359754202,0.0,0.0,0.0,1224.3001413192533
9310,1998-12-22,990.829166912371,1181.8305714267108,1262.550546319793,990.829166912371,990.829166912371,234.19409193046687,234.19409193046687,234.19409193046687,234.19409193046687,234.19409193046687,234.19409193046687,0.0,0.0,0.0,1225.0232588428378
9311,1998-12-23,991.1916661030307,1185.3023738469471,1264.4506785647939,991.1916661030307,991.1916661030307,234.55465673771272,234.55465673771272,234.55465673771272,234.55465673771272,234.55465673771272,234.55465673771272,0.0,0.0,0.0,1225.7463228407435
9312,1998-12-24,991.5541652936897,1186.7703129667505,1268.55199811686,991.5541652936897,991.5541652936897,234.91516537406244,234.91516537406244,234.91516537406244,234.91516537406244,234.91516537406244,234.91516537406244,0.0,0.0,0.0,1226.4693306677523
9313,1998-12-28,993.0041620563277,1188.7477309041244,1270.662100095341,993.0041620563277,993.0041620563277,236.3565849702213,236.3565849702213,236.3565849702213,236.3565849702213,236.3565849702213,236.3565849702213,0.0,0.0,0.0,1229.360747026549
9314,1998-12-29,993.3666612469874,1188.5662141032662,1271.3885753773766,993.3666612469874,993.3666612469874,236.71677273777675,236.71677273777675,236.71677273777675,236.71677273777675,236.71677273777675,236.71677273777675,0.0,0.0,0.0,1230.0834339847643
9315,1998-12-30,993.7291604376463,1187.2643235340256,1270.9153375812687,993.7291604376463,993.7291604376463,237.07688826139116,237.07688826139116,237.07688826139116,237.07688826139116,237.07688826139116,237.07688826139116,0.0,0.0,0.0,1230.8060486990375
9316,1998-12-31,994.091659628306,1186.7744671019152,1274.6855812186266,994.091659628306,994.091659628306,237.43692882853153,237.43692882853153,237.43692882853153,237.43692882853153,237.43692882853153,237.43692882853153,0.0,0.0,0.0,1231.5285884568375
9317,1999-01-04,995.5416563909447,1191.8231681624782,1275.8289649418232,995.5416563909447,995.5416563909447,238.87628694409173,238.87628694409173,238.87628694409173,238.87628694409173,238.87628694409173,238.87628694409173,0.0,0.0,0.0,1234.4179433350364
9318,1999-01-05,995.9041555816037,1194.40004689289,1277.7232168788669,995.9041555816037,995.9041555816037,239.23591170316695,239.23591170316695,239.23591170316695,239.23591170316695,239.23591170316695,239.23591170316695,0.0,0.0,0.0,1235.1400672847708
9319,1999-01-06,996.2666547722635,1195.5256003807926,1277.5081013301242,996.2666547722633,996.2666547722633,239.59544502786102,239.59544502786102,239.59544502786102,239.59544502786102,239.59544502786102,239.59544502786102,0.0,0.0,0.0,1235.8620998001245
9320,1999-01-07,996.629153962923,1191.8879049477837,1278.9439408632877,996.629153962923,996.629153962923,239.95488413801377,239.95488413801377,239.95488413801377,239.95488413801377,239.95488413801377,239.95488413801377,0.0,0.0,0.0,1236.5840381009368
9321,1999-01-08,996.9916531535821,1195.0149578333671,1278.6360773648164,996.9916531535821,996.9916531535821,240.3142262437858,240.3142262437858,240.3142262437858,240.3142262437858,240.3142262437858,240.3142262437858,0.0,0.0,0.0,1237.3058793973678
9322,1999-01-11,998.0791507255605,1197.151167711119,1278.2377769739355,998.0791507255603,998.0791507255603,241.39164249104445,241.39164249104445,241.39164249104445,241.39164249104445,241.39164249104445,241.39164249104445,0.0,0.0,0.0,1239.470793216605
9323,1999-01-12,998.4416499162201,1198.0774515198332,1281.5967321414553,998.4416499162201,998.4416499162201,241.75056848704014,241.75056848704014,241.75056848704014,241.75056848704014,241.75056848704014,241.75056848704014,0.0,0.0,0.0,1240.19221840326
9324,1999-01-13,998.8041491068798,1200.1730607332565,1281.3341719981663,998.8041491068798,998.8041491068798,242.10938338403,242.10938338403,242.10938338403,242.10938338403,242.10938338403,242.10938338403,0.0,0.0,0.0,1240.9135324909098
9325,1999-01-14,999.1666482975387,1202.412416786027,1283.7584901386854,999.1666482975387,999.1666482975387,242.46808433397538,242.46808433397538,242.46808433397538,242.46808433397538,242.46808433397538,242.46808433397538,0.0,0.0,0.0,1241.634732631514
9326,1999-01-15,999.5291474881984,1201.4850249632925,1285.6795237973433,999.5291474881984,999.5291474881984,242.8266684791222,242.8266684791222,242.8266684791222,242.8266684791222,242.8266684791222,242.8266684791222,0.0,0.0,0.0,1242.3558159673207
9327,1999-01-19,1000.9791442508364,1202.75495153201,1282.3756843291405,1000.9791442508364,1000.9791442508364,244.25977951642201,244.25977951642201,244.25977951642201,244.25977951642201,244.25977951642201,244.25977951642201,0.0,0.0,0.0,1245.2389237672585
9328,1999-01-20,1001.3416434414961,1208.1737900924254,1287.9462312293797,1001.3416434414961,1001.3416434414961,244.6177364309981,244.6177364309981,244.6177364309981,244.6177364309981,244.6177364309981,244.6177364309981,0.0,0.0,0.0,1245.959379872494
9329,1999-01-21,1001.7041426321558,1204.9359451423763,1285.557792690978,1001.7041426321558,1001.7041426321558,244.97555919004552,244.97555919004552,244.97555919004552,244.97555919004552,244.97555919004552,244.97555919004552,0.0,0.0,0.0,1246.6797018222014
9330,1999-01-22,1002.0666418228147,1207.9545269414082,1288.4586346799624,1002.0666418228147,1002.0666418228147,245.3332448677125,245.3332448677125,245.3332448677125,245.3332448677125,245.3332448677125,245.3332448677125,0.0,0.0,0.0,1247.3998866905272
9331,1999-01-25,1003.1541393947934,1206.7950542150595,1292.46426666653,1003.1541393947934,1003.1541393947934,246.40545000779576,246.40545000779576,246.40545000779576,246.40545000779576,246.40545000779576,246.40545000779576,0.0,0.0,0.0,1249.5595894025892
9332,1999-01-26,1003.3011374214175,1212.1940353060568,1289.9251111313943,1003.3011374214175,1003.3011374214175,246.7625579065895,246.7625579065895,246.7625579065895,246.7625579065895,246.7625579065895,246.7625579065895,0.0,0.0,0.0,1250.063695328007
9333,1999-01-27,1003.4481354480414,1207.463528946862,1292.0840250469328,1003.4481354480414,1003.4481354480414,247.11951394860222,247.11951394860222,247.11951394860222,247.11951394860222,247.11951394860222,247.11951394860222,0.0,0.0,0.0,1250.5676493966437
9334,1999-01-28,1003.5951334746654,1209.7790405462192,1294.5856751172914,1003.5951334746654,1003.5951334746654,247.47631514951317,247.47631514951317,247.47631514951317,247.47631514951317,247.47631514951317,247.47631514951317,0.0,0.0,0.0,1251.0714486241786
9335,1999-01-29,1003.7421315012894,1209.1323530372365,1292.6349395705342,1003.7421315012894,1003.7421315012894,247.83295851525057,247.83295851525057,247.83295851525057,247.83295851525057,247.83295851525057,247.83295851525057,0.0,0.0,0.0,1251.57509001654
9336,1999-02-01,1004.1831255811613,1212.963876873575,1295.9984698828146,1004.1831255811613,1004.1831255811613,248.90191151441732,248.90191151441732,248.90191151441732,248.90191151441732,248.90191151441732,248.90191151441732,0.0,0.0,0.0,1253.0850370955786
9337,1999-02-02,1004.3301236077853,1212.5651139102724,1297.639825329155,1004.3301236077853,1004.3301236077853,249.25789340369172,249.25789340369172,249.25789340369172,249.25789340369172,249.25789340369172,249.25789340369172,0.0,0.0,0.0,1253.588017011477
9338,1999-02-03,1004.4771216344096,1211.0905954638326,1293.7122279992823,1004.4771216344096,1004.4771216344096,249.61370234114065,249.61370234114065,249.61370234114065,249.61370234114065,249.61370234114065,249.61370234114065,0.0,0.0,0.0,1254.0908239755504
9339,1999-02-04,1004.6241196610335,1212.7855004781213,1292.9076430076964,1004.6241196610335,1004.6241196610335,249.9693352741726,249.9693352741726,249.9693352741726,249.9693352741726,249.9693352741726,249.9693352741726,0.0,0.0,0.0,1254.5934549352062
9340,1999-02-05,1004.7711176876576,1211.4310824711297,1297.370508608935,1004.7711176876576,1004.7711176876576,250.3247891404415,250.3247891404415,250.3247891404415,250.3247891404415,250.3247891404415,250.3247891404415,0.0,0.0,0.0,1255.095906828099
9341,1999-02-08,1005.2121117675296,1216.3230380401085,1296.3319293224806,1005.2121117675294,1005.2121117675294,251.39004556889722,251.39004556889722,251.39004556889722,251.39004556889722,251.39004556889722,251.39004556889722,0.0,0.0,0.0,1256.602157336427
9342,1999-02-09,1005.3591097941535,1214.1543785437934,1300.7332488681113,1005.3591097941535,1005.3591097941535,251.74475234958018,251.74475234958018,251.74475234958018,251.74475234958018,251.74475234958018,251.74475234958018,0.0,0.0,0.0,1257.1038621437337
9343,1999-02-10,1005.5061078207775,1214.2048604544561,1299.8477055409041,1005.5061078207775,1005.5061078207775,252.09926460547462,252.09926460547462,252.09926460547462,252.09926460547462,252.09926460547462,252.09926460547462,0.0,0.0,0.0,1257.6053724262522
9344,1999-02-11,1005.6531058474014,1214.2215492046919,1295.7134850344623,1005.6531058474014,1005.6531058474014,252.45357921572312,252.45357921572312,252.45357921572312,252.45357921572312,252.45357921572312,252.45357921572312,0.0,0.0,0.0,1258.1066850631246
9345,1999-02-12,1005.8001038740255,1216.825850946572,1300.5041605615263,1005.8001038740255,1005.8001038740255,252.80769304972182,252.80769304972182,252.80769304972182,252.80769304972182,252.80769304972182,252.80769304972182,0.0,0.0,0.0,1258.6077969237472
9346,1999-02-16,1006.3880959805217,1220.839941816667,1302.9732758262978,1006.3880959805217,1006.3880959805217,254.22207767007657,254.22207767007657,254.22207767007657,254.22207767007657,254.22207767007657,254.22207767007657,0.0,0.0,0.0,1260.6101736505982
9347,1999-02-17,1006.5350940071457,1219.784996205448,1303.449371207098,1006.5350940071457,1006.5350940071457,254.5751403227418,254.5751403227418,254.5751403227418,254.5751403227418,254.5751403227418,254.5751403227418,0.0,0.0,0.0,1261.1102343298876
9348,1999-02-18,1006.68209203377,1220.7262272811133,1301.9475947439403,1006.68209203377,1006.68209203377,254.92798321095466,254.92798321095466,254.92798321095466,254.92798321095466,254.92798321095466,254.92798321095466,0.0,0.0,0.0,1261.6100752447246
9349,1999-02-19,1006.829090060394,1221.1615207397995,1305.8359785663574,1006.829090060394,1006.829090060394,255.28060313594392,255.28060313594392,255.28060313594392,255.28060313594392,255.28060313594392,255.28060313594392,0.0,0.0,0.0,1262.109693196338
9350,1999-02-22,1007.2700841402659,1224.838180883466,1308.7305981074626,1007.2700841402659,1007.2700841402659,256.33709299797584,256.33709299797584,256.33709299797584,256.33709299797584,256.33709299797584,256.33709299797584,0.0,0.0,0.0,1263.6071771382417
9351,1999-02-23,1007.4170821668899,1223.5037811028008,1306.3674517213867,1007.4170821668899,1007.4170821668899,256.6887888878814,256.6887888878814,256.6887888878814,256.6887888878814,256.6887888878814,256.6887888878814,0.0,0.0,0.0,1264.1058710547713
9352,1999-02-24,1007.5640801935139,1220.3837585113404,1304.890351653727,1007.5640801935139,1007.5640801935139,257.0402456748863,257.0402456748863,257.0402456748863,257.0402456748863,257.0402456748863,257.0402456748863,0.0,0.0,0.0,1264.6043258684
9353,1999-02-25,1007.7110782201379,1226.5234973799288,1307.3247674807028,1007.7110782201379,1007.7110782201379,257.391460101921,257.391460101921,257.391460101921,257.391460101921,257.391460101921,257.391460101921,0.0,0.0,0.0,1265.102538322059
9354,1999-02-26,1007.8580762467618,1223.3972991632006,1309.2926129216717,1007.8580762467618,1007.8580762467618,257.74242890221433,257.74242890221433,257.74242890221433,257.74242890221433,257.74242890221433,257.74242890221433,0.0,0.0,0.0,1265.600505148976
9355,1999-03-01,1008.2990703266338,1226.6420686712033,1310.1315806302498,1008.2990703266338,1008.2990703266338,258.79382872954164,258.79382872954164,258.79382872954164,258.79382872954164,258.79382872954164,258.79382872954164,0.0,0.0,0.0,1267.0928990561754
9356,1999-03-02,1008.4460683532578,1223.8394967905826,1308.45443608003,1008.4460683532578,1008.4460683532578,259.1437821613333,259.1437821613333,259.1437821613333,259.1437821613333,259.1437821613333,259.1437821613333,0.0,0.0,0.0,1267.589850514591
9357,1999-03-03,1008.5930663798817,1228.1048887413644,1309.8463238687548,1008.5930663798817,1008.5930663798817,259.4934734872068,259.4934734872068,259.4934734872068,259.4934734872068,259.4934734872068,259.4934734872068,0.0,0.0,0.0,1268.0865398670885
9358,1999-03-04,1008.7400644065058,1225.701765700585,1312.1510955377075,1008.7400644065058,1008.7400644065058,259.8428993823019,259.8428993823019,259.8428993823019,259.8428993823019,259.8428993823019,259.8428993823019,0.0,0.0,0.0,1268.5829637888078
9359,1999-03-05,1008.88706243313,1228.3515664737802,1307.551448630351,1008.88706243313,1008.88706243313,260.19205651209865,260.19205651209865,260.19205651209865,260.19205651209865,260.19205651209865,260.19205651209865,0.0,0.0,0.0,1269.0791189452286
9360,1999-03-08,1009.328056513002,1229.05903468553,1311.6335119881116,1009.328056513002,1009.328056513002,261.2378818197513,261.2378818197513,261.2378818197513,261.2378818197513,261.2378818197513,261.2378818197513,0.0,0.0,0.0,1270.5659383327534
9361,1999-03-09,1009.475054539626,1232.4220723060032,1312.111997084564,1009.475054539626,1009.475054539626,261.5859303502044,261.5859303502044,261.5859303502044,261.5859303502044,261.5859303502044,261.5859303502044,0.0,0.0,0.0,1271.0609848898303
9362,1999-03-10,1009.62205256625,1230.837892618031,1314.096974433171,1009.62205256625,1009.62205256625,261.93369329810974,261.93369329810974,261.93369329810974,261.93369329810974,261.93369329810974,261.93369329810974,0.0,0.0,0.0,1271.5557458643598
9363,1999-03-11,1009.7690505928739,1233.847293523091,1312.8592213509148,1009.769050592874,1009.769050592874,262.2811672711397,262.2811672711397,262.2811672711397,262.2811672711397,262.2811672711397,262.2811672711397,0.0,0.0,0.0,1272.0502178640136
9364,1999-03-12,1009.9160486194979,1229.8664368464893,1312.6199145383769,1009.9160486194979,1009.9160486194979,262.62834886735936,262.62834886735936,262.62834886735936,262.62834886735936,262.62834886735936,262.62834886735936,0.0,0.0,0.0,1272.5443974868572
9365,1999-03-15,1010.3570426993703,1231.0130583561988,1317.1449612237811,1010.3570426993703,1010.3570426993703,263.6681052318981,263.6681052318981,263.6681052318981,263.6681052318981,263.6681052318981,263.6681052318981,0.0,0.0,0.0,1274.0251479312683
9366,1999-03-16,1010.5040407259942,1233.4635768897654,1318.256469473657,1010.5040407259942,1010.5040407259942,264.0140831097061,264.0140831097061,264.0140831097061,264.0140831097061,264.0140831097061,264.0140831097061,0.0,0.0,0.0,1274.5181238357004
9367,1999-03-17,1010.6510387526182,1231.7941613584949,1314.4509553219355,1010.6510387526182,1010.6510387526182,264.35975145724075,264.35975145724075,264.35975145724075,264.35975145724075,264.35975145724075,264.35975145724075,0.0,0.0,0.0,1275.010790209859
9368,1999-03-18,1010.7980367792421,1233.0487200888458,1319.9687181822874,1010.7980367792421,1010.7980367792421,264.705106815117,264.705106815117,264.705106815117,264.705106815117,264.705106815117,264.705106815117,0.0,0.0,0.0,1275.5031435943592
9369,1999-03-19,1010.9450348058662,1231.77251701539,1317.7808282208578,1010.9450348058663,1010.9450348058663,265.0501457144074,265.0501457144074,265.0501457144074,265.0501457144074,265.0501457144074,265.0501457144074,0.0,0.0,0.0,1275.9951805202736
9370,1999-03-22,1011.3860288857385,1235.8450861372055,1320.4228535565505,1011.3860288857385,1011.3860288857385,266.0833288286126,266.0833288286126,266.0833288286126,266.0833288286126,266.0833288286126,266.0833288286126,0.0,0.0,0.0,1277.4693577143512
9371,1999-03-23,1011.5330269123624,1236.637752510078,1321.934204675508,1011.5330269123624,1011.5330269123624,266.4270670138515,266.4270670138515,266.4270670138515,266.4270670138515,266.4270670138515,266.4270670138515,0.0,0.0,0.0,1277.9600939262139
9372,1999-03-24,1011.6800249389864,1236.1001048835153,1319.1054134640012,1011.6800249389864,1011.6800249389864,266.7704712531343,266.7704712531343,266.7704712531343,266.7704712531343,266.7704712531343,266.7704712531343,0.0,0.0,0.0,1278.4504961921207
9373,1999-03-25,1011.8270229656104,1234.7908310491193,1320.2625224290553,1011.8270229656104,1011.8270229656104,267.11353802051826,267.11353802051826,267.11353802051826,267.11353802051826,267.11353802051826,267.11353802051826,0.0,0.0,0.0,1278.9405609861287
9374,1999-03-26,1011.9740209922344,1237.1550215225418,1318.5901258852837,1011.9740209922344,1011.9740209922344,267.4562637805984,267.4562637805984,267.4562637805984,267.4562637805984,267.4562637805984,267.4562637805984,0.0,0.0,0.0,1279.4302847728327
9375,1999-03-29,1012.4150150721063,1238.7117122330508,1324.0424937925732,1012.4150150721063,1012.4150150721063,268.4823595213007,268.4823595213007,268.4823595213007,268.4823595213007,268.4823595213007,268.4823595213007,0.0,0.0,0.0,1280.897374593407
9376,1999-03-30,1012.5620130987303,1239.5262451885965,1324.4774252637008,1012.5620130987303,1012.5620130987303,268.8236857093187,268.8236857093187,268.8236857093187,268.8236857093187,268.8236857093187,268.8236857093187,0.0,0.0,0.0,1281.385698808049
9377,1999-03-31,1012.7090111253542,1239.202412474505,1324.3012582476558,1012.7090111253542,1012.7090111253542,269.164653071523,269.164653071523,269.164653071523,269.164653071523,269.164653071523,269.164653071523,0.0,0.0,0.0,1281.8736641968771
9378,1999-04-01,1012.8560091519782,1239.8456585778797,1323.8201225950975,1012.8560091519782,1012.8560091519782,269.50525801600753,269.50525801600753,269.50525801600753,269.50525801600753,269.50525801600753,269.50525801600753,0.0,0.0,0.0,1282.3612671679857
9379,1999-04-05,1013.4440012584745,1243.9739279487226,1327.0344286593681,1013.4440012584745,1013.4440012584745,270.86398145101305,270.86398145101305,270.86398145101305,270.86398145101305,270.86398145101305,270.86398145101305,0.0,0.0,0.0,1284.3079827094875
9380,1999-04-06,1013.5909992850985,1245.914581099853,1325.6184031927578,1013.5909992850985,1013.5909992850985,271.2027201008972,271.2027201008972,271.2027201008972,271.2027201008972,271.2027201008972,271.2027201008972,0.0,0.0,0.0,1284.7937193859957
9381,1999-04-07,1013.7379973117224,1244.6275813048765,1325.85445729955,1013.7379973117224,1013.7379973117224,271.5410745853863,271.5410745853863,271.5410745853863,271.5410745853863,271.5410745853863,271.5410745853863,0.0,0.0,0.0,1285.2790718971087
9382,1999-04-08,1013.8849953383465,1243.9998308264949,1326.0731689745155,1013.8849953383465,1013.8849953383465,271.87904124730136,271.87904124730136,271.87904124730136,271.87904124730136,271.87904124730136,271.87904124730136,0.0,0.0,0.0,1285.7640365856478
9383,1999-04-09,1014.0319933649707,1245.8273046376776,1329.9196302648475,1014.0319933649707,1014.0319933649707,272.21661642020325,272.21661642020325,272.21661642020325,272.21661642020325,272.21661642020325,272.21661642020325,0.0,0.0,0.0,1286.248609785174
9384,1999-04-12,1014.4729874448427,1243.2289516101132,1328.5304181356596,1014.4729874448427,1014.4729874448427,273.22695620183515,273.22695620183515,273.22695620183515,273.22695620183515,273.22695620183515,273.22695620183515,0.0,0.0,0.0,1287.6999436466779
9385,1999-04-13,1014.6199854714666,1247.8538385902264,1331.556944232536,1014.6199854714666,1014.6199854714666,273.5629285696136,273.5629285696136,273.5629285696136,273.5629285696136,273.5629285696136,273.5629285696136,0.0,0.0,0.0,1288.1829140410803
9386,1999-04-14,1014.7669834980907,1244.7096874754843,1331.548140763115,1014.7669834980907,1014.7669834980907,273.8984909778276,273.8984909778276,273.8984909778276,273.8984909778276,273.8984909778276,273.8984909778276,0.0,0.0,0.0,1288.6654744759182
9387,1999-04-15,1014.9139815247147,1249.2475649279136,1328.9232555152407,1014.9139815247147,1014.9139815247147,274.2336397048182,274.2336397048182,274.2336397048182,274.2336397048182,274.2336397048182,274.2336397048182,0.0,0.0,0.0,1289.147621229533
9388,1999-04-16,1015.0609795513386,1250.1213775180715,1332.8867056365598,1015.0609795513386,1015.0609795513386,274.56837101978647,274.56837101978647,274.56837101978647,274.56837101978647,274.56837101978647,274.56837101978647,0.0,0.0,0.0,1289.629350571125
9389,1999-04-19,1015.501973631211,1247.9948747627136,1332.8287536227047,1015.501973631211,1015.501973631211,275.5700230478374,275.5700230478374,275.5700230478374,275.5700230478374,275.5700230478374,275.5700230478374,0.0,0.0,0.0,1291.0719966790484
9390,1999-04-20,1015.6489716578349,1250.9983774105585,1329.9541369812796,1015.6489716578349,1015.6489716578349,275.90304722455613,275.90304722455613,275.90304722455613,275.90304722455613,275.90304722455613,275.90304722455613,0.0,0.0,0.0,1291.552018882391
9391,1999-04-21,1015.7959696844589,1254.1987389578783,1332.313999296591,1015.7959696844589,1015.7959696844589,276.2356351988005,276.2356351988005,276.2356351988005,276.2356351988005,276.2356351988005,276.2356351988005,0.0,0.0,0.0,1292.0316048832594
9392,1999-04-22,1015.9429677110828,1250.621889396749,1332.1995587095807,1015.9429677110829,1015.9429677110829,276.56778318532446,276.56778318532446,276.56778318532446,276.56778318532446,276.56778318532446,276.56778318532446,0.0,0.0,0.0,1292.5107508964072
9393,1999-04-23,1016.0899657377068,1252.2522203429462,1335.4184217832158,1016.0899657377068,1016.0899657377068,276.8994873898794,276.8994873898794,276.8994873898794,276.8994873898794,276.8994873898794,276.8994873898794,0.0,0.0,0.0,1292.9894531275863
9394,1999-04-26,1016.5309598175787,1255.1032257973925,1336.3887221221823,1016.5309598175787,1016.5309598175787,277.89189923459884,277.89189923459884,277.89189923459884,277.89189923459884,277.89189923459884,277.89189923459884,0.0,0.0,0.0,1294.4228590521775
9395,1999-04-27,1016.6779578442028,1254.002554029245,1338.2445307051103,1016.6779578442028,1016.6779578442028,278.22179018941824,278.22179018941824,278.22179018941824,278.22179018941824,278.22179018941824,278.22179018941824,0.0,0.0,0.0,1294.899748033621
9396,1999-04-28,1016.8249558708268,1252.40382416847,1335.9759522999027,1016.8249558708268,1016.8249558708268,278.5512182566859,278.5512182566859,278.5512182566859,278.5512182566859,278.5512182566859,278.5512182566859,0.0,0.0,0.0,1295.3761741275127
9397,1999-04-29,1016.9719538974507,1255.1425726141724,1336.7448740033062,1016.9719538974507,1016.9719538974507,278.8801795885706,278.8801795885706,278.8801795885706,278.8801795885706,278.8801795885706,278.8801795885706,0.0,0.0,0.0,1295.8521334860213
9398,1999-04-30,1017.1189519240747,1257.9064421871587,1338.9774265877577,1017.1189519240747,1017.1189519240747,279.2086703283874,279.2086703283874,279.2086703283874,279.2086703283874,279.2086703283874,279.2086703283874,0.0,0.0,0.0,1296.327622252462
9399,1999-05-03,1017.559946003947,1257.260656289907,1336.9344110850786,1017.559946003947,1017.559946003947,280.19128029627217,280.19128029627217,280.19128029627217,280.19128029627217,280.19128029627217,280.19128029627217,0.0,0.0,0.0,1297.751226300219
9400,1999-05-04,1017.706944030571,1261.0964390935928,1341.2126722498756,1017.706944030571,1017.706944030571,280.5178499247187,280.5178499247187,280.5178499247187,280.5178499247187,280.5178499247187,280.5178499247187,0.0,0.0,0.0,1298.2247939552897
9401,1999-05-05,1017.8539420571952,1252.970235877745,1338.9393780697606,1017.8539420571952,1017.8539420571952,280.84392954569176,280.84392954569176,280.84392954569176,280.84392954569176,280.84392954569176,280.84392954569176,0.0,0.0,0.0,1298.697871602887
9402,1999-05-06,1018.0009400838193,1256.6347737592255,1337.7094819052973,1018.0009400838193,1018.0009400838193,281.16951524988093,281.16951524988093,281.16951524988093,281.16951524988093,281.16951524988093,281.16951524988093,0.0,0.0,0.0,1299.1704553337001
9403,1999-05-07,1018.1479381104433,1260.4221205886272,1342.2772238298896,1018.1479381104433,1018.1479381104433,281.4946031192903,281.4946031192903,281.4946031192903,281.4946031192903,281.4946031192903,281.4946031192903,0.0,0.0,0.0,1299.6425412297335
9404,1999-05-10,1018.5889321903152,1257.1670997762549,1342.775494720359,1018.5889321903152,1018.5889321903152,282.4668404091217,282.4668404091217,282.4668404091217,282.4668404091217,282.4668404091217,282.4668404091217,0.0,0.0,0.0,1301.0557725994368
9405,1999-05-11,1018.7359302169392,1263.915873963038,1342.2137843655553,1018.7359302169392,1018.7359302169392,282.7898975866227,282.7898975866227,282.7898975866227,282.7898975866227,282.7898975866227,282.7898975866227,0.0,0.0,0.0,1301.525827803562
9406,1999-05-12,1018.8829282435631,1261.326194709557,1342.2843675278264,1018.8829282435631,1018.8829282435631,283.1124372099691,283.1124372099691,283.1124372099691,283.1124372099691,283.1124372099691,283.1124372099691,0.0,0.0,0.0,1301.9953654535323
9407,1999-05-13,1019.0299262701872,1263.183487030591,1344.3561292028326,1019.0299262701872,1019.0299262701872,283.43445530959116,283.43445530959116,283.43445530959116,283.43445530959116,283.43445530959116,283.43445530959116,0.0,0.0,0.0,1302.4643815797783
9408,1999-05-14,1019.1769242968111,1262.2449131440144,1344.9194908344386,1019.1769242968111,1019.1769242968111,283.7559479074157,283.7559479074157,283.7559479074157,283.7559479074157,283.7559479074157,283.7559479074157,0.0,0.0,0.0,1302.932872204227
9409,1999-05-17,1019.6179183766831,1264.0632721349873,1346.9647469088409,1019.6179183766831,1019.6179183766831,284.7172327824176,284.7172327824176,284.7172327824176,284.7172327824176,284.7172327824176,284.7172327824176,0.0,0.0,0.0,1304.3351511591006
9410,1999-05-18,1019.764916403307,1264.3510539814934,1344.1355889263868,1019.764916403307,1019.764916403307,285.0365834232422,285.0365834232422,285.0365834232422,285.0365834232422,285.0365834232422,285.0365834232422,0.0,0.0,0.0,1304.8014998265492
9411,1999-05-19,1019.9119144299314,1260.5629763120878,1347.5797254854003,1019.9119144299314,1019.9119144299314,285.3553885453408,285.3553885453408,285.3553885453408,285.3553885453408,285.3553885453408,285.3553885453408,0.0,0.0,0.0,1305.2673029752723
9412,1999-05-20,1020.0589124565554,1260.7816893124357,1348.2193924023031,1020.0589124565554,1020.0589124565554,285.6736441202154,285.6736441202154,285.6736441202154,285.6736441202154,285.6736441202154,285.6736441202154,0.0,0.0,0.0,1305.7325565767708
9413,1999-05-21,1020.2059104831793,1263.1713607214074,1347.2515938913339,1020.2059104831793,1020.2059104831793,285.9913461110639,285.9913461110639,285.9913461110639,285.9913461110639,285.9913461110639,285.9913461110639,0.0,0.0,0.0,1306.1972565942433
9414,1999-05-24,1020.6469045630513,1265.7376762519266,1347.5333574582332,1020.6469045630513,1020.6469045630513,286.94109008752196,286.94109008752196,286.94109008752196,286.94109008752196,286.94109008752196,286.94109008752196,0.0,0.0,0.0,1307.5879946505734
9415,1999-05-25,1020.7939025896752,1266.890949251733,1353.6421697099302,1020.7939025896752,1020.7939025896752,287.2565372092423,287.2565372092423,287.2565372092423,287.2565372092423,287.2565372092423,287.2565372092423,0.0,0.0,0.0,1308.0504397989175
9416,1999-05-26,1020.9409006162992,1267.3321340880655,1352.639997140851,1020.9409006162992,1020.9409006162992,287.57141043944216,287.57141043944216,287.57141043944216,287.57141043944216,287.57141043944216,287.57141043944216,0.0,0.0,0.0,1308.5123110557415
9417,1999-05-27,1021.0878986429232,1266.4893905346999,1351.2011541502957,1021.0878986429232,1021.0878986429232,287.88570569213977,287.88570569213977,287.88570569213977,287.88570569213977,287.88570569213977,287.88570569213977,0.0,0.0,0.0,1308.9736043350629
9418,1999-05-28,1021.2348966695475,1270.0967168459308,1351.8013232825926,1021.2348966695475,1021.2348966695475,288.19941887326877,288.19941887326877,288.19941887326877,288.19941887326877,288.19941887326877,288.19941887326877,0.0,0.0,0.0,1309.4343155428164
9419,1999-06-01,1021.8228887760434,1266.109079451873,1352.951488466124,1021.8228887760434,1021.8228887760434,289.4483687195365,289.4483687195365,289.4483687195365,289.4483687195365,289.4483687195365,289.4483687195365,0.0,0.0,0.0,1311.27125749558
9420,1999-06-02,1021.9698868026675,1267.8233975200048,1350.6786390832542,1021.9698868026675,1021.9698868026675,289.75910985105867,289.75910985105867,289.75910985105867,289.75910985105867,289.75910985105867,289.75910985105867,0.0,0.0,0.0,1311.7289966537262
9421,1999-06-03,1022.1168848292917,1270.996248310437,1354.6774556729226,1022.1168848292916,1022.1168848292916,290.0692441786192,290.0692441786192,290.0692441786192,290.0692441786192,290.0692441786192,290.0692441786192,0.0,0.0,0.0,1312.186129007911
9422,1999-06-04,1022.2638828559158,1271.231311293293,1353.8476156366455,1022.2638828559158,1022.2638828559158,290.3787675524672,290.3787675524672,290.3787675524672,290.3787675524672,290.3787675524672,290.3787675524672,0.0,0.0,0.0,1312.642650408383
9423,1999-06-07,1022.7048769357876,1273.0184797343945,1355.152213478144,1022.7048769357876,1022.7048769357876,291.30363033714804,291.30363033714804,291.30363033714804,291.30363033714804,291.30363033714804,291.30363033714804,0.0,0.0,0.0,1314.0085072729357
9424,1999-06-08,1022.8518749624117,1272.0640474456063,1355.5463411447506,1022.8518749624118,1022.8518749624118,291.6106682427807,291.6106682427807,291.6106682427807,291.6106682427807,291.6106682427807,291.6106682427807,0.0,0.0,0.0,1314.4625432051923
9425,1999-06-09,1022.9988729890356,1274.1505300375018,1354.986645164749,1022.9988729890356,1022.9988729890356,291.91707432936676,291.91707432936676,291.91707432936676,291.91707432936676,291.91707432936676,291.91707432936676,0.0,0.0,0.0,1314.9159473184022
9426,1999-06-10,1023.1458710156596,1273.3783816995704,1353.7853399312069,1023.1458710156596,1023.1458710156596,292.2228444007733,292.2228444007733,292.2228444007733,292.2228444007733,292.2228444007733,292.2228444007733,0.0,0.0,0.0,1315.368715416433
9427,1999-06-11,1023.2928690422835,1278.9023890938508,1358.1394774007026,1023.2928690422835,1023.2928690422835,292.52797425326474,292.52797425326474,292.52797425326474,292.52797425326474,292.52797425326474,292.52797425326474,0.0,0.0,0.0,1315.8208432955482
9428,1999-06-14,1023.7338631221555,1274.232813572375,1354.4409462849628,1023.7338631221555,1023.7338631221555,293.4394803466297,293.4394803466297,293.4394803466297,293.4394803466297,293.4394803466297,293.4394803466297,0.0,0.0,0.0,1317.1733434687853
9429,1999-06-15,1023.8808611487796,1276.3157821106554,1357.8983093314953,1023.8808611487796,1023.8808611487796,293.74200713534816,293.74200713534816,293.74200713534816,293.74200713534816,293.74200713534816,293.74200713534816,0.0,0.0,0.0,1317.6228682841277
9430,1999-06-16,1024.0278591754036,1276.1087965919714,1359.4417925588054,1024.0278591754036,1024.0278591754036,294.04387257373793,294.04387257373793,294.04387257373793,294.04387257373793,294.04387257373793,294.04387257373793,0.0,0.0,0.0,1318.0717317491415
9431,1999-06-17,1024.1748572020274,1280.6195554421884,1359.0461561476025,1024.1748572020274,1024.1748572020274,294.34507241323536,294.34507241323536,294.34507241323536,294.34507241323536,294.34507241323536,294.34507241323536,0.0,0.0,0.0,1318.5199296152628
9432,1999-06-18,1024.3218552286519,1275.9219043073886,1356.7597137275154,1024.3218552286519,1024.3218552286519,294.6456023979421,294.6456023979421,294.6456023979421,294.6456023979421,294.6456023979421,294.6456023979421,0.0,0.0,0.0,1318.967457626594
9433,1999-06-21,1024.7628493085238,1278.1764130201384,1364.7983858430584,1024.7628493085238,1024.7628493085238,295.54313055513575,295.54313055513575,295.54313055513575,295.54313055513575,295.54313055513575,295.54313055513575,0.0,0.0,0.0,1320.3059798636596
9434,1999-06-22,1024.9098473351478,1278.2826024079145,1364.0564131196604,1024.9098473351478,1024.9098473351478,295.8409384163772,295.8409384163772,295.8409384163772,295.8409384163772,295.8409384163772,295.8409384163772,0.0,0.0,0.0,1320.750785751525
9435,1999-06-23,1025.0568453617716,1278.1236084058812,1362.0306021046963,1025.0568453617716,1025.0568453617716,296.1380550347016,296.1380550347016,296.1380550347016,296.1380550347016,296.1380550347016,296.1380550347016,0.0,0.0,0.0,1321.1949003964733
9436,1999-06-24,1025.203843388396,1280.950433150437,1363.2107319791642,1025.203843388396,1025.203843388396,296.4344761110412,296.4344761110412,296.4344761110412,296.4344761110412,296.4344761110412,296.4344761110412,0.0,0.0,0.0,1321.6383194994373
9437,1999-06-25,1025.35084141502,1279.698739874643,1364.5546125589385,1025.35084141502,1025.35084141502,296.7301973392774,296.7301973392774,296.7301973392774,296.7301973392774,296.7301973392774,296.7301973392774,0.0,0.0,0.0,1322.0810387542974
9438,1999-06-28,1025.791835494892,1281.1337716379073,1368.373918695234,1025.791835494892,1025.791835494892,297.613118769322,297.613118769322,297.613118769322,297.613118769322,297.613118769322,297.613118769322,0.0,0.0,0.0,1323.404954264214
9439,1999-06-29,1025.938833521516,1285.483234370614,1368.3898337900046,1025.938833521516,1025.938833521516,297.9059974044426,297.9059974044426,297.9059974044426,297.9059974044426,297.9059974044426,297.9059974044426,0.0,0.0,0.0,1323.8448309259586
9440,1999-06-30,1026.0858315481398,1283.971817040111,1366.365423115759,1026.0858315481398,1026.0858315481398,298.1981545566027,298.1981545566027,298.1981545566027,298.1981545566027,298.1981545566027,298.1981545566027,0.0,0.0,0.0,1324.2839861047426
9441,1999-07-01,1026.2328295747639,1282.6698552997066,1366.934207671816,1026.2328295747639,1026.2328295747639,298.4895858782795,298.4895858782795,298.4895858782795,298.4895858782795,298.4895858782795,298.4895858782795,0.0,0.0,0.0,1324.7224154530434
9442,1999-07-02,1026.379827601388,1284.5126746526746,1369.1509214382845,1026.379827601388,1026.379827601388,298.78028701520316,298.78028701520316,298.78028701520316,298.78028701520316,298.78028701520316,298.78028701520316,0.0,0.0,0.0,1325.160114616591
9443,1999-07-06,1026.9678197078842,1284.069475551649,1368.2432412371095,1026.9678197078842,1026.9678197078842,299.9357023963175,299.9357023963175,299.9357023963175,299.9357023963175,299.9357023963175,299.9357023963175,0.0,0.0,0.0,1326.9035221042018
9444,1999-07-07,1027.114817734508,1284.7091678691634,1371.3756066119647,1027.114817734508,1027.114817734508,300.2226870624118,300.2226870624118,300.2226870624118,300.2226870624118,300.2226870624118,300.2226870624118,0.0,0.0,0.0,1327.3375047969198
9445,1999-07-08,1027.261815761132,1286.9032977502764,1372.161857927734,1027.261815761132,1027.261815761132,300.5089152789639,300.5089152789639,300.5089152789639,300.5089152789639,300.5089152789639,300.5089152789639,0.0,0.0,0.0,1327.770731040096
9446,1999-07-09,1027.4088137877561,1288.933633827507,1370.690737379941,1027.4088137877561,1027.4088137877561,300.7943826457433,300.7943826457433,300.7943826457433,300.7943826457433,300.7943826457433,300.7943826457433,0.0,0.0,0.0,1328.2031964334994
9447,1999-07-12,1027.849807867628,1288.4796615948096,1372.1118717465786,1027.849807867628,1027.849807867628,301.6461755497365,301.6461755497365,301.6461755497365,301.6461755497365,301.6461755497365,301.6461755497365,0.0,0.0,0.0,1329.4959834173644
9448,1999-07-13,1027.996805894252,1289.2062162409545,1369.8197529367833,1027.996805894252,1027.996805894252,301.9285553882498,301.9285553882498,301.9285553882498,301.9285553882498,301.9285553882498,301.9285553882498,0.0,0.0,0.0,1329.9253612825019
9449,1999-07-14,1028.143803920876,1285.7963309760764,1367.6065667714154,1028.143803920876,1028.143803920876,302.2101522811043,302.2101522811043,302.2101522811043,302.2101522811043,302.2101522811043,302.2101522811043,0.0,0.0,0.0,1330.3539562019803
9450,1999-07-15,1028.2908019474999,1290.9498936921698,1372.3011966813438,1028.2908019474999,1028.2908019474999,302.49096179051503,302.49096179051503,302.49096179051503,302.49096179051503,302.49096179051503,302.49096179051503,0.0,0.0,0.0,1330.781763738015
9451,1999-07-16,1028.437799974124,1288.0072395772527,1370.9616610777916,1028.437799974124,1028.437799974124,302.7709794726093,302.7709794726093,302.7709794726093,302.7709794726093,302.7709794726093,302.7709794726093,0.0,0.0,0.0,1331.2087794467332
9452,1999-07-19,1028.8787940539962,1287.4222027926094,1373.5422169068383,1028.8787940539962,1028.8787940539962,303.60623702598764,303.60623702598764,303.60623702598764,303.60623702598764,303.60623702598764,303.60623702598764,0.0,0.0,0.0,1332.4850310799839
9453,1999-07-20,1029.0257920806205,1292.4934551562044,1375.050594371053,1029.0257920806205,1029.0257920806205,303.8830428400745,303.8830428400745,303.8830428400745,303.8830428400745,303.8830428400745,303.8830428400745,0.0,0.0,0.0,1332.908834920695
9454,1999-07-21,1029.1727901072445,1291.0281335641025,1376.7929909867528,1029.1727901072445,1029.1727901072445,304.1590345179159,304.1590345179159,304.1590345179159,304.1590345179159,304.1590345179159,304.1590345179159,0.0,0.0,0.0,1333.3318246251604
9455,1999-07-22,1029.3197881338685,1289.8090052632758,1376.8356262664072,1029.3197881338685,1029.3197881338685,304.4342075801697,304.4342075801697,304.4342075801697,304.4342075801697,304.4342075801697,304.4342075801697,0.0,0.0,0.0,1333.7539957140382
9456,1999-07-23,1029.4667861604926,1293.5482097151312,1375.520251046026,1029.4667861604926,1029.4667861604926,304.70855754176415,304.70855754176415,304.70855754176415,304.70855754176415,304.70855754176415,304.70855754176415,0.0,0.0,0.0,1334.1753437022567
9457,1999-07-26,1029.9077802403644,1291.2645497925105,1378.4000934887097,1029.9077802403644,1029.9077802403644,305.5266238869972,305.5266238869972,305.5266238869972,305.5266238869972,305.5266238869972,305.5266238869972,0.0,0.0,0.0,1335.4344041273616
9458,1999-07-27,1030.0547782669885,1294.202043056276,1378.4905029803008,1030.0547782669885,1030.0547782669885,305.7976364824446,305.7976364824446,305.7976364824446,305.7976364824446,305.7976364824446,305.7976364824446,0.0,0.0,0.0,1335.8524147494331
9459,1999-07-28,1030.2017762936125,1295.1395823752794,1378.719838104051,1030.2017762936125,1030.2017762936125,306.0678034677488,306.0678034677488,306.0678034677488,306.0678034677488,306.0678034677488,306.0678034677488,0.0,0.0,0.0,1336.2695797613612
9460,1999-07-29,1030.3487743202363,1296.6278770819997,1379.493887748195,1030.3487743202363,1030.3487743202363,306.33712032456384,306.33712032456384,306.33712032456384,306.33712032456384,306.33712032456384,306.33712032456384,0.0,0.0,0.0,1336.6858946448
9461,1999-07-30,1030.4957723468603,1294.9969519681943,1379.594213042983,1030.4957723468603,1030.4957723468603,306.60558252918827,306.60558252918827,306.60558252918827,306.60558252918827,306.60558252918827,306.60558252918827,0.0,0.0,0.0,1337.1013548760486
9462,1999-08-02,1030.9367664267322,1296.9090319902098,1382.1827196594825,1030.9367664267322,1030.9367664267322,307.40579591370886,307.40579591370886,307.40579591370886,307.40579591370886,307.40579591370886,307.40579591370886,0.0,0.0,0.0,1338.342562340441
9463,1999-08-03,1031.0837644533567,1293.6849202611836,1380.3932407785367,1031.0837644533567,1031.0837644533567,307.6707941673566,307.6707941673566,307.6707941673566,307.6707941673566,307.6707941673566,307.6707941673566,0.0,0.0,0.0,1338.7545586207134
9464,1999-08-04,1031.2307624799805,1300.821856564858,1378.9187340118694,1031.2307624799805,1031.2307624799805,307.9349150718972,307.9349150718972,307.9349150718972,307.9349150718972,307.9349150718972,307.9349150718972,0.0,0.0,0.0,1339.1656775518777
9465,1999-08-05,1031.3777605066045,1297.5469470145558,1380.784321827677,1031.3777605066045,1031.3777605066045,308.19815407265884,308.19815407265884,308.19815407265884,308.19815407265884,308.19815407265884,308.19815407265884,0.0,0.0,0.0,1339.5759145792633
9466,1999-08-06,1031.5247585332286,1297.9767702518152,1380.3215523874146,1031.5247585332286,1031.5247585332286,308.4605066100075,308.4605066100075,308.4605066100075,308.4605066100075,308.4605066100075,308.4605066100075,0.0,0.0,0.0,1339.9852651432361
9467,1999-08-09,1031.9657526131004,1299.7837110365313,1382.9029520099677,1031.9657526131004,1031.9657526131004,309.24219977199,309.24219977199,309.24219977199,309.24219977199,309.24219977199,309.24219977199,0.0,0.0,0.0,1341.2079523850905
9468,1999-08-10,1032.1127506397245,1299.5691369458832,1383.5283984941925,1032.1127506397245,1032.1127506397245,309.5009607620972,309.5009607620972,309.5009607620972,309.5009607620972,309.5009607620972,309.5009607620972,0.0,0.0,0.0,1341.6137114018215
9469,1999-08-11,1032.2597486663485,1300.715179174803,1385.2594090014186,1032.2597486663485,1032.2597486663485,309.7588124181968,309.7588124181968,309.7588124181968,309.7588124181968,309.7588124181968,309.7588124181968,0.0,0.0,0.0,1342.0185610845454
9470,1999-08-12,1032.4067466929728,1302.7266751812983,1384.1320743722486,1032.4067466929728,1032.4067466929728,310.01575015209835,310.01575015209835,310.01575015209835,310.01575015209835,310.01575015209835,310.01575015209835,0.0,0.0,0.0,1342.4224968450712
9471,1999-08-13,1032.5537447195968,1302.8320475308433,1384.5757950849954,1032.5537447195968,1032.5537447195968,310.2717693710572,310.2717693710572,310.2717693710572,310.2717693710572,310.2717693710572,310.2717693710572,0.0,0.0,0.0,1342.825514090654
9472,1999-08-16,1032.9947387994687,1302.0572035998584,1386.197997297672,1032.9947387994687,1032.9947387994687,311.0342699438219,311.0342699438219,311.0342699438219,311.0342699438219,311.0342699438219,311.0342699438219,0.0,0.0,0.0,1344.0290087432907
9473,1999-08-17,1033.1417368260927,1302.1537938999047,1385.0973824171735,1033.1417368260927,1033.1417368260927,311.2865690866412,311.2865690866412,311.2865690866412,311.2865690866412,311.2865690866412,311.2865690866412,0.0,0.0,0.0,1344.4283059127338
9474,1999-08-18,1033.288734852717,1305.1221085077484,1387.0534567491288,1033.288734852717,1033.288734852717,311.53792668463416,311.53792668463416,311.53792668463416,311.53792668463416,311.53792668463416,311.53792668463416,0.0,0.0,0.0,1344.8266615373511
9475,1999-08-19,1033.435732879341,1302.6073626148066,1385.8155590634406,1033.435732879341,1033.435732879341,311.78833811902103,311.78833811902103,311.78833811902103,311.78833811902103,311.78833811902103,311.78833811902103,0.0,0.0,0.0,1345.224070998362
9476,1999-08-20,1033.582730905965,1302.6238781176344,1383.7254960388539,1033.582730905965,1033.582730905965,312.037798766898,312.037798766898,312.037798766898,312.037798766898,312.037798766898,312.037798766898,0.0,0.0,0.0,1345.620529672863
9477,1999-08-23,1034.023724985837,1304.527613852151,1388.7246705464886,1034.023724985837,1034.023724985837,312.7804297019098,312.7804297019098,312.7804297019098,312.7804297019098,312.7804297019098,312.7804297019098,0.0,0.0,0.0,1346.8041546877466
9478,1999-08-24,1034.170723012461,1306.646374258816,1391.8130610056373,1034.170723012461,1034.170723012461,313.02604089445566,313.02604089445566,313.02604089445566,313.02604089445566,313.02604089445566,313.02604089445566,0.0,0.0,0.0,1347.1967639069167
9479,1999-08-25,1034.317721039085,1306.0473445538687,1388.6906398347292,1034.317721039085,1034.317721039085,313.2706781263368,313.2706781263368,313.2706781263368,313.2706781263368,313.2706781263368,313.2706781263368,0.0,0.0,0.0,1347.5883991654218
9480,1999-08-26,1034.4647190657088,1307.0123021036666,1387.9512597366706,1034.4647190657088,1034.4647190657088,313.51433675124287,313.51433675124287,313.51433675124287,313.51433675124287,313.51433675124287,313.51433675124287,0.0,0.0,0.0,1347.9790558169516
9481,1999-08-27,1034.6117170923328,1305.1290248524324,1389.827324690133,1034.6117170923328,1034.6117170923328,313.757012119186,313.757012119186,313.757012119186,313.757012119186,313.757012119186,313.757012119186,0.0,0.0,0.0,1348.3687292115187
9482,1999-08-30,1035.0527111722047,1307.5547172192444,1390.084059160155,1035.0527111722047,1035.0527111722047,314.479092127597,314.479092127597,314.479092127597,314.479092127597,314.479092127597,314.479092127597,0.0,0.0,0.0,1349.5318032998016
9483,1999-08-31,1035.1997091988287,1308.730748741554,1392.0104876003793,1035.1997091988287,1035.1997091988287,314.7177878965868,314.7177878965868,314.7177878965868,314.7177878965868,314.7177878965868,314.7177878965868,0.0,0.0,0.0,1349.9174970954155
9484,1999-09-01,1035.3467072254527,1309.7003677541845,1395.813818770164,1035.3467072254527,1035.3467072254527,314.95547710583384,314.95547710583384,314.95547710583384,314.95547710583384,314.95547710583384,314.95547710583384,0.0,0.0,0.0,1350.3021843312865
9485,1999-09-02,1035.493705252077,1309.2786922336277,1391.4722181718323,1035.493705252077,1035.493705252077,315.19215508467937,315.19215508467937,315.19215508467937,315.19215508467937,315.19215508467937,315.19215508467937,0.0,0.0,0.0,1350.6858603367564
9486,1999-09-03,1035.640703278701,1309.8046146620363,1392.3335639156521,1035.640703278701,1035.640703278701,315.42781715925213,315.42781715925213,315.42781715925213,315.42781715925213,315.42781715925213,315.42781715925213,0.0,0.0,0.0,1351.068520437953
9487,1999-09-07,1036.228695385197,1311.006618139623,1392.1723600645942,1036.228695385197,1036.228695385197,316.3602128288162,316.3602128288162,316.3602128288162,316.3602128288162,316.3602128288162,316.3602128288162,0.0,0.0,0.0,1352.5889082140131
9488,1999-09-08,1036.3756934118212,1314.7359850396924,1394.8479649884791,1036.3756934118212,1036.3756934118212,316.59072516633944,316.59072516633944,316.59072516633944,316.59072516633944,316.59072516633944,316.59072516633944,0.0,0.0,0.0,1352.9664185781608
9489,1999-09-09,1036.5226914384452,1315.5885827122709,1394.769777063191,1036.5226914384452,1036.5226914384452,316.8201934927539,316.8201934927539,316.8201934927539,316.8201934927539,316.8201934927539,316.8201934927539,0.0,0.0,0.0,1353.342884931199
9490,1999-09-10,1036.6696894650693,1311.7921927899781,1399.821408220351,1036.6696894650693,1036.6696894650693,317.0486131136296,317.0486131136296,317.0486131136296,317.0486131136296,317.0486131136296,317.0486131136296,0.0,0.0,0.0,1353.718302578699
9491,1999-09-13,1037.1106835449411,1316.2566498274032,1395.8086598932975,1037.1106835449411,1037.1106835449411,317.727532759276,317.727532759276,317.727532759276,317.727532759276,317.727532759276,317.727532759276,0.0,0.0,0.0,1354.8382163042172
9492,1999-09-14,1037.2576815715652,1314.459970542902,1394.985583728736,1037.2576815715652,1037.2576815715652,317.95171056159444,317.95171056159444,317.95171056159444,317.95171056159444,317.95171056159444,317.95171056159444,0.0,0.0,0.0,1355.2093921331596
9493,1999-09-15,1037.4046795981892,1316.4068286735371,1398.9100541659116,1037.4046795981892,1037.4046795981892,318.1748161477691,318.1748161477691,318.1748161477691,318.1748161477691,318.1748161477691,318.1748161477691,0.0,0.0,0.0,1355.5794957459584
9494,1999-09-16,1037.5516776248132,1313.1434041923033,1397.5555003193451,1037.5516776248132,1037.5516776248132,318.39684480848763,318.39684480848763,318.39684480848763,318.39684480848763,318.39684480848763,318.39684480848763,0.0,0.0,0.0,1355.948522433301
9495,1999-09-17,1037.6986756514375,1315.0005383877146,1398.247611756156,1037.6986756514375,1037.6986756514375,318.61779183220835,318.61779183220835,318.61779183220835,318.61779183220835,318.61779183220835,318.61779183220835,0.0,0.0,0.0,1356.3164674836457
9496,1999-09-20,1038.1396697313094,1313.5729917454876,1396.7629997341216,1038.1396697313094,1038.1396697313094,319.2740959340699,319.2740959340699,319.2740959340699,319.2740959340699,319.2740959340699,319.2740959340699,0.0,0.0,0.0,1357.4137656653793
9497,1999-09-21,1038.2866677579334,1313.5156753981137,1400.658649741044,1038.2866677579334,1038.2866677579334,319.49066925236554,319.49066925236554,319.49066925236554,319.49066925236554,319.49066925236554,319.49066925236554,0.0,0.0,0.0,1357.7773370102989
9498,1999-09-22,1038.4336657845574,1315.6050901810966,1400.5318358019729,1038.4336657845574,1038.4336657845574,319.7061373450854,319.7061373450854,319.7061373450854,319.7061373450854,319.7061373450854,319.7061373450854,0.0,0.0,0.0,1358.1398031296428
9499,1999-09-23,1038.5806638111815,1314.4673865127297,1397.8844871835643,1038.5806638111815,1038.5806638111815,319.92049548885603,319.92049548885603,319.92049548885603,319.92049548885603,319.92049548885603,319.92049548885603,0.0,0.0,0.0,1358.5011593000374
9500,1999-09-24,1038.7276618378053,1317.9613334997248,1400.0517897023724,1038.7276618378053,1038.7276618378053,320.1337389585926,320.1337389585926,320.1337389585926,320.1337389585926,320.1337389585926,320.1337389585926,0.0,0.0,0.0,1358.861400796398
9501,1999-09-27,1039.1686559176774,1322.5747262156385,1401.1659963818145,1039.1686559176774,1039.1686559176774,320.7667340486611,320.7667340486611,320.7667340486611,320.7667340486611,320.7667340486611,320.7667340486611,0.0,0.0,0.0,1359.9353899663383
9502,1999-09-28,1039.3156539443012,1318.112359064088,1401.0843275641328,1039.3156539443012,1039.3156539443012,320.97547153982265,320.97547153982265,320.97547153982265,320.97547153982265,320.97547153982265,320.97547153982265,0.0,0.0,0.0,1360.2911254841238
9503,1999-09-29,1039.4626519709252,1318.642618653513,1400.5324714488393,1039.4626519709252,1039.4626519709252,321.18307070849727,321.18307070849727,321.18307070849727,321.18307070849727,321.18307070849727,321.18307070849727,0.0,0.0,0.0,1360.6457226794225
9504,1999-09-30,1039.6096499975492,1320.0543938585477,1400.3573093539217,1039.6096499975492,1039.6096499975492,321.3895268209224,321.3895268209224,321.3895268209224,321.3895268209224,321.3895268209224,321.3895268209224,0.0,0.0,0.0,1360.9991768184716
9505,1999-10-01,1039.7566480241735,1319.0275000798865,1400.9681520462743,1039.7566480241735,1039.7566480241735,321.594835142157,321.594835142157,321.594835142157,321.594835142157,321.594835142157,321.594835142157,0.0,0.0,0.0,1361.3514831663306
9506,1999-10-04,1040.1976421040458,1324.1430472890968,1404.7816962227494,1040.1976421040458,1040.1976421040458,322.2038259932856,322.2038259932856,322.2038259932856,322.2038259932856,322.2038259932856,322.2038259932856,0.0,0.0,0.0,1362.4014680973314
9507,1999-10-05,1040.3446401306699,1323.3279006551243,1405.470886945298,1040.3446401306699,1040.3446401306699,322.40449577952785,322.40449577952785,322.40449577952785,322.40449577952785,322.40449577952785,322.40449577952785,0.0,0.0,0.0,1362.7491359101978
9508,1999-10-06,1040.491638157294,1321.0910951789365,1404.214347790279,1040.491638157294,1040.491638157294,322.60399408494266,322.60399408494266,322.60399408494266,322.60399408494266,322.60399408494266,322.60399408494266,0.0,0.0,0.0,1363.0956322422367
9509,1999-10-07,1040.6386361839177,1324.8762643316277,1404.023794869713,1040.6386361839177,1040.6386361839177,322.80231616916626,322.80231616916626,322.80231616916626,322.80231616916626,322.80231616916626,322.80231616916626,0.0,0.0,0.0,1363.440952353084
9510,1999-10-08,1040.7856342105417,1320.9844772774204,1406.6804624334434,1040.7856342105417,1040.7856342105417,322.9994572912065,322.9994572912065,322.9994572912065,322.9994572912065,322.9994572912065,322.9994572912065,0.0,0.0,0.0,1363.7850915017482
9511,1999-10-11,1041.2266282904136,1325.678486040073,1408.0260617287386,1041.2266282904136,1041.2266282904136,323.5837474665984,323.5837474665984,323.5837474665984,323.5837474665984,323.5837474665984,323.5837474665984,0.0,0.0,0.0,1364.810375757012
9512,1999-10-12,1041.3736263170376,1320.764225740912,1406.0460009762794,1041.3736263170376,1041.3736263170376,323.7761173202636,323.7761173202636,323.7761173202636,323.7761173202636,323.7761173202636,323.7761173202636,0.0,0.0,0.0,1365.1497436373013
9513,1999-10-13,1041.5206243436617,1322.8873911719547,1405.2515748935791,1041.5206243436617,1041.5206243436617,323.96728250019663,323.96728250019663,323.96728250019663,323.96728250019663,323.96728250019663,323.96728250019663,0.0,0.0,0.0,1365.4879068438584
9514,1999-10-14,1041.6676223702857,1324.0436761019278,1408.7895189762287,1041.6676223702857,1041.6676223702857,324.157238263336,324.157238263336,324.157238263336,324.157238263336,324.157238263336,324.157238263336,0.0,0.0,0.0,1365.8248606336217
9515,1999-10-15,1041.8146203969095,1325.648776659376,1410.2259586706118,1041.8146203969095,1041.8146203969095,324.34597986655893,324.34597986655893,324.34597986655893,324.34597986655893,324.34597986655893,324.34597986655893,0.0,0.0,0.0,1366.1606002634685
9516,1999-10-18,1042.2556144767818,1325.411018240533,1407.7743575167508,1042.2556144767818,1042.2556144767818,324.9048722863427,324.9048722863427,324.9048722863427,324.9048722863427,324.9048722863427,324.9048722863427,0.0,0.0,0.0,1367.1604867631245
9517,1999-10-19,1042.4026125034059,1326.3851392700967,1407.833530265082,1042.4026125034059,1042.4026125034059,325.0887098203676,325.0887098203676,325.0887098203676,325.0887098203676,325.0887098203676,325.0887098203676,0.0,0.0,0.0,1367.4913223237736
9518,1999-10-20,1042.54961053003,1324.5769983035934,1410.2858104498687,1042.54961053003,1042.54961053003,325.2713094808566,325.2713094808566,325.2713094808566,325.2713094808566,325.2713094808566,325.2713094808566,0.0,0.0,0.0,1367.8209200108865
9519,1999-10-21,1042.696608556654,1325.2315757022393,1411.6412092902935,1042.696608556654,1042.696608556654,325.45266652606665,325.45266652606665,325.45266652606665,325.45266652606665,325.45266652606665,325.45266652606665,0.0,0.0,0.0,1368.1492750827206
9520,1999-10-22,1042.8436065832777,1325.175841646689,1409.4872952517246,1042.8436065832777,1042.8436065832777,325.6327762147768,325.6327762147768,325.6327762147768,325.6327762147768,325.6327762147768,325.6327762147768,0.0,0.0,0.0,1368.4763827980546
9521,1999-10-25,1043.2846006631498,1326.865614185944,1410.101314028591,1043.2846006631498,1043.2846006631498,326.1655737393202,326.1655737393202,326.1655737393202,326.1655737393202,326.1655737393202,326.1655737393202,0.0,0.0,0.0,1369.45017440247
9522,1999-10-26,1043.4315986897736,1328.4343022952203,1414.681243511963,1043.4315986897736,1043.4315986897736,326.34064660324424,326.34064660324424,326.34064660324424,326.34064660324424,326.34064660324424,326.34064660324424,0.0,0.0,0.0,1369.772245293018
9523,1999-10-27,1043.5785967163981,1330.4530368852843,1411.167561699218,1043.5785967163981,1043.5785967163981,326.51444841537545,326.51444841537545,326.51444841537545,326.51444841537545,326.51444841537545,326.51444841537545,0.0,0.0,0.0,1370.0930451317736
9524,1999-10-28,1043.7255947430222,1328.9924386205125,1413.02593630998,1043.7255947430222,1043.7255947430222,326.68697443941466,326.68697443941466,326.68697443941466,326.68697443941466,326.68697443941466,326.68697443941466,0.0,0.0,0.0,1370.4125691824368
9525,1999-10-29,1043.872592769646,1328.9744840328278,1412.1124482118269,1043.872592769646,1043.872592769646,326.8582199401853,326.8582199401853,326.8582199401853,326.8582199401853,326.8582199401853,326.8582199401853,0.0,0.0,0.0,1370.7308127098313
9526,1999-11-01,1044.3135868495183,1329.553111785369,1413.4566670363217,1044.3135868495183,1044.3135868495183,327.3642259697443,327.3642259697443,327.3642259697443,327.3642259697443,327.3642259697443,327.3642259697443,0.0,0.0,0.0,1371.6778128192627
9527,1999-11-02,1044.4605848761423,1330.088129714453,1410.4837634148062,1044.4605848761423,1044.4605848761423,327.5303020511234,327.5303020511234,327.5303020511234,327.5303020511234,327.5303020511234,327.5303020511234,0.0,0.0,0.0,1371.9908869272658
9528,1999-11-03,1044.6075829027664,1330.414161699531,1416.331523083693,1044.6075829027664,1044.6075829027664,327.6950739532051,327.6950739532051,327.6950739532051,327.6950739532051,327.6950739532051,327.6950739532051,0.0,0.0,0.0,1372.3026568559715
9529,1999-11-04,1044.7545809293902,1334.2872617019902,1414.7250792422285,1044.7545809293902,1044.7545809293902,327.858536949369,327.858536949369,327.858536949369,327.858536949369,327.858536949369,327.858536949369,0.0,0.0,0.0,1372.613117878759
9530,1999-11-05,1044.9015789560142,1333.2524440290263,1412.187698964344,1044.9015789560142,1044.9015789560142,328.0206863147286,328.0206863147286,328.0206863147286,328.0206863147286,328.0206863147286,328.0206863147286,0.0,0.0,0.0,1372.9222652707429
9531,1999-11-08,1045.3425730358863,1331.792675656827,1416.09174507876,1045.3425730358863,1045.3425730358863,328.4992054049984,328.4992054049984,328.4992054049984,328.4992054049984,328.4992054049984,328.4992054049984,0.0,0.0,0.0,1373.8417784408848
9532,1999-11-09,1045.48957106251,1332.3686180570728,1416.870845326873,1045.48957106251,1045.48957106251,328.65605303607595,328.65605303607595,328.65605303607595,328.65605303607595,328.65605303607595,328.65605303607595,0.0,0.0,0.0,1374.145624098586
9533,1999-11-10,1045.6365690891341,1333.2934295928299,1415.8106729579843,1045.6365690891341,1045.6365690891341,328.8115634410491,328.8115634410491,328.8115634410491,328.8115634410491,328.8115634410491,328.8115634410491,0.0,0.0,0.0,1374.448132530183
9534,1999-11-11,1045.7835671157582,1334.4037099403017,1414.5657335090025,1045.7835671157582,1045.7835671157582,328.96573190731146,328.96573190731146,328.96573190731146,328.96573190731146,328.96573190731146,328.96573190731146,0.0,0.0,0.0,1374.7492990230696
9535,1999-11-12,1045.9305651423822,1336.5234216323631,1417.9783805592642,1045.9305651423822,1045.9305651423822,329.1185537246195,329.1185537246195,329.1185537246195,329.1185537246195,329.1185537246195,329.1185537246195,0.0,0.0,0.0,1375.0491188670017
9536,1999-11-15,1046.371559222254,1334.6624990129142,1418.855046703759,1046.371559222254,1046.371559222254,329.5688922177148,329.5688922177148,329.5688922177148,329.5688922177148,329.5688922177148,329.5688922177148,0.0,0.0,0.0,1375.940451439969
9537,1999-11-16,1046.5185572488783,1334.3843988375752,1417.0961570361703,1046.5185572488783,1046.5185572488783,329.7162803871884,329.7162803871884,329.7162803871884,329.7162803871884,329.7162803871884,329.7162803871884,0.0,0.0,0.0,1376.2348376360667
9538,1999-11-17,1046.6655552755024,1334.3299691999987,1419.4023321589452,1046.6655552755024,1046.6655552755024,329.8622983951061,329.8622983951061,329.8622983951061,329.8622983951061,329.8622983951061,329.8622983951061,0.0,0.0,0.0,1376.5278536706085
9539,1999-11-18,1046.8125533021264,1334.9016172627678,1415.0996796739162,1046.8125533021264,1046.8125533021264,330.0069415473124,330.0069415473124,330.0069415473124,330.0069415473124,330.0069415473124,330.0069415473124,0.0,0.0,0.0,1376.8194948494388
9540,1999-11-19,1046.9595513287502,1332.7119822317968,1416.374370964036,1046.9595513287502,1046.9595513287502,330.15020515265644,330.15020515265644,330.15020515265644,330.15020515265644,330.15020515265644,330.15020515265644,0.0,0.0,0.0,1377.1097564814067
9541,1999-11-22,1047.4005454086223,1337.5989117816557,1421.912287466134,1047.4005454086223,1047.4005454086223,330.5716718230074,330.5716718230074,330.5716718230074,330.5716718230074,330.5716718230074,330.5716718230074,0.0,0.0,0.0,1377.9722172316297
9542,1999-11-23,1047.5475434352466,1337.4285793248282,1420.8657840578103,1047.5475434352466,1047.5475434352466,330.70937039271683,330.70937039271683,330.70937039271683,330.70937039271683,330.70937039271683,330.70937039271683,0.0,0.0,0.0,1378.2569138279634
9543,1999-11-24,1047.6945414618706,1337.2465311212547,1419.129959099859,1047.6945414618706,1047.6945414618706,330.8456660081199,330.8456660081199,330.8456660081199,330.8456660081199,330.8456660081199,330.8456660081199,0.0,0.0,0.0,1378.5402074699905
9544,1999-11-26,1047.9885375151184,1336.5432502699484,1420.5114784953857,1047.9885375151184,1047.9885375151184,331.11402969498204,331.11402969498204,331.11402969498204,331.11402969498204,331.11402969498204,331.11402969498204,0.0,0.0,0.0,1379.1025672101005
9545,1999-11-29,1048.4295315949905,1339.439596773348,1422.2344167575452,1048.4295315949905,1048.4295315949905,331.50593640960125,331.50593640960125,331.50593640960125,331.50593640960125,331.50593640960125,331.50593640960125,0.0,0.0,0.0,1379.9354680045917
9546,1999-11-30,1048.5765296216143,1335.1336150654902,1421.5566108079515,1048.5765296216143,1048.5765296216143,331.63371633594994,331.63371633594994,331.63371633594994,331.63371633594994,331.63371633594994,331.63371633594994,0.0,0.0,0.0,1380.2102459575642
9547,1999-12-01,1048.7235276482388,1339.4091337877373,1423.8047186613408,1048.7235276482388,1048.7235276482388,331.76006068995156,331.76006068995156,331.76006068995156,331.76006068995156,331.76006068995156,331.76006068995156,0.0,0.0,0.0,1380.4835883381904
9548,1999-12-02,1048.8705256748628,1336.0809339755501,1422.396269408024,1048.8705256748628,1048.8705256748628,331.88496482804277,331.88496482804277,331.88496482804277,331.88496482804277,331.88496482804277,331.88496482804277,0.0,0.0,0.0,1380.7554905029056
9549,1999-12-03,1049.0175237014867,1340.4610939535723,1421.2086434876035,1049.0175237014867,1049.0175237014867,332.00842411098785,332.00842411098785,332.00842411098785,332.00842411098785,332.00842411098785,332.00842411098785,0.0,0.0,0.0,1381.0259478124744
9550,1999-12-06,1049.4585177813588,1340.6005528843627,1426.5098895360925,1049.4585177813588,1049.4585177813588,332.3700865035126,332.3700865035126,332.3700865035126,332.3700865035126,332.3700865035126,332.3700865035126,0.0,0.0,0.0,1381.8286042848713
9551,1999-12-07,1049.6055158079826,1340.9710485500505,1425.6674446808058,1049.6055158079826,1049.6055158079826,332.4877200634267,332.4877200634267,332.4877200634267,332.4877200634267,332.4877200634267,332.4877200634267,0.0,0.0,0.0,1382.0932358714092
9552,1999-12-08,1049.7525138346066,1343.4002096340269,1421.9713017870693,1049.7525138346066,1049.7525138346066,332.60388564029887,332.60388564029887,332.60388564029887,332.60388564029887,332.60388564029887,332.60388564029887,0.0,0.0,0.0,1382.3563994749054
9553,1999-12-09,1049.8995118612306,1340.726803105271,1422.511459803759,1049.8995118612306,1049.8995118612306,332.71857862288664,332.71857862288664,332.71857862288664,332.71857862288664,332.71857862288664,332.71857862288664,0.0,0.0,0.0,1382.6180904841171
9554,1999-12-10,1050.0465098878547,1342.2122243674728,1424.9269319060556,1050.0465098878547,1050.0465098878547,332.83179440495474,332.83179440495474,332.83179440495474,332.83179440495474,332.83179440495474,332.83179440495474,0.0,0.0,0.0,1382.8783042928094
9555,1999-12-13,1050.4875039677265,1342.5426252418856,1424.3594409445934,1050.4875039677265,1050.4875039677265,333.16253256285074,333.16253256285074,333.16253256285074,333.16253256285074,333.16253256285074,333.16253256285074,0.0,0.0,0.0,1383.6500365305774
9556,1999-12-14,1050.6345019943506,1340.8601730137511,1425.1726869287577,1050.6345019943506,1050.6345019943506,333.2697935840606,333.2697935840606,333.2697935840606,333.2697935840606,333.2697935840606,333.2697935840606,0.0,0.0,0.0,1383.9042955784112
9557,1999-12-15,1050.7815000209746,1344.083946558034,1425.8383740567986,1050.7815000209746,1050.7815000209746,333.3755544521174,333.3755544521174,333.3755544521174,333.3755544521174,333.3755544521174,333.3755544521174,0.0,0.0,0.0,1384.157054473092
9558,1999-12-16,1050.9284980475989,1345.3915937726777,1428.7563467000748,1050.9284980475989,1050.9284980475989,333.4798105928949,333.4798105928949,333.4798105928949,333.4798105928949,333.4798105928949,333.4798105928949,0.0,0.0,0.0,1384.4083086404937
9559,1999-12-17,1051.0754960742229,1343.2033033327455,1426.4687138047095,1051.0754960742229,1051.0754960742229,333.58255743796525,333.58255743796525,333.58255743796525,333.58255743796525,333.58255743796525,333.58255743796525,0.0,0.0,0.0,1384.6580535121882
9560,1999-12-20,1051.516490154095,1347.324827202268,1427.4849231660476,1051.516490154095,1051.516490154095,333.88169660222223,333.88169660222223,333.88169660222223,333.88169660222223,333.88169660222223,333.88169660222223,0.0,0.0,0.0,1385.3981867563173
9561,1999-12-21,1051.663488180719,1344.7037196953233,1424.5496306465134,1051.663488180719,1051.663488180719,333.9783606976435,333.9783606976435,333.9783606976435,333.9783606976435,333.9783606976435,333.9783606976435,0.0,0.0,0.0,1385.6418488783625
9562,1999-12-22,1051.810486207343,1346.4234573906344,1430.001975937573,1051.810486207343,1051.810486207343,334.0734927441891,334.0734927441891,334.0734927441891,334.0734927441891,334.0734927441891,334.0734927441891,0.0,0.0,0.0,1385.883978951532
9563,1999-12-23,1051.957484233967,1344.6180891549998,1427.0870853983085,1051.957484233967,1051.957484233967,334.167088209722,334.167088209722,334.167088209722,334.167088209722,334.167088209722,334.167088209722,0.0,0.0,0.0,1386.124572443689
9564,1999-12-27,1052.545476340463,1346.1366506637253,1428.7350270417633,1052.545476340463,1052.545476340463,334.52601384513383,334.52601384513383,334.52601384513383,334.52601384513383,334.52601384513383,334.52601384513383,0.0,0.0,0.0,1387.0714901855968
9565,1999-12-28,1052.692474367087,1346.8927074409535,1424.370184286862,1052.692474367087,1052.692474367087,334.6118586511147,334.6118586511147,334.6118586511147,334.6118586511147,334.6118586511147,334.6118586511147,0.0,0.0,0.0,1387.3043330182018
9566,1999-12-29,1052.8394723937108,1343.240994712066,1430.273144634637,1052.8394723937108,1052.8394723937108,334.69613982122155,334.69613982122155,334.69613982122155,334.69613982122155,334.69613982122155,334.69613982122155,0.0,0.0,0.0,1387.5356122149324
9567,1999-12-30,1052.9864704203349,1347.477707832847,1429.7111401913805,1052.9864704203349,1052.9864704203349,334.77885287025333,334.77885287025333,334.77885287025333,334.77885287025333,334.77885287025333,334.77885287025333,0.0,0.0,0.0,1387.7653232905882
9568,1999-12-31,1053.1334684469591,1347.816837128641,1428.1698287210206,1053.1334684469591,1053.1334684469591,334.8599933201218,334.8599933201218,334.8599933201218,334.8599933201218,334.8599933201218,334.8599933201218,0.0,0.0,0.0,1387.993461767081
9569,2000-01-03,1053.5744625268312,1344.653679245684,1427.731821251882,1053.5744625268312,1053.5744625268312,335.093934402713,335.093934402713,335.093934402713,335.093934402713,335.093934402713,335.093934402713,0.0,0.0,0.0,1388.668396929544
9570,2000-01-04,1053.721460553455,1347.4598271004397,1431.0193972042457,1053.721460553455,1053.721460553455,335.16873982089675,335.16873982089675,335.16873982089675,335.16873982089675,335.16873982089675,335.16873982089675,0.0,0.0,0.0,1388.8902003743517
9571,2000-01-05,1053.868458580079,1346.7346123042234,1429.591572762466,1053.868458580079,1053.868458580079,335.2419503597652,335.2419503597652,335.2419503597652,335.2419503597652,335.2419503597652,335.2419503597652,0.0,0.0,0.0,1389.1104089398443
9572,2000-01-06,1054.015456606703,1347.9569291636885,1431.1686402834403,1054.015456606703,1054.015456606703,335.31356158606695,335.31356158606695,335.31356158606695,335.31356158606695,335.31356158606695,335.31356158606695,0.0,0.0,0.0,1389.32901819277
9573,2000-01-07,1054.1624546333271,1348.222170554824,1429.5224492713678,1054.1624546333271,1054.1624546333271,335.3835690743856,335.3835690743856,335.3835690743856,335.3835690743856,335.3835690743856,335.3835690743856,0.0,0.0,0.0,1389.5460237077127
9574,2000-01-10,1054.603448713199,1349.5469098756257,1432.1360216701487,1054.603448713199,1054.603448713199,335.58392497697577,335.58392497697577,335.58392497697577,335.58392497697577,335.58392497697577,335.58392497697577,0.0,0.0,0.0,1390.1873736901748
9575,2000-01-11,1054.7504467398232,1347.4600526414845,1430.431920487572,1054.7504467398232,1054.7504467398232,335.6474734195224,335.6474734195224,335.6474734195224,335.6474734195224,335.6474734195224,335.6474734195224,0.0,0.0,0.0,1390.3979201593456
9576,2000-01-12,1054.8974447664473,1351.5347679274907,1430.5566312474941,1054.8974447664473,1054.8974447664473,335.7093961181587,335.7093961181587,335.7093961181587,335.7093961181587,335.7093961181587,335.7093961181587,0.0,0.0,0.0,1390.6068408846058
9577,2000-01-13,1055.0444427930713,1349.4581804565837,1431.6657854598789,1055.0444427930713,1055.0444427930713,335.76968869666047,335.76968869666047,335.76968869666047,335.76968869666047,335.76968869666047,335.76968869666047,0.0,0.0,0.0,1390.8141314897318
9578,2000-01-14,1055.1914408196953,1351.6121171512511,1433.1867494596188,1055.1914408196953,1055.1914408196953,335.82834678736776,335.82834678736776,335.82834678736776,335.82834678736776,335.82834678736776,335.82834678736776,0.0,0.0,0.0,1391.019787607063
9579,2000-01-18,1055.7794329261915,1349.1853767482908,1432.9301170108056,1055.7794329261915,1055.7794329261915,336.0465472246899,336.0465472246899,336.0465472246899,336.0465472246899,336.0465472246899,336.0465472246899,0.0,0.0,0.0,1391.8259801508814
9580,2000-01-19,1055.9264309528155,1352.126575230906,1434.8127500134992,1055.9264309528155,1055.9264309528155,336.09696766863505,336.09696766863505,336.09696766863505,336.09696766863505,336.09696766863505,336.09696766863505,0.0,0.0,0.0,1392.0233986214505
9581,2000-01-20,1056.0734289794395,1348.3720827077684,1434.3796020269363,1056.0734289794395,1056.0734289794395,336.1457276045661,336.1457276045661,336.1457276045661,336.1457276045661,336.1457276045661,336.1457276045661,0.0,0.0,0.0,1392.2191565840058
9582,2000-01-21,1056.2204270060636,1351.4804785070103,1437.2601374613823,1056.2204270060636,1056.2204270060636,336.19282272772006,336.19282272772006,336.19282272772006,336.19282272772006,336.19282272772006,336.19282272772006,0.0,0.0,0.0,1392.4132497337837
9583,2000-01-24,1056.6614210859354,1350.8023993874488,1434.7314393159709,1056.6614210859354,1056.6614210859354,336.3240763146493,336.3240763146493,336.3240763146493,336.3240763146493,336.3240763146493,336.3240763146493,0.0,0.0,0.0,1392.9854974005848
9584,2000-01-25,1056.8084191125595,1353.2254945908871,1433.4500617211859,1056.8084191125595,1056.8084191125595,336.36446932881927,336.36446932881927,336.36446932881927,336.36446932881927,336.36446932881927,336.36446932881927,0.0,0.0,0.0,1393.1728884413787
9585,2000-01-26,1056.9554171391833,1351.615982251496,1432.535619378672,1056.9554171391833,1056.9554171391833,336.40317614964147,336.40317614964147,336.40317614964147,336.40317614964147,336.40317614964147,336.40317614964147,0.0,0.0,0.0,1393.3585932888247
9586,2000-01-27,1057.1024151658073,1351.8632966054938,1435.8767009377048,1057.1024151658073,1057.1024151658073,336.44019253039426,336.44019253039426,336.44019253039426,336.44019253039426,336.44019253039426,336.44019253039426,0.0,0.0,0.0,1393.5426076962017
9587,2000-01-28,1057.2494131924313,1352.5288566529603,1435.2246584764562,1057.2494131924313,1057.2494131924313,336.4755142344026,336.4755142344026,336.4755142344026,336.4755142344026,336.4755142344026,336.4755142344026,0.0,0.0,0.0,1393.724927426834
9588,2000-01-31,1057.6904072723037,1353.309965491369,1437.6623243692993,1057.6904072723037,1057.6904072723037,336.5712690721461,336.5712690721461,336.5712690721461,336.5712690721461,336.5712690721461,336.5712690721461,0.0,0.0,0.0,1394.2616763444498
9589,2000-02-01,1057.8374052989277,1353.0315998738731,1438.2313963891656,1057.8374052989277,1057.8374052989277,336.5997699070903,336.5997699070903,336.5997699070903,336.5997699070903,336.5997699070903,336.5997699070903,0.0,0.0,0.0,1394.437175206018
9590,2000-02-02,1057.9844033255515,1354.7697946921035,1435.625651024517,1057.9844033255515,1057.9844033255515,336.6265550363505,336.6265550363505,336.6265550363505,336.6265550363505,336.6265550363505,336.6265550363505,0.0,0.0,0.0,1394.610958361902
9591,2000-02-03,1058.1314013521755,1353.7345250360636,1438.7714830940545,1058.1314013521755,1058.1314013521755,336.6516202857764,336.6516202857764,336.6516202857764,336.6516202857764,336.6516202857764,336.6516202857764,0.0,0.0,0.0,1394.783021637952
9592,2000-02-04,1058.2783993787996,1355.119948026179,1435.2619722458023,1058.2783993787996,1058.2783993787996,336.67496149201315,336.67496149201315,336.67496149201315,336.67496149201315,336.67496149201315,336.67496149201315,0.0,0.0,0.0,1394.9533608708127
9593,2000-02-07,1058.719393458672,1354.6641168522979,1433.756638252365,1058.719393458672,1058.719393458672,336.73459938225386,336.73459938225386,336.73459938225386,336.73459938225386,336.73459938225386,336.73459938225386,0.0,0.0,0.0,1395.4539928409258
9594,2000-02-08,1058.866391485296,1355.7851953920858,1434.316833517254,1058.866391485296,1058.866391485296,336.7510030018873,336.7510030018873,336.7510030018873,336.7510030018873,336.7510030018873,336.7510030018873,0.0,0.0,0.0,1395.6173944871832
9595,2000-02-09,1059.0133895119197,1352.684319128436,1435.0486139315906,1059.0133895119197,1059.0133895119197,336.7656619272744,336.7656619272744,336.7656619272744,336.7656619272744,336.7656619272744,336.7656619272744,0.0,0.0,0.0,1395.779051439194
9596,2000-02-10,1059.1603875385438,1354.0611637122165,1434.8107923688026,1059.1603875385438,1059.1603875385438,336.778572062101,336.778572062101,336.778572062101,336.778572062101,336.778572062101,336.778572062101,0.0,0.0,0.0,1395.9389596006447
9597,2000-02-11,1059.3073855651678,1354.1968819200195,1435.6444044576099,1059.3073855651678,1059.3073855651678,336.78972932160445,336.78972932160445,336.78972932160445,336.78972932160445,336.78972932160445,336.78972932160445,0.0,0.0,0.0,1396.0971148867723
9598,2000-02-14,1059.7483796450401,1355.7214585241604,1436.0812729832671,1059.7483796450401,1059.7483796450401,336.8126431760917,336.8126431760917,336.8126431760917,336.8126431760917,336.8126431760917,336.8126431760917,0.0,0.0,0.0,1396.5610228211317
9599,2000-02-15,1059.895377671664,1355.081280232038,1439.2316398142955,1059.895377671664,1059.895377671664,336.8167483214902,336.8167483214902,336.8167483214902,336.8167483214902,336.8167483214902,336.8167483214902,0.0,0.0,0.0,1396.7121259931541
9600,2000-02-16,1060.042375698288,1357.307424972923,1438.0469433838182,1060.042375698288,1060.042375698288,336.81908034481074,336.81908034481074,336.81908034481074,336.81908034481074,336.81908034481074,336.81908034481074,0.0,0.0,0.0,1396.8614560430988
9601,2000-02-17,1060.189373724912,1354.9068913321307,1439.3425676263341,1060.189373724912,1060.189373724912,336.8196352328734,336.8196352328734,336.8196352328734,336.8196352328734,336.8196352328734,336.8196352328734,0.0,0.0,0.0,1397.0090089577855
9602,2000-02-18,1060.336371751536,1357.3770332630133,1436.0898242571634,1060.336371751536,1060.336371751536,336.8184089848074,336.8184089848074,336.8184089848074,336.8184089848074,336.8184089848074,336.8184089848074,0.0,0.0,0.0,1397.1547807363434
9603,2000-02-22,1060.924363858032,1355.9337404637588,1437.610373156128,1060.924363858032,1060.924363858032,336.79561305079596,336.79561305079596,336.79561305079596,336.79561305079596,336.79561305079596,336.79561305079596,0.0,0.0,0.0,1397.719976908828
9604,2000-02-23,1061.071361884656,1354.6008024454898,1439.1094834514886,1061.071361884656,1061.071361884656,336.7854215474993,336.7854215474993,336.7854215474993,336.7854215474993,336.7854215474993,336.7854215474993,0.0,0.0,0.0,1397.8567834321552
9605,2000-02-24,1061.2183599112798,1356.807050658068,1442.7349621444696,1061.2183599112798,1061.2183599112798,336.77342516745546,336.77342516745546,336.77342516745546,336.77342516745546,336.77342516745546,336.77342516745546,0.0,0.0,0.0,1397.9917850787351
9606,2000-02-25,1061.3653579379038,1356.0876907424092,1438.2236310204328,1061.3653579379038,1061.3653579379038,336.7596199990108,336.7596199990108,336.7596199990108,336.7596199990108,336.7596199990108,336.7596199990108,0.0,0.0,0.0,1398.1249779369145
9607,2000-02-28,1061.8063520177757,1357.931122532325,1439.8641543757717,1061.8063520177757,1061.8063520177757,336.7073128451079,336.7073128451079,336.7073128451079,336.7073128451079,336.7073128451079,336.7073128451079,0.0,0.0,0.0,1398.5136648628836
9608,2000-02-29,1061.9533500444002,1359.2791744211945,1440.175986479131,1061.9533500444002,1061.9533500444002,336.68623367178196,336.68623367178196,336.68623367178196,336.68623367178196,336.68623367178196,336.68623367178196,0.0,0.0,0.0,1398.6395837161822
9609,2000-03-01,1062.100348071024,1356.2576447328838,1443.509485366916,1062.100348071024,1062.100348071024,336.66332635168476,336.66332635168476,336.66332635168476,336.66332635168476,336.66332635168476,336.66332635168476,0.0,0.0,0.0,1398.7636744227088
9610,2000-03-02,1062.247346097648,1359.952197450957,1439.7410550031848,1062.247346097648,1062.247346097648,336.6385870538845,336.6385870538845,336.6385870538845,336.6385870538845,336.6385870538845,336.6385870538845,0.0,0.0,0.0,1398.8859331515325
9611,2000-03-03,1062.394344124272,1355.5198173820509,1440.749678593935,1062.394344124272,1062.394344124272,336.6120119612858,336.6120119612858,336.6120119612858,336.6120119612858,336.6120119612858,336.6120119612858,0.0,0.0,0.0,1399.0063560855579
9612,2000-03-06,1062.8353382041444,1356.4035544918077,1442.2713845010928,1062.8353382041444,1062.8353382041444,336.5212339535744,336.5212339535744,336.5212339535744,336.5212339535744,336.5212339535744,336.5212339535744,0.0,0.0,0.0,1399.3565721577188
9613,2000-03-07,1062.9823362307684,1356.8817841930902,1440.4308111291814,1062.9823362307684,1062.9823362307684,336.4872777913642,336.4872777913642,336.4872777913642,336.4872777913642,336.4872777913642,336.4872777913642,0.0,0.0,0.0,1399.4696140221326
9614,2000-03-08,1063.1293342573922,1356.2903863982076,1439.3348809918243,1063.1293342573922,1063.1293342573922,336.45146696023664,336.45146696023664,336.45146696023664,336.45146696023664,336.45146696023664,336.45146696023664,0.0,0.0,0.0,1399.580801217629
9615,2000-03-09,1063.2763322840162,1355.2255612694341,1441.0764858707166,1063.2763322840162,1063.2763322840162,336.413797728404,336.413797728404,336.413797728404,336.413797728404,336.413797728404,336.413797728404,0.0,0.0,0.0,1399.6901300124202
9616,2000-03-10,1063.4233303106403,1360.2552311346979,1444.0476584044081,1063.4233303106403,1063.4233303106403,336.374266378679,336.374266378679,336.374266378679,336.374266378679,336.374266378679,336.374266378679,0.0,0.0,0.0,1399.7975966893193
9617,2000-03-13,1063.8643243905121,1362.140821134101,1442.761556250442,1063.8643243905121,1063.8643243905121,336.24446267157924,336.24446267157924,336.24446267157924,336.24446267157924,336.24446267157924,336.24446267157924,0.0,0.0,0.0,1400.1087870620913
9618,2000-03-14,1064.0113224171362,1357.8857837111761,1441.643602563612,1064.0113224171362,1064.0113224171362,336.197445974245,336.197445974245,336.197445974245,336.197445974245,336.197445974245,336.197445974245,0.0,0.0,0.0,1400.2087683913812
9619,2000-03-15,1064.1583204437604,1358.1500312899213,1439.3061097371078,1064.1583204437604,1064.1583204437604,336.14854879591184,336.14854879591184,336.14854879591184,336.14854879591184,336.14854879591184,336.14854879591184,0.0,0.0,0.0,1400.3068692396723
9620,2000-03-16,1064.3053184703845,1360.4624967889335,1440.6367721568954,1064.3053184703845,1064.3053184703845,336.0977675092886,336.0977675092886,336.0977675092886,336.0977675092886,336.0977675092886,336.0977675092886,0.0,0.0,0.0,1400.403085979673
9621,2000-03-17,1064.4523164970085,1362.5626154763227,1442.198049000137,1064.4523164970085,1064.4523164970085,336.0450985024491,336.0450985024491,336.0450985024491,336.0450985024491,336.0450985024491,336.0450985024491,0.0,0.0,0.0,1400.4974149994575
9622,2000-03-20,1064.8933105768804,1358.8085007011819,1443.1115784456674,1064.8933105768804,1064.8933105768804,335.87572927413703,335.87572927413703,335.87572927413703,335.87572927413703,335.87572927413703,335.87572927413703,0.0,0.0,0.0,1400.7690398510174
9623,2000-03-21,1065.0403086035044,1360.2016996694933,1442.0334846875155,1065.0403086035044,1065.0403086035044,335.8154735782884,335.8154735782884,335.8154735782884,335.8154735782884,335.8154735782884,335.8154735782884,0.0,0.0,0.0,1400.8557821817928
9624,2000-03-22,1065.1873066301284,1355.8221771585079,1445.7898748501984,1065.1873066301284,1065.1873066301284,335.75331233688513,335.75331233688513,335.75331233688513,335.75331233688513,335.75331233688513,335.75331233688513,0.0,0.0,0.0,1400.9406189670135
9625,2000-03-23,1065.3343046567522,1358.5944733754243,1442.087614772509,1065.3343046567522,1065.3343046567522,335.6892420324809,335.6892420324809,335.6892420324809,335.6892420324809,335.6892420324809,335.6892420324809,0.0,0.0,0.0,1401.0235466892332
9626,2000-03-24,1065.4813026833763,1360.897903561043,1442.3322498570142,1065.4813026833763,1065.4813026833763,335.62325916375835,335.62325916375835,335.62325916375835,335.62325916375835,335.62325916375835,335.62325916375835,0.0,0.0,0.0,1401.1045618471346
9627,2000-03-27,1065.9222967632486,1359.6687969683526,1442.2351767365528,1065.9222967632486,1065.9222967632486,335.41380040271133,335.41380040271133,335.41380040271133,335.41380040271133,335.41380040271133,335.41380040271133,0.0,0.0,0.0,1401.33609716596
9628,2000-03-28,1066.0692947898726,1357.0996302681838,1443.6871206236285,1066.0692947898726,1066.0692947898726,335.34013258991126,335.34013258991126,335.34013258991126,335.34013258991126,335.34013258991126,335.34013258991126,0.0,0.0,0.0,1401.409427379784
9629,2000-03-29,1066.2162928164967,1360.2132509811454,1442.9781028987134,1066.2162928164967,1066.2162928164967,335.2645349519351,335.2645349519351,335.2645349519351,335.2645349519351,335.2645349519351,335.2645349519351,0.0,0.0,0.0,1401.4808277684317
9630,2000-03-30,1066.3632908431205,1360.5563012803407,1443.865480345346,1066.3632908431205,1066.3632908431205,335.18700408651966,335.18700408651966,335.18700408651966,335.18700408651966,335.18700408651966,335.18700408651966,0.0,0.0,0.0,1401.5502949296401
9631,2000-03-31,1066.510288869745,1360.5149628568015,1444.314125950092,1066.510288869745,1066.510288869745,335.10753660829005,335.10753660829005,335.10753660829005,335.10753660829005,335.10753660829005,335.10753660829005,0.0,0.0,0.0,1401.617825478035
9632,2000-04-03,1066.9512829496168,1357.1407641502065,1440.2021004386884,1066.9512829496168,1066.9512829496168,334.8574808985829,334.8574808985829,334.8574808985829,334.8574808985829,334.8574808985829,334.8574808985829,0.0,0.0,0.0,1401.8087638481998
9633,2000-04-04,1067.0982809762409,1359.614585154545,1446.5607502538057,1067.0982809762409,1067.0982809762409,334.77023345692714,334.77023345692714,334.77023345692714,334.77023345692714,334.77023345692714,334.77023345692714,0.0,0.0,0.0,1401.868514433168
9634,2000-04-05,1067.245279002865,1361.0173455952201,1442.7173032222709,1067.245279002865,1067.245279002865,334.681032732714,334.681032732714,334.681032732714,334.681032732714,334.681032732714,334.681032732714,0.0,0.0,0.0,1401.926311735579
9635,2000-04-06,1067.3922770294887,1359.2119710216512,1444.7497969745664,1067.3922770294887,1067.3922770294887,334.5898754441799,334.5898754441799,334.5898754441799,334.5898754441799,334.5898754441799,334.5898754441799,0.0,0.0,0.0,1401.9821524736685
9636,2000-04-07,1067.5392750561127,1359.5379431695749,1442.9886229665658,1067.5392750561127,1067.5392750561127,334.49675832720646,334.49675832720646,334.49675832720646,334.49675832720646,334.49675832720646,334.49675832720646,0.0,0.0,0.0,1402.0360333833191
9637,2000-04-10,1067.9802691359846,1361.9799971811694,1445.4666467115744,1067.9802691359846,1067.9802691359846,334.2056156314406,334.2056156314406,334.2056156314406,334.2056156314406,334.2056156314406,334.2056156314406,0.0,0.0,0.0,1402.1858847674253
9638,2000-04-11,1068.1272671626086,1359.6764338391454,1444.1614647428808,1068.1272671626086,1068.1272671626086,334.10462691624326,334.10462691624326,334.10462691624326,334.10462691624326,334.10462691624326,334.10462691624326,0.0,0.0,0.0,1402.2318940788518
9639,2000-04-12,1068.2742651892327,1360.803943262873,1440.6727285198403,1068.2742651892327,1068.2742651892327,334.00166232049173,334.00166232049173,334.00166232049173,334.00166232049173,334.00166232049173,334.00166232049173,0.0,0.0,0.0,1402.2759275097244
9640,2000-04-13,1068.4212632158567,1359.1150751501473,1446.0530367358335,1068.4212632158567,1068.4212632158567,333.89671868821205,333.89671868821205,333.89671868821205,333.89671868821205,333.89671868821205,333.89671868821205,0.0,0.0,0.0,1402.3179819040688
9641,2000-04-14,1068.5682612424805,1362.5523382491242,1444.130622863802,1068.5682612424805,1068.5682612424805,333.7897928818293,333.7897928818293,333.7897928818293,333.7897928818293,333.7897928818293,333.7897928818293,0.0,0.0,0.0,1402.3580541243098
9642,2000-04-17,1069.0092553223528,1361.2247547722588,1445.1681068240464,1069.0092553223528,1069.0092553223528,333.45709132055765,333.45709132055765,333.45709132055765,333.45709132055765,333.45709132055765,333.45709132055765,0.0,0.0,0.0,1402.4663466429106
9643,2000-04-18,1069.1562533489769,1360.1686884086068,1446.2401783916764,1069.1562533489769,1069.1562533489769,333.3422058137573,333.3422058137573,333.3422058137573,333.3422058137573,333.3422058137573,333.3422058137573,0.0,0.0,0.0,1402.4984591627342
9644,2000-04-19,1069.303251375601,1359.2709297548597,1444.1612677362582,1069.303251375601,1069.303251375601,333.225322724722,333.225322724722,333.225322724722,333.225322724722,333.225322724722,333.225322724722,0.0,0.0,0.0,1402.5285741003229
9645,2000-04-20,1069.450249402225,1360.3735181344182,1446.2564321589748,1069.450249402225,1069.450249402225,333.10643902852297,333.10643902852297,333.10643902852297,333.10643902852297,333.10643902852297,333.10643902852297,0.0,0.0,0.0,1402.556688430748
9646,2000-04-24,1070.038241508721,1363.3727103299914,1442.7864182552723,1070.038241508721,1070.038241508721,332.610838345875,332.610838345875,332.610838345875,332.610838345875,332.610838345875,332.610838345875,0.0,0.0,0.0,1402.649079854596
9647,2000-04-25,1070.185239535345,1360.6421734364442,1442.8367546645586,1070.185239535345,1070.185239535345,332.48190691377937,332.48190691377937,332.48190691377937,332.48190691377937,332.48190691377937,332.48190691377937,0.0,0.0,0.0,1402.6671464491244
9648,2000-04-26,1070.3322375619691,1360.6324804883564,1441.5066043586576,1070.3322375619691,1070.3322375619691,332.3509571307467,332.3509571307467,332.3509571307467,332.3509571307467,332.3509571307467,332.3509571307467,0.0,0.0,0.0,1402.683194692716
9649,2000-04-27,1070.479235588593,1358.8224985611582,1444.8091613094352,1070.479235588593,1070.479235588593,332.2179861081053,332.2179861081053,332.2179861081053,332.2179861081053,332.2179861081053,332.2179861081053,0.0,0.0,0.0,1402.6972216966983
9650,2000-04-28,1070.626233615217,1360.4858107994214,1443.1301019280563,1070.626233615217,1070.626233615217,332.08299097707044,332.08299097707044,332.08299097707044,332.08299097707044,332.08299097707044,332.08299097707044,0.0,0.0,0.0,1402.7092245922875
9651,2000-05-01,1071.0672276950893,1360.5349597183044,1441.7751507060807,1071.0672276950893,1071.0672276950893,331.66583254628176,331.66583254628176,331.66583254628176,331.66583254628176,331.66583254628176,331.66583254628176,0.0,0.0,0.0,1402.733060241371
9652,2000-05-02,1071.2142257217133,1359.0679881470912,1445.7416020233486,1071.2142257217133,1071.2142257217133,331.52271269526074,331.52271269526074,331.52271269526074,331.52271269526074,331.52271269526074,331.52271269526074,0.0,0.0,0.0,1402.736938416974
9653,2000-05-03,1071.3612237483374,1362.927751046006,1442.4958523891091,1071.3612237483374,1071.3612237483374,331.3775546939168,331.3775546939168,331.3775546939168,331.3775546939168,331.3775546939168,331.3775546939168,0.0,0.0,0.0,1402.7387784422542
9654,2000-05-04,1071.5082217749612,1363.7846044099197,1445.4895128233688,1071.5082217749612,1071.5082217749612,331.230355794996,331.230355794996,331.230355794996,331.230355794996,331.230355794996,331.230355794996,0.0,0.0,0.0,1402.7385775699572
9655,2000-05-05,1071.6552198015852,1363.583022160333,1444.8057611591498,1071.6552198015852,1071.6552198015852,331.08111327186407,331.08111327186407,331.08111327186407,331.08111327186407,331.08111327186407,331.08111327186407,0.0,0.0,0.0,1402.7363330734493
9656,2000-05-08,1072.096213881457,1362.5712073828902,1444.204505122291,1072.096213881457,1072.096213881457,330.6210970023575,330.6210970023575,330.6210970023575,330.6210970023575,330.6210970023575,330.6210970023575,0.0,0.0,0.0,1402.7173108838147
9657,2000-05-09,1072.243211908081,1358.5285978114077,1443.5170433400135,1072.243211908081,1072.243211908081,330.46365313209225,330.46365313209225,330.46365313209225,330.46365313209225,330.46365313209225,330.46365313209225,0.0,0.0,0.0,1402.7068650401734
9658,2000-05-10,1072.3902099347051,1362.138657549777,1446.6795686069797,1072.3902099347051,1072.3902099347051,330.30415231738857,330.30415231738857,330.30415231738857,330.30415231738857,330.30415231738857,330.30415231738857,0.0,0.0,0.0,1402.6943622520937
9659,2000-05-11,1072.5372079613292,1361.9819368057167,1445.1546560868937,1072.5372079613292,1072.5372079613292,330.14259195751316,330.14259195751316,330.14259195751316,330.14259195751316,330.14259195751316,330.14259195751316,0.0,0.0,0.0,1402.6797999188423
9660,2000-05-12,1072.6842059879532,1361.3655500674909,1442.0374102747137,1072.6842059879532,1072.6842059879532,329.97896947307555,329.97896947307555,329.97896947307555,329.97896947307555,329.97896947307555,329.97896947307555,0.0,0.0,0.0,1402.6631754610287
9661,2000-05-15,1073.1252000678253,1362.5815799213374,1445.7252165268674,1073.1252000678253,1073.1252000678253,329.47570380081123,329.47570380081123,329.47570380081123,329.47570380081123,329.47570380081123,329.47570380081123,0.0,0.0,0.0,1402.6009038686366
9662,2000-05-16,1073.2721980944493,1362.0549553078545,1445.3655732282248,1073.2721980944493,1073.2721980944493,329.3038074546991,329.3038074546991,329.3038074546991,329.3038074546991,329.3038074546991,329.3038074546991,0.0,0.0,0.0,1402.5760055491485
9663,2000-05-17,1073.4191961210734,1362.0238978811187,1447.6152440508713,1073.4191961210734,1073.4191961210734,329.12983641082144,329.12983641082144,329.12983641082144,329.12983641082144,329.12983641082144,329.12983641082144,0.0,0.0,0.0,1402.5490325318947
9664,2000-05-18,1073.5661941476974,1361.3044291213391,1446.4429918842088,1073.5661941476974,1073.5661941476974,328.9537882200003,328.9537882200003,328.9537882200003,328.9537882200003,328.9537882200003,328.9537882200003,0.0,0.0,0.0,1402.5199823676976
9665,2000-05-19,1073.7131921743216,1362.2717501638047,1444.4380743879667,1073.7131921743216,1073.7131921743216,328.77566045511395,328.77566045511395,328.77566045511395,328.77566045511395,328.77566045511395,328.77566045511395,0.0,0.0,0.0,1402.4888526294355
9666,2000-05-22,1074.1541862541935,1360.4310281412106,1441.712194130473,1074.1541862541935,1074.1541862541935,328.2287757778352,328.2287757778352,328.2287757778352,328.2287757778352,328.2287757778352,328.2287757778352,0.0,0.0,0.0,1402.3829620320287
9667,2000-05-23,1074.3011842808176,1360.7117104122738,1445.823007017524,1074.3011842808176,1074.3011842808176,328.04230589015697,328.04230589015697,328.04230589015697,328.04230589015697,328.04230589015697,328.04230589015697,0.0,0.0,0.0,1402.3434901709745
9668,2000-05-24,1074.4481823074416,1357.3375894838086,1440.8627686773984,1074.4481823074416,1074.4481823074416,327.85374462719676,327.85374462719676,327.85374462719676,327.85374462719676,327.85374462719676,327.85374462719676,0.0,0.0,0.0,1402.3019269346382
9669,2000-05-25,1074.5951803340656,1360.23503766748,1442.1141716168624,1074.5951803340656,1074.5951803340656,327.66308969629,327.66308969629,327.66308969629,327.66308969629,327.66308969629,327.66308969629,0.0,0.0,0.0,1402.2582700303556
9670,2000-05-26,1074.7421783606894,1364.1837545489034,1447.4581374283143,1074.7421783606894,1074.7421783606894,327.47033882753226,327.47033882753226,327.47033882753226,327.47033882753226,327.47033882753226,327.47033882753226,0.0,0.0,0.0,1402.2125171882217
9671,2000-05-30,1075.3301704671858,1362.0167289928831,1444.8400080354716,1075.3301704671858,1075.3301704671858,326.67833137802404,326.67833137802404,326.67833137802404,326.67833137802404,326.67833137802404,326.67833137802404,0.0,0.0,0.0,1402.0085018452098
9672,2000-05-31,1075.4771684938098,1358.937383198867,1441.5847497238035,1075.4771684938098,1075.4771684938098,326.4750675749499,326.4750675749499,326.4750675749499,326.4750675749499,326.4750675749499,326.4750675749499,0.0,0.0,0.0,1401.9522360687597
9673,2000-06-01,1075.6241665204336,1358.4486035556977,1441.3477422525084,1075.6241665204336,1075.6241665204336,326.2696946980813,326.2696946980813,326.2696946980813,326.2696946980813,326.2696946980813,326.2696946980813,0.0,0.0,0.0,1401.893861218515
9674,2000-06-02,1075.7711645470577,1362.6163211941812,1444.2505300043408,1075.7711645470577,1075.7711645470577,326.0622106395933,326.0622106395933,326.0622106395933,326.0622106395933,326.0622106395933,326.0622106395933,0.0,0.0,0.0,1401.833375186651
9675,2000-06-05,1076.2121586269297,1358.626818799794,1439.7075759155175,1076.2121586269297,1076.2121586269297,325.4270706499294,325.4270706499294,325.4270706499294,325.4270706499294,325.4270706499294,325.4270706499294,0.0,0.0,0.0,1401.6392292768592
9676,2000-06-06,1076.3591566535536,1359.0768823739459,1443.0291837807833,1076.3591566535536,1076.3591566535536,325.2111212590821,325.2111212590821,325.2111212590821,325.2111212590821,325.2111212590821,325.2111212590821,0.0,0.0,0.0,1401.5702779126357
9677,2000-06-07,1076.5061546801776,1360.6636556762094,1442.9388893697705,1076.5061546801776,1076.5061546801776,324.99305050261404,324.99305050261404,324.99305050261404,324.99305050261404,324.99305050261404,324.99305050261404,0.0,0.0,0.0,1401.4992051827917
9678,2000-06-08,1076.6531527068016,1360.7773582298164,1441.0705099953395,1076.6531527068016,1076.6531527068016,324.7728564154248,324.7728564154248,324.7728564154248,324.7728564154248,324.7728564154248,324.7728564154248,0.0,0.0,0.0,1401.4260091222263
9679,2000-06-09,1076.8001507334257,1361.8079594400174,1441.9048435458412,1076.8001507334257,1076.8001507334257,324.5505370565385,324.5505370565385,324.5505370565385,324.5505370565385,324.5505370565385,324.5505370565385,0.0,0.0,0.0,1401.350687789964
9680,2000-06-12,1077.2411448132978,1360.796057687105,1444.1222047464219,1077.2411448132978,1077.2411448132978,323.87080830379756,323.87080830379756,323.87080830379756,323.87080830379756,323.87080830379756,323.87080830379756,0.0,0.0,0.0,1401.1119531170953
9681,2000-06-13,1077.3881428399218,1358.43789099089,1442.5614166800258,1077.3881428399218,1077.3881428399218,323.6399689341714,323.6399689341714,323.6399689341714,323.6399689341714,323.6399689341714,323.6399689341714,0.0,0.0,0.0,1401.0281117740933
9682,2000-06-14,1077.5351408665458,1360.3892620074585,1440.8001720506218,1077.5351408665458,1077.5351408665458,323.40699495315204,323.40699495315204,323.40699495315204,323.40699495315204,323.40699495315204,323.40699495315204,0.0,0.0,0.0,1400.9421358196978
9683,2000-06-15,1077.68213889317,1358.9888440054424,1442.7097850701193,1077.68213889317,1077.68213889317,323.1718845664963,323.1718845664963,323.1718845664963,323.1718845664963,323.1718845664963,323.1718845664963,0.0,0.0,0.0,1400.8540234596665
9684,2000-06-16,1077.829136919794,1358.5862834346779,1442.2777218599535,1077.829136919794,1077.829136919794,322.93463600474627,322.93463600474627,322.93463600474627,322.93463600474627,322.93463600474627,322.93463600474627,0.0,0.0,0.0,1400.7637729245403
9685,2000-06-19,1078.270130999666,1359.2936180840334,1444.3002572714345,1078.270130999666,1078.270130999666,322.21004394807323,322.21004394807323,322.21004394807323,322.21004394807323,322.21004394807323,322.21004394807323,0.0,0.0,0.0,1400.4801749477392
9686,2000-06-20,1078.41712902629,1359.952112175145,1441.814858923171,1078.41712902629,1078.41712902629,321.96422549030683,321.96422549030683,321.96422549030683,321.96422549030683,321.96422549030683,321.96422549030683,0.0,0.0,0.0,1400.3813545165967
9687,2000-06-21,1078.564127052914,1356.3938815399067,1438.7348757060056,1078.564127052914,1078.564127052914,321.7162603851674,321.7162603851674,321.7162603851674,321.7162603851674,321.7162603851674,321.7162603851674,0.0,0.0,0.0,1400.2803874380816
9688,2000-06-22,1078.711125079538,1358.809897475659,1440.0581653561749,1078.711125079538,1078.711125079538,321.4661470138461,321.4661470138461,321.4661470138461,321.4661470138461,321.4661470138461,321.4661470138461,0.0,0.0,0.0,1400.177272093384
9689,2000-06-23,1078.8581231061619,1359.2590536490839,1442.1047734343006,1078.8581231061619,1078.8581231061619,321.21388378296183,321.21388378296183,321.21388378296183,321.21388378296183,321.21388378296183,321.21388378296183,0.0,0.0,0.0,1400.0720068891237
9690,2000-06-26,1079.299117186034,1358.5820464892956,1440.297028848339,1079.299117186034,1079.299117186034,320.4441793824611,320.4441793824611,320.4441793824611,320.4441793824611,320.4441793824611,320.4441793824611,0.0,0.0,0.0,1399.743296568495
9691,2000-06-27,1079.446115212658,1355.961458682669,1438.1116071234492,1079.446115212658,1079.446115212658,320.1833012912607,320.1833012912607,320.1833012912607,320.1833012912607,320.1833012912607,320.1833012912607,0.0,0.0,0.0,1399.6294165039187
9692,2000-06-28,1079.5931132392818,1356.6881907561444,1440.8325241953642,1079.5931132392818,1079.5931132392818,319.9202657581853,319.9202657581853,319.9202657581853,319.9202657581853,319.9202657581853,319.9202657581853,0.0,0.0,0.0,1399.513378997467
9693,2000-06-29,1079.7401112659063,1358.9093129654664,1438.1918817440408,1079.7401112659063,1079.7401112659063,319.6550713443178,319.6550713443178,319.6550713443178,319.6550713443178,319.6550713443178,319.6550713443178,0.0,0.0,0.0,1399.395182610224
9694,2000-06-30,1079.88710929253,1357.9894394926032,1442.2304500390471,1079.88710929253,1079.88710929253,319.38771663679626,319.38771663679626,319.38771663679626,319.38771663679626,319.38771663679626,319.38771663679626,0.0,0.0,0.0,1399.2748259293264
9695,2000-07-03,1080.3281033724022,1357.2907105730742,1443.3021824960992,1080.3281033724022,1080.3281033724022,318.5726770163789,318.5726770163789,318.5726770163789,318.5726770163789,318.5726770163789,318.5726770163789,0.0,0.0,0.0,1398.9007803887812
9696,2000-07-05,1080.62209942565,1358.5521422604972,1441.5283774639727,1080.62209942565,1080.62209942565,318.01849107919975,318.01849107919975,318.01849107919975,318.01849107919975,318.01849107919975,318.01849107919975,0.0,0.0,0.0,1398.6405905048498
9697,2000-07-06,1080.769097452274,1359.0098963011767,1437.9448415124762,1080.769097452274,1080.769097452274,317.7381464098354,317.7381464098354,317.7381464098354,317.7381464098354,317.7381464098354,317.7381464098354,0.0,0.0,0.0,1398.5072438621096
9698,2000-07-07,1080.9160954788981,1356.2068635209596,1437.703352661072,1080.9160954788981,1080.9160954788981,317.45563229369833,317.45563229369833,317.45563229369833,317.45563229369833,317.45563229369833,317.45563229369833,0.0,0.0,0.0,1398.3717277725964
9699,2000-07-10,1081.3570895587704,1358.2263087809024,1440.1898869452793,1081.3570895587704,1081.3570895587704,316.5950613861353,316.5950613861353,316.5950613861353,316.5950613861353,316.5950613861353,316.5950613861353,0.0,0.0,0.0,1397.9521509449057
9700,2000-07-11,1081.5040875853942,1354.828258300983,1436.3734535084063,1081.5040875853942,1081.5040875853942,316.30385773890555,316.30385773890555,316.30385773890555,316.30385773890555,316.30385773890555,316.30385773890555,0.0,0.0,0.0,1397.8079453243
9701,2000-07-12,1081.6510856120183,1358.698404292521,1438.497487241104,1081.6510856120183,1081.6510856120183,316.0104789077077,316.0104789077077,316.0104789077077,316.0104789077077,316.0104789077077,316.0104789077077,0.0,0.0,0.0,1397.661564519726
9702,2000-07-13,1081.7980836386423,1354.8411883879821,1438.7244462053977,1081.7980836386423,1081.7980836386423,315.71492382627974,315.71492382627974,315.71492382627974,315.71492382627974,315.71492382627974,315.71492382627974,0.0,0.0,0.0,1397.513007464922
9703,2000-07-14,1081.9450816652666,1357.5887180320074,1439.5593949547842,1081.9450816652666,1081.9450816652666,315.4171914556131,315.4171914556131,315.4171914556131,315.4171914556131,315.4171914556131,315.4171914556131,0.0,0.0,0.0,1397.3622731208798
9704,2000-07-17,1082.3860757451384,1355.549783908497,1440.8609401068788,1082.3860757451384,1082.3860757451384,314.5109206286153,314.5109206286153,314.5109206286153,314.5109206286153,314.5109206286153,314.5109206286153,0.0,0.0,0.0,1396.8969963737536
9705,2000-07-18,1082.5330737717625,1355.6029279402464,1442.4512387401544,1082.5330737717625,1082.5330737717625,314.204469258844,314.204469258844,314.204469258844,314.204469258844,314.204469258844,314.204469258844,0.0,0.0,0.0,1396.7375430306065
9706,2000-07-19,1082.6800717983865,1352.9385695957467,1436.8670324748452,1082.6800717983865,1082.6800717983865,313.89583581645957,313.89583581645957,313.89583581645957,313.89583581645957,313.89583581645957,313.89583581645957,0.0,0.0,0.0,1396.575907614846
9707,2000-07-20,1082.8270698250105,1357.100640659846,1434.9481127100178,1082.8270698250105,1082.8270698250105,313.5850194276893,313.5850194276893,313.5850194276893,313.5850194276893,313.5850194276893,313.5850194276893,0.0,0.0,0.0,1396.4120892526998
9708,2000-07-21,1082.9740678516346,1355.5983104934244,1439.5330283907913,1082.9740678516346,1082.9740678516346,313.2720192465826,313.2720192465826,313.2720192465826,313.2720192465826,313.2720192465826,313.2720192465826,0.0,0.0,0.0,1396.2460870982172
9709,2000-07-24,1083.4150619315064,1353.796367371033,1436.0199735205736,1083.4150619315064,1083.4150619315064,312.31990790871976,312.31990790871976,312.31990790871976,312.31990790871976,312.31990790871976,312.31990790871976,0.0,0.0,0.0,1395.7349698402263
9710,2000-07-25,1083.5620599581305,1354.3694557159579,1437.7372365518888,1083.5620599581305,1083.5620599581305,311.99816465795743,311.99816465795743,311.99816465795743,311.99816465795743,311.99816465795743,311.99816465795743,0.0,0.0,0.0,1395.560224616088
9711,2000-07-26,1083.7090579847543,1354.4100056078664,1435.044815690394,1083.7090579847543,1083.7090579847543,311.67423380519176,311.67423380519176,311.67423380519176,311.67423380519176,311.67423380519176,311.67423380519176,0.0,0.0,0.0,1395.383291789946
9712,2000-07-27,1083.8560560113783,1356.7340494984353,1432.315268352259,1083.8560560113783,1083.8560560113783,311.34811467305275,311.34811467305275,311.34811467305275,311.34811467305275,311.34811467305275,311.34811467305275,0.0,0.0,0.0,1395.2041706844311
9713,2000-07-28,1084.0030540380023,1352.75076038688,1434.4235952081797,1084.0030540380023,1084.0030540380023,311.01980661253964,311.01980661253964,311.01980661253964,311.01980661253964,311.01980661253964,311.01980661253964,0.0,0.0,0.0,1395.022860650542
9714,2000-07-31,1084.4440481178747,1352.7985292807243,1437.2297896986215,1084.4440481178747,1084.4440481178747,310.02174279785396,310.02174279785396,310.02174279785396,310.02174279785396,310.02174279785396,310.02174279785396,0.0,0.0,0.0,1394.4657909157286
9715,2000-08-01,1084.5910461444987,1354.2806515534294,1440.002677719783,1084.5910461444987,1084.5910461444987,309.6846731038444,309.6846731038444,309.6846731038444,309.6846731038444,309.6846731038444,309.6846731038444,0.0,0.0,0.0,1394.2757192483432
9716,2000-08-02,1084.7380441711225,1351.7048750531303,1433.4516632754435,1084.7380441711225,1084.7380441711225,309.3454116646244,309.3454116646244,309.3454116646244,309.3454116646244,309.3454116646244,309.3454116646244,0.0,0.0,0.0,1394.083455835747
9717,2000-08-03,1084.885042197747,1351.8017067721405,1435.1735833683492,1084.885042197747,1084.885042197747,309.00395800298446,309.00395800298446,309.00395800298446,309.00395800298446,309.00395800298446,309.00395800298446,0.0,0.0,0.0,1393.8890002007315
9718,2000-08-04,1085.0320402243708,1353.5875146678288,1429.8197628470077,1085.0320402243708,1085.0320402243708,308.6603116706057,308.6603116706057,308.6603116706057,308.6603116706057,308.6603116706057,308.6603116706057,0.0,0.0,0.0,1393.6923518949766
9719,2000-08-07,1085.473034304243,1352.6031325216393,1433.5601397457694,1085.473034304243,1085.473034304243,307.61621260076015,307.61621260076015,307.61621260076015,307.61621260076015,307.61621260076015,307.61621260076015,0.0,0.0,0.0,1393.0892469050032
9720,2000-08-08,1085.6200323308667,1351.7998978629996,1435.902357727716,1085.6200323308667,1085.6200323308667,307.263791682618,307.263791682618,307.263791682618,307.263791682618,307.263791682618,307.263791682618,0.0,0.0,0.0,1392.8838240134846
9721,2000-08-09,1085.7670303574907,1352.9736389169948,1432.7822846683143,1085.7670303574907,1085.7670303574907,306.9091762880537,306.9091762880537,306.9091762880537,306.9091762880537,306.9091762880537,306.9091762880537,0.0,0.0,0.0,1392.6762066455444
9722,2000-08-10,1085.9140283841148,1353.1272287383454,1433.5100225966794,1085.9140283841148,1085.9140283841148,306.5523661436107,306.5523661436107,306.5523661436107,306.5523661436107,306.5523661436107,306.5523661436107,0.0,0.0,0.0,1392.4663945277255
9723,2000-08-11,1086.0610264107388,1350.017141786431,1433.4239421073999,1086.0610264107388,1086.0610264107388,306.1933610052229,306.1933610052229,306.1933610052229,306.1933610052229,306.1933610052229,306.1933610052229,0.0,0.0,0.0,1392.2543874159617
9724,2000-08-14,1086.5020204906111,1351.3955719041132,1432.1900487218024,1086.5020204906111,1086.5020204906111,305.1031736280593,305.1031736280593,305.1031736280593,305.1031736280593,305.1031736280593,305.1031736280593,0.0,0.0,0.0,1391.6051941186704
9725,2000-08-15,1086.649018517235,1351.0586850445031,1431.5434655806625,1086.649018517235,1086.649018517235,304.7353866634776,304.7353866634776,304.7353866634776,304.7353866634776,304.7353866634776,304.7353866634776,0.0,0.0,0.0,1391.3844051807125
9726,2000-08-16,1086.796016543859,1352.329131756793,1432.8370832814485,1086.796016543859,1086.796016543859,304.36540392789993,304.36540392789993,304.36540392789993,304.36540392789993,304.36540392789993,304.36540392789993,0.0,0.0,0.0,1391.161420471759
9727,2000-08-17,1086.943014570483,1350.211177272333,1434.329430934607,1086.943014570483,1086.943014570483,303.9932253550452,303.9932253550452,303.9932253550452,303.9932253550452,303.9932253550452,303.9932253550452,0.0,0.0,0.0,1390.9362399255283
9728,2000-08-18,1087.090012597107,1350.650399030835,1433.0747506843218,1087.090012597107,1087.090012597107,303.61885090849654,303.61885090849654,303.61885090849654,303.61885090849654,303.61885090849654,303.61885090849654,0.0,0.0,0.0,1390.7088635056036
9729,2000-08-21,1087.531006676979,1349.2917455576787,1431.255376995542,1087.531006676979,1087.531006676979,302.48255241189275,302.48255241189275,302.48255241189275,302.48255241189275,302.48255241189275,302.48255241189275,0.0,0.0,0.0,1390.0135590888717
9730,2000-08-22,1087.678004703603,1350.5014091848434,1430.5799337966382,1087.678004703603,1087.678004703603,302.09939470601057,302.09939470601057,302.09939470601057,302.09939470601057,302.09939470601057,302.09939470601057,0.0,0.0,0.0,1389.7773994096135
9731,2000-08-23,1087.825002730227,1346.3949472675708,1428.3929280812326,1087.825002730227,1087.825002730227,301.71404139461924,301.71404139461924,301.71404139461924,301.71404139461924,301.71404139461924,301.71404139461924,0.0,0.0,0.0,1389.5390441248462
9732,2000-08-24,1087.9720007568508,1348.6959081669352,1430.6946800996163,1087.9720007568508,1087.9720007568508,301.32649262185623,301.32649262185623,301.32649262185623,301.32649262185623,301.32649262185623,301.32649262185623,0.0,0.0,0.0,1389.298493378707
9733,2000-08-25,1088.1189987834748,1346.4556635956221,1430.7021109523803,1088.1189987834748,1088.1189987834748,300.9367485621715,300.9367485621715,300.9367485621715,300.9367485621715,300.9367485621715,300.9367485621715,0.0,0.0,0.0,1389.0557473456463
9734,2000-08-28,1088.5599928633471,1348.760598384713,1430.7041562964607,1088.5599928633471,1088.5599928633471,299.7543468621061,299.7543468621061,299.7543468621061,299.7543468621061,299.7543468621061,299.7543468621061,0.0,0.0,0.0,1388.3143397254532
9735,2000-08-29,1088.7069908899712,1350.123094720283,1430.8449082855916,1088.7069908899712,1088.7069908899712,299.3558240076782,299.3558240076782,299.3558240076782,299.3558240076782,299.3558240076782,299.3558240076782,0.0,0.0,0.0,1388.0628148976493
9736,2000-08-30,1088.8539889165954,1345.8388063282812,1428.4729450474706,1088.8539889165954,1088.8539889165954,298.95510719543995,298.95510719543995,298.95510719543995,298.95510719543995,298.95510719543995,298.95510719543995,0.0,0.0,0.0,1387.8090961120354
9737,2000-08-31,1089.0009869432195,1345.669237149605,1429.4310287484154,1089.0009869432195,1089.0009869432195,298.5521967830014,298.5521967830014,298.5521967830014,298.5521967830014,298.5521967830014,298.5521967830014,0.0,0.0,0.0,1387.5531837262208
9738,2000-09-01,1089.1479849698433,1346.5105885303856,1429.6377337964668,1089.1479849698433,1089.1479849698433,298.1470931587133,298.1470931587133,298.1470931587133,298.1470931587133,298.1470931587133,298.1470931587133,0.0,0.0,0.0,1387.2950781285565
9739,2000-09-05,1089.7359770763394,1345.2607033190502,1429.819314779955,1089.7359770763394,1089.7359770763394,296.5047553889861,296.5047553889861,296.5047553889861,296.5047553889861,296.5047553889861,296.5047553889861,0.0,0.0,0.0,1386.2407324653254
9740,2000-09-06,1089.8829751029632,1344.0003687025057,1425.6448661868671,1089.8829751029632,1089.8829751029632,296.08869261042565,296.08869261042565,296.08869261042565,296.08869261042565,296.08869261042565,296.08869261042565,0.0,0.0,0.0,1385.9716677133888
9741,2000-09-07,1090.0299731295872,1342.7830604353555,1426.0053047078395,1090.0299731295872,1090.0299731295872,295.6704395987431,295.6704395987431,295.6704395987431,295.6704395987431,295.6704395987431,295.6704395987431,0.0,0.0,0.0,1385.7004127283303
9742,2000-09-08,1090.1769711562113,1344.039773755495,1425.3183754929184,1090.1769711562113,1090.1769711562113,295.24999695902346,295.24999695902346,295.24999695902346,295.24999695902346,295.24999695902346,295.24999695902346,0.0,0.0,0.0,1385.4269681152348
9743,2000-09-11,1090.6179652360831,1341.9859676473286,1429.262270267017,1090.6179652360831,1090.6179652360831,293.9755377905148,293.9755377905148,293.9755377905148,293.9755377905148,293.9755377905148,293.9755377905148,0.0,0.0,0.0,1384.593503026598
9744,2000-09-12,1090.7649632627074,1343.2742814760188,1425.9914138894617,1090.7649632627074,1090.7649632627074,293.54634331390537,293.54634331390537,293.54634331390537,293.54634331390537,293.54634331390537,293.54634331390537,0.0,0.0,0.0,1384.3113065766129
9745,2000-09-13,1090.9119612893314,1346.0629847981695,1425.733925502001,1090.9119612893314,1090.9119612893314,293.1149627034586,293.1149627034586,293.1149627034586,293.1149627034586,293.1149627034586,293.1149627034586,0.0,0.0,0.0,1384.02692399279
9746,2000-09-14,1091.0589593159555,1341.2426231276966,1421.331299238172,1091.0589593159555,1091.0589593159555,292.68139675213166,292.68139675213166,292.68139675213166,292.68139675213166,292.68139675213166,292.68139675213166,0.0,0.0,0.0,1383.740356068087
9747,2000-09-15,1091.2059573425795,1343.6890685500305,1423.113618411386,1091.2059573425795,1091.2059573425795,292.24564628438,292.24564628438,292.24564628438,292.24564628438,292.24564628438,292.24564628438,0.0,0.0,0.0,1383.4516036269595
9748,2000-09-18,1091.6469514224514,1344.0362980267914,1423.9168946632317,1091.6469514224514,1091.6469514224514,290.92529650052404,290.92529650052404,290.92529650052404,290.92529650052404,290.92529650052404,290.92529650052404,0.0,0.0,0.0,1382.5722479229753
9749,2000-09-19,1091.7939494490754,1340.1404759952677,1424.249056050681,1091.7939494490754,1091.7939494490754,290.4808168431677,290.4808168431677,290.4808168431677,290.4808168431677,290.4808168431677,290.4808168431677,0.0,0.0,0.0,1382.2747662922432
9750,2000-09-20,1091.9409474756994,1341.2630638444807,1423.2005177328297,1091.9409474756994,1091.9409474756994,290.03415726574946,290.03415726574946,290.03415726574946,290.03415726574946,290.03415726574946,290.03415726574946,0.0,0.0,0.0,1381.9751047414488
9751,2000-09-21,1092.0879455023232,1341.085814971243,1423.9099145843218,1092.0879455023232,1092.0879455023232,289.58531878269383,289.58531878269383,289.58531878269383,289.58531878269383,289.58531878269383,289.58531878269383,0.0,0.0,0.0,1381.673264285017
9752,2000-09-22,1092.2349435289477,1342.7677036494051,1419.2485625173283,1092.2349435289477,1092.2349435289477,289.1343024402536,289.1343024402536,289.1343024402536,289.1343024402536,289.1343024402536,289.1343024402536,0.0,0.0,0.0,1381.3692459692013
9753,2000-09-25,1092.6759376088196,1339.0596495447858,1424.1073216218401,1092.6759376088196,1092.6759376088196,287.7681971974892,287.7681971974892,287.7681971974892,287.7681971974892,287.7681971974892,287.7681971974892,0.0,0.0,0.0,1380.4441348063087
9754,2000-09-26,1092.8229356354436,1339.7070101181318,1421.856896575455,1092.8229356354436,1092.8229356354436,287.30848051813024,287.30848051813024,287.30848051813024,287.30848051813024,287.30848051813024,287.30848051813024,0.0,0.0,0.0,1380.1314161535738
9755,2000-09-27,1092.969933662068,1336.969225603988,1425.0709631050702,1092.969933662068,1092.969933662068,286.8465916896046,286.8465916896046,286.8465916896046,286.8465916896046,286.8465916896046,286.8465916896046,0.0,0.0,0.0,1379.8165253516725
9756,2000-09-28,1093.116931688692,1338.895451034709,1419.4412888910451,1093.116931688692,1093.116931688692,286.38253195004876,286.38253195004876,286.38253195004876,286.38253195004876,286.38253195004876,286.38253195004876,0.0,0.0,0.0,1379.4994636387407
9757,2000-09-29,1093.263929715316,1338.553230092031,1422.8724315246295,1093.263929715316,1093.263929715316,285.91630256973065,285.91630256973065,285.91630256973065,285.91630256973065,285.91630256973065,285.91630256973065,0.0,0.0,0.0,1379.1802322850467
9758,2000-10-02,1093.7049237951878,1334.0061163053442,1417.5381855661442,1093.7049237951878,1093.7049237951878,284.50460976966906,284.50460976966906,284.50460976966906,284.50460976966906,284.50460976966906,284.50460976966906,0.0,0.0,0.0,1378.2095335648569
9759,2000-10-03,1093.8519218218119,1335.2970995038181,1417.513865405871,1093.8519218218119,1093.8519218218119,284.0297151729788,284.0297151729788,284.0297151729788,284.0297151729788,284.0297151729788,284.0297151729788,0.0,0.0,0.0,1377.8816369947906
9760,2000-10-04,1093.9989198484357,1334.6826690907765,1417.4308960691917,1093.9989198484357,1093.9989198484357,283.5526577702069,283.5526577702069,283.5526577702069,283.5526577702069,283.5526577702069,283.5526577702069,0.0,0.0,0.0,1377.5515776186426
9761,2000-10-05,1094.1459178750597,1335.3496658418305,1417.396222370544,1094.1459178750597,1094.1459178750597,283.07343902523303,283.07343902523303,283.07343902523303,283.07343902523303,283.07343902523303,283.07343902523303,0.0,0.0,0.0,1377.2193569002927
9762,2000-10-06,1094.2929159016837,1336.0772298719692,1416.4537841576891,1094.2929159016837,1094.2929159016837,282.5920604343349,282.5920604343349,282.5920604343349,282.5920604343349,282.5920604343349,282.5920604343349,0.0,0.0,0.0,1376.8849763360186
9763,2000-10-09,1094.7339099815556,1334.5945628521051,1419.1953348382976,1094.7339099815556,1094.7339099815556,281.13498103564564,281.13498103564564,281.13498103564564,281.13498103564564,281.13498103564564,281.13498103564564,0.0,0.0,0.0,1375.8688910172013
9764,2000-10-10,1094.8809080081796,1334.0500016282335,1418.3468921686363,1094.8809080081796,1094.8809080081796,280.6449786731045,280.6449786731045,280.6449786731045,280.6449786731045,280.6449786731045,280.6449786731045,0.0,0.0,0.0,1375.5258866812842
9765,2000-10-11,1095.0279060348037,1332.4526652896875,1415.3676574976384,1095.0279060348037,1095.0279060348037,280.15282443328454,280.15282443328454,280.15282443328454,280.15282443328454,280.15282443328454,280.15282443328454,0.0,0.0,0.0,1375.1807304680883
9766,2000-10-12,1095.174904061428,1334.8967033330923,1420.6858640191715,1095.174904061428,1095.174904061428,279.65852000760844,279.65852000760844,279.65852000760844,279.65852000760844,279.65852000760844,279.65852000760844,0.0,0.0,0.0,1374.8334240690365
9767,2000-10-13,1095.321902088052,1332.585278789172,1418.8906759748363,1095.321902088052,1095.321902088052,279.1620671201355,279.1620671201355,279.1620671201355,279.1620671201355,279.1620671201355,279.1620671201355,0.0,0.0,0.0,1374.4839692081873
9768,2000-10-16,1095.7628961679238,1330.8329734198999,1417.4149744287577,1095.7628961679238,1095.7628961679238,277.65983541778127,277.65983541778127,277.65983541778127,277.65983541778127,277.65983541778127,277.65983541778127,0.0,0.0,0.0,1373.4227315857052
9769,2000-10-17,1095.9098941945479,1331.1881168831464,1415.6852914117433,1095.9098941945479,1095.9098941945479,277.1548065776005,277.1548065776005,277.1548065776005,277.1548065776005,277.1548065776005,277.1548065776005,0.0,0.0,0.0,1373.0647007721484
9770,2000-10-18,1096.0568922211721,1329.9632210720338,1413.628376018673,1096.0568922211721,1096.0568922211721,276.6476383865934,276.6476383865934,276.6476383865934,276.6476383865934,276.6476383865934,276.6476383865934,0.0,0.0,0.0,1372.7045306077655
9771,2000-10-19,1096.2038902477962,1329.492994863822,1414.6028754285503,1096.2038902477962,1096.2038902477962,276.13833276529766,276.13833276529766,276.13833276529766,276.13833276529766,276.13833276529766,276.13833276529766,0.0,0.0,0.0,1372.3422230130939
9772,2000-10-20,1096.3508882744202,1331.4542470578401,1411.3090299613818,1096.3508882744202,1096.3508882744202,275.62689166709407,275.62689166709407,275.62689166709407,275.62689166709407,275.62689166709407,275.62689166709407,0.0,0.0,0.0,1371.9777799415142
9773,2000-10-23,1096.791882354292,1328.886163711519,1413.2161379399638,1096.791882354292,1096.791882354292,274.0797755380715,274.0797755380715,274.0797755380715,274.0797755380715,274.0797755380715,274.0797755380715,0.0,0.0,0.0,1370.8716578923636
9774,2000-10-24,1096.938880380916,1326.3992555376612,1408.929453635977,1096.938880380916,1096.938880380916,273.55981272386634,273.55981272386634,273.55981272386634,273.55981272386634,273.55981272386634,273.55981272386634,0.0,0.0,0.0,1370.4986931047824
9775,2000-10-25,1097.0858784075401,1326.863159952247,1410.3508624444316,1097.0858784075401,1097.0858784075401,273.03772469324224,273.03772469324224,273.03772469324224,273.03772469324224,273.03772469324224,273.03772469324224,0.0,0.0,0.0,1370.1236031007825
9776,2000-10-26,1097.232876434164,1329.4579344355432,1410.8734424392974,1097.232876434164,1097.232876434164,272.51351359718984,272.51351359718984,272.51351359718984,272.51351359718984,272.51351359718984,272.51351359718984,0.0,0.0,0.0,1369.7463900313537
9777,2000-10-27,1097.3798744607884,1329.668725624921,1410.923369032342,1097.3798744607884,1097.3798744607884,271.98718161971334,271.98718161971334,271.98718161971334,271.98718161971334,271.98718161971334,271.98718161971334,0.0,0.0,0.0,1369.3670560805017
9778,2000-10-30,1097.8208685406603,1328.7993532520395,1412.231303143562,1097.8208685406603,1097.8208685406603,270.3954827344865,270.3954827344865,270.3954827344865,270.3954827344865,270.3954827344865,270.3954827344865,0.0,0.0,0.0,1368.2163512751467
9779,2000-10-31,1097.9678665672843,1325.284563053484,1409.4997323890748,1097.9678665672843,1097.9678665672843,269.8606897324402,269.8606897324402,269.8606897324402,269.8606897324402,269.8606897324402,269.8606897324402,0.0,0.0,0.0,1367.8285562997246
9780,2000-11-01,1098.1148645939084,1324.2278994563562,1405.8237889656118,1098.1148645939084,1098.1148645939084,269.32378726497984,269.32378726497984,269.32378726497984,269.32378726497984,269.32378726497984,269.32378726497984,0.0,0.0,0.0,1367.438651858888
9781,2000-11-02,1098.2618626205322,1325.4720372413997,1405.482045943701,1098.2618626205322,1098.2618626205322,268.78477771464316,268.78477771464316,268.78477771464316,268.78477771464316,268.78477771464316,268.78477771464316,0.0,0.0,0.0,1367.0466403351752
9782,2000-11-03,1098.4088606471562,1323.246374750474,1407.542777203237,1098.4088606471562,1098.4088606471562,268.24366349712045,268.24366349712045,268.24366349712045,268.24366349712045,268.24366349712045,268.24366349712045,0.0,0.0,0.0,1366.6525241442766
9783,2000-11-06,1098.849854727028,1325.7185350129103,1407.409456690972,1098.849854727028,1098.849854727028,266.6077174959817,266.6077174959817,266.6077174959817,266.6077174959817,266.6077174959817,266.6077174959817,0.0,0.0,0.0,1365.4575722230097
9784,2000-11-07,1098.996852753652,1326.2163195862909,1404.4961547583923,1098.996852753652,1098.996852753652,266.05820943025384,266.05820943025384,266.05820943025384,266.05820943025384,266.05820943025384,266.05820943025384,0.0,0.0,0.0,1365.0550621839059
9785,2000-11-08,1099.1438507802761,1323.2514581262776,1405.9373162363527,1099.1438507802761,1099.1438507802761,265.5066092736515,265.5066092736515,265.5066092736515,265.5066092736515,265.5066092736515,265.5066092736515,0.0,0.0,0.0,1364.6504600539276
9786,2000-11-09,1099.2908488069002,1320.773564439365,1406.6155372341107,1099.2908488069002,1099.2908488069002,264.95291964111277,264.95291964111277,264.95291964111277,264.95291964111277,264.95291964111277,264.95291964111277,0.0,0.0,0.0,1364.2437684480128
9787,2000-11-10,1099.4378468335244,1320.0484788074332,1406.3486227973185,1099.4378468335244,1099.4378468335244,264.39714318082866,264.39714318082866,264.39714318082866,264.39714318082866,264.39714318082866,264.39714318082866,0.0,0.0,0.0,1363.834990014353
9788,2000-11-13,1099.8788409133963,1318.1140698249349,1404.8925069349646,1099.8788409133963,1099.8788409133963,262.7173198144709,262.7173198144709,262.7173198144709,262.7173198144709,262.7173198144709,262.7173198144709,0.0,0.0,0.0,1362.5961607278673
9789,2000-11-14,1100.0258389400208,1317.5297177533994,1401.464559824527,1100.0258389400208,1100.0258389400208,262.1532231905997,262.1532231905997,262.1532231905997,262.1532231905997,262.1532231905997,262.1532231905997,0.0,0.0,0.0,1362.1790621306204
9790,2000-11-15,1100.1728369666446,1317.4354958241224,1405.647468839134,1100.1728369666446,1100.1728369666446,261.58705347913923,261.58705347913923,261.58705347913923,261.58705347913923,261.58705347913923,261.58705347913923,0.0,0.0,0.0,1361.7598904457839
9791,2000-11-16,1100.3198349932686,1319.560091088544,1401.4435727055154,1100.3198349932686,1100.3198349932686,261.018813528029,261.018813528029,261.018813528029,261.018813528029,261.018813528029,261.018813528029,0.0,0.0,0.0,1361.3386485212977
9792,2000-11-17,1100.4668330198926,1320.0060084147171,1402.7095692180123,1100.4668330198926,1100.4668330198926,260.44850621852163,260.44850621852163,260.44850621852163,260.44850621852163,260.44850621852163,260.44850621852163,0.0,0.0,0.0,1360.9153392384142
9793,2000-11-20,1100.9078270997645,1317.7928970713467,1398.3944686841235,1100.9078270997645,1100.9078270997645,258.72520945213154,258.72520945213154,258.72520945213154,258.72520945213154,258.72520945213154,258.72520945213154,0.0,0.0,0.0,1359.633036551896
9794,2000-11-21,1101.0548251263886,1316.3102674484214,1399.4783531281498,1101.0548251263886,1101.0548251263886,258.1466621882221,258.1466621882221,258.1466621882221,258.1466621882221,258.1466621882221,258.1466621882221,0.0,0.0,0.0,1359.2014873146106
9795,2000-11-22,1101.2018231530126,1319.893871128153,1402.603970419476,1101.2018231530126,1101.2018231530126,257.5660624721985,257.5660624721985,257.5660624721985,257.5660624721985,257.5660624721985,257.5660624721985,0.0,0.0,0.0,1358.767885625211
9796,2000-11-24,1101.4958192062604,1311.8794638241402,1397.208874080026,1101.4958192062604,1101.4958192062604,256.39871804229773,256.39871804229773,256.39871804229773,256.39871804229773,256.39871804229773,256.39871804229773,0.0,0.0,0.0,1357.8945372485582
9797,2000-11-27,1101.9368132861327,1313.1084566600168,1393.2822531723184,1101.9368132861327,1101.9368132861327,254.6323861225431,254.6323861225431,254.6323861225431,254.6323861225431,254.6323861225431,254.6323861225431,0.0,0.0,0.0,1356.5691994086758
9798,2000-11-28,1102.0838113127568,1314.4106338464205,1396.1825651335646,1102.0838113127568,1102.0838113127568,254.0395375680269,254.0395375680269,254.0395375680269,254.0395375680269,254.0395375680269,254.0395375680269,0.0,0.0,0.0,1356.1233488807836
9799,2000-11-29,1102.2308093393808,1313.9226620832906,1399.9355354144147,1102.2308093393808,1102.2308093393808,253.444658830716,253.444658830716,253.444658830716,253.444658830716,253.444658830716,253.444658830716,0.0,0.0,0.0,1355.6754681700968
9800,2000-11-30,1102.3778073660046,1313.7432895551588,1397.2413948862197,1102.3778073660046,1102.3778073660046,252.8477532253332,252.8477532253332,252.8477532253332,252.8477532253332,252.8477532253332,252.8477532253332,0.0,0.0,0.0,1355.2255605913379
9801,2000-12-01,1102.5248053926287,1315.7321594778948,1398.0648792188786,1102.5248053926287,1102.5248053926287,252.24882409993387,252.24882409993387,252.24882409993387,252.24882409993387,252.24882409993387,252.24882409993387,0.0,0.0,0.0,1354.7736294925626
9802,2000-12-04,1102.9657994725007,1311.9474515102722,1394.6452845818942,1102.9657994725007,1102.9657994725007,250.43992958425665,250.43992958425665,250.43992958425665,250.43992958425665,250.43992958425665,250.43992958425665,0.0,0.0,0.0,1353.4057290567573
9803,2000-12-05,1103.1127974991246,1311.8012433463791,1394.3044986890818,1103.1127974991246,1103.1127974991246,249.83294052603267,249.83294052603267,249.83294052603267,249.83294052603267,249.83294052603267,249.83294052603267,0.0,0.0,0.0,1352.9457380251572
9804,2000-12-06,1103.2597955257486,1311.8712733771602,1391.6921364982486,1103.2597955257486,1103.2597955257486,249.22394518801545,249.22394518801545,249.22394518801545,249.22394518801545,249.22394518801545,249.22394518801545,0.0,0.0,0.0,1352.483740713764
9805,2000-12-07,1103.4067935523728,1306.338873607726,1392.0905077245231,1103.4067935523728,1103.4067935523728,248.61294711819062,248.61294711819062,248.61294711819062,248.61294711819062,248.61294711819062,248.61294711819062,0.0,0.0,0.0,1352.0197406705634
9806,2000-12-08,1103.5537915789969,1308.271035514372,1392.1629690762866,1103.5537915789969,1103.5537915789969,247.99994989782974,247.99994989782974,247.99994989782974,247.99994989782974,247.99994989782974,247.99994989782974,0.0,0.0,0.0,1351.5537414768266
9807,2000-12-11,1103.9947856588692,1305.9372246016183,1391.6832826995828,1103.9947856588692,1103.9947856588692,246.14899964550787,246.14899964550787,246.14899964550787,246.14899964550787,246.14899964550787,246.14899964550787,0.0,0.0,0.0,1350.1437853043772
9808,2000-12-12,1104.1417836854932,1306.6638788774073,1390.5714130450372,1104.1417836854932,1104.1417836854932,245.52804230129462,245.52804230129462,245.52804230129462,245.52804230129462,245.52804230129462,245.52804230129462,0.0,0.0,0.0,1349.6698259867878
9809,2000-12-13,1104.288781712117,1309.3927875776997,1392.1505282175567,1104.288781712117,1104.288781712117,244.9051042119688,244.9051042119688,244.9051042119688,244.9051042119688,244.9051042119688,244.9051042119688,0.0,0.0,0.0,1349.1938859240859
9810,2000-12-14,1104.435779738741,1307.8484209356027,1391.8497618297847,1104.435779738741,1104.435779738741,244.2801891583365,244.2801891583365,244.2801891583365,244.2801891583365,244.2801891583365,244.2801891583365,0.0,0.0,0.0,1348.7159688970776
9811,2000-12-15,1104.582777765365,1308.992945289743,1392.6426318880349,1104.582777765365,1104.582777765365,243.65330095441476,243.65330095441476,243.65330095441476,243.65330095441476,243.65330095441476,243.65330095441476,0.0,0.0,0.0,1348.23607871978
9812,2000-12-18,1105.023771845237,1308.6333112031846,1389.2863813047543,1105.023771845237,1105.023771845237,241.76083607890652,241.76083607890652,241.76083607890652,241.76083607890652,241.76083607890652,241.76083607890652,0.0,0.0,0.0,1346.7846079241435
9813,2000-12-19,1105.170769871861,1304.7439092136512,1388.488641666679,1105.170769871861,1105.170769871861,241.12609407764072,241.12609407764072,241.12609407764072,241.12609407764072,241.12609407764072,241.12609407764072,0.0,0.0,0.0,1346.2968639495018
9814,2000-12-20,1105.317767898485,1303.3260589923007,1386.4433709500302,1105.317767898485,1105.317767898485,240.48939849375472,240.48939849375472,240.48939849375472,240.48939849375472,240.48939849375472,240.48939849375472,0.0,0.0,0.0,1345.8071663922397
9815,2000-12-21,1105.464765925109,1305.1447878128079,1384.2166335692866,1105.464765925109,1105.464765925109,239.85075334017384,239.85075334017384,239.85075334017384,239.85075334017384,239.85075334017384,239.85075334017384,0.0,0.0,0.0,1345.315519265283
9816,2000-12-22,1105.6117639517329,1302.1753514196018,1386.2629072085456,1105.6117639517329,1105.6117639517329,239.21016266291204,239.21016266291204,239.21016266291204,239.21016266291204,239.21016266291204,239.21016266291204,0.0,0.0,0.0,1344.821926614645
9817,2000-12-26,1106.1997560582288,1298.5804026430483,1387.6985554270102,1106.1997560582288,1106.1997560582288,236.62842679419907,236.62842679419907,236.62842679419907,236.62842679419907,236.62842679419907,236.62842679419907,0.0,0.0,0.0,1342.8281828524277
9818,2000-12-27,1106.3467540848533,1300.0623527349112,1384.2341355933363,1106.3467540848533,1106.3467540848533,235.97817034528794,235.97817034528794,235.97817034528794,235.97817034528794,235.97817034528794,235.97817034528794,0.0,0.0,0.0,1342.3249244301412
9819,2000-12-28,1106.4937521114773,1300.3988762777192,1382.7007859836524,1106.4937521114773,1106.4937521114773,235.32599334238552,235.32599334238552,235.32599334238552,235.32599334238552,235.32599334238552,235.32599334238552,0.0,0.0,0.0,1341.8197454538629
9820,2000-12-29,1106.640750138101,1301.8842723710563,1381.9188375358592,1106.640750138101,1106.640750138101,234.67190006248845,234.67190006248845,234.67190006248845,234.67190006248845,234.67190006248845,234.67190006248845,0.0,0.0,0.0,1341.3126502005896
9821,2001-01-02,1107.2287422445975,1296.7573931546235,1382.1229595354728,1107.2287422445975,1107.2287422445975,232.03645086379305,232.03645086379305,232.03645086379305,232.03645086379305,232.03645086379305,232.03645086379305,0.0,0.0,0.0,1339.2651931083906
9822,2001-01-03,1107.3757402712215,1298.6931564524086,1382.637373967125,1107.3757402712215,1107.3757402712215,231.37284150438117,231.37284150438117,231.37284150438117,231.37284150438117,231.37284150438117,231.37284150438117,0.0,0.0,0.0,1338.7485817756026
9823,2001-01-04,1107.5227382978453,1295.7671869645253,1381.5997795443895,1107.5227382978453,1107.5227382978453,230.707342219859,230.707342219859,230.707342219859,230.707342219859,230.707342219859,230.707342219859,0.0,0.0,0.0,1338.2300805177042
9824,2001-01-05,1107.6697363244693,1297.7776582709507,1379.293060580621,1107.6697363244693,1107.6697363244693,230.03995751691969,230.03995751691969,230.03995751691969,230.03995751691969,230.03995751691969,230.03995751691969,0.0,0.0,0.0,1337.709693841389
9825,2001-01-08,1108.1107304043414,1292.5622001917386,1374.6891749504036,1108.1107304043414,1108.1107304043414,228.02653645474066,228.02653645474066,228.02653645474066,228.02653645474066,228.02653645474066,228.02653645474066,0.0,0.0,0.0,1336.137266859082
9826,2001-01-09,1108.2577284309652,1295.054872593025,1376.2634549761854,1108.2577284309652,1108.2577284309652,227.35165579843647,227.35165579843647,227.35165579843647,227.35165579843647,227.35165579843647,227.35165579843647,0.0,0.0,0.0,1335.6093842294017
9827,2001-01-10,1108.4047264575893,1296.6293762957155,1375.5558452787247,1108.4047264575893,1108.4047264575893,226.67491274691045,226.67491274691045,226.67491274691045,226.67491274691045,226.67491274691045,226.67491274691045,0.0,0.0,0.0,1335.0796392044997
9828,2001-01-11,1108.5517244842135,1289.621136573482,1375.6085469907287,1108.5517244842135,1108.5517244842135,225.99631200250855,225.99631200250855,225.99631200250855,225.99631200250855,225.99631200250855,225.99631200250855,0.0,0.0,0.0,1334.5480364867221
9829,2001-01-12,1108.6987225108376,1296.436135766736,1374.8185517450006,1108.6987225108376,1108.6987225108376,225.31585830005966,225.31585830005966,225.31585830005966,225.31585830005966,225.31585830005966,225.31585830005966,0.0,0.0,0.0,1334.0145808108973
9830,2001-01-16,1109.2867146173335,1293.0583911279332,1375.3859362859785,1109.2867146173335,1109.2867146173335,222.57560974125607,222.57560974125607,222.57560974125607,222.57560974125607,222.57560974125607,222.57560974125607,0.0,0.0,0.0,1331.8623243585896
9831,2001-01-17,1109.4337126439575,1288.4599023353946,1370.7246114333325,1109.4337126439575,1109.4337126439575,221.88596340533044,221.88596340533044,221.88596340533044,221.88596340533044,221.88596340533044,221.88596340533044,0.0,0.0,0.0,1331.3196760492879
9832,2001-01-18,1109.5807106705815,1288.0325342036163,1373.8719058936776,1109.5807106705815,1109.5807106705815,221.19449320036694,221.19449320036694,221.19449320036694,221.19449320036694,221.19449320036694,221.19449320036694,0.0,0.0,0.0,1330.7752038709484
9833,2001-01-19,1109.7277086972056,1289.3008541348756,1372.3023901722886,1109.7277086972056,1109.7277086972056,220.50120408749748,220.50120408749748,220.50120408749748,220.50120408749748,220.50120408749748,220.50120408749748,0.0,0.0,0.0,1330.228912784703
9834,2001-01-22,1110.1687027770774,1284.2176888110291,1371.2669007804075,1110.1687027770774,1110.1687027770774,218.4104733949346,218.4104733949346,218.4104733949346,218.4104733949346,218.4104733949346,218.4104733949346,0.0,0.0,0.0,1328.579176172012
9835,2001-01-23,1110.3157008037015,1290.3864695949144,1366.608994435111,1110.3157008037015,1110.3157008037015,217.70995890433792,217.70995890433792,217.70995890433792,217.70995890433792,217.70995890433792,217.70995890433792,0.0,0.0,0.0,1328.0256597080395
9836,2001-01-24,1110.4626988303253,1286.4453463976897,1365.8658215301125,1110.4626988303253,1110.4626988303253,217.00765079303858,217.00765079303858,217.00765079303858,217.00765079303858,217.00765079303858,217.00765079303858,0.0,0.0,0.0,1327.4703496233637
9837,2001-01-25,1110.6096968569498,1284.9449157844003,1369.878316863106,1110.6096968569498,1110.6096968569498,216.30355421446907,216.30355421446907,216.30355421446907,216.30355421446907,216.30355421446907,216.30355421446907,0.0,0.0,0.0,1326.913251071419
9838,2001-01-26,1110.7566948835736,1286.5505346677396,1369.1245252134613,1110.7566948835736,1110.7566948835736,215.5976743539527,215.5976743539527,215.5976743539527,215.5976743539527,215.5976743539527,215.5976743539527,0.0,0.0,0.0,1326.3543692375263
9839,2001-01-29,1111.197688963446,1280.7727394754297,1365.7987040397404,1111.197688963446,1111.197688963446,213.4693874111794,213.4693874111794,213.4693874111794,213.4693874111794,213.4693874111794,213.4693874111794,0.0,0.0,0.0,1324.6670763746254
9840,2001-01-30,1111.34468699007,1280.4675006387188,1365.98548898499,1111.34468699007,1111.34468699007,212.75642691208606,212.75642691208606,212.75642691208606,212.75642691208606,212.75642691208606,212.75642691208606,0.0,0.0,0.0,1324.101113902156
9841,2001-01-31,1111.491685016694,1282.0403485544462,1366.0900999382338,1111.491685016694,1111.491685016694,212.04170953421712,212.04170953421712,212.04170953421712,212.04170953421712,212.04170953421712,212.04170953421712,0.0,0.0,0.0,1323.533394550911
9842,2001-02-01,1111.638683043318,1278.7125710470905,1364.0077655545022,1111.638683043318,1111.638683043318,211.32524065316434,211.32524065316434,211.32524065316434,211.32524065316434,211.32524065316434,211.32524065316434,0.0,0.0,0.0,1322.9639236964824
9843,2001-02-02,1111.7856810699418,1280.0671259797034,1363.058779694107,1111.7856810699418,1111.7856810699418,210.60702567605225,210.60702567605225,210.60702567605225,210.60702567605225,210.60702567605225,210.60702567605225,0.0,0.0,0.0,1322.392706745994
9844,2001-02-05,1112.226675149814,1276.4117230032082,1360.658235804131,1112.226675149814,1112.226675149814,208.44195871133948,208.44195871133948,208.44195871133948,208.44195871133948,208.44195871133948,208.44195871133948,0.0,0.0,0.0,1320.6686338611535
9845,2001-02-06,1112.3736731764377,1279.6138887945228,1363.996964588746,1112.3736731764377,1112.3736731764377,207.71681404985307,207.71681404985307,207.71681404985307,207.71681404985307,207.71681404985307,207.71681404985307,0.0,0.0,0.0,1320.0904872262909
9846,2001-02-07,1112.5206712030617,1277.2539296927177,1361.2357766233092,1112.5206712030617,1112.5206712030617,206.98995079891532,206.98995079891532,206.98995079891532,206.98995079891532,206.98995079891532,206.98995079891532,0.0,0.0,0.0,1319.510622001977
9847,2001-02-08,1112.6676692296858,1277.4141840211553,1362.6803630105317,1112.6676692296858,1112.6676692296858,206.2613745536525,206.2613745536525,206.2613745536525,206.2613745536525,206.2613745536525,206.2613745536525,0.0,0.0,0.0,1318.9290437833383
9848,2001-02-09,1112.8146672563098,1279.4291659583303,1361.5553595200836,1112.8146672563098,1112.8146672563098,205.53109094032524,205.53109094032524,205.53109094032524,205.53109094032524,205.53109094032524,205.53109094032524,0.0,0.0,0.0,1318.345758196635
9849,2001-02-12,1113.2556613361821,1279.0454398522738,1357.0571946577998,1113.2556613361821,1113.2556613361821,203.3300526202212,203.3300526202212,203.3300526202212,203.3300526202212,203.3300526202212,203.3300526202212,0.0,0.0,0.0,1316.5857139564034
9850,2001-02-13,1113.402659362806,1274.7714352804996,1357.3551670401769,1113.402659362806,1113.402659362806,202.59299641771486,202.59299641771486,202.59299641771486,202.59299641771486,202.59299641771486,202.59299641771486,0.0,0.0,0.0,1315.9956557805208
9851,2001-02-14,1113.54965738943,1273.5579911892985,1356.8309979513647,1113.54965738943,1113.54965738943,201.85426144327437,201.85426144327437,201.85426144327437,201.85426144327437,201.85426144327437,201.85426144327437,0.0,0.0,0.0,1315.4039188327042
9852,2001-02-15,1113.696655416054,1273.4121484948055,1358.9668228160986,1113.696655416054,1113.696655416054,201.11385350865757,201.11385350865757,201.11385350865757,201.11385350865757,201.11385350865757,201.11385350865757,0.0,0.0,0.0,1314.8105089247115
9853,2001-02-16,1113.843653442678,1272.4590841278919,1354.8017183981888,1113.843653442678,1113.843653442678,200.371778456321,200.371778456321,200.371778456321,200.371778456321,200.371778456321,200.371778456321,0.0,0.0,0.0,1314.215431898999
9854,2001-02-20,1114.431645549174,1266.086856542818,1350.6202445738215,1114.431645549174,1114.431645549174,197.38692498941722,197.38692498941722,197.38692498941722,197.38692498941722,197.38692498941722,197.38692498941722,0.0,0.0,0.0,1311.818570538591
9855,2001-02-21,1114.5786435757982,1269.4946479891132,1354.5307029343062,1114.5786435757982,1114.5786435757982,196.6366030549333,196.6366030549333,196.6366030549333,196.6366030549333,196.6366030549333,196.6366030549333,0.0,0.0,0.0,1311.2152466307316
9856,2001-02-22,1114.7256416024222,1267.7107040991204,1353.7439711640723,1114.7256416024222,1114.7256416024222,195.8846496983008,195.8846496983008,195.8846496983008,195.8846496983008,195.8846496983008,195.8846496983008,0.0,0.0,0.0,1310.610291300723
9857,2001-02-23,1114.8726396290463,1268.0850469134573,1351.5276972683018,1114.8726396290463,1114.8726396290463,195.13107097494978,195.13107097494978,195.13107097494978,195.13107097494978,195.13107097494978,195.13107097494978,0.0,0.0,0.0,1310.003710603996
9858,2001-02-26,1115.3136337089184,1266.649774662818,1351.6293629949835,1115.3136337089184,1115.3136337089184,192.86064361068662,192.86064361068662,192.86064361068662,192.86064361068662,192.86064361068662,192.86064361068662,0.0,0.0,0.0,1308.174277319605
9859,2001-02-27,1115.4606317355424,1266.263872052737,1346.9772491656522,1115.4606317355424,1115.4606317355424,192.10062457664293,192.10062457664293,192.10062457664293,192.10062457664293,192.10062457664293,192.10062457664293,0.0,0.0,0.0,1307.5612563121854
9860,2001-02-28,1115.6076297621664,1267.121360124431,1346.0183934061324,1115.6076297621664,1115.6076297621664,191.33901090379584,191.33901090379584,191.33901090379584,191.33901090379584,191.33901090379584,191.33901090379584,0.0,0.0,0.0,1306.9466406659621
9861,2001-03-01,1115.7546277887905,1266.444073176014,1353.0741625098665,1115.7546277887905,1115.7546277887905,190.57580882736391,190.57580882736391,190.57580882736391,190.57580882736391,190.57580882736391,190.57580882736391,0.0,0.0,0.0,1306.3304366161544
9862,2001-03-02,1115.9016258154143,1262.8078355844589,1346.8097632795457,1115.9016258154143,1115.9016258154143,189.81102461226592,189.81102461226592,189.81102461226592,189.81102461226592,189.81102461226592,189.81102461226592,0.0,0.0,0.0,1305.7126504276803
9863,2001-03-05,1116.3426198952864,1264.1734843054514,1346.907004589036,1116.3426198952864,1116.3426198952864,187.5072422281131,187.5072422281131,187.5072422281131,187.5072422281131,187.5072422281131,187.5072422281131,0.0,0.0,0.0,1303.8498621233994
9864,2001-03-06,1116.4896179219104,1263.8732144836756,1347.8550776004993,1116.4896179219104,1116.4896179219104,186.7361926989141,186.7361926989141,186.7361926989141,186.7361926989141,186.7361926989141,186.7361926989141,0.0,0.0,0.0,1303.2258106208244
9865,2001-03-07,1116.6366159485342,1260.3250353093542,1342.6387194139088,1116.6366159485342,1116.6366159485342,185.96359279848008,185.96359279848008,185.96359279848008,185.96359279848008,185.96359279848008,185.96359279848008,0.0,0.0,0.0,1302.6002087470142
9866,2001-03-08,1116.7836139751582,1259.6687613421855,1343.4516484846608,1116.7836139751582,1116.7836139751582,185.1894489683096,185.1894489683096,185.1894489683096,185.1894489683096,185.1894489683096,185.1894489683096,0.0,0.0,0.0,1301.9730629434678
9867,2001-03-09,1116.9306120017823,1259.4906444958294,1343.8871705623378,1116.9306120017823,1116.9306120017823,184.4137676790463,184.4137676790463,184.4137676790463,184.4137676790463,184.4137676790463,184.4137676790463,0.0,0.0,0.0,1301.3443796808285
9868,2001-03-12,1117.3716060816546,1254.9231476272444,1342.81995134862,1117.3716060816546,1117.3716060816546,182.0775641986564,182.0775641986564,182.0775641986564,182.0775641986564,182.0775641986564,182.0775641986564,0.0,0.0,0.0,1299.449170280311
9869,2001-03-13,1117.5186041082784,1254.6077339726976,1342.8011886616785,1117.5186041082784,1117.5186041082784,181.2957983595563,181.2957983595563,181.2957983595563,181.2957983595563,181.2957983595563,181.2957983595563,0.0,0.0,0.0,1298.8144024678347
9870,2001-03-14,1117.6656021349024,1258.1333586476962,1337.8120781265043,1117.6656021349024,1117.6656021349024,180.51252784891247,180.51252784891247,180.51252784891247,180.51252784891247,180.51252784891247,180.51252784891247,0.0,0.0,0.0,1298.1781299838149
9871,2001-03-15,1117.8126001615265,1254.0989223213564,1336.92493476823,1117.8126001615265,1117.8126001615265,179.72775931050677,179.72775931050677,179.72775931050677,179.72775931050677,179.72775931050677,179.72775931050677,0.0,0.0,0.0,1297.5403594720333
9872,2001-03-16,1117.9595981881505,1255.658803584374,1338.0250110188795,1117.9595981881505,1117.9595981881505,178.94149941667385,178.94149941667385,178.94149941667385,178.94149941667385,178.94149941667385,178.94149941667385,0.0,0.0,0.0,1296.9010976048244
9873,2001-03-19,1118.4005922680228,1251.921650743297,1335.3418169648291,1118.4005922680228,1118.4005922680228,176.57383875247015,176.57383875247015,176.57383875247015,176.57383875247015,176.57383875247015,176.57383875247015,0.0,0.0,0.0,1294.974431020493
9874,2001-03-20,1118.5475902946466,1253.2234562354256,1332.2940191163846,1118.5475902946466,1118.5475902946466,175.78168072832366,175.78168072832366,175.78168072832366,175.78168072832366,175.78168072832366,175.78168072832366,0.0,0.0,0.0,1294.3292710229703
9875,2001-03-21,1118.6945883212707,1251.9195604852475,1337.5559344536637,1118.6945883212707,1118.6945883212707,174.98806513567035,174.98806513567035,174.98806513567035,174.98806513567035,174.98806513567035,174.98806513567035,0.0,0.0,0.0,1293.682653456941
9876,2001-03-22,1118.8415863478947,1252.238414265795,1333.8340213261522,1118.8415863478947,1118.8415863478947,174.192998816311,174.192998816311,174.192998816311,174.192998816311,174.192998816311,174.192998816311,0.0,0.0,0.0,1293.0345851642057
9877,2001-03-23,1118.9885843745187,1248.8699345796929,1334.3937829523172,1118.9885843745187,1118.9885843745187,173.39648863996862,173.39648863996862,173.39648863996862,173.39648863996862,173.39648863996862,173.39648863996862,0.0,0.0,0.0,1292.3850730144873
9878,2001-03-26,1119.4295784543906,1250.1486692552558,1330.4814460041755,1119.4295784543906,1119.4295784543906,170.99836408320834,170.99836408320834,170.99836408320834,170.99836408320834,170.99836408320834,170.99836408320834,0.0,0.0,0.0,1290.427942537599
9879,2001-03-27,1119.5765764810149,1246.8334156244714,1334.3029729235914,1119.5765764810149,1119.5765764810149,170.19614773140492,170.19614773140492,170.19614773140492,170.19614773140492,170.19614773140492,170.19614773140492,0.0,0.0,0.0,1289.7727242124197
9880,2001-03-28,1119.723574507639,1246.49407202505,1331.9254184480094,1119.723574507639,1119.723574507639,169.39252228682784,169.39252228682784,169.39252228682784,169.39252228682784,169.39252228682784,169.39252228682784,0.0,0.0,0.0,1289.1160967944668
9881,2001-03-29,1119.870572534263,1248.800837712914,1331.9633026207466,1119.870572534263,1119.870572534263,168.58749478476443,168.58749478476443,168.58749478476443,168.58749478476443,168.58749478476443,168.58749478476443,0.0,0.0,0.0,1288.4580673190274
9882,2001-03-30,1120.017570560887,1246.8704082298893,1328.6672302853,1120.017570560887,1120.017570560887,167.78107228776105,167.78107228776105,167.78107228776105,167.78107228776105,167.78107228776105,167.78107228776105,0.0,0.0,0.0,1287.798642848648
9883,2001-04-02,1120.4585646407588,1246.2002447600985,1328.3851865170716,1120.4585646407588,1120.4585646407588,165.35350585933156,165.35350585933156,165.35350585933156,165.35350585933156,165.35350585933156,165.35350585933156,0.0,0.0,0.0,1285.8120705000904
9884,2001-04-03,1120.6055626673829,1244.8674082547257,1326.6170292113795,1120.6055626673829,1120.6055626673829,164.54157454967867,164.54157454967867,164.54157454967867,164.54157454967867,164.54157454967867,164.54157454967867,0.0,0.0,0.0,1285.1471372170615
9885,2001-04-04,1120.7525606940067,1244.5153027533681,1325.7772379407581,1120.7525606940067,1120.7525606940067,163.72828396317934,163.72828396317934,163.72828396317934,163.72828396317934,163.72828396317934,163.72828396317934,0.0,0.0,0.0,1284.480844657186
9886,2001-04-05,1120.8995587206307,1244.082508213506,1325.6879617931272,1120.8995587206307,1120.8995587206307,162.91364132381696,162.91364132381696,162.91364132381696,162.91364132381696,162.91364132381696,162.91364132381696,0.0,0.0,0.0,1283.8132000444477
9887,2001-04-06,1121.0465567472547,1238.607574680145,1320.799388282029,1121.0465567472547,1121.0465567472547,162.09765388212818,162.09765388212818,162.09765388212818,162.09765388212818,162.09765388212818,162.09765388212818,0.0,0.0,0.0,1283.144210629383
9888,2001-04-09,1121.4875508271266,1238.805039895544,1324.1365006827339,1121.4875508271266,1121.4875508271266,159.6416956445275,159.6416956445275,159.6416956445275,159.6416956445275,159.6416956445275,159.6416956445275,0.0,0.0,0.0,1281.1292464716541
9889,2001-04-10,1121.6345488537506,1240.2548941341456,1322.7529512274448,1121.6345488537506,1121.6345488537506,158.82040202624373,158.82040202624373,158.82040202624373,158.82040202624373,158.82040202624373,158.82040202624373,0.0,0.0,0.0,1280.4549508799944
9890,2001-04-11,1121.781546880375,1237.4104969559041,1319.712979704318,1121.781546880375,1121.781546880375,157.997800252905,157.997800252905,157.997800252905,157.997800252905,157.997800252905,157.997800252905,0.0,0.0,0.0,1279.7793471332798
9891,2001-04-12,1121.928544906999,1237.7392504040909,1321.3814262165774,1121.928544906999,1121.928544906999,157.17389773213924,157.17389773213924,157.17389773213924,157.17389773213924,157.17389773213924,157.17389773213924,0.0,0.0,0.0,1279.1024426391382
9892,2001-04-16,1122.5165370134953,1235.561460800042,1319.9262655381008,1122.5165370134953,1122.5165370134953,153.86542922838092,153.86542922838092,153.86542922838092,153.86542922838092,153.86542922838092,153.86542922838092,0.0,0.0,0.0,1276.3819662418762
9893,2001-04-17,1122.663535040119,1234.8129454086093,1318.0857497502666,1122.663535040119,1122.663535040119,153.03513498436448,153.03513498436448,153.03513498436448,153.03513498436448,153.03513498436448,153.03513498436448,0.0,0.0,0.0,1275.6986700244836
9894,2001-04-18,1122.8105330667431,1234.502407705348,1315.593006216837,1122.8105330667431,1122.8105330667431,152.20358497681815,152.20358497681815,152.20358497681815,152.20358497681815,152.20358497681815,152.20358497681815,0.0,0.0,0.0,1275.0141180435612
9895,2001-04-19,1122.9575310933672,1231.525828187812,1315.9279651329348,1122.9575310933672,1122.9575310933672,151.3707867917071,151.3707867917071,151.3707867917071,151.3707867917071,151.3707867917071,151.3707867917071,0.0,0.0,0.0,1274.3283178850743
9896,2001-04-20,1123.1045291199912,1230.713387419883,1313.2248930147448,1123.1045291199912,1123.1045291199912,150.53674804002804,150.53674804002804,150.53674804002804,150.53674804002804,150.53674804002804,150.53674804002804,0.0,0.0,0.0,1273.6412771600192
9897,2001-04-23,1123.545523199863,1228.9874051010127,1313.6416292553874,1123.545523199863,1123.545523199863,148.02726486857213,148.02726486857213,148.02726486857213,148.02726486857213,148.02726486857213,148.02726486857213,0.0,0.0,0.0,1271.572788068435
9898,2001-04-24,1123.692521226487,1230.223922121405,1309.6175887168304,1123.692521226487,1123.692521226487,147.18834045714837,147.18834045714837,147.18834045714837,147.18834045714837,147.18834045714837,147.18834045714837,0.0,0.0,0.0,1270.8808616836354
9899,2001-04-25,1123.8395192531111,1229.3201614275922,1310.7889657373028,1123.8395192531111,1123.8395192531111,146.34821390554526,146.34821390554526,146.34821390554526,146.34821390554526,146.34821390554526,146.34821390554526,0.0,0.0,0.0,1270.1877331586563
9900,2001-04-26,1123.9865172797354,1227.5931853588027,1311.2088473897104,1123.9865172797354,1123.9865172797354,145.50689297251316,145.50689297251316,145.50689297251316,145.50689297251316,145.50689297251316,145.50689297251316,0.0,0.0,0.0,1269.4934102522486
9901,2001-04-27,1124.1335153063594,1228.9044008857643,1309.8608644862823,1124.1335153063594,1124.1335153063594,144.66438544101243,144.66438544101243,144.66438544101243,144.66438544101243,144.66438544101243,144.66438544101243,0.0,0.0,0.0,1268.7979007473718
9902,2001-04-30,1124.5745093862313,1226.0798331342753,1307.0175432194906,1124.5745093862313,1124.5745093862313,142.12982144602364,142.12982144602364,142.12982144602364,142.12982144602364,142.12982144602364,142.12982144602364,0.0,0.0,0.0,1266.704330832255
9903,2001-05-01,1124.7215074128553,1222.6777973302005,1309.296933178708,1124.7215074128553,1124.7215074128553,141.2826458303705,141.2826458303705,141.2826458303705,141.2826458303705,141.2826458303705,141.2826458303705,0.0,0.0,0.0,1266.0041532432258
9904,2001-05-02,1124.8685054394793,1223.6093968180562,1306.415117161678,1124.8685054394793,1124.8685054394793,140.43432289007947,140.43432289007947,140.43432289007947,140.43432289007947,140.43432289007947,140.43432289007947,0.0,0.0,0.0,1265.302828329559
9905,2001-05-03,1125.0155034661032,1222.529240695482,1304.8921087926499,1125.0155034661032,1125.0155034661032,139.58486055087408,139.58486055087408,139.58486055087408,139.58486055087408,139.58486055087408,139.58486055087408,0.0,0.0,0.0,1264.6003640169772
9906,2001-05-04,1125.1625014927272,1220.6600171178761,1303.5632533622104,1125.1625014927272,1125.1625014927272,138.73426676184275,138.73426676184275,138.73426676184275,138.73426676184275,138.73426676184275,138.73426676184275,0.0,0.0,0.0,1263.89676825457
9907,2001-05-07,1125.603495572599,1219.5610071445385,1303.9094689508556,1125.603495572599,1125.603495572599,136.17577653455595,136.17577653455595,136.17577653455595,136.17577653455595,136.17577653455595,136.17577653455595,0.0,0.0,0.0,1261.779272107155
9908,2001-05-08,1125.7504935992235,1218.5744684883282,1300.338613676951,1125.7504935992235,1125.7504935992235,135.32073690006732,135.32073690006732,135.32073690006732,135.32073690006732,135.32073690006732,135.32073690006732,0.0,0.0,0.0,1261.0712304992908
9909,2001-05-09,1125.8974916258474,1220.6061777990158,1300.8084718768923,1125.8974916258474,1125.8974916258474,134.46460590731658,134.46460590731658,134.46460590731658,134.46460590731658,134.46460590731658,134.46460590731658,0.0,0.0,0.0,1260.362097533164
9910,2001-05-10,1126.0444896524714,1220.3307079338363,1301.2004744131423,1126.0444896524714,1126.0444896524714,133.607391642959,133.607391642959,133.607391642959,133.607391642959,133.607391642959,133.607391642959,0.0,0.0,0.0,1259.6518812954305
9911,2001-05-11,1126.1914876790954,1217.2003584765307,1302.5895407070616,1126.1914876790954,1126.1914876790954,132.74910221613317,132.74910221613317,132.74910221613317,132.74910221613317,132.74910221613317,132.74910221613317,0.0,0.0,0.0,1258.9405898952286
9912,2001-05-14,1126.6324817589677,1217.777443493493,1297.3196246387022,1126.6324817589677,1126.6324817589677,130.16786438675,130.16786438675,130.16786438675,130.16786438675,130.16786438675,130.16786438675,0.0,0.0,0.0,1256.8003461457179
9913,2001-05-15,1126.7794797855918,1212.852409016468,1297.0251761822537,1126.7794797855918,1126.7794797855918,129.30535584656374,129.30535584656374,129.30535584656374,129.30535584656374,129.30535584656374,129.30535584656374,0.0,0.0,0.0,1256.0848356321555
9914,2001-05-16,1126.9264778122156,1214.282354560051,1298.285439625321,1126.9264778122156,1126.9264778122156,128.44181302231007,128.44181302231007,128.44181302231007,128.44181302231007,128.44181302231007,128.44181302231007,0.0,0.0,0.0,1255.3682908345256
9915,2001-05-17,1127.0734758388396,1212.5261496429157,1293.7576267965662,1127.0734758388396,1127.0734758388396,127.57724415529772,127.57724415529772,127.57724415529772,127.57724415529772,127.57724415529772,127.57724415529772,0.0,0.0,0.0,1254.6507199941373
9916,2001-05-18,1127.2204738654636,1213.152115213012,1296.7047813127895,1127.2204738654636,1127.2204738654636,126.71165750840251,126.71165750840251,126.71165750840251,126.71165750840251,126.71165750840251,126.71165750840251,0.0,0.0,0.0,1253.9321313738662
9917,2001-05-21,1127.6614679453355,1211.843399588983,1293.9021005287582,1127.6614679453355,1127.6614679453355,124.10887383786253,124.10887383786253,124.10887383786253,124.10887383786253,124.10887383786253,124.10887383786253,0.0,0.0,0.0,1251.770341783198
9918,2001-05-22,1127.8084659719595,1210.2422721322744,1291.758768021363,1127.8084659719595,1127.8084659719595,123.23929912683937,123.23929912683937,123.23929912683937,123.23929912683937,123.23929912683937,123.23929912683937,0.0,0.0,0.0,1251.047765098799
9919,2001-05-23,1127.9554639985836,1207.3668582939938,1289.653363829489,1127.9554639985836,1127.9554639985836,122.36874826912232,122.36874826912232,122.36874826912232,122.36874826912232,122.36874826912232,122.36874826912232,0.0,0.0,0.0,1250.324212267706
9920,2001-05-24,1128.1024620252074,1209.1391060378037,1290.652005010377,1128.1024620252074,1128.1024620252074,121.49722965416382,121.49722965416382,121.49722965416382,121.49722965416382,121.49722965416382,121.49722965416382,0.0,0.0,0.0,1249.5996916793713
9921,2001-05-25,1128.2494600518314,1208.1372456326208,1291.51818408472,1128.2494600518314,1128.2494600518314,120.62475169203675,120.62475169203675,120.62475169203675,120.62475169203675,120.62475169203675,120.62475169203675,0.0,0.0,0.0,1248.8742117438683
9922,2001-05-29,1128.8374521583278,1203.229406439887,1287.8109217595866,1128.8374521583278,1128.8374521583278,117.12541528719886,117.12541528719886,117.12541528719886,117.12541528719886,117.12541528719886,117.12541528719886,0.0,0.0,0.0,1245.9628674455266
9923,2001-05-30,1128.9844501849518,1204.2589015918961,1284.3366146047492,1128.9844501849518,1128.9844501849518,116.24826745228363,116.24826745228363,116.24826745228363,116.24826745228363,116.24826745228363,116.24826745228363,0.0,0.0,0.0,1245.2327176372355
9924,2001-05-31,1129.1314482115756,1204.7204700521736,1286.427083234458,1129.1314482115756,1129.1314482115756,115.37021115586415,115.37021115586415,115.37021115586415,115.37021115586415,115.37021115586415,115.37021115586415,0.0,0.0,0.0,1244.5016593674397
9925,2001-06-01,1129.2784462381996,1202.1563382678887,1283.4488746704228,1129.2784462381996,1129.2784462381996,114.49125494844914,114.49125494844914,114.49125494844914,114.49125494844914,114.49125494844914,114.49125494844914,0.0,0.0,0.0,1243.7697011866487
9926,2001-06-04,1129.719440318072,1202.425158531388,1284.9692926538175,1129.719440318072,1129.719440318072,111.84907265690728,111.84907265690728,111.84907265690728,111.84907265690728,111.84907265690728,111.84907265690728,0.0,0.0,0.0,1241.5685129749793
9927,2001-06-05,1129.866438344696,1196.849992908934,1280.7254744798831,1129.866438344696,1129.866438344696,110.96660269838677,110.96660269838677,110.96660269838677,110.96660269838677,110.96660269838677,110.96660269838677,0.0,0.0,0.0,1240.8330410430829
9928,2001-06-06,1130.01343637132,1198.7081249224318,1283.4952963599244,1130.01343637132,1130.01343637132,110.08327587100523,110.08327587100523,110.08327587100523,110.08327587100523,110.08327587100523,110.08327587100523,0.0,0.0,0.0,1240.0967122423253
9929,2001-06-07,1130.1604343979438,1197.558637133018,1283.4829668076716,1130.1604343979438,1130.1604343979438,109.19910084010012,109.19910084010012,109.19910084010012,109.19910084010012,109.19910084010012,109.19910084010012,0.0,0.0,0.0,1239.359535238044
9930,2001-06-08,1130.3074324245679,1196.36048155727,1279.912012142669,1130.3074324245679,1130.3074324245679,108.31408628963621,108.31408628963621,108.31408628963621,108.31408628963621,108.31408628963621,108.31408628963621,0.0,0.0,0.0,1238.621518714204
9931,2001-06-11,1130.7484265044402,1195.7474117865788,1281.2113669651624,1130.7484265044402,1130.7484265044402,105.65409263694751,105.65409263694751,105.65409263694751,105.65409263694751,105.65409263694751,105.65409263694751,0.0,0.0,0.0,1236.4025191413878
9932,2001-06-12,1130.8954245310642,1195.2417557695092,1279.32077451136,1130.8954245310642,1130.8954245310642,104.76580721539212,104.76580721539212,104.76580721539212,104.76580721539212,104.76580721539212,104.76580721539212,0.0,0.0,0.0,1235.6612317464565
9933,2001-06-13,1131.042422557688,1191.6321978482456,1277.9103950747947,1131.042422557688,1131.042422557688,103.8767259684225,103.8767259684225,103.8767259684225,103.8767259684225,103.8767259684225,103.8767259684225,0.0,0.0,0.0,1234.9191485261106
9934,2001-06-14,1131.189420584312,1191.3728555450232,1275.118726926643,1131.189420584312,1131.189420584312,102.98685768869056,102.98685768869056,102.98685768869056,102.98685768869056,102.98685768869056,102.98685768869056,0.0,0.0,0.0,1234.1762782730027
9935,2001-06-15,1131.336418610936,1195.1328409936134,1275.375119758718,1131.336418610936,1131.336418610936,102.09621118643716,102.09621118643716,102.09621118643716,102.09621118643716,102.09621118643716,102.09621118643716,0.0,0.0,0.0,1233.4326297973732
9936,2001-06-18,1131.777412690808,1190.4663437808692,1270.9463585737242,1131.777412690808,1131.777412690808,99.41969070769711,99.41969070769711,99.41969070769711,99.41969070769711,99.41969070769711,99.41969070769711,0.0,0.0,0.0,1231.197103398505
9937,2001-06-19,1131.924410717432,1187.8062354907236,1270.9890732845258,1131.924410717432,1131.924410717432,98.5260197643449,98.5260197643449,98.5260197643449,98.5260197643449,98.5260197643449,98.5260197643449,0.0,0.0,0.0,1230.450430481777
9938,2001-06-20,1132.071408744056,1188.658369239209,1272.7921792443165,1132.071408744056,1132.071408744056,97.63161490827346,97.63161490827346,97.63161490827346,97.63161490827346,97.63161490827346,97.63161490827346,0.0,0.0,0.0,1229.7030236523294
9939,2001-06-21,1132.21840677068,1188.5242788770263,1272.294972317674,1132.21840677068,1132.21840677068,96.73648505209395,96.73648505209395,96.73648505209395,96.73648505209395,96.73648505209395,96.73648505209395,0.0,0.0,0.0,1228.954891822774
9940,2001-06-22,1132.3654047973039,1186.6104120698146,1269.8706156764613,1132.3654047973039,1132.3654047973039,95.84063912493961,95.84063912493961,95.84063912493961,95.84063912493961,95.84063912493961,95.84063912493961,0.0,0.0,0.0,1228.2060439222435
9941,2001-06-25,1132.8063988771762,1187.9936605062535,1268.1321742856749,1132.8063988771762,1132.8063988771762,93.14889445361825,93.14889445361825,93.14889445361825,93.14889445361825,93.14889445361825,93.14889445361825,0.0,0.0,0.0,1225.9552933307946
9942,2001-06-26,1132.9533969038002,1184.092625588015,1265.3756946361113,1132.9533969038002,1132.9533969038002,92.25027385900515,92.25027385900515,92.25027385900515,92.25027385900515,92.25027385900515,92.25027385900515,0.0,0.0,0.0,1225.2036707628054
9943,2001-06-27,1133.1003949304243,1180.4801164856176,1265.8969357346632,1133.1003949304243,1133.1003949304243,91.35098208154515,91.35098208154515,91.35098208154515,91.35098208154515,91.35098208154515,91.35098208154515,0.0,0.0,0.0,1224.4513770119695
9944,2001-06-28,1133.247392957048,1181.1733244079367,1265.2337825446991,1133.247392957048,1133.247392957048,90.45102814625932,90.45102814625932,90.45102814625932,90.45102814625932,90.45102814625932,90.45102814625932,0.0,0.0,0.0,1223.6984211033073
9945,2001-06-29,1133.394390983672,1184.2395103556605,1264.4254075553276,1133.394390983672,1133.394390983672,89.55042109359832,89.55042109359832,89.55042109359832,89.55042109359832,89.55042109359832,89.55042109359832,0.0,0.0,0.0,1222.9448120772704
9946,2001-07-02,1133.8353850635444,1178.5544586812653,1262.9675421259767,1133.8353850635444,1133.8353850635444,86.84477186404266,86.84477186404266,86.84477186404266,86.84477186404266,86.84477186404266,86.84477186404266,0.0,0.0,0.0,1220.6801569275872
9947,2001-07-03,1133.9823830901685,1176.2689664667823,1261.5619841059276,1133.9823830901685,1133.9823830901685,85.94164304948896,85.94164304948896,85.94164304948896,85.94164304948896,85.94164304948896,85.94164304948896,0.0,0.0,0.0,1219.9240261396574
9948,2001-07-05,1134.2763791434163,1178.691197295762,1259.3447302660616,1134.2763791434163,1134.2763791434163,84.13357148249105,84.13357148249105,84.13357148249105,84.13357148249105,84.13357148249105,84.13357148249105,0.0,0.0,0.0,1218.4099506259074
9949,2001-07-06,1134.4233771700403,1179.581223984658,1261.268595819857,1134.4233771700403,1134.4233771700403,83.22864700375395,83.22864700375395,83.22864700375395,83.22864700375395,83.22864700375395,83.22864700375395,0.0,0.0,0.0,1217.6520241737942
9950,2001-07-09,1134.8643712499122,1176.6308838587627,1253.9872609942618,1134.8643712499122,1134.8643712499122,80.51042872600227,80.51042872600227,80.51042872600227,80.51042872600227,80.51042872600227,80.51042872600227,0.0,0.0,0.0,1215.3747999759146
9951,2001-07-10,1135.0113692765367,1174.9096561661945,1256.9098974384096,1135.0113692765367,1135.0113692765367,79.60323830598651,79.60323830598651,79.60323830598651,79.60323830598651,79.60323830598651,79.60323830598651,0.0,0.0,0.0,1214.6146075825231
9952,2001-07-11,1135.1583673031607,1170.2859134013675,1254.030144202719,1135.1583673031607,1135.1583673031607,78.69550439953852,78.69550439953852,78.69550439953852,78.69550439953852,78.69550439953852,78.69550439953852,0.0,0.0,0.0,1213.8538717026993
9953,2001-07-12,1135.3053653297845,1172.3311126981423,1254.3683339306235,1135.3053653297845,1135.3053653297845,77.78723623311878,77.78723623311878,77.78723623311878,77.78723623311878,77.78723623311878,77.78723623311878,0.0,0.0,0.0,1213.0926015629034
9954,2001-07-13,1135.4523633564086,1169.0949297723669,1253.9977525135378,1135.4523633564086,1135.4523633564086,76.87844304636627,76.87844304636627,76.87844304636627,76.87844304636627,76.87844304636627,76.87844304636627,0.0,0.0,0.0,1212.330806402775
9955,2001-07-16,1135.8933574362804,1167.3619136648597,1252.1464854506137,1135.8933574362804,1135.8933574362804,74.14900595450824,74.14900595450824,74.14900595450824,74.14900595450824,74.14900595450824,74.14900595450824,0.0,0.0,0.0,1210.0423633907888
9956,2001-07-17,1136.0403554629045,1167.5485523465052,1248.1281242375712,1136.0403554629045,1136.0403554629045,73.23820534034222,73.23820534034222,73.23820534034222,73.23820534034222,73.23820534034222,73.23820534034222,0.0,0.0,0.0,1209.2785608032466
9957,2001-07-18,1136.1873534895285,1167.0859061001959,1251.0521695140415,1136.1873534895285,1136.1873534895285,72.32692609574413,72.32692609574413,72.32692609574413,72.32692609574413,72.32692609574413,72.32692609574413,0.0,0.0,0.0,1208.5142795852726
9958,2001-07-19,1136.3343515161525,1164.075218154651,1248.2075888616298,1136.3343515161525,1136.3343515161525,71.41517753586606,71.41517753586606,71.41517753586606,71.41517753586606,71.41517753586606,71.41517753586606,0.0,0.0,0.0,1207.7495290520187
9959,2001-07-20,1136.4813495427763,1165.2645602194132,1244.8883569880163,1136.4813495427763,1136.4813495427763,70.50296898787099,70.50296898787099,70.50296898787099,70.50296898787099,70.50296898787099,70.50296898787099,0.0,0.0,0.0,1206.9843185306472
9960,2001-07-23,1136.9223436226487,1164.8731742273071,1244.923710659982,1136.9223436226487,1136.9223436226487,67.76367686324906,67.76367686324906,67.76367686324906,67.76367686324906,67.76367686324906,67.76367686324906,0.0,0.0,0.0,1204.6860204858976
9961,2001-07-24,1137.0693416492727,1161.5016483886125,1249.155230195029,1137.0693416492727,1137.0693416492727,66.84972186849346,66.84972186849346,66.84972186849346,66.84972186849346,66.84972186849346,66.84972186849346,0.0,0.0,0.0,1203.919063517766
9962,2001-07-25,1137.2163396758967,1159.4610198627163,1246.008068338123,1137.2163396758967,1137.2163396758967,65.9353536955268,65.9353536955268,65.9353536955268,65.9353536955268,65.9353536955268,65.9353536955268,0.0,0.0,0.0,1203.1516933714236
9963,2001-07-26,1137.3633377025208,1159.5202247509435,1243.9824593063786,1137.3633377025208,1137.3633377025208,65.02058173995663,65.02058173995663,65.02058173995663,65.02058173995663,65.02058173995663,65.02058173995663,0.0,0.0,0.0,1202.3839194424775
9964,2001-07-27,1137.510335729145,1161.3021039749276,1241.1573629900336,1137.510335729145,1137.510335729145,64.10541540821349,64.10541540821349,64.10541540821349,64.10541540821349,64.10541540821349,64.10541540821349,0.0,0.0,0.0,1201.6157511373585
9965,2001-07-30,1137.951329809017,1157.9481021619376,1241.280258817872,1137.951329809017,1137.951329809017,61.35764437878917,61.35764437878917,61.35764437878917,61.35764437878917,61.35764437878917,61.35764437878917,0.0,0.0,0.0,1199.3089741878061
9966,2001-07-31,1138.098327835641,1158.1785823479486,1241.463209126371,1138.0983278356407,1138.0983278356407,60.440994816853994,60.440994816853994,60.440994816853994,60.440994816853994,60.440994816853994,60.440994816853994,0.0,0.0,0.0,1198.539322652495
9967,2001-08-01,1138.245325862265,1154.6080314290625,1240.3257581773032,1138.245325862265,1138.245325862265,59.52399806705207,59.52399806705207,59.52399806705207,59.52399806705207,59.52399806705207,59.52399806705207,0.0,0.0,0.0,1197.7693239293171
9968,2001-08-02,1138.392323888889,1157.4749048249105,1238.2798843122787,1138.392323888889,1138.392323888889,58.60666359706336,58.60666359706336,58.60666359706336,58.60666359706336,58.60666359706336,58.60666359706336,0.0,0.0,0.0,1196.9989874859523
9969,2001-08-03,1138.5393219155128,1156.294107201351,1236.456548025533,1138.5393219155128,1138.5393219155128,57.68900088418153,57.68900088418153,57.68900088418153,57.68900088418153,57.68900088418153,57.68900088418153,0.0,0.0,0.0,1196.2283227996943
9970,2001-08-06,1138.980315995385,1151.691133255451,1234.2176323799508,1138.980315995385,1138.980315995385,54.9341382014553,54.9341382014553,54.9341382014553,54.9341382014553,54.9341382014553,54.9341382014553,0.0,0.0,0.0,1193.91445419684
9971,2001-08-07,1139.1273140220087,1150.1574161615579,1232.484452059933,1139.1273140220087,1139.1273140220087,54.015257475852565,54.015257475852565,54.015257475852565,54.015257475852565,54.015257475852565,54.015257475852565,0.0,0.0,0.0,1193.1425714978614
9972,2001-08-08,1139.2743120486327,1147.9451580439131,1229.741005460651,1139.2743120486327,1139.2743120486327,53.09609603173921,53.09609603173921,53.09609603173921,53.09609603173921,53.09609603173921,53.09609603173921,0.0,0.0,0.0,1192.370408080372
9973,2001-08-09,1139.421310075257,1149.7712636359556,1232.8682961585125,1139.421310075257,1139.421310075257,52.17666340035101,52.17666340035101,52.17666340035101,52.17666340035101,52.17666340035101,52.17666340035101,0.0,0.0,0.0,1191.5979734756081
9974,2001-08-10,1139.568308101881,1145.7521800833915,1233.4996800751055,1139.568308101881,1139.568308101881,51.25696912130131,51.25696912130131,51.25696912130131,51.25696912130131,51.25696912130131,51.25696912130131,0.0,0.0,0.0,1190.8252772231824
9975,2001-08-13,1140.0093021817531,1145.4614450466504,1230.8796084421174,1140.009302181753,1140.009302181753,48.496411916199136,48.496411916199136,48.496411916199136,48.496411916199136,48.496411916199136,48.496411916199136,0.0,0.0,0.0,1188.5057140979523
9976,2001-08-14,1140.156300208377,1145.8699745800618,1226.599401309134,1140.156300208377,1140.156300208377,47.57576660391585,47.57576660391585,47.57576660391585,47.57576660391585,47.57576660391585,47.57576660391585,0.0,0.0,0.0,1187.7320668122927
9977,2001-08-15,1140.303298235001,1142.8315357062768,1228.9233633674073,1140.303298235001,1140.303298235001,46.654907461447955,46.654907461447955,46.654907461447955,46.654907461447955,46.654907461447955,46.654907461447955,0.0,0.0,0.0,1186.9582056964489
9978,2001-08-16,1140.450296261625,1142.5512670870992,1229.9742505778422,1140.450296261625,1140.450296261625,45.7338440749299,45.7338440749299,45.7338440749299,45.7338440749299,45.7338440749299,45.7338440749299,0.0,0.0,0.0,1186.184140336555
9979,2001-08-17,1140.597294288249,1143.9452527516557,1227.7796781462391,1140.597294288249,1140.597294288249,44.81258603762775,44.81258603762775,44.81258603762775,44.81258603762775,44.81258603762775,44.81258603762775,0.0,0.0,0.0,1185.4098803258769
9980,2001-08-20,1141.0382883681211,1139.2011110350775,1222.2141956343762,1141.0382883681211,1141.0382883681211,42.04774005682341,42.04774005682341,42.04774005682341,42.04774005682341,42.04774005682341,42.04774005682341,0.0,0.0,0.0,1183.0860284249445
9981,2001-08-21,1141.1852863947452,1141.2279824492398,1223.1811834020302,1141.1852863947452,1141.1852863947452,41.12579948532577,41.12579948532577,41.12579948532577,41.12579948532577,41.12579948532577,41.12579948532577,0.0,0.0,0.0,1182.311085880071
9982,2001-08-22,1141.3322844213692,1138.7751892845583,1220.9244314340426,1141.3322844213692,1141.3322844213692,40.203712330013666,40.203712330013666,40.203712330013666,40.203712330013666,40.203712330013666,40.203712330013666,0.0,0.0,0.0,1181.5359967513828
9983,2001-08-23,1141.4792824479932,1137.0580369387599,1223.5911082903294,1141.4792824479932,1141.4792824479932,39.28148822315422,39.28148822315422,39.28148822315422,39.28148822315422,39.28148822315422,39.28148822315422,0.0,0.0,0.0,1180.7607706711474
9984,2001-08-24,1141.6262804746175,1138.6173403825937,1221.2524207131373,1141.6262804746175,1141.6262804746175,38.35913680287797,38.35913680287797,38.35913680287797,38.35913680287797,38.35913680287797,38.35913680287797,0.0,0.0,0.0,1179.9854172774953
9985,2001-08-27,1142.0672745544894,1135.5373455663737,1217.6066239237962,1142.0672745544894,1142.0672745544894,35.59141512704638,35.59141512704638,35.59141512704638,35.59141512704638,35.59141512704638,35.59141512704638,0.0,0.0,0.0,1177.6586896815356
9986,2001-08-28,1142.2142725811134,1132.8703550858752,1218.5976939912268,1142.2142725811134,1142.2142725811134,34.668650945400756,34.668650945400756,34.668650945400756,34.668650945400756,34.668650945400756,34.668650945400756,0.0,0.0,0.0,1176.882923526514
9987,2001-08-29,1142.3612706077374,1133.2832887953955,1214.258510255205,1142.3612706077374,1142.3612706077374,33.74580772263915,33.74580772263915,33.74580772263915,33.74580772263915,33.74580772263915,33.74580772263915,0.0,0.0,0.0,1176.1070783303767
9988,2001-08-30,1142.5082686343615,1137.0432728023775,1220.03198151815,1142.5082686343615,1142.5082686343615,32.822895128280095,32.822895128280095,32.822895128280095,32.822895128280095,32.822895128280095,32.822895128280095,0.0,0.0,0.0,1175.3311637626416
9989,2001-08-31,1142.6552666609853,1133.5533390583737,1215.266881137224,1142.6552666609853,1142.6552666609853,31.89992283642937,31.89992283642937,31.89992283642937,31.89992283642937,31.89992283642937,31.89992283642937,0.0,0.0,0.0,1174.5551894974146
9990,2001-09-04,1143.2432587674812,1128.0963722115919,1212.3169379446203,1143.2432587674812,1143.2432587674812,28.207630326618297,28.207630326618297,28.207630326618297,28.207630326618297,28.207630326618297,28.207630326618297,0.0,0.0,0.0,1171.4508890940995
9991,2001-09-05,1143.3902567941052,1130.5680004591993,1210.3608161103778,1143.3902567941052,1143.3902567941052,27.28450480672006,27.28450480672006,27.28450480672006,27.28450480672006,27.28450480672006,27.28450480672006,0.0,0.0,0.0,1170.6747616008251
9992,2001-09-06,1143.5372548207292,1127.0863983633085,1212.789230936837,1143.5372548207292,1143.5372548207292,26.36137772008696,26.36137772008696,26.36137772008696,26.36137772008696,26.36137772008696,26.36137772008696,0.0,0.0,0.0,1169.8986325408162
9993,2001-09-07,1143.6842528473533,1124.8437545527352,1211.7732612844243,1143.6842528473533,1143.6842528473533,25.438258767811494,25.438258767811494,25.438258767811494,25.438258767811494,25.438258767811494,25.438258767811494,0.0,0.0,0.0,1169.1225116151647
9994,2001-09-10,1144.1252469272256,1127.805375828659,1208.8316139733934,1144.1252469272256,1144.1252469272256,22.669047773686362,22.669047773686362,22.669047773686362,22.669047773686362,22.669047773686362,22.669047773686362,0.0,0.0,0.0,1166.794294700912
9995,2001-09-17,1145.1542331135938,1117.1023998672872,1205.3223603437682,1145.1542331135938,1145.1542331135938,16.2096528644415,16.2096528644415,16.2096528644415,16.2096528644415,16.2096528644415,16.2096528644415,0.0,0.0,0.0,1161.3638859780353
9996,2001-09-18,1145.3012311402176,1121.2485367227323,1200.8625694004645,1145.3012311402176,1145.3012311402176,15.287264420712951,15.287264420712951,15.287264420712951,15.287264420712951,15.287264420712951,15.287264420712951,0.0,0.0,0.0,1160.5884955609306
9997,2001-09-19,1145.4482291668417,1120.0979026578939,1199.49605559879,1145.4482291668417,1145.4482291668417,14.365000714369117,14.365000714369117,14.365000714369117,14.365000714369117,14.365000714369117,14.365000714369117,0.0,0.0,0.0,1159.8132298812109
9998,2001-09-20,1145.5952271934657,1117.8616265602186,1200.2213920084962,1145.5952271934657,1145.5952271934657,13.442871472501569,13.442871472501569,13.442871472501569,13.442871472501569,13.442871472501569,13.442871472501569,0.0,0.0,0.0,1159.0380986659673
9999,2001-09-21,1145.7422252200897,1115.1979986695005,1199.4331772678684,1145.74222522009,1145.74222522009,12.520886422881429,12.520886422881429,12.520886422881429,12.520886422881429,12.520886422881429,12.520886422881429,0.0,0.0,0.0,1158.2631116429711
10000,2001-09-24,1146.1832192999618,1111.3845878397087,1197.336286856414,1146.1832192999618,1146.1832192999618,9.75589371171169,9.75589371171169,9.75589371171169,9.75589371171169,9.75589371171169,9.75589371171169,0.0,0.0,0.0,1155.9391130116735
10001,2001-09-25,1146.3302173265859,1114.9105990771734,1195.3476069316762,1146.3302173265859,1146.3302173265859,8.834582716097168,8.834582716097168,8.834582716097168,8.834582716097168,8.834582716097168,8.834582716097168,0.0,0.0,0.0,1155.164800042683
10002,2001-09-26,1146.4772153532099,1110.989007417171,1194.9823493611045,1146.4772153532099,1146.4772153532099,7.913464555392836,7.913464555392836,7.913464555392836,7.913464555392836,7.913464555392836,7.913464555392836,0.0,0.0,0.0,1154.3906799086028
10003,2001-09-27,1146.624213379834,1111.9823819676212,1193.892569574981,1146.624213379834,1146.624213379834,6.992548957571678,6.992548957571678,6.992548957571678,6.992548957571678,6.992548957571678,6.992548957571678,0.0,0.0,0.0,1153.6167623374056
10004,2001-09-28,1146.771211406458,1111.3525837507013,1191.64219954843,1146.771211406458,1146.771211406458,6.071845649967301,6.071845649967301,6.071845649967301,6.071845649967301,6.071845649967301,6.071845649967301,0.0,0.0,0.0,1152.8430570564253
10005,2001-10-01,1147.2122054863298,1108.3204997892378,1191.1745151772936,1147.2122054863298,1147.2122054863298,3.3111067284855484,3.3111067284855484,3.3111067284855484,3.3111067284855484,3.3111067284855484,3.3111067284855484,0.0,0.0,0.0,1150.5233122148154
10006,2001-10-02,1147.3592035129539,1107.5992318373285,1191.0066681277904,1147.3592035129539,1147.3592035129539,2.39134983598194,2.39134983598194,2.39134983598194,2.39134983598194,2.39134983598194,2.39134983598194,0.0,0.0,0.0,1149.7505533489357
10007,2001-10-03,1147.5062015395777,1107.4781380492186,1192.4591638070533,1147.5062015395777,1147.5062015395777,1.4718538543565485,1.4718538543565485,1.4718538543565485,1.4718538543565485,1.4718538543565485,1.4718538543565485,0.0,0.0,0.0,1148.9780553939343
10008,2001-10-04,1147.6531995662017,1107.7451485179158,1192.8324713369893,1147.6531995662017,1147.6531995662017,0.552628503212527,0.552628503212527,0.552628503212527,0.552628503212527,0.552628503212527,0.552628503212527,0.0,0.0,0.0,1148.205828069414
10009,2001-10-05,1147.8001975928257,1103.1703650965953,1188.6850290147681,1147.8001975928257,1147.8001975928257,-0.3663164998109857,-0.3663164998109857,-0.3663164998109857,-0.3663164998109857,-0.3663164998109857,-0.3663164998109857,0.0,0.0,0.0,1147.4338810930146
10010,2001-10-08,1148.241191672698,1103.8441642326734,1187.97605738036,1148.241191672698,1148.241191672698,-3.1213722769674526,-3.1213722769674526,-3.1213722769674526,-3.1213722769674526,-3.1213722769674526,-3.1213722769674526,0.0,0.0,0.0,1145.1198193957307
10011,2001-10-09,1148.3881896993219,1101.2465515924412,1185.4972459735768,1148.3881896993219,1148.3881896993219,-4.039098756750964,-4.039098756750964,-4.039098756750964,-4.039098756750964,-4.039098756750964,-4.039098756750964,0.0,0.0,0.0,1144.349090942571
10012,2001-10-10,1148.535187725946,1103.1242750772026,1185.037147566828,1148.535187725946,1148.535187725946,-4.956496336128398,-4.956496336128398,-4.956496336128398,-4.956496336128398,-4.956496336128398,-4.956496336128398,0.0,0.0,0.0,1143.5786913898175
10013,2001-10-11,1148.6821857525704,1102.042529005466,1181.7527405165413,1148.6821857525704,1148.6821857525704,-5.873555313157633,-5.873555313157633,-5.873555313157633,-5.873555313157633,-5.873555313157633,-5.873555313157633,0.0,0.0,0.0,1142.8086304394128
10014,2001-10-12,1148.8291837791942,1099.9228885316695,1181.7438944548444,1148.8291837791942,1148.8291837791942,-6.790265989189545,-6.790265989189545,-6.790265989189545,-6.790265989189545,-6.790265989189545,-6.790265989189545,0.0,0.0,0.0,1142.0389177900047
10015,2001-10-15,1149.2701778590663,1098.8319271742898,1178.2333687092691,1149.2701778590663,1149.2701778590663,-9.538211277974048,-9.538211277974048,-9.538211277974048,-9.538211277974048,-9.538211277974048,-9.538211277974048,0.0,0.0,0.0,1139.7319665810921
10016,2001-10-16,1149.41717588569,1100.457322688495,1181.2158472730305,1149.41717588569,1149.41717588569,-10.453431835778485,-10.453431835778485,-10.453431835778485,-10.453431835778485,-10.453431835778485,-10.453431835778485,0.0,0.0,0.0,1138.9637440499116
10017,2001-10-17,1149.5641739123141,1094.0046524528661,1180.2158012928471,1149.5641739123141,1149.5641739123141,-11.368255655215252,-11.368255655215252,-11.368255655215252,-11.368255655215252,-11.368255655215252,-11.368255655215252,0.0,0.0,0.0,1138.1959182570988
10018,2001-10-18,1149.7111719389382,1097.9909157879326,1180.3656227915465,1149.7111719389382,1149.7111719389382,-12.282673061328206,-12.282673061328206,-12.282673061328206,-12.282673061328206,-12.282673061328206,-12.282673061328206,0.0,0.0,0.0,1137.4284988776099
10019,2001-10-19,1149.8581699655622,1096.374811972305,1179.4471260924186,1149.8581699655622,1149.8581699655622,-13.196674383774882,-13.196674383774882,-13.196674383774882,-13.196674383774882,-13.196674383774882,-13.196674383774882,0.0,0.0,0.0,1136.6614955817872
10020,2001-10-22,1150.299164045434,1090.2281491823742,1175.9111317690215,1150.299164045434,1150.299164045434,-15.936085218926612,-15.936085218926612,-15.936085218926612,-15.936085218926612,-15.936085218926612,-15.936085218926612,0.0,0.0,0.0,1134.3630788265075
10021,2001-10-23,1150.446162072058,1091.7440282596926,1173.54105143797,1150.446162072058,1150.446162072058,-16.848325602271082,-16.848325602271082,-16.848325602271082,-16.848325602271082,-16.848325602271082,-16.848325602271082,0.0,0.0,0.0,1133.597836469787
10022,2001-10-24,1150.5931600986823,1091.5550861978938,1172.447100289085,1150.5931600986823,1150.5931600986823,-17.760101626147108,-17.760101626147108,-17.760101626147108,-17.760101626147108,-17.760101626147108,-17.760101626147108,0.0,0.0,0.0,1132.8330584725352
10023,2001-10-25,1150.7401581253064,1091.082839739685,1176.1208943799704,1150.7401581253064,1150.7401581253064,-18.671403651913238,-18.671403651913238,-18.671403651913238,-18.671403651913238,-18.671403651913238,-18.671403651913238,0.0,0.0,0.0,1132.0687544733933
10024,2001-10-26,1150.8871561519304,1092.1042303421693,1173.1050334916442,1150.8871561519304,1150.8871561519304,-19.582222046876378,-19.582222046876378,-19.582222046876378,-19.582222046876378,-19.582222046876378,-19.582222046876378,0.0,0.0,0.0,1131.3049341050541
10025,2001-10-29,1151.3281502318023,1086.4372586429888,1172.550625102205,1151.3281502318023,1151.3281502318023,-22.311679213265734,-22.311679213265734,-22.311679213265734,-22.311679213265734,-22.311679213265734,-22.311679213265734,0.0,0.0,0.0,1129.0164710185365
10026,2001-10-30,1151.4751482584263,1087.8231861569354,1172.7117862328516,1151.4751482584263,1151.4751482584263,-23.220466883759553,-23.220466883759553,-23.220466883759553,-23.220466883759553,-23.220466883759553,-23.220466883759553,0.0,0.0,0.0,1128.2546813746667
10027,2001-10-31,1151.6221462850501,1083.7893508837913,1168.7688028612274,1151.6221462850501,1151.6221462850501,-24.128722855909487,-24.128722855909487,-24.128722855909487,-24.128722855909487,-24.128722855909487,-24.128722855909487,0.0,0.0,0.0,1127.4934234291406
10028,2001-11-01,1151.7691443116742,1083.06141196848,1167.9888703421198,1151.7691443116742,1151.7691443116742,-25.036437536728407,-25.036437536728407,-25.036437536728407,-25.036437536728407,-25.036437536728407,-25.036437536728407,0.0,0.0,0.0,1126.7327067749457
10029,2001-11-02,1151.9161423382986,1084.6492417309457,1167.8205027906756,1151.9161423382989,1151.9161423382989,-25.943601340511968,-25.943601340511968,-25.943601340511968,-25.943601340511968,-25.943601340511968,-25.943601340511968,0.0,0.0,0.0,1125.9725409977866
10030,2001-11-05,1152.3571364181705,1080.5887014057164,1165.725969843887,1152.3571364181705,1152.3571364181705,-28.661691745858082,-28.661691745858082,-28.661691745858082,-28.661691745858082,-28.661691745858082,-28.661691745858082,0.0,0.0,0.0,1123.6954446723125
10031,2001-11-06,1152.5041344447945,1081.3031649463533,1164.8205412295238,1152.5041344447945,1152.5041344447945,-29.56655633679858,-29.56655633679858,-29.56655633679858,-29.56655633679858,-29.56655633679858,-29.56655633679858,0.0,0.0,0.0,1122.937578107996
10032,2001-11-07,1152.6511324714184,1082.9852778124255,1163.0391352177128,1152.6511324714184,1152.6511324714184,-30.47082223810539,-30.47082223810539,-30.47082223810539,-30.47082223810539,-30.47082223810539,-30.47082223810539,0.0,0.0,0.0,1122.1803102333129
10033,2001-11-08,1152.7981304980428,1080.7471210860374,1161.4945980496516,1152.7981304980428,1152.7981304980428,-31.374479911778035,-31.374479911778035,-31.374479911778035,-31.374479911778035,-31.374479911778035,-31.374479911778035,0.0,0.0,0.0,1121.4236505862648
10034,2001-11-09,1152.9451285246666,1078.693637369431,1162.498237096635,1152.9451285246666,1152.9451285246666,-32.2775198284303,-32.2775198284303,-32.2775198284303,-32.2775198284303,-32.2775198284303,-32.2775198284303,0.0,0.0,0.0,1120.6676086962364
10035,2001-11-12,1153.3861226045387,1075.7310066548514,1158.6953399413155,1153.3861226045387,1153.3861226045387,-34.9828378756187,-34.9828378756187,-34.9828378756187,-34.9828378756187,-34.9828378756187,-34.9828378756187,0.0,0.0,0.0,1118.40328472892
10036,2001-11-13,1153.5331206311628,1075.533685753737,1159.8700566329774,1153.5331206311628,1153.5331206311628,-35.88331164928621,-35.88331164928621,-35.88331164928621,-35.88331164928621,-35.88331164928621,-35.88331164928621,0.0,0.0,0.0,1117.6498089818765
10037,2001-11-14,1153.6801186577866,1078.0365933818666,1156.3723477780195,1153.6801186577866,1153.6801186577866,-36.78312015488434,-36.78312015488434,-36.78312015488434,-36.78312015488434,-36.78312015488434,-36.78312015488434,0.0,0.0,0.0,1116.8969985029023
10038,2001-11-15,1153.8271166844106,1077.316901564805,1156.1909953467725,1153.8271166844106,1153.8271166844106,-37.68225391871052,-37.68225391871052,-37.68225391871052,-37.68225391871052,-37.68225391871052,-37.68225391871052,0.0,0.0,0.0,1116.1448627657
10039,2001-11-16,1153.9741147110346,1073.2200087873425,1155.1386134531815,1153.9741147110346,1153.9741147110346,-38.58070347700399,-38.58070347700399,-38.58070347700399,-38.58070347700399,-38.58070347700399,-38.58070347700399,0.0,0.0,0.0,1115.3934112340307
10040,2001-11-19,1154.4151087909065,1072.1038761778009,1153.8837080927033,1154.4151087909065,1154.4151087909065,-41.27185243420212,-41.27185243420212,-41.27185243420212,-41.27185243420212,-41.27185243420212,-41.27185243420212,0.0,0.0,0.0,1113.1432563567043
10041,2001-11-20,1154.5621068175305,1067.2360013997668,1153.2370775471925,1154.5621068175305,1154.5621068175305,-42.167470738249364,-42.167470738249364,-42.167470738249364,-42.167470738249364,-42.167470738249364,-42.167470738249364,0.0,0.0,0.0,1112.394636079281
10042,2001-11-21,1154.7091048441546,1070.759575266117,1154.8013205100997,1154.7091048441546,1154.7091048441546,-43.062357673737196,-43.062357673737196,-43.062357673737196,-43.062357673737196,-43.062357673737196,-43.062357673737196,0.0,0.0,0.0,1111.6467471704175
10043,2001-11-23,1155.0031008974029,1069.0861560692426,1152.0669639083724,1155.0031008974029,1155.0031008974029,-44.84989984978831,-44.84989984978831,-44.84989984978831,-44.84989984978831,-44.84989984978831,-44.84989984978831,0.0,0.0,0.0,1110.1532010476146
10044,2001-11-26,1155.4440949772747,1066.3866331039903,1149.6731646411272,1155.4440949772747,1155.4440949772747,-47.52549321656669,-47.52549321656669,-47.52549321656669,-47.52549321656669,-47.52549321656669,-47.52549321656669,0.0,0.0,0.0,1107.918601760708
10045,2001-11-27,1155.5910930038988,1065.4812640432617,1147.1149391249737,1155.5910930038988,1155.5910930038988,-48.41579493890804,-48.41579493890804,-48.41579493890804,-48.41579493890804,-48.41579493890804,-48.41579493890804,0.0,0.0,0.0,1107.1752980649908
10046,2001-11-28,1155.7380910305228,1065.9693210545242,1144.300803517753,1155.7380910305228,1155.7380910305228,-49.30529973496788,-49.30529973496788,-49.30529973496788,-49.30529973496788,-49.30529973496788,-49.30529973496788,0.0,0.0,0.0,1106.432791295555
10047,2001-11-29,1155.885089057147,1065.8573652021314,1150.3974259544893,1155.885089057147,1155.885089057147,-50.1939982874286,-50.1939982874286,-50.1939982874286,-50.1939982874286,-50.1939982874286,-50.1939982874286,0.0,0.0,0.0,1105.6910907697184
10048,2001-11-30,1156.032087083771,1064.441570018928,1148.0510604797355,1156.032087083771,1156.032087083771,-51.08188129155335,-51.08188129155335,-51.08188129155335,-51.08188129155335,-51.08188129155335,-51.08188129155335,0.0,0.0,0.0,1104.9502057922177
10049,2001-12-03,1156.473081163643,1062.2333958517609,1147.9474368160043,1156.473081163643,1156.473081163643,-53.74054415920476,-53.74054415920476,-53.74054415920476,-53.74054415920476,-53.74054415920476,-53.74054415920476,0.0,0.0,0.0,1102.7325370044382
10050,2001-12-04,1156.620079190267,1059.6697279635364,1144.0603018913198,1156.620079190267,1156.620079190267,-54.62507218079356,-54.62507218079356,-54.62507218079356,-54.62507218079356,-54.62507218079356,-54.62507218079356,0.0,0.0,0.0,1101.9950070094735
10051,2001-12-05,1156.7670772168908,1057.4753193387835,1144.5204424823014,1156.7670772168908,1156.7670772168908,-55.5087383256244,-55.5087383256244,-55.5087383256244,-55.5087383256244,-55.5087383256244,-55.5087383256244,0.0,0.0,0.0,1101.2583388912665
10052,2001-12-06,1156.9140752435148,1056.9462552426055,1138.6627089994945,1156.9140752435148,1156.9140752435148,-56.39153336836748,-56.39153336836748,-56.39153336836748,-56.39153336836748,-56.39153336836748,-56.39153336836748,0.0,0.0,0.0,1100.5225418751475
10053,2001-12-07,1157.0610732701389,1059.3611979466045,1143.1291977957085,1157.0610732701389,1157.0610732701389,-57.27344809758033,-57.27344809758033,-57.27344809758033,-57.27344809758033,-57.27344809758033,-57.27344809758033,0.0,0.0,0.0,1099.7876251725586
10054,2001-12-10,1157.5020673500112,1052.9574735723436,1139.4451837356826,1157.5020673500112,1157.5020673500112,-59.91381850182422,-59.91381850182422,-59.91381850182422,-59.91381850182422,-59.91381850182422,-59.91381850182422,0.0,0.0,0.0,1097.588248848187
10055,2001-12-11,1157.6490653766352,1056.0490568846749,1137.7212323273072,1157.6490653766352,1157.6490653766352,-60.79212014672539,-60.79212014672539,-60.79212014672539,-60.79212014672539,-60.79212014672539,-60.79212014672539,0.0,0.0,0.0,1096.8569452299098
10056,2001-12-12,1157.796063403259,1055.653906350176,1134.6385731611776,1157.796063403259,1157.796063403259,-61.66949563567681,-61.66949563567681,-61.66949563567681,-61.66949563567681,-61.66949563567681,-61.66949563567681,0.0,0.0,0.0,1096.1265677675822
10057,2001-12-13,1157.943061429883,1053.8667848600464,1137.9671196582901,1157.943061429883,1157.943061429883,-62.54593584444668,-62.54593584444668,-62.54593584444668,-62.54593584444668,-62.54593584444668,-62.54593584444668,0.0,0.0,0.0,1095.3971255854365
10058,2001-12-14,1158.090059456507,1056.2314706237294,1138.2482676598286,1158.090059456507,1158.090059456507,-63.4214316639803,-63.4214316639803,-63.4214316639803,-63.4214316639803,-63.4214316639803,-63.4214316639803,0.0,0.0,0.0,1094.6686277925269
10059,2001-12-17,1158.531053536379,1051.2255272005627,1134.5042634557249,1158.531053536379,1158.531053536379,-66.04216192825939,-66.04216192825939,-66.04216192825939,-66.04216192825939,-66.04216192825939,-66.04216192825939,0.0,0.0,0.0,1092.4888916081195
10060,2001-12-18,1158.678051563003,1048.6776814060358,1128.767929556217,1158.678051563003,1158.678051563003,-66.91378941041212,-66.91378941041212,-66.91378941041212,-66.91378941041212,-66.91378941041212,-66.91378941041212,0.0,0.0,0.0,1091.7642621525908
10061,2001-12-19,1158.825049589627,1048.9808567039602,1134.817178603586,1158.825049589627,1158.825049589627,-67.7844271922258,-67.7844271922258,-67.7844271922258,-67.7844271922258,-67.7844271922258,-67.7844271922258,0.0,0.0,0.0,1091.0406223974012
10062,2001-12-20,1158.972047616251,1046.9567574306552,1128.729976296042,1158.972047616251,1158.972047616251,-68.65406625959261,-68.65406625959261,-68.65406625959261,-68.65406625959261,-68.65406625959261,-68.65406625959261,0.0,0.0,0.0,1090.3179813566585
10063,2001-12-21,1159.1190456428749,1047.956201079949,1132.1864802224502,1159.1190456428749,1159.1190456428749,-69.52269761486194,-69.52269761486194,-69.52269761486194,-69.52269761486194,-69.52269761486194,-69.52269761486194,0.0,0.0,0.0,1089.596348028013
10064,2001-12-24,1159.5600397227472,1047.9471434964742,1128.1829122244642,1159.5600397227472,1159.5600397227472,-72.1224556824214,-72.1224556824214,-72.1224556824214,-72.1224556824214,-72.1224556824214,-72.1224556824214,0.0,0.0,0.0,1087.4375840403259
10065,2001-12-26,1159.8540357759955,1044.9939789538616,1130.7544408651577,1159.8540357759955,1159.8540357759955,-73.85042496753933,-73.85042496753933,-73.85042496753933,-73.85042496753933,-73.85042496753933,-73.85042496753933,0.0,0.0,0.0,1086.0036108084562
10066,2001-12-27,1160.0010338026195,1045.2024066938984,1127.1591791201963,1160.0010338026195,1160.0010338026195,-74.71282204452447,-74.71282204452447,-74.71282204452447,-74.71282204452447,-74.71282204452447,-74.71282204452447,0.0,0.0,0.0,1085.288211758095
10067,2001-12-28,1160.1480318292436,1041.5577219026122,1122.9051377235664,1160.1480318292436,1160.1480318292436,-75.57414890211592,-75.57414890211592,-75.57414890211592,-75.57414890211592,-75.57414890211592,-75.57414890211592,0.0,0.0,0.0,1084.5738829271277
10068,2001-12-31,1160.5890259091154,1038.5924411613053,1125.0501064891866,1160.5890259091154,1160.5890259091154,-78.15161965506094,-78.15161965506094,-78.15161965506094,-78.15161965506094,-78.15161965506094,-78.15161965506094,0.0,0.0,0.0,1082.4374062540544
10069,2002-01-02,1160.8830219623635,1039.9918033260553,1125.2079860924846,1160.8830219623635,1160.8830219623635,-79.8644204567203,-79.8644204567203,-79.8644204567203,-79.8644204567203,-79.8644204567203,-79.8644204567203,0.0,0.0,0.0,1081.0186015056431
10070,2002-01-03,1161.0300199889873,1037.89861725297,1122.0131373628599,1161.0300199889873,1161.0300199889873,-80.71914058974042,-80.71914058974042,-80.71914058974042,-80.71914058974042,-80.71914058974042,-80.71914058974042,0.0,0.0,0.0,1080.310879399247
10071,2002-01-04,1161.1770180156113,1035.2096545775019,1123.086226024075,1161.1770180156113,1161.1770180156113,-81.57272887364243,-81.57272887364243,-81.57272887364243,-81.57272887364243,-81.57272887364243,-81.57272887364243,0.0,0.0,0.0,1079.6042891419688
10072,2002-01-07,1161.6180120954837,1039.3730763468054,1121.1313641422314,1161.6180120954837,1161.6180120954837,-84.12661543720326,-84.12661543720326,-84.12661543720326,-84.12661543720326,-84.12661543720326,-84.12661543720326,0.0,0.0,0.0,1077.4913966582803
10073,2002-01-08,1161.7650101221077,1032.5589192226084,1118.1720601000711,1161.7650101221077,1161.7650101221077,-84.97558922858971,-84.97558922858971,-84.97558922858971,-84.97558922858971,-84.97558922858971,-84.97558922858971,0.0,0.0,0.0,1076.789420893518
10074,2002-01-09,1161.9120081487315,1029.5028484537959,1115.2775608931136,1161.9120081487315,1161.9120081487315,-85.82338772084644,-85.82338772084644,-85.82338772084644,-85.82338772084644,-85.82338772084644,-85.82338772084644,0.0,0.0,0.0,1076.088620427885
10075,2002-01-10,1162.0590061753555,1035.719897703906,1119.1537529541592,1162.0590061753555,1162.0590061753555,-86.67000228339063,-86.67000228339063,-86.67000228339063,-86.67000228339063,-86.67000228339063,-86.67000228339063,0.0,0.0,0.0,1075.3890038919649
10076,2002-01-11,1162.2060042019796,1035.8676000693004,1116.0591416827008,1162.2060042019796,1162.2060042019796,-87.51542430585964,-87.51542430585964,-87.51542430585964,-87.51542430585964,-87.51542430585964,-87.51542430585964,0.0,0.0,0.0,1074.69057989612
10077,2002-01-14,1162.6469982818514,1030.3400178291884,1116.862884642786,1162.6469982818514,1162.6469982818514,-90.04444933607566,-90.04444933607566,-90.04444933607566,-90.04444933607566,-90.04444933607566,-90.04444933607566,0.0,0.0,0.0,1072.6025489457759
10078,2002-01-15,1162.7939963084755,1029.8490958527818,1111.7651328766888,1162.7939963084755,1162.7939963084755,-90.8850155050285,-90.8850155050285,-90.8850155050285,-90.8850155050285,-90.8850155050285,-90.8850155050285,0.0,0.0,0.0,1071.9089808034469
10079,2002-01-16,1162.9409943350995,1030.292822643817,1114.9711738840713,1162.9409943350995,1162.9409943350995,-91.7243463914293,-91.7243463914293,-91.7243463914293,-91.7243463914293,-91.7243463914293,-91.7243463914293,0.0,0.0,0.0,1071.2166479436703
10080,2002-01-17,1163.0879923617238,1032.2385906593527,1111.8239154781509,1163.0879923617238,1163.0879923617238,-92.56243350986522,-92.56243350986522,-92.56243350986522,-92.56243350986522,-92.56243350986522,-92.56243350986522,0.0,0.0,0.0,1070.5255588518585
10081,2002-01-18,1163.2349903883478,1024.4900673350623,1112.2795065491853,1163.2349903883478,1163.2349903883478,-93.39926839635758,-93.39926839635758,-93.39926839635758,-93.39926839635758,-93.39926839635758,-93.39926839635758,0.0,0.0,0.0,1069.83572199199
10082,2002-01-22,1163.8229824948442,1025.851300422784,1106.2048864280223,1163.8229824948444,1163.8229824948444,-96.73391710295466,-96.73391710295466,-96.73391710295466,-96.73391710295466,-96.73391710295466,-96.73391710295466,0.0,0.0,0.0,1067.0890653918896
10083,2002-01-23,1163.969980521468,1027.5084740455816,1107.860112479852,1163.969980521468,1163.969980521468,-97.56436463209178,-97.56436463209178,-97.56436463209178,-97.56436463209178,-97.56436463209178,-97.56436463209178,0.0,0.0,0.0,1066.4056158893761
10084,2002-01-24,1164.116978548092,1022.9395723706508,1107.8178268112322,1164.116978548092,1164.116978548092,-98.39350960503432,-98.39350960503432,-98.39350960503432,-98.39350960503432,-98.39350960503432,-98.39350960503432,0.0,0.0,0.0,1065.7234689430577
10085,2002-01-25,1164.263976574716,1023.1950299392997,1107.3778301018217,1164.263976574716,1164.263976574716,-99.22134371260364,-99.22134371260364,-99.22134371260364,-99.22134371260364,-99.22134371260364,-99.22134371260364,0.0,0.0,0.0,1065.0426328621124
10086,2002-01-28,1164.704970654588,1021.301174590552,1098.1430013662202,1164.704970654588,1164.704970654588,-101.69689809415813,-101.69689809415813,-101.69689809415813,-101.69689809415813,-101.69689809415813,-101.69689809415813,0.0,0.0,0.0,1063.0080725604298
10087,2002-01-29,1164.851968681212,1020.4188526090743,1104.1939947967296,1164.851968681212,1164.851968681212,-102.51940610679532,-102.51940610679532,-102.51940610679532,-102.51940610679532,-102.51940610679532,-102.51940610679532,0.0,0.0,0.0,1062.3325625744167
10088,2002-01-30,1164.998966707836,1016.6718589695607,1104.7596570363744,1164.998966707836,1164.998966707836,-103.3405620533983,-103.3405620533983,-103.3405620533983,-103.3405620533983,-103.3405620533983,-103.3405620533983,0.0,0.0,0.0,1061.6584046544376
10089,2002-01-31,1165.1459647344598,1020.6648695557806,1100.3403232455944,1165.1459647344598,1165.1459647344598,-104.16035776405516,-104.16035776405516,-104.16035776405516,-104.16035776405516,-104.16035776405516,-104.16035776405516,0.0,0.0,0.0,1060.9856069704047
10090,2002-02-01,1165.2929627610838,1018.6281556483459,1098.9974019701626,1165.2929627610838,1165.2929627610838,-104.97878509264656,-104.97878509264656,-104.97878509264656,-104.97878509264656,-104.97878509264656,-104.97878509264656,0.0,0.0,0.0,1060.3141776684372
10091,2002-02-04,1165.733956840956,1015.8658147788055,1096.6888475778578,1165.733956840956,1165.733956840956,-107.42577568521492,-107.42577568521492,-107.42577568521492,-107.42577568521492,-107.42577568521492,-107.42577568521492,0.0,0.0,0.0,1058.308181155741
10092,2002-02-05,1165.8809548675797,1016.6276664863227,1102.2145730949967,1165.88095486758,1165.88095486758,-108.23864850600812,-108.23864850600812,-108.23864850600812,-108.23864850600812,-108.23864850600812,-108.23864850600812,0.0,0.0,0.0,1057.6423063615716
10093,2002-02-06,1166.0279528942042,1016.0731625160013,1098.8626259395846,1166.0279528942042,1166.0279528942042,-109.0501125768162,-109.0501125768162,-109.0501125768162,-109.0501125768162,-109.0501125768162,-109.0501125768162,0.0,0.0,0.0,1056.977840317388
10094,2002-02-07,1166.174950920828,1011.2508447414805,1098.8869789514206,1166.174950920828,1166.174950920828,-109.86015989773855,-109.86015989773855,-109.86015989773855,-109.86015989773855,-109.86015989773855,-109.86015989773855,0.0,0.0,0.0,1056.3147910230894
10095,2002-02-08,1166.321948947452,1012.0162755352413,1096.1675885343952,1166.321948947452,1166.321948947452,-110.66878249381145,-110.66878249381145,-110.66878249381145,-110.66878249381145,-110.66878249381145,-110.66878249381145,0.0,0.0,0.0,1055.6531664536406
10096,2002-02-11,1166.762943027324,1012.7621447757879,1090.6715074144936,1166.762943027324,1166.762943027324,-113.08602256079375,-113.08602256079375,-113.08602256079375,-113.08602256079375,-113.08602256079375,-113.08602256079375,0.0,0.0,0.0,1053.6769204665302
10097,2002-02-12,1166.909941053948,1010.8416601824085,1095.3840162581764,1166.909941053948,1166.909941053948,-113.88886701228326,-113.88886701228326,-113.88886701228326,-113.88886701228326,-113.88886701228326,-113.88886701228326,0.0,0.0,0.0,1053.0210740416646
10098,2002-02-13,1167.0569390805724,1014.7261357384457,1092.6855810411603,1167.0569390805724,1167.0569390805724,-114.69024724384367,-114.69024724384367,-114.69024724384367,-114.69024724384367,-114.69024724384367,-114.69024724384367,0.0,0.0,0.0,1052.3666918367287
10099,2002-02-14,1167.2039371071962,1012.1945897698346,1093.625408009041,1167.2039371071962,1167.2039371071962,-115.49015543352797,-115.49015543352797,-115.49015543352797,-115.49015543352797,-115.49015543352797,-115.49015543352797,0.0,0.0,0.0,1051.7137816736683
10100,2002-02-15,1167.3509351338203,1007.5293859316072,1091.2445428901387,1167.3509351338203,1167.3509351338203,-116.28858378544538,-116.28858378544538,-116.28858378544538,-116.28858378544538,-116.28858378544538,-116.28858378544538,0.0,0.0,0.0,1051.062351348375
10101,2002-02-19,1167.9389272403162,1007.2946406330393,1092.2691815474927,1167.9389272403162,1167.9389272403162,-119.46734381856398,-119.46734381856398,-119.46734381856398,-119.46734381856398,-119.46734381856398,-119.46734381856398,0.0,0.0,0.0,1048.4715834217523
10102,2002-02-20,1168.0859252669402,1004.9813796780645,1083.7880237298768,1168.0859252669402,1168.0859252669402,-120.25825696640182,-120.25825696640182,-120.25825696640182,-120.25825696640182,-120.25825696640182,-120.25825696640182,0.0,0.0,0.0,1047.8276683005383
10103,2002-02-21,1168.2329232935645,1004.5301045197879,1088.3254775817502,1168.2329232935645,1168.2329232935645,-121.04764405718214,-121.04764405718214,-121.04764405718214,-121.04764405718214,-121.04764405718214,-121.04764405718214,0.0,0.0,0.0,1047.1852792363823
10104,2002-02-22,1168.3799213201885,1000.8928866680931,1087.3113709701734,1168.3799213201885,1168.3799213201885,-121.83549748181642,-121.83549748181642,-121.83549748181642,-121.83549748181642,-121.83549748181642,-121.83549748181642,0.0,0.0,0.0,1046.544423838372
10105,2002-02-25,1168.8209154000604,1002.7422500522713,1085.1739563527153,1168.8209154000604,1168.8209154000604,-124.18978007846336,-124.18978007846336,-124.18978007846336,-124.18978007846336,-124.18978007846336,-124.18978007846336,0.0,0.0,0.0,1044.631135321597
10106,2002-02-26,1168.9679134266844,1002.0569359192059,1083.9172247587264,1168.9679134266844,1168.9679134266844,-124.97142329603315,-124.97142329603315,-124.97142329603315,-124.97142329603315,-124.97142329603315,-124.97142329603315,0.0,0.0,0.0,1043.9964901306512
10107,2002-02-27,1169.1149114533084,1003.8301920512292,1085.9137624037876,1169.1149114533084,1169.1149114533084,-125.75149521465303,-125.75149521465303,-125.75149521465303,-125.75149521465303,-125.75149521465303,-125.75149521465303,0.0,0.0,0.0,1043.3634162386554
10108,2002-02-28,1169.2619094799325,1002.0261939418209,1088.0114227431893,1169.2619094799325,1169.2619094799325,-126.52998839134759,-126.52998839134759,-126.52998839134759,-126.52998839134759,-126.52998839134759,-126.52998839134759,0.0,0.0,0.0,1042.7319210885848
10109,2002-03-01,1169.4089075065563,1001.1406880958721,1083.645020535921,1169.4089075065563,1169.4089075065563,-127.30689541136041,-127.30689541136041,-127.30689541136041,-127.30689541136041,-127.30689541136041,-127.30689541136041,0.0,0.0,0.0,1042.1020120951957
10110,2002-03-04,1169.8499015864284,1000.2203218103102,1081.512580975405,1169.8499015864284,1169.8499015864284,-129.62802581008577,-129.62802581008577,-129.62802581008577,-129.62802581008577,-129.62802581008577,-129.62802581008577,0.0,0.0,0.0,1040.2218757763426
10111,2002-03-05,1169.9968996130522,996.7361139686258,1081.567201216165,1169.9968996130522,1169.9968996130522,-130.39851462530257,-130.39851462530257,-130.39851462530257,-130.39851462530257,-130.39851462530257,-130.39851462530257,0.0,0.0,0.0,1039.5983849877496
10112,2002-03-06,1170.1438976396762,995.1471872778493,1078.47187752531,1170.1438976396762,1170.1438976396762,-131.16738063847788,-131.16738063847788,-131.16738063847788,-131.16738063847788,-131.16738063847788,-131.16738063847788,0.0,0.0,0.0,1038.9765170011983
10113,2002-03-07,1170.2908956663002,996.5236274598801,1077.8468575909537,1170.2908956663002,1170.2908956663002,-131.9346166072533,-131.9346166072533,-131.9346166072533,-131.9346166072533,-131.9346166072533,-131.9346166072533,0.0,0.0,0.0,1038.356279059047
10114,2002-03-08,1170.4378936929245,996.3130863414237,1079.2933533365529,1170.4378936929245,1170.4378936929245,-132.70021531852106,-132.70021531852106,-132.70021531852106,-132.70021531852106,-132.70021531852106,-132.70021531852106,0.0,0.0,0.0,1037.7376783744035
10115,2002-03-11,1170.8788877727966,993.0544238695896,1077.3161149808263,1170.8788877727966,1170.8788877727966,-134.98711621793487,-134.98711621793487,-134.98711621793487,-134.98711621793487,-134.98711621793487,-134.98711621793487,0.0,0.0,0.0,1035.8917715548616
10116,2002-03-12,1171.0258857994208,992.2379483496005,1075.6912116251283,1171.0258857994208,1171.0258857994208,-135.74609435807926,-135.74609435807926,-135.74609435807926,-135.74609435807926,-135.74609435807926,-135.74609435807926,0.0,0.0,0.0,1035.2797914413416
10117,2002-03-13,1171.1728838260449,991.4078701865335,1077.6346596597884,1171.1728838260449,1171.1728838260449,-136.50339961892598,-136.50339961892598,-136.50339961892598,-136.50339961892598,-136.50339961892598,-136.50339961892598,0.0,0.0,0.0,1034.6694842071188
10118,2002-03-14,1171.3198818526687,993.4508906752448,1077.6488154463852,1171.3198818526687,1171.3198818526687,-137.259024965863,-137.259024965863,-137.259024965863,-137.259024965863,-137.259024965863,-137.259024965863,0.0,0.0,0.0,1034.0608568868056
10119,2002-03-15,1171.4668798792927,991.3976094454578,1072.6335655423081,1171.4668798792927,1171.4668798792927,-138.01296339452904,-138.01296339452904,-138.01296339452904,-138.01296339452904,-138.01296339452904,-138.01296339452904,0.0,0.0,0.0,1033.4539164847638
10120,2002-03-18,1171.9078739591646,990.1262119153603,1075.5274577020218,1171.9078739591646,1171.9078739591646,-140.26458758393503,-140.26458758393503,-140.26458758393503,-140.26458758393503,-140.26458758393503,-140.26458758393503,0.0,0.0,0.0,1031.6432863752295
10121,2002-03-19,1172.0548719857886,989.9992047500368,1073.5895465492201,1172.0548719857884,1172.0548719857884,-141.0117089057327,-141.0117089057327,-141.0117089057327,-141.0117089057327,-141.0117089057327,-141.0117089057327,0.0,0.0,0.0,1031.0431630800558
10122,2002-03-20,1172.2018700124127,987.6239157725622,1072.0546055219388,1172.2018700124127,1172.2018700124127,-141.75710874603993,-141.75710874603993,-141.75710874603993,-141.75710874603993,-141.75710874603993,-141.75710874603993,0.0,0.0,0.0,1030.4447612663728
10123,2002-03-21,1172.3488680390367,988.7706399085522,1072.1655185088239,1172.3488680390367,1172.3488680390367,-142.5007802848926,-142.5007802848926,-142.5007802848926,-142.5007802848926,-142.5007802848926,-142.5007802848926,0.0,0.0,0.0,1029.848087754144
10124,2002-03-22,1172.4958660656607,983.6439747540752,1069.8228420927303,1172.4958660656607,1172.4958660656607,-143.24271673354292,-143.24271673354292,-143.24271673354292,-143.24271673354292,-143.24271673354292,-143.24271673354292,0.0,0.0,0.0,1029.2531493321178
10125,2002-03-25,1172.9368601455328,987.0531179336244,1069.0394912734869,1172.9368601455328,1172.9368601455328,-145.45804812185244,-145.45804812185244,-145.45804812185244,-145.45804812185244,-145.45804812185244,-145.45804812185244,0.0,0.0,0.0,1027.4788120236803
10126,2002-03-26,1173.0838581721569,986.3396678220782,1071.213594280196,1173.0838581721569,1173.0838581721569,-146.1929769512104,-146.1929769512104,-146.1929769512104,-146.1929769512104,-146.1929769512104,-146.1929769512104,0.0,0.0,0.0,1026.8908812209465
10127,2002-03-27,1173.2308561987809,987.2632768610027,1071.6519494631964,1173.2308561987809,1173.2308561987809,-146.9261372195428,-146.9261372195428,-146.9261372195428,-146.9261372195428,-146.9261372195428,-146.9261372195428,0.0,0.0,0.0,1026.304718979238
10128,2002-03-28,1173.377854225405,985.358775993096,1064.3448314759319,1173.377854225405,1173.377854225405,-147.6575223281951,-147.6575223281951,-147.6575223281951,-147.6575223281951,-147.6575223281951,-147.6575223281951,0.0,0.0,0.0,1025.7203318972097
10129,2002-04-01,1173.9658463319008,981.8611242605685,1064.8803946036487,1173.965846331901,1173.965846331901,-150.56518032078358,-150.56518032078358,-150.56518032078358,-150.56518032078358,-150.56518032078358,-150.56518032078358,0.0,0.0,0.0,1023.4006660111172
10130,2002-04-02,1174.1128443585249,980.1148428792899,1065.9646489537365,1174.1128443585249,1174.1128443585249,-151.287591780884,-151.287591780884,-151.287591780884,-151.287591780884,-151.287591780884,-151.287591780884,0.0,0.0,0.0,1022.8252525776409
10131,2002-04-03,1174.259842385149,980.9388838105729,1061.7208555716136,1174.259842385149,1174.259842385149,-152.00818916897083,-152.00818916897083,-152.00818916897083,-152.00818916897083,-152.00818916897083,-152.00818916897083,0.0,0.0,0.0,1022.2516532161783
10132,2002-04-04,1174.4068404117731,978.9631215900087,1063.6639463685144,1174.4068404117731,1174.4068404117731,-152.7269661141161,-152.7269661141161,-152.7269661141161,-152.7269661141161,-152.7269661141161,-152.7269661141161,0.0,0.0,0.0,1021.6798742976571
10133,2002-04-05,1174.553838438397,982.0271926030405,1064.7116021087797,1174.553838438397,1174.553838438397,-153.44391627843004,-153.44391627843004,-153.44391627843004,-153.44391627843004,-153.44391627843004,-153.44391627843004,0.0,0.0,0.0,1021.1099221599669
10134,2002-04-08,1174.9948325182693,978.511254285753,1063.273330760566,1174.9948325182693,1174.9948325182693,-155.58374320572983,-155.58374320572983,-155.58374320572983,-155.58374320572983,-155.58374320572983,-155.58374320572983,0.0,0.0,0.0,1019.4110893125394
10135,2002-04-09,1175.1418305448933,977.8621434893957,1062.0044425069398,1175.1418305448933,1175.1418305448933,-156.2933235330014,-156.2933235330014,-156.2933235330014,-156.2933235330014,-156.2933235330014,-156.2933235330014,0.0,0.0,0.0,1018.8485070118919
10136,2002-04-10,1175.2888285715173,976.8097152942025,1060.9732861720277,1175.2888285715173,1175.2888285715173,-157.0010458899487,-157.0010458899487,-157.0010458899487,-157.0010458899487,-157.0010458899487,-157.0010458899487,0.0,0.0,0.0,1018.2877826815686
10137,2002-04-11,1175.4358265981414,976.8625893569769,1060.2931984511356,1175.4358265981414,1175.4358265981414,-157.70690413952084,-157.70690413952084,-157.70690413952084,-157.70690413952084,-157.70690413952084,-157.70690413952084,0.0,0.0,0.0,1017.7289224586206
10138,2002-04-12,1175.5828246247652,975.8790420897416,1058.359085341552,1175.5828246247652,1175.5828246247652,-158.41089217856666,-158.41089217856666,-158.41089217856666,-158.41089217856666,-158.41089217856666,-158.41089217856666,0.0,0.0,0.0,1017.1719324461985
10139,2002-04-15,1176.0238187046373,973.2954334388794,1054.283912956738,1176.0238187046373,1176.0238187046373,-160.51157451198785,-160.51157451198785,-160.51157451198785,-160.51157451198785,-160.51157451198785,-160.51157451198785,0.0,0.0,0.0,1015.5122441926494
10140,2002-04-16,1176.170816731261,975.0254394763579,1056.6545294119442,1176.170816731261,1176.170816731261,-161.2080213595248,-161.2080213595248,-161.2080213595248,-161.2080213595248,-161.2080213595248,-161.2080213595248,0.0,0.0,0.0,1014.9627953717363
10141,2002-04-17,1176.3178147578851,972.8002723625184,1059.4066614586566,1176.3178147578851,1176.3178147578851,-161.90256799339417,-161.90256799339417,-161.90256799339417,-161.90256799339417,-161.90256799339417,-161.90256799339417,0.0,0.0,0.0,1014.4152467644909
10142,2002-04-18,1176.4648127845091,974.1255863722873,1057.8419120728522,1176.4648127845091,1176.4648127845091,-162.59520851631177,-162.59520851631177,-162.59520851631177,-162.59520851631177,-162.59520851631177,-162.59520851631177,0.0,0.0,0.0,1013.8696042681973
10143,2002-04-19,1176.6118108111332,972.3143346109026,1055.2627324242528,1176.6118108111332,1176.6118108111332,-163.2859370657123,-163.2859370657123,-163.2859370657123,-163.2859370657123,-163.2859370657123,-163.2859370657123,0.0,0.0,0.0,1013.325873745421
10144,2002-04-22,1177.0528048910053,966.9882961707913,1054.1186605356108,1177.0528048910053,1177.0528048910053,-165.34659277027725,-165.34659277027725,-165.34659277027725,-165.34659277027725,-165.34659277027725,-165.34659277027725,0.0,0.0,0.0,1011.706212120728
10145,2002-04-23,1177.1998029176293,973.3538253633943,1057.4939703674609,1177.1998029176293,1177.1998029176293,-166.02961549824556,-166.02961549824556,-166.02961549824556,-166.02961549824556,-166.02961549824556,-166.02961549824556,0.0,0.0,0.0,1011.1701874193838
10146,2002-04-24,1177.3468009442533,968.8438999679345,1053.0703918942527,1177.3468009442533,1177.3468009442533,-166.71069746457098,-166.71069746457098,-166.71069746457098,-166.71069746457098,-166.71069746457098,-166.71069746457098,0.0,0.0,0.0,1010.6361034796823
10147,2002-04-25,1177.4937989708774,969.9590578961113,1050.5687844871718,1177.4937989708774,1177.4937989708774,-167.38983301735007,-167.38983301735007,-167.38983301735007,-167.38983301735007,-167.38983301735007,-167.38983301735007,0.0,0.0,0.0,1010.1039659535273
10148,2002-04-26,1177.6407969975014,968.4625389473206,1053.1335214955113,1177.6407969975014,1177.6407969975014,-168.06701654017655,-168.06701654017655,-168.06701654017655,-168.06701654017655,-168.06701654017655,-168.06701654017655,0.0,0.0,0.0,1009.5737804573248
10149,2002-04-29,1178.0817910773733,967.2873544592017,1050.8345816683454,1178.0817910773733,1178.0817910773733,-170.08679929956483,-170.08679929956483,-170.08679929956483,-170.08679929956483,-170.08679929956483,-170.08679929956483,0.0,0.0,0.0,1007.9949917778084
10150,2002-04-30,1178.2287891039975,969.2362969910521,1049.8410301659928,1178.2287891039973,1178.2287891039973,-170.75611925218854,-170.75611925218854,-170.75611925218854,-170.75611925218854,-170.75611925218854,-170.75611925218854,0.0,0.0,0.0,1007.472669851809
10151,2002-05-01,1178.3757871306216,964.8881866241883,1046.8186320265465,1178.3757871306216,1178.3757871306216,-171.42345962901254,-171.42345962901254,-171.42345962901254,-171.42345962901254,-171.42345962901254,-171.42345962901254,0.0,0.0,0.0,1006.952327501609
10152,2002-05-02,1178.5227851572456,961.6417299692071,1049.175650873953,1178.5227851572456,1178.5227851572456,-172.08881502884353,-172.08881502884353,-172.08881502884353,-172.08881502884353,-172.08881502884353,-172.08881502884353,0.0,0.0,0.0,1006.433970128402
10153,2002-05-03,1178.6697831838694,964.7679791909069,1045.7428670536176,1178.6697831838694,1178.6697831838694,-172.75218008672437,-172.75218008672437,-172.75218008672437,-172.75218008672437,-172.75218008672437,-172.75218008672437,0.0,0.0,0.0,1005.917603097145
10154,2002-05-06,1179.1107772637415,964.399239231699,1044.9174694886858,1179.1107772637415,1179.1107772637415,-174.73028010471918,-174.73028010471918,-174.73028010471918,-174.73028010471918,-174.73028010471918,-174.73028010471918,0.0,0.0,0.0,1004.3804971590223
10155,2002-05-07,1179.2577752903658,961.8480352065409,1047.1596636835795,1179.2577752903658,1179.2577752903658,-175.3856308734418,-175.3856308734418,-175.3856308734418,-175.3856308734418,-175.3856308734418,-175.3856308734418,0.0,0.0,0.0,1003.8721444169239
10156,2002-05-08,1179.4047733169898,960.7640230886469,1044.9762932327794,1179.4047733169898,1179.4047733169898,-176.03896502246909,-176.03896502246909,-176.03896502246909,-176.03896502246909,-176.03896502246909,-176.03896502246909,0.0,0.0,0.0,1003.3658082945208
10157,2002-05-09,1179.5517713436138,963.4111005832007,1044.8002217612618,1179.5517713436138,1179.5517713436138,-176.6902774063581,-176.6902774063581,-176.6902774063581,-176.6902774063581,-176.6902774063581,-176.6902774063581,0.0,0.0,0.0,1002.8614939372558
10158,2002-05-10,1179.6987693702376,961.726066735574,1041.6225182248422,1179.6987693702376,1179.6987693702376,-177.3395629165972,-177.3395629165972,-177.3395629165972,-177.3395629165972,-177.3395629165972,-177.3395629165972,0.0,0.0,0.0,1002.3592064536405
10159,2002-05-13,1180.1397634501097,959.6959723640792,1042.0708308537553,1180.1397634501095,1180.1397634501095,-179.27520767623267,-179.27520767623267,-179.27520767623267,-179.27520767623267,-179.27520767623267,-179.27520767623267,0.0,0.0,0.0,1000.8645557738771
10160,2002-05-14,1180.2867614767335,960.7064496271034,1041.441802028347,1180.2867614767335,1180.2867614767335,-179.91633534867125,-179.91633534867125,-179.91633534867125,-179.91633534867125,-179.91633534867125,-179.91633534867125,0.0,0.0,0.0,1000.3704261280623
10161,2002-05-15,1180.4337595033576,956.8606867273812,1041.5290130710416,1180.4337595033576,1180.4337595033576,-180.55541116216293,-180.55541116216293,-180.55541116216293,-180.55541116216293,-180.55541116216293,-180.55541116216293,0.0,0.0,0.0,999.8783483411946
10162,2002-05-16,1180.5807575299816,957.8036791260306,1041.0152242820304,1180.5807575299816,1180.5807575299816,-181.19243023175974,-181.19243023175974,-181.19243023175974,-181.19243023175974,-181.19243023175974,-181.19243023175974,0.0,0.0,0.0,999.3883272982218
10163,2002-05-17,1180.7277555566056,957.0253836217144,1043.5218343107535,1180.7277555566056,1180.7277555566056,-181.82738771008906,-181.82738771008906,-181.82738771008906,-181.82738771008906,-181.82738771008906,-181.82738771008906,0.0,0.0,0.0,998.9003678465166
10164,2002-05-20,1181.1687496364775,954.0223163011524,1036.7525414085028,1181.1687496364775,1181.1687496364775,-183.71984268938706,-183.71984268938706,-183.71984268938706,-183.71984268938706,-183.71984268938706,-183.71984268938706,0.0,0.0,0.0,997.4489069470904
10165,2002-05-21,1181.3157476631015,956.9968675206147,1036.9035666374054,1181.3157476631015,1181.3157476631015,-184.34650608371504,-184.34650608371504,-184.34650608371504,-184.34650608371504,-184.34650608371504,-184.34650608371504,0.0,0.0,0.0,996.9692415793866
10166,2002-05-22,1181.4627456897256,955.5051029727998,1038.1926969824115,1181.4627456897256,1181.4627456897256,-184.97108421676424,-184.97108421676424,-184.97108421676424,-184.97108421676424,-184.97108421676424,-184.97108421676424,0.0,0.0,0.0,996.4916614729614
10167,2002-05-23,1181.6097437163498,954.526884722714,1039.6197658598637,1181.6097437163498,1181.6097437163498,-185.59357246851306,-185.59357246851306,-185.59357246851306,-185.59357246851306,-185.59357246851306,-185.59357246851306,0.0,0.0,0.0,996.0161712478368
10168,2002-05-24,1181.7567417429739,954.6633974998457,1037.539590218122,1181.7567417429739,1181.7567417429739,-186.2139662571234,-186.2139662571234,-186.2139662571234,-186.2139662571234,-186.2139662571234,-186.2139662571234,0.0,0.0,0.0,995.5427754858505
10169,2002-05-28,1182.34473384947,953.5431739579975,1035.0097155508743,1182.34473384947,1182.34473384947,-188.6745064847889,-188.6745064847889,-188.6745064847889,-188.6745064847889,-188.6745064847889,-188.6745064847889,0.0,0.0,0.0,993.6702273646811
10170,2002-05-29,1182.491731876094,950.5616435166957,1037.2828009091425,1182.491731876094,1182.491731876094,-189.28436057262587,-189.28436057262587,-189.28436057262587,-189.28436057262587,-189.28436057262587,-189.28436057262587,0.0,0.0,0.0,993.2073713034681
10171,2002-05-30,1182.638729902718,952.9220760004882,1033.4416988768091,1182.638729902718,1182.638729902718,-189.89209351291484,-189.89209351291484,-189.89209351291484,-189.89209351291484,-189.89209351291484,-189.89209351291484,0.0,0.0,0.0,992.7466363898033
10172,2002-05-31,1182.785727929342,951.0513430696826,1033.103539342685,1182.785727929342,1182.785727929342,-190.4977009934304,-190.4977009934304,-190.4977009934304,-190.4977009934304,-190.4977009934304,-190.4977009934304,0.0,0.0,0.0,992.2880269359117
10173,2002-06-03,1183.226722009214,947.2089599933012,1035.6648103095058,1183.226722009214,1183.226722009214,-192.3017281370297,-192.3017281370297,-192.3017281370297,-192.3017281370297,-192.3017281370297,-192.3017281370297,0.0,0.0,0.0,990.9249938721842
10174,2002-06-04,1183.373720035838,947.8895886782603,1031.56552359432,1183.373720035838,1183.373720035838,-192.89879143397476,-192.89879143397476,-192.89879143397476,-192.89879143397476,-192.89879143397476,-192.89879143397476,0.0,0.0,0.0,990.4749286018632
10175,2002-06-05,1183.5207180624618,951.4647882945621,1031.2590352849602,1183.5207180624618,1183.5207180624618,-193.4937082939935,-193.4937082939935,-193.4937082939935,-193.4937082939935,-193.4937082939935,-193.4937082939935,0.0,0.0,0.0,990.0270097684684
10176,2002-06-06,1183.6677160890858,950.0369874950438,1032.813667184782,1183.6677160890858,1183.6677160890858,-194.0864746389691,-194.0864746389691,-194.0864746389691,-194.0864746389691,-194.0864746389691,-194.0864746389691,0.0,0.0,0.0,989.5812414501167
10177,2002-06-07,1183.81471411571,947.899908180355,1029.6887474466635,1183.81471411571,1183.81471411571,-194.67708643004906,-194.67708643004906,-194.67708643004906,-194.67708643004906,-194.67708643004906,-194.67708643004906,0.0,0.0,0.0,989.1376276856611
10178,2002-06-10,1184.2557081955822,946.4466674903827,1027.8238112508338,1184.2557081955822,1184.2557081955822,-196.43595468195204,-196.43595468195204,-196.43595468195204,-196.43595468195204,-196.43595468195204,-196.43595468195204,0.0,0.0,0.0,987.8197535136302
10179,2002-06-11,1184.4027062222062,942.7398905574555,1027.7121516583966,1184.4027062222062,1184.4027062222062,-197.017908656809,-197.017908656809,-197.017908656809,-197.017908656809,-197.017908656809,-197.017908656809,0.0,0.0,0.0,987.3847975653972
10180,2002-06-12,1184.54970424883,944.4537747218753,1028.3510551630277,1184.54970424883,1184.54970424883,-197.59768847500956,-197.59768847500956,-197.59768847500956,-197.59768847500956,-197.59768847500956,-197.59768847500956,0.0,0.0,0.0,986.9520157738204
10181,2002-06-13,1184.696702275454,943.5150859756365,1027.2548987734551,1184.696702275454,1184.696702275454,-198.17529033476964,-198.17529033476964,-198.17529033476964,-198.17529033476964,-198.17529033476964,-198.17529033476964,0.0,0.0,0.0,986.5214119406844
10182,2002-06-14,1184.843700302078,943.0562996064731,1029.3181843136558,1184.843700302078,1184.843700302078,-198.75071047404523,-198.75071047404523,-198.75071047404523,-198.75071047404523,-198.75071047404523,-198.75071047404523,0.0,0.0,0.0,986.0929898280328
10183,2002-06-17,1185.28469438195,941.3703143140867,1026.608341532793,1185.28469438195,1185.28469438195,-200.46384354599562,-200.46384354599562,-200.46384354599562,-200.46384354599562,-200.46384354599562,-200.46384354599562,0.0,0.0,0.0,984.8208508359544
10184,2002-06-18,1185.4316924085742,942.296615021498,1024.6199360559485,1185.4316924085742,1185.4316924085742,-201.03049997994447,-201.03049997994447,-201.03049997994447,-201.03049997994447,-201.03049997994447,-201.03049997994447,0.0,0.0,0.0,984.4011924286298
10185,2002-06-19,1185.5786904351983,941.6419629455554,1027.7662722953025,1185.5786904351983,1185.5786904351983,-201.59495648150883,-201.59495648150883,-201.59495648150883,-201.59495648150883,-201.59495648150883,-201.59495648150883,0.0,0.0,0.0,983.9837339536895
10186,2002-06-20,1185.7256884618223,943.2797399919232,1025.7151864812372,1185.7256884618223,1185.7256884618223,-202.15720952839396,-202.15720952839396,-202.15720952839396,-202.15720952839396,-202.15720952839396,-202.15720952839396,0.0,0.0,0.0,983.5684789334283
10187,2002-06-21,1185.8726864884463,943.5948338482192,1023.2976389362323,1185.8726864884466,1185.8726864884466,-202.71725563846843,-202.71725563846843,-202.71725563846843,-202.71725563846843,-202.71725563846843,-202.71725563846843,0.0,0.0,0.0,983.1554308499778
10188,2002-06-24,1186.3136805683187,942.4647753901925,1024.0967029356,1186.3136805683187,1186.3136805683187,-204.3841181301907,-204.3841181301907,-204.3841181301907,-204.3841181301907,-204.3841181301907,-204.3841181301907,0.0,0.0,0.0,981.929562438128
10189,2002-06-25,1186.4606785949425,941.5917656259107,1023.3973138041015,1186.4606785949425,1186.4606785949425,-204.93530247698644,-204.93530247698644,-204.93530247698644,-204.93530247698644,-204.93530247698644,-204.93530247698644,0.0,0.0,0.0,981.5253761179561
10190,2002-06-26,1186.6076766215665,941.7315639368534,1023.375525253829,1186.6076766215665,1186.6076766215665,-205.48426308074428,-205.48426308074428,-205.48426308074428,-205.48426308074428,-205.48426308074428,-205.48426308074428,0.0,0.0,0.0,981.1234135408222
10191,2002-06-27,1186.7546746481905,940.1433070243213,1021.974084371501,1186.7546746481905,1186.7546746481905,-206.0309967014777,-206.0309967014777,-206.0309967014777,-206.0309967014777,-206.0309967014777,-206.0309967014777,0.0,0.0,0.0,980.7236779467128
10192,2002-06-28,1186.9016726748146,940.8774012350751,1021.4354764941577,1186.9016726748146,1186.9016726748146,-206.57550013973778,-206.57550013973778,-206.57550013973778,-206.57550013973778,-206.57550013973778,-206.57550013973778,0.0,0.0,0.0,980.3261725350768
10193,2002-07-01,1187.3426667546864,937.1175515407319,1019.4233505396473,1187.3426667546864,1187.3426667546864,-208.19559797437094,-208.19559797437094,-208.19559797437094,-208.19559797437094,-208.19559797437094,-208.19559797437094,0.0,0.0,0.0,979.1470687803155
10194,2002-07-02,1187.4896647813105,939.3539733295498,1021.4969709487805,1187.4896647813105,1187.4896647813105,-208.73114950080486,-208.73114950080486,-208.73114950080486,-208.73114950080486,-208.73114950080486,-208.73114950080486,0.0,0.0,0.0,978.7585152805057
10195,2002-07-03,1187.6366628079345,936.798235012018,1020.0051504846818,1187.6366628079345,1187.6366628079345,-209.26445545734293,-209.26445545734293,-209.26445545734293,-209.26445545734293,-209.26445545734293,-209.26445545734293,0.0,0.0,0.0,978.3722073505916
10196,2002-07-05,1187.9306588611823,936.2392230398964,1020.4876544473767,1187.9306588611823,1187.9306588611823,-210.32431888080689,-210.32431888080689,-210.32431888080689,-210.32431888080689,-210.32431888080689,-210.32431888080689,0.0,0.0,0.0,977.6063399803754
10197,2002-07-08,1188.3716529410547,935.1527062577343,1017.139269338774,1188.3716529410547,1188.3716529410547,-211.8971996909096,-211.8971996909096,-211.8971996909096,-211.8971996909096,-211.8971996909096,-211.8971996909096,0.0,0.0,0.0,976.4744532501451
10198,2002-07-09,1188.5186509676787,929.9244529773728,1018.5085539851007,1188.5186509676787,1188.5186509676787,-212.41697160073727,-212.41697160073727,-212.41697160073727,-212.41697160073727,-212.41697160073727,-212.41697160073727,0.0,0.0,0.0,976.1016793669414
10199,2002-07-10,1188.6656489943025,932.2837973309032,1020.0926690926003,1188.6656489943025,1188.6656489943025,-212.93447811394887,-212.93447811394887,-212.93447811394887,-212.93447811394887,-212.93447811394887,-212.93447811394887,0.0,0.0,0.0,975.7311708803536
10200,2002-07-11,1188.8126470209265,936.6566656393821,1017.7998954852883,1188.8126470209265,1188.8126470209265,-213.4497165622762,-213.4497165622762,-213.4497165622762,-213.4497165622762,-213.4497165622762,-213.4497165622762,0.0,0.0,0.0,975.3629304586503
10201,2002-07-12,1188.9596450475506,935.4043598508362,1017.5175553952255,1188.9596450475506,1188.9596450475506,-213.96268431859184,-213.96268431859184,-213.96268431859184,-213.96268431859184,-213.96268431859184,-213.96268431859184,0.0,0.0,0.0,974.9969607289587
10202,2002-07-15,1189.400639127423,932.73209568664,1014.8208606453031,1189.400639127423,1189.400639127423,-215.48793778214437,-215.48793778214437,-215.48793778214437,-215.48793778214437,-215.48793778214437,-215.48793778214437,0.0,0.0,0.0,973.9127013452785
10203,2002-07-16,1189.547637154047,930.4941536407266,1012.5983504720978,1189.547637154047,1189.547637154047,-215.99179732328767,-215.99179732328767,-215.99179732328767,-215.99179732328767,-215.99179732328767,-215.99179732328767,0.0,0.0,0.0,973.5558398307593
10204,2002-07-17,1189.6946351806707,930.8057733352048,1015.2414507654439,1189.694635180671,1189.694635180671,-216.49337365517331,-216.49337365517331,-216.49337365517331,-216.49337365517331,-216.49337365517331,-216.49337365517331,0.0,0.0,0.0,973.2012615254974
10205,2002-07-18,1189.8416332072948,934.157850179871,1011.9404673048485,1189.8416332072948,1189.8416332072948,-216.99266439825536,-216.99266439825536,-216.99266439825536,-216.99266439825536,-216.99266439825536,-216.99266439825536,0.0,0.0,0.0,972.8489688090394
10206,2002-07-19,1189.9886312339188,928.0879219748044,1010.2166613551518,1189.9886312339188,1189.9886312339188,-217.48966721435735,-217.48966721435735,-217.48966721435735,-217.48966721435735,-217.48966721435735,-217.48966721435735,0.0,0.0,0.0,972.4989640195614
10207,2002-07-22,1190.4296253137911,932.7748810363532,1013.371495516189,1190.4296253137911,1190.4296253137911,-218.96692534022174,-218.96692534022174,-218.96692534022174,-218.96692534022174,-218.96692534022174,-218.96692534022174,0.0,0.0,0.0,971.4626999735694
10208,2002-07-23,1190.576623340415,928.6193703319807,1012.2808723773653,1190.576623340415,1190.576623340415,-219.45475389508468,-219.45475389508468,-219.45475389508468,-219.45475389508468,-219.45475389508468,-219.45475389508468,0.0,0.0,0.0,971.1218694453303
10209,2002-07-24,1190.723621367039,925.6910721553451,1009.3737661212054,1190.723621367039,1190.723621367039,-219.9402834536417,-219.9402834536417,-219.9402834536417,-219.9402834536417,-219.9402834536417,-219.9402834536417,0.0,0.0,0.0,970.7833379133972
10210,2002-07-25,1190.870619393663,927.6097004403556,1010.4579525383299,1190.870619393663,1190.870619393663,-220.423511926512,-220.423511926512,-220.423511926512,-220.423511926512,-220.423511926512,-220.423511926512,0.0,0.0,0.0,970.447107467151
10211,2002-07-26,1191.017617420287,928.2177273881982,1009.9094697941503,1191.017617420287,1191.017617420287,-220.9044372658705,-220.9044372658705,-220.9044372658705,-220.9044372658705,-220.9044372658705,-220.9044372658705,0.0,0.0,0.0,970.1131801544166
10212,2002-07-29,1191.458611500159,924.7346553030771,1009.081654503127,1191.458611500159,1191.458611500159,-222.3333746282737,-222.3333746282737,-222.3333746282737,-222.3333746282737,-222.3333746282737,-222.3333746282737,0.0,0.0,0.0,969.1252368718851
10213,2002-07-30,1191.605609526783,927.1719243109288,1011.3562424881983,1191.605609526783,1191.605609526783,-222.80506778702355,-222.80506778702355,-222.80506778702355,-222.80506778702355,-222.80506778702355,-222.80506778702355,0.0,0.0,0.0,968.8005417397594
10214,2002-07-31,1191.752607553407,927.4075949923097,1010.4731555754387,1191.752607553407,1191.752607553407,-223.27444819708265,-223.27444819708265,-223.27444819708265,-223.27444819708265,-223.27444819708265,-223.27444819708265,0.0,0.0,0.0,968.4781593563243
10215,2002-08-01,1191.8996055800308,928.6286961934138,1012.2135756375556,1191.8996055800308,1191.8996055800308,-223.74151406033366,-223.74151406033366,-223.74151406033366,-223.74151406033366,-223.74151406033366,-223.74151406033366,0.0,0.0,0.0,968.1580915196971
10216,2002-08-02,1192.0466036066548,926.6081596332921,1009.4990911860359,1192.0466036066548,1192.0466036066548,-224.20626362034298,-224.20626362034298,-224.20626362034298,-224.20626362034298,-224.20626362034298,-224.20626362034298,0.0,0.0,0.0,967.8403399863118
10217,2002-08-05,1192.4875976865267,924.211610304079,1005.3013744996364,1192.4875976865267,1192.4875976865267,-225.586597541998,-225.586597541998,-225.586597541998,-225.586597541998,-225.586597541998,-225.586597541998,0.0,0.0,0.0,966.9010001445287
10218,2002-08-06,1192.6345957131512,924.4761584009849,1009.2308244037924,1192.6345957131512,1192.6345957131512,-226.04206515869643,-226.04206515869643,-226.04206515869643,-226.04206515869643,-226.04206515869643,-226.04206515869643,0.0,0.0,0.0,966.5925305544547
10219,2002-08-07,1192.7815937397752,925.1802294669441,1007.2653094112038,1192.7815937397752,1192.7815937397752,-226.4952083155959,-226.4952083155959,-226.4952083155959,-226.4952083155959,-226.4952083155959,-226.4952083155959,0.0,0.0,0.0,966.2863854241793
10220,2002-08-08,1192.928591766399,926.3970128209198,1006.0229529010853,1192.928591766399,1192.928591766399,-226.94602550658604,-226.94602550658604,-226.94602550658604,-226.94602550658604,-226.94602550658604,-226.94602550658604,0.0,0.0,0.0,965.982566259813
10221,2002-08-09,1193.075589793023,924.1183029645467,1009.4685073416,1193.075589793023,1193.075589793023,-227.3945152673174,-227.3945152673174,-227.3945152673174,-227.3945152673174,-227.3945152673174,-227.3945152673174,0.0,0.0,0.0,965.6810745257056
10222,2002-08-12,1193.5165838728954,924.3867435784873,1007.095738923534,1193.5165838728954,1193.5165838728954,-228.72600595088747,-228.72600595088747,-228.72600595088747,-228.72600595088747,-228.72600595088747,-228.72600595088747,0.0,0.0,0.0,964.7905779220079
10223,2002-08-13,1193.6635818995194,920.0234856018486,1005.924248935951,1193.6635818995194,1193.6635818995194,-229.1651721823767,-229.1651721823767,-229.1651721823767,-229.1651721823767,-229.1651721823767,-229.1651721823767,0.0,0.0,0.0,964.4984097171427
10224,2002-08-14,1193.8105799261432,925.5991607091462,1005.8035823540728,1193.8105799261432,1193.8105799261432,-229.60200428837874,-229.60200428837874,-229.60200428837874,-229.60200428837874,-229.60200428837874,-229.60200428837874,0.0,0.0,0.0,964.2085756377644
10225,2002-08-15,1193.9575779527672,919.2561670070855,1004.4168879867966,1193.9575779527672,1193.9575779527672,-230.03650105517977,-230.03650105517977,-230.03650105517977,-230.03650105517977,-230.03650105517977,-230.03650105517977,0.0,0.0,0.0,963.9210768975875
10226,2002-08-16,1194.1045759793913,920.0582332551351,1004.3404124094122,1194.1045759793913,1194.1045759793913,-230.4686613108539,-230.4686613108539,-230.4686613108539,-230.4686613108539,-230.4686613108539,-230.4686613108539,0.0,0.0,0.0,963.6359146685373
10227,2002-08-19,1194.5455700592631,921.8469675628157,1006.6130515130981,1194.5455700592631,1194.5455700592631,-231.7511119185277,-231.7511119185277,-231.7511119185277,-231.7511119185277,-231.7511119185277,-231.7511119185277,0.0,0.0,0.0,962.7944581407354
10228,2002-08-20,1194.6925680858872,923.7361709186289,1002.3678972363896,1194.6925680858872,1194.6925680858872,-232.1739152460036,-232.1739152460036,-232.1739152460036,-232.1739152460036,-232.1739152460036,-232.1739152460036,0.0,0.0,0.0,962.5186528398835
10229,2002-08-21,1194.8395661125114,919.2331687533681,1001.081743642275,1194.8395661125114,1194.8395661125114,-232.59437682938855,-232.59437682938855,-232.59437682938855,-232.59437682938855,-232.59437682938855,-232.59437682938855,0.0,0.0,0.0,962.2451892831228
10230,2002-08-22,1194.9865641391355,919.7599996514298,1005.9656606183761,1194.9865641391355,1194.9865641391355,-233.01249574740436,-233.01249574740436,-233.01249574740436,-233.01249574740436,-233.01249574740436,-233.01249574740436,0.0,0.0,0.0,961.9740683917311
10231,2002-08-23,1195.1335621657595,919.0546718088302,1002.5929971804188,1195.1335621657595,1195.1335621657595,-233.42827112052967,-233.42827112052967,-233.42827112052967,-233.42827112052967,-233.42827112052967,-233.42827112052967,0.0,0.0,0.0,961.7052910452298
10232,2002-08-26,1195.5745562456314,920.5088271236398,1002.9639250470487,1195.5745562456314,1195.5745562456314,-234.6615278015544,-234.6615278015544,-234.6615278015544,-234.6615278015544,-234.6615278015544,-234.6615278015544,0.0,0.0,0.0,960.913028444077
10233,2002-08-27,1195.7215542722554,918.8224460660177,1000.2840705582144,1195.7215542722554,1195.7215542722554,-235.06792103478276,-235.06792103478276,-235.06792103478276,-235.06792103478276,-235.06792103478276,-235.06792103478276,0.0,0.0,0.0,960.6536332374726
10234,2002-08-28,1195.8685522988794,916.9015291915838,1000.2912049310759,1195.8685522988794,1195.8685522988794,-235.47196695158698,-235.47196695158698,-235.47196695158698,-235.47196695158698,-235.47196695158698,-235.47196695158698,0.0,0.0,0.0,960.3965853472924
10235,2002-08-29,1196.0155503255035,920.5613007906014,1003.8195776232152,1196.0155503255035,1196.0155503255035,-235.8736649228017,-235.8736649228017,-235.8736649228017,-235.8736649228017,-235.8736649228017,-235.8736649228017,0.0,0.0,0.0,960.1418854027017
10236,2002-08-30,1196.1625483521273,918.9755751753811,1001.4838562794505,1196.1625483521273,1196.1625483521273,-236.273014360944,-236.273014360944,-236.273014360944,-236.273014360944,-236.273014360944,-236.273014360944,0.0,0.0,0.0,959.8895339911833
10237,2002-09-03,1196.7505404586236,917.4272104659092,998.9535158972882,1196.7505404586236,1196.7505404586236,-237.84691649119551,-237.84691649119551,-237.84691649119551,-237.84691649119551,-237.84691649119551,-237.84691649119551,0.0,0.0,0.0,958.9036239674281
10238,2002-09-04,1196.8975384852477,917.1427416176056,1000.7158193103203,1196.8975384852477,1196.8975384852477,-238.23451590956512,-238.23451590956512,-238.23451590956512,-238.23451590956512,-238.23451590956512,-238.23451590956512,0.0,0.0,0.0,958.6630225756826
10239,2002-09-05,1197.0445365118715,917.988681016403,1000.9449965313482,1197.0445365118715,1197.0445365118715,-238.6197641444221,-238.6197641444221,-238.6197641444221,-238.6197641444221,-238.6197641444221,-238.6197641444221,0.0,0.0,0.0,958.4247723674493
10240,2002-09-06,1197.191534538496,914.166395658145,1000.5240026477455,1197.191534538496,1197.191534538496,-239.00266089959766,-239.00266089959766,-239.00266089959766,-239.00266089959766,-239.00266089959766,-239.00266089959766,0.0,0.0,0.0,958.1888736388983
10241,2002-09-09,1197.6325286183678,915.5683623679544,997.8581919000268,1197.6325286183678,1197.6325286183678,-240.1372399482502,-240.1372399482502,-240.1372399482502,-240.1372399482502,-240.1372399482502,-240.1372399482502,0.0,0.0,0.0,957.4952886701176
10242,2002-09-10,1197.7795266449918,916.7793279293513,996.0867235555586,1197.779526644992,1197.779526644992,-240.51072865338733,-240.51072865338733,-240.51072865338733,-240.51072865338733,-240.51072865338733,-240.51072865338733,0.0,0.0,0.0,957.2687979916045
10243,2002-09-11,1197.9265246716159,915.927139959875,1001.0049763485255,1197.9265246716159,1197.9265246716159,-240.88186502056942,-240.88186502056942,-240.88186502056942,-240.88186502056942,-240.88186502056942,-240.88186502056942,0.0,0.0,0.0,957.0446596510465
10244,2002-09-12,1198.0735226982397,916.6733863145416,1002.2939253983977,1198.0735226982397,1198.0735226982397,-241.25064900248168,-241.25064900248168,-241.25064900248168,-241.25064900248168,-241.25064900248168,-241.25064900248168,0.0,0.0,0.0,956.8228736957581
10245,2002-09-13,1198.2205207248637,918.4639903263392,999.262180068696,1198.2205207248637,1198.2205207248637,-241.61708059319128,-241.61708059319128,-241.61708059319128,-241.61708059319128,-241.61708059319128,-241.61708059319128,0.0,0.0,0.0,956.6034401316724
10246,2002-09-16,1198.6615148047356,914.8873071921865,999.0849799100694,1198.6615148047356,1198.6615148047356,-242.70226157889417,-242.70226157889417,-242.70226157889417,-242.70226157889417,-242.70226157889417,-242.70226157889417,0.0,0.0,0.0,955.9592532258414
10247,2002-09-17,1198.8085128313596,914.0836027105086,997.0584582638241,1198.8085128313596,1198.8085128313596,-243.05928437207746,-243.05928437207746,-243.05928437207746,-243.05928437207746,-243.05928437207746,-243.05928437207746,0.0,0.0,0.0,955.7492284592822
10248,2002-09-18,1198.9555108579837,917.408987741703,996.7982036544304,1198.9555108579837,1198.9555108579837,-243.41395536407927,-243.41395536407927,-243.41395536407927,-243.41395536407927,-243.41395536407927,-243.41395536407927,0.0,0.0,0.0,955.5415554939044
10249,2002-09-19,1199.1025088846077,915.5454073292658,998.5590144650575,1199.1025088846077,1199.1025088846077,-243.76627479661641,-243.76627479661641,-243.76627479661641,-243.76627479661641,-243.76627479661641,-243.76627479661641,0.0,0.0,0.0,955.3362340879912
10250,2002-09-20,1199.249506911232,912.4498644141671,994.255688641025,1199.249506911232,1199.249506911232,-244.11624295256195,-244.11624295256195,-244.11624295256195,-244.11624295256195,-244.11624295256195,-244.11624295256195,0.0,0.0,0.0,955.13326395867
10251,2002-09-23,1199.6905009911038,914.2524155855012,1000.6370603861665,1199.6905009911038,1199.6905009911038,-245.15204320615976,-245.15204320615976,-245.15204320615976,-245.15204320615976,-245.15204320615976,-245.15204320615976,0.0,0.0,0.0,954.5384577849441
10252,2002-09-24,1199.8374990177279,913.3336655988574,995.6253108299674,1199.8374990177279,1199.8374990177279,-245.4926099063143,-245.4926099063143,-245.4926099063143,-245.4926099063143,-245.4926099063143,-245.4926099063143,0.0,0.0,0.0,954.3448891114135
10253,2002-09-25,1199.9844970443519,912.3646841738487,997.6629338179441,1199.9844970443519,1199.9844970443519,-245.8308273602909,-245.8308273602909,-245.8308273602909,-245.8308273602909,-245.8308273602909,-245.8308273602909,0.0,0.0,0.0,954.153669684061
10254,2002-09-26,1200.131495070976,909.7656116889997,992.7106260472492,1200.131495070976,1200.131495070976,-246.16669609710587,-246.16669609710587,-246.16669609710587,-246.16669609710587,-246.16669609710587,-246.16669609710587,0.0,0.0,0.0,953.9647989738701
10255,2002-09-27,1200.2784930975997,913.0474736177141,993.4212789126814,1200.2784930975995,1200.2784930975995,-246.5002166866579,-246.5002166866579,-246.5002166866579,-246.5002166866579,-246.5002166866579,-246.5002166866579,0.0,0.0,0.0,953.7782764109418
10256,2002-09-30,1200.719487177472,911.071587268944,993.5637193688367,1200.719487177472,1200.719487177472,-247.48669588301294,-247.48669588301294,-247.48669588301294,-247.48669588301294,-247.48669588301294,-247.48669588301294,0.0,0.0,0.0,953.232791294459
10257,2002-10-01,1200.866485204096,912.2711000821303,996.0155131343793,1200.866485204096,1200.866485204096,-247.810830398576,-247.810830398576,-247.810830398576,-247.810830398576,-247.810830398576,-247.810830398576,0.0,0.0,0.0,953.0556548055201
10258,2002-10-02,1201.01348323072,911.866851645062,990.8696290348597,1201.01348323072,1201.01348323072,-248.13262022803067,-248.13262022803067,-248.13262022803067,-248.13262022803067,-248.13262022803067,-248.13262022803067,0.0,0.0,0.0,952.8808630026895
10259,2002-10-03,1201.1604812573441,911.6161297395795,997.1345416736101,1201.1604812573441,1201.1604812573441,-248.45206618561485,-248.45206618561485,-248.45206618561485,-248.45206618561485,-248.45206618561485,-248.45206618561485,0.0,0.0,0.0,952.7084150717293
10260,2002-10-04,1201.307479283968,911.7189832862509,993.097813366372,1201.307479283968,1201.307479283968,-248.76916912612236,-248.76916912612236,-248.76916912612236,-248.76916912612236,-248.76916912612236,-248.76916912612236,0.0,0.0,0.0,952.5383101578456
10261,2002-10-07,1201.7484733638403,908.6844609419804,991.6481085466085,1201.7484733638403,1201.7484733638403,-249.70642900040636,-249.70642900040636,-249.70642900040636,-249.70642900040636,-249.70642900040636,-249.70642900040636,0.0,0.0,0.0,952.0420443634339
10262,2002-10-08,1201.8954713904643,913.0502116590126,993.8042829322967,1201.8954713904643,1201.8954713904643,-250.014169229885,-250.014169229885,-250.014169229885,-250.014169229885,-250.014169229885,-250.014169229885,0.0,0.0,0.0,951.8813021605793
10263,2002-10-09,1202.0424694170883,911.4228269725153,993.0799495999212,1202.0424694170883,1202.0424694170883,-250.3195713227974,-250.3195713227974,-250.3195713227974,-250.3195713227974,-250.3195713227974,-250.3195713227974,0.0,0.0,0.0,951.7228980942909
10264,2002-10-10,1202.1894674437121,908.7555895797434,990.9275194121533,1202.1894674437121,1202.1894674437121,-250.6226363761783,-250.6226363761783,-250.6226363761783,-250.6226363761783,-250.6226363761783,-250.6226363761783,0.0,0.0,0.0,951.5668310675338
10265,2002-10-11,1202.3364654703362,909.6831892590317,992.8386290032768,1202.3364654703362,1202.3364654703362,-250.92336552724376,-250.92336552724376,-250.92336552724376,-250.92336552724376,-250.92336552724376,-250.92336552724376,0.0,0.0,0.0,951.4130999430924
10266,2002-10-14,1202.7774595502083,909.4876747965266,991.9226109134353,1202.7774595502083,1202.7774595502083,-251.81154954022597,-251.81154954022597,-251.81154954022597,-251.81154954022597,-251.81154954022597,-251.81154954022597,0.0,0.0,0.0,950.9659100099823
10267,2002-10-15,1202.924457576832,908.5452864131323,994.3794583325033,1202.924457576832,1202.924457576832,-252.1029472557948,-252.1029472557948,-252.1029472557948,-252.1029472557948,-252.1029472557948,-252.1029472557948,0.0,0.0,0.0,950.8215103210373
10268,2002-10-16,1203.0714556034561,908.3993340035809,990.6321206752244,1203.0714556034561,1203.0714556034561,-252.39201535580838,-252.39201535580838,-252.39201535580838,-252.39201535580838,-252.39201535580838,-252.39201535580838,0.0,0.0,0.0,950.6794402476478
10269,2002-10-17,1203.2184536300801,907.954018494552,992.7218147315381,1203.2184536300801,1203.2184536300801,-252.67875521733043,-252.67875521733043,-252.67875521733043,-252.67875521733043,-252.67875521733043,-252.67875521733043,0.0,0.0,0.0,950.5396984127497
10270,2002-10-18,1203.3654516567042,909.562858129203,992.3995160125787,1203.3654516567042,1203.3654516567042,-252.96316825718307,-252.96316825718307,-252.96316825718307,-252.96316825718307,-252.96316825718307,-252.96316825718307,0.0,0.0,0.0,950.4022833995211
10271,2002-10-21,1203.8064457365763,907.0066417615503,991.9759892956566,1203.8064457365763,1203.8064457365763,-253.8024612099713,-253.8024612099713,-253.8024612099713,-253.8024612099713,-253.8024612099713,-253.8024612099713,0.0,0.0,0.0,950.003984526605
10272,2002-10-22,1203.9534437632003,909.2065200576346,990.9505511831427,1203.9534437632003,1203.9534437632003,-254.0775819242696,-254.0775819242696,-254.0775819242696,-254.0775819242696,-254.0775819242696,-254.0775819242696,0.0,0.0,0.0,949.8758618389307
10273,2002-10-23,1204.1004417898243,910.3839539846956,992.3575016432286,1204.1004417898243,1204.1004417898243,-254.35038349510054,-254.35038349510054,-254.35038349510054,-254.35038349510054,-254.35038349510054,-254.35038349510054,0.0,0.0,0.0,949.7500582947238
10274,2002-10-24,1204.2474398164484,908.3652967402445,989.791131648273,1204.2474398164484,1204.2474398164484,-254.62086757645156,-254.62086757645156,-254.62086757645156,-254.62086757645156,-254.62086757645156,-254.62086757645156,0.0,0.0,0.0,949.6265722399968
10275,2002-10-25,1204.3944378430724,906.4433410483783,990.5506476354672,1204.3944378430724,1204.3944378430724,-254.8890358615968,-254.8890358615968,-254.8890358615968,-254.8890358615968,-254.8890358615968,-254.8890358615968,0.0,0.0,0.0,949.5054019814756
10276,2002-10-28,1204.8354319229445,909.412296638214,986.9913565693987,1204.8354319229445,1204.8354319229445,-255.67966346035263,-255.67966346035263,-255.67966346035263,-255.67966346035263,-255.67966346035263,-255.67966346035263,0.0,0.0,0.0,949.1557684625918
10277,2002-10-29,1204.9824299495685,906.8185392147842,990.0722261537746,1204.9824299495685,1204.9824299495685,-255.9385862766553,-255.9385862766553,-255.9385862766553,-255.9385862766553,-255.9385862766553,-255.9385862766553,0.0,0.0,0.0,949.0438436729132
10278,2002-10-30,1205.1294279761926,907.2408824986005,992.286813270538,1205.1294279761926,1205.1294279761926,-256.19520234990836,-256.19520234990836,-256.19520234990836,-256.19520234990836,-256.19520234990836,-256.19520234990836,0.0,0.0,0.0,948.9342256262842
10279,2002-10-31,1205.2764260028166,906.5279256258366,991.8037132070045,1205.2764260028166,1205.2764260028166,-256.44951360758165,-256.44951360758165,-256.44951360758165,-256.44951360758165,-256.44951360758165,-256.44951360758165,0.0,0.0,0.0,948.826912395235
10280,2002-11-01,1205.4234240294404,905.0678602010772,989.4560905793805,1205.4234240294404,1205.4234240294404,-256.7015220159134,-256.7015220159134,-256.7015220159134,-256.7015220159134,-256.7015220159134,-256.7015220159134,0.0,0.0,0.0,948.721902013527
10281,2002-11-04,1205.8644181093127,908.2508345753256,988.7786170171784,1205.8644181093127,1205.8644181093127,-257.4437503871339,-257.4437503871339,-257.4437503871339,-257.4437503871339,-257.4437503871339,-257.4437503871339,0.0,0.0,0.0,948.4206677221789
10282,2002-11-05,1206.0114161359368,905.9068945586038,989.7470866553161,1206.0114161359368,1206.0114161359368,-257.68656783311286,-257.68656783311286,-257.68656783311286,-257.68656783311286,-257.68656783311286,-257.68656783311286,0.0,0.0,0.0,948.324848302824
10283,2002-11-06,1206.1584141625608,908.1997134006386,991.5547643914905,1206.1584141625608,1206.1584141625608,-257.9270928397138,-257.9270928397138,-257.9270928397138,-257.9270928397138,-257.9270928397138,-257.9270928397138,0.0,0.0,0.0,948.231321322847
10284,2002-11-07,1206.3054121891848,905.8765683148926,991.6509506410064,1206.3054121891848,1206.3054121891848,-258.1653276041183,-258.1653276041183,-258.1653276041183,-258.1653276041183,-258.1653276041183,-258.1653276041183,0.0,0.0,0.0,948.1400845850665
10285,2002-11-08,1206.4524102158086,908.2035163026588,990.5513604993978,1206.4524102158086,1206.4524102158086,-258.4012743617124,-258.4012743617124,-258.4012743617124,-258.4012743617124,-258.4012743617124,-258.4012743617124,0.0,0.0,0.0,948.0511358540962
10286,2002-11-11,1206.8934042956807,907.1743348515652,991.0031717505706,1206.8934042956807,1206.8934042956807,-259.09540951875647,-259.09540951875647,-259.09540951875647,-259.09540951875647,-259.09540951875647,-259.09540951875647,0.0,0.0,0.0,947.7979947769243
10287,2002-11-12,1207.0404023223045,904.8027017967569,991.8120492694354,1207.0404023223045,1207.0404023223045,-259.3222273640555,-259.3222273640555,-259.3222273640555,-259.3222273640555,-259.3222273640555,-259.3222273640555,0.0,0.0,0.0,947.718174958249
10288,2002-11-13,1207.1874003489286,907.2469163451998,989.6372404745825,1207.1874003489286,1207.1874003489286,-259.5467689495338,-259.5467689495338,-259.5467689495338,-259.5467689495338,-259.5467689495338,-259.5467689495338,0.0,0.0,0.0,947.6406313993948
10289,2002-11-14,1207.3343983755526,906.739996432606,987.7560445367478,1207.3343983755526,1207.3343983755526,-259.7690367379906,-259.7690367379906,-259.7690367379906,-259.7690367379906,-259.7690367379906,-259.7690367379906,0.0,0.0,0.0,947.5653616375621
10290,2002-11-15,1207.4813964021766,909.0322633211463,989.9094101646986,1207.4813964021766,1207.4813964021766,-259.9890332298187,-259.9890332298187,-259.9890332298187,-259.9890332298187,-259.9890332298187,-259.9890332298187,0.0,0.0,0.0,947.492363172358
10291,2002-11-18,1207.922390482049,905.0787184426651,990.7025903267344,1207.922390482049,1207.922390482049,-260.63542049141853,-260.63542049141853,-260.63542049141853,-260.63542049141853,-260.63542049141853,-260.63542049141853,0.0,0.0,0.0,947.2869699906305
10292,2002-11-19,1208.0693885086728,903.600784824429,984.7586318673907,1208.0693885086728,1208.0693885086728,-260.84635754929616,-260.84635754929616,-260.84635754929616,-260.84635754929616,-260.84635754929616,-260.84635754929616,0.0,0.0,0.0,947.2230309593766
10293,2002-11-20,1208.2163865352968,909.4933565075472,988.6856219040209,1208.2163865352968,1208.2163865352968,-261.0550363731754,-261.0550363731754,-261.0550363731754,-261.0550363731754,-261.0550363731754,-261.0550363731754,0.0,0.0,0.0,947.1613501621214
10294,2002-11-21,1208.363384561921,906.8308863623437,988.1264236641161,1208.363384561921,1208.363384561921,-261.2614596870598,-261.2614596870598,-261.2614596870598,-261.2614596870598,-261.2614596870598,-261.2614596870598,0.0,0.0,0.0,947.1019248748612
10295,2002-11-22,1208.510382588545,906.9785004305602,990.5113775682752,1208.510382588545,1208.510382588545,-261.4656302518907,-261.4656302518907,-261.4656302518907,-261.4656302518907,-261.4656302518907,-261.4656302518907,0.0,0.0,0.0,947.0447523366545
10296,2002-11-25,1208.951376668417,904.862307963894,987.8518618613055,1208.951376668417,1208.951376668417,-262.06465361346,-262.06465361346,-262.06465361346,-262.06465361346,-262.06465361346,-262.06465361346,0.0,0.0,0.0,946.886723054957
10297,2002-11-26,1209.098374695041,907.2630799013043,990.5891509666379,1209.098374695041,1209.098374695041,-262.2598415267816,-262.2598415267816,-262.2598415267816,-262.2598415267816,-262.2598415267816,-262.2598415267816,0.0,0.0,0.0,946.8385331682593
10298,2002-11-27,1209.245372721665,905.8186587128612,987.3382865013527,1209.245372721665,1209.245372721665,-262.4527910463587,-262.4527910463587,-262.4527910463587,-262.4527910463587,-262.4527910463587,-262.4527910463587,0.0,0.0,0.0,946.7925816753063
10299,2002-11-29,1209.539368774913,905.3027974100677,987.2868810877794,1209.539368774913,1209.539368774913,-262.83198686244793,-262.83198686244793,-262.83198686244793,-262.83198686244793,-262.83198686244793,-262.83198686244793,0.0,0.0,0.0,946.7073819124652
10300,2002-12-02,1209.980362854785,904.851125089619,986.2099250321885,1209.980362854785,1209.980362854785,-263.38406832107023,-263.38406832107023,-263.38406832107023,-263.38406832107023,-263.38406832107023,-263.38406832107023,0.0,0.0,0.0,946.5962945337147
10301,2002-12-03,1210.127360881409,906.7542870338752,988.4986848848403,1210.127360881409,1210.127360881409,-263.563651332948,-263.563651332948,-263.563651332948,-263.563651332948,-263.563651332948,-263.563651332948,0.0,0.0,0.0,946.563709548461
10302,2002-12-04,1210.2743589080333,903.7618339140836,985.6189918204859,1210.2743589080333,1210.2743589080333,-263.7410175717666,-263.7410175717666,-263.7410175717666,-263.7410175717666,-263.7410175717666,-263.7410175717666,0.0,0.0,0.0,946.5333413362666
10303,2002-12-05,1210.4213569346573,907.3699194291039,988.2792998846875,1210.4213569346573,1210.4213569346573,-263.9161702694572,-263.9161702694572,-263.9161702694572,-263.9161702694572,-263.9161702694572,-263.9161702694572,0.0,0.0,0.0,946.5051866652001
10304,2002-12-06,1210.568354961281,905.2716157470443,989.707053627641,1210.568354961281,1210.568354961281,-264.08911269344327,-264.08911269344327,-264.08911269344327,-264.08911269344327,-264.08911269344327,-264.08911269344327,0.0,0.0,0.0,946.4792422678379
10305,2002-12-09,1211.0093490411532,905.779493554551,987.878370468545,1211.0093490411532,1211.0093490411532,-264.59471152749364,-264.59471152749364,-264.59471152749364,-264.59471152749364,-264.59471152749364,-264.59471152749364,0.0,0.0,0.0,946.4146375136595
10306,2002-12-10,1211.1563470677772,903.6853246737955,987.6320203534164,1211.1563470677772,1211.1563470677772,-264.75884623689853,-264.75884623689853,-264.75884623689853,-264.75884623689853,-264.75884623689853,-264.75884623689853,0.0,0.0,0.0,946.3975008308787
10307,2002-12-11,1211.303345094401,904.2379705393755,989.1650639603895,1211.303345094401,1211.303345094401,-264.9207875382417,-264.9207875382417,-264.9207875382417,-264.9207875382417,-264.9207875382417,-264.9207875382417,0.0,0.0,0.0,946.3825575561593
10308,2002-12-12,1211.450343121025,904.0528320186597,987.1916772868067,1211.450343121025,1211.450343121025,-265.0805389095724,-265.0805389095724,-265.0805389095724,-265.0805389095724,-265.0805389095724,-265.0805389095724,0.0,0.0,0.0,946.3698042114527
10309,2002-12-13,1211.597341147649,902.9977116275467,988.0352869475,1211.597341147649,1211.597341147649,-265.23810386364596,-265.23810386364596,-265.23810386364596,-265.23810386364596,-265.23810386364596,-265.23810386364596,0.0,0.0,0.0,946.3592372840031
10310,2002-12-16,1212.0383352275214,904.3677133745102,988.3282225531422,1212.0383352275214,1212.0383352275214,-265.69771586806274,-265.69771586806274,-265.69771586806274,-265.69771586806274,-265.69771586806274,-265.69771586806274,0.0,0.0,0.0,946.3406193594587
10311,2002-12-17,1212.1853332541452,905.8692306641743,988.8737939131445,1212.185333254145,1212.185333254145,-265.84657097075444,-265.84657097075444,-265.84657097075444,-265.84657097075444,-265.84657097075444,-265.84657097075444,0.0,0.0,0.0,946.3387622833908
10312,2002-12-18,1212.3323312807693,904.4725874269709,988.5844979750474,1212.3323312807693,1212.3323312807693,-265.9932577365068,-265.9932577365068,-265.9932577365068,-265.9932577365068,-265.9932577365068,-265.9932577365068,0.0,0.0,0.0,946.3390735442624
10313,2002-12-19,1212.4793293073935,908.2071891689918,988.2751561886291,1212.4793293073935,1212.4793293073935,-266.1377798838654,-266.1377798838654,-266.1377798838654,-266.1377798838654,-266.1377798838654,-266.1377798838654,0.0,0.0,0.0,946.3415494235281
10314,2002-12-20,1212.6263273340176,904.570510646505,986.5178618739158,1212.6263273340176,1212.6263273340176,-266.28014116525605,-266.28014116525605,-266.28014116525605,-266.28014116525605,-266.28014116525605,-266.28014116525605,0.0,0.0,0.0,946.3461861687615
10315,2002-12-23,1213.0673214138897,905.160976966421,989.9080291212915,1213.0673214138897,1213.0673214138897,-266.6942978435475,-266.6942978435475,-266.6942978435475,-266.6942978435475,-266.6942978435475,-266.6942978435475,0.0,0.0,0.0,946.3730235703422
10316,2002-12-24,1213.2143194405135,902.1976534315936,988.5332599907057,1213.2143194405135,1213.2143194405135,-266.82805385868966,-266.82805385868966,-266.82805385868966,-266.82805385868966,-266.82805385868966,-266.82805385868966,0.0,0.0,0.0,946.3862655818239
10317,2002-12-26,1213.5083154937615,905.0231754151054,987.8738942575598,1213.5083154937615,1213.5083154937615,-267.08914504243126,-267.08914504243126,-267.08914504243126,-267.08914504243126,-267.08914504243126,-267.08914504243126,0.0,0.0,0.0,946.4191704513303
10318,2002-12-27,1213.6553135203856,906.251120506789,991.5411515766366,1213.6553135203856,1213.6553135203856,-267.2164881503212,-267.2164881503212,-267.2164881503212,-267.2164881503212,-267.2164881503212,-267.2164881503212,0.0,0.0,0.0,946.4388253700644
10319,2002-12-30,1214.0963076002574,904.4574871360655,988.2286101724545,1214.0963076002572,1214.0963076002572,-267.58575586445664,-267.58575586445664,-267.58575586445664,-267.58575586445664,-267.58575586445664,-267.58575586445664,0.0,0.0,0.0,946.5105517358008
10320,2002-12-31,1214.2433056268815,901.6453577908053,989.17999583501,1214.2433056268815,1214.2433056268815,-267.70460484730603,-267.70460484730603,-267.70460484730603,-267.70460484730603,-267.70460484730603,-267.70460484730603,0.0,0.0,0.0,946.5387007795755
10321,2003-01-02,1214.5373016801293,905.4306225228961,989.2337879277127,1214.5373016801293,1214.5373016801293,-267.93596727731176,-267.93596727731176,-267.93596727731176,-267.93596727731176,-267.93596727731176,-267.93596727731176,0.0,0.0,0.0,946.6013344028175
10322,2003-01-03,1214.6842997067538,903.8947992953738,986.967694684416,1214.6842997067538,1214.6842997067538,-268.0484891196815,-268.0484891196815,-268.0484891196815,-268.0484891196815,-268.0484891196815,-268.0484891196815,0.0,0.0,0.0,946.6358105870722
10323,2003-01-06,1215.1252937866257,905.909037316188,986.0764424807873,1215.1252937866257,1215.1252937866257,-268.3734681990746,-268.3734681990746,-268.3734681990746,-268.3734681990746,-268.3734681990746,-268.3734681990746,0.0,0.0,0.0,946.7518255875511
10324,2003-01-07,1215.2722918132497,904.4406765148342,988.6966023121191,1215.2722918132497,1215.2722918132497,-268.47761344015424,-268.47761344015424,-268.47761344015424,-268.47761344015424,-268.47761344015424,-268.47761344015424,0.0,0.0,0.0,946.7946783730954
10325,2003-01-08,1215.4192898398735,905.3014251598252,985.2489791905638,1215.4192898398735,1215.4192898398735,-268.5796753826772,-268.5796753826772,-268.5796753826772,-268.5796753826772,-268.5796753826772,-268.5796753826772,0.0,0.0,0.0,946.8396144571964
10326,2003-01-09,1215.5662878664975,903.5472197343399,992.6822063299719,1215.5662878664975,1215.5662878664975,-268.67965843016304,-268.67965843016304,-268.67965843016304,-268.67965843016304,-268.67965843016304,-268.67965843016304,0.0,0.0,0.0,946.8866294363345
10327,2003-01-10,1215.7132858931218,908.9091930392099,987.6441328336334,1215.7132858931218,1215.7132858931218,-268.7775670173013,-268.7775670173013,-268.7775670173013,-268.7775670173013,-268.7775670173013,-268.7775670173013,0.0,0.0,0.0,946.9357188758205
10328,2003-01-13,1216.154279972994,904.5473669960613,990.5516764155752,1216.154279972994,1216.154279972994,-269.05889082816077,-269.05889082816077,-269.05889082816077,-269.05889082816077,-269.05889082816077,-269.05889082816077,0.0,0.0,0.0,947.0953891448331
10329,2003-01-14,1216.301277999618,906.1732494618202,987.5106271073582,1216.301277999618,1216.301277999618,-269.1485465393468,-269.1485465393468,-269.1485465393468,-269.1485465393468,-269.1485465393468,-269.1485465393468,0.0,0.0,0.0,947.1527314602711
10330,2003-01-15,1216.4482760262417,907.0786346378544,990.4325370025015,1216.4482760262417,1216.4482760262417,-269.23615042632514,-269.23615042632514,-269.23615042632514,-269.23615042632514,-269.23615042632514,-269.23615042632514,0.0,0.0,0.0,947.2121255999166
10331,2003-01-16,1216.5952740528658,902.1673366571724,990.0734173547687,1216.5952740528658,1216.5952740528658,-269.3217071078831,-269.3217071078831,-269.3217071078831,-269.3217071078831,-269.3217071078831,-269.3217071078831,0.0,0.0,0.0,947.2735669449826
10332,2003-01-17,1216.7422720794898,905.5498227502636,986.3150788548476,1216.7422720794898,1216.7422720794898,-269.4052212330004,-269.4052212330004,-269.4052212330004,-269.4052212330004,-269.4052212330004,-269.4052212330004,0.0,0.0,0.0,947.3370508464893
10333,2003-01-21,1217.330264185986,907.9593267665936,988.6346313082843,1217.330264185986,1217.330264185986,-269.71894619734195,-269.71894619734195,-269.71894619734195,-269.71894619734195,-269.71894619734195,-269.71894619734195,0.0,0.0,0.0,947.611317988644
10334,2003-01-22,1217.47726221261,906.0226368612589,988.9140895286016,1217.47726221261,1217.47726221261,-269.7923183216211,-269.7923183216211,-269.7923183216211,-269.7923183216211,-269.7923183216211,-269.7923183216211,0.0,0.0,0.0,947.6849438909888
10335,2003-01-23,1217.624260239234,906.8357535340353,986.7505766013869,1217.624260239234,1217.624260239234,-269.86367640931843,-269.86367640931843,-269.86367640931843,-269.86367640931843,-269.86367640931843,-269.86367640931843,0.0,0.0,0.0,947.7605838299155
10336,2003-01-24,1217.771258265858,904.2757433634239,987.7092738753403,1217.771258265858,1217.771258265858,-269.9330253167211,-269.9330253167211,-269.9330253167211,-269.9330253167211,-269.9330253167211,-269.9330253167211,0.0,0.0,0.0,947.8382329491369
10337,2003-01-27,1218.21225234573,907.1140569257761,990.5494938744771,1218.21225234573,1218.21225234573,-270.12906595461993,-270.12906595461993,-270.12906595461993,-270.12906595461993,-270.12906595461993,-270.12906595461993,0.0,0.0,0.0,948.08318639111
10338,2003-01-28,1218.359250372354,903.2115856196122,990.4726439265753,1218.359250372354,1218.359250372354,-270.1904272821228,-270.1904272821228,-270.1904272821228,-270.1904272821228,-270.1904272821228,-270.1904272821228,0.0,0.0,0.0,948.1688230902312
10339,2003-01-29,1218.506248398978,906.7428882818365,986.8534424064858,1218.506248398978,1218.506248398978,-270.2498041432705,-270.2498041432705,-270.2498041432705,-270.2498041432705,-270.2498041432705,-270.2498041432705,0.0,0.0,0.0,948.2564442557075
10340,2003-01-30,1218.6532464256018,904.9853725420136,987.0442190765209,1218.6532464256018,1218.6532464256018,-270.30720156630497,-270.30720156630497,-270.30720156630497,-270.30720156630497,-270.30720156630497,-270.30720156630497,0.0,0.0,0.0,948.3460448592969
10341,2003-01-31,1218.8002444522258,908.7862507052602,991.5670907767482,1218.8002444522258,1218.8002444522258,-270.36262460760264,-270.36262460760264,-270.36262460760264,-270.36262460760264,-270.36262460760264,-270.36262460760264,0.0,0.0,0.0,948.4376198446232
10342,2003-02-03,1219.2412385320981,910.3475144483933,992.4540804412323,1219.2412385320981,1219.2412385320981,-270.51709842365113,-270.51709842365113,-270.51709842365113,-270.51709842365113,-270.51709842365113,-270.51709842365113,0.0,0.0,0.0,948.724140108447
10343,2003-02-04,1219.3882365587222,907.5509505184249,987.4010091415503,1219.3882365587222,1219.3882365587222,-270.56467505910945,-270.56467505910945,-270.56467505910945,-270.56467505910945,-270.56467505910945,-270.56467505910945,0.0,0.0,0.0,948.8235614996127
10344,2003-02-05,1219.5352345853464,909.7405400348374,989.1565190851452,1219.5352345853464,1219.5352345853464,-270.61030301137805,-270.61030301137805,-270.61030301137805,-270.61030301137805,-270.61030301137805,-270.61030301137805,0.0,0.0,0.0,948.9249315739684
10345,2003-02-06,1219.6822326119704,909.1113219145899,989.318317915852,1219.6822326119704,1219.6822326119704,-270.6539875024221,-270.6539875024221,-270.6539875024221,-270.6539875024221,-270.6539875024221,-270.6539875024221,0.0,0.0,0.0,949.0282451095484
10346,2003-02-07,1219.8292306385945,908.9878280160461,992.0023162274232,1219.8292306385945,1219.8292306385945,-270.6957337812639,-270.6957337812639,-270.6957337812639,-270.6957337812639,-270.6957337812639,-270.6957337812639,0.0,0.0,0.0,949.1334968573306
10347,2003-02-10,1220.2702247184664,906.379190144724,992.5110071055997,1220.2702247184661,1220.2702247184661,-270.8093962373656,-270.8093962373656,-270.8093962373656,-270.8093962373656,-270.8093962373656,-270.8093962373656,0.0,0.0,0.0,949.4608284811007
10348,2003-02-11,1220.4172227450904,909.6772884667142,991.6887874534546,1220.4172227450904,1220.4172227450904,-270.84344269327516,-270.84344269327516,-270.84344269327516,-270.84344269327516,-270.84344269327516,-270.84344269327516,0.0,0.0,0.0,949.5737800518152
10349,2003-02-12,1220.5642207717142,905.5892555927251,991.5120905905735,1220.5642207717142,1220.5642207717142,-270.8755775824548,-270.8755775824548,-270.8755775824548,-270.8755775824548,-270.8755775824548,-270.8755775824548,0.0,0.0,0.0,949.6886431892594
10350,2003-02-13,1220.7112187983382,908.1686160452962,990.9245398322034,1220.7112187983382,1220.7112187983382,-270.9058063129636,-270.9058063129636,-270.9058063129636,-270.9058063129636,-270.9058063129636,-270.9058063129636,0.0,0.0,0.0,949.8054124853746
10351,2003-02-14,1220.8582168249623,907.6974991183521,991.4918331955621,1220.8582168249623,1220.8582168249623,-270.93413431881174,-270.93413431881174,-270.93413431881174,-270.93413431881174,-270.93413431881174,-270.93413431881174,0.0,0.0,0.0,949.9240825061505
10352,2003-02-18,1221.4462089314586,909.1752112514706,990.5918468472927,1221.4462089314586,1221.4462089314586,-271.02854867504806,-271.02854867504806,-271.02854867504806,-271.02854867504806,-271.02854867504806,-271.02854867504806,0.0,0.0,0.0,950.4176602564105
10353,2003-02-19,1221.5932069580824,907.3699096042162,991.6357911291856,1221.5932069580824,1221.5932069580824,-271.0474554647309,-271.0474554647309,-271.0474554647309,-271.0474554647309,-271.0474554647309,-271.0474554647309,0.0,0.0,0.0,950.5457514933515
10354,2003-02-20,1221.7402049847065,911.3039024297797,992.5503197447074,1221.7402049847065,1221.7402049847065,-271.06449466973805,-271.06449466973805,-271.06449466973805,-271.06449466973805,-271.06449466973805,-271.06449466973805,0.0,0.0,0.0,950.6757103149685
10355,2003-02-21,1221.8872030113305,908.0615563305194,990.0544579108696,1221.8872030113305,1221.8872030113305,-271.079671901206,-271.079671901206,-271.079671901206,-271.079671901206,-271.079671901206,-271.079671901206,0.0,0.0,0.0,950.8075311101245
10356,2003-02-24,1222.3281970912024,909.20485109888,992.3552315681088,1222.3281970912024,1222.3281970912024,-271.1140882344991,-271.1140882344991,-271.1140882344991,-271.1140882344991,-271.1140882344991,-271.1140882344991,0.0,0.0,0.0,951.2141088567032
10357,2003-02-25,1222.4751951178264,908.9840185131559,994.1822693231932,1222.4751951178264,1222.4751951178264,-271.12187417370154,-271.12187417370154,-271.12187417370154,-271.12187417370154,-271.12187417370154,-271.12187417370154,0.0,0.0,0.0,951.3533209441248
10358,2003-02-26,1222.6221931444504,908.751844675378,992.6137322281403,1222.6221931444504,1222.6221931444504,-271.1278265614952,-271.1278265614952,-271.1278265614952,-271.1278265614952,-271.1278265614952,-271.1278265614952,0.0,0.0,0.0,951.4943665829552
10359,2003-02-27,1222.7691911710742,908.1610637499867,993.8935557978563,1222.7691911710742,1222.7691911710742,-271.1319511544346,-271.1319511544346,-271.1319511544346,-271.1319511544346,-271.1319511544346,-271.1319511544346,0.0,0.0,0.0,951.6372400166397
10360,2003-02-28,1222.9161891976987,911.3912966979734,994.4468177367744,1222.9161891976987,1222.9161891976987,-271.1342537327284,-271.1342537327284,-271.1342537327284,-271.1342537327284,-271.1342537327284,-271.1342537327284,0.0,0.0,0.0,951.7819354649703
10361,2003-03-03,1223.3571832775706,910.9007631845828,996.5970590745907,1223.3571832775706,1223.3571832775706,-271.1302875330726,-271.1302875330726,-271.1302875330726,-271.1302875330726,-271.1302875330726,-271.1302875330726,0.0,0.0,0.0,952.226895744498
10362,2003-03-04,1223.5041813041946,910.2929614545361,991.5074343577459,1223.5041813041946,1223.5041813041946,-271.1253603220271,-271.1253603220271,-271.1253603220271,-271.1253603220271,-271.1253603220271,-271.1253603220271,0.0,0.0,0.0,952.3788209821676
10363,2003-03-05,1223.6511793308189,911.2988140002604,994.1785314745858,1223.6511793308189,1223.6511793308189,-271.11864034626984,-271.11864034626984,-271.11864034626984,-271.11864034626984,-271.11864034626984,-271.11864034626984,0.0,0.0,0.0,952.5325389845491
10364,2003-03-06,1223.798177357443,912.028779657533,995.8062180253371,1223.798177357443,1223.798177357443,-271.11013352437953,-271.11013352437953,-271.11013352437953,-271.11013352437953,-271.11013352437953,-271.11013352437953,0.0,0.0,0.0,952.6880438330634
10365,2003-03-07,1223.945175384067,909.8638274732621,996.5362308136623,1223.945175384067,1223.945175384067,-271.09984579740143,-271.09984579740143,-271.09984579740143,-271.09984579740143,-271.09984579740143,-271.09984579740143,0.0,0.0,0.0,952.8453295866655
10366,2003-03-10,1224.3861694639388,909.5471626371735,993.6139513705599,1224.3861694639388,1224.3861694639388,-271.0583569297781,-271.0583569297781,-271.0583569297781,-271.0583569297781,-271.0583569297781,-271.0583569297781,0.0,0.0,0.0,953.3278125341608
10367,2003-03-11,1224.5331674905628,913.7975804611237,998.0372718845732,1224.5331674905628,1224.5331674905628,-271.04100543620876,-271.04100543620876,-271.04100543620876,-271.04100543620876,-271.04100543620876,-271.04100543620876,0.0,0.0,0.0,953.4921620543541
10368,2003-03-12,1224.6801655171869,911.3983506924324,993.9936635456455,1224.6801655171869,1224.6801655171869,-271.02190307374826,-271.02190307374826,-271.02190307374826,-271.02190307374826,-271.02190307374826,-271.02190307374826,0.0,0.0,0.0,953.6582624434386
10369,2003-03-13,1224.8271635438107,911.7106435813923,996.0040282918278,1224.8271635438107,1224.8271635438107,-271.0010559146198,-271.0010559146198,-271.0010559146198,-271.0010559146198,-271.0010559146198,-271.0010559146198,0.0,0.0,0.0,953.8261076291908
10370,2003-03-14,1224.9741615704347,912.2971142455141,996.8761391239726,1224.9741615704347,1224.9741615704347,-270.9784700523031,-270.9784700523031,-270.9784700523031,-270.9784700523031,-270.9784700523031,-270.9784700523031,0.0,0.0,0.0,953.9956915181316
10371,2003-03-17,1225.4151556503066,913.5341485357426,997.4594108578239,1225.4151556503066,1225.4151556503066,-270.9003414961741,-270.9003414961741,-270.9003414961741,-270.9003414961741,-270.9003414961741,-270.9003414961741,0.0,0.0,0.0,954.5148141541324
10372,2003-03-18,1225.5621536769306,910.6994112260695,998.3085947467049,1225.5621536769306,1225.5621536769306,-270.87086217488263,-270.87086217488263,-270.87086217488263,-270.87086217488263,-270.87086217488263,-270.87086217488263,0.0,0.0,0.0,954.691291502048
10373,2003-03-19,1225.7091517035547,914.0909122411957,997.7973686609457,1225.7091517035547,1225.7091517035547,-270.83967493050193,-270.83967493050193,-270.83967493050193,-270.83967493050193,-270.83967493050193,-270.83967493050193,0.0,0.0,0.0,954.8694767730527
10374,2003-03-20,1225.856149730179,913.3535397069934,996.3889865902395,1225.856149730179,1225.856149730179,-270.8067859803623,-270.8067859803623,-270.8067859803623,-270.8067859803623,-270.8067859803623,-270.8067859803623,0.0,0.0,0.0,955.0493637498166
10375,2003-03-21,1226.003147756803,915.120126427762,995.552756228884,1226.0031477568027,1226.0031477568027,-270.77220156181556,-270.77220156181556,-270.77220156181556,-270.77220156181556,-270.77220156181556,-270.77220156181556,0.0,0.0,0.0,955.2309461949874
10376,2003-03-24,1226.4441418366748,915.7590111331142,998.1910806654616,1226.4441418366748,1226.4441418366748,-270.65833816588207,-270.65833816588207,-270.65833816588207,-270.65833816588207,-270.65833816588207,-270.65833816588207,0.0,0.0,0.0,955.7858036707928
10377,2003-03-25,1226.5911398632988,916.3320848660694,997.2988526266465,1226.5911398632988,1226.5911398632988,-270.61703464148206,-270.61703464148206,-270.61703464148206,-270.61703464148206,-270.61703464148206,-270.61703464148206,0.0,0.0,0.0,955.9741052218168
10378,2003-03-26,1226.7381378899229,916.1788004049628,1000.9415089450332,1226.7381378899229,1226.7381378899229,-270.5740671295611,-270.5740671295611,-270.5740671295611,-270.5740671295611,-270.5740671295611,-270.5740671295611,0.0,0.0,0.0,956.1640707603617
10379,2003-03-27,1226.8851359165471,917.2933088862355,1000.6065000257017,1226.8851359165471,1226.8851359165471,-270.5294419838704,-270.5294419838704,-270.5294419838704,-270.5294419838704,-270.5294419838704,-270.5294419838704,0.0,0.0,0.0,956.3556939326768
10380,2003-03-28,1227.0321339431712,916.4292784117299,995.367003254411,1227.0321339431712,1227.0321339431712,-270.48316557693136,-270.48316557693136,-270.48316557693136,-270.48316557693136,-270.48316557693136,-270.48316557693136,0.0,0.0,0.0,956.5489683662398
10381,2003-03-31,1227.473128023043,914.1100742651454,996.624132774027,1227.473128023043,1227.473128023043,-270.33449279162875,-270.33449279162875,-270.33449279162875,-270.33449279162875,-270.33449279162875,-270.33449279162875,0.0,0.0,0.0,957.1386352314144
10382,2003-04-01,1227.620126049667,916.4647427320582,999.9597973130259,1227.620126049667,1227.620126049667,-270.28167543403055,-270.28167543403055,-270.28167543403055,-270.28167543403055,-270.28167543403055,-270.28167543403055,0.0,0.0,0.0,957.3384506156365
10383,2003-04-02,1227.767124076291,915.6770083663741,998.7276136013306,1227.767124076291,1227.767124076291,-270.22723895304466,-270.22723895304466,-270.22723895304466,-270.22723895304466,-270.22723895304466,-270.22723895304466,0.0,0.0,0.0,957.5398851232464
10384,2003-04-03,1227.914122102915,916.2106324458559,1000.9220482294155,1227.914122102915,1227.914122102915,-270.17118983002456,-270.17118983002456,-270.17118983002456,-270.17118983002456,-270.17118983002456,-270.17118983002456,0.0,0.0,0.0,957.7429322728904
10385,2003-04-04,1228.0611201295394,916.7515211240204,998.8985532482809,1228.0611201295394,1228.0611201295394,-270.1135345638245,-270.1135345638245,-270.1135345638245,-270.1135345638245,-270.1135345638245,-270.1135345638245,0.0,0.0,0.0,957.9475855657149
10386,2003-04-07,1228.5021142094113,915.3372405569899,998.6835665367352,1228.5021142094113,1228.5021142094113,-269.9309971533752,-269.9309971533752,-269.9309971533752,-269.9309971533752,-269.9309971533752,-269.9309971533752,0.0,0.0,0.0,958.5711170560361
10387,2003-04-08,1228.6491122360353,915.8787849822917,999.4316709993863,1228.6491122360353,1228.6491122360353,-269.8669826466329,-269.8669826466329,-269.8669826466329,-269.8669826466329,-269.8669826466329,-269.8669826466329,0.0,0.0,0.0,958.7821295894024
10388,2003-04-09,1228.7961102626593,916.1135534581005,997.9859709284581,1228.7961102626593,1228.7961102626593,-269.8013947471016,-269.8013947471016,-269.8013947471016,-269.8013947471016,-269.8013947471016,-269.8013947471016,0.0,0.0,0.0,958.9947155155578
10389,2003-04-10,1228.9431082892831,918.2081099093755,999.0064897560113,1228.9431082892831,1228.9431082892831,-269.734240054798,-269.734240054798,-269.734240054798,-269.734240054798,-269.734240054798,-269.734240054798,0.0,0.0,0.0,959.2088682344852
10390,2003-04-11,1229.0901063159072,915.2623731168201,997.5559452641954,1229.0901063159072,1229.0901063159072,-269.6655251859533,-269.6655251859533,-269.6655251859533,-269.6655251859533,-269.6655251859533,-269.6655251859533,0.0,0.0,0.0,959.4245811299538
10391,2003-04-14,1229.531100395779,920.3453274770432,1000.3877855163751,1229.531100395779,1229.531100395779,-269.4500859218369,-269.4500859218369,-269.4500859218369,-269.4500859218369,-269.4500859218369,-269.4500859218369,0.0,0.0,0.0,960.0810144739421
10392,2003-04-15,1229.678098422403,918.2242359823214,1001.6700750273317,1229.678098422403,1229.678098422403,-269.3751968269773,-269.3751968269773,-269.3751968269773,-269.3751968269773,-269.3751968269773,-269.3751968269773,0.0,0.0,0.0,960.3029015954257
10393,2003-04-16,1229.8250964490271,920.9723778509948,1003.8606735566625,1229.8250964490271,1229.8250964490271,-269.2987808734861,-269.2987808734861,-269.2987808734861,-269.2987808734861,-269.2987808734861,-269.2987808734861,0.0,0.0,0.0,960.526315575541
10394,2003-04-17,1229.9720944756511,921.1908764304652,1008.3901871881924,1229.9720944756511,1229.9720944756511,-269.2208447709951,-269.2208447709951,-269.2208447709951,-269.2208447709951,-269.2208447709951,-269.2208447709951,0.0,0.0,0.0,960.7512497046561
10395,2003-04-21,1230.5600865821473,919.6693627891927,1002.9353918902195,1230.5600865821473,1230.5600865821473,-268.89403358176395,-268.89403358176395,-268.89403358176395,-268.89403358176395,-268.89403358176395,-268.89403358176395,0.0,0.0,0.0,961.6660530003833
10396,2003-04-22,1230.7070846087718,921.4708062715247,1004.4232661677265,1230.7070846087718,1230.7070846087718,-268.8085978942293,-268.8085978942293,-268.8085978942293,-268.8085978942293,-268.8085978942293,-268.8085978942293,0.0,0.0,0.0,961.8984867145425
10397,2003-04-23,1230.8540826353956,922.1941262313107,1007.0714146749328,1230.8540826353956,1230.8540826353956,-268.72168262215257,-268.72168262215257,-268.72168262215257,-268.72168262215257,-268.72168262215257,-268.72168262215257,0.0,0.0,0.0,962.132400013243
10398,2003-04-24,1231.0010806620196,920.3117908176216,1003.027983810355,1231.0010806620196,1231.0010806620196,-268.63329457563844,-268.63329457563844,-268.63329457563844,-268.63329457563844,-268.63329457563844,-268.63329457563844,0.0,0.0,0.0,962.3677860863811
10399,2003-04-25,1231.1480786886436,920.8023843050605,1005.2331766526852,1231.1480786886436,1231.1480786886436,-268.5434405783933,-268.5434405783933,-268.5434405783933,-268.5434405783933,-268.5434405783933,-268.5434405783933,0.0,0.0,0.0,962.6046381102503
10400,2003-04-28,1231.5890727685155,917.2363179409513,1004.0687944617853,1231.5890727685155,1231.5890727685155,-268.2651513194093,-268.2651513194093,-268.2651513194093,-268.2651513194093,-268.2651513194093,-268.2651513194093,0.0,0.0,0.0,963.3239214491061
10401,2003-04-29,1231.7360707951395,919.7845976388498,1003.2614687655953,1231.7360707951398,1231.7360707951398,-268.16950202174536,-268.16950202174536,-268.16950202174536,-268.16950202174536,-268.16950202174536,-268.16950202174536,0.0,0.0,0.0,963.5665687733942
10402,2003-04-30,1231.8830688217636,920.7576079613207,1007.7123991662896,1231.8830688217636,1231.8830688217636,-268.07242108930944,-268.07242108930944,-268.07242108930944,-268.07242108930944,-268.07242108930944,-268.07242108930944,0.0,0.0,0.0,963.8106477324541
10403,2003-05-01,1232.0300668483876,925.1746233155844,1004.286608790181,1232.0300668483876,1232.0300668483876,-267.9739154234547,-267.9739154234547,-267.9739154234547,-267.9739154234547,-267.9739154234547,-267.9739154234547,0.0,0.0,0.0,964.056151424933
10404,2003-05-02,1232.1770648750114,922.0562418967264,1006.1619811991369,1232.1770648750114,1232.1770648750114,-267.8739919378119,-267.8739919378119,-267.8739919378119,-267.8739919378119,-267.8739919378119,-267.8739919378119,0.0,0.0,0.0,964.3030729371994
10405,2003-05-05,1232.6180589548837,923.4282885713515,1005.8125078408486,1232.6180589548837,1232.6180589548837,-267.5657838786577,-267.5657838786577,-267.5657838786577,-267.5657838786577,-267.5657838786577,-267.5657838786577,0.0,0.0,0.0,965.052275076226
10406,2003-05-06,1232.7650569815078,927.1937188255793,1006.6422661836615,1232.7650569815078,1232.7650569815078,-267.460258489095,-267.460258489095,-267.460258489095,-267.460258489095,-267.460258489095,-267.460258489095,0.0,0.0,0.0,965.3047984924128
10407,2003-05-07,1232.9120550081318,923.7716855822136,1009.7677225235365,1232.9120550081318,1232.9120550081318,-267.353350025425,-267.353350025425,-267.353350025425,-267.353350025425,-267.353350025425,-267.353350025425,0.0,0.0,0.0,965.5587049827068
10408,2003-05-08,1233.0590530347558,927.0894818843478,1005.4357974317093,1233.0590530347558,1233.0590530347558,-267.2450654709557,-267.2450654709557,-267.2450654709557,-267.2450654709557,-267.2450654709557,-267.2450654709557,0.0,0.0,0.0,965.8139875638001
10409,2003-05-09,1233.2060510613796,925.6121701192798,1008.3493196992579,1233.2060510613796,1233.2060510613796,-267.1354118199405,-267.1354118199405,-267.1354118199405,-267.1354118199405,-267.1354118199405,-267.1354118199405,0.0,0.0,0.0,966.0706392414392
10410,2003-05-12,1233.6470451412517,925.5011630730272,1007.2736412959263,1233.6470451412517,1233.6470451412517,-266.79830639033963,-266.79830639033963,-266.79830639033963,-266.79830639033963,-266.79830639033963,-266.79830639033963,0.0,0.0,0.0,966.8487387509122
10411,2003-05-13,1233.7940431678755,927.9537260295059,1009.59512411132,1233.7940431678755,1233.7940431678755,-266.6832465079134,-266.6832465079134,-266.6832465079134,-266.6832465079134,-266.6832465079134,-266.6832465079134,0.0,0.0,0.0,967.1107966599621
10412,2003-05-14,1233.9410411944996,926.2433140455589,1007.157085781097,1233.9410411944996,1233.9410411944996,-266.5668526577115,-266.5668526577115,-266.5668526577115,-266.5668526577115,-266.5668526577115,-266.5668526577115,0.0,0.0,0.0,967.3741885367881
10413,2003-05-15,1234.0880392211238,921.8767849829254,1009.6893171165725,1234.0880392211238,1234.0880392211238,-266.4491318956483,-266.4491318956483,-266.4491318956483,-266.4491318956483,-266.4491318956483,-266.4491318956483,0.0,0.0,0.0,967.6389073254755
10414,2003-05-16,1234.2350372477479,925.0574104565937,1011.4843409799321,1234.2350372477479,1234.2350372477479,-266.33009128724456,-266.33009128724456,-266.33009128724456,-266.33009128724456,-266.33009128724456,-266.33009128724456,0.0,0.0,0.0,967.9049459605033
10415,2003-05-19,1234.6760313276202,926.8371914620084,1011.7926065914318,1234.6760313276202,1234.6760313276202,-265.9651211792741,-265.9651211792741,-265.9651211792741,-265.9651211792741,-265.9651211792741,-265.9651211792741,0.0,0.0,0.0,968.7109101483461
10416,2003-05-20,1234.8230293542442,924.973866159603,1011.9686029094466,1234.8230293542442,1234.8230293542442,-265.84087202613796,-265.84087202613796,-265.84087202613796,-265.84087202613796,-265.84087202613796,-265.84087202613796,0.0,0.0,0.0,968.9821573281063
10417,2003-05-21,1234.9700273808683,927.6169602178315,1014.4877926344222,1234.9700273808683,1234.9700273808683,-265.71533849165024,-265.71533849165024,-265.71533849165024,-265.71533849165024,-265.71533849165024,-265.71533849165024,0.0,0.0,0.0,969.254688889218
10418,2003-05-22,1235.117025407492,928.374763339106,1010.5147796713312,1235.117025407492,1235.117025407492,-265.58852769494126,-265.58852769494126,-265.58852769494126,-265.58852769494126,-265.58852769494126,-265.58852769494126,0.0,0.0,0.0,969.5284977125508
10419,2003-05-23,1235.264023434116,926.655165090597,1009.1916829681858,1235.264023434116,1235.264023434116,-265.46044676340324,-265.46044676340324,-265.46044676340324,-265.46044676340324,-265.46044676340324,-265.46044676340324,0.0,0.0,0.0,969.8035766707128
10420,2003-05-27,1235.852015540612,927.533742392999,1010.9993902114286,1235.852015540612,1235.852015540612,-264.93556451522795,-264.93556451522795,-264.93556451522795,-264.93556451522795,-264.93556451522795,-264.93556451522795,0.0,0.0,0.0,970.916451025384
10421,2003-05-28,1235.999013567236,932.758954161642,1016.0699939823128,1235.999013567236,1235.999013567236,-264.8012400961535,-264.8012400961535,-264.8012400961535,-264.8012400961535,-264.8012400961535,-264.8012400961535,0.0,0.0,0.0,971.1977734710825
10422,2003-05-29,1236.14601159386,929.8319699161935,1014.9748924420874,1236.14601159386,1236.14601159386,-264.6656884693424,-264.6656884693424,-264.6656884693424,-264.6656884693424,-264.6656884693424,-264.6656884693424,0.0,0.0,0.0,971.4803231245177
10423,2003-05-30,1236.2930096204839,931.1944539949352,1012.0019247449333,1236.2930096204839,1236.2930096204839,-264.5289168146373,-264.5289168146373,-264.5289168146373,-264.5289168146373,-264.5289168146373,-264.5289168146373,0.0,0.0,0.0,971.7640928058465
10424,2003-06-02,1236.734003700356,932.0883641988654,1011.4301721581857,1236.734003700356,1236.734003700356,-264.1113535812587,-264.1113535812587,-264.1113535812587,-264.1113535812587,-264.1113535812587,-264.1113535812587,0.0,0.0,0.0,972.6226501190972
10425,2003-06-03,1236.8810017269802,931.52629826183,1016.0746419251602,1236.8810017269802,1236.8810017269802,-263.96977374495873,-263.96977374495873,-263.96977374495873,-263.96977374495873,-263.96977374495873,-263.96977374495873,0.0,0.0,0.0,972.9112279820215
10426,2003-06-04,1237.0279997536043,934.4155126693526,1015.4385048155416,1237.0279997536043,1237.0279997536043,-263.82700987696194,-263.82700987696194,-263.82700987696194,-263.82700987696194,-263.82700987696194,-263.82700987696194,0.0,0.0,0.0,973.2009898766423
10427,2003-06-05,1237.1749977802283,934.3199676601515,1014.4244113285627,1237.1749977802283,1237.1749977802283,-263.6830691945568,-263.6830691945568,-263.6830691945568,-263.6830691945568,-263.6830691945568,-263.6830691945568,0.0,0.0,0.0,973.4919285856715
10428,2003-06-06,1237.321995806852,931.5714192014832,1016.4678627603897,1237.321995806852,1237.321995806852,-263.53795892059946,-263.53795892059946,-263.53795892059946,-263.53795892059946,-263.53795892059946,-263.53795892059946,0.0,0.0,0.0,973.7840368862526
10429,2003-06-09,1237.7629898867242,928.224260024295,1013.2791903004185,1237.7629898867242,1237.7629898867242,-263.0956828574337,-263.0956828574337,-263.0956828574337,-263.0956828574337,-263.0956828574337,-263.0956828574337,0.0,0.0,0.0,974.6673070292904
10430,2003-06-10,1237.909987913348,934.3927562039729,1017.1295714089125,1237.909987913348,1237.909987913348,-262.94596655042733,-262.94596655042733,-262.94596655042733,-262.94596655042733,-262.94596655042733,-262.94596655042733,0.0,0.0,0.0,974.9640213629207
10431,2003-06-11,1238.0569859399725,933.328749488329,1017.8533954420035,1238.0569859399725,1238.0569859399725,-262.79511684291464,-262.79511684291464,-262.79511684291464,-262.79511684291464,-262.79511684291464,-262.79511684291464,0.0,0.0,0.0,975.2618690970578
10432,2003-06-12,1238.2039839665965,935.4733202754312,1013.9839342125557,1238.2039839665965,1238.2039839665965,-262.64314098711066,-262.64314098711066,-262.64314098711066,-262.64314098711066,-262.64314098711066,-262.64314098711066,0.0,0.0,0.0,975.5608429794859
10433,2003-06-13,1238.3509819932203,935.8939267521835,1019.3636486203787,1238.3509819932203,1238.3509819932203,-262.4900462394513,-262.4900462394513,-262.4900462394513,-262.4900462394513,-262.4900462394513,-262.4900462394513,0.0,0.0,0.0,975.860935753769
10434,2003-06-16,1238.7919760730924,935.1791798824456,1018.7987884536367,1238.7919760730924,1238.7919760730924,-262.0241212689461,-262.0241212689461,-262.0241212689461,-262.0241212689461,-262.0241212689461,-262.0241212689461,0.0,0.0,0.0,976.7678548041463
10435,2003-06-17,1238.9389740997162,934.9330230834145,1019.3497437400058,1238.9389740997162,1238.9389740997162,-261.86662359587933,-261.86662359587933,-261.86662359587933,-261.86662359587933,-261.86662359587933,-261.86662359587933,0.0,0.0,0.0,977.0723505038369
10436,2003-06-18,1239.0859721263407,936.1714048360336,1015.3704133405435,1239.0859721263407,1239.0859721263407,-261.7080433697003,-261.7080433697003,-261.7080433697003,-261.7080433697003,-261.7080433697003,-261.7080433697003,0.0,0.0,0.0,977.3779287566404
10437,2003-06-19,1239.2329701529645,937.8029205144313,1020.3184077765195,1239.2329701529645,1239.2329701529645,-261.5483878681266,-261.5483878681266,-261.5483878681266,-261.5483878681266,-261.5483878681266,-261.5483878681266,0.0,0.0,0.0,977.6845822848379
10438,2003-06-20,1239.3799681795886,932.4921175503225,1019.0342734101793,1239.3799681795886,1239.3799681795886,-261.38766437175155,-261.38766437175155,-261.38766437175155,-261.38766437175155,-261.38766437175155,-261.38766437175155,0.0,0.0,0.0,977.9923038078371
10439,2003-06-23,1239.8209622594607,939.1372608678228,1020.0579507589412,1239.8209622594609,1239.8209622594609,-260.89915875885185,-260.89915875885185,-260.89915875885185,-260.89915875885185,-260.89915875885185,-260.89915875885185,0.0,0.0,0.0,978.9218035006088
10440,2003-06-24,1239.9679602860845,938.0866429909682,1022.411901417551,1239.9679602860845,1239.9679602860845,-260.73423613999904,-260.73423613999904,-260.73423613999904,-260.73423613999904,-260.73423613999904,-260.73423613999904,0.0,0.0,0.0,979.2337241460855
10441,2003-06-25,1240.1149583127085,937.870368127869,1019.4162904310157,1240.1149583127085,1240.1149583127085,-260.5682819657321,-260.5682819657321,-260.5682819657321,-260.5682819657321,-260.5682819657321,-260.5682819657321,0.0,0.0,0.0,979.5466763469764
10442,2003-06-26,1240.2619563393325,934.5722129091672,1019.9657067498372,1240.2619563393325,1240.2619563393325,-260.40130352987285,-260.40130352987285,-260.40130352987285,-260.40130352987285,-260.40130352987285,-260.40130352987285,0.0,0.0,0.0,979.8606528094597
10443,2003-06-27,1240.4089543659566,939.4094314456595,1020.0829902618551,1240.4089543659566,1240.4089543659566,-260.2333081277796,-260.2333081277796,-260.2333081277796,-260.2333081277796,-260.2333081277796,-260.2333081277796,0.0,0.0,0.0,980.175646238177
10444,2003-06-30,1240.8499484458284,939.4552769374684,1021.3624319000229,1240.8499484458284,1240.8499484458284,-259.7232930966915,-259.7232930966915,-259.7232930966915,-259.7232930966915,-259.7232930966915,-259.7232930966915,0.0,0.0,0.0,981.1266553491369
10445,2003-07-01,1240.9969464724525,938.3605872209869,1022.1064013920653,1240.9969464724525,1240.9969464724525,-259.551302807266,-259.551302807266,-259.551302807266,-259.551302807266,-259.551302807266,-259.551302807266,0.0,0.0,0.0,981.4456436651865
10446,2003-07-02,1241.1439444990763,938.4889723157065,1019.8451593285897,1241.1439444990763,1241.1439444990763,-259.37833204474884,-259.37833204474884,-259.37833204474884,-259.37833204474884,-259.37833204474884,-259.37833204474884,0.0,0.0,0.0,981.7656124543274
10447,2003-07-03,1241.2909425257008,938.3169828003748,1023.4565293953493,1241.2909425257008,1241.2909425257008,-259.2043881097068,-259.2043881097068,-259.2043881097068,-259.2043881097068,-259.2043881097068,-259.2043881097068,0.0,0.0,0.0,982.086554415994
10448,2003-07-07,1241.878934632197,945.6609142594189,1025.397569483555,1241.878934632197,1241.878934632197,-258.49902665871537,-258.49902665871537,-258.49902665871537,-258.49902665871537,-258.49902665871537,-258.49902665871537,0.0,0.0,0.0,983.3799079734815
10449,2003-07-08,1242.025932658821,941.2073629415091,1022.5161987980683,1242.025932658821,1242.025932658821,-258.32032636998775,-258.32032636998775,-258.32032636998775,-258.32032636998775,-258.32032636998775,-258.32032636998775,0.0,0.0,0.0,983.7056062888332
10450,2003-07-09,1242.172930685445,942.0459257653791,1021.9260581201164,1242.172930685445,1242.172930685445,-258.1406967097459,-258.1406967097459,-258.1406967097459,-258.1406967097459,-258.1406967097459,-258.1406967097459,0.0,0.0,0.0,984.032233975699
10451,2003-07-10,1242.319928712069,944.4559365140634,1026.8913245330198,1242.319928712069,1242.319928712069,-257.9601449759938,-257.9601449759938,-257.9601449759938,-257.9601449759938,-257.9601449759938,-257.9601449759938,0.0,0.0,0.0,984.3597837360752
10452,2003-07-11,1242.4669267386928,941.7869239579989,1026.2400252414843,1242.4669267386928,1242.4669267386928,-257.7786784656122,-257.7786784656122,-257.7786784656122,-257.7786784656122,-257.7786784656122,-257.7786784656122,0.0,0.0,0.0,984.6882482730806
10453,2003-07-14,1242.907920818565,943.7799459133264,1023.584006404797,1242.907920818565,1242.907920818565,-257.2288632227102,-257.2288632227102,-257.2288632227102,-257.2288632227102,-257.2288632227102,-257.2288632227102,0.0,0.0,0.0,985.6790575958547
10454,2003-07-15,1243.0549188451887,944.5381213206306,1028.2737670269653,1243.0549188451887,1243.0549188451887,-257.04381054558405,-257.04381054558405,-257.04381054558405,-257.04381054558405,-257.04381054558405,-257.04381054558405,0.0,0.0,0.0,986.0111082996046
10455,2003-07-16,1243.2019168718127,945.743351456183,1026.0564685771787,1243.2019168718127,1243.2019168718127,-256.85787955281137,-256.85787955281137,-256.85787955281137,-256.85787955281137,-256.85787955281137,-256.85787955281137,0.0,0.0,0.0,986.3440373190014
10456,2003-07-17,1243.3489148984368,944.0481384129098,1030.5828705377155,1243.3489148984368,1243.3489148984368,-256.67107753059025,-256.67107753059025,-256.67107753059025,-256.67107753059025,-256.67107753059025,-256.67107753059025,0.0,0.0,0.0,986.6778373678465
10457,2003-07-18,1243.495912925061,946.2813956065295,1029.058719034293,1243.495912925061,1243.495912925061,-256.48341176268195,-256.48341176268195,-256.48341176268195,-256.48341176268195,-256.48341176268195,-256.48341176268195,0.0,0.0,0.0,987.0125011623791
10458,2003-07-21,1243.9369070049331,945.9526365087578,1026.9217606671998,1243.9369070049331,1243.9369070049331,-255.91530478197765,-255.91530478197765,-255.91530478197765,-255.91530478197765,-255.91530478197765,-255.91530478197765,0.0,0.0,0.0,988.0216022229555
10459,2003-07-22,1244.083905031557,947.1677266530747,1030.4967444681058,1244.083905031557,1244.083905031557,-255.72425681367054,-255.72425681367054,-255.72425681367054,-255.72425681367054,-255.72425681367054,-255.72425681367054,0.0,0.0,0.0,988.3596482178864
10460,2003-07-23,1244.230903058181,946.9005226645455,1029.8299988142255,1244.230903058181,1244.230903058181,-255.53238147540566,-255.53238147540566,-255.53238147540566,-255.53238147540566,-255.53238147540566,-255.53238147540566,0.0,0.0,0.0,988.6985215827754
10461,2003-07-24,1244.377901084805,945.5917157479498,1030.799678026251,1244.377901084805,1244.377901084805,-255.33968603241183,-255.33968603241183,-255.33968603241183,-255.33968603241183,-255.33968603241183,-255.33968603241183,0.0,0.0,0.0,989.0382150523932
10462,2003-07-25,1244.524899111429,948.0071956392385,1032.986700104094,1244.524899111429,1244.524899111429,-255.14617774617855,-255.14617774617855,-255.14617774617855,-255.14617774617855,-255.14617774617855,-255.14617774617855,0.0,0.0,0.0,989.3787213652505
10463,2003-07-28,1244.965893191301,949.5678320172893,1030.9584109872665,1244.965893191301,1244.965893191301,-254.56084838298312,-254.56084838298312,-254.56084838298312,-254.56084838298312,-254.56084838298312,-254.56084838298312,0.0,0.0,0.0,990.4050448083178
10464,2003-07-29,1245.112891217925,946.6373752071609,1029.302888415219,1245.112891217925,1245.112891217925,-254.36416125745583,-254.36416125745583,-254.36416125745583,-254.36416125745583,-254.36416125745583,-254.36416125745583,0.0,0.0,0.0,990.7487299604691
10465,2003-07-30,1245.2598892445492,946.6313918316026,1032.4640628223942,1245.2598892445492,1245.2598892445492,-254.16669753359986,-254.16669753359986,-254.16669753359986,-254.16669753359986,-254.16669753359986,-254.16669753359986,0.0,0.0,0.0,991.0931917109493
10466,2003-07-31,1245.4068872711732,950.5713244456259,1031.098940935953,1245.4068872711732,1245.4068872711732,-253.96846444660125,-253.96846444660125,-253.96846444660125,-253.96846444660125,-253.96846444660125,-253.96846444660125,0.0,0.0,0.0,991.438422824572
10467,2003-08-01,1245.5538852977973,949.1643492172841,1032.8271686973885,1245.5538852977973,1245.5538852977973,-253.76946922661995,-253.76946922661995,-253.76946922661995,-253.76946922661995,-253.76946922661995,-253.76946922661995,0.0,0.0,0.0,991.7844160711772
10468,2003-08-04,1245.9948793776693,949.9322626555429,1032.4300930227428,1245.9948793776693,1245.9948793776693,-253.16798299114689,-253.16798299114689,-253.16798299114689,-253.16798299114689,-253.16798299114689,-253.16798299114689,0.0,0.0,0.0,992.8268963865224
10469,2003-08-05,1246.1418774042934,953.8118891189483,1036.416583908113,1246.1418774042934,1246.1418774042934,-252.96601143391604,-252.96601143391604,-252.96601143391604,-252.96601143391604,-252.96601143391604,-252.96601143391604,0.0,0.0,0.0,993.1758659703773
10470,2003-08-06,1246.2888754309174,950.300790169073,1036.950265122423,1246.2888754309174,1246.2888754309174,-252.76331381272138,-252.76331381272138,-252.76331381272138,-252.76331381272138,-252.76331381272138,-252.76331381272138,0.0,0.0,0.0,993.525561618196
10471,2003-08-07,1246.4358734575414,956.367566968952,1034.29392022689,1246.4358734575414,1246.4358734575414,-252.5598973237382,-252.5598973237382,-252.5598973237382,-252.5598973237382,-252.5598973237382,-252.5598973237382,0.0,0.0,0.0,993.8759761338033
10472,2003-08-08,1246.5828714841655,952.1505908923145,1032.4958619905412,1246.5828714841655,1246.5828714841655,-252.35576915684393,-252.35576915684393,-252.35576915684393,-252.35576915684393,-252.35576915684393,-252.35576915684393,0.0,0.0,0.0,994.2271023273215
10473,2003-08-11,1247.0238655640374,950.5968742324951,1038.7746873913034,1247.0238655640374,1247.0238655640374,-251.739186389204,-251.739186389204,-251.739186389204,-251.739186389204,-251.739186389204,-251.739186389204,0.0,0.0,0.0,995.2846791748334
10474,2003-08-12,1247.1708635906614,951.5922638818342,1036.3848723726887,1247.1708635906614,1247.1708635906614,-251.532283277164,-251.532283277164,-251.532283277164,-251.532283277164,-251.532283277164,-251.532283277164,0.0,0.0,0.0,995.6385803134974
10475,2003-08-13,1247.3178616172852,953.9425923846032,1038.8976995494227,1247.3178616172852,1247.3178616172852,-251.32470433582333,-251.32470433582333,-251.32470433582333,-251.32470433582333,-251.32470433582333,-251.32470433582333,0.0,0.0,0.0,995.9931572814619
10476,2003-08-14,1247.4648596439092,955.0522505366798,1035.9642079611287,1247.4648596439092,1247.4648596439092,-251.11645671349564,-251.11645671349564,-251.11645671349564,-251.11645671349564,-251.11645671349564,-251.11645671349564,0.0,0.0,0.0,996.3484029304136
10477,2003-08-15,1247.6118576705333,958.4854199987025,1037.2322718373707,1247.6118576705333,1247.6118576705333,-250.90754755094073,-250.90754755094073,-250.90754755094073,-250.90754755094073,-250.90754755094073,-250.90754755094073,0.0,0.0,0.0,996.7043101195925
10478,2003-08-18,1248.0528517504056,955.4840228220587,1037.5149979828639,1248.0528517504056,1248.0528517504056,-250.27692211249553,-250.27692211249553,-250.27692211249553,-250.27692211249553,-250.27692211249553,-250.27692211249553,0.0,0.0,0.0,997.77592963791
10479,2003-08-19,1248.1998497770294,956.5215351206159,1039.8422932638193,1248.1998497770294,1248.1998497770294,-250.06543803936947,-250.06543803936947,-250.06543803936947,-250.06543803936947,-250.06543803936947,-250.06543803936947,0.0,0.0,0.0,998.1344117376599
10480,2003-08-20,1248.3468478036534,957.9408885970122,1040.4969288922334,1248.3468478036534,1248.3468478036534,-249.85332801032246,-249.85332801032246,-249.85332801032246,-249.85332801032246,-249.85332801032246,-249.85332801032246,0.0,0.0,0.0,998.493519793331
10481,2003-08-21,1248.4938458302775,956.5560451453077,1042.4215091492451,1248.4938458302775,1248.4938458302775,-249.64059911708196,-249.64059911708196,-249.64059911708196,-249.64059911708196,-249.64059911708196,-249.64059911708196,0.0,0.0,0.0,998.8532467131955
10482,2003-08-22,1248.6408438569015,956.7363276004924,1039.41973622889,1248.6408438569015,1248.6408438569015,-249.4272584425877,-249.4272584425877,-249.4272584425877,-249.4272584425877,-249.4272584425877,-249.4272584425877,0.0,0.0,0.0,999.2135854143138
10483,2003-08-25,1249.0818379367734,958.1657875049565,1041.4782505113862,1249.0818379367734,1249.0818379367734,-248.78363642549968,-248.78363642549968,-248.78363642549968,-248.78363642549968,-248.78363642549968,-248.78363642549968,0.0,0.0,0.0,1000.2982015112736
10484,2003-08-26,1249.2288359633976,956.166733698135,1042.4032068585423,1249.2288359633976,1249.2288359633976,-248.5679192735296,-248.5679192735296,-248.5679192735296,-248.5679192735296,-248.5679192735296,-248.5679192735296,0.0,0.0,0.0,1000.660916689868
10485,2003-08-27,1249.3758339900216,957.5992810299781,1043.2152445603697,1249.3758339900216,1249.3758339900216,-248.35162561709046,-248.35162561709046,-248.35162561709046,-248.35162561709046,-248.35162561709046,-248.35162561709046,0.0,0.0,0.0,1001.0242083729312
10486,2003-08-28,1249.5228320166457,959.0814204197172,1044.5801939091132,1249.5228320166457,1249.5228320166457,-248.1347624827426,-248.1347624827426,-248.1347624827426,-248.1347624827426,-248.1347624827426,-248.1347624827426,0.0,0.0,0.0,1001.388069533903
10487,2003-08-29,1249.6698300432697,962.4785463743267,1042.6126130195912,1249.6698300432697,1249.6698300432697,-247.9173368870447,-247.9173368870447,-247.9173368870447,-247.9173368870447,-247.9173368870447,-247.9173368870447,0.0,0.0,0.0,1001.752493156225
10488,2003-09-02,1250.2578221497658,961.189093085253,1045.1060332146735,1250.2578221497658,1250.2578221497658,-247.04214986229593,-247.04214986229593,-247.04214986229593,-247.04214986229593,-247.04214986229593,-247.04214986229593,0.0,0.0,0.0,1003.2156722874699
10489,2003-09-03,1250.4048201763899,961.7377740910156,1043.5148981879452,1250.4048201763899,1250.4048201763899,-246.82201684620523,-246.82201684620523,-246.82201684620523,-246.82201684620523,-246.82201684620523,-246.82201684620523,0.0,0.0,0.0,1003.5828033301847
10490,2003-09-04,1250.551818203014,963.853806939446,1043.2960229615098,1250.551818203014,1250.551818203014,-246.60136324851672,-246.60136324851672,-246.60136324851672,-246.60136324851672,-246.60136324851672,-246.60136324851672,0.0,0.0,0.0,1003.9504549544972
10491,2003-09-05,1250.698816229638,964.226713747397,1047.503568909453,1250.698816229638,1250.698816229638,-246.380196011003,-246.380196011003,-246.380196011003,-246.380196011003,-246.380196011003,-246.380196011003,0.0,0.0,0.0,1004.3186202186349
10492,2003-09-08,1251.1398103095098,963.6277715291453,1047.08638366261,1251.1398103095098,1251.1398103095098,-245.71368170582704,-245.71368170582704,-245.71368170582704,-245.71368170582704,-245.71368170582704,-245.71368170582704,0.0,0.0,0.0,1005.4261286036827
10493,2003-09-09,1251.2868083361338,965.0236140776324,1049.5178128485493,1251.2868083361338,1251.2868083361338,-245.49052909702064,-245.49052909702064,-245.49052909702064,-245.49052909702064,-245.49052909702064,-245.49052909702064,0.0,0.0,0.0,1005.7962792391132
10494,2003-09-10,1251.4338063627577,961.7996010402642,1051.1527202914563,1251.4338063627577,1251.4338063627577,-245.26689738350188,-245.26689738350188,-245.26689738350188,-245.26689738350188,-245.26689738350188,-245.26689738350188,0.0,0.0,0.0,1006.1669089792558
10495,2003-09-11,1251.5808043893817,964.515857221493,1049.0674737199886,1251.5808043893817,1251.5808043893817,-245.0427934363766,-245.0427934363766,-245.0427934363766,-245.0427934363766,-245.0427934363766,-245.0427934363766,0.0,0.0,0.0,1006.5380109530051
10496,2003-09-12,1251.7278024160057,965.6333595391403,1048.9063043425651,1251.7278024160057,1251.7278024160057,-244.8182241143916,-244.8182241143916,-244.8182241143916,-244.8182241143916,-244.8182241143916,-244.8182241143916,0.0,0.0,0.0,1006.9095783016141
10497,2003-09-15,1252.1687964958776,966.0752331983673,1048.7415348948934,1252.1687964958776,1252.1687964958776,-244.14179229792694,-244.14179229792694,-244.14179229792694,-244.14179229792694,-244.14179229792694,-244.14179229792694,0.0,0.0,0.0,1008.0270041979506
10498,2003-09-16,1252.315794522502,967.7525533736746,1049.1416368954738,1252.315794522502,1252.315794522502,-243.91542981106113,-243.91542981106113,-243.91542981106113,-243.91542981106113,-243.91542981106113,-243.91542981106113,0.0,0.0,0.0,1008.400364711441
10499,2003-09-17,1252.4627925491259,967.3657029046336,1052.5565625937243,1252.4627925491259,1252.4627925491259,-243.6886360519547,-243.6886360519547,-243.6886360519547,-243.6886360519547,-243.6886360519547,-243.6886360519547,0.0,0.0,0.0,1008.7741564971711
10500,2003-09-18,1252.60979057575,965.0769251276612,1050.9989827889726,1252.60979057575,1252.60979057575,-243.46141780176814,-243.46141780176814,-243.46141780176814,-243.46141780176814,-243.46141780176814,-243.46141780176814,0.0,0.0,0.0,1009.1483727739818
10501,2003-09-19,1252.756788602374,969.6078416404365,1051.158404057787,1252.756788602374,1252.756788602374,-243.23378182816225,-243.23378182816225,-243.23378182816225,-243.23378182816225,-243.23378182816225,-243.23378182816225,0.0,0.0,0.0,1009.5230067742117
10502,2003-09-22,1253.1977826822463,969.329606353219,1051.701800036923,1253.1977826822463,1253.1977826822463,-242.54843503758525,-242.54843503758525,-242.54843503758525,-242.54843503758525,-242.54843503758525,-242.54843503758525,0.0,0.0,0.0,1010.649347644661
10503,2003-09-23,1253.3447807088703,968.7400377633418,1052.8940190159938,1253.3447807088703,1253.3447807088703,-242.3191955713234,-242.3191955713234,-242.3191955713234,-242.3191955713234,-242.3191955713234,-242.3191955713234,0.0,0.0,0.0,1011.0255851375468
10504,2003-09-24,1253.491778735494,968.0170247010294,1053.389730405105,1253.491778735494,1253.491778735494,-242.08957201186115,-242.08957201186115,-242.08957201186115,-242.08957201186115,-242.08957201186115,-242.08957201186115,0.0,0.0,0.0,1011.402206723633
10505,2003-09-25,1253.6387767621181,971.8602780222534,1054.6551754271652,1253.6387767621181,1253.6387767621181,-241.85957104251216,-241.85957104251216,-241.85957104251216,-241.85957104251216,-241.85957104251216,-241.85957104251216,0.0,0.0,0.0,1011.779205719606
10506,2003-09-26,1253.7857747887422,971.7409439546523,1053.7028755931337,1253.7857747887422,1253.7857747887422,-241.62919933197955,-241.62919933197955,-241.62919933197955,-241.62919933197955,-241.62919933197955,-241.62919933197955,0.0,0.0,0.0,1012.1565754567627
10507,2003-09-29,1254.226768868614,971.4285569396545,1054.1119795635805,1254.2267688686138,1254.2267688686138,-240.93592621784754,-240.93592621784754,-240.93592621784754,-240.93592621784754,-240.93592621784754,-240.93592621784754,0.0,0.0,0.0,1013.2908426507665
10508,2003-09-30,1254.373766895238,973.1291413028014,1055.2916889374933,1254.373766895238,1254.373766895238,-240.70413793190735,-240.70413793190735,-240.70413793190735,-240.70413793190735,-240.70413793190735,-240.70413793190735,0.0,0.0,0.0,1013.6696289633308
10509,2003-10-01,1254.5207649218623,973.1428151663731,1059.583733069674,1254.5207649218623,1254.5207649218623,-240.47201202366446,-240.47201202366446,-240.47201202366446,-240.47201202366446,-240.47201202366446,-240.47201202366446,0.0,0.0,0.0,1014.0487528981979
10510,2003-10-02,1254.6677629484864,972.9371538358905,1054.0512365983436,1254.6677629484864,1254.6677629484864,-240.2395550708854,-240.2395550708854,-240.2395550708854,-240.2395550708854,-240.2395550708854,-240.2395550708854,0.0,0.0,0.0,1014.4282078776009
10511,2003-10-03,1254.8147609751104,975.5172205988816,1055.8935128788792,1254.8147609751104,1254.8147609751104,-240.00677363564174,-240.00677363564174,-240.00677363564174,-240.00677363564174,-240.00677363564174,-240.00677363564174,0.0,0.0,0.0,1014.8079873394687
10512,2003-10-06,1255.2557550549823,977.0827061240643,1055.2184264492776,1255.2557550549823,1255.2557550549823,-239.30654781722248,-239.30654781722248,-239.30654781722248,-239.30654781722248,-239.30654781722248,-239.30654781722248,0.0,0.0,0.0,1015.9492072377598
10513,2003-10-07,1255.4027530816063,973.8128231573754,1057.6662687386508,1255.4027530816063,1255.4027530816063,-239.0725337536222,-239.0725337536222,-239.0725337536222,-239.0725337536222,-239.0725337536222,-239.0725337536222,0.0,0.0,0.0,1016.3302193279841
10514,2003-10-08,1255.5497511082303,975.9787070560083,1058.2348434044625,1255.5497511082303,1255.5497511082303,-238.838227777184,-238.838227777184,-238.838227777184,-238.838227777184,-238.838227777184,-238.838227777184,0.0,0.0,0.0,1016.7115233310464
10515,2003-10-09,1255.6967491348541,976.4484034097545,1057.8604851962778,1255.6967491348541,1255.6967491348541,-238.60363635263374,-238.60363635263374,-238.60363635263374,-238.60363635263374,-238.60363635263374,-238.60363635263374,0.0,0.0,0.0,1017.0931127822204
10516,2003-10-10,1255.8437471614782,974.4344429503526,1059.8674768480842,1255.8437471614782,1255.8437471614782,-238.36876592795048,-238.36876592795048,-238.36876592795048,-238.36876592795048,-238.36876592795048,-238.36876592795048,0.0,0.0,0.0,1017.4749812335277
10517,2003-10-13,1256.28474124135,977.7680531623381,1059.2432905989065,1256.28474124135,1256.28474124135,-237.66254487857282,-237.66254487857282,-237.66254487857282,-237.66254487857282,-237.66254487857282,-237.66254487857282,0.0,0.0,0.0,1018.6221963627772
10518,2003-10-14,1256.4317392679745,977.0600049866182,1061.8061339193005,1256.4317392679745,1256.4317392679745,-237.4266225930298,-237.4266225930298,-237.4266225930298,-237.4266225930298,-237.4266225930298,-237.4266225930298,0.0,0.0,0.0,1019.0051166749447
10519,2003-10-15,1256.5787372945983,976.9068094135412,1063.0515923586333,1256.5787372945983,1256.5787372945983,-237.19045329088124,-237.19045329088124,-237.19045329088124,-237.19045329088124,-237.19045329088124,-237.19045329088124,0.0,0.0,0.0,1019.3882840037171
10520,2003-10-16,1256.7257353212224,976.2380023804292,1059.0405192535795,1256.7257353212224,1256.7257353212224,-236.95404331653918,-236.95404331653918,-236.95404331653918,-236.95404331653918,-236.95404331653918,-236.95404331653918,0.0,0.0,0.0,1019.7716920046832
10521,2003-10-17,1256.8727333478464,979.304867452915,1061.9105578972087,1256.8727333478464,1256.8727333478464,-236.71739899664686,-236.71739899664686,-236.71739899664686,-236.71739899664686,-236.71739899664686,-236.71739899664686,0.0,0.0,0.0,1020.1553343511996
10522,2003-10-20,1257.3137274277187,981.6993097651603,1064.1708258588228,1257.3137274277187,1257.3137274277187,-236.0061229605775,-236.0061229605775,-236.0061229605775,-236.0061229605775,-236.0061229605775,-236.0061229605775,0.0,0.0,0.0,1021.3076044671412
10523,2003-10-21,1257.4607254543428,983.1172712822743,1063.7758447634287,1257.4607254543428,1257.4607254543428,-235.76860416455742,-235.76860416455742,-235.76860416455742,-235.76860416455742,-235.76860416455742,-235.76860416455742,0.0,0.0,0.0,1021.6921212897853
10524,2003-10-22,1257.6077234809666,978.7183939830103,1064.5457297922464,1257.6077234809666,1257.6077234809666,-235.53088238469437,-235.53088238469437,-235.53088238469437,-235.53088238469437,-235.53088238469437,-235.53088238469437,0.0,0.0,0.0,1022.0768410962722
10525,2003-10-23,1257.7547215075906,982.6841282020614,1061.8345245123378,1257.7547215075906,1257.7547215075906,-235.29296383803964,-235.29296383803964,-235.29296383803964,-235.29296383803964,-235.29296383803964,-235.29296383803964,0.0,0.0,0.0,1022.4617576695509
10526,2003-10-24,1257.9017195342146,982.1402727697528,1067.2601899910055,1257.9017195342146,1257.9017195342146,-235.05485472289038,-235.05485472289038,-235.05485472289038,-235.05485472289038,-235.05485472289038,-235.05485472289038,0.0,0.0,0.0,1022.8468648113243
10527,2003-10-27,1258.3427136140865,979.8655003593639,1064.2930083117906,1258.3427136140865,1258.3427136140865,-234.33944566520506,-234.33944566520506,-234.33944566520506,-234.33944566520506,-234.33944566520506,-234.33944566520506,0.0,0.0,0.0,1024.0032679488813
10528,2003-10-28,1258.4897116407105,985.629942745575,1070.1688267965226,1258.4897116407105,1258.4897116407105,-234.10063587910446,-234.10063587910446,-234.10063587910446,-234.10063587910446,-234.10063587910446,-234.10063587910446,0.0,0.0,0.0,1024.3890757616061
10529,2003-10-29,1258.6367096673346,980.9674335649728,1066.6694684771326,1258.6367096673346,1258.6367096673346,-233.86166622984317,-233.86166622984317,-233.86166622984317,-233.86166622984317,-233.86166622984317,-233.86166622984317,0.0,0.0,0.0,1024.7750434374914
10530,2003-10-30,1258.7837076939586,984.6922887036344,1066.576905365086,1258.7837076939586,1258.7837076939586,-233.622542800306,-233.622542800306,-233.622542800306,-233.622542800306,-233.622542800306,-233.622542800306,0.0,0.0,0.0,1025.1611648936525
10531,2003-10-31,1258.9307057205824,985.1558292470359,1065.1206196640517,1258.9307057205824,1258.9307057205824,-233.3832716536693,-233.3832716536693,-233.3832716536693,-233.3832716536693,-233.3832716536693,-233.3832716536693,0.0,0.0,0.0,1025.5474340669132
10532,2003-11-03,1259.3716998004547,984.7407020122232,1065.1257729592505,1259.3716998004547,1259.3716998004547,-232.6646322445145,-232.6646322445145,-232.6646322445145,-232.6646322445145,-232.6646322445145,-232.6646322445145,0.0,0.0,0.0,1026.7070675559403
10533,2003-11-04,1259.5186978270788,987.623229876032,1069.7449361506754,1259.5186978270788,1259.5186978270788,-232.42483046243711,-232.42483046243711,-232.42483046243711,-232.42483046243711,-232.42483046243711,-232.42483046243711,0.0,0.0,0.0,1027.0938673646417
10534,2003-11-05,1259.6656958537028,982.6153857311137,1068.1768232433433,1259.6656958537028,1259.6656958537028,-232.18491097888577,-232.18491097888577,-232.18491097888577,-232.18491097888577,-232.18491097888577,-232.18491097888577,0.0,0.0,0.0,1027.4807848748171
10535,2003-11-06,1259.8126938803266,987.7059785973972,1066.9636760022518,1259.8126938803266,1259.8126938803266,-231.94487973601719,-231.94487973601719,-231.94487973601719,-231.94487973601719,-231.94487973601719,-231.94487973601719,0.0,0.0,0.0,1027.8678141443095
10536,2003-11-07,1259.9596919069506,985.2692457410383,1068.9921231135445,1259.9596919069509,1259.9596919069509,-231.70474265536387,-231.70474265536387,-231.70474265536387,-231.70474265536387,-231.70474265536387,-231.70474265536387,0.0,0.0,0.0,1028.2549492515868
10537,2003-11-10,1260.400685986823,987.5361147252551,1070.6839462526164,1260.400685986823,1260.400685986823,-230.98375528996573,-230.98375528996573,-230.98375528996573,-230.98375528996573,-230.98375528996573,-230.98375528996573,0.0,0.0,0.0,1029.4169306968572
10538,2003-11-11,1260.547684013447,990.7533480272282,1069.9551224539991,1260.547684013447,1260.547684013447,-230.74325365654047,-230.74325365654047,-230.74325365654047,-230.74325365654047,-230.74325365654047,-230.74325365654047,0.0,0.0,0.0,1029.8044303569066
10539,2003-11-12,1260.694682040071,989.1447367254989,1070.5352192893965,1260.694682040071,1260.694682040071,-230.50267547917034,-230.50267547917034,-230.50267547917034,-230.50267547917034,-230.50267547917034,-230.50267547917034,0.0,0.0,0.0,1030.1920065609006
10540,2003-11-13,1260.8416800666948,988.9149387238,1068.2018355741172,1260.8416800666948,1260.8416800666948,-230.26202655298005,-230.26202655298005,-230.26202655298005,-230.26202655298005,-230.26202655298005,-230.26202655298005,0.0,0.0,0.0,1030.5796535137147
10541,2003-11-14,1260.9886780933189,992.0731297271484,1072.612293838384,1260.9886780933189,1260.9886780933189,-230.02131265158985,-230.02131265158985,-230.02131265158985,-230.02131265158985,-230.02131265158985,-230.02131265158985,0.0,0.0,0.0,1030.967365441729
10542,2003-11-17,1261.4296721731912,991.7332461690529,1073.9179155792965,1261.4296721731912,1261.4296721731912,-229.29883850729468,-229.29883850729468,-229.29883850729468,-229.29883850729468,-229.29883850729468,-229.29883850729468,0.0,0.0,0.0,1032.1308336658965
10543,2003-11-18,1261.5766701998152,990.3767535375257,1075.5761408138465,1261.5766701998152,1261.5766701998152,-229.05792200695575,-229.05792200695575,-229.05792200695575,-229.05792200695575,-229.05792200695575,-229.05792200695575,0.0,0.0,0.0,1032.5187481928594
10544,2003-11-19,1261.7236682264393,990.5817285212751,1071.8304586819559,1261.7236682264393,1261.7236682264393,-228.8169690726971,-228.8169690726971,-228.8169690726971,-228.8169690726971,-228.8169690726971,-228.8169690726971,0.0,0.0,0.0,1032.9066991537422
10545,2003-11-20,1261.870666253063,992.9680310926648,1073.7660702388505,1261.870666253063,1261.870666253063,-228.57598534656978,-228.57598534656978,-228.57598534656978,-228.57598534656978,-228.57598534656978,-228.57598534656978,0.0,0.0,0.0,1033.2946809064933
10546,2003-11-21,1262.017664279687,991.3881022171811,1077.2233948973744,1262.017664279687,1262.017664279687,-228.3349764482794,-228.3349764482794,-228.3349764482794,-228.3349764482794,-228.3349764482794,-228.3349764482794,0.0,0.0,0.0,1033.6826878314077
10547,2003-11-24,1262.458658359559,992.3603527849489,1076.0236026962937,1262.458658359559,1262.458658359559,-227.61185457986042,-227.61185457986042,-227.61185457986042,-227.61185457986042,-227.61185457986042,-227.61185457986042,0.0,0.0,0.0,1034.8468037796986
10548,2003-11-25,1262.605656386183,993.676294589895,1074.7062876156458,1262.605656386183,1262.605656386183,-227.37080073899727,-227.37080073899727,-227.37080073899727,-227.37080073899727,-227.37080073899727,-227.37080073899727,0.0,0.0,0.0,1035.2348556471857
10549,2003-11-26,1262.752654412807,994.1826407667156,1077.7393980712095,1262.752654412807,1262.752654412807,-227.12974948525786,-227.12974948525786,-227.12974948525786,-227.12974948525786,-227.12974948525786,-227.12974948525786,0.0,0.0,0.0,1035.6229049275491
10550,2003-11-28,1263.0466504660549,994.2337583676227,1081.4560699268563,1263.0466504660549,1263.0466504660549,-226.64767664883715,-226.64767664883715,-226.64767664883715,-226.64767664883715,-226.64767664883715,-226.64767664883715,0.0,0.0,0.0,1036.3989738172177
10551,2003-12-01,1263.4876445459272,997.1630354129392,1079.363928687162,1263.4876445459272,1263.4876445459272,-225.92472312323196,-225.92472312323196,-225.92472312323196,-225.92472312323196,-225.92472312323196,-225.92472312323196,0.0,0.0,0.0,1037.5629214226951
10552,2003-12-02,1263.6346425725512,996.6824180628373,1079.8035485435148,1263.6346425725512,1263.6346425725512,-225.6838017255901,-225.6838017255901,-225.6838017255901,-225.6838017255901,-225.6838017255901,-225.6838017255901,0.0,0.0,0.0,1037.9508408469612
10553,2003-12-03,1263.7816405991753,997.9434779201293,1079.774813811035,1263.7816405991753,1263.7816405991753,-225.44292080758132,-225.44292080758132,-225.44292080758132,-225.44292080758132,-225.44292080758132,-225.44292080758132,0.0,0.0,0.0,1038.338719791594
10554,2003-12-04,1263.9286386257993,996.868671713955,1080.2451586785012,1263.9286386257993,1263.9286386257993,-225.20208568807968,-225.20208568807968,-225.20208568807968,-225.20208568807968,-225.20208568807968,-225.20208568807968,0.0,0.0,0.0,1038.7265529377196
10555,2003-12-05,1264.075636652423,998.0768849091018,1079.5030580476841,1264.075636652423,1264.075636652423,-224.9613016620512,-224.9613016620512,-224.9613016620512,-224.9613016620512,-224.9613016620512,-224.9613016620512,0.0,0.0,0.0,1039.1143349903718
10556,2003-12-08,1264.5166307322954,998.7123887168501,1082.2147387233688,1264.5166307322954,1264.5166307322954,-224.2393087336395,-224.2393087336395,-224.2393087336395,-224.2393087336395,-224.2393087336395,-224.2393087336395,0.0,0.0,0.0,1040.277321998656
10557,2003-12-09,1264.6636287589195,996.2313953239319,1079.9375706807143,1264.6636287589195,1264.6636287589195,-223.99878154933543,-223.99878154933543,-223.99878154933543,-223.99878154933543,-223.99878154933543,-223.99878154933543,0.0,0.0,0.0,1040.664847209584
10558,2003-12-10,1264.8106267855435,999.33418829606,1082.3992658156933,1264.8106267855435,1264.8106267855435,-223.75833157105748,-223.75833157105748,-223.75833157105748,-223.75833157105748,-223.75833157105748,-223.75833157105748,0.0,0.0,0.0,1041.052295214486
10559,2003-12-11,1264.9576248121673,1000.9549266394963,1079.8862270360016,1264.9576248121673,1264.9576248121673,-223.51796394814116,-223.51796394814116,-223.51796394814116,-223.51796394814116,-223.51796394814116,-223.51796394814116,0.0,0.0,0.0,1041.439660864026
10560,2003-12-12,1265.1046228387913,998.0574398986928,1082.9553203552725,1265.1046228387913,1265.1046228387913,-223.27768380529366,-223.27768380529366,-223.27768380529366,-223.27768380529366,-223.27768380529366,-223.27768380529366,0.0,0.0,0.0,1041.8269390334976
10561,2003-12-15,1265.5456169186634,998.3989961152938,1082.1837626978456,1265.5456169186634,1265.5456169186634,-222.55741913274463,-222.55741913274463,-222.55741913274463,-222.55741913274463,-222.55741913274463,-222.55741913274463,0.0,0.0,0.0,1042.9881977859188
10562,2003-12-16,1265.6926149452877,1004.4667222003728,1084.1073150298537,1265.6926149452877,1265.6926149452877,-222.3175396612342,-222.3175396612342,-222.3175396612342,-222.3175396612342,-222.3175396612342,-222.3175396612342,0.0,0.0,0.0,1043.3750752840535
10563,2003-12-17,1265.8396129719117,1000.4936261402542,1087.1564959933633,1265.8396129719117,1265.8396129719117,-222.07777292046595,-222.07777292046595,-222.07777292046595,-222.07777292046595,-222.07777292046595,-222.07777292046595,0.0,0.0,0.0,1043.7618400514457
10564,2003-12-18,1265.9866109985355,1000.3770385946659,1085.8937361207059,1265.9866109985355,1265.9866109985355,-221.838123885324,-221.838123885324,-221.838123885324,-221.838123885324,-221.838123885324,-221.838123885324,0.0,0.0,0.0,1044.1484871132116
10565,2003-12-19,1266.1336090251596,1003.3058282626364,1081.2117240505854,1266.1336090251593,1266.1336090251593,-221.59859750538726,-221.59859750538726,-221.59859750538726,-221.59859750538726,-221.59859750538726,-221.59859750538726,0.0,0.0,0.0,1044.5350115197723
10566,2003-12-22,1266.5746031050314,1004.6813871496788,1088.3148057546505,1266.5746031050314,1266.5746031050314,-220.88080341106075,-220.88080341106075,-220.88080341106075,-220.88080341106075,-220.88080341106075,-220.88080341106075,0.0,0.0,0.0,1045.6937996939707
10567,2003-12-23,1266.7216011316555,1006.2118869143097,1085.6340296858675,1266.7216011316555,1266.7216011316555,-220.64181663837726,-220.64181663837726,-220.64181663837726,-220.64181663837726,-220.64181663837726,-220.64181663837726,0.0,0.0,0.0,1046.079784493278
10568,2003-12-24,1266.8685991582795,1004.5463466755709,1087.881179419872,1266.8685991582795,1266.8685991582795,-220.40297688597747,-220.40297688597747,-220.40297688597747,-220.40297688597747,-220.40297688597747,-220.40297688597747,0.0,0.0,0.0,1046.465622272302
10569,2003-12-26,1267.1625952115276,1004.2871898158958,1086.9192253611382,1267.1625952115276,1267.1625952115276,-219.92575759936187,-219.92575759936187,-219.92575759936187,-219.92575759936187,-219.92575759936187,-219.92575759936187,0.0,0.0,0.0,1047.2368376121658
10570,2003-12-29,1267.6035892913997,1007.9594391808557,1089.447481442342,1267.6035892913997,1267.6035892913997,-219.21115037215233,-219.21115037215233,-219.21115037215233,-219.21115037215233,-219.21115037215233,-219.21115037215233,0.0,0.0,0.0,1048.3924389192473
10571,2003-12-30,1267.7505873180237,1007.250952575245,1091.5419044135742,1267.7505873180237,1267.7505873180237,-218.97329254271108,-218.97329254271108,-218.97329254271108,-218.97329254271108,-218.97329254271108,-218.97329254271108,0.0,0.0,0.0,1048.7772947753126
10572,2003-12-31,1267.8975853446477,1010.2210473846027,1089.6556126777857,1267.8975853446477,1267.8975853446477,-218.73561475652568,-218.73561475652568,-218.73561475652568,-218.73561475652568,-218.73561475652568,-218.73561475652568,0.0,0.0,0.0,1049.1619705881221
10573,2004-01-02,1268.191581397896,1009.9653448310719,1088.6944752025563,1268.191581397896,1268.191581397896,-218.2608177371591,-218.2608177371591,-218.2608177371591,-218.2608177371591,-218.2608177371591,-218.2608177371591,0.0,0.0,0.0,1049.9307636607368
10574,2004-01-05,1268.632575477768,1010.7740755491046,1093.0276662385484,1268.632575477768,1268.632575477768,-217.55008697962654,-217.55008697962654,-217.55008697962654,-217.55008697962654,-217.55008697962654,-217.55008697962654,0.0,0.0,0.0,1051.0824884981414
10575,2004-01-06,1268.779573504392,1010.2710554798364,1092.1761571118657,1268.779573504392,1268.779573504392,-217.31358538286446,-217.31358538286446,-217.31358538286446,-217.31358538286446,-217.31358538286446,-217.31358538286446,0.0,0.0,0.0,1051.4659881215275
10576,2004-01-07,1268.926571531016,1009.145685574138,1092.6095715725057,1268.926571531016,1268.926571531016,-217.0772955565078,-217.0772955565078,-217.0772955565078,-217.0772955565078,-217.0772955565078,-217.0772955565078,0.0,0.0,0.0,1051.8492759745081
10577,2004-01-08,1269.07356955764,1011.3121929822939,1093.4261038558175,1269.07356955764,1269.07356955764,-216.84122192561853,-216.84122192561853,-216.84122192561853,-216.84122192561853,-216.84122192561853,-216.84122192561853,0.0,0.0,0.0,1052.2323476320214
10578,2004-01-09,1269.2205675842638,1014.0954705540171,1092.0138263189108,1269.2205675842638,1269.2205675842638,-216.60536888818177,-216.60536888818177,-216.60536888818177,-216.60536888818177,-216.60536888818177,-216.60536888818177,0.0,0.0,0.0,1052.615198696082
10579,2004-01-12,1269.661561664136,1013.2926126762438,1094.046702735513,1269.661561664136,1269.661561664136,-215.8991769087259,-215.8991769087259,-215.8991769087259,-215.8991769087259,-215.8991769087259,-215.8991769087259,0.0,0.0,0.0,1053.76238475541
10580,2004-01-13,1269.8085596907597,1012.5993162319593,1093.7973567051313,1269.8085596907597,1269.8085596907597,-215.66424968082433,-215.66424968082433,-215.66424968082433,-215.66424968082433,-215.66424968082433,-215.66424968082433,0.0,0.0,0.0,1054.1443100099355
10581,2004-01-14,1269.9555577173837,1013.2776361848812,1095.6206506855474,1269.9555577173837,1269.9555577173837,-215.42956462757365,-215.42956462757365,-215.42956462757365,-215.42956462757365,-215.42956462757365,-215.42956462757365,0.0,0.0,0.0,1054.52599308981
10582,2004-01-15,1270.102555744008,1013.9428270870977,1096.7394172325194,1270.102555744008,1270.102555744008,-215.1951259829671,-215.1951259829671,-215.1951259829671,-215.1951259829671,-215.1951259829671,-215.1951259829671,0.0,0.0,0.0,1054.907429761041
10583,2004-01-16,1270.249553770632,1015.2439533728855,1099.3173953793103,1270.249553770632,1270.249553770632,-214.96093795341952,-214.96093795341952,-214.96093795341952,-214.96093795341952,-214.96093795341952,-214.96093795341952,0.0,0.0,0.0,1055.2886158172125
10584,2004-01-20,1270.837545877128,1016.7793334545803,1094.248879182415,1270.837545877128,1270.837545877128,-214.0267751450984,-214.0267751450984,-214.0267751450984,-214.0267751450984,-214.0267751450984,-214.0267751450984,0.0,0.0,0.0,1056.8107707320296
10585,2004-01-21,1270.984543903752,1018.4623143100879,1099.235708790073,1270.984543903752,1270.984543903752,-213.79390231712705,-213.79390231712705,-213.79390231712705,-213.79390231712705,-213.79390231712705,-213.79390231712705,0.0,0.0,0.0,1057.190641586625
10586,2004-01-22,1271.131541930376,1017.8989139415038,1101.8079857214423,1271.131541930376,1271.131541930376,-213.56130475982283,-213.56130475982283,-213.56130475982283,-213.56130475982283,-213.56130475982283,-213.56130475982283,0.0,0.0,0.0,1057.5702371705531
10587,2004-01-23,1271.278539957,1012.527582625672,1099.6189007407838,1271.278539957,1271.278539957,-213.32898648470328,-213.32898648470328,-213.32898648470328,-213.32898648470328,-213.32898648470328,-213.32898648470328,0.0,0.0,0.0,1057.9495534722967
10588,2004-01-26,1271.7195340368721,1019.7821353169724,1105.0768158719436,1271.7195340368721,1271.7195340368721,-212.63374704584038,-212.63374704584038,-212.63374704584038,-212.63374704584038,-212.63374704584038,-212.63374704584038,0.0,0.0,0.0,1059.0857869910317
10589,2004-01-27,1271.8665320634962,1019.910337273952,1101.5855871218328,1271.8665320634964,1271.8665320634964,-212.40258545183138,-212.40258545183138,-212.40258545183138,-212.40258545183138,-212.40258545183138,-212.40258545183138,0.0,0.0,0.0,1059.4639466116648
10590,2004-01-28,1272.0135300901202,1014.6072305073177,1104.027836563705,1272.0135300901202,1272.0135300901202,-212.1717227749725,-212.1717227749725,-212.1717227749725,-212.1717227749725,-212.1717227749725,-212.1717227749725,0.0,0.0,0.0,1059.8418073151477
10591,2004-01-29,1272.1605281167442,1017.7046105438668,1097.940184277881,1272.1605281167442,1272.1605281167442,-211.94116285732224,-211.94116285732224,-211.94116285732224,-211.94116285732224,-211.94116285732224,-211.94116285732224,0.0,0.0,0.0,1060.219365259422
10592,2004-01-30,1272.3075261433685,1021.8080771299851,1100.952437089505,1272.3075261433682,1272.3075261433682,-211.7109095124956,-211.7109095124956,-211.7109095124956,-211.7109095124956,-211.7109095124956,-211.7109095124956,0.0,0.0,0.0,1060.5966166308729
10593,2004-02-02,1272.7485202232403,1019.2490923950131,1104.104869302826,1272.7485202232403,1272.7485202232403,-211.02202662330848,-211.02202662330848,-211.02202662330848,-211.02202662330848,-211.02202662330848,-211.02202662330848,0.0,0.0,0.0,1061.726493599932
10594,2004-02-03,1272.8955182498644,1020.6523567897503,1103.6799962629182,1272.8955182498644,1272.8955182498644,-210.79303713515654,-210.79303713515654,-210.79303713515654,-210.79303713515654,-210.79303713515654,-210.79303713515654,0.0,0.0,0.0,1062.1024811147079
10595,2004-02-04,1273.0425162764884,1023.2230382824682,1104.4497395673436,1273.0425162764884,1273.0425162764884,-210.5643728593655,-210.5643728593655,-210.5643728593655,-210.5643728593655,-210.5643728593655,-210.5643728593655,0.0,0.0,0.0,1062.478143417123
10596,2004-02-05,1273.1895143031124,1018.9130302356767,1107.2281888808134,1273.1895143031124,1273.1895143031124,-210.33603743777203,-210.33603743777203,-210.33603743777203,-210.33603743777203,-210.33603743777203,-210.33603743777203,0.0,0.0,0.0,1062.8534768653403
10597,2004-02-06,1273.3365123297363,1025.6878172280462,1104.134743836645,1273.3365123297363,1273.3365123297363,-210.10803448340602,-210.10803448340602,-210.10803448340602,-210.10803448340602,-210.10803448340602,-210.10803448340602,0.0,0.0,0.0,1063.2284778463302
10598,2004-02-09,1273.7775064096083,1023.0984457313161,1106.8875057201803,1273.7775064096086,1273.7775064096086,-209.42605612086425,-209.42605612086425,-209.42605612086425,-209.42605612086425,-209.42605612086425,-209.42605612086425,0.0,0.0,0.0,1064.3514502887442
10599,2004-02-10,1273.9245044362324,1023.5347440081702,1105.8131006746119,1273.9245044362324,1273.9245044362324,-209.1994185879057,-209.1994185879057,-209.1994185879057,-209.1994185879057,-209.1994185879057,-209.1994185879057,0.0,0.0,0.0,1064.7250858483267
10600,2004-02-11,1274.0715024628562,1022.2247387612351,1107.2440605795734,1274.0715024628562,1274.0715024628562,-208.97313115357107,-208.97313115357107,-208.97313115357107,-208.97313115357107,-208.97313115357107,-208.97313115357107,0.0,0.0,0.0,1065.098371309285
10601,2004-02-12,1274.2185004894802,1025.4965795487358,1108.515119894283,1274.2185004894802,1274.2185004894802,-208.7471972570723,-208.7471972570723,-208.7471972570723,-208.7471972570723,-208.7471972570723,-208.7471972570723,0.0,0.0,0.0,1065.471303232408
10602,2004-02-13,1274.3654985161043,1023.3810872469229,1104.9635688039266,1274.3654985161043,1274.3654985161043,-208.52162030849834,-208.52162030849834,-208.52162030849834,-208.52162030849834,-208.52162030849834,-208.52162030849834,0.0,0.0,0.0,1065.843878207606
10603,2004-02-17,1274.9534906226004,1028.7951128071045,1104.761118020447,1274.9534906226004,1274.9534906226004,-207.62294917361484,-207.62294917361484,-207.62294917361484,-207.62294917361484,-207.62294917361484,-207.62294917361484,0.0,0.0,0.0,1067.3305414489855
10604,2004-02-18,1275.1004886492244,1024.8539013903455,1110.3138742183578,1275.1004886492244,1275.1004886492244,-207.3992070938336,-207.3992070938336,-207.3992070938336,-207.3992070938336,-207.3992070938336,-207.3992070938336,0.0,0.0,0.0,1067.7012815553908
10605,2004-02-19,1275.2474866758484,1024.7901269573003,1106.4762296059803,1275.2474866758484,1275.2474866758484,-207.1758418086675,-207.1758418086675,-207.1758418086675,-207.1758418086675,-207.1758418086675,-207.1758418086675,0.0,0.0,0.0,1068.071644867181
10606,2004-02-20,1275.3944847024727,1022.7165813009409,1110.9554657965004,1275.3944847024727,1275.3944847024727,-206.95285652323633,-206.95285652323633,-206.95285652323633,-206.95285652323633,-206.95285652323633,-206.95285652323633,0.0,0.0,0.0,1068.4416281792364
10607,2004-02-23,1275.8354787823448,1029.023921953646,1108.7073394212862,1275.8354787823448,1275.8354787823448,-206.28621227493522,-206.28621227493522,-206.28621227493522,-206.28621227493522,-206.28621227493522,-206.28621227493522,0.0,0.0,0.0,1069.5492665074096
10608,2004-02-24,1275.9824768089686,1026.9175592894937,1109.2065310447806,1275.9824768089686,1275.9824768089686,-206.0647784505895,-206.0647784505895,-206.0647784505895,-206.0647784505895,-206.0647784505895,-206.0647784505895,0.0,0.0,0.0,1069.917698358379
10609,2004-02-25,1276.1294748355926,1027.7448824118796,1109.7885697524812,1276.1294748355926,1276.1294748355926,-205.8437402095033,-205.8437402095033,-205.8437402095033,-205.8437402095033,-205.8437402095033,-205.8437402095033,0.0,0.0,0.0,1070.2857346260894
10610,2004-02-26,1276.2764728622167,1025.8857449283053,1111.14244918863,1276.2764728622167,1276.2764728622167,-205.6231005797447,-205.6231005797447,-205.6231005797447,-205.6231005797447,-205.6231005797447,-205.6231005797447,0.0,0.0,0.0,1070.653372282472
10611,2004-02-27,1276.4234708888407,1029.9454688938952,1111.1241047919696,1276.4234708888407,1276.4234708888407,-205.40286255976565,-205.40286255976565,-205.40286255976565,-205.40286255976565,-205.40286255976565,-205.40286255976565,0.0,0.0,0.0,1071.020608329075
10612,2004-03-01,1276.8644649687128,1029.7244994416233,1116.2392007924252,1276.8644649687128,1276.8644649687128,-204.74458769821746,-204.74458769821746,-204.74458769821746,-204.74458769821746,-204.74458769821746,-204.74458769821746,0.0,0.0,0.0,1072.1198772704954
10613,2004-03-02,1277.0114629953368,1027.608135327032,1112.4043543824537,1277.0114629953368,1277.0114629953368,-204.5259855086138,-204.5259855086138,-204.5259855086138,-204.5259855086138,-204.5259855086138,-204.5259855086138,0.0,0.0,0.0,1072.485477486723
10614,2004-03-03,1277.1584610219609,1029.8297989009804,1116.5582381141896,1277.1584610219609,1277.1584610219609,-204.30779947587604,-204.30779947587604,-204.30779947587604,-204.30779947587604,-204.30779947587604,-204.30779947587604,0.0,0.0,0.0,1072.850661546085
10615,2004-03-04,1277.305459048585,1031.521804151498,1117.3040489864504,1277.305459048585,1277.305459048585,-204.09003242021103,-204.09003242021103,-204.09003242021103,-204.09003242021103,-204.09003242021103,-204.09003242021103,0.0,0.0,0.0,1073.215426628374
10616,2004-03-05,1277.452457075209,1033.7498780633978,1116.5440323119662,1277.452457075209,1277.452457075209,-203.87268713203508,-203.87268713203508,-203.87268713203508,-203.87268713203508,-203.87268713203508,-203.87268713203508,0.0,0.0,0.0,1073.579769943174
10617,2004-03-08,1277.8934511550808,1033.5915868843422,1115.6452258490815,1277.8934511550808,1277.8934511550808,-203.22320932930796,-203.22320932930796,-203.22320932930796,-203.22320932930796,-203.22320932930796,-203.22320932930796,0.0,0.0,0.0,1074.6702418257728
10618,2004-03-09,1278.0404491817048,1036.4066067614674,1115.6361791475533,1278.0404491817048,1278.0404491817048,-203.00757841871777,-203.00757841871777,-203.00757841871777,-203.00757841871777,-203.00757841871777,-203.00757841871777,0.0,0.0,0.0,1075.0328707629872
10619,2004-03-10,1278.1874472083286,1033.2554213065723,1115.04847821616,1278.1874472083286,1278.1874472083286,-202.79238278013068,-202.79238278013068,-202.79238278013068,-202.79238278013068,-202.79238278013068,-202.79238278013068,0.0,0.0,0.0,1075.3950644281979
10620,2004-03-11,1278.3344452349527,1035.5304808474637,1118.5665450919573,1278.3344452349527,1278.3344452349527,-202.5776250248083,-202.5776250248083,-202.5776250248083,-202.5776250248083,-202.5776250248083,-202.5776250248083,0.0,0.0,0.0,1075.7568202101443
10621,2004-03-12,1278.4814432615767,1033.9002060222551,1119.4163275778474,1278.4814432615767,1278.4814432615767,-202.36330773409307,-202.36330773409307,-202.36330773409307,-202.36330773409307,-202.36330773409307,-202.36330773409307,0.0,0.0,0.0,1076.1181355274837
10622,2004-03-15,1278.922437341449,1032.6404176671876,1118.5765828976512,1278.922437341449,1278.922437341449,-201.72302401393856,-201.72302401393856,-201.72302401393856,-201.72302401393856,-201.72302401393856,-201.72302401393856,0.0,0.0,0.0,1077.1994133275105
10623,2004-03-16,1279.069435368073,1036.7227131227332,1120.0380782489929,1279.069435368073,1279.069435368073,-201.51049379621853,-201.51049379621853,-201.51049379621853,-201.51049379621853,-201.51049379621853,-201.51049379621853,0.0,0.0,0.0,1077.5589415718546
10624,2004-03-17,1279.2164333946969,1034.9794638805602,1119.1847187984422,1279.2164333946969,1279.2164333946969,-201.29841650056596,-201.29841650056596,-201.29841650056596,-201.29841650056596,-201.29841650056596,-201.29841650056596,0.0,0.0,0.0,1077.918016894131
10625,2004-03-18,1279.3634314213214,1037.4570795341751,1117.214601918966,1279.3634314213214,1279.3634314213214,-201.08679452854207,-201.08679452854207,-201.08679452854207,-201.08679452854207,-201.08679452854207,-201.08679452854207,0.0,0.0,0.0,1078.2766368927794
10626,2004-03-19,1279.5104294479452,1038.8048933681307,1120.3791083729968,1279.5104294479452,1279.5104294479452,-200.87563025170792,-200.87563025170792,-200.87563025170792,-200.87563025170792,-200.87563025170792,-200.87563025170792,0.0,0.0,0.0,1078.6347991962373
10627,2004-03-22,1279.9514235278173,1038.2934151416946,1124.0738136172426,1279.9514235278175,1279.9514235278175,-200.24490685780697,-200.24490685780697,-200.24490685780697,-200.24490685780697,-200.24490685780697,-200.24490685780697,0.0,0.0,0.0,1079.7065166700104
10628,2004-03-23,1280.098421554441,1039.3711966077317,1122.2887743492852,1280.098421554441,1280.098421554441,-200.03559647710253,-200.03559647710253,-200.03559647710253,-200.03559647710253,-200.03559647710253,-200.03559647710253,0.0,0.0,0.0,1080.0628250773386
10629,2004-03-24,1280.245419581065,1037.715541899303,1120.8741150866842,1280.245419581065,1280.245419581065,-199.826755199163,-199.826755199163,-199.826755199163,-199.826755199163,-199.826755199163,-199.826755199163,0.0,0.0,0.0,1080.418664381902
10630,2004-03-25,1280.3924176076891,1036.2993906539048,1122.9242923822637,1280.3924176076891,1280.3924176076891,-199.6183852154247,-199.6183852154247,-199.6183852154247,-199.6183852154247,-199.6183852154247,-199.6183852154247,0.0,0.0,0.0,1080.7740323922644
10631,2004-03-26,1280.5394156343132,1041.9312528338482,1122.4366964741398,1280.5394156343132,1280.5394156343132,-199.41048868728896,-199.41048868728896,-199.41048868728896,-199.41048868728896,-199.41048868728896,-199.41048868728896,0.0,0.0,0.0,1081.1289269470242
10632,2004-03-29,1280.980409714185,1039.2452175062162,1124.9212720322032,1280.980409714185,1280.980409714185,-198.78966099999766,-198.78966099999766,-198.78966099999766,-198.78966099999766,-198.78966099999766,-198.78966099999766,0.0,0.0,0.0,1082.1907487141873
10633,2004-03-30,1281.1274077408093,1043.159647165864,1124.960129637235,1281.1274077408093,1281.1274077408093,-198.58367930760505,-198.58367930760505,-198.58367930760505,-198.58367930760505,-198.58367930760505,-198.58367930760505,0.0,0.0,0.0,1082.5437284332043
10634,2004-03-31,1281.2744057674333,1043.3036914631925,1123.4536543174038,1281.2744057674333,1281.2744057674333,-198.37818142731913,-198.37818142731913,-198.37818142731913,-198.37818142731913,-198.37818142731913,-198.37818142731913,0.0,0.0,0.0,1082.8962243401143
10635,2004-04-01,1281.4214037940574,1043.1324324448033,1125.140607392756,1281.4214037940574,1281.4214037940574,-198.17316934035395,-198.17316934035395,-198.17316934035395,-198.17316934035395,-198.17316934035395,-198.17316934035395,0.0,0.0,0.0,1083.2482344537034
10636,2004-04-02,1281.5684018206814,1041.6679367049019,1125.6489852210723,1281.5684018206814,1281.5684018206814,-197.96864499790172,-197.96864499790172,-197.96864499790172,-197.96864499790172,-197.96864499790172,-197.96864499790172,0.0,0.0,0.0,1083.5997568227797
10637,2004-04-05,1282.0093959005533,1041.7901153075782,1122.5671969308535,1282.0093959005533,1282.0093959005533,-197.35801749936383,-197.35801749936383,-197.35801749936383,-197.35801749936383,-197.35801749936383,-197.35801749936383,0.0,0.0,0.0,1084.6513784011895
10638,2004-04-06,1282.1563939271773,1041.0971732187757,1126.105339732047,1282.1563939271773,1282.1563939271773,-197.1554630466949,-197.1554630466949,-197.1554630466949,-197.1554630466949,-197.1554630466949,-197.1554630466949,0.0,0.0,0.0,1085.0009308804824
10639,2004-04-07,1282.3033919538013,1042.52457136001,1126.6332645319108,1282.3033919538013,1282.3033919538013,-196.95340564442344,-196.95340564442344,-196.95340564442344,-196.95340564442344,-196.95340564442344,-196.95340564442344,0.0,0.0,0.0,1085.349986309378
10640,2004-04-08,1282.4503899804251,1042.0071861983106,1126.9566380993042,1282.450389980425,1282.450389980425,-196.75184706377163,-196.75184706377163,-196.75184706377163,-196.75184706377163,-196.75184706377163,-196.75184706377163,0.0,0.0,0.0,1085.6985429166534
10641,2004-04-12,1283.0383820869215,1046.894284849748,1128.4939560847213,1283.0383820869215,1283.0383820869215,-195.95063533340257,-195.95063533340257,-195.95063533340257,-195.95063533340257,-195.95063533340257,-195.95063533340257,0.0,0.0,0.0,1087.087746753519
10642,2004-04-13,1283.1853801135455,1046.358462691862,1128.618481108598,1283.1853801135455,1283.1853801135455,-195.75159638097253,-195.75159638097253,-195.75159638097253,-195.75159638097253,-195.75159638097253,-195.75159638097253,0.0,0.0,0.0,1087.433783732573
10643,2004-04-14,1283.3323781401698,1041.079393023399,1126.9702846675102,1283.3323781401698,1283.3323781401698,-195.55306624876678,-195.55306624876678,-195.55306624876678,-195.55306624876678,-195.55306624876678,-195.55306624876678,0.0,0.0,0.0,1087.779311891403
10644,2004-04-15,1283.4793761667938,1046.8035605045716,1132.3621906979863,1283.4793761667938,1283.4793761667938,-195.35504649856927,-195.35504649856927,-195.35504649856927,-195.35504649856927,-195.35504649856927,-195.35504649856927,0.0,0.0,0.0,1088.1243296682246
10645,2004-04-16,1283.6263741934179,1045.3399496519112,1129.3084393893116,1283.6263741934179,1283.6263741934179,-195.15753866230818,-195.15753866230818,-195.15753866230818,-195.15753866230818,-195.15753866230818,-195.15753866230818,0.0,0.0,0.0,1088.4688355311096
10646,2004-04-19,1284.0673682732897,1048.9939141395078,1131.392353050187,1284.0673682732897,1284.0673682732897,-194.5681015089946,-194.5681015089946,-194.5681015089946,-194.5681015089946,-194.5681015089946,-194.5681015089946,0.0,0.0,0.0,1089.499266764295
10647,2004-04-20,1284.2143662999138,1050.2815596942216,1129.1476348673855,1284.2143662999138,1284.2143662999138,-194.37265605132933,-194.37265605132933,-194.37265605132933,-194.37265605132933,-194.37265605132933,-194.37265605132933,0.0,0.0,0.0,1089.8417102485844
10648,2004-04-21,1284.3613643265376,1047.1769515579397,1130.2775411768512,1284.3613643265376,1284.3613643265376,-194.17772972010061,-194.17772972010061,-194.17772972010061,-194.17772972010061,-194.17772972010061,-194.17772972010061,0.0,0.0,0.0,1090.183634606437
10649,2004-04-22,1284.5083623531616,1049.1508915660463,1132.2655261170753,1284.5083623531616,1284.5083623531616,-193.98332386853156,-193.98332386853156,-193.98332386853156,-193.98332386853156,-193.98332386853156,-193.98332386853156,0.0,0.0,0.0,1090.52503848463
10650,2004-04-23,1284.6553603797856,1051.0031541404112,1133.824477120484,1284.6553603797856,1284.6553603797856,-193.7894398201409,-193.7894398201409,-193.7894398201409,-193.7894398201409,-193.7894398201409,-193.7894398201409,0.0,0.0,0.0,1090.8659205596448
10651,2004-04-26,1285.0963544596575,1046.3445142204444,1133.593507372498,1285.0963544596575,1285.0963544596575,-193.2109312842028,-193.2109312842028,-193.2109312842028,-193.2109312842028,-193.2109312842028,-193.2109312842028,0.0,0.0,0.0,1091.8854231754547
10652,2004-04-27,1285.2433524862815,1052.5085218850377,1133.93678113264,1285.2433524862815,1285.2433524862815,-193.01914709053574,-193.01914709053574,-193.01914709053574,-193.01914709053574,-193.01914709053574,-193.01914709053574,0.0,0.0,0.0,1092.2242053957457
10653,2004-04-28,1285.3903505129056,1047.1644974844535,1134.0301307974014,1285.3903505129056,1285.3903505129056,-192.82789087299685,-192.82789087299685,-192.82789087299685,-192.82789087299685,-192.82789087299685,-192.82789087299685,0.0,0.0,0.0,1092.5624596399086
10654,2004-04-29,1285.5373485395298,1051.576200379154,1137.6322533454643,1285.5373485395298,1285.5373485395298,-192.6371637774439,-192.6371637774439,-192.6371637774439,-192.6371637774439,-192.6371637774439,-192.6371637774439,0.0,0.0,0.0,1092.900184762086
10655,2004-04-30,1285.6843465661539,1051.0576393103477,1133.1008279262135,1285.684346566154,1285.684346566154,-192.44696692022677,-192.44696692022677,-192.44696692022677,-192.44696692022677,-192.44696692022677,-192.44696692022677,0.0,0.0,0.0,1093.2373796459271
10656,2004-05-03,1286.1253406460257,1051.80600824167,1136.0343905054062,1286.1253406460257,1286.1253406460257,-191.8795685001474,-191.8795685001474,-191.8795685001474,-191.8795685001474,-191.8795685001474,-191.8795685001474,0.0,0.0,0.0,1094.2457721458784
10657,2004-05-04,1286.2723386726498,1054.4784166435381,1138.0634822999828,1286.2723386726498,1286.2723386726498,-191.6915031707497,-191.6915031707497,-191.6915031707497,-191.6915031707497,-191.6915031707497,-191.6915031707497,0.0,0.0,0.0,1094.5808355019
10658,2004-05-05,1286.4193366992738,1054.2903411201146,1138.4501314463157,1286.4193366992738,1286.4193366992738,-191.50397321996545,-191.50397321996545,-191.50397321996545,-191.50397321996545,-191.50397321996545,-191.50397321996545,0.0,0.0,0.0,1094.9153634793083
10659,2004-05-06,1286.566334725898,1053.120442097178,1135.6721148969266,1286.566334725898,1286.566334725898,-191.31697958779736,-191.31697958779736,-191.31697958779736,-191.31697958779736,-191.31697958779736,-191.31697958779736,0.0,0.0,0.0,1095.2493551381008
10660,2004-05-07,1286.713332752522,1051.7727693604777,1134.7132097743024,1286.713332752522,1286.713332752522,-191.13052318498086,-191.13052318498086,-191.13052318498086,-191.13052318498086,-191.13052318498086,-191.13052318498086,0.0,0.0,0.0,1095.5828095675413
10661,2004-05-10,1287.154326832394,1050.246581402583,1138.2791947890307,1287.154326832394,1287.154326832394,-190.57438602180943,-190.57438602180943,-190.57438602180943,-190.57438602180943,-190.57438602180943,-190.57438602180943,0.0,0.0,0.0,1096.5799408105845
10662,2004-05-11,1287.301324859018,1054.2915096231998,1139.7882258411496,1287.301324859018,1287.301324859018,-190.3900870597808,-190.3900870597808,-190.3900870597808,-190.3900870597808,-190.3900870597808,-190.3900870597808,0.0,0.0,0.0,1096.9112377992371
10663,2004-05-12,1287.448322885642,1056.7003579932891,1138.4723438342396,1287.448322885642,1287.448322885642,-190.2063294431504,-190.2063294431504,-190.2063294431504,-190.2063294431504,-190.2063294431504,-190.2063294431504,0.0,0.0,0.0,1097.2419934424915
10664,2004-05-13,1287.5953209122658,1060.1328121260592,1138.5570151516165,1287.5953209122658,1287.5953209122658,-190.02311390788626,-190.02311390788626,-190.02311390788626,-190.02311390788626,-190.02311390788626,-190.02311390788626,0.0,0.0,0.0,1097.5722070043796
10665,2004-05-14,1287.7423189388903,1055.590481849115,1137.9669861550258,1287.7423189388903,1287.7423189388903,-189.840441160975,-189.840441160975,-189.840441160975,-189.840441160975,-189.840441160975,-189.840441160975,0.0,0.0,0.0,1097.9018777779154
10666,2004-05-17,1288.1833130187622,1056.88907416474,1139.4374388615397,1288.1833130187622,1288.1833130187622,-189.295686286444,-189.295686286444,-189.295686286444,-189.295686286444,-189.295686286444,-189.295686286444,0.0,0.0,0.0,1098.8876267323183
10667,2004-05-18,1288.3303110453862,1054.9187097452532,1139.2658884683683,1288.3303110453862,1288.3303110453862,-189.11519118475636,-189.11519118475636,-189.11519118475636,-189.11519118475636,-189.11519118475636,-189.11519118475636,0.0,0.0,0.0,1099.2151198606298
10668,2004-05-19,1288.47730907201,1057.140595088478,1141.3481077597125,1288.47730907201,1288.47730907201,-188.93524197321858,-188.93524197321858,-188.93524197321858,-188.93524197321858,-188.93524197321858,-188.93524197321858,0.0,0.0,0.0,1099.5420670987914
10669,2004-05-20,1288.624307098634,1059.7545358850355,1142.5096937422607,1288.6243070986338,1288.6243070986338,-188.75583918589132,-188.75583918589132,-188.75583918589132,-188.75583918589132,-188.75583918589132,-188.75583918589132,0.0,0.0,0.0,1099.8684679127427
10670,2004-05-21,1288.771305125258,1058.5272241252671,1139.1944127644244,1288.771305125258,1288.771305125258,-188.57698332818217,-188.57698332818217,-188.57698332818217,-188.57698332818217,-188.57698332818217,-188.57698332818217,0.0,0.0,0.0,1100.1943217970759
10671,2004-05-24,1289.21229920513,1058.7102959490658,1140.8213260054863,1289.21229920513,1289.21229920513,-188.04370195811862,-188.04370195811862,-188.04370195811862,-188.04370195811862,-188.04370195811862,-188.04370195811862,0.0,0.0,0.0,1101.1685972470113
10672,2004-05-25,1289.359297231754,1056.912502721912,1145.130863152407,1289.359297231754,1289.359297231754,-187.86703830169154,-187.86703830169154,-187.86703830169154,-187.86703830169154,-187.86703830169154,-187.86703830169154,0.0,0.0,0.0,1101.4922589300625
10673,2004-05-26,1289.506295258378,1061.321963461898,1144.8564455503022,1289.506295258378,1289.506295258378,-187.69092367392795,-187.69092367392795,-187.69092367392795,-187.69092367392795,-187.69092367392795,-187.69092367392795,0.0,0.0,0.0,1101.81537158445
10674,2004-05-27,1289.653293285002,1062.0874191451974,1141.3938566205566,1289.653293285002,1289.653293285002,-187.5153584094081,-187.5153584094081,-187.5153584094081,-187.5153584094081,-187.5153584094081,-187.5153584094081,0.0,0.0,0.0,1102.137934875594
10675,2004-05-28,1289.8002913116259,1062.4905589546076,1144.8549228452398,1289.8002913116259,1289.8002913116259,-187.34034281443243,-187.34034281443243,-187.34034281443243,-187.34034281443243,-187.34034281443243,-187.34034281443243,0.0,0.0,0.0,1102.4599484971934
10676,2004-06-01,1290.3882834181222,1062.9706183324015,1146.3469163484353,1290.3882834181222,1290.3882834181222,-186.64578226928822,-186.64578226928822,-186.64578226928822,-186.64578226928822,-186.64578226928822,-186.64578226928822,0.0,0.0,0.0,1103.742501148834
10677,2004-06-02,1290.5352814447465,1057.596902699217,1142.5705607566736,1290.5352814447465,1290.5352814447465,-186.47351863066865,-186.47351863066865,-186.47351863066865,-186.47351863066865,-186.47351863066865,-186.47351863066865,0.0,0.0,0.0,1104.0617628140778
10678,2004-06-03,1290.6822794713705,1062.9496015136024,1146.3081108930032,1290.6822794713705,1290.6822794713705,-186.3018059086969,-186.3018059086969,-186.3018059086969,-186.3018059086969,-186.3018059086969,-186.3018059086969,0.0,0.0,0.0,1104.3804735626736
10679,2004-06-04,1290.8292774979946,1062.5896023334558,1144.4345496625199,1290.8292774979946,1290.8292774979946,-186.1306442133297,-186.1306442133297,-186.1306442133297,-186.1306442133297,-186.1306442133297,-186.1306442133297,0.0,0.0,0.0,1104.6986332846648
10680,2004-06-07,1291.2702715778664,1062.082409743941,1145.3382241800466,1291.2702715778664,1291.2702715778664,-185.62046596969972,-185.62046596969972,-185.62046596969972,-185.62046596969972,-185.62046596969972,-185.62046596969972,0.0,0.0,0.0,1105.6498056081666
10681,2004-06-08,1291.4172696044905,1066.0819005162925,1149.0767300701673,1291.4172696044907,1291.4172696044907,-185.45150892513556,-185.45150892513556,-185.45150892513556,-185.45150892513556,-185.45150892513556,-185.45150892513556,0.0,0.0,0.0,1105.9657606793548
10682,2004-06-09,1291.5642676311145,1063.830125409858,1152.1457150092792,1291.5642676311145,1291.5642676311145,-185.28310304113614,-185.28310304113614,-185.28310304113614,-185.28310304113614,-185.28310304113614,-185.28310304113614,0.0,0.0,0.0,1106.2811645899783
10683,2004-06-10,1291.7112656577383,1064.5782183656668,1147.9276582847833,1291.7112656577383,1291.7112656577383,-185.11524826178203,-185.11524826178203,-185.11524826178203,-185.11524826178203,-185.11524826178203,-185.11524826178203,0.0,0.0,0.0,1106.5960173959563
10684,2004-06-14,1292.2992577642347,1065.9217960377644,1148.2069956832493,1292.2992577642347,1292.2992577642347,-184.44933811435885,-184.44933811435885,-184.44933811435885,-184.44933811435885,-184.44933811435885,-184.44933811435885,0.0,0.0,0.0,1107.8499196498758
10685,2004-06-15,1292.4462557908587,1066.491651230337,1149.6044887953965,1292.4462557908587,1292.4462557908587,-184.28423706232508,-184.28423706232508,-184.28423706232508,-184.28423706232508,-184.28423706232508,-184.28423706232508,0.0,0.0,0.0,1108.1620187285337
10686,2004-06-16,1292.5932538174827,1065.93653437945,1149.44758103109,1292.5932538174827,1292.5932538174827,-184.11968620611893,-184.11968620611893,-184.11968620611893,-184.11968620611893,-184.11968620611893,-184.11968620611893,0.0,0.0,0.0,1108.4735676113637
10687,2004-06-17,1292.7402518441065,1070.3725043871555,1151.18503372927,1292.7402518441065,1292.7402518441065,-183.95568529937302,-183.95568529937302,-183.95568529937302,-183.95568529937302,-183.95568529937302,-183.95568529937302,0.0,0.0,0.0,1108.7845665447335
10688,2004-06-18,1292.8872498707306,1068.0526056806632,1151.7338168918666,1292.8872498707306,1292.8872498707306,-183.79223406879936,-183.79223406879936,-183.79223406879936,-183.79223406879936,-183.79223406879936,-183.79223406879936,0.0,0.0,0.0,1109.0950158019311
10689,2004-06-21,1293.3282439506024,1070.6382699757357,1150.5197429465932,1293.3282439506024,1293.3282439506024,-183.30517529895522,-183.30517529895522,-183.30517529895522,-183.30517529895522,-183.30517529895522,-183.30517529895522,0.0,0.0,0.0,1110.0230686516472
10690,2004-06-22,1293.4752419772265,1067.6577328080343,1151.132011549772,1293.4752419772265,1293.4752419772265,-183.1439195043483,-183.1439195043483,-183.1439195043483,-183.1439195043483,-183.1439195043483,-183.1439195043483,0.0,0.0,0.0,1110.3313224728781
10691,2004-06-23,1293.6222400038505,1068.8952989734023,1153.4070967117016,1293.6222400038505,1293.6222400038505,-182.98321161825277,-182.98321161825277,-182.98321161825277,-182.98321161825277,-182.98321161825277,-182.98321161825277,0.0,0.0,0.0,1110.6390283855976
10692,2004-06-24,1293.7692380304745,1069.1229645534015,1151.0307626463448,1293.7692380304745,1293.7692380304745,-182.82305120742498,-182.82305120742498,-182.82305120742498,-182.82305120742498,-182.82305120742498,-182.82305120742498,0.0,0.0,0.0,1110.9461868230496
10693,2004-06-25,1293.9162360570988,1067.3105111540444,1152.4192165487686,1293.9162360570988,1293.9162360570988,-182.6634378122326,-182.6634378122326,-182.6634378122326,-182.6634378122326,-182.6634378122326,-182.6634378122326,0.0,0.0,0.0,1111.2527982448662
10694,2004-06-28,1294.3572301369707,1067.9649841201463,1152.546043776972,1294.3572301369704,1294.3572301369704,-182.18787472996283,-182.18787472996283,-182.18787472996283,-182.18787472996283,-182.18787472996283,-182.18787472996283,0.0,0.0,0.0,1112.1693554070077
10695,2004-06-29,1294.5042281635951,1071.358260702749,1157.1902688017947,1294.5042281635951,1294.5042281635951,-182.03044427598,-182.03044427598,-182.03044427598,-182.03044427598,-182.03044427598,-182.03044427598,0.0,0.0,0.0,1112.4737838876151
10696,2004-06-30,1294.651226190219,1070.4915782668984,1153.5853939274016,1294.651226190219,1294.651226190219,-181.87355814642336,-181.87355814642336,-181.87355814642336,-181.87355814642336,-181.87355814642336,-181.87355814642336,0.0,0.0,0.0,1112.7776680437955
10697,2004-07-01,1294.798224216843,1071.157073109003,1155.699311048177,1294.798224216843,1294.798224216843,-181.71721572501286,-181.71721572501286,-181.71721572501286,-181.71721572501286,-181.71721572501286,-181.71721572501286,0.0,0.0,0.0,1113.08100849183
10698,2004-07-02,1294.945222243467,1071.856961588641,1153.282461756627,1294.945222243467,1294.945222243467,-181.56141636964873,-181.56141636964873,-181.56141636964873,-181.56141636964873,-181.56141636964873,-181.56141636964873,0.0,0.0,0.0,1113.3838058738183
10699,2004-07-06,1295.533214349963,1072.100185452024,1152.6365098299862,1295.533214349963,1295.533214349963,-180.94363586773264,-180.94363586773264,-180.94363586773264,-180.94363586773264,-180.94363586773264,-180.94363586773264,0.0,0.0,0.0,1114.5895784822303
10700,2004-07-07,1295.680212376587,1073.6196513659406,1156.7163677528283,1295.680212376587,1295.680212376587,-180.7905413133788,-180.7905413133788,-180.7905413133788,-180.7905413133788,-180.7905413133788,-180.7905413133788,0.0,0.0,0.0,1114.8896710632082
10701,2004-07-08,1295.827210403211,1076.2533976515888,1155.28080674069,1295.827210403211,1295.827210403211,-180.63798543504728,-180.63798543504728,-180.63798543504728,-180.63798543504728,-180.63798543504728,-180.63798543504728,0.0,0.0,0.0,1115.1892249681637
10702,2004-07-09,1295.9742084298348,1075.7216843351544,1155.240984777231,1295.9742084298348,1295.9742084298348,-180.48596741230924,-180.48596741230924,-180.48596741230924,-180.48596741230924,-180.48596741230924,-180.48596741230924,0.0,0.0,0.0,1115.4882410175255
10703,2004-07-12,1296.415202509707,1074.5858047613463,1159.1865879233765,1296.415202509707,1296.415202509707,-180.0331318970564,-180.0331318970564,-180.0331318970564,-180.0331318970564,-180.0331318970564,-180.0331318970564,0.0,0.0,0.0,1116.3820706126505
10704,2004-07-13,1296.5622005363307,1076.3227032679492,1160.2400064096055,1296.5622005363307,1296.5622005363307,-179.8832565912949,-179.8832565912949,-179.8832565912949,-179.8832565912949,-179.8832565912949,-179.8832565912949,0.0,0.0,0.0,1116.6789439450358
10705,2004-07-14,1296.7091985629552,1073.4892774607667,1156.0516132720281,1296.7091985629552,1296.7091985629552,-179.73391466395032,-179.73391466395032,-179.73391466395032,-179.73391466395032,-179.73391466395032,-179.73391466395032,0.0,0.0,0.0,1116.9752838990048
10706,2004-07-15,1296.856196589579,1071.932368258658,1154.766350089332,1296.856196589579,1296.856196589579,-179.58510514522345,-179.58510514522345,-179.58510514522345,-179.58510514522345,-179.58510514522345,-179.58510514522345,0.0,0.0,0.0,1117.2710914443555
10707,2004-07-16,1297.003194616203,1076.450039103808,1156.589892908078,1297.003194616203,1297.003194616203,-179.43682704074538,-179.43682704074538,-179.43682704074538,-179.43682704074538,-179.43682704074538,-179.43682704074538,0.0,0.0,0.0,1117.5663675754577
10708,2004-07-19,1297.4441886960751,1077.327362046976,1159.8080673525687,1297.4441886960751,1297.4441886960751,-178.99517090253426,-178.99517090253426,-178.99517090253426,-178.99517090253426,-178.99517090253426,-178.99517090253426,0.0,0.0,0.0,1118.4490177935409
10709,2004-07-20,1297.591186722699,1075.5004500405626,1158.4211114887719,1297.591186722699,1297.591186722699,-178.84900802326368,-178.84900802326368,-178.84900802326368,-178.84900802326368,-178.84900802326368,-178.84900802326368,0.0,0.0,0.0,1118.7421786994353
10710,2004-07-21,1297.7381847493234,1078.4399952167646,1160.3060514064673,1297.7381847493234,1297.7381847493234,-178.70337122116683,-178.70337122116683,-178.70337122116683,-178.70337122116683,-178.70337122116683,-178.70337122116683,0.0,0.0,0.0,1119.0348135281565
10711,2004-07-22,1297.8851827759472,1077.3187704154793,1161.3150097720861,1297.8851827759472,1297.8851827759472,-178.55825935646013,-178.55825935646013,-178.55825935646013,-178.55825935646013,-178.55825935646013,-178.55825935646013,0.0,0.0,0.0,1119.326923419487
10712,2004-07-23,1298.0321808025712,1075.748188206845,1159.236887263752,1298.0321808025712,1298.0321808025712,-178.41367126546578,-178.41367126546578,-178.41367126546578,-178.41367126546578,-178.41367126546578,-178.41367126546578,0.0,0.0,0.0,1119.6185095371054
10713,2004-07-26,1298.4731748824431,1079.1705744728642,1161.3797480954045,1298.4731748824431,1298.4731748824431,-177.98303764164814,-177.98303764164814,-177.98303764164814,-177.98303764164814,-177.98303764164814,-177.98303764164814,0.0,0.0,0.0,1120.4901372407949
10714,2004-07-27,1298.6201729090672,1082.864026185972,1162.7818885325319,1298.6201729090672,1298.6201729090672,-177.84053253432373,-177.84053253432373,-177.84053253432373,-177.84053253432373,-177.84053253432373,-177.84053253432373,0.0,0.0,0.0,1120.7796403747434
10715,2004-07-28,1298.7671709356912,1080.6142089522966,1164.9283035428173,1298.7671709356912,1298.7671709356912,-177.698545027405,-177.698545027405,-177.698545027405,-177.698545027405,-177.698545027405,-177.698545027405,0.0,0.0,0.0,1121.068625908286
10716,2004-07-29,1298.9141689623154,1079.4331558997922,1161.6896188038352,1298.9141689623154,1298.9141689623154,-177.5570738159568,-177.5570738159568,-177.5570738159568,-177.5570738159568,-177.5570738159568,-177.5570738159568,0.0,0.0,0.0,1121.3570951463587
10717,2004-07-30,1299.0611669889395,1078.139907084442,1163.9813069883473,1299.0611669889395,1299.0611669889395,-177.41611757185925,-177.41611757185925,-177.41611757185925,-177.41611757185925,-177.41611757185925,-177.41611757185925,0.0,0.0,0.0,1121.6450494170801
10718,2004-08-02,1299.5021610688113,1083.0645196120192,1165.9184479468715,1299.5021610688113,1299.5021610688113,-176.9963250168716,-176.9963250168716,-176.9963250168716,-176.9963250168716,-176.9963250168716,-176.9963250168716,0.0,0.0,0.0,1122.5058360519397
10719,2004-08-03,1299.6491590954354,1081.5031527524532,1164.8097338778907,1299.6491590954354,1299.6491590954354,-176.85741490091726,-176.85741490091726,-176.85741490091726,-176.85741490091726,-176.85741490091726,-176.85741490091726,0.0,0.0,0.0,1122.791744194518
10720,2004-08-04,1299.7961571220594,1083.5593821495513,1161.3674349271307,1299.7961571220594,1299.7961571220594,-176.71901276759257,-176.71901276759257,-176.71901276759257,-176.71901276759257,-176.71901276759257,-176.71901276759257,0.0,0.0,0.0,1123.0771443544668
10721,2004-08-05,1299.9431551486834,1079.0333691105025,1166.9703112444843,1299.9431551486834,1299.9431551486834,-176.58111715187073,-176.58111715187073,-176.58111715187073,-176.58111715187073,-176.58111715187073,-176.58111715187073,0.0,0.0,0.0,1123.3620379968127
10722,2004-08-06,1300.0901531753073,1080.7877503392217,1162.665223701336,1300.090153175307,1300.090153175307,-176.4437265662799,-176.4437265662799,-176.4437265662799,-176.4437265662799,-176.4437265662799,-176.4437265662799,0.0,0.0,0.0,1123.6464266090275
10723,2004-08-09,1300.5311472551793,1083.0993447820983,1164.2021100451043,1300.5311472551793,1300.5311472551793,-176.03456978119067,-176.03456978119067,-176.03456978119067,-176.03456978119067,-176.03456978119067,-176.03456978119067,0.0,0.0,0.0,1124.4965774739887
10724,2004-08-10,1300.6781452818032,1082.8558469528066,1165.6510880312892,1300.6781452818032,1300.6781452818032,-175.89918399632322,-175.89918399632322,-175.89918399632322,-175.89918399632322,-175.89918399632322,-175.89918399632322,0.0,0.0,0.0,1124.77896128548
10725,2004-08-11,1300.8251433084272,1079.7419723788016,1166.0449650744617,1300.8251433084272,1300.8251433084272,-175.76429547137408,-175.76429547137408,-175.76429547137408,-175.76429547137408,-175.76429547137408,-175.76429547137408,0.0,0.0,0.0,1125.0608478370532
10726,2004-08-12,1300.9721413350512,1084.72658537098,1165.4195757888688,1300.9721413350512,1300.9721413350512,-175.62990258650103,-175.62990258650103,-175.62990258650103,-175.62990258650103,-175.62990258650103,-175.62990258650103,0.0,0.0,0.0,1125.3422387485502
10727,2004-08-13,1301.1191393616755,1083.9928774922873,1166.0535942250108,1301.1191393616755,1301.1191393616755,-175.49600370018743,-175.49600370018743,-175.49600370018743,-175.49600370018743,-175.49600370018743,-175.49600370018743,0.0,0.0,0.0,1125.623135661488
10728,2004-08-16,1301.5601334415476,1084.8842977128174,1165.7286027448629,1301.5601334415476,1301.5601334415476,-175.09725429470473,-175.09725429470473,-175.09725429470473,-175.09725429470473,-175.09725429470473,-175.09725429470473,0.0,0.0,0.0,1126.4628791468429
10729,2004-08-17,1301.7071314681718,1083.390945183759,1166.6969996007604,1301.7071314681718,1301.7071314681718,-174.96531455794542,-174.96531455794542,-174.96531455794542,-174.96531455794542,-174.96531455794542,-174.96531455794542,0.0,0.0,0.0,1126.7418169102264
10730,2004-08-18,1301.8541294947959,1083.9612891650181,1167.5417445928736,1301.8541294947959,1301.8541294947959,-174.83386029101877,-174.83386029101877,-174.83386029101877,-174.83386029101877,-174.83386029101877,-174.83386029101877,0.0,0.0,0.0,1127.0202692037772
10731,2004-08-19,1302.0011275214197,1085.8907223652989,1168.8481598539677,1302.0011275214197,1302.0011275214197,-174.7028897247496,-174.7028897247496,-174.7028897247496,-174.7028897247496,-174.7028897247496,-174.7028897247496,0.0,0.0,0.0,1127.29823779667
10732,2004-08-20,1302.1481255480437,1087.991565082908,1166.614740711343,1302.1481255480437,1302.1481255480437,-174.57240106908938,-174.57240106908938,-174.57240106908938,-174.57240106908938,-174.57240106908938,-174.57240106908938,0.0,0.0,0.0,1127.5757244789543
10733,2004-08-23,1302.5891196279158,1086.0544534814508,1170.4102914755804,1302.5891196279158,1302.5891196279158,-174.1838083546129,-174.1838083546129,-174.1838083546129,-174.1838083546129,-174.1838083546129,-174.1838083546129,0.0,0.0,0.0,1128.405311273303
10734,2004-08-24,1302.7361176545396,1085.0398324333285,1171.3755554832856,1302.7361176545396,1302.7361176545396,-174.05522902750826,-174.05522902750826,-174.05522902750826,-174.05522902750826,-174.05522902750826,-174.05522902750826,0.0,0.0,0.0,1128.6808886270314
10735,2004-08-25,1302.8831156811636,1088.6434682896236,1169.869371632272,1302.8831156811636,1302.8831156811636,-173.9271223517546,-173.9271223517546,-173.9271223517546,-173.9271223517546,-173.9271223517546,-173.9271223517546,0.0,0.0,0.0,1128.955993329409
10736,2004-08-26,1303.0301137077877,1088.9515952130487,1168.4993870055298,1303.0301137077877,1303.0301137077877,-173.79948641452557,-173.79948641452557,-173.79948641452557,-173.79948641452557,-173.79948641452557,-173.79948641452557,0.0,0.0,0.0,1129.2306272932622
10737,2004-08-27,1303.1771117344117,1088.761703536184,1169.2279101161632,1303.1771117344117,1303.1771117344117,-173.67231928294595,-173.67231928294595,-173.67231928294595,-173.67231928294595,-173.67231928294595,-173.67231928294595,0.0,0.0,0.0,1129.5047924514658
10738,2004-08-30,1303.6181058142838,1087.969322156555,1174.3583302524162,1303.6181058142838,1303.6181058142838,-173.29361109518842,-173.29361109518842,-173.29361109518842,-173.29361109518842,-173.29361109518842,-173.29361109518842,0.0,0.0,0.0,1130.3244947190954
10739,2004-08-31,1303.7651038409078,1093.3021437151456,1171.2592891235072,1303.7651038409078,1303.7651038409078,-173.16829946074552,-173.16829946074552,-173.16829946074552,-173.16829946074552,-173.16829946074552,-173.16829946074552,0.0,0.0,0.0,1130.5968043801622
10740,2004-09-01,1303.9121018675319,1087.4698312284495,1169.85167231105,1303.9121018675319,1303.9121018675319,-173.04344667110297,-173.04344667110297,-173.04344667110297,-173.04344667110297,-173.04344667110297,-173.04344667110297,0.0,0.0,0.0,1130.8686551964288
10741,2004-09-02,1304.059099894156,1089.8831046756372,1174.306591057346,1304.059099894156,1304.059099894156,-172.9190506756484,-172.9190506756484,-172.9190506756484,-172.9190506756484,-172.9190506756484,-172.9190506756484,0.0,0.0,0.0,1131.1400492185076
10742,2004-09-03,1304.20609792078,1088.7354633909601,1171.1440524445647,1304.20609792078,1304.20609792078,-172.79510940457385,-172.79510940457385,-172.79510940457385,-172.79510940457385,-172.79510940457385,-172.79510940457385,0.0,0.0,0.0,1131.410988516206
10743,2004-09-07,1304.7940900272758,1090.515297488488,1172.7648833791345,1304.7940900272758,1304.7940900272758,-172.30384950307962,-172.30384950307962,-172.30384950307962,-172.30384950307962,-172.30384950307962,-172.30384950307962,0.0,0.0,0.0,1132.4902405241962
10744,2004-09-08,1304.9410880538996,1087.510874371564,1173.3990378054614,1304.9410880538996,1304.9410880538996,-172.18215014369054,-172.18215014369054,-172.18215014369054,-172.18215014369054,-172.18215014369054,-172.18215014369054,0.0,0.0,0.0,1132.7589379102092
10745,2004-09-09,1305.0880860805241,1089.2761758778506,1174.8343913962497,1305.0880860805241,1305.0880860805241,-172.0608926937246,-172.0608926937246,-172.0608926937246,-172.0608926937246,-172.0608926937246,-172.0608926937246,0.0,0.0,0.0,1133.0271933867996
10746,2004-09-10,1305.235084107148,1093.4331436165894,1174.9267479594364,1305.235084107148,1305.235084107148,-171.9400749525082,-171.9400749525082,-171.9400749525082,-171.9400749525082,-171.9400749525082,-171.9400749525082,0.0,0.0,0.0,1133.2950091546397
10747,2004-09-13,1305.6760781870203,1091.5396569319387,1177.061464137392,1305.6760781870203,1305.6760781870203,-171.58023770253203,-171.58023770253203,-171.58023770253203,-171.58023770253203,-171.58023770253203,-171.58023770253203,0.0,0.0,0.0,1134.0958404844882
10748,2004-09-14,1305.8230762136443,1093.6199881689672,1174.0394679502497,1305.8230762136443,1305.8230762136443,-171.46115642768856,-171.46115642768856,-171.46115642768856,-171.46115642768856,-171.46115642768856,-171.46115642768856,0.0,0.0,0.0,1134.3619197859557
10749,2004-09-15,1305.9700742402683,1092.7804089438805,1175.273941839914,1305.9700742402683,1305.9700742402683,-171.342503587931,-171.342503587931,-171.342503587931,-171.342503587931,-171.342503587931,-171.342503587931,0.0,0.0,0.0,1134.6275706523375
10750,2004-09-16,1306.1170722668924,1092.678061472192,1176.572351255798,1306.1170722668924,1306.1170722668924,-171.22427687536708,-171.22427687536708,-171.22427687536708,-171.22427687536708,-171.22427687536708,-171.22427687536708,0.0,0.0,0.0,1134.8927953915254
10751,2004-09-17,1306.2640702935162,1092.8514238610942,1174.7832646567854,1306.264070293516,1306.264070293516,-171.10647396468653,-171.10647396468653,-171.10647396468653,-171.10647396468653,-171.10647396468653,-171.10647396468653,0.0,0.0,0.0,1135.1575963288296
10752,2004-09-20,1306.7050643733883,1095.4361500072573,1174.5779429714523,1306.7050643733883,1306.7050643733883,-170.75558453231542,-170.75558453231542,-170.75558453231542,-170.75558453231542,-170.75558453231542,-170.75558453231542,0.0,0.0,0.0,1135.9494798410728
10753,2004-09-21,1306.852062400012,1094.4600243108264,1178.759590237667,1306.852062400012,1306.852062400012,-170.63945323227816,-170.63945323227816,-170.63945323227816,-170.63945323227816,-170.63945323227816,-170.63945323227816,0.0,0.0,0.0,1136.212609167734
10754,2004-09-22,1306.999060426636,1092.9647804150482,1177.106543059242,1306.999060426636,1306.999060426636,-170.52373385087955,-170.52373385087955,-170.52373385087955,-170.52373385087955,-170.52373385087955,-170.52373385087955,0.0,0.0,0.0,1136.4753265757565
10755,2004-09-23,1307.1460584532601,1092.9289399815523,1176.206591723972,1307.1460584532601,1307.1460584532601,-170.40842396105216,-170.40842396105216,-170.40842396105216,-170.40842396105216,-170.40842396105216,-170.40842396105216,0.0,0.0,0.0,1136.737634492208
10756,2004-09-24,1307.2930564798842,1094.473425514256,1177.2706470915318,1307.2930564798842,1307.2930564798842,-170.29352111923174,-170.29352111923174,-170.29352111923174,-170.29352111923174,-170.29352111923174,-170.29352111923174,0.0,0.0,0.0,1136.9995353606523
10757,2004-09-27,1307.7340505597565,1099.7164502374362,1180.303312880188,1307.7340505597565,1307.7340505597565,-169.9512302015088,-169.9512302015088,-169.9512302015088,-169.9512302015088,-169.9512302015088,-169.9512302015088,0.0,0.0,0.0,1137.7828203582476
10758,2004-09-28,1307.8810485863803,1097.6719677835142,1176.020608297616,1307.8810485863803,1307.8810485863803,-169.83793079079533,-169.83793079079533,-169.83793079079533,-169.83793079079533,-169.83793079079533,-169.83793079079533,0.0,0.0,0.0,1138.043117795585
10759,2004-09-29,1308.0280466130043,1094.0364564230556,1178.3161067132717,1308.0280466130043,1308.0280466130043,-169.72502596748174,-169.72502596748174,-169.72502596748174,-169.72502596748174,-169.72502596748174,-169.72502596748174,0.0,0.0,0.0,1138.3030206455226
10760,2004-09-30,1308.1750446396284,1096.4309603507825,1177.9469893361188,1308.1750446396281,1308.1750446396281,-169.612513191829,-169.612513191829,-169.612513191829,-169.612513191829,-169.612513191829,-169.612513191829,0.0,0.0,0.0,1138.5625314477993
10761,2004-10-01,1308.3220426662524,1094.2145958751769,1181.1237927593402,1308.3220426662524,1308.3220426662524,-169.50038990854176,-169.50038990854176,-169.50038990854176,-169.50038990854176,-169.50038990854176,-169.50038990854176,0.0,0.0,0.0,1138.8216527577106
10762,2004-10-04,1308.7630367461243,1098.0317585566713,1177.667545359846,1308.7630367461243,1308.7630367461243,-169.16633122941352,-169.16633122941352,-169.16633122941352,-169.16633122941352,-169.16633122941352,-169.16633122941352,0.0,0.0,0.0,1139.5967055167107
10763,2004-10-05,1308.9100347727485,1096.7166621277252,1181.5424290593448,1308.9100347727485,1308.9100347727485,-169.05574005624842,-169.05574005624842,-169.05574005624842,-169.05574005624842,-169.05574005624842,-169.05574005624842,0.0,0.0,0.0,1139.8542947165001
10764,2004-10-06,1309.0570327993726,1098.6607520913894,1181.3721747967704,1309.0570327993726,1309.0570327993726,-168.9455253703775,-168.9455253703775,-168.9455253703775,-168.9455253703775,-168.9455253703775,-168.9455253703775,0.0,0.0,0.0,1140.111507428995
10765,2004-10-07,1309.2040308259966,1096.728565389546,1182.3461319555634,1309.2040308259966,1309.2040308259966,-168.8356845260259,-168.8356845260259,-168.8356845260259,-168.8356845260259,-168.8356845260259,-168.8356845260259,0.0,0.0,0.0,1140.3683462999707
10766,2004-10-08,1309.3510288526206,1098.06859499771,1181.5707994931465,1309.3510288526206,1309.3510288526206,-168.726214862819,-168.726214862819,-168.726214862819,-168.726214862819,-168.726214862819,-168.726214862819,0.0,0.0,0.0,1140.6248139898016
10767,2004-10-11,1309.7920229324925,1102.7572286609252,1180.5719239187324,1309.7920229324925,1309.7920229324925,-168.40000614023967,-168.40000614023967,-168.40000614023967,-168.40000614023967,-168.40000614023967,-168.40000614023967,0.0,0.0,0.0,1141.392016792253
10768,2004-10-12,1309.9390209591168,1099.8183470022266,1182.0685387941528,1309.9390209591168,1309.9390209591168,-168.29199431072587,-168.29199431072587,-168.29199431072587,-168.29199431072587,-168.29199431072587,-168.29199431072587,0.0,0.0,0.0,1141.647026648391
10769,2004-10-13,1310.0860189857408,1100.9544903377782,1182.459510551972,1310.0860189857408,1310.0860189857408,-168.18434014634255,-168.18434014634255,-168.18434014634255,-168.18434014634255,-168.18434014634255,-168.18434014634255,0.0,0.0,0.0,1141.9016788393983
10770,2004-10-14,1310.2330170123648,1101.598981212437,1182.327453227362,1310.2330170123648,1310.2330170123648,-168.0770409020326,-168.0770409020326,-168.0770409020326,-168.0770409020326,-168.0770409020326,-168.0770409020326,0.0,0.0,0.0,1142.1559761103322
10771,2004-10-15,1310.3800150389886,1101.1196386757383,1185.4825858348597,1310.3800150389886,1310.3800150389886,-167.97009381911298,-167.97009381911298,-167.97009381911298,-167.97009381911298,-167.97009381911298,-167.97009381911298,0.0,0.0,0.0,1142.4099212198757
10772,2004-10-18,1310.8210091188607,1101.12983709615,1186.0958966291496,1310.8210091188607,1310.8210091188607,-167.65133775043705,-167.65133775043705,-167.65133775043705,-167.65133775043705,-167.65133775043705,-167.65133775043705,0.0,0.0,0.0,1143.1696713684237
10773,2004-10-19,1310.9680071454848,1100.9949699485219,1186.189538111818,1310.9680071454848,1310.9680071454848,-167.5457714586611,-167.5457714586611,-167.5457714586611,-167.5457714586611,-167.5457714586611,-167.5457714586611,0.0,0.0,0.0,1143.4222356868236
10774,2004-10-20,1311.1150051721086,1102.5083263875993,1183.6908339570696,1311.1150051721086,1311.1150051721086,-167.44054333540228,-167.44054333540228,-167.44054333540228,-167.44054333540228,-167.44054333540228,-167.44054333540228,0.0,0.0,0.0,1143.6744618367063
10775,2004-10-21,1311.2620031987326,1105.4162560140974,1187.132583053871,1311.2620031987326,1311.2620031987326,-167.33565054318274,-167.33565054318274,-167.33565054318274,-167.33565054318274,-167.33565054318274,-167.33565054318274,0.0,0.0,0.0,1143.9263526555499
10776,2004-10-22,1311.4090012253566,1102.1845656109754,1185.464561703992,1311.4090012253566,1311.4090012253566,-167.23109023188738,-167.23109023188738,-167.23109023188738,-167.23109023188738,-167.23109023188738,-167.23109023188738,0.0,0.0,0.0,1144.1779109934691
10777,2004-10-25,1311.8499953052285,1104.8812865781863,1185.035080109621,1311.8499953052285,1311.8499953052285,-166.91937549582698,-166.91937549582698,-166.91937549582698,-166.91937549582698,-166.91937549582698,-166.91937549582698,0.0,0.0,0.0,1144.9306198094016
10778,2004-10-26,1311.9969933318525,1104.0105186611258,1189.9887221972886,1311.9969933318525,1311.9969933318525,-166.8161163593198,-166.8161163593198,-166.8161163593198,-166.8161163593198,-166.8161163593198,-166.8161163593198,0.0,0.0,0.0,1145.1808769725328
10779,2004-10-27,1312.1439913584768,1103.624515710445,1186.3399880239979,1312.1439913584768,1312.1439913584768,-166.71317526859286,-166.71317526859286,-166.71317526859286,-166.71317526859286,-166.71317526859286,-166.71317526859286,0.0,0.0,0.0,1145.430816089884
10780,2004-10-28,1312.2909893851008,1103.6094591381466,1189.4903396730642,1312.2909893851008,1312.2909893851008,-166.61054930070512,-166.61054930070512,-166.61054930070512,-166.61054930070512,-166.61054930070512,-166.61054930070512,0.0,0.0,0.0,1145.6804400843957
10781,2004-10-29,1312.4379874117249,1101.7180756400414,1185.3233310984137,1312.4379874117249,1312.4379874117249,-166.5082355210794,-166.5082355210794,-166.5082355210794,-166.5082355210794,-166.5082355210794,-166.5082355210794,0.0,0.0,0.0,1145.9297518906455
10782,2004-11-01,1312.8789814915972,1105.501982500284,1185.8542130361725,1312.8789814915972,1312.8789814915972,-166.20313779448452,-166.20313779448452,-166.20313779448452,-166.20313779448452,-166.20313779448452,-166.20313779448452,0.0,0.0,0.0,1146.6758436971127
10783,2004-11-02,1313.025979518221,1106.9412441665327,1191.7270912975953,1313.025979518221,1313.025979518221,-166.10204319445526,-166.10204319445526,-166.10204319445526,-166.10204319445526,-166.10204319445526,-166.10204319445526,0.0,0.0,0.0,1146.9239363237657
10784,2004-11-03,1313.172977544845,1105.5631472209607,1191.4239013575113,1313.172977544845,1313.172977544845,-166.00124594030638,-166.00124594030638,-166.00124594030638,-166.00124594030638,-166.00124594030638,-166.00124594030638,0.0,0.0,0.0,1147.1717316045388
10785,2004-11-04,1313.319975571469,1106.9979709183967,1190.3991752232873,1313.319975571469,1313.319975571469,-165.90074303067507,-165.90074303067507,-165.90074303067507,-165.90074303067507,-165.90074303067507,-165.90074303067507,0.0,0.0,0.0,1147.419232540794
10786,2004-11-05,1313.466973598093,1103.9804123568354,1188.251472948867,1313.466973598093,1313.466973598093,-165.80053145357394,-165.80053145357394,-165.80053145357394,-165.80053145357394,-165.80053145357394,-165.80053145357394,0.0,0.0,0.0,1147.6664421445191
10787,2004-11-08,1313.907967677965,1110.3177795380273,1188.9741012093557,1313.9079676779652,1313.9079676779652,-165.50161444127124,-165.50161444127124,-165.50161444127124,-165.50161444127124,-165.50161444127124,-165.50161444127124,0.0,0.0,0.0,1148.4063532366938
10788,2004-11-09,1314.054965704589,1107.1979453004085,1188.8226857270492,1314.054965704589,1314.054965704589,-165.40253786702849,-165.40253786702849,-165.40253786702849,-165.40253786702849,-165.40253786702849,-165.40253786702849,0.0,0.0,0.0,1148.6524278375605
10789,2004-11-10,1314.2019637312128,1107.4178537208365,1187.886480514872,1314.2019637312128,1314.2019637312128,-165.30373741111345,-165.30373741111345,-165.30373741111345,-165.30373741111345,-165.30373741111345,-165.30373741111345,0.0,0.0,0.0,1148.8982263200994
10790,2004-11-11,1314.3489617578373,1107.3259826340386,1190.5124768971473,1314.348961757837,1314.348961757837,-165.20521000085333,-165.20521000085333,-165.20521000085333,-165.20521000085333,-165.20521000085333,-165.20521000085333,0.0,0.0,0.0,1149.1437517569839
10791,2004-11-12,1314.4959597844613,1109.6439295863815,1188.6265856897573,1314.4959597844613,1314.4959597844613,-165.1069525539735,-165.1069525539735,-165.1069525539735,-165.1069525539735,-165.1069525539735,-165.1069525539735,0.0,0.0,0.0,1149.3890072304878
10792,2004-11-15,1314.9369538643332,1111.7572273692324,1192.1833535846388,1314.9369538643332,1314.9369538643332,-164.8137690298989,-164.8137690298989,-164.8137690298989,-164.8137690298989,-164.8137690298989,-164.8137690298989,0.0,0.0,0.0,1150.1231848344344
10793,2004-11-16,1315.0839518909572,1109.9742493151412,1193.9125926841339,1315.0839518909572,1315.0839518909572,-164.71656042686396,-164.71656042686396,-164.71656042686396,-164.71656042686396,-164.71656042686396,-164.71656042686396,0.0,0.0,0.0,1150.3673914640933
10794,2004-11-17,1315.230949917581,1111.863075824555,1188.8724286769057,1315.230949917581,1315.230949917581,-164.6196062369253,-164.6196062369253,-164.6196062369253,-164.6196062369253,-164.6196062369253,-164.6196062369253,0.0,0.0,0.0,1150.6113436806556
10795,2004-11-18,1315.377947944205,1109.6098976725807,1192.5316164163205,1315.377947944205,1315.377947944205,-164.52290332327433,-164.52290332327433,-164.52290332327433,-164.52290332327433,-164.52290332327433,-164.52290332327433,0.0,0.0,0.0,1150.8550446209308
10796,2004-11-19,1315.524945970829,1108.0540078804029,1192.7588443914663,1315.524945970829,1315.524945970829,-164.42644854052685,-164.42644854052685,-164.42644854052685,-164.42644854052685,-164.42644854052685,-164.42644854052685,0.0,0.0,0.0,1151.0984974303024
10797,2004-11-22,1315.965940050701,1112.5502908416881,1192.3981733253677,1315.965940050701,1315.965940050701,-164.13854139836286,-164.13854139836286,-164.13854139836286,-164.13854139836286,-164.13854139836286,-164.13854139836286,0.0,0.0,0.0,1151.8273986523382
10798,2004-11-23,1316.112938077325,1109.4151960223185,1193.2886394908965,1316.112938077325,1316.112938077325,-164.0430475190816,-164.0430475190816,-164.0430475190816,-164.0430475190816,-164.0430475190816,-164.0430475190816,0.0,0.0,0.0,1152.0698905582435
10799,2004-11-24,1316.2599361039493,1110.018762707549,1190.7233237433925,1316.2599361039493,1316.2599361039493,-163.94778592034226,-163.94778592034226,-163.94778592034226,-163.94778592034226,-163.94778592034226,-163.94778592034226,0.0,0.0,0.0,1152.312150183607
10800,2004-11-26,1316.5539321571973,1109.6625785810502,1190.5103041961656,1316.5539321571973,1316.5539321571973,-163.75794678204443,-163.75794678204443,-163.75794678204443,-163.75794678204443,-163.75794678204443,-163.75794678204443,0.0,0.0,0.0,1152.795985375153
10801,2004-11-29,1316.9949262370696,1113.3038045323535,1196.941441334356,1316.9949262370696,1316.9949262370696,-163.47485009357416,-163.47485009357416,-163.47485009357416,-163.47485009357416,-163.47485009357416,-163.47485009357416,0.0,0.0,0.0,1153.5200761434955
10802,2004-11-30,1317.1419242636935,1113.666935224754,1194.216400318374,1317.1419242636935,1317.1419242636935,-163.3809148511316,-163.3809148511316,-163.3809148511316,-163.3809148511316,-163.3809148511316,-163.3809148511316,0.0,0.0,0.0,1153.7610094125619
10803,2004-12-01,1317.2889222903175,1116.2339538562549,1194.7450192108513,1317.2889222903175,1317.2889222903175,-163.287189380002,-163.287189380002,-163.287189380002,-163.287189380002,-163.287189380002,-163.287189380002,0.0,0.0,0.0,1154.0017329103155
10804,2004-12-02,1317.4359203169415,1111.2030831743657,1196.3575079985983,1317.4359203169415,1317.4359203169415,-163.1936704367966,-163.1936704367966,-163.1936704367966,-163.1936704367966,-163.1936704367966,-163.1936704367966,0.0,0.0,0.0,1154.242249880145
10805,2004-12-03,1317.5829183435656,1111.1675309251182,1196.654702492983,1317.5829183435656,1317.5829183435656,-163.10035477162413,-163.10035477162413,-163.10035477162413,-163.10035477162413,-163.10035477162413,-163.10035477162413,0.0,0.0,0.0,1154.4825635719415
10806,2004-12-06,1318.0239124234374,1113.1395270807077,1197.7944811646523,1318.0239124234374,1318.0239124234374,-162.8215948510069,-162.8215948510069,-162.8215948510069,-162.8215948510069,-162.8215948510069,-162.8215948510069,0.0,0.0,0.0,1155.2023175724305
10807,2004-12-07,1318.1709104500615,1115.8643249521144,1195.6340229451234,1318.1709104500615,1318.1709104500615,-162.72905967424362,-162.72905967424362,-162.72905967424362,-162.72905967424362,-162.72905967424362,-162.72905967424362,0.0,0.0,0.0,1155.4418507758178
10808,2004-12-08,1318.3179084766855,1115.5527411396017,1198.297499452347,1318.3179084766855,1318.3179084766855,-162.63671143374728,-162.63671143374728,-162.63671143374728,-162.63671143374728,-162.63671143374728,-162.63671143374728,0.0,0.0,0.0,1155.6811970429383
10809,2004-12-09,1318.4649065033093,1115.0010751513562,1199.6409331607774,1318.4649065033093,1318.4649065033093,-162.54454684374357,-162.54454684374357,-162.54454684374357,-162.54454684374357,-162.54454684374357,-162.54454684374357,0.0,0.0,0.0,1155.9203596595657
10810,2004-12-10,1318.6119045299333,1112.4187160561712,1200.1392934952348,1318.6119045299333,1318.6119045299333,-162.45256261299664,-162.45256261299664,-162.45256261299664,-162.45256261299664,-162.45256261299664,-162.45256261299664,0.0,0.0,0.0,1156.1593419169367
10811,2004-12-13,1319.0528986098057,1115.5139965102467,1197.132235091602,1319.0528986098057,1319.0528986098057,-162.17765908516827,-162.17765908516827,-162.17765908516827,-162.17765908516827,-162.17765908516827,-162.17765908516827,0.0,0.0,0.0,1156.8752395246374
10812,2004-12-14,1319.1998966364297,1114.6959811912209,1199.7781392436711,1319.1998966364297,1319.1998966364297,-162.0863632751007,-162.0863632751007,-162.0863632751007,-162.0863632751007,-162.0863632751007,-162.0863632751007,0.0,0.0,0.0,1157.113533361329
10813,2004-12-15,1319.3468946630537,1116.5188287335302,1197.6302161191707,1319.3468946630537,1319.3468946630537,-161.99523129141792,-161.99523129141792,-161.99523129141792,-161.99523129141792,-161.99523129141792,-161.99523129141792,0.0,0.0,0.0,1157.3516633716358
10814,2004-12-16,1319.4938926896775,1115.7623238804588,1196.7497676579458,1319.4938926896775,1319.4938926896775,-161.90425981324725,-161.90425981324725,-161.90425981324725,-161.90425981324725,-161.90425981324725,-161.90425981324725,0.0,0.0,0.0,1157.5896328764302
10815,2004-12-17,1319.6408907163016,1117.590416667671,1200.8909851303026,1319.6408907163018,1319.6408907163018,-161.8134455152977,-161.8134455152977,-161.8134455152977,-161.8134455152977,-161.8134455152977,-161.8134455152977,0.0,0.0,0.0,1157.827445201004
10816,2004-12-20,1320.0818847961739,1118.8309692247237,1197.4862111826349,1320.0818847961737,1320.0818847961737,-161.5419123867016,-161.5419123867016,-161.5419123867016,-161.5419123867016,-161.5419123867016,-161.5419123867016,0.0,0.0,0.0,1158.5399724094723
10817,2004-12-21,1320.228882822798,1115.1689760499855,1200.9757698099004,1320.228882822798,1320.228882822798,-161.45169347354914,-161.45169347354914,-161.45169347354914,-161.45169347354914,-161.45169347354914,-161.45169347354914,0.0,0.0,0.0,1158.7771893492488
10818,2004-12-22,1320.3758808494217,1118.3315892463854,1200.5514732317386,1320.3758808494217,1320.3758808494217,-161.36161505308095,-161.36161505308095,-161.36161505308095,-161.36161505308095,-161.36161505308095,-161.36161505308095,0.0,0.0,0.0,1159.0142657963409
10819,2004-12-23,1320.5228788760458,1118.769381774402,1199.6603385617861,1320.5228788760458,1320.5228788760458,-161.27167377661326,-161.27167377661326,-161.27167377661326,-161.27167377661326,-161.27167377661326,-161.27167377661326,0.0,0.0,0.0,1159.2512050994326
10820,2004-12-27,1321.110870982542,1121.2185248816813,1204.47308514558,1321.110870982542,1321.110870982542,-160.9132130219435,-160.9132130219435,-160.9132130219435,-160.9132130219435,-160.9132130219435,-160.9132130219435,0.0,0.0,0.0,1160.1976579605987
10821,2004-12-28,1321.2578690091661,1120.2796308618374,1200.1067882853768,1321.2578690091661,1321.2578690091661,-160.82390712216485,-160.82390712216485,-160.82390712216485,-160.82390712216485,-160.82390712216485,-160.82390712216485,0.0,0.0,0.0,1160.4339618870013
10822,2004-12-29,1321.40486703579,1121.1852023875088,1202.6385427152964,1321.40486703579,1321.40486703579,-160.73471820852316,-160.73471820852316,-160.73471820852316,-160.73471820852316,-160.73471820852316,-160.73471820852316,0.0,0.0,0.0,1160.6701488272668
10823,2004-12-30,1321.551865062414,1120.1365243334544,1201.3640877943528,1321.551865062414,1321.551865062414,-160.6456429117969,-160.6456429117969,-160.6456429117969,-160.6456429117969,-160.6456429117969,-160.6456429117969,0.0,0.0,0.0,1160.9062221506172
10824,2004-12-31,1321.698863089038,1118.77822709806,1204.721413053892,1321.698863089038,1321.698863089038,-160.55667786042324,-160.55667786042324,-160.55667786042324,-160.55667786042324,-160.55667786042324,-160.55667786042324,0.0,0.0,0.0,1161.1421852286148
10825,2005-01-03,1322.1398571689099,1119.2933045428663,1204.6764891851053,1322.1398571689099,1322.1398571689099,-160.29041043076847,-160.29041043076847,-160.29041043076847,-160.29041043076847,-160.29041043076847,-160.29041043076847,0.0,0.0,0.0,1161.8494467381415
10826,2005-01-04,1322.286855195534,1120.4794599069971,1202.984287235842,1322.286855195534,1322.286855195534,-160.20185260351488,-160.20185260351488,-160.20185260351488,-160.20185260351488,-160.20185260351488,-160.20185260351488,0.0,0.0,0.0,1162.085002592019
10827,2005-01-05,1322.433853222158,1121.0429084834714,1204.710987382658,1322.433853222158,1322.433853222158,-160.11338813384444,-160.11338813384444,-160.11338813384444,-160.11338813384444,-160.11338813384444,-160.11338813384444,0.0,0.0,0.0,1162.3204650883135
10828,2005-01-06,1322.5808512487818,1124.2672043550895,1203.3516626708958,1322.5808512487815,1322.5808512487815,-160.02501363924463,-160.02501363924463,-160.02501363924463,-160.02501363924463,-160.02501363924463,-160.02501363924463,0.0,0.0,0.0,1162.555837609537
10829,2005-01-07,1322.7278492754058,1120.8724130953472,1205.1204452242557,1322.7278492754058,1322.7278492754058,-159.93672573589453,-159.93672573589453,-159.93672573589453,-159.93672573589453,-159.93672573589453,-159.93672573589453,0.0,0.0,0.0,1162.7911235395113
10830,2005-01-10,1323.168843355278,1122.4738558172319,1206.6612283330549,1323.168843355278,1323.168843355278,-159.672347718579,-159.672347718579,-159.672347718579,-159.672347718579,-159.672347718579,-159.672347718579,0.0,0.0,0.0,1163.4964956366991
10831,2005-01-11,1323.3158413819021,1121.5876066456265,1206.404949910027,1323.3158413819021,1323.3158413819021,-159.58437232097492,-159.58437232097492,-159.58437232097492,-159.58437232097492,-159.58437232097492,-159.58437232097492,0.0,0.0,0.0,1163.7314690609273
10832,2005-01-12,1323.4628394085262,1123.4795064191542,1206.3794588442418,1323.4628394085262,1323.4628394085262,-159.49646658101784,-159.49646658101784,-159.49646658101784,-159.49646658101784,-159.49646658101784,-159.49646658101784,0.0,0.0,0.0,1163.9663728275084
10833,2005-01-13,1323.60983743515,1123.2702458555855,1202.522633944331,1323.60983743515,1323.60983743515,-159.40862711011405,-159.40862711011405,-159.40862711011405,-159.40862711011405,-159.40862711011405,-159.40862711011405,0.0,0.0,0.0,1164.2012103250358
10834,2005-01-14,1323.756835461774,1121.2666806433647,1206.6064308532218,1323.756835461774,1323.756835461774,-159.3208505193874,-159.3208505193874,-159.3208505193874,-159.3208505193874,-159.3208505193874,-159.3208505193874,0.0,0.0,0.0,1164.4359849423865
10835,2005-01-18,1324.3448275682704,1121.4228869835204,1207.88395198001,1324.3448275682704,1324.3448275682704,-158.9703051789934,-158.9703051789934,-158.9703051789934,-158.9703051789934,-158.9703051789934,-158.9703051789934,0.0,0.0,0.0,1165.374522389277
10836,2005-01-19,1324.4918255948944,1121.971938055213,1208.6458900389837,1324.4918255948944,1324.4918255948944,-158.88279215631337,-158.88279215631337,-158.88279215631337,-158.88279215631337,-158.88279215631337,-158.88279215631337,0.0,0.0,0.0,1165.609033438581
10837,2005-01-20,1324.6388236215182,1124.6384924868441,1209.3725669388093,1324.6388236215182,1324.6388236215182,-158.79532168277305,-158.79532168277305,-158.79532168277305,-158.79532168277305,-158.79532168277305,-158.79532168277305,0.0,0.0,0.0,1165.8435019387452
10838,2005-01-21,1324.7858216481422,1125.983783286644,1207.4028212121264,1324.7858216481422,1324.7858216481422,-158.70789037159355,-158.70789037159355,-158.70789037159355,-158.70789037159355,-158.70789037159355,-158.70789037159355,0.0,0.0,0.0,1166.0779312765487
10839,2005-01-24,1325.2268157280141,1122.7940768998183,1206.9843952263639,1325.2268157280141,1325.2268157280141,-158.44579755849406,-158.44579755849406,-158.44579755849406,-158.44579755849406,-158.44579755849406,-158.44579755849406,0.0,0.0,0.0,1166.78101816952
10840,2005-01-25,1325.3738137546386,1124.2367279364971,1207.4351530591666,1325.3738137546386,1325.3738137546386,-158.35848904873072,-158.35848904873072,-158.35848904873072,-158.35848904873072,-158.35848904873072,-158.35848904873072,0.0,0.0,0.0,1167.015324705908
10841,2005-01-26,1325.5208117812624,1124.1823151204094,1206.7784676182537,1325.5208117812624,1325.5208117812624,-158.27120278351808,-158.27120278351808,-158.27120278351808,-158.27120278351808,-158.27120278351808,-158.27120278351808,0.0,0.0,0.0,1167.2496089977444
10842,2005-01-27,1325.6678098078864,1123.7069217732476,1209.011409446114,1325.6678098078864,1325.6678098078864,-158.18393538351935,-158.18393538351935,-158.18393538351935,-158.18393538351935,-158.18393538351935,-158.18393538351935,0.0,0.0,0.0,1167.483874424367
10843,2005-01-28,1325.8148078345105,1127.5307160769305,1210.6398643268838,1325.8148078345107,1325.8148078345107,-158.09668347114226,-158.09668347114226,-158.09668347114226,-158.09668347114226,-158.09668347114226,-158.09668347114226,0.0,0.0,0.0,1167.7181243633681
10844,2005-01-31,1326.2558019143823,1128.4650979482235,1211.289846603461,1326.2558019143823,1326.2558019143823,-157.83498691297885,-157.83498691297885,-157.83498691297885,-157.83498691297885,-157.83498691297885,-157.83498691297885,0.0,0.0,0.0,1168.4208150014035
10845,2005-02-01,1326.4027999410064,1127.9394206846325,1210.237858322398,1326.4027999410064,1326.4027999410064,-157.74776321504552,-157.74776321504552,-157.74776321504552,-157.74776321504552,-157.74776321504552,-157.74776321504552,0.0,0.0,0.0,1168.6550367259608
10846,2005-02-02,1326.5497979676304,1126.80437751711,1208.792747964849,1326.5497979676304,1326.5497979676304,-157.6605381479307,-157.6605381479307,-157.6605381479307,-157.6605381479307,-157.6605381479307,-157.6605381479307,0.0,0.0,0.0,1168.8892598196996
10847,2005-02-03,1326.6967959942544,1128.4110100240032,1211.9874717367206,1326.6967959942544,1326.6967959942544,-157.57330834750258,-157.57330834750258,-157.57330834750258,-157.57330834750258,-157.57330834750258,-157.57330834750258,0.0,0.0,0.0,1169.123487646752
10848,2005-02-04,1326.8437940208782,1127.9212855184155,1212.3802356817425,1326.8437940208782,1326.8437940208782,-157.48607045237145,-157.48607045237145,-157.48607045237145,-157.48607045237145,-157.48607045237145,-157.48607045237145,0.0,0.0,0.0,1169.3577235685068
10849,2005-02-07,1327.2847881007503,1131.9392119531037,1208.6829326929612,1327.2847881007503,1327.2847881007503,-157.22427462893432,-157.22427462893432,-157.22427462893432,-157.22427462893432,-157.22427462893432,-157.22427462893432,0.0,0.0,0.0,1170.060513471816
10850,2005-02-08,1327.4317861273746,1129.743773408345,1211.8985794087882,1327.4317861273746,1327.4317861273746,-157.13697080084847,-157.13697080084847,-157.13697080084847,-157.13697080084847,-157.13697080084847,-157.13697080084847,0.0,0.0,0.0,1170.294815326526
10851,2005-02-09,1327.5787841539986,1133.765670605405,1211.6194668211497,1327.5787841539986,1327.5787841539986,-157.04964211716214,-157.04964211716214,-157.04964211716214,-157.04964211716214,-157.04964211716214,-157.04964211716214,0.0,0.0,0.0,1170.5291420368364
10852,2005-02-10,1327.7257821806227,1133.355180966088,1209.7462935235542,1327.725782180623,1327.725782180623,-156.96228523589102,-156.96228523589102,-156.96228523589102,-156.96228523589102,-156.96228523589102,-156.96228523589102,0.0,0.0,0.0,1170.7634969447317
10853,2005-02-11,1327.8727802072465,1131.9802990509809,1212.146972403373,1327.8727802072465,1327.8727802072465,-156.87489681877716,-156.87489681877716,-156.87489681877716,-156.87489681877716,-156.87489681877716,-156.87489681877716,0.0,0.0,0.0,1170.9978833884693
10854,2005-02-14,1328.3137742871188,1129.8775651532255,1212.443830389419,1328.3137742871188,1328.3137742871188,-156.61250902859646,-156.61250902859646,-156.61250902859646,-156.61250902859646,-156.61250902859646,-156.61250902859646,0.0,0.0,0.0,1171.7012652585224
10855,2005-02-15,1328.4607723137428,1129.7100304877977,1212.2245127916394,1328.4607723137428,1328.4607723137428,-156.5249611649043,-156.5249611649043,-156.5249611649043,-156.5249611649043,-156.5249611649043,-156.5249611649043,0.0,0.0,0.0,1171.9358111488386
10856,2005-02-16,1328.6077703403669,1130.0799167242346,1214.2120649035614,1328.6077703403669,1328.6077703403669,-156.43736513482645,-156.43736513482645,-156.43736513482645,-156.43736513482645,-156.43736513482645,-156.43736513482645,0.0,0.0,0.0,1172.1704052055404
10857,2005-02-17,1328.7547683669907,1133.063916682506,1215.3804698937222,1328.7547683669907,1328.7547683669907,-156.34971762537333,-156.34971762537333,-156.34971762537333,-156.34971762537333,-156.34971762537333,-156.34971762537333,0.0,0.0,0.0,1172.4050507416173
10858,2005-02-18,1328.9017663936147,1130.1262291525293,1212.9540850838935,1328.9017663936147,1328.9017663936147,-156.26201532825223,-156.26201532825223,-156.26201532825223,-156.26201532825223,-156.26201532825223,-156.26201532825223,0.0,0.0,0.0,1172.6397510653624
10859,2005-02-22,1329.4897585001106,1131.1164681677715,1214.903133374092,1329.4897585001106,1329.4897585001106,-155.9105922692196,-155.9105922692196,-155.9105922692196,-155.9105922692196,-155.9105922692196,-155.9105922692196,0.0,0.0,0.0,1173.5791662308911
10860,2005-02-23,1329.6367565267346,1129.8966023414414,1212.892886012541,1329.6367565267346,1329.6367565267346,-155.82256658327356,-155.82256658327356,-155.82256658327356,-155.82256658327356,-155.82256658327356,-155.82256658327356,0.0,0.0,0.0,1173.814189943461
10861,2005-02-24,1329.783754553359,1135.2113002183194,1216.5961502879654,1329.783754553359,1329.783754553359,-155.73446636615915,-155.73446636615915,-155.73446636615915,-155.73446636615915,-155.73446636615915,-155.73446636615915,0.0,0.0,0.0,1174.0492881871996
10862,2005-02-25,1329.930752579983,1132.97667021118,1214.5960687187403,1329.930752579983,1329.930752579983,-155.64628834627447,-155.64628834627447,-155.64628834627447,-155.64628834627447,-155.64628834627447,-155.64628834627447,0.0,0.0,0.0,1174.2844642337084
10863,2005-02-28,1330.3717466598548,1136.6897351146833,1220.016484057855,1330.3717466598548,1330.3717466598548,-155.38125484153323,-155.38125484153323,-155.38125484153323,-155.38125484153323,-155.38125484153323,-155.38125484153323,0.0,0.0,0.0,1174.9904918183215
10864,2005-03-01,1330.5187446864788,1136.676002486658,1217.1698502985491,1330.5187446864788,1330.5187446864788,-155.2927330122303,-155.2927330122303,-155.2927330122303,-155.2927330122303,-155.2927330122303,-155.2927330122303,0.0,0.0,0.0,1175.2260116742486
10865,2005-03-02,1330.6657427131029,1132.8865943606456,1218.8461649025637,1330.6657427131029,1330.6657427131029,-155.2041171115856,-155.2041171115856,-155.2041171115856,-155.2041171115856,-155.2041171115856,-155.2041171115856,0.0,0.0,0.0,1175.4616256015172
10866,2005-03-03,1330.812740739727,1135.832328260456,1218.5186099681976,1330.812740739727,1330.812740739727,-155.1154039047088,-155.1154039047088,-155.1154039047088,-155.1154039047088,-155.1154039047088,-155.1154039047088,0.0,0.0,0.0,1175.6973368350182
10867,2005-03-04,1330.9597387663507,1134.3062403729064,1218.3077058503816,1330.9597387663507,1330.9597387663507,-155.0265901632953,-155.0265901632953,-155.0265901632953,-155.0265901632953,-155.0265901632953,-155.0265901632953,0.0,0.0,0.0,1175.9331486030553
10868,2005-03-07,1331.400732846223,1136.367019886173,1219.0112107066302,1331.400732846223,1331.400732846223,-154.75951355034792,-154.75951355034792,-154.75951355034792,-154.75951355034792,-154.75951355034792,-154.75951355034792,0.0,0.0,0.0,1176.641219295875
10869,2005-03-08,1331.547730872847,1137.2254299488468,1215.8730431793012,1331.5477308728473,1331.5477308728473,-154.6702655240714,-154.6702655240714,-154.6702655240714,-154.6702655240714,-154.6702655240714,-154.6702655240714,0.0,0.0,0.0,1176.8774653487758
10870,2005-03-09,1331.694728899471,1134.545430125569,1216.5552447132432,1331.694728899471,1331.694728899471,-154.580900925131,-154.580900925131,-154.580900925131,-154.580900925131,-154.580900925131,-154.580900925131,0.0,0.0,0.0,1177.11382797434
10871,2005-03-10,1331.8417269260951,1136.02081996023,1218.068201317927,1331.8417269260951,1331.8417269260951,-154.4914165674968,-154.4914165674968,-154.4914165674968,-154.4914165674968,-154.4914165674968,-154.4914165674968,0.0,0.0,0.0,1177.3503103585983
10872,2005-03-11,1331.988724952719,1134.834237668671,1220.8066302314137,1331.988724952719,1331.988724952719,-154.40180927264115,-154.40180927264115,-154.40180927264115,-154.40180927264115,-154.40180927264115,-154.40180927264115,0.0,0.0,0.0,1177.5869156800777
10873,2005-03-14,1332.4297190325913,1131.6729606523452,1220.3997278660836,1332.4297190325913,1332.4297190325913,-154.13221809473387,-154.13221809473387,-154.13221809473387,-154.13221809473387,-154.13221809473387,-154.13221809473387,0.0,0.0,0.0,1178.2975009378574
10874,2005-03-15,1332.5767170592153,1136.1370247930568,1218.2339746980847,1332.5767170592153,1332.5767170592153,-154.04208742029718,-154.04208742029718,-154.04208742029718,-154.04208742029718,-154.04208742029718,-154.04208742029718,0.0,0.0,0.0,1178.5346296389182
10875,2005-03-16,1332.7237150858393,1135.0165632038866,1219.3403657141437,1332.7237150858393,1332.7237150858393,-153.9518180330583,-153.9518180330583,-153.9518180330583,-153.9518180330583,-153.9518180330583,-153.9518180330583,0.0,0.0,0.0,1178.771897052781
10876,2005-03-17,1332.8707131124634,1138.7094988381964,1223.1381080172418,1332.8707131124634,1332.8707131124634,-153.86140680220814,-153.86140680220814,-153.86140680220814,-153.86140680220814,-153.86140680220814,-153.86140680220814,0.0,0.0,0.0,1179.0093063102552
10877,2005-03-18,1333.0177111390872,1134.1105062116135,1220.5201195368618,1333.0177111390872,1333.0177111390872,-153.77085060533685,-153.77085060533685,-153.77085060533685,-153.77085060533685,-153.77085060533685,-153.77085060533685,0.0,0.0,0.0,1179.2468605337504
10878,2005-03-21,1333.4587052189593,1141.2577425130924,1222.2808618707722,1333.4587052189595,1333.4587052189595,-153.49828112314862,-153.49828112314862,-153.49828112314862,-153.49828112314862,-153.49828112314862,-153.49828112314862,0.0,0.0,0.0,1179.9604240958106
10879,2005-03-22,1333.605703245583,1137.172820116369,1222.3782676858157,1333.605703245583,1333.605703245583,-153.40711401050373,-153.40711401050373,-153.40711401050373,-153.40711401050373,-153.40711401050373,-153.40711401050373,0.0,0.0,0.0,1180.1985892350795
10880,2005-03-23,1333.752701272207,1140.518992866252,1223.4802321812022,1333.752701272207,1333.752701272207,-153.31578645019115,-153.31578645019115,-153.31578645019115,-153.31578645019115,-153.31578645019115,-153.31578645019115,0.0,0.0,0.0,1180.436914822016
10881,2005-03-24,1333.8996992988311,1142.9220946186115,1223.2456104338778,1333.8996992988311,1333.8996992988311,-153.22429537283568,-153.22429537283568,-153.22429537283568,-153.22429537283568,-153.22429537283568,-153.22429537283568,0.0,0.0,0.0,1180.6754039259954
10882,2005-03-28,1334.4876914053275,1139.1638663469723,1222.7161182203697,1334.4876914053275,1334.4876914053275,-152.85663483268314,-152.85663483268314,-152.85663483268314,-152.85663483268314,-152.85663483268314,-152.85663483268314,0.0,0.0,0.0,1181.6310565726444
10883,2005-03-29,1334.6346894319513,1139.0583393152226,1223.040477461075,1334.6346894319513,1334.6346894319513,-152.76428045840203,-152.76428045840203,-152.76428045840203,-152.76428045840203,-152.76428045840203,-152.76428045840203,0.0,0.0,0.0,1181.8704089735493
10884,2005-03-30,1334.7816874585753,1141.4744908919952,1224.0914838990616,1334.7816874585753,1334.7816874585753,-152.6717443498892,-152.6717443498892,-152.6717443498892,-152.6717443498892,-152.6717443498892,-152.6717443498892,0.0,0.0,0.0,1182.1099431086861
10885,2005-03-31,1334.9286854851994,1139.757029821318,1225.192230652178,1334.9286854851994,1334.9286854851994,-152.57902350526032,-152.57902350526032,-152.57902350526032,-152.57902350526032,-152.57902350526032,-152.57902350526032,0.0,0.0,0.0,1182.3496619799391
10886,2005-04-01,1335.0756835118234,1140.3707103548259,1225.4975682536842,1335.0756835118234,1335.0756835118234,-152.48611493275757,-152.48611493275757,-152.48611493275757,-152.48611493275757,-152.48611493275757,-152.48611493275757,0.0,0.0,0.0,1182.5895685790658
10887,2005-04-04,1335.5166775916955,1144.3893773482948,1225.077181805566,1335.5166775916955,1335.5166775916955,-152.2062330848436,-152.2062330848436,-152.2062330848436,-152.2062330848436,-152.2062330848436,-152.2062330848436,0.0,0.0,0.0,1183.3104445068518
10888,2005-04-05,1335.6636756183195,1142.666995929059,1223.2469839675107,1335.6636756183195,1335.6636756183195,-152.11254388998177,-152.11254388998177,-152.11254388998177,-152.11254388998177,-152.11254388998177,-152.11254388998177,0.0,0.0,0.0,1183.5511317283379
10889,2005-04-06,1335.8106736449436,1141.4075841499366,1222.5681013997091,1335.8106736449436,1335.8106736449436,-152.01865216452921,-152.01865216452921,-152.01865216452921,-152.01865216452921,-152.01865216452921,-152.01865216452921,0.0,0.0,0.0,1183.7920214804144
10890,2005-04-07,1335.9576716715676,1143.70176008668,1222.1251356359746,1335.9576716715676,1335.9576716715676,-151.924554979983,-151.924554979983,-151.924554979983,-151.924554979983,-151.924554979983,-151.924554979983,0.0,0.0,0.0,1184.0331166915846
10891,2005-04-08,1336.1046696981914,1143.748706726607,1224.748282358183,1336.1046696981914,1336.1046696981914,-151.83024941879393,-151.83024941879393,-151.83024941879393,-151.83024941879393,-151.83024941879393,-151.83024941879393,0.0,0.0,0.0,1184.2744202793974
10892,2005-04-11,1336.5456637780637,1143.6930762068077,1227.1144851908775,1336.5456637780637,1336.5456637780637,-151.54605346663067,-151.54605346663067,-151.54605346663067,-151.54605346663067,-151.54605346663067,-151.54605346663067,0.0,0.0,0.0,1184.9996103114331
10893,2005-04-12,1336.6926618046878,1144.227227702636,1224.901528138106,1336.6926618046878,1336.6926618046878,-151.45088544651622,-151.45088544651622,-151.45088544651622,-151.45088544651622,-151.45088544651622,-151.45088544651622,0.0,0.0,0.0,1185.2417763581716
10894,2005-04-13,1336.8396598313118,1141.3369992688636,1226.636584167154,1336.8396598313118,1336.8396598313118,-151.3554946303702,-151.3554946303702,-151.3554946303702,-151.3554946303702,-151.3554946303702,-151.3554946303702,0.0,0.0,0.0,1185.4841652009416
10895,2005-04-14,1336.9866578579358,1143.2627429423046,1227.4927880050986,1336.9866578579358,1336.9866578579358,-151.25987816878632,-151.25987816878632,-151.25987816878632,-151.25987816878632,-151.25987816878632,-151.25987816878632,0.0,0.0,0.0,1185.7267796891495
10896,2005-04-15,1337.1336558845596,1143.8537277115909,1224.8852732166883,1337.1336558845596,1337.1336558845596,-151.16403322411395,-151.16403322411395,-151.16403322411395,-151.16403322411395,-151.16403322411395,-151.16403322411395,0.0,0.0,0.0,1185.9696226604456
10897,2005-04-18,1337.5746499644317,1148.73632838335,1228.9867419632337,1337.5746499644317,1337.5746499644317,-150.87509929375634,-150.87509929375634,-150.87509929375634,-150.87509929375634,-150.87509929375634,-150.87509929375634,0.0,0.0,0.0,1186.6995506706753
10898,2005-04-19,1337.7216479910555,1146.3981966215051,1229.3051249581554,1337.7216479910555,1337.7216479910555,-150.77831227926083,-150.77831227926083,-150.77831227926083,-150.77831227926083,-150.77831227926083,-150.77831227926083,0.0,0.0,0.0,1186.9433357117946
10899,2005-04-20,1337.8686460176796,1145.14691951723,1230.9180729694563,1337.8686460176796,1337.8686460176796,-150.6812827736723,-150.6812827736723,-150.6812827736723,-150.6812827736723,-150.6812827736723,-150.6812827736723,0.0,0.0,0.0,1187.1873632440072
10900,2005-04-21,1338.0156440443036,1143.427882709617,1227.0082328717874,1338.0156440443036,1338.0156440443036,-150.58400801221308,-150.58400801221308,-150.58400801221308,-150.58400801221308,-150.58400801221308,-150.58400801221308,0.0,0.0,0.0,1187.4316360320904
10901,2005-04-22,1338.1626420709276,1145.3614022170375,1230.7081587057382,1338.1626420709276,1338.1626420709276,-150.48648524263513,-150.48648524263513,-150.48648524263513,-150.48648524263513,-150.48648524263513,-150.48648524263513,0.0,0.0,0.0,1187.6761568282925
10902,2005-04-25,1338.6036361508,1148.1725651180766,1227.6350348224453,1338.6036361508,1338.6036361508,-150.1924015529499,-150.1924015529499,-150.1924015529499,-150.1924015529499,-150.1924015529499,-150.1924015529499,0.0,0.0,0.0,1188.4112345978501
10903,2005-04-26,1338.7506341774238,1149.3978388511605,1229.3632285901842,1338.7506341774238,1338.7506341774238,-150.093859482816,-150.093859482816,-150.093859482816,-150.093859482816,-150.093859482816,-150.093859482816,0.0,0.0,0.0,1188.6567746946077
10904,2005-04-27,1338.8976322040478,1149.5432836565842,1229.244965582858,1338.8976322040478,1338.8976322040478,-149.99505583505686,-149.99505583505686,-149.99505583505686,-149.99505583505686,-149.99505583505686,-149.99505583505686,0.0,0.0,0.0,1188.902576368991
10905,2005-04-28,1339.0446302306718,1149.3677192089979,1232.3354310676173,1339.0446302306718,1339.0446302306718,-149.89598793486235,-149.89598793486235,-149.89598793486235,-149.89598793486235,-149.89598793486235,-149.89598793486235,0.0,0.0,0.0,1189.1486422958094
10906,2005-04-29,1339.191628257296,1148.3552361627405,1229.5457402891755,1339.191628257296,1339.191628257296,-149.79665312069955,-149.79665312069955,-149.79665312069955,-149.79665312069955,-149.79665312069955,-149.79665312069955,0.0,0.0,0.0,1189.3949751365965
10907,2005-05-02,1339.6326223371682,1148.1192197153553,1231.9438440706247,1339.6326223371684,1339.6326223371684,-149.49702078041952,-149.49702078041952,-149.49702078041952,-149.49702078041952,-149.49702078041952,-149.49702078041952,0.0,0.0,0.0,1190.1356015567487
10908,2005-05-03,1339.779620363792,1148.9236925170424,1231.3143583814285,1339.779620363792,1339.779620363792,-149.39659196423636,-149.39659196423636,-149.39659196423636,-149.39659196423636,-149.39659196423636,-149.39659196423636,0.0,0.0,0.0,1190.3830283995555
10909,2005-05-04,1339.926618390416,1149.4444583637112,1231.4647321662885,1339.926618390416,1339.926618390416,-149.29588312920498,-149.29588312920498,-149.29588312920498,-149.29588312920498,-149.29588312920498,-149.29588312920498,0.0,0.0,0.0,1190.6307352612112
10910,2005-05-05,1340.07361641704,1147.9467985917802,1232.7281831522478,1340.07361641704,1340.07361641704,-149.1948916956247,-149.1948916956247,-149.1948916956247,-149.1948916956247,-149.1948916956247,-149.1948916956247,0.0,0.0,0.0,1190.8787247214154
10911,2005-05-06,1340.220614443664,1147.5441856463342,1232.5208765641794,1340.220614443664,1340.220614443664,-149.0936150977865,-149.0936150977865,-149.0936150977865,-149.0936150977865,-149.0936150977865,-149.0936150977865,0.0,0.0,0.0,1191.1269993458775
10912,2005-05-09,1340.661608523536,1150.6465246733758,1234.0778559734438,1340.661608523536,1340.661608523536,-148.78804887366516,-148.78804887366516,-148.78804887366516,-148.78804887366516,-148.78804887366516,-148.78804887366516,0.0,0.0,0.0,1191.873559649871
10913,2005-05-10,1340.80860655016,1149.713441796309,1233.8709061350617,1340.80860655016,1340.80860655016,-148.68560624509792,-148.68560624509792,-148.68560624509792,-148.68560624509792,-148.68560624509792,-148.68560624509792,0.0,0.0,0.0,1192.123000305062
10914,2005-05-11,1340.9556045767843,1151.97505614375,1236.6622894967581,1340.9556045767843,1340.9556045767843,-148.58286583712942,-148.58286583712942,-148.58286583712942,-148.58286583712942,-148.58286583712942,-148.58286583712942,0.0,0.0,0.0,1192.3727387396548
10915,2005-05-12,1341.1026026034083,1151.0136668220623,1233.7353618330258,1341.1026026034083,1341.1026026034083,-148.4798251700985,-148.4798251700985,-148.4798251700985,-148.4798251700985,-148.4798251700985,-148.4798251700985,0.0,0.0,0.0,1192.6227774333097
10916,2005-05-13,1341.2496006300323,1150.431762733828,1234.0006613389883,1341.2496006300323,1341.2496006300323,-148.37648177902372,-148.37648177902372,-148.37648177902372,-148.37648177902372,-148.37648177902372,-148.37648177902372,0.0,0.0,0.0,1192.8731188510087
10917,2005-05-16,1341.6905947099042,1150.5597735292663,1237.5630549943905,1341.6905947099042,1341.6905947099042,-148.06461083395243,-148.06461083395243,-148.06461083395243,-148.06461083395243,-148.06461083395243,-148.06461083395243,0.0,0.0,0.0,1193.6259838759518
10918,2005-05-17,1341.8375927365282,1151.7009893475158,1234.6478038131522,1341.8375927365282,1341.8375927365282,-147.9600321938575,-147.9600321938575,-147.9600321938575,-147.9600321938575,-147.9600321938575,-147.9600321938575,0.0,0.0,0.0,1193.8775605426708
10919,2005-05-18,1341.984590763152,1152.9710089078794,1234.1163589030502,1341.984590763152,1341.984590763152,-147.85513872836145,-147.85513872836145,-147.85513872836145,-147.85513872836145,-147.85513872836145,-147.85513872836145,0.0,0.0,0.0,1194.1294520347906
10920,2005-05-19,1342.131588789776,1151.0602647558019,1233.0979174188872,1342.1315887897758,1342.1315887897758,-147.74992806255997,-147.74992806255997,-147.74992806255997,-147.74992806255997,-147.74992806255997,-147.74992806255997,0.0,0.0,0.0,1194.381660727216
10921,2005-05-20,1342.2785868164,1151.3936452397766,1234.9524202746538,1342.2785868164,1342.2785868164,-147.64439783688397,-147.64439783688397,-147.64439783688397,-147.64439783688397,-147.64439783688397,-147.64439783688397,0.0,0.0,0.0,1194.6341889795162
10922,2005-05-23,1342.7195808962724,1153.4653615232469,1239.9275394527806,1342.7195808962724,1342.7195808962724,-147.3258664368974,-147.3258664368974,-147.3258664368974,-147.3258664368974,-147.3258664368974,-147.3258664368974,0.0,0.0,0.0,1195.3937144593751
10923,2005-05-24,1342.8665789228962,1151.7513265488328,1236.9672015201604,1342.8665789228962,1342.8665789228962,-147.21903468596662,-147.21903468596662,-147.21903468596662,-147.21903468596662,-147.21903468596662,-147.21903468596662,0.0,0.0,0.0,1195.6475442369297
10924,2005-05-25,1343.0135769495203,1155.7139329335912,1237.131592866657,1343.0135769495203,1343.0135769495203,-147.11187181054783,-147.11187181054783,-147.11187181054783,-147.11187181054783,-147.11187181054783,-147.11187181054783,0.0,0.0,0.0,1195.9017051389724
10925,2005-05-26,1343.1605749761447,1154.6113741300837,1236.1347547679227,1343.1605749761447,1343.1605749761447,-147.00437554498916,-147.00437554498916,-147.00437554498916,-147.00437554498916,-147.00437554498916,-147.00437554498916,0.0,0.0,0.0,1196.1561994311555
10926,2005-05-27,1343.3075730027685,1155.63407700044,1235.83613532715,1343.3075730027685,1343.3075730027685,-146.89654363959832,-146.89654363959832,-146.89654363959832,-146.89654363959832,-146.89654363959832,-146.89654363959832,0.0,0.0,0.0,1196.4110293631702
10927,2005-05-31,1343.8955651092645,1156.6388374625033,1239.8927710175742,1343.8955651092645,1343.8955651092645,-146.461815189339,-146.461815189339,-146.461815189339,-146.461815189339,-146.461815189339,-146.461815189339,0.0,0.0,0.0,1197.4337499199255
10928,2005-06-01,1344.0425631358885,1154.0803210741858,1241.0180273351648,1344.0425631358885,1344.0425631358885,-146.35227190406593,-146.35227190406593,-146.35227190406593,-146.35227190406593,-146.35227190406593,-146.35227190406593,0.0,0.0,0.0,1197.6902912318226
10929,2005-06-02,1344.1895611625125,1156.3520885528749,1239.9664559454238,1344.1895611625125,1344.1895611625125,-146.24237982078986,-146.24237982078986,-146.24237982078986,-146.24237982078986,-146.24237982078986,-146.24237982078986,0.0,0.0,0.0,1197.9471813417226
10930,2005-06-03,1344.3365591891366,1155.2960526082113,1243.0460218285104,1344.3365591891366,1344.3365591891366,-146.13213680392982,-146.13213680392982,-146.13213680392982,-146.13213680392982,-146.13213680392982,-146.13213680392982,0.0,0.0,0.0,1198.2044223852067
10931,2005-06-06,1344.7775532690084,1158.6101810887494,1237.837481168532,1344.7775532690084,1344.7775532690084,-145.79928104602973,-145.79928104602973,-145.79928104602973,-145.79928104602973,-145.79928104602973,-145.79928104602973,0.0,0.0,0.0,1198.9782722229786
10932,2005-06-07,1344.9245512956325,1156.6224520709286,1239.7133225838609,1344.9245512956325,1344.9245512956325,-145.68761327291105,-145.68761327291105,-145.68761327291105,-145.68761327291105,-145.68761327291105,-145.68761327291105,0.0,0.0,0.0,1199.2369380227215
10933,2005-06-08,1345.0715493222565,1159.9229946434868,1243.4466548139653,1345.0715493222565,1345.0715493222565,-145.57558413941933,-145.57558413941933,-145.57558413941933,-145.57558413941933,-145.57558413941933,-145.57558413941933,0.0,0.0,0.0,1199.4959651828372
10934,2005-06-09,1345.2185473488803,1157.266591173684,1239.4435708512985,1345.2185473488803,1345.2185473488803,-145.4631916109771,-145.4631916109771,-145.4631916109771,-145.4631916109771,-145.4631916109771,-145.4631916109771,0.0,0.0,0.0,1199.7553557379033
10935,2005-06-10,1345.3655453755048,1157.7561481517337,1242.817250628533,1345.3655453755048,1345.3655453755048,-145.35043367011463,-145.35043367011463,-145.35043367011463,-145.35043367011463,-145.35043367011463,-145.35043367011463,0.0,0.0,0.0,1200.0151117053902
10936,2005-06-13,1345.8065394553767,1160.3352353688451,1242.0787593853597,1345.8065394553767,1345.8065394553767,-145.0099474565545,-145.0099474565545,-145.0099474565545,-145.0099474565545,-145.0099474565545,-145.0099474565545,0.0,0.0,0.0,1200.7965919988221
10937,2005-06-14,1345.9535374820007,1159.6838482931507,1240.3282677386433,1345.9535374820007,1345.9535374820007,-144.8957080361687,-144.8957080361687,-144.8957080361687,-144.8957080361687,-144.8957080361687,-144.8957080361687,0.0,0.0,0.0,1201.0578294458319
10938,2005-06-15,1346.1005355086245,1161.5896659358798,1243.2156718514625,1346.1005355086245,1346.1005355086245,-144.78109337531248,-144.78109337531248,-144.78109337531248,-144.78109337531248,-144.78109337531248,-144.78109337531248,0.0,0.0,0.0,1201.319442133312
10939,2005-06-16,1346.2475335352485,1158.9778947318941,1242.7069093796626,1346.2475335352485,1346.2475335352485,-144.66610156075726,-144.66610156075726,-144.66610156075726,-144.66610156075726,-144.66610156075726,-144.66610156075726,0.0,0.0,0.0,1201.5814319744914
10940,2005-06-17,1346.394531561873,1161.788325791164,1240.3167114950297,1346.394531561873,1346.394531561873,-144.55073069690508,-144.55073069690508,-144.55073069690508,-144.55073069690508,-144.55073069690508,-144.55073069690508,0.0,0.0,0.0,1201.843800864968
10941,2005-06-20,1346.8355256417449,1165.5072358669122,1245.6992294498814,1346.8355256417449,1346.8355256417449,-144.20232511956064,-144.20232511956064,-144.20232511956064,-144.20232511956064,-144.20232511956064,-144.20232511956064,0.0,0.0,0.0,1202.6332005221843
10942,2005-06-21,1346.982523668369,1160.922074327975,1245.74092026965,1346.982523668369,1346.982523668369,-144.08541945766476,-144.08541945766476,-144.08541945766476,-144.08541945766476,-144.08541945766476,-144.08541945766476,0.0,0.0,0.0,1202.8971042107041
10943,2005-06-22,1347.1295216949927,1161.844505772736,1243.8645870841374,1347.1295216949927,1347.1295216949927,-143.96812553543808,-143.96812553543808,-143.96812553543808,-143.96812553543808,-143.96812553543808,-143.96812553543808,0.0,0.0,0.0,1203.1613961595547
10944,2005-06-23,1347.2765197216168,1163.2473907539934,1243.4072628729407,1347.2765197216168,1347.2765197216168,-143.85044156455226,-143.85044156455226,-143.85044156455226,-143.85044156455226,-143.85044156455226,-143.85044156455226,0.0,0.0,0.0,1203.4260781570645
10945,2005-06-24,1347.4235177482408,1164.2295166696597,1248.711276652994,1347.4235177482408,1347.4235177482408,-143.7323657747957,-143.7323657747957,-143.7323657747957,-143.7323657747957,-143.7323657747957,-143.7323657747957,0.0,0.0,0.0,1203.6911519734451
10946,2005-06-27,1347.864511828113,1164.2952093815886,1243.307950882298,1347.864511828113,1347.864511828113,-143.3757700633598,-143.3757700633598,-143.3757700633598,-143.3757700633598,-143.3757700633598,-143.3757700633598,0.0,0.0,0.0,1204.4887417647533
10947,2005-06-28,1348.0115098547371,1163.84826541863,1246.0626993466162,1348.0115098547371,1348.0115098547371,-143.25610966069166,-143.25610966069166,-143.25610966069166,-143.25610966069166,-143.25610966069166,-143.25610966069166,0.0,0.0,0.0,1204.7554001940455
10948,2005-06-29,1348.158507881361,1164.5296267816818,1245.9528153264678,1348.158507881361,1348.158507881361,-143.1360488621778,-143.1360488621778,-143.1360488621778,-143.1360488621778,-143.1360488621778,-143.1360488621778,0.0,0.0,0.0,1205.022459019183
10949,2005-06-30,1348.305505907985,1161.9980110590814,1246.8265380007074,1348.3055059079848,1348.3055059079848,-143.01558600769084,-143.01558600769084,-143.01558600769084,-143.01558600769084,-143.01558600769084,-143.01558600769084,0.0,0.0,0.0,1205.289919900294
10950,2005-07-01,1348.452503934609,1165.8369946185355,1249.1454782461842,1348.452503934609,1348.452503934609,-142.89471945567138,-142.89471945567138,-142.89471945567138,-142.89471945567138,-142.89471945567138,-142.89471945567138,0.0,0.0,0.0,1205.5577844789377
10951,2005-07-05,1349.040496041105,1165.8493537899205,1248.1381957848275,1349.040496041105,1349.040496041105,-142.4071840944284,-142.4071840944284,-142.4071840944284,-142.4071840944284,-142.4071840944284,-142.4071840944284,0.0,0.0,0.0,1206.6333119466765
10952,2005-07-06,1349.187494067729,1164.4966544979604,1249.6059511267185,1349.187494067729,1349.187494067729,-142.2842750855429,-142.2842750855429,-142.2842750855429,-142.2842750855429,-142.2842750855429,-142.2842750855429,0.0,0.0,0.0,1206.903218982186
10953,2005-07-07,1349.3344920943528,1165.9225233751108,1246.4832318026995,1349.3344920943528,1349.3344920943528,-142.1609529231144,-142.1609529231144,-142.1609529231144,-142.1609529231144,-142.1609529231144,-142.1609529231144,0.0,0.0,0.0,1207.1735391712384
10954,2005-07-08,1349.4814901209768,1166.1879433797412,1250.7092969784696,1349.4814901209768,1349.4814901209768,-142.03721609724667,-142.03721609724667,-142.03721609724667,-142.03721609724667,-142.03721609724667,-142.03721609724667,0.0,0.0,0.0,1207.44427402373
10955,2005-07-11,1349.922484200849,1165.4661663379948,1248.6875680482915,1349.922484200849,1349.922484200849,-141.66350282598336,-141.66350282598336,-141.66350282598336,-141.66350282598336,-141.66350282598336,-141.66350282598336,0.0,0.0,0.0,1208.2589813748657
10956,2005-07-12,1350.0694822274731,1165.4288202158712,1251.6132185865533,1350.0694822274731,1350.0694822274731,-141.53809262902823,-141.53809262902823,-141.53809262902823,-141.53809262902823,-141.53809262902823,-141.53809262902823,0.0,0.0,0.0,1208.531389598445
10957,2005-07-13,1350.2164802540972,1164.5195392349574,1252.2020523777908,1350.216480254097,1350.216480254097,-141.41226050585328,-141.41226050585328,-141.41226050585328,-141.41226050585328,-141.41226050585328,-141.41226050585328,0.0,0.0,0.0,1208.804219748244
10958,2005-07-14,1350.3634782807214,1170.0059582802191,1252.2140108048013,1350.3634782807214,1350.3634782807214,-141.28600506161746,-141.28600506161746,-141.28600506161746,-141.28600506161746,-141.28600506161746,-141.28600506161746,0.0,0.0,0.0,1209.077473219104
10959,2005-07-15,1350.5104763073455,1163.5187493031206,1250.989763152207,1350.5104763073455,1350.5104763073455,-141.159324920844,-141.159324920844,-141.159324920844,-141.159324920844,-141.159324920844,-141.159324920844,0.0,0.0,0.0,1209.3511513865014
10960,2005-07-18,1350.9514703872173,1169.7125922958714,1252.7210944554888,1350.9514703872173,1350.9514703872173,-140.77672285599064,-140.77672285599064,-140.77672285599064,-140.77672285599064,-140.77672285599064,-140.77672285599064,0.0,0.0,0.0,1210.1747475312268
10961,2005-07-19,1351.0984684138414,1166.424183476235,1253.1487822643871,1351.0984684138414,1351.0984684138414,-140.64833056326913,-140.64833056326913,-140.64833056326913,-140.64833056326913,-140.64833056326913,-140.64833056326913,0.0,0.0,0.0,1210.4501378505722
10962,2005-07-20,1351.2454664404652,1170.5439457692528,1250.1911343833071,1351.2454664404652,1351.2454664404652,-140.51950698879045,-140.51950698879045,-140.51950698879045,-140.51950698879045,-140.51950698879045,-140.51950698879045,0.0,0.0,0.0,1210.7259594516747
10963,2005-07-21,1351.3924644670892,1168.6734446585142,1252.4148155620746,1351.3924644670892,1351.3924644670892,-140.3902508742842,-140.3902508742842,-140.3902508742842,-140.3902508742842,-140.3902508742842,-140.3902508742842,0.0,0.0,0.0,1211.002213592805
10964,2005-07-22,1351.5394624937132,1169.5751844324348,1253.1801634096794,1351.5394624937132,1351.5394624937132,-140.26056098118363,-140.26056098118363,-140.26056098118363,-140.26056098118363,-140.26056098118363,-140.26056098118363,0.0,0.0,0.0,1211.2789015125295
10965,2005-07-25,1351.9804565735856,1169.5769177604259,1252.6861056217142,1351.9804565735856,1351.9804565735856,-139.86887654110117,-139.86887654110117,-139.86887654110117,-139.86887654110117,-139.86887654110117,-139.86887654110117,0.0,0.0,0.0,1212.1115800324844
10966,2005-07-26,1352.1274546002096,1170.3264512806957,1250.4975739514432,1352.1274546002096,1352.1274546002096,-139.73743954354202,-139.73743954354202,-139.73743954354202,-139.73743954354202,-139.73743954354202,-139.73743954354202,0.0,0.0,0.0,1212.3900150566676
10967,2005-07-27,1352.2744526268334,1170.8265319390737,1253.7662673788006,1352.2744526268334,1352.2744526268334,-139.60556287163334,-139.60556287163334,-139.60556287163334,-139.60556287163334,-139.60556287163334,-139.60556287163334,0.0,0.0,0.0,1212.6688897552
10968,2005-07-28,1352.4214506534574,1170.8777355653065,1254.4393895769845,1352.4214506534574,1352.4214506534574,-139.47324540594178,-139.47324540594178,-139.47324540594178,-139.47324540594178,-139.47324540594178,-139.47324540594178,0.0,0.0,0.0,1212.9482052475157
10969,2005-07-29,1352.5684486800815,1173.7581603893289,1255.0528050688995,1352.5684486800815,1352.5684486800815,-139.3404860470406,-139.3404860470406,-139.3404860470406,-139.3404860470406,-139.3404860470406,-139.3404860470406,0.0,0.0,0.0,1213.227962633041
10970,2005-08-01,1353.0094427599533,1171.428636769044,1256.42810670426,1353.0094427599533,1353.0094427599533,-138.93954591768005,-138.93954591768005,-138.93954591768005,-138.93954591768005,-138.93954591768005,-138.93954591768005,0.0,0.0,0.0,1214.0698968422732
10971,2005-08-02,1353.1564407865774,1173.3340878200752,1255.8600906218824,1353.1564407865774,1353.1564407865774,-138.8050083931106,-138.8050083931106,-138.8050083931106,-138.8050083931106,-138.8050083931106,-138.8050083931106,0.0,0.0,0.0,1214.351432393467
10972,2005-08-03,1353.3034388132014,1171.5160730171128,1256.3376131460923,1353.3034388132014,1353.3034388132014,-138.67002377961845,-138.67002377961845,-138.67002377961845,-138.67002377961845,-138.67002377961845,-138.67002377961845,0.0,0.0,0.0,1214.6334150335829
10973,2005-08-04,1353.4504368398254,1174.2724559901508,1257.0681481621118,1353.4504368398254,1353.4504368398254,-138.53459109860967,-138.53459109860967,-138.53459109860967,-138.53459109860967,-138.53459109860967,-138.53459109860967,0.0,0.0,0.0,1214.915845741216
10974,2005-08-05,1353.5974348664497,1173.3197355955258,1253.7371630993553,1353.5974348664497,1353.5974348664497,-138.39870939176006,-138.39870939176006,-138.39870939176006,-138.39870939176006,-138.39870939176006,-138.39870939176006,0.0,0.0,0.0,1215.1987254746896
10975,2005-08-08,1354.0384289463216,1175.459840323351,1258.6202011464877,1354.0384289463213,1354.0384289463213,-137.98836083764954,-137.98836083764954,-137.98836083764954,-137.98836083764954,-137.98836083764954,-137.98836083764954,0.0,0.0,0.0,1216.0500681086721
10976,2005-08-09,1354.1854269729458,1176.4350974988731,1258.0648156712796,1354.1854269729458,1354.1854269729458,-137.85067385073305,-137.85067385073305,-137.85067385073305,-137.85067385073305,-137.85067385073305,-137.85067385073305,0.0,0.0,0.0,1216.3347531222128
10977,2005-08-10,1354.3324249995699,1175.1443307756758,1261.6383938104732,1354.3324249995699,1354.3324249995699,-137.71253335154847,-137.71253335154847,-137.71253335154847,-137.71253335154847,-137.71253335154847,-137.71253335154847,0.0,0.0,0.0,1216.6198916480214
10978,2005-08-11,1354.479423026194,1172.6520760912886,1259.0135057819243,1354.4794230261937,1354.4794230261937,-137.57393850407695,-137.57393850407695,-137.57393850407695,-137.57393850407695,-137.57393850407695,-137.57393850407695,0.0,0.0,0.0,1216.905484522117
10979,2005-08-12,1354.626421052818,1177.1899864230181,1258.3090702917602,1354.626421052818,1354.626421052818,-137.4348884927932,-137.4348884927932,-137.4348884927932,-137.4348884927932,-137.4348884927932,-137.4348884927932,0.0,0.0,0.0,1217.1915325600248
10980,2005-08-15,1355.0674151326898,1175.021764938048,1255.9955253263308,1355.0674151326898,1355.0674151326898,-137.01499962881027,-137.01499962881027,-137.01499962881027,-137.01499962881027,-137.01499962881027,-137.01499962881027,0.0,0.0,0.0,1218.0524155038795
10981,2005-08-16,1355.2144131593138,1175.8423640083315,1260.0505194552618,1355.2144131593138,1355.2144131593138,-136.87412121788563,-136.87412121788563,-136.87412121788563,-136.87412121788563,-136.87412121788563,-136.87412121788563,0.0,0.0,0.0,1218.3402919414282
10982,2005-08-17,1355.3614111859379,1177.7681320877152,1262.1593134493812,1355.3614111859379,1355.3614111859379,-136.73278387391053,-136.73278387391053,-136.73278387391053,-136.73278387391053,-136.73278387391053,-136.73278387391053,0.0,0.0,0.0,1218.6286273120272
10983,2005-08-18,1355.5084092125617,1178.2296707834325,1266.1509458325022,1355.5084092125617,1355.5084092125617,-136.59098690490455,-136.59098690490455,-136.59098690490455,-136.59098690490455,-136.59098690490455,-136.59098690490455,0.0,0.0,0.0,1218.917422307657
10984,2005-08-19,1355.6554072391857,1176.6053459420898,1258.0995628724966,1355.6554072391857,1355.6554072391857,-136.4487296395674,-136.4487296395674,-136.4487296395674,-136.4487296395674,-136.4487296395674,-136.4487296395674,0.0,0.0,0.0,1219.2066775996184
10985,2005-08-22,1356.0964013190576,1178.4398085536077,1261.2091556690627,1356.0964013190576,1356.0964013190576,-136.01918966326073,-136.01918966326073,-136.01918966326073,-136.01918966326073,-136.01918966326073,-136.01918966326073,0.0,0.0,0.0,1220.0772116557969
10986,2005-08-23,1356.2433993456816,1180.290836354283,1264.3938698078675,1356.2433993456816,1356.2433993456816,-135.87508491401596,-135.87508491401596,-135.87508491401596,-135.87508491401596,-135.87508491401596,-135.87508491401596,0.0,0.0,0.0,1220.3683144316656
10987,2005-08-24,1356.3903973723059,1182.2750887267289,1261.547524948709,1356.3903973723059,1356.3903973723059,-135.73051682294536,-135.73051682294536,-135.73051682294536,-135.73051682294536,-135.73051682294536,-135.73051682294536,0.0,0.0,0.0,1220.6598805493604
10988,2005-08-25,1356.53739539893,1181.5408907081132,1263.4224574251818,1356.53739539893,1356.53739539893,-135.58548484330194,-135.58548484330194,-135.58548484330194,-135.58548484330194,-135.58548484330194,-135.58548484330194,0.0,0.0,0.0,1220.951910555628
10989,2005-08-26,1356.684393425554,1179.4124887958908,1263.057358269657,1356.684393425554,1356.684393425554,-135.43998844916857,-135.43998844916857,-135.43998844916857,-135.43998844916857,-135.43998844916857,-135.43998844916857,0.0,0.0,0.0,1221.2444049763853
10990,2005-08-29,1357.1253875054258,1179.034332796646,1263.8116288972037,1357.1253875054258,1357.1253875054258,-135.0007078334449,-135.0007078334449,-135.0007078334449,-135.0007078334449,-135.0007078334449,-135.0007078334449,0.0,0.0,0.0,1222.1246796719809
10991,2005-08-30,1357.2723855320498,1180.4628008821358,1262.4141658288647,1357.2723855320498,1357.2723855320498,-134.85334893936295,-134.85334893936295,-134.85334893936295,-134.85334893936295,-134.85334893936295,-134.85334893936295,0.0,0.0,0.0,1222.419036592687
10992,2005-08-31,1357.4193835586739,1181.49754708567,1263.3930267161065,1357.4193835586739,1357.4193835586739,-134.70552331424176,-134.70552331424176,-134.70552331424176,-134.70552331424176,-134.70552331424176,-134.70552331424176,0.0,0.0,0.0,1222.713860244432
10993,2005-09-01,1357.5663815852981,1178.3039525149443,1264.9715434999378,1357.5663815852981,1357.5663815852981,-134.5572305574922,-134.5572305574922,-134.5572305574922,-134.5572305574922,-134.5572305574922,-134.5572305574922,0.0,0.0,0.0,1223.009151027806
10994,2005-09-02,1357.7133796119222,1181.7733599250976,1262.6831616796082,1357.7133796119222,1357.7133796119222,-134.40847028946442,-134.40847028946442,-134.40847028946442,-134.40847028946442,-134.40847028946442,-134.40847028946442,0.0,0.0,0.0,1223.3049093224577
10995,2005-09-06,1358.301371718418,1181.1431338482294,1264.969248816699,1358.301371718418,1358.301371718418,-133.8087472450967,-133.8087472450967,-133.8087472450967,-133.8087472450967,-133.8087472450967,-133.8087472450967,0.0,0.0,0.0,1224.4926244733215
10996,2005-09-07,1358.448369745042,1181.8503627751918,1267.6847141252374,1358.448369745042,1358.448369745042,-133.6576444596207,-133.6576444596207,-133.6576444596207,-133.6576444596207,-133.6576444596207,-133.6576444596207,0.0,0.0,0.0,1224.7907252854213
10997,2005-09-08,1358.5953677716664,1183.0670062218378,1269.5339098008762,1358.5953677716664,1358.5953677716664,-133.5060723253351,-133.5060723253351,-133.5060723253351,-133.5060723253351,-133.5060723253351,-133.5060723253351,0.0,0.0,0.0,1225.0892954463313
10998,2005-09-09,1358.7423657982904,1179.8929893777643,1265.9221777760768,1358.7423657982904,1358.7423657982904,-133.35403060947303,-133.35403060947303,-133.35403060947303,-133.35403060947303,-133.35403060947303,-133.35403060947303,0.0,0.0,0.0,1225.3883351888173
10999,2005-09-12,1359.1833598781623,1185.282149044405,1269.6960115364152,1359.1833598781623,1359.1833598781623,-132.89508596004796,-132.89508596004796,-132.89508596004796,-132.89508596004796,-132.89508596004796,-132.89508596004796,0.0,0.0,0.0,1226.2882739181143
11000,2005-09-13,1359.3303579047863,1185.682279072138,1266.2230328031696,1359.3303579047863,1359.3303579047863,-132.7411640106434,-132.7411640106434,-132.7411640106434,-132.7411640106434,-132.7411640106434,-132.7411640106434,0.0,0.0,0.0,1226.589193894143
11001,2005-09-14,1359.4773559314103,1184.8236688652037,1267.4752384597061,1359.4773559314103,1359.4773559314103,-132.5867716312019,-132.5867716312019,-132.5867716312019,-132.5867716312019,-132.5867716312019,-132.5867716312019,0.0,0.0,0.0,1226.8905843002085
11002,2005-09-15,1359.6243539580341,1186.3163538254248,1271.5512950950442,1359.6243539580341,1359.6243539580341,-132.43190871514074,-132.43190871514074,-132.43190871514074,-132.43190871514074,-132.43190871514074,-132.43190871514074,0.0,0.0,0.0,1227.1924452428934
11003,2005-09-16,1359.7713519846582,1186.0759702648243,1267.9288037564224,1359.7713519846584,1359.7713519846584,-132.27657517692128,-132.27657517692128,-132.27657517692128,-132.27657517692128,-132.27657517692128,-132.27657517692128,0.0,0.0,0.0,1227.4947768077368
11004,2005-09-19,1360.2123460645303,1188.045433086853,1271.1803622986301,1360.2123460645303,1360.2123460645303,-131.8077502895922,-131.8077502895922,-131.8077502895922,-131.8077502895922,-131.8077502895922,-131.8077502895922,0.0,0.0,0.0,1228.4045957749381
11005,2005-09-20,1360.359344091154,1190.8918001052527,1270.0096603614354,1360.359344091154,1360.359344091154,-131.650533828249,-131.650533828249,-131.650533828249,-131.650533828249,-131.650533828249,-131.650533828249,0.0,0.0,0.0,1228.708810262905
11006,2005-09-21,1360.506342117778,1189.0573930666192,1271.2222528963243,1360.506342117778,1360.506342117778,-131.49284663272752,-131.49284663272752,-131.49284663272752,-131.49284663272752,-131.49284663272752,-131.49284663272752,0.0,0.0,0.0,1229.0134954850505
11007,2005-09-22,1360.6533401444021,1186.9963429213653,1271.0510356393077,1360.6533401444021,1360.6533401444021,-131.33468874375598,-131.33468874375598,-131.33468874375598,-131.33468874375598,-131.33468874375598,-131.33468874375598,0.0,0.0,0.0,1229.318651400646
11008,2005-09-23,1360.8003381710264,1188.8697727984204,1271.6737533990965,1360.8003381710264,1360.8003381710264,-131.17606022309738,-131.17606022309738,-131.17606022309738,-131.17606022309738,-131.17606022309738,-131.17606022309738,0.0,0.0,0.0,1229.624277947929
11009,2005-09-26,1361.2413322508983,1191.0384154278242,1273.6016314573571,1361.2413322508983,1361.2413322508983,-130.69735180413184,-130.69735180413184,-130.69735180413184,-130.69735180413184,-130.69735180413184,-130.69735180413184,0.0,0.0,0.0,1230.5439804467665
11010,2005-09-27,1361.3883302775223,1189.2602195496968,1270.0699880681357,1361.3883302775223,1361.3883302775223,-130.53684179497893,-130.53684179497893,-130.53684179497893,-130.53684179497893,-130.53684179497893,-130.53684179497893,0.0,0.0,0.0,1230.8514884825433
11011,2005-09-28,1361.5353283041468,1189.815950372362,1273.4028040484914,1361.5353283041468,1361.5353283041468,-130.37586177836613,-130.37586177836613,-130.37586177836613,-130.37586177836613,-130.37586177836613,-130.37586177836613,0.0,0.0,0.0,1231.1594665257808
11012,2005-09-29,1361.6823263307706,1189.3009073835012,1277.2535478395125,1361.6823263307706,1361.6823263307706,-130.21441194217698,-130.21441194217698,-130.21441194217698,-130.21441194217698,-130.21441194217698,-130.21441194217698,0.0,0.0,0.0,1231.4679143885937
11013,2005-09-30,1361.8293243573946,1189.8052844137994,1274.0336444449003,1361.8293243573946,1361.8293243573946,-130.05249249528688,-130.05249249528688,-130.05249249528688,-130.05249249528688,-130.05249249528688,-130.05249249528688,0.0,0.0,0.0,1231.7768318621077
11014,2005-10-03,1362.2703184372665,1192.5193813149167,1273.371782865213,1362.2703184372665,1362.2703184372665,-129.5639188938945,-129.5639188938945,-129.5639188938945,-129.5639188938945,-129.5639188938945,-129.5639188938945,0.0,0.0,0.0,1232.706399543372
11015,2005-10-04,1362.4173164638905,1192.7950599851638,1278.491721334839,1362.4173164638905,1362.4173164638905,-129.4001235125111,-129.4001235125111,-129.4001235125111,-129.4001235125111,-129.4001235125111,-129.4001235125111,0.0,0.0,0.0,1233.0171929513795
11016,2005-10-05,1362.5643144905146,1193.7373180162726,1274.9514849480347,1362.5643144905146,1362.5643144905146,-129.23585987936806,-129.23585987936806,-129.23585987936806,-129.23585987936806,-129.23585987936806,-129.23585987936806,0.0,0.0,0.0,1233.3284546111465
11017,2005-10-06,1362.7113125171386,1191.6880253969196,1278.1700165336335,1362.7113125171386,1362.7113125171386,-129.07112832908547,-129.07112832908547,-129.07112832908547,-129.07112832908547,-129.07112832908547,-129.07112832908547,0.0,0.0,0.0,1233.6401841880531
11018,2005-10-07,1362.8583105437624,1191.7218444848336,1278.146150402471,1362.8583105437624,1362.8583105437624,-128.90592921719252,-128.90592921719252,-128.90592921719252,-128.90592921719252,-128.90592921719252,-128.90592921719252,0.0,0.0,0.0,1233.9523813265698
11019,2005-10-10,1363.2993046236347,1192.8810473641115,1274.0196550222122,1363.2993046236347,1363.2993046236347,-128.40753038053938,-128.40753038053938,-128.40753038053938,-128.40753038053938,-128.40753038053938,-128.40753038053938,0.0,0.0,0.0,1234.8917742430954
11020,2005-10-11,1363.4463026502588,1195.8866995767264,1276.2930149461781,1363.4463026502588,1363.4463026502588,-128.24046499523584,-128.24046499523584,-128.24046499523584,-128.24046499523584,-128.24046499523584,-128.24046499523584,0.0,0.0,0.0,1235.2058376550228
11021,2005-10-12,1363.5933006768828,1193.3630462599476,1279.8925298832405,1363.5933006768828,1363.5933006768828,-128.07293413912151,-128.07293413912151,-128.07293413912151,-128.07293413912151,-128.07293413912151,-128.07293413912151,0.0,0.0,0.0,1235.5203665377612
11022,2005-10-13,1363.7402987035068,1193.1263718029745,1276.3523511357732,1363.7402987035068,1363.7402987035068,-127.90493829286781,-127.90493829286781,-127.90493829286781,-127.90493829286781,-127.90493829286781,-127.90493829286781,0.0,0.0,0.0,1235.835360410639
11023,2005-10-14,1363.8872967301306,1196.4779460916238,1277.4584306706588,1363.8872967301306,1363.8872967301306,-127.73647795793616,-127.73647795793616,-127.73647795793616,-127.73647795793616,-127.73647795793616,-127.73647795793616,0.0,0.0,0.0,1236.1508187721945
11024,2005-10-17,1364.3282908100027,1194.675422679459,1276.8089472956935,1364.3282908100027,1364.3282908100027,-127.22831534718718,-127.22831534718718,-127.22831534718718,-127.22831534718718,-127.22831534718718,-127.22831534718718,0.0,0.0,0.0,1237.0999754628156
11025,2005-10-18,1364.4752888366265,1195.971853368114,1280.3422246044074,1364.4752888366265,1364.4752888366265,-127.05800248732953,-127.05800248732953,-127.05800248732953,-127.05800248732953,-127.05800248732953,-127.05800248732953,0.0,0.0,0.0,1237.417286349297
11026,2005-10-19,1364.6222868632506,1192.767174379981,1273.8747369872917,1364.6222868632503,1364.6222868632503,-126.8872279572819,-126.8872279572819,-126.8872279572819,-126.8872279572819,-126.8872279572819,-126.8872279572819,0.0,0.0,0.0,1237.7350589059686
11027,2005-10-20,1364.7692848898748,1195.903753995831,1278.48418561303,1364.7692848898748,1364.7692848898748,-126.7159923828215,-126.7159923828215,-126.7159923828215,-126.7159923828215,-126.7159923828215,-126.7159923828215,0.0,0.0,0.0,1238.0532925070534
11028,2005-10-21,1364.9162829164989,1198.001920941104,1277.4756335219263,1364.9162829164989,1364.9162829164989,-126.54429641035955,-126.54429641035955,-126.54429641035955,-126.54429641035955,-126.54429641035955,-126.54429641035955,0.0,0.0,0.0,1238.3719865061394
11029,2005-10-24,1365.3572769963712,1197.2888210530384,1275.4673602229127,1365.3572769963712,1365.3572769963712,-126.02645287811688,-126.02645287811688,-126.02645287811688,-126.02645287811688,-126.02645287811688,-126.02645287811688,0.0,0.0,0.0,1239.3308241182542
11030,2005-10-25,1365.5042750229952,1196.548760780696,1279.0938506150228,1365.5042750229952,1365.5042750229952,-125.85292218961932,-125.85292218961932,-125.85292218961932,-125.85292218961932,-125.85292218961932,-125.85292218961932,0.0,0.0,0.0,1239.651352833376
11031,2005-10-26,1365.6512730496192,1196.6044013976505,1285.0814030400516,1365.6512730496192,1365.6512730496192,-125.67893464382841,-125.67893464382841,-125.67893464382841,-125.67893464382841,-125.67893464382841,-125.67893464382841,0.0,0.0,0.0,1239.9723384057909
11032,2005-10-27,1365.798271076243,1200.4064324048886,1282.6088203214088,1365.798271076243,1365.798271076243,-125.50449101042044,-125.50449101042044,-125.50449101042044,-125.50449101042044,-125.50449101042044,-125.50449101042044,0.0,0.0,0.0,1240.2937800658226
11033,2005-10-28,1365.945269102867,1200.458828103392,1279.9112319832395,1365.9452691028673,1365.9452691028673,-125.32959207951784,-125.32959207951784,-125.32959207951784,-125.32959207951784,-125.32959207951784,-125.32959207951784,0.0,0.0,0.0,1240.6156770233492
11034,2005-10-31,1366.386263182739,1201.326890829272,1282.7182584732677,1366.386263182739,1366.386263182739,-124.80217170907504,-124.80217170907504,-124.80217170907504,-124.80217170907504,-124.80217170907504,-124.80217170907504,0.0,0.0,0.0,1241.5840914736639
11035,2005-11-01,1366.533261209363,1202.7287027197701,1285.48476878391,1366.533261209363,1366.533261209363,-124.62545989720951,-124.62545989720951,-124.62545989720951,-124.62545989720951,-124.62545989720951,-124.62545989720951,0.0,0.0,0.0,1241.9078013121534
11036,2005-11-02,1366.680259235987,1198.0152467588155,1281.7469629205705,1366.680259235987,1366.680259235987,-124.44829704402501,-124.44829704402501,-124.44829704402501,-124.44829704402501,-124.44829704402501,-124.44829704402501,0.0,0.0,0.0,1242.231962191962
11037,2005-11-03,1366.827257262611,1200.5691026378354,1282.7640197314079,1366.827257262611,1366.827257262611,-124.27068406164092,-124.27068406164092,-124.27068406164092,-124.27068406164092,-124.27068406164092,-124.27068406164092,0.0,0.0,0.0,1242.5565732009702
11038,2005-11-04,1366.974255289235,1202.0194858163638,1286.2991605357445,1366.974255289235,1366.974255289235,-124.09262188239317,-124.09262188239317,-124.09262188239317,-124.09262188239317,-124.09262188239317,-124.09262188239317,0.0,0.0,0.0,1242.881633406842
11039,2005-11-07,1367.4152493691072,1199.5670086943614,1280.5046696803568,1367.4152493691072,1367.4152493691072,-123.55574978929373,-123.55574978929373,-123.55574978929373,-123.55574978929373,-123.55574978929373,-123.55574978929373,0.0,0.0,0.0,1243.8594995798135
11040,2005-11-08,1367.5622473957312,1202.1058960067928,1281.731447632216,1367.5622473957312,1367.5622473957312,-123.37590054898288,-123.37590054898288,-123.37590054898288,-123.37590054898288,-123.37590054898288,-123.37590054898288,0.0,0.0,0.0,1244.1863468467484
11041,2005-11-09,1367.7092454223553,1203.3943506354194,1286.947633191326,1367.7092454223553,1367.7092454223553,-123.19560707543832,-123.19560707543832,-123.19560707543832,-123.19560707543832,-123.19560707543832,-123.19560707543832,0.0,0.0,0.0,1244.5136383469169
11042,2005-11-10,1367.8562434489793,1204.6408660201475,1286.1202763979306,1367.8562434489795,1367.8562434489795,-123.01487042151153,-123.01487042151153,-123.01487042151153,-123.01487042151153,-123.01487042151153,-123.01487042151153,0.0,0.0,0.0,1244.8413730274679
11043,2005-11-11,1368.003241475603,1206.4463905009836,1285.4047398041812,1368.003241475603,1368.003241475603,-122.83369166000635,-122.83369166000635,-122.83369166000635,-122.83369166000635,-122.83369166000635,-122.83369166000635,0.0,0.0,0.0,1245.1695498155968
11044,2005-11-14,1368.4442355554752,1204.3197641929348,1288.7276424227844,1368.4442355554752,1368.4442355554752,-122.28751375645314,-122.28751375645314,-122.28751375645314,-122.28751375645314,-122.28751375645314,-122.28751375645314,0.0,0.0,0.0,1246.156721799022
11045,2005-11-15,1368.5912335820992,1204.4776094850083,1289.9369281476363,1368.5912335820992,1368.5912335820992,-122.10457769023999,-122.10457769023999,-122.10457769023999,-122.10457769023999,-122.10457769023999,-122.10457769023999,0.0,0.0,0.0,1246.4866558918593
11046,2005-11-16,1368.7382316087235,1201.6686474260036,1290.0992461581857,1368.7382316087235,1368.7382316087235,-121.92120517827473,-121.92120517827473,-121.92120517827473,-121.92120517827473,-121.92120517827473,-121.92120517827473,0.0,0.0,0.0,1246.8170264304488
11047,2005-11-17,1368.8852296353475,1205.8751344122525,1288.2757124861398,1368.8852296353475,1368.8852296353475,-121.73739741218488,-121.73739741218488,-121.73739741218488,-121.73739741218488,-121.73739741218488,-121.73739741218488,0.0,0.0,0.0,1247.1478322231626
11048,2005-11-18,1369.0322276619713,1203.8984964588403,1290.2277899847227,1369.0322276619713,1369.0322276619713,-121.5531556032509,-121.5531556032509,-121.5531556032509,-121.5531556032509,-121.5531556032509,-121.5531556032509,0.0,0.0,0.0,1247.4790720587205
11049,2005-11-21,1369.4732217418434,1206.5864568833822,1288.9182739746257,1369.4732217418434,1369.4732217418434,-120.99783832598281,-120.99783832598281,-120.99783832598281,-120.99783832598281,-120.99783832598281,-120.99783832598281,0.0,0.0,0.0,1248.4753834158605
11050,2005-11-22,1369.6202197684672,1207.4018947834431,1290.6343774403333,1369.6202197684672,1369.6202197684672,-120.81187284987922,-120.81187284987922,-120.81187284987922,-120.81187284987922,-120.81187284987922,-120.81187284987922,0.0,0.0,0.0,1248.808346918588
11051,2005-11-23,1369.7672177950917,1206.558069826451,1290.8471670753177,1369.7672177950917,1369.7672177950917,-120.6254796804765,-120.6254796804765,-120.6254796804765,-120.6254796804765,-120.6254796804765,-120.6254796804765,0.0,0.0,0.0,1249.1417381146152
11052,2005-11-25,1370.0612138483395,1208.3148000639487,1292.2845687453032,1370.0612138483395,1370.0612138483395,-120.25141559390978,-120.25141559390978,-120.25141559390978,-120.25141559390978,-120.25141559390978,-120.25141559390978,0.0,0.0,0.0,1249.8097982544298
11053,2005-11-28,1370.5022079282116,1207.8096771521489,1291.657080761993,1370.5022079282116,1370.5022079282116,-119.68714559620622,-119.68714559620622,-119.68714559620622,-119.68714559620622,-119.68714559620622,-119.68714559620622,0.0,0.0,0.0,1250.8150623320055
11054,2005-11-29,1370.6492059548355,1208.5889027163157,1295.7332922238747,1370.6492059548355,1370.6492059548355,-119.4982148336556,-119.4982148336556,-119.4982148336556,-119.4982148336556,-119.4982148336556,-119.4982148336556,0.0,0.0,0.0,1251.15099112118
11055,2005-11-30,1370.7962039814595,1210.2297501365542,1293.6439273939573,1370.7962039814595,1370.7962039814595,-119.30886607912467,-119.30886607912467,-119.30886607912467,-119.30886607912467,-119.30886607912467,-119.30886607912467,0.0,0.0,0.0,1251.4873379023347
11056,2005-12-01,1370.9432020080835,1213.5202827006667,1295.9337515953453,1370.9432020080835,1370.9432020080835,-119.11910079495948,-119.11910079495948,-119.11910079495948,-119.11910079495948,-119.11910079495948,-119.11910079495948,0.0,0.0,0.0,1251.824101213124
11057,2005-12-02,1371.0902000347076,1213.703170802695,1291.3415100575014,1371.0902000347076,1371.0902000347076,-118.92892046245767,-118.92892046245767,-118.92892046245767,-118.92892046245767,-118.92892046245767,-118.92892046245767,0.0,0.0,0.0,1252.16127957225
11058,2005-12-05,1371.5311941145794,1210.6041325891551,1296.2964743160426,1371.5311941145794,1371.5311941145794,-118.35590427100676,-118.35590427100676,-118.35590427100676,-118.35590427100676,-118.35590427100676,-118.35590427100676,0.0,0.0,0.0,1253.1752898435727
11059,2005-12-06,1371.6781921412035,1211.8610283381288,1297.6222931647749,1371.6781921412035,1371.6781921412035,-118.16407893520417,-118.16407893520417,-118.16407893520417,-118.16407893520417,-118.16407893520417,-118.16407893520417,0.0,0.0,0.0,1253.5141132059994
11060,2005-12-07,1371.8251901678273,1211.9924137108708,1293.5114874302812,1371.8251901678273,1371.8251901678273,-117.97184623986054,-117.97184623986054,-117.97184623986054,-117.97184623986054,-117.97184623986054,-117.97184623986054,0.0,0.0,0.0,1253.8533439279668
11061,2005-12-08,1371.9721881944517,1212.2023972307386,1295.3212819795278,1371.9721881944517,1371.9721881944517,-117.7792077787954,-117.7792077787954,-117.7792077787954,-117.7792077787954,-117.7792077787954,-117.7792077787954,0.0,0.0,0.0,1254.1929804156564
11062,2005-12-09,1372.1191862210758,1215.515308823161,1295.9556710991233,1372.1191862210758,1372.1191862210758,-117.58616516438312,-117.58616516438312,-117.58616516438312,-117.58616516438312,-117.58616516438312,-117.58616516438312,0.0,0.0,0.0,1254.5330210566926
11063,2005-12-12,1372.5601803009476,1215.8668939350403,1296.8989430199804,1372.5601803009476,1372.5601803009476,-117.00462880178851,-117.00462880178851,-117.00462880178851,-117.00462880178851,-117.00462880178851,-117.00462880178851,0.0,0.0,0.0,1255.555551499159
11064,2005-12-13,1372.707178327572,1214.3751976466733,1293.705375044935,1372.707178327572,1372.707178327572,-116.80998606662727,-116.80998606662727,-116.80998606662727,-116.80998606662727,-116.80998606662727,-116.80998606662727,0.0,0.0,0.0,1255.8971922609446
11065,2005-12-14,1372.854176354196,1213.6726547320286,1293.9423616976646,1372.854176354196,1372.854176354196,-116.61494751613516,-116.61494751613516,-116.61494751613516,-116.61494751613516,-116.61494751613516,-116.61494751613516,0.0,0.0,0.0,1256.2392288380609
11066,2005-12-15,1373.00117438082,1215.0986730262887,1296.4246102928178,1373.00117438082,1373.00117438082,-116.4195148727146,-116.4195148727146,-116.4195148727146,-116.4195148727146,-116.4195148727146,-116.4195148727146,0.0,0.0,0.0,1256.5816595081053
11067,2005-12-16,1373.1481724074438,1217.9914871010888,1298.8320708209171,1373.1481724074438,1373.1481724074438,-116.22368987689006,-116.22368987689006,-116.22368987689006,-116.22368987689006,-116.22368987689006,-116.22368987689006,0.0,0.0,0.0,1256.9244825305536
11068,2005-12-19,1373.5891664873159,1215.3965544050004,1301.9640162152339,1373.589166487316,1373.589166487316,-115.63387845066619,-115.63387845066619,-115.63387845066619,-115.63387845066619,-115.63387845066619,-115.63387845066619,0.0,0.0,0.0,1257.9552880366498
11069,2005-12-20,1373.73616451394,1215.7465771470722,1299.5258018696309,1373.73616451394,1373.73616451394,-115.43650181059336,-115.43650181059336,-115.43650181059336,-115.43650181059336,-115.43650181059336,-115.43650181059336,0.0,0.0,0.0,1258.2996627033465
11070,2005-12-21,1373.8831625405637,1216.9124243431747,1297.4886768883237,1373.8831625405637,1373.8831625405637,-115.23874179026404,-115.23874179026404,-115.23874179026404,-115.23874179026404,-115.23874179026404,-115.23874179026404,0.0,0.0,0.0,1258.6444207502996
11071,2005-12-22,1374.0301605671877,1216.940873066761,1301.3895741667634,1374.0301605671877,1374.0301605671877,-115.04060023755001,-115.04060023755001,-115.04060023755001,-115.04060023755001,-115.04060023755001,-115.04060023755001,0.0,0.0,0.0,1258.9895603296377
11072,2005-12-23,1374.177158593812,1218.3000472170222,1297.1768670112665,1374.177158593812,1374.177158593812,-114.84207901798487,-114.84207901798487,-114.84207901798487,-114.84207901798487,-114.84207901798487,-114.84207901798487,0.0,0.0,0.0,1259.3350795758272
11073,2005-12-27,1374.765150700308,1218.7591632984327,1301.4994036200724,1374.765150700308,1374.765150700308,-114.04423539600393,-114.04423539600393,-114.04423539600393,-114.04423539600393,-114.04423539600393,-114.04423539600393,0.0,0.0,0.0,1260.720915304304
11074,2005-12-28,1374.912148726932,1218.8558175697856,1301.0151994566231,1374.912148726932,1374.912148726932,-113.84384443834836,-113.84384443834836,-113.84384443834836,-113.84384443834836,-113.84384443834836,-113.84384443834836,0.0,0.0,0.0,1261.0683042885835
11075,2005-12-29,1375.059146753556,1220.0881578521626,1306.673833405567,1375.059146753556,1375.059146753556,-113.64308537396741,-113.64308537396741,-113.64308537396741,-113.64308537396741,-113.64308537396741,-113.64308537396741,0.0,0.0,0.0,1261.4160613795887
11076,2005-12-30,1375.20614478018,1219.6238784864402,1305.643937077279,1375.20614478018,1375.20614478018,-113.441960190048,-113.441960190048,-113.441960190048,-113.441960190048,-113.441960190048,-113.441960190048,0.0,0.0,0.0,1261.7641845901321
11077,2006-01-03,1375.794136886676,1222.0069270505533,1304.6513405235162,1375.794136886676,1375.794136886676,-112.63383859941469,-112.63383859941469,-112.63383859941469,-112.63383859941469,-112.63383859941469,-112.63383859941469,0.0,0.0,0.0,1263.1602982872612
11078,2006-01-04,1375.9411349133002,1221.3313000648573,1303.920169760291,1375.9411349133002,1375.9411349133002,-112.43091322127542,-112.43091322127542,-112.43091322127542,-112.43091322127542,-112.43091322127542,-112.43091322127542,0.0,0.0,0.0,1263.5102216920247
11079,2006-01-05,1376.0881329399242,1221.37314187501,1307.5758662628066,1376.0881329399242,1376.0881329399242,-112.22763400308712,-112.22763400308712,-112.22763400308712,-112.22763400308712,-112.22763400308712,-112.22763400308712,0.0,0.0,0.0,1263.860498936837
11080,2006-01-06,1376.2351309665482,1222.0836450963825,1305.7996361209948,1376.2351309665482,1376.2351309665482,-112.02400305012962,-112.02400305012962,-112.02400305012962,-112.02400305012962,-112.02400305012962,-112.02400305012962,0.0,0.0,0.0,1264.2111279164187
11081,2006-01-09,1376.6761250464206,1222.4877559979627,1307.0306569523032,1376.6761250464206,1376.6761250464206,-111.41102108352241,-111.41102108352241,-111.41102108352241,-111.41102108352241,-111.41102108352241,-111.41102108352241,0.0,0.0,0.0,1265.2651039628981
11082,2006-01-10,1376.8231230730444,1223.8041313448216,1305.8999580843151,1376.8231230730444,1376.8231230730444,-111.20600457450921,-111.20600457450921,-111.20600457450921,-111.20600457450921,-111.20600457450921,-111.20600457450921,0.0,0.0,0.0,1265.617118498535
11083,2006-01-11,1376.9701210996684,1220.9736536412618,1309.0227982145004,1376.9701210996684,1376.9701210996684,-111.0006471041084,-111.0006471041084,-111.0006471041084,-111.0006471041084,-111.0006471041084,-111.0006471041084,0.0,0.0,0.0,1265.96947399556
11084,2006-01-12,1377.1171191262924,1227.7421347192883,1305.8747039380394,1377.1171191262924,1377.1171191262924,-110.79495087584058,-110.79495087584058,-110.79495087584058,-110.79495087584058,-110.79495087584058,-110.79495087584058,0.0,0.0,0.0,1266.3221682504518
11085,2006-01-13,1377.2641171529165,1224.4440384282036,1307.5585740568608,1377.2641171529165,1377.2641171529165,-110.58891810932467,-110.58891810932467,-110.58891810932467,-110.58891810932467,-110.58891810932467,-110.58891810932467,0.0,0.0,0.0,1266.6751990435919
11086,2006-01-17,1377.8521092594124,1226.1304661443614,1308.6674605850599,1377.8521092594124,1377.8521092594124,-109.76146661203542,-109.76146661203542,-109.76146661203542,-109.76146661203542,-109.76146661203542,-109.76146661203542,0.0,0.0,0.0,1268.0906426473769
11087,2006-01-18,1377.9991072860362,1225.7263819107447,1307.8296465435135,1377.9991072860362,1377.9991072860362,-109.55378500629084,-109.55378500629084,-109.55378500629084,-109.55378500629084,-109.55378500629084,-109.55378500629084,0.0,0.0,0.0,1268.4453222797454
11088,2006-01-19,1378.1461053126602,1225.4649763776597,1312.6386652358203,1378.1461053126602,1378.1461053126602,-109.34578051349803,-109.34578051349803,-109.34578051349803,-109.34578051349803,-109.34578051349803,-109.34578051349803,0.0,0.0,0.0,1268.8003247991621
11089,2006-01-20,1378.2931033392842,1231.164694675185,1307.8607972636012,1378.2931033392842,1378.2931033392842,-109.13745546366741,-109.13745546366741,-109.13745546366741,-109.13745546366741,-109.13745546366741,-109.13745546366741,0.0,0.0,0.0,1269.1556478756168
11090,2006-01-23,1378.7340974191566,1227.5330489067483,1311.2346859301158,1378.7340974191566,1378.7340974191566,-108.51058050311786,-108.51058050311786,-108.51058050311786,-108.51058050311786,-108.51058050311786,-108.51058050311786,0.0,0.0,0.0,1270.2235169160388
11091,2006-01-24,1378.8810954457806,1226.2253325339987,1314.710238067418,1378.8810954457806,1378.8810954457806,-108.30099683272277,-108.30099683272277,-108.30099683272277,-108.30099683272277,-108.30099683272277,-108.30099683272277,0.0,0.0,0.0,1270.5800986130578
11092,2006-01-25,1379.0280934724044,1227.7236040227083,1313.2631979904463,1379.0280934724044,1379.0280934724044,-108.09110448520433,-108.09110448520433,-108.09110448520433,-108.09110448520433,-108.09110448520433,-108.09110448520433,0.0,0.0,0.0,1270.9369889872
11093,2006-01-26,1379.1750914990284,1227.537651500597,1309.3523988582567,1379.1750914990284,1379.1750914990284,-107.88090588191481,-107.88090588191481,-107.88090588191481,-107.88090588191481,-107.88090588191481,-107.88090588191481,0.0,0.0,0.0,1271.2941856171137
11094,2006-01-27,1379.3220895256525,1228.2377475840144,1315.9550543739026,1379.3220895256525,1379.3220895256525,-107.67040345912756,-107.67040345912756,-107.67040345912756,-107.67040345912756,-107.67040345912756,-107.67040345912756,0.0,0.0,0.0,1271.651686066525
11095,2006-01-30,1379.7630836055243,1231.7405189002645,1312.6340940647651,1379.7630836055243,1379.7630836055243,-107.03709785849671,-107.03709785849671,-107.03709785849671,-107.03709785849671,-107.03709785849671,-107.03709785849671,0.0,0.0,0.0,1272.7259857470276
11096,2006-01-31,1379.9100816321486,1232.114880893895,1314.4787523662553,1379.9100816321486,1379.9100816321486,-106.82540481580008,-106.82540481580008,-106.82540481580008,-106.82540481580008,-106.82540481580008,-106.82540481580008,0.0,0.0,0.0,1273.0846768163485
11097,2006-02-01,1380.0570796587726,1233.8151000138275,1316.7372387654802,1380.0570796587726,1380.0570796587726,-106.61342035570236,-106.61342035570236,-106.61342035570236,-106.61342035570236,-106.61342035570236,-106.61342035570236,0.0,0.0,0.0,1273.4436593030703
11098,2006-02-02,1380.2040776853967,1231.5584941538996,1317.6879680883255,1380.2040776853967,1380.2040776853967,-106.40114700214127,-106.40114700214127,-106.40114700214127,-106.40114700214127,-106.40114700214127,-106.40114700214127,0.0,0.0,0.0,1273.8029306832555
11099,2006-02-03,1380.3510757120207,1233.2504381913136,1317.9567307373504,1380.3510757120207,1380.3510757120207,-106.1885872933503,-106.1885872933503,-106.1885872933503,-106.1885872933503,-106.1885872933503,-106.1885872933503,0.0,0.0,0.0,1274.1624884186704
11100,2006-02-06,1380.792069791893,1235.461251682889,1318.573986862888,1380.792069791893,1380.792069791893,-105.54921563047303,-105.54921563047303,-105.54921563047303,-105.54921563047303,-105.54921563047303,-105.54921563047303,0.0,0.0,0.0,1275.24285416142
11101,2006-02-07,1380.9390678185168,1232.909209472953,1316.127782415187,1380.9390678185168,1380.9390678185168,-105.33553616582941,-105.33553616582941,-105.33553616582941,-105.33553616582941,-105.33553616582941,-105.33553616582941,0.0,0.0,0.0,1275.6035316526875
11102,2006-02-08,1381.0860658451409,1235.0987254244037,1316.9367167487505,1381.0860658451409,1381.0860658451409,-105.12158324836132,-105.12158324836132,-105.12158324836132,-105.12158324836132,-105.12158324836132,-105.12158324836132,0.0,0.0,0.0,1275.9644825967796
11103,2006-02-09,1381.233063871765,1234.5488642239181,1319.0144828002954,1381.233063871765,1381.233063871765,-104.90735950014646,-104.90735950014646,-104.90735950014646,-104.90735950014646,-104.90735950014646,-104.90735950014646,0.0,0.0,0.0,1276.3257043716185
11104,2006-02-10,1381.380061898389,1233.1707496360289,1318.1782912495714,1381.380061898389,1381.380061898389,-104.69286755691044,-104.69286755691044,-104.69286755691044,-104.69286755691044,-104.69286755691044,-104.69286755691044,0.0,0.0,0.0,1276.6871943414785
11105,2006-02-13,1381.8210559782608,1236.4355833971465,1313.8283733331475,1381.8210559782608,1381.8210559782608,-104.04780911707667,-104.04780911707667,-104.04780911707667,-104.04780911707667,-104.04780911707667,-104.04780911707667,0.0,0.0,0.0,1277.7732468611841
11106,2006-02-14,1381.9680540048848,1236.1634519270333,1319.4681232351577,1381.9680540048848,1381.9680540048848,-103.8322710206649,-103.8322710206649,-103.8322710206649,-103.8322710206649,-103.8322710206649,-103.8322710206649,0.0,0.0,0.0,1278.13578298422
11107,2006-02-15,1382.1150520315089,1239.5423994559508,1319.2525711115989,1382.1150520315089,1382.1150520315089,-103.61647810926294,-103.61647810926294,-103.61647810926294,-103.61647810926294,-103.61647810926294,-103.61647810926294,0.0,0.0,0.0,1278.498573922246
11108,2006-02-16,1382.2620500581327,1236.6010390181436,1318.962694939254,1382.2620500581324,1382.2620500581324,-103.40043309848394,-103.40043309848394,-103.40043309848394,-103.40043309848394,-103.40043309848394,-103.40043309848394,0.0,0.0,0.0,1278.8616169596487
11109,2006-02-17,1382.4090480847567,1241.1871338325752,1317.0407737830383,1382.4090480847567,1382.4090480847567,-103.18413871692006,-103.18413871692006,-103.18413871692006,-103.18413871692006,-103.18413871692006,-103.18413871692006,0.0,0.0,0.0,1279.2249093678367
11110,2006-02-21,1382.997040191253,1240.751767650413,1323.5189764091203,1382.997040191253,1382.997040191253,-102.31652250343268,-102.31652250343268,-102.31652250343268,-102.31652250343268,-102.31652250343268,-102.31652250343268,0.0,0.0,0.0,1280.6805176878204
11111,2006-02-22,1383.1440382178769,1239.2056685929488,1320.5151634036392,1383.1440382178769,1383.1440382178769,-102.09902264421612,-102.09902264421612,-102.09902264421612,-102.09902264421612,-102.09902264421612,-102.09902264421612,0.0,0.0,0.0,1281.0450155736607
11112,2006-02-23,1383.291036244501,1243.2684591352522,1323.2678858476906,1383.291036244501,1383.291036244501,-101.88129005281797,-101.88129005281797,-101.88129005281797,-101.88129005281797,-101.88129005281797,-101.88129005281797,0.0,0.0,0.0,1281.4097461916829
11113,2006-02-24,1383.438034271125,1240.0590121646073,1323.6429482816245,1383.438034271125,1383.438034271125,-101.66332754592239,-101.66332754592239,-101.66332754592239,-101.66332754592239,-101.66332754592239,-101.66332754592239,0.0,0.0,0.0,1281.7747067252026
11114,2006-02-27,1383.8790283509973,1241.76104474937,1324.6609599701449,1383.8790283509973,1383.8790283509973,-101.00808888130766,-101.00808888130766,-101.00808888130766,-101.00808888130766,-101.00808888130766,-101.00808888130766,0.0,0.0,0.0,1282.8709394696896
11115,2006-02-28,1384.0260263776213,1239.7720845876775,1322.7111893335696,1384.0260263776213,1384.0260263776213,-100.78923512150061,-100.78923512150061,-100.78923512150061,-100.78923512150061,-100.78923512150061,-100.78923512150061,0.0,0.0,0.0,1283.2367912561208
11116,2006-03-01,1384.173024404245,1243.976166850396,1323.7844528984106,1384.173024404245,1384.173024404245,-100.570165710406,-100.570165710406,-100.570165710406,-100.570165710406,-100.570165710406,-100.570165710406,0.0,0.0,0.0,1283.6028586938392
11117,2006-03-02,1384.3200224308691,1242.6150134656846,1323.86272162434,1384.3200224308691,1384.3200224308691,-100.3508835363103,-100.3508835363103,-100.3508835363103,-100.3508835363103,-100.3508835363103,-100.3508835363103,0.0,0.0,0.0,1283.969138894559
11118,2006-03-03,1384.4670204574932,1243.043260045189,1325.2947852816626,1384.4670204574932,1384.4670204574932,-100.13139149907794,-100.13139149907794,-100.13139149907794,-100.13139149907794,-100.13139149907794,-100.13139149907794,0.0,0.0,0.0,1284.3356289584153
11119,2006-03-06,1384.908014537365,1245.5391565757957,1325.5909358015622,1384.908014537365,1384.908014537365,-99.47168537870394,-99.47168537870394,-99.47168537870394,-99.47168537870394,-99.47168537870394,-99.47168537870394,0.0,0.0,0.0,1285.436329158661
11120,2006-03-07,1385.055012563989,1244.1554274722987,1328.5894096636127,1385.055012563989,1385.055012563989,-99.25138311550492,-99.25138311550492,-99.25138311550492,-99.25138311550492,-99.25138311550492,-99.25138311550492,0.0,0.0,0.0,1285.8036294484841
11121,2006-03-08,1385.2020105906133,1244.4264520632423,1328.0142519533752,1385.2020105906133,1385.2020105906133,-99.03088565853221,-99.03088565853221,-99.03088565853221,-99.03088565853221,-99.03088565853221,-99.03088565853221,0.0,0.0,0.0,1286.171124932081
11122,2006-03-09,1385.3490086172374,1245.4661059921211,1327.3072775042278,1385.3490086172374,1385.3490086172374,-98.81019597494026,-98.81019597494026,-98.81019597494026,-98.81019597494026,-98.81019597494026,-98.81019597494026,0.0,0.0,0.0,1286.5388126422972
11123,2006-03-10,1385.4960066438614,1245.7668518284365,1330.9610509189429,1385.4960066438616,1385.4960066438616,-98.58931704272862,-98.58931704272862,-98.58931704272862,-98.58931704272862,-98.58931704272862,-98.58931704272862,0.0,0.0,0.0,1286.9066896011327
11124,2006-03-13,1385.9370007237333,1249.9674294689298,1329.4882835847575,1385.9370007237333,1385.9370007237333,-97.92557469491626,-97.92557469491626,-97.92557469491626,-97.92557469491626,-97.92557469491626,-97.92557469491626,0.0,0.0,0.0,1288.011426028817
11125,2006-03-14,1386.0839987503573,1246.0925233464939,1328.3813411183962,1386.0839987503573,1386.0839987503573,-97.70396876152854,-97.70396876152854,-97.70396876152854,-97.70396876152854,-97.70396876152854,-97.70396876152854,0.0,0.0,0.0,1288.3800299888287
11126,2006-03-15,1386.2309967769813,1245.4605479456197,1330.648498709647,1386.2309967769813,1386.2309967769813,-97.48218862856245,-97.48218862856245,-97.48218862856245,-97.48218862856245,-97.48218862856245,-97.48218862856245,0.0,0.0,0.0,1288.748808148419
11127,2006-03-16,1386.3779948036051,1249.4903537745884,1330.8868996896267,1386.3779948036051,1386.3779948036051,-97.2602373368907,-97.2602373368907,-97.2602373368907,-97.2602373368907,-97.2602373368907,-97.2602373368907,0.0,0.0,0.0,1289.1177574667145
11128,2006-03-17,1386.5249928302292,1249.0765709085344,1328.4627012815918,1386.5249928302292,1386.5249928302292,-97.03811793748639,-97.03811793748639,-97.03811793748639,-97.03811793748639,-97.03811793748639,-97.03811793748639,0.0,0.0,0.0,1289.486874892743
11129,2006-03-20,1386.965986910101,1250.1857750537151,1332.8536455641881,1386.965986910101,1386.965986910101,-96.37078175192703,-96.37078175192703,-96.37078175192703,-96.37078175192703,-96.37078175192703,-96.37078175192703,0.0,0.0,0.0,1290.595205158174
11130,2006-03-21,1387.1129849367255,1249.3977709046937,1335.1091474238883,1387.1129849367255,1387.1129849367255,-96.14802062965286,-96.14802062965286,-96.14802062965286,-96.14802062965286,-96.14802062965286,-96.14802062965286,0.0,0.0,0.0,1290.9649643070727
11131,2006-03-22,1387.2599829633496,1248.960712452137,1335.0754708267405,1387.2599829633496,1387.2599829633496,-95.92510680230532,-95.92510680230532,-95.92510680230532,-95.92510680230532,-95.92510680230532,-95.92510680230532,0.0,0.0,0.0,1291.3348761610441
11132,2006-03-23,1387.4069809899734,1250.0147032306088,1334.028955165045,1387.4069809899734,1387.4069809899734,-95.70204337921501,-95.70204337921501,-95.70204337921501,-95.70204337921501,-95.70204337921501,-95.70204337921501,0.0,0.0,0.0,1291.7049376107584
11133,2006-03-24,1387.5539790165974,1248.6286560934404,1334.1463279824022,1387.5539790165974,1387.5539790165974,-95.47883347905487,-95.47883347905487,-95.47883347905487,-95.47883347905487,-95.47883347905487,-95.47883347905487,0.0,0.0,0.0,1292.0751455375425
11134,2006-03-27,1387.9949730964697,1250.190349625877,1335.160876645359,1387.9949730964697,1387.9949730964697,-94.80835624074918,-94.80835624074918,-94.80835624074918,-94.80835624074918,-94.80835624074918,-94.80835624074918,0.0,0.0,0.0,1293.1866168557206
11135,2006-03-28,1388.1419711230938,1250.7068104483644,1334.5376384180154,1388.1419711230938,1388.1419711230938,-94.58459180208747,-94.58459180208747,-94.58459180208747,-94.58459180208747,-94.58459180208747,-94.58459180208747,0.0,0.0,0.0,1293.5573793210062
11136,2006-03-29,1388.2889691497176,1251.4854583917013,1335.2795825135468,1388.2889691497176,1388.2889691497176,-94.36069661603901,-94.36069661603901,-94.36069661603901,-94.36069661603901,-94.36069661603901,-94.36069661603901,0.0,0.0,0.0,1293.9282725336786
11137,2006-03-30,1388.4359671763416,1254.069036472239,1337.3276074229434,1388.4359671763414,1388.4359671763414,-94.13667385503207,-94.13667385503207,-94.13667385503207,-94.13667385503207,-94.13667385503207,-94.13667385503207,0.0,0.0,0.0,1294.2992933213095
11138,2006-03-31,1388.5829652029656,1253.577365092656,1336.7877986024723,1388.5829652029656,1388.5829652029656,-93.91252670006207,-93.91252670006207,-93.91252670006207,-93.91252670006207,-93.91252670006207,-93.91252670006207,0.0,0.0,0.0,1294.6704385029036
11139,2006-04-03,1389.0239592828375,1252.5722919390068,1337.4596943179345,1389.0239592828375,1389.0239592828375,-93.23937080755603,-93.23937080755603,-93.23937080755603,-93.23937080755603,-93.23937080755603,-93.23937080755603,0.0,0.0,0.0,1295.7845884752815
11140,2006-04-04,1389.1709573094615,1254.4179780476516,1339.0571811560794,1389.1709573094615,1389.1709573094615,-93.01475805420328,-93.01475805420328,-93.01475805420328,-93.01475805420328,-93.01475805420328,-93.01475805420328,0.0,0.0,0.0,1296.1561992552583
11141,2006-04-05,1389.3179553360856,1253.011581964919,1338.7516981225328,1389.3179553360856,1389.3179553360856,-92.79003693651688,-92.79003693651688,-92.79003693651688,-92.79003693651688,-92.79003693651688,-92.79003693651688,0.0,0.0,0.0,1296.5279183995688
11142,2006-04-06,1389.4649533627096,1253.4749172237657,1338.6397934897445,1389.4649533627096,1389.4649533627096,-92.56521068456642,-92.56521068456642,-92.56521068456642,-92.56521068456642,-92.56521068456642,-92.56521068456642,0.0,0.0,0.0,1296.8997426781432
11143,2006-04-07,1389.6119513893339,1255.0827754376182,1338.8458785518242,1389.6119513893339,1389.6119513893339,-92.34028253620377,-92.34028253620377,-92.34028253620377,-92.34028253620377,-92.34028253620377,-92.34028253620377,0.0,0.0,0.0,1297.27166885313
11144,2006-04-10,1390.0529454692057,1258.5847164478432,1340.3587261596172,1390.0529454692057,1390.0529454692057,-91.6649192055583,-91.6649192055583,-91.6649192055583,-91.6649192055583,-91.6649192055583,-91.6649192055583,0.0,0.0,0.0,1298.3880262636474
11145,2006-04-11,1390.1999434958298,1257.5466673212131,1338.8391097126525,1390.1999434958298,1390.1999434958298,-91.43961600179536,-91.43961600179536,-91.43961600179536,-91.43961600179536,-91.43961600179536,-91.43961600179536,0.0,0.0,0.0,1298.7603274940343
11146,2006-04-12,1390.3469415224538,1257.7439711943027,1339.8673187774075,1390.3469415224536,1390.3469415224536,-91.21422720367964,-91.21422720367964,-91.21422720367964,-91.21422720367964,-91.21422720367964,-91.21422720367964,0.0,0.0,0.0,1299.132714318774
11147,2006-04-13,1390.4939395490778,1258.212906521204,1338.8133463846443,1390.4939395490778,1390.4939395490778,-90.98875609338587,-90.98875609338587,-90.98875609338587,-90.98875609338587,-90.98875609338587,-90.98875609338587,0.0,0.0,0.0,1299.5051834556918
11148,2006-04-17,1391.081931655574,1259.6458397967172,1343.0057977535841,1391.081931655574,1391.081931655574,-90.08611441602419,-90.08611441602419,-90.08611441602419,-90.08611441602419,-90.08611441602419,-90.08611441602419,0.0,0.0,0.0,1300.9958172395498
11149,2006-04-18,1391.228929682198,1261.190700775561,1344.8527987469106,1391.228929682198,1391.228929682198,-89.86028121796542,-89.86028121796542,-89.86028121796542,-89.86028121796542,-89.86028121796542,-89.86028121796542,0.0,0.0,0.0,1301.3686484642326
11150,2006-04-19,1391.375927708822,1258.9138857051282,1341.8326400839792,1391.375927708822,1391.375927708822,-89.63438554347633,-89.63438554347633,-89.63438554347633,-89.63438554347633,-89.63438554347633,-89.63438554347633,0.0,0.0,0.0,1301.7415421653457
11151,2006-04-20,1391.5229257354458,1257.6911904301735,1343.4264240733687,1391.5229257354458,1391.5229257354458,-89.40843072122597,-89.40843072122597,-89.40843072122597,-89.40843072122597,-89.40843072122597,-89.40843072122597,0.0,0.0,0.0,1302.1144950142198
11152,2006-04-21,1391.6699237620699,1260.7687008272437,1346.2165721790795,1391.6699237620699,1391.6699237620699,-89.18242008606154,-89.18242008606154,-89.18242008606154,-89.18242008606154,-89.18242008606154,-89.18242008606154,0.0,0.0,0.0,1302.4875036760084
11153,2006-04-24,1392.1109178419422,1262.1304469483748,1343.6616146848664,1392.1109178419422,1392.1109178419422,-88.50408674183342,-88.50408674183342,-88.50408674183342,-88.50408674183342,-88.50408674183342,-88.50408674183342,0.0,0.0,0.0,1303.6068311001088
11154,2006-04-25,1392.2579158685662,1262.3622525452688,1347.8547558466366,1392.2579158685662,1392.2579158685662,-88.27788632303749,-88.27788632303749,-88.27788632303749,-88.27788632303749,-88.27788632303749,-88.27788632303749,0.0,0.0,0.0,1303.9800295455286
11155,2006-04-26,1392.4049138951902,1263.529633612455,1346.8577725384066,1392.4049138951902,1392.4049138951902,-88.05164685420888,-88.05164685420888,-88.05164685420888,-88.05164685420888,-88.05164685420888,-88.05164685420888,0.0,0.0,0.0,1304.3532670409813
11156,2006-04-27,1392.551911921814,1263.329782850462,1348.5152485035205,1392.551911921814,1392.551911921814,-87.82537170483708,-87.82537170483708,-87.82537170483708,-87.82537170483708,-87.82537170483708,-87.82537170483708,0.0,0.0,0.0,1304.726540216977
11157,2006-04-28,1392.698909948438,1264.6013527270743,1347.132478346048,1392.698909948438,1392.698909948438,-87.599064249776,-87.599064249776,-87.599064249776,-87.599064249776,-87.599064249776,-87.599064249776,0.0,0.0,0.0,1305.0998456986622
11158,2006-05-01,1393.13990402831,1264.0155246562276,1347.4751933887067,1393.13990402831,1393.13990402831,-86.91998187702089,-86.91998187702089,-86.91998187702089,-86.91998187702089,-86.91998187702089,-86.91998187702089,0.0,0.0,0.0,1306.219922151289
11159,2006-05-02,1393.286902054934,1265.1200946939693,1349.705913218683,1393.286902054934,1393.286902054934,-86.69357905095349,-86.69357905095349,-86.69357905095349,-86.69357905095349,-86.69357905095349,-86.69357905095349,0.0,0.0,0.0,1306.5933230039805
11160,2006-05-03,1393.433900081558,1266.343169183509,1348.7167125289488,1393.433900081558,1393.433900081558,-86.46716086984834,-86.46716086984834,-86.46716086984834,-86.46716086984834,-86.46716086984834,-86.46716086984834,0.0,0.0,0.0,1306.9667392117096
11161,2006-05-04,1393.580898108182,1263.6379419788882,1349.4356870349527,1393.580898108182,1393.580898108182,-86.24073073829109,-86.24073073829109,-86.24073073829109,-86.24073073829109,-86.24073073829109,-86.24073073829109,0.0,0.0,0.0,1307.3401673698909
11162,2006-05-05,1393.7278961348059,1266.4686561233389,1350.5406391012039,1393.727896134806,1393.727896134806,-86.01429206540881,-86.01429206540881,-86.01429206540881,-86.01429206540881,-86.01429206540881,-86.01429206540881,0.0,0.0,0.0,1307.713604069397
11163,2006-05-08,1394.1688902146782,1264.9424860538445,1351.0509642904394,1394.168890214678,1394.168890214678,-85.33495895577086,-85.33495895577086,-85.33495895577086,-85.33495895577086,-85.33495895577086,-85.33495895577086,0.0,0.0,0.0,1308.8339312589073
11164,2006-05-09,1394.3158882413022,1270.0813966810815,1348.5723792149208,1394.3158882413022,1394.3158882413022,-85.10852029561384,-85.10852029561384,-85.10852029561384,-85.10852029561384,-85.10852029561384,-85.10852029561384,0.0,0.0,0.0,1309.2073679456885
11165,2006-05-10,1394.4628862679263,1266.4953068106156,1348.6655350354617,1394.4628862679263,1394.4628862679263,-84.88209020379826,-84.88209020379826,-84.88209020379826,-84.88209020379826,-84.88209020379826,-84.88209020379826,0.0,0.0,0.0,1309.580796064128
11166,2006-05-11,1394.6098842945503,1268.1389967122145,1349.0102707323858,1394.6098842945503,1394.6098842945503,-84.65567211423638,-84.65567211423638,-84.65567211423638,-84.65567211423638,-84.65567211423638,-84.65567211423638,0.0,0.0,0.0,1309.9542121803138
11167,2006-05-12,1394.756882321174,1267.5125875651665,1349.1870164576076,1394.756882321174,1394.756882321174,-84.4292694645555,-84.4292694645555,-84.4292694645555,-84.4292694645555,-84.4292694645555,-84.4292694645555,0.0,0.0,0.0,1310.3276128566185
11168,2006-05-15,1395.1978764010464,1266.107745214708,1353.5726905160816,1395.1978764010464,1395.1978764010464,-83.7501885843407,-83.7501885843407,-83.7501885843407,-83.7501885843407,-83.7501885843407,-83.7501885843407,0.0,0.0,0.0,1311.4476878167056
11169,2006-05-16,1395.3448744276704,1268.1820209102204,1353.5673323792273,1395.3448744276704,1395.3448744276704,-83.52388214064916,-83.52388214064916,-83.52388214064916,-83.52388214064916,-83.52388214064916,-83.52388214064916,0.0,0.0,0.0,1311.8209922870212
11170,2006-05-17,1395.4918724542945,1270.350055110558,1350.0984381392805,1395.4918724542945,1395.4918724542945,-83.29760837658117,-83.29760837658117,-83.29760837658117,-83.29760837658117,-83.29760837658117,-83.29760837658117,0.0,0.0,0.0,1312.1942640777133
11171,2006-05-18,1395.6388704809185,1273.5626055460102,1356.775888513309,1395.6388704809185,1395.6388704809185,-83.07137074957244,-83.07137074957244,-83.07137074957244,-83.07137074957244,-83.07137074957244,-83.07137074957244,0.0,0.0,0.0,1312.567499731346
11172,2006-05-19,1395.7858685075423,1274.5759338669334,1356.096667463701,1395.7858685075423,1395.7858685075423,-82.84517271994848,-82.84517271994848,-82.84517271994848,-82.84517271994848,-82.84517271994848,-82.84517271994848,0.0,0.0,0.0,1312.9406957875938
11173,2006-05-22,1396.2268625874146,1271.5819485698903,1356.1591809662534,1396.2268625874146,1396.2268625874146,-82.16685085940836,-82.16685085940836,-82.16685085940836,-82.16685085940836,-82.16685085940836,-82.16685085940836,0.0,0.0,0.0,1314.0600117280062
11174,2006-05-23,1396.3738606140387,1269.0959509468162,1353.9493570794634,1396.3738606140387,1396.3738606140387,-81.94084587611258,-81.94084587611258,-81.94084587611258,-81.94084587611258,-81.94084587611258,-81.94084587611258,0.0,0.0,0.0,1314.433014737926
11175,2006-05-24,1396.5208586406627,1274.195634986977,1357.1352771700122,1396.5208586406625,1396.5208586406625,-81.71489783094658,-81.71489783094658,-81.71489783094658,-81.71489783094658,-81.71489783094658,-81.71489783094658,0.0,0.0,0.0,1314.8059608097162
11176,2006-05-25,1396.6678566672865,1274.6648790097622,1357.1268562788362,1396.6678566672865,1396.6678566672865,-81.48901019904947,-81.48901019904947,-81.48901019904947,-81.48901019904947,-81.48901019904947,-81.48901019904947,0.0,0.0,0.0,1315.178846468237
11177,2006-05-26,1396.8148546939105,1277.874393910647,1354.4369548054524,1396.8148546939105,1396.8148546939105,-81.26318645761752,-81.26318645761752,-81.26318645761752,-81.26318645761752,-81.26318645761752,-81.26318645761752,0.0,0.0,0.0,1315.551668236293
11178,2006-05-30,1397.4028468004065,1277.4563469840898,1359.5076579839092,1397.4028468004065,1397.4028468004065,-80.3606000055908,-80.3606000055908,-80.3606000055908,-80.3606000055908,-80.3606000055908,-80.3606000055908,0.0,0.0,0.0,1317.0422467948156
11179,2006-05-31,1397.5498448270305,1275.6796933790874,1361.7108542262713,1397.5498448270305,1397.5498448270305,-80.135147937904,-80.135147937904,-80.135147937904,-80.135147937904,-80.135147937904,-80.135147937904,0.0,0.0,0.0,1317.4146968891264
11180,2006-06-01,1397.6968428536545,1276.3564256808675,1359.1112012925528,1397.6968428536545,1397.6968428536545,-79.90978066028471,-79.90978066028471,-79.90978066028471,-79.90978066028471,-79.90978066028471,-79.90978066028471,0.0,0.0,0.0,1317.7870621933698
11181,2006-06-02,1397.8438408802785,1274.8157219968455,1360.4099162399575,1397.8438408802785,1397.8438408802785,-79.68450166096405,-79.68450166096405,-79.68450166096405,-79.68450166096405,-79.68450166096405,-79.68450166096405,0.0,0.0,0.0,1318.1593392193145
11182,2006-06-05,1398.2848349601506,1279.1953458737053,1358.7448910026565,1398.2848349601506,1398.2848349601506,-79.00922923085989,-79.00922923085989,-79.00922923085989,-79.00922923085989,-79.00922923085989,-79.00922923085989,0.0,0.0,0.0,1319.2756057292909
11183,2006-06-06,1398.4318329867747,1279.998962266095,1363.761921094492,1398.4318329867747,1398.4318329867747,-78.78433824722899,-78.78433824722899,-78.78433824722899,-78.78433824722899,-78.78433824722899,-78.78433824722899,0.0,0.0,0.0,1319.6474947395457
11184,2006-06-07,1398.5788310133987,1278.2665725421978,1360.985003013549,1398.5788310133987,1398.5788310133987,-78.55955299715754,-78.55955299715754,-78.55955299715754,-78.55955299715754,-78.55955299715754,-78.55955299715754,0.0,0.0,0.0,1320.019278016241
11185,2006-06-08,1398.7258290400227,1278.0155779192578,1361.6759392565318,1398.7258290400227,1398.7258290400227,-78.33487697368571,-78.33487697368571,-78.33487697368571,-78.33487697368571,-78.33487697368571,-78.33487697368571,0.0,0.0,0.0,1320.390952066337
11186,2006-06-09,1398.872827066647,1281.4018718677612,1362.9634239376155,1398.872827066647,1398.872827066647,-78.11031367024319,-78.11031367024319,-78.11031367024319,-78.11031367024319,-78.11031367024319,-78.11031367024319,0.0,0.0,0.0,1320.7625133964038
11187,2006-06-12,1399.3138211465189,1280.8859798797355,1363.654014423257,1399.3138211465189,1399.3138211465189,-77.43733501764981,-77.43733501764981,-77.43733501764981,-77.43733501764981,-77.43733501764981,-77.43733501764981,0.0,0.0,0.0,1321.8764861288691
11188,2006-06-13,1399.460819173143,1283.4756162827439,1365.1481464769672,1399.460819173143,1399.460819173143,-77.21325753214863,-77.21325753214863,-77.21325753214863,-77.21325753214863,-77.21325753214863,-77.21325753214863,0.0,0.0,0.0,1322.2475616409943
11189,2006-06-14,1399.607817199767,1279.4883321204568,1364.3186971835498,1399.607817199767,1399.607817199767,-76.98931023543965,-76.98931023543965,-76.98931023543965,-76.98931023543965,-76.98931023543965,-76.98931023543965,0.0,0.0,0.0,1322.6185069643273
11190,2006-06-15,1399.754815226391,1283.217437842676,1366.6571118943311,1399.754815226391,1399.754815226391,-76.76549662076683,-76.76549662076683,-76.76549662076683,-76.76549662076683,-76.76549662076683,-76.76549662076683,0.0,0.0,0.0,1322.9893186056242
11191,2006-06-16,1399.9018132530148,1282.345971841921,1366.4314773838546,1399.901813253015,1399.901813253015,-76.54182018093286,-76.54182018093286,-76.54182018093286,-76.54182018093286,-76.54182018093286,-76.54182018093286,0.0,0.0,0.0,1323.359993072082
11192,2006-06-19,1400.3428073328869,1279.851991885152,1364.115614972118,1400.3428073328869,1400.3428073328869,-75.87164882928381,-75.87164882928381,-75.87164882928381,-75.87164882928381,-75.87164882928381,-75.87164882928381,0.0,0.0,0.0,1324.471158503603
11193,2006-06-20,1400.4898053595107,1282.7047931879974,1364.97327412543,1400.4898053595107,1400.4898053595107,-75.6485560037424,-75.6485560037424,-75.6485560037424,-75.6485560037424,-75.6485560037424,-75.6485560037424,0.0,0.0,0.0,1324.8412493557682
11194,2006-06-21,1400.6368033861352,1282.8488783124426,1368.3279618674794,1400.6368033861352,1400.6368033861352,-75.42561780620841,-75.42561780620841,-75.42561780620841,-75.42561780620841,-75.42561780620841,-75.42561780620841,0.0,0.0,0.0,1325.2111855799267
11195,2006-06-22,1400.7838014127592,1286.760343067024,1365.5543625224614,1400.7838014127592,1400.7838014127592,-75.20283772432275,-75.20283772432275,-75.20283772432275,-75.20283772432275,-75.20283772432275,-75.20283772432275,0.0,0.0,0.0,1325.5809636884364
11196,2006-06-23,1400.930799439383,1285.7480042765346,1366.813017217355,1400.930799439383,1400.930799439383,-74.98021924445285,-74.98021924445285,-74.98021924445285,-74.98021924445285,-74.98021924445285,-74.98021924445285,0.0,0.0,0.0,1325.9505801949301
11197,2006-06-26,1401.371793519255,1285.3897567841773,1369.8461170508717,1401.371793519255,1401.371793519255,-74.31336825901602,-74.31336825901602,-74.31336825901602,-74.31336825901602,-74.31336825901602,-74.31336825901602,0.0,0.0,0.0,1327.0584252602391
11198,2006-06-27,1401.518791545879,1287.946961593425,1369.1221661325676,1401.518791545879,1401.518791545879,-74.0914310212729,-74.0914310212729,-74.0914310212729,-74.0914310212729,-74.0914310212729,-74.0914310212729,0.0,0.0,0.0,1327.427360524606
11199,2006-06-28,1401.665789572503,1285.4359844456278,1367.409748317853,1401.665789572503,1401.665789572503,-73.86967279414853,-73.86967279414853,-73.86967279414853,-73.86967279414853,-73.86967279414853,-73.86967279414853,0.0,0.0,0.0,1327.7961167783544
11200,2006-06-29,1401.812787599127,1287.532349526506,1370.6862765875514,1401.8127875991272,1401.8127875991272,-73.64809705389632,-73.64809705389632,-73.64809705389632,-73.64809705389632,-73.64809705389632,-73.64809705389632,0.0,0.0,0.0,1328.1646905452308
11201,2006-06-30,1401.959785625751,1287.8892058325705,1367.0012216178595,1401.959785625751,1401.959785625751,-73.42670727467406,-73.42670727467406,-73.42670727467406,-73.42670727467406,-73.42670727467406,-73.42670727467406,0.0,0.0,0.0,1328.533078351077
11202,2006-07-03,1402.4007797056233,1290.7952099134627,1373.6038460003401,1402.4007797056233,1402.4007797056233,-72.76368841081712,-72.76368841081712,-72.76368841081712,-72.76368841081712,-72.76368841081712,-72.76368841081712,0.0,0.0,0.0,1329.6370912948062
11203,2006-07-05,1402.6947757588712,1287.5425093177769,1370.0281955435455,1402.6947757588712,1402.6947757588712,-72.32266922790949,-72.32266922790949,-72.32266922790949,-72.32266922790949,-72.32266922790949,-72.32266922790949,0.0,0.0,0.0,1330.3721065309617
11204,2006-07-06,1402.8417737854954,1287.8906662117608,1370.723301073549,1402.8417737854954,1402.8417737854954,-72.10246803996942,-72.10246803996942,-72.10246803996942,-72.10246803996942,-72.10246803996942,-72.10246803996942,0.0,0.0,0.0,1330.739305745526
11205,2006-07-07,1402.9887718121195,1291.0712361161543,1373.602026633882,1402.9887718121195,1402.9887718121195,-71.88247706362225,-71.88247706362225,-71.88247706362225,-71.88247706362225,-71.88247706362225,-71.88247706362225,0.0,0.0,0.0,1331.1062947484972
11206,2006-07-10,1403.4297658919913,1289.1863577512158,1370.9429500245787,1403.4297658919913,1403.4297658919913,-71.2237999200583,-71.2237999200583,-71.2237999200583,-71.2237999200583,-71.2237999200583,-71.2237999200583,0.0,0.0,0.0,1332.205965971933
11207,2006-07-11,1403.5767639186154,1293.2535165580873,1376.0837527988351,1403.5767639186154,1403.5767639186154,-71.00468428981976,-71.00468428981976,-71.00468428981976,-71.00468428981976,-71.00468428981976,-71.00468428981976,0.0,0.0,0.0,1332.5720796287956
11208,2006-07-12,1403.7237619452394,1288.6302863180729,1374.1023226364891,1403.7237619452394,1403.7237619452394,-70.7857961044487,-70.7857961044487,-70.7857961044487,-70.7857961044487,-70.7857961044487,-70.7857961044487,0.0,0.0,0.0,1332.9379658407906
11209,2006-07-13,1403.8707599718634,1290.8616624057845,1377.8881445482507,1403.8707599718634,1403.8707599718634,-70.56713880024043,-70.56713880024043,-70.56713880024043,-70.56713880024043,-70.56713880024043,-70.56713880024043,0.0,0.0,0.0,1333.303621171623
11210,2006-07-14,1404.0177579984875,1289.701326443198,1376.9058701542888,1404.0177579984875,1404.0177579984875,-70.34871580976771,-70.34871580976771,-70.34871580976771,-70.34871580976771,-70.34871580976771,-70.34871580976771,0.0,0.0,0.0,1333.6690421887197
11211,2006-07-17,1404.4587520783593,1290.9670037497294,1375.7977262053882,1404.4587520783593,1404.4587520783593,-69.69488698820835,-69.69488698820835,-69.69488698820835,-69.69488698820835,-69.69488698820835,-69.69488698820835,0.0,0.0,0.0,1334.763865090151
11212,2006-07-18,1404.6057501049834,1293.829053916881,1376.3523523137526,1404.6057501049834,1404.6057501049834,-69.47743549991081,-69.47743549991081,-69.47743549991081,-69.47743549991081,-69.47743549991081,-69.47743549991081,0.0,0.0,0.0,1335.1283146050725
11213,2006-07-19,1404.7527481316072,1292.4694602661718,1378.2180490493347,1404.7527481316072,1404.7527481316072,-69.26023542834666,-69.26023542834666,-69.26023542834666,-69.26023542834666,-69.26023542834666,-69.26023542834666,0.0,0.0,0.0,1335.4925127032604
11214,2006-07-20,1404.8997461582312,1294.57426485033,1379.5416232393168,1404.8997461582312,1404.8997461582312,-69.04329018134544,-69.04329018134544,-69.04329018134544,-69.04329018134544,-69.04329018134544,-69.04329018134544,0.0,0.0,0.0,1335.8564559768859
11215,2006-07-21,1405.0467441848555,1291.6136117386422,1381.48068743073,1405.0467441848555,1405.0467441848555,-68.82660316221454,-68.82660316221454,-68.82660316221454,-68.82660316221454,-68.82660316221454,-68.82660316221454,0.0,0.0,0.0,1336.220141022641
11216,2006-07-24,1405.4877382647276,1294.2081276701276,1375.8656818593918,1405.4877382647276,1405.4877382647276,-68.1781254348563,-68.1781254348563,-68.1781254348563,-68.1781254348563,-68.1781254348563,-68.1781254348563,0.0,0.0,0.0,1337.3096128298712
11217,2006-07-25,1405.6347362913516,1297.8608272998617,1376.7688875209735,1405.6347362913516,1405.6347362913516,-67.9625052658252,-67.9625052658252,-67.9625052658252,-67.9625052658252,-67.9625052658252,-67.9625052658252,0.0,0.0,0.0,1337.6722310255263
11218,2006-07-26,1405.7817343179754,1297.2086132726238,1378.5766744353336,1405.7817343179754,1405.7817343179754,-67.74716026937877,-67.74716026937877,-67.74716026937877,-67.74716026937877,-67.74716026937877,-67.74716026937877,0.0,0.0,0.0,1338.0345740485966
11219,2006-07-27,1405.9287323445994,1295.0235089581602,1379.4640421646745,1405.9287323445994,1405.9287323445994,-67.53209381930957,-67.53209381930957,-67.53209381930957,-67.53209381930957,-67.53209381930957,-67.53209381930957,0.0,0.0,0.0,1338.39663852529
11220,2006-07-28,1406.0757303712235,1300.1128116075338,1382.7281986494604,1406.0757303712235,1406.0757303712235,-67.31730928409732,-67.31730928409732,-67.31730928409732,-67.31730928409732,-67.31730928409732,-67.31730928409732,0.0,0.0,0.0,1338.7584210871262
11221,2006-07-31,1406.5167244510958,1296.8826542244042,1382.6044465309162,1406.5167244510958,1406.5167244510958,-66.67468077032811,-66.67468077032811,-66.67468077032811,-66.67468077032811,-66.67468077032811,-66.67468077032811,0.0,0.0,0.0,1339.8420436807678
11222,2006-08-01,1406.6637224777196,1298.300107468051,1382.596852257741,1406.6637224777196,1406.6637224777196,-66.46105746914782,-66.46105746914782,-66.46105746914782,-66.46105746914782,-66.46105746914782,-66.46105746914782,0.0,0.0,0.0,1340.2026650085718
11223,2006-08-02,1406.8107205043436,1299.2534480805305,1384.8854593555402,1406.8107205043436,1406.8107205043436,-66.24773284161,-66.24773284161,-66.24773284161,-66.24773284161,-66.24773284161,-66.24773284161,0.0,0.0,0.0,1340.5629876627336
11224,2006-08-03,1406.9577185309677,1299.7768028278213,1384.0282937692418,1406.9577185309677,1406.9577185309677,-66.03471022197485,-66.03471022197485,-66.03471022197485,-66.03471022197485,-66.03471022197485,-66.03471022197485,0.0,0.0,0.0,1340.9230083089928
11225,2006-08-04,1407.1047165575917,1300.4349242124183,1385.1177296411242,1407.1047165575917,1407.1047165575917,-65.82199293840851,-65.82199293840851,-65.82199293840851,-65.82199293840851,-65.82199293840851,-65.82199293840851,0.0,0.0,0.0,1341.2827236191831
11226,2006-08-07,1407.545710637464,1302.1562947756727,1379.4982557320704,1407.545710637464,1407.545710637464,-65.18570629211031,-65.18570629211031,-65.18570629211031,-65.18570629211031,-65.18570629211031,-65.18570629211031,0.0,0.0,0.0,1342.3600043453537
11227,2006-08-08,1407.6927086640878,1300.249493658847,1382.8228560798204,1407.6927086640878,1407.6927086640878,-64.97424350881332,-64.97424350881332,-64.97424350881332,-64.97424350881332,-64.97424350881332,-64.97424350881332,0.0,0.0,0.0,1342.7184651552745
11228,2006-08-09,1407.8397066907119,1301.1230382674858,1383.898568342124,1407.8397066907119,1407.8397066907119,-64.76310260720318,-64.76310260720318,-64.76310260720318,-64.76310260720318,-64.76310260720318,-64.76310260720318,0.0,0.0,0.0,1343.0766040835088
11229,2006-08-10,1407.986704717336,1302.8734130785547,1383.1672444469796,1407.9867047173361,1407.9867047173361,-64.55228687659697,-64.55228687659697,-64.55228687659697,-64.55228687659697,-64.55228687659697,-64.55228687659697,0.0,0.0,0.0,1343.434417840739
11230,2006-08-11,1408.13370274396,1300.4264114401476,1382.206776014685,1408.13370274396,1408.13370274396,-64.34179959945033,-64.34179959945033,-64.34179959945033,-64.34179959945033,-64.34179959945033,-64.34179959945033,0.0,0.0,0.0,1343.7919031445097
11231,2006-08-14,1408.5746968238318,1305.6071712217115,1388.391741925919,1408.5746968238318,1408.5746968238318,-63.712341208235756,-63.712341208235756,-63.712341208235756,-63.712341208235756,-63.712341208235756,-63.712341208235756,0.0,0.0,0.0,1344.862355615596
11232,2006-08-15,1408.7216948504558,1303.2980967562,1388.9065051845741,1408.7216948504558,1408.7216948504558,-63.503200428596664,-63.503200428596664,-63.503200428596664,-63.503200428596664,-63.503200428596664,-63.503200428596664,0.0,0.0,0.0,1345.218494421859
11233,2006-08-16,1408.8686928770796,1305.712787433332,1386.5799891505367,1408.8686928770796,1408.8686928770796,-63.294404408078286,-63.294404408078286,-63.294404408078286,-63.294404408078286,-63.294404408078286,-63.294404408078286,0.0,0.0,0.0,1345.5742884690014
11234,2006-08-17,1409.0156909037037,1306.1058795782126,1389.0760540064157,1409.0156909037037,1409.0156909037037,-63.08595638573731,-63.08595638573731,-63.08595638573731,-63.08595638573731,-63.08595638573731,-63.08595638573731,0.0,0.0,0.0,1345.9297345179664
11235,2006-08-18,1409.1626889303277,1299.8588420360645,1387.6300377154025,1409.1626889303277,1409.1626889303277,-62.87785959301855,-62.87785959301855,-62.87785959301855,-62.87785959301855,-62.87785959301855,-62.87785959301855,0.0,0.0,0.0,1346.2848293373092
11236,2006-08-21,1409.6036830102,1305.6932798621126,1387.9795074042913,1409.6036830102,1409.6036830102,-62.255708790721435,-62.255708790721435,-62.255708790721435,-62.255708790721435,-62.255708790721435,-62.255708790721435,0.0,0.0,0.0,1347.3479742194786
11237,2006-08-22,1409.750681036824,1306.5219541033252,1390.1383447590567,1409.750681036824,1409.750681036824,-62.0490490750926,-62.0490490750926,-62.0490490750926,-62.0490490750926,-62.0490490750926,-62.0490490750926,0.0,0.0,0.0,1347.7016319617314
11238,2006-08-23,1409.8976790634479,1304.981444277897,1391.1556559920866,1409.8976790634479,1409.8976790634479,-61.84275662849428,-61.84275662849428,-61.84275662849428,-61.84275662849428,-61.84275662849428,-61.84275662849428,0.0,0.0,0.0,1348.0549224349536
11239,2006-08-24,1410.0446770900724,1308.7483471242292,1391.93192027347,1410.0446770900724,1410.0446770900724,-61.63683463450903,-61.63683463450903,-61.63683463450903,-61.63683463450903,-61.63683463450903,-61.63683463450903,0.0,0.0,0.0,1348.4078424555632
11240,2006-08-25,1410.1916751166962,1304.1503214109064,1390.5526134214074,1410.1916751166962,1410.1916751166962,-61.431286268371544,-61.431286268371544,-61.431286268371544,-61.431286268371544,-61.431286268371544,-61.431286268371544,0.0,0.0,0.0,1348.7603888483245
11241,2006-08-28,1410.6326691965683,1307.092888943269,1388.4233015736584,1410.6326691965683,1410.6326691965683,-60.816914562078296,-60.816914562078296,-60.816914562078296,-60.816914562078296,-60.816914562078296,-60.816914562078296,0.0,0.0,0.0,1349.81575463449
11242,2006-08-29,1410.7796672231923,1308.3700000059775,1388.6421568360981,1410.7796672231923,1410.7796672231923,-60.61289228919209,-60.61289228919209,-60.61289228919209,-60.61289228919209,-60.61289228919209,-60.61289228919209,0.0,0.0,0.0,1350.1667749340002
11243,2006-08-30,1410.926665249816,1308.5250861680695,1394.1412289514603,1410.926665249816,1410.926665249816,-60.40925939155333,-60.40925939155333,-60.40925939155333,-60.40925939155333,-60.40925939155333,-60.40925939155333,0.0,0.0,0.0,1350.5174058582627
11244,2006-08-31,1411.0736632764401,1308.8199871785664,1391.4735307316632,1411.0736632764401,1411.0736632764401,-60.206018992164545,-60.206018992164545,-60.206018992164545,-60.206018992164545,-60.206018992164545,-60.206018992164545,0.0,0.0,0.0,1350.8676442842757
11245,2006-09-01,1411.2206613030642,1313.2665029538475,1394.394116193276,1411.2206613030642,1411.2206613030642,-60.00317420496663,-60.00317420496663,-60.00317420496663,-60.00317420496663,-60.00317420496663,-60.00317420496663,0.0,0.0,0.0,1351.2174870980975
11246,2006-09-05,1411.8086534095603,1309.4531917107556,1393.2082706937802,1411.8086534095605,1411.8086534095605,-59.19581313399158,-59.19581313399158,-59.19581313399158,-59.19581313399158,-59.19581313399158,-59.19581313399158,0.0,0.0,0.0,1352.6128402755687
11247,2006-09-06,1411.9556514361843,1311.0539506798598,1396.10267364724,1411.9556514361843,1411.9556514361843,-58.994992792546086,-58.994992792546086,-58.994992792546086,-58.994992792546086,-58.994992792546086,-58.994992792546086,0.0,0.0,0.0,1352.9606586436382
11248,2006-09-07,1412.1026494628084,1311.4378189420806,1391.7668406872044,1412.1026494628084,1412.1026494628084,-58.794586550943684,-58.794586550943684,-58.794586550943684,-58.794586550943684,-58.794586550943684,-58.794586550943684,0.0,0.0,0.0,1353.3080629118647
11249,2006-09-08,1412.2496474894324,1313.0029103765235,1394.0121717189722,1412.2496474894324,1412.2496474894324,-58.59459745686245,-58.59459745686245,-58.59459745686245,-58.59459745686245,-58.59459745686245,-58.59459745686245,0.0,0.0,0.0,1353.65505003257
11250,2006-09-11,1412.6906415693043,1315.6079559366117,1399.2172136384547,1412.6906415693043,1412.6906415693043,-57.997163387967895,-57.997163387967895,-57.997163387967895,-57.997163387967895,-57.997163387967895,-57.997163387967895,0.0,0.0,0.0,1354.6934781813363
11251,2006-09-12,1412.8376395959283,1311.5561637832197,1395.78989983724,1412.8376395959283,1412.8376395959283,-57.79887316198869,-57.79887316198869,-57.79887316198869,-57.79887316198869,-57.79887316198869,-57.79887316198869,0.0,0.0,0.0,1355.0387664339396
11252,2006-09-13,1412.9846376225523,1314.5411381766394,1396.2212344907512,1412.9846376225523,1412.9846376225523,-57.60101517199363,-57.60101517199363,-57.60101517199363,-57.60101517199363,-57.60101517199363,-57.60101517199363,0.0,0.0,0.0,1355.3836224505587
11253,2006-09-14,1413.1316356491761,1312.743171726714,1394.2716657176518,1413.1316356491761,1413.1316356491761,-57.40359240500694,-57.40359240500694,-57.40359240500694,-57.40359240500694,-57.40359240500694,-57.40359240500694,0.0,0.0,0.0,1355.7280432441692
11254,2006-09-15,1413.2786336758002,1314.560257857669,1399.2825628586395,1413.2786336758002,1413.2786336758002,-57.206607837605716,-57.206607837605716,-57.206607837605716,-57.206607837605716,-57.206607837605716,-57.206607837605716,0.0,0.0,0.0,1356.0720258381943
11255,2006-09-18,1413.7196277556725,1318.297699632828,1397.1829998759554,1413.7196277556727,1413.7196277556727,-56.61831293994682,-56.61831293994682,-56.61831293994682,-56.61831293994682,-56.61831293994682,-56.61831293994682,0.0,0.0,0.0,1357.1013148157256
11256,2006-09-19,1413.8666257822965,1316.5474564573833,1397.2226530611251,1413.8666257822965,1413.8666257822965,-56.423110724338315,-56.423110724338315,-56.423110724338315,-56.423110724338315,-56.423110724338315,-56.423110724338315,0.0,0.0,0.0,1357.4435150579582
11257,2006-09-20,1414.0136238089208,1314.2956303576761,1400.2131989695238,1414.0136238089208,1414.0136238089208,-56.22836143112894,-56.22836143112894,-56.22836143112894,-56.22836143112894,-56.22836143112894,-56.22836143112894,0.0,0.0,0.0,1357.785262377792
11258,2006-09-21,1414.1606218355448,1316.8925409729454,1398.1214632090084,1414.1606218355446,1414.1606218355446,-56.03406797220337,-56.03406797220337,-56.03406797220337,-56.03406797220337,-56.03406797220337,-56.03406797220337,0.0,0.0,0.0,1358.1265538633415
11259,2006-09-22,1414.3076198621688,1315.0663682512586,1400.3933704524131,1414.3076198621688,1414.3076198621688,-55.84023324833655,-55.84023324833655,-55.84023324833655,-55.84023324833655,-55.84023324833655,-55.84023324833655,0.0,0.0,0.0,1358.4673866138323
11260,2006-09-25,1414.7486139420407,1317.1923537642265,1400.7507400041127,1414.7486139420407,1414.7486139420407,-55.26151032620952,-55.26151032620952,-55.26151032620952,-55.26151032620952,-55.26151032620952,-55.26151032620952,0.0,0.0,0.0,1359.4871036158313
11261,2006-09-26,1414.8956119686648,1319.503559101634,1400.5854061204782,1414.8956119686648,1414.8956119686648,-55.06953932484364,-55.06953932484364,-55.06953932484364,-55.06953932484364,-55.06953932484364,-55.06953932484364,0.0,0.0,0.0,1359.8260726438211
11262,2006-09-27,1415.0426099952886,1318.598524424447,1403.142628839173,1415.0426099952886,1415.0426099952886,-54.878041392494,-54.878041392494,-54.878041392494,-54.878041392494,-54.878041392494,-54.878041392494,0.0,0.0,0.0,1360.1645686027946
11263,2006-09-28,1415.1896080219126,1319.60900940924,1399.4328056441611,1415.1896080219126,1415.1896080219126,-54.68701936132631,-54.68701936132631,-54.68701936132631,-54.68701936132631,-54.68701936132631,-54.68701936132631,0.0,0.0,0.0,1360.5025886605863
11264,2006-09-29,1415.3366060485366,1318.37039318767,1401.6856655876982,1415.3366060485366,1415.3366060485366,-54.49647605175465,-54.49647605175465,-54.49647605175465,-54.49647605175465,-54.49647605175465,-54.49647605175465,0.0,0.0,0.0,1360.840129996782
11265,2006-10-02,1415.7776001284085,1320.3290794023494,1401.9359219720238,1415.7776001284085,1415.7776001284085,-53.927746478553374,-53.927746478553374,-53.927746478553374,-53.927746478553374,-53.927746478553374,-53.927746478553374,0.0,0.0,0.0,1361.849853649855
11266,2006-10-03,1415.9245981550325,1320.533187673242,1404.233383463104,1415.9245981550325,1415.9245981550325,-53.739146021281705,-53.739146021281705,-53.739146021281705,-53.739146021281705,-53.739146021281705,-53.739146021281705,0.0,0.0,0.0,1362.185452133751
11267,2006-10-04,1416.0715961816566,1320.8079909294422,1402.5340482728861,1416.0715961816566,1416.0715961816566,-53.551038208232185,-53.551038208232185,-53.551038208232185,-53.551038208232185,-53.551038208232185,-53.551038208232185,0.0,0.0,0.0,1362.5205579734243
11268,2006-10-05,1416.2185942082808,1320.2484084601892,1402.293139148831,1416.2185942082808,1416.2185942082808,-53.36342578742123,-53.36342578742123,-53.36342578742123,-53.36342578742123,-53.36342578742123,-53.36342578742123,0.0,0.0,0.0,1362.8551684208596
11269,2006-10-06,1416.3655922349049,1324.1202714188246,1403.6238117838702,1416.3655922349049,1416.3655922349049,-53.17631149449308,-53.17631149449308,-53.17631149449308,-53.17631149449308,-53.17631149449308,-53.17631149449308,0.0,0.0,0.0,1363.1892807404117
11270,2006-10-09,1416.8065863147767,1321.6867387633793,1405.5758868627024,1416.8065863147767,1416.8065863147767,-52.61798455201124,-52.61798455201124,-52.61798455201124,-52.61798455201124,-52.61798455201124,-52.61798455201124,0.0,0.0,0.0,1364.1886017627655
11271,2006-10-10,1416.9535843414008,1323.729081258658,1408.208042231759,1416.9535843414008,1416.9535843414008,-52.43288987654139,-52.43288987654139,-52.43288987654139,-52.43288987654139,-52.43288987654139,-52.43288987654139,0.0,0.0,0.0,1364.5206944648594
11272,2006-10-11,1417.1005823680248,1324.284204491754,1406.7439578770998,1417.1005823680248,1417.1005823680248,-52.248306818540705,-52.248306818540705,-52.248306818540705,-52.248306818540705,-52.248306818540705,-52.248306818540705,0.0,0.0,0.0,1364.8522755494841
11273,2006-10-12,1417.2475803946486,1322.932797004883,1405.4192129202388,1417.2475803946486,1417.2475803946486,-52.06423803760217,-52.06423803760217,-52.06423803760217,-52.06423803760217,-52.06423803760217,-52.06423803760217,0.0,0.0,0.0,1365.1833423570465
11274,2006-10-13,1417.394578421273,1324.8390138139346,1407.6718854974229,1417.394578421273,1417.394578421273,-51.88068618034992,-51.88068618034992,-51.88068618034992,-51.88068618034992,-51.88068618034992,-51.88068618034992,0.0,0.0,0.0,1365.5138922409233
11275,2006-10-16,1417.835572501145,1326.0476173013108,1409.1787035269433,1417.835572501145,1417.835572501145,-51.33315842060548,-51.33315842060548,-51.33315842060548,-51.33315842060548,-51.33315842060548,-51.33315842060548,0.0,0.0,0.0,1366.5024140805394
11276,2006-10-17,1417.982570527769,1328.4573196735857,1408.4010345572874,1417.982570527769,1417.982570527769,-51.15170046197844,-51.15170046197844,-51.15170046197844,-51.15170046197844,-51.15170046197844,-51.15170046197844,0.0,0.0,0.0,1366.8308700657906
11277,2006-10-18,1418.129568554393,1327.670552943033,1411.5846294954993,1418.129568554393,1418.129568554393,-50.97077246267347,-50.97077246267347,-50.97077246267347,-50.97077246267347,-50.97077246267347,-50.97077246267347,0.0,0.0,0.0,1367.1587960917195
11278,2006-10-19,1418.2765665810168,1327.4902309415872,1409.3843940053216,1418.2765665810168,1418.2765665810168,-50.790376989748594,-50.790376989748594,-50.790376989748594,-50.790376989748594,-50.790376989748594,-50.790376989748594,0.0,0.0,0.0,1367.4861895912682
11279,2006-10-20,1418.4235646076413,1327.0979089374134,1406.875619136748,1418.4235646076413,1418.4235646076413,-50.61051659671848,-50.61051659671848,-50.61051659671848,-50.61051659671848,-50.61051659671848,-50.61051659671848,0.0,0.0,0.0,1367.8130480109228
11280,2006-10-23,1418.8645586875132,1326.4577048349092,1410.8272453628608,1418.8645586875132,1418.8645586875132,-50.07417122727211,-50.07417122727211,-50.07417122727211,-50.07417122727211,-50.07417122727211,-50.07417122727211,0.0,0.0,0.0,1368.7903874602412
11281,2006-10-24,1419.0115567141372,1328.0209003731095,1409.4779945880457,1419.0115567141372,1419.0115567141372,-49.89647641526086,-49.89647641526086,-49.89647641526086,-49.89647641526086,-49.89647641526086,-49.89647641526086,0.0,0.0,0.0,1369.1150802988764
11282,2006-10-25,1419.1585547407612,1326.2104481104677,1409.2921659272301,1419.1585547407612,1419.1585547407612,-49.719329244751854,-49.719329244751854,-49.719329244751854,-49.719329244751854,-49.719329244751854,-49.719329244751854,0.0,0.0,0.0,1369.4392254960094
11283,2006-10-26,1419.305552767385,1330.2843147983308,1409.280152185778,1419.305552767385,1419.305552767385,-49.54273218632514,-49.54273218632514,-49.54273218632514,-49.54273218632514,-49.54273218632514,-49.54273218632514,0.0,0.0,0.0,1369.76282058106
11284,2006-10-27,1419.452550794009,1328.4353786638499,1411.1925276484226,1419.4525507940093,1419.4525507940093,-49.366687696468176,-49.366687696468176,-49.366687696468176,-49.366687696468176,-49.366687696468176,-49.366687696468176,0.0,0.0,0.0,1370.0858630975408
11285,2006-10-30,1419.893544873881,1330.4293856925333,1410.5640923890114,1419.893544873881,1419.893544873881,-48.841893990158994,-48.841893990158994,-48.841893990158994,-48.841893990158994,-48.841893990158994,-48.841893990158994,0.0,0.0,0.0,1371.051650883722
11286,2006-10-31,1420.040542900505,1330.264132326133,1410.6649828641348,1420.040542900505,1420.040542900505,-48.66808405489156,-48.66808405489156,-48.66808405489156,-48.66808405489156,-48.66808405489156,-48.66808405489156,0.0,0.0,0.0,1371.3724588456134
11287,2006-11-01,1420.187540927129,1332.401775897894,1414.6196026257396,1420.187540927129,1420.187540927129,-48.49483875655508,-48.49483875655508,-48.49483875655508,-48.49483875655508,-48.49483875655508,-48.49483875655508,0.0,0.0,0.0,1371.692702170574
11288,2006-11-02,1420.334538953753,1332.9801083585448,1414.8766546836557,1420.334538953753,1420.334538953753,-48.322160465482405,-48.322160465482405,-48.322160465482405,-48.322160465482405,-48.322160465482405,-48.322160465482405,0.0,0.0,0.0,1372.0123784882705
11289,2006-11-03,1420.4815369803769,1331.4430495172564,1414.1385428055605,1420.4815369803769,1420.4815369803769,-48.150051537391334,-48.150051537391334,-48.150051537391334,-48.150051537391334,-48.150051537391334,-48.150051537391334,0.0,0.0,0.0,1372.3314854429855
11290,2006-11-06,1420.9225310602492,1332.2964899694844,1410.899729599256,1420.9225310602492,1420.9225310602492,-47.637164267371126,-47.637164267371126,-47.637164267371126,-47.637164267371126,-47.637164267371126,-47.637164267371126,0.0,0.0,0.0,1373.285366792878
11291,2006-11-07,1421.0695290868732,1330.6580370907595,1415.0720348779791,1421.0695290868732,1421.0695290868732,-47.46735605347052,-47.46735605347052,-47.46735605347052,-47.46735605347052,-47.46735605347052,-47.46735605347052,0.0,0.0,0.0,1373.6021730334028
11292,2006-11-08,1421.2165271134975,1334.3832743970606,1416.2149745119618,1421.2165271134975,1421.2165271134975,-47.298128759335924,-47.298128759335924,-47.298128759335924,-47.298128759335924,-47.298128759335924,-47.298128759335924,0.0,0.0,0.0,1373.9183983541616
11293,2006-11-09,1421.3635251401215,1330.1686059247518,1414.1787916607932,1421.3635251401215,1421.3635251401215,-47.129484651466655,-47.129484651466655,-47.129484651466655,-47.129484651466655,-47.129484651466655,-47.129484651466655,0.0,0.0,0.0,1374.234040488655
11294,2006-11-10,1421.5105231667455,1328.3838493465964,1413.4580748818219,1421.5105231667455,1421.5105231667455,-46.96142598124582,-46.96142598124582,-46.96142598124582,-46.96142598124582,-46.96142598124582,-46.96142598124582,0.0,0.0,0.0,1374.5490971854997
11295,2006-11-13,1421.9515172466174,1334.8136425920418,1417.6465844485685,1421.9515172466174,1421.9515172466174,-46.46078488214496,-46.46078488214496,-46.46078488214496,-46.46078488214496,-46.46078488214496,-46.46078488214496,0.0,0.0,0.0,1375.4907323644725
11296,2006-11-14,1422.0985152732414,1336.1032011952398,1415.0063464824218,1422.0985152732414,1422.0985152732414,-46.29509017165021,-46.29509017165021,-46.29509017165021,-46.29509017165021,-46.29509017165021,-46.29509017165021,0.0,0.0,0.0,1375.8034251015913
11297,2006-11-15,1422.2455132998655,1333.1457584936925,1415.6862981589104,1422.2455132998655,1422.2455132998655,-46.12999192659918,-46.12999192659918,-46.12999192659918,-46.12999192659918,-46.12999192659918,-46.12999192659918,0.0,0.0,0.0,1376.1155213732663
11298,2006-11-16,1422.3925113264893,1335.236326884469,1412.7262283136965,1422.392511326489,1422.392511326489,-45.96549230625359,-45.96549230625359,-45.96549230625359,-45.96549230625359,-45.96549230625359,-45.96549230625359,0.0,0.0,0.0,1376.4270190202358
11299,2006-11-17,1422.5395093531133,1337.1566671145629,1418.877249222484,1422.5395093531133,1422.5395093531133,-45.8015934542888,-45.8015934542888,-45.8015934542888,-45.8015934542888,-45.8015934542888,-45.8015934542888,0.0,0.0,0.0,1376.7379158988244
11300,2006-11-20,1422.9805034329856,1335.5343705256,1419.8097203121108,1422.9805034329856,1422.9805034329856,-45.31352271028868,-45.31352271028868,-45.31352271028868,-45.31352271028868,-45.31352271028868,-45.31352271028868,0.0,0.0,0.0,1377.666980722697
11301,2006-11-21,1423.1275014596097,1335.0467858432867,1420.112861694471,1423.1275014596097,1423.1275014596097,-45.152048054619456,-45.152048054619456,-45.152048054619456,-45.152048054619456,-45.152048054619456,-45.152048054619456,0.0,0.0,0.0,1377.9754534049903
11302,2006-11-22,1423.2744994862337,1333.8309562400823,1420.2545481639304,1423.2744994862337,1423.2744994862337,-44.99118464966102,-44.99118464966102,-44.99118464966102,-44.99118464966102,-44.99118464966102,-44.99118464966102,0.0,0.0,0.0,1378.2833148365726
11303,2006-11-24,1423.5684955394815,1338.5896517682434,1420.4114686764933,1423.5684955394815,1423.5684955394815,-44.6712997710935,-44.6712997710935,-44.6712997710935,-44.6712997710935,-44.6712997710935,-44.6712997710935,0.0,0.0,0.0,1378.897195768388
11304,2006-11-27,1424.0094896193534,1341.295622625627,1420.1488061582777,1424.0094896193534,1424.0094896193534,-44.19610753163377,-44.19610753163377,-44.19610753163377,-44.19610753163377,-44.19610753163377,-44.19610753163377,0.0,0.0,0.0,1379.8133820877197
11305,2006-11-28,1424.1564876459774,1336.2795475591483,1423.6986401320364,1424.1564876459774,1424.1564876459774,-44.038954092831645,-44.038954092831645,-44.038954092831645,-44.038954092831645,-44.038954092831645,-44.038954092831645,0.0,0.0,0.0,1380.117533553146
11306,2006-11-29,1424.3034856726015,1340.0107104083506,1423.7907680756996,1424.3034856726013,1424.3034856726013,-43.88242590768805,-43.88242590768805,-43.88242590768805,-43.88242590768805,-43.88242590768805,-43.88242590768805,0.0,0.0,0.0,1380.4210597649135
11307,2006-11-30,1424.4504836992255,1339.0367221083634,1422.0640223721468,1424.4504836992255,1424.4504836992255,-43.72652491154573,-43.72652491154573,-43.72652491154573,-43.72652491154573,-43.72652491154573,-43.72652491154573,0.0,0.0,0.0,1380.7239587876797
11308,2006-12-01,1424.5974817258498,1334.0009997843895,1419.4918068248887,1424.5974817258498,1424.5974817258498,-43.57125302330284,-43.57125302330284,-43.57125302330284,-43.57125302330284,-43.57125302330284,-43.57125302330284,0.0,0.0,0.0,1381.0262287025469
11309,2006-12-04,1425.0384758057216,1338.0008395121647,1422.1472394475563,1425.0384758057216,1425.0384758057216,-43.109230947101246,-43.109230947101246,-43.109230947101246,-43.109230947101246,-43.109230947101246,-43.109230947101246,0.0,0.0,0.0,1381.9292448586205
11310,2006-12-05,1425.1854738323461,1340.7196289036424,1425.6546470824112,1425.1854738323461,1425.1854738323461,-42.95649434857107,-42.95649434857107,-42.95649434857107,-42.95649434857107,-42.95649434857107,-42.95649434857107,0.0,0.0,0.0,1382.228979483775
11311,2006-12-06,1425.33247185897,1340.8924303957713,1424.29110718236,1425.33247185897,1425.33247185897,-42.804396203791846,-42.804396203791846,-42.804396203791846,-42.804396203791846,-42.804396203791846,-42.804396203791846,0.0,0.0,0.0,1382.528075655178
11312,2006-12-07,1425.479469885594,1338.2666358012202,1423.0022839988378,1425.479469885594,1425.479469885594,-42.652938331817815,-42.652938331817815,-42.652938331817815,-42.652938331817815,-42.652938331817815,-42.652938331817815,0.0,0.0,0.0,1382.8265315537762
11313,2006-12-08,1425.626467912218,1344.5187261262704,1425.9724391739755,1425.6264679122182,1425.6264679122182,-42.502122534872136,-42.502122534872136,-42.502122534872136,-42.502122534872136,-42.502122534872136,-42.502122534872136,0.0,0.0,0.0,1383.124345377346
11314,2006-12-11,1426.0674619920899,1342.831153793221,1427.849232911782,1426.0674619920899,1426.0674619920899,-42.05354536287702,-42.05354536287702,-42.05354536287702,-42.05354536287702,-42.05354536287702,-42.05354536287702,0.0,0.0,0.0,1384.0139166292129
11315,2006-12-12,1426.214460018714,1343.1203519362768,1427.584752955845,1426.214460018714,1426.214460018714,-41.90531554982708,-41.90531554982708,-41.90531554982708,-41.90531554982708,-41.90531554982708,-41.90531554982708,0.0,0.0,0.0,1384.3091444688869
11316,2006-12-13,1426.361458045338,1345.2300103284429,1424.3802251749744,1426.361458045338,1426.361458045338,-41.75773656863133,-41.75773656863133,-41.75773656863133,-41.75773656863133,-41.75773656863133,-41.75773656863133,0.0,0.0,0.0,1384.6037214767066
11317,2006-12-14,1426.508456071962,1341.0624899841632,1426.7268389863648,1426.508456071962,1426.508456071962,-41.61081011943781,-41.61081011943781,-41.61081011943781,-41.61081011943781,-41.61081011943781,-41.61081011943781,0.0,0.0,0.0,1384.8976459525243
11318,2006-12-15,1426.6554540985858,1343.9538285379174,1427.3919216317304,1426.6554540985858,1426.6554540985858,-41.46453788520635,-41.46453788520635,-41.46453788520635,-41.46453788520635,-41.46453788520635,-41.46453788520635,0.0,0.0,0.0,1385.1909162133795
11319,2006-12-18,1427.0964481784579,1346.6387882847644,1428.6301480217749,1427.0964481784579,1427.0964481784579,-41.02966304305231,-41.02966304305231,-41.02966304305231,-41.02966304305231,-41.02966304305231,-41.02966304305231,0.0,0.0,0.0,1386.0667851354056
11320,2006-12-19,1427.2434462050821,1345.181859292929,1429.2389618081788,1427.2434462050821,1427.2434462050821,-40.886024152820504,-40.886024152820504,-40.886024152820504,-40.886024152820504,-40.886024152820504,-40.886024152820504,0.0,0.0,0.0,1386.3574220522617
11321,2006-12-20,1427.3904442317062,1347.6491753374714,1427.9079796733354,1427.3904442317062,1427.3904442317062,-40.743047632848715,-40.743047632848715,-40.743047632848715,-40.743047632848715,-40.743047632848715,-40.743047632848715,0.0,0.0,0.0,1386.6473965988575
11322,2006-12-21,1427.5374422583302,1345.6201233037896,1429.0001121255273,1427.5374422583304,1427.5374422583304,-40.600735061966994,-40.600735061966994,-40.600735061966994,-40.600735061966994,-40.600735061966994,-40.600735061966994,0.0,0.0,0.0,1386.9367071963632
11323,2006-12-22,1427.684440284954,1347.0075932345535,1426.906744112639,1427.684440284954,1427.684440284954,-40.45908800148937,-40.45908800148937,-40.45908800148937,-40.45908800148937,-40.45908800148937,-40.45908800148937,0.0,0.0,0.0,1387.2253522834646
11324,2006-12-26,1428.27243239145,1348.3346285976395,1431.9540342802252,1428.27243239145,1428.27243239145,-39.89918547439745,-39.89918547439745,-39.89918547439745,-39.89918547439745,-39.89918547439745,-39.89918547439745,0.0,0.0,0.0,1388.3732469170525
11325,2006-12-27,1428.419430418074,1348.8044834391399,1432.2299385971316,1428.419430418074,1428.419430418074,-39.760888769536564,-39.760888769536564,-39.760888769536564,-39.760888769536564,-39.760888769536564,-39.760888769536564,0.0,0.0,0.0,1388.6585416485373
11326,2006-12-28,1428.5664284446982,1347.4079765579686,1431.7542467442786,1428.566428444698,1428.566428444698,-39.623266572693105,-39.623266572693105,-39.623266572693105,-39.623266572693105,-39.623266572693105,-39.623266572693105,0.0,0.0,0.0,1388.943161872005
11327,2006-12-29,1428.7134264713222,1348.5935491668736,1430.9849355616873,1428.7134264713222,1428.7134264713222,-39.48632032136184,-39.48632032136184,-39.48632032136184,-39.48632032136184,-39.48632032136184,-39.48632032136184,0.0,0.0,0.0,1389.2271061499605
11328,2007-01-03,1429.4484166044426,1350.4681385092902,1432.7545427931864,1429.4484166044426,1429.4484166044426,-38.81177730780579,-38.81177730780579,-38.81177730780579,-38.81177730780579,-38.81177730780579,-38.81177730780579,0.0,0.0,0.0,1390.6366392966368
11329,2007-01-04,1429.5954146310664,1350.7267792903326,1432.327635783411,1429.5954146310664,1429.5954146310664,-38.67891591443484,-38.67891591443484,-38.67891591443484,-38.67891591443484,-38.67891591443484,-38.67891591443484,0.0,0.0,0.0,1390.9164987166316
11330,2007-01-05,1429.7424126576905,1351.331202692504,1430.3746766904526,1429.7424126576905,1429.7424126576905,-38.54674002698108,-38.54674002698108,-38.54674002698108,-38.54674002698108,-38.54674002698108,-38.54674002698108,0.0,0.0,0.0,1391.1956726307094
11331,2007-01-08,1430.1834067375623,1350.0370820299113,1434.677462072012,1430.1834067375623,1430.1834067375623,-38.1543382453161,-38.1543382453161,-38.1543382453161,-38.1543382453161,-38.1543382453161,-38.1543382453161,0.0,0.0,0.0,1392.0290684922463
11332,2007-01-09,1430.3304047641864,1348.1571056847718,1431.9579391378525,1430.3304047641864,1430.3304047641864,-38.024917135827764,-38.024917135827764,-38.024917135827764,-38.024917135827764,-38.024917135827764,-38.024917135827764,0.0,0.0,0.0,1392.3054876283586
11333,2007-01-10,1430.4774027908104,1353.4022604408622,1433.1892244398412,1430.4774027908102,1430.4774027908102,-37.89618781839052,-37.89618781839052,-37.89618781839052,-37.89618781839052,-37.89618781839052,-37.89618781839052,0.0,0.0,0.0,1392.58121497242
11334,2007-01-11,1430.6244008174344,1352.430556751486,1434.4379362084303,1430.6244008174344,1430.6244008174344,-37.76815149550788,-37.76815149550788,-37.76815149550788,-37.76815149550788,-37.76815149550788,-37.76815149550788,0.0,0.0,0.0,1392.8562493219265
11335,2007-01-12,1430.7713988440582,1349.1116347216941,1433.2719755257926,1430.7713988440582,1430.7713988440582,-37.6408093513639,-37.6408093513639,-37.6408093513639,-37.6408093513639,-37.6408093513639,-37.6408093513639,0.0,0.0,0.0,1393.1305894926943
11336,2007-01-16,1431.3593909505544,1348.4535265746822,1436.0428571076347,1431.3593909505544,1431.3593909505544,-37.138405603038315,-37.138405603038315,-37.138405603038315,-37.138405603038315,-37.138405603038315,-37.138405603038315,0.0,0.0,0.0,1394.220985347516
11337,2007-01-17,1431.5063889771782,1350.0825680954888,1435.5844443007707,1431.5063889771782,1431.5063889771782,-37.0145514721021,-37.0145514721021,-37.0145514721021,-37.0145514721021,-37.0145514721021,-37.0145514721021,0.0,0.0,0.0,1394.491837505076
11338,2007-01-18,1431.6533870038027,1352.1939634265018,1435.3940829070445,1431.6533870038027,1431.6533870038027,-36.891398238642736,-36.891398238642736,-36.891398238642736,-36.891398238642736,-36.891398238642736,-36.891398238642736,0.0,0.0,0.0,1394.76198876516
11339,2007-01-19,1431.8003850304265,1352.2082339994815,1437.5014305172429,1431.8003850304265,1431.8003850304265,-36.76894695778174,-36.76894695778174,-36.76894695778174,-36.76894695778174,-36.76894695778174,-36.76894695778174,0.0,0.0,0.0,1395.0314380726447
11340,2007-01-22,1432.2413791102986,1354.403450798451,1438.7410101421472,1432.2413791102986,1432.2413791102986,-36.40581510361242,-36.40581510361242,-36.40581510361242,-36.40581510361242,-36.40581510361242,-36.40581510361242,0.0,0.0,0.0,1395.8355640066861
11341,2007-01-23,1432.3883771369228,1354.1495788698296,1435.4991222203596,1432.3883771369228,1432.3883771369228,-36.286181812983834,-36.286181812983834,-36.286181812983834,-36.286181812983834,-36.286181812983834,-36.286181812983834,0.0,0.0,0.0,1396.102195323939
11342,2007-01-24,1432.5353751635469,1354.6055299616078,1437.7441713385424,1432.5353751635469,1432.5353751635469,-36.16725547180132,-36.16725547180132,-36.16725547180132,-36.16725547180132,-36.16725547180132,-36.16725547180132,0.0,0.0,0.0,1396.3681196917455
11343,2007-01-25,1432.682373190171,1357.1964302861809,1437.2155747638353,1432.682373190171,1432.682373190171,-36.04903702350783,-36.04903702350783,-36.04903702350783,-36.04903702350783,-36.04903702350783,-36.04903702350783,0.0,0.0,0.0,1396.633336166663
11344,2007-01-26,1432.8293712167947,1352.895209339998,1437.0040586541556,1432.8293712167947,1432.8293712167947,-35.931527392846846,-35.931527392846846,-35.931527392846846,-35.931527392846846,-35.931527392846846,-35.931527392846846,0.0,0.0,0.0,1396.8978438239478
11345,2007-01-29,1433.2703652966668,1356.776734027595,1441.0200499197058,1433.2703652966668,1433.2703652966668,-35.583260373161,-35.583260373161,-35.583260373161,-35.583260373161,-35.583260373161,-35.583260373161,0.0,0.0,0.0,1397.6871049235058
11346,2007-01-30,1433.4173633232906,1355.7086320721787,1440.450166291132,1433.4173633232906,1433.4173633232906,-35.46859488573931,-35.46859488573931,-35.46859488573931,-35.46859488573931,-35.46859488573931,-35.46859488573931,0.0,0.0,0.0,1397.9487684375513
11347,2007-01-31,1433.5643613499146,1359.3780900284241,1440.217197061601,1433.5643613499146,1433.5643613499146,-35.35464255843826,-35.35464255843826,-35.35464255843826,-35.35464255843826,-35.35464255843826,-35.35464255843826,0.0,0.0,0.0,1398.2097187914765
11348,2007-02-01,1433.7113593765387,1358.830001689485,1440.219154735347,1433.7113593765387,1433.7113593765387,-35.24140420336699,-35.24140420336699,-35.24140420336699,-35.24140420336699,-35.24140420336699,-35.24140420336699,0.0,0.0,0.0,1398.4699551731717
11349,2007-02-02,1433.858357403163,1356.0757461706082,1438.5825899443971,1433.858357403163,1433.858357403163,-35.12888061379135,-35.12888061379135,-35.12888061379135,-35.12888061379135,-35.12888061379135,-35.12888061379135,0.0,0.0,0.0,1398.7294767893716
11350,2007-02-05,1434.299351483035,1357.7618213544629,1440.000189468971,1434.299351483035,1434.299351483035,-34.795606087709565,-34.795606087709565,-34.795606087709565,-34.795606087709565,-34.795606087709565,-34.795606087709565,0.0,0.0,0.0,1399.5037453953255
11351,2007-02-06,1434.4463495096588,1358.9819848153268,1440.9493978992086,1434.4463495096588,1434.4463495096588,-34.68594911533751,-34.68594911533751,-34.68594911533751,-34.68594911533751,-34.68594911533751,-34.68594911533751,0.0,0.0,0.0,1399.7604003943213
11352,2007-02-07,1434.5933475362829,1361.6168912675264,1444.5716392959757,1434.5933475362829,1434.5933475362829,-34.57701059156558,-34.57701059156558,-34.57701059156558,-34.57701059156558,-34.57701059156558,-34.57701059156558,0.0,0.0,0.0,1400.0163369447173
11353,2007-02-08,1434.740345562907,1362.4660457542188,1443.0782855377797,1434.740345562907,1434.740345562907,-34.46879119625706,-34.46879119625706,-34.46879119625706,-34.46879119625706,-34.46879119625706,-34.46879119625706,0.0,0.0,0.0,1400.2715543666498
11354,2007-02-09,1434.887343589531,1359.2342805947305,1439.4232176458565,1434.887343589531,1434.887343589531,-34.36129159032044,-34.36129159032044,-34.36129159032044,-34.36129159032044,-34.36129159032044,-34.36129159032044,0.0,0.0,0.0,1400.5260519992105
11355,2007-02-12,1435.3283376694028,1360.5256304078914,1442.0514164195886,1435.3283376694028,1435.3283376694028,-34.04311783324316,-34.04311783324316,-34.04311783324316,-34.04311783324316,-34.04311783324316,-34.04311783324316,0.0,0.0,0.0,1401.2852198361597
11356,2007-02-13,1435.4753356960268,1360.8153781024673,1440.5608756925976,1435.4753356960268,1435.4753356960268,-33.93850361434622,-33.93850361434622,-33.93850361434622,-33.93850361434622,-33.93850361434622,-33.93850361434622,0.0,0.0,0.0,1401.5368320816806
11357,2007-02-14,1435.6223337226506,1361.822259573377,1443.9071506036798,1435.6223337226506,1435.6223337226506,-33.834612204607666,-33.834612204607666,-33.834612204607666,-33.834612204607666,-33.834612204607666,-33.834612204607666,0.0,0.0,0.0,1401.7877215180429
11358,2007-02-15,1435.7693317492751,1362.064959169973,1445.0449482726815,1435.7693317492751,1435.7693317492751,-33.731444150952356,-33.731444150952356,-33.731444150952356,-33.731444150952356,-33.731444150952356,-33.731444150952356,0.0,0.0,0.0,1402.0378875983229
11359,2007-02-16,1435.916329775899,1360.4403947820801,1442.424096893953,1435.916329775899,1435.916329775899,-33.62899998126931,-33.62899998126931,-33.62899998126931,-33.62899998126931,-33.62899998126931,-33.62899998126931,0.0,0.0,0.0,1402.2873297946296
11360,2007-02-20,1436.5043218823953,1361.3703823882427,1440.921723320098,1436.5043218823953,1436.5043218823953,-33.22647203333309,-33.22647203333309,-33.22647203333309,-33.22647203333309,-33.22647203333309,-33.22647203333309,0.0,0.0,0.0,1403.2778498490622
11361,2007-02-21,1436.6513199090193,1364.2983707131216,1444.0647346367962,1436.6513199090193,1436.6513199090193,-33.12765453502902,-33.12765453502902,-33.12765453502902,-33.12765453502902,-33.12765453502902,-33.12765453502902,0.0,0.0,0.0,1403.5236653739903
11362,2007-02-22,1436.7983179356434,1360.0170957624928,1444.428988211855,1436.7983179356434,1436.7983179356434,-33.029563687837026,-33.029563687837026,-33.029563687837026,-33.029563687837026,-33.029563687837026,-33.029563687837026,0.0,0.0,0.0,1403.7687542478063
11363,2007-02-23,1436.9453159622672,1363.0221436981183,1447.2605797715273,1436.9453159622672,1436.9453159622672,-32.9321998861818,-32.9321998861818,-32.9321998861818,-32.9321998861818,-32.9321998861818,-32.9321998861818,0.0,0.0,0.0,1404.0131160760855
11364,2007-02-26,1437.3863100421393,1364.3108798058229,1446.9286521863783,1437.3863100421393,1437.3863100421393,-32.644474412339946,-32.644474412339946,-32.644474412339946,-32.644474412339946,-32.644474412339946,-32.644474412339946,0.0,0.0,0.0,1404.7418356297994
11365,2007-02-27,1437.533308068763,1361.3792484388812,1445.1866782807467,1437.533308068763,1437.533308068763,-32.55002235525145,-32.55002235525145,-32.55002235525145,-32.55002235525145,-32.55002235525145,-32.55002235525145,0.0,0.0,0.0,1404.9832857135116
11366,2007-02-28,1437.680306095387,1365.1264415813469,1446.3771064236462,1437.680306095387,1437.680306095387,-32.45629902941847,-32.45629902941847,-32.45629902941847,-32.45629902941847,-32.45629902941847,-32.45629902941847,0.0,0.0,0.0,1405.2240070659686
11367,2007-03-01,1437.8273041220111,1363.2375327039963,1447.835240169054,1437.8273041220111,1437.8273041220111,-32.363304714683494,-32.363304714683494,-32.363304714683494,-32.363304714683494,-32.363304714683494,-32.363304714683494,0.0,0.0,0.0,1405.4639994073277
11368,2007-03-02,1437.9743021486352,1362.735673270894,1444.5567795892473,1437.9743021486352,1437.9743021486352,-32.27103967178258,-32.27103967178258,-32.27103967178258,-32.27103967178258,-32.27103967178258,-32.27103967178258,0.0,0.0,0.0,1405.7032624768526
11369,2007-03-05,1438.4152962285075,1363.847974574505,1448.8876094718605,1438.4152962285075,1438.4152962285075,-31.99862249490784,-31.99862249490784,-31.99862249490784,-31.99862249490784,-31.99862249490784,-31.99862249490784,0.0,0.0,0.0,1406.4166737335997
11370,2007-03-06,1438.5622942551313,1368.3832704064969,1450.4428538197471,1438.5622942551313,1438.5622942551313,-31.909276764650855,-31.909276764650855,-31.909276764650855,-31.909276764650855,-31.909276764650855,-31.909276764650855,0.0,0.0,0.0,1406.6530174904804
11371,2007-03-07,1438.7092922817553,1364.3995702914992,1447.8382762456308,1438.7092922817553,1438.7092922817553,-31.82066132337325,-31.82066132337325,-31.82066132337325,-31.82066132337325,-31.82066132337325,-31.82066132337325,0.0,0.0,0.0,1406.888630958382
11372,2007-03-08,1438.8562903083794,1365.5958619798362,1449.9565672340018,1438.8562903083794,1438.8562903083794,-31.732776317207836,-31.732776317207836,-31.732776317207836,-31.732776317207836,-31.732776317207836,-31.732776317207836,0.0,0.0,0.0,1407.1235139911714
11373,2007-03-09,1439.0032883350034,1366.4203495485924,1447.5280954976922,1439.0032883350034,1439.0032883350034,-31.645621873193228,-31.645621873193228,-31.645621873193228,-31.645621873193228,-31.645621873193228,-31.645621873193228,0.0,0.0,0.0,1407.3576664618101
11374,2007-03-12,1439.4442824148753,1366.0258222241237,1447.3164474456069,1439.4442824148753,1439.4442824148753,-31.38854289817187,-31.38854289817187,-31.38854289817187,-31.38854289817187,-31.38854289817187,-31.38854289817187,0.0,0.0,0.0,1408.0557395167034
11375,2007-03-13,1439.5912804414993,1366.6606555680482,1451.4317502751942,1439.5912804414993,1439.5912804414993,-31.304311591483543,-31.304311591483543,-31.304311591483543,-31.304311591483543,-31.304311591483543,-31.304311591483543,0.0,0.0,0.0,1408.2869688500157
11376,2007-03-14,1439.7382784681236,1366.9647504478821,1447.0348624443575,1439.7382784681236,1439.7382784681236,-31.22081119593601,-31.22081119593601,-31.22081119593601,-31.22081119593601,-31.22081119593601,-31.22081119593601,0.0,0.0,0.0,1408.5174672721876
11377,2007-03-15,1439.8852764947476,1366.9842240729345,1451.075142647559,1439.8852764947476,1439.8852764947476,-31.138041724128225,-31.138041724128225,-31.138041724128225,-31.138041724128225,-31.138041724128225,-31.138041724128225,0.0,0.0,0.0,1408.7472347706193
11378,2007-03-16,1440.0322745213716,1368.1338030641284,1450.1015559866814,1440.0322745213716,1440.0322745213716,-31.056003169607486,-31.056003169607486,-31.056003169607486,-31.056003169607486,-31.056003169607486,-31.056003169607486,0.0,0.0,0.0,1408.9762713517641
11379,2007-03-19,1440.4732686012437,1367.5327395556185,1449.4508035299707,1440.4732686012435,1440.4732686012435,-30.814272659706855,-30.814272659706855,-30.814272659706855,-30.814272659706855,-30.814272659706855,-30.814272659706855,0.0,0.0,0.0,1409.658995941537
11380,2007-03-20,1440.6202666278677,1368.2541503678929,1452.9324244186973,1440.6202666278677,1440.6202666278677,-30.735157329152813,-30.735157329152813,-30.735157329152813,-30.735157329152813,-30.735157329152813,-30.735157329152813,0.0,0.0,0.0,1409.885109298715
11381,2007-03-21,1440.7672646544918,1367.788568755494,1449.4811977117665,1440.7672646544918,1440.7672646544918,-30.656772598213013,-30.656772598213013,-30.656772598213013,-30.656772598213013,-30.656772598213013,-30.656772598213013,0.0,0.0,0.0,1410.1104920562789
11382,2007-03-22,1440.9142626811158,1368.8487175553328,1453.4889753247612,1440.9142626811158,1440.9142626811158,-30.579118346341314,-30.579118346341314,-30.579118346341314,-30.579118346341314,-30.579118346341314,-30.579118346341314,0.0,0.0,0.0,1410.3351443347744
11383,2007-03-23,1441.0612607077398,1368.2649772402692,1452.7441671043346,1441.0612607077398,1441.0612607077398,-30.502194434016534,-30.502194434016534,-30.502194434016534,-30.502194434016534,-30.502194434016534,-30.502194434016534,0.0,0.0,0.0,1410.5590662737234
11384,2007-03-26,1441.5022547876117,1371.352279970197,1453.9554533870767,1441.5022547876117,1441.5022547876117,-30.275803054735395,-30.275803054735395,-30.275803054735395,-30.275803054735395,-30.275803054735395,-30.275803054735395,0.0,0.0,0.0,1411.2264517328763
11385,2007-03-27,1441.6492528142358,1370.330381475621,1450.34615319279,1441.6492528142358,1441.6492528142358,-30.201798726318103,-30.201798726318103,-30.201798726318103,-30.201798726318103,-30.201798726318103,-30.201798726318103,0.0,0.0,0.0,1411.4474540879175
11386,2007-03-28,1441.7962508408596,1369.7657039494463,1453.3985764830609,1441.7962508408596,1441.7962508408596,-30.128523755667825,-30.128523755667825,-30.128523755667825,-30.128523755667825,-30.128523755667825,-30.128523755667825,0.0,0.0,0.0,1411.6677270851917
11387,2007-03-29,1441.9432488674836,1369.3294001238737,1455.1085846502397,1441.9432488674838,1441.9432488674838,-30.05597788969674,-30.05597788969674,-30.05597788969674,-30.05597788969674,-30.05597788969674,-30.05597788969674,0.0,0.0,0.0,1411.8872709777868
11388,2007-03-30,1442.0902468941076,1371.1499540622835,1456.91840306505,1442.0902468941076,1442.0902468941076,-29.984160856445353,-29.984160856445353,-29.984160856445353,-29.984160856445353,-29.984160856445353,-29.984160856445353,0.0,0.0,0.0,1412.1060860376622
11389,2007-04-02,1442.5312409739795,1371.679938871744,1453.8986032471198,1442.5312409739795,1442.5312409739795,-29.773079750674,-29.773079750674,-29.773079750674,-29.773079750674,-29.773079750674,-29.773079750674,0.0,0.0,0.0,1412.7581612233055
11390,2007-04-03,1442.678239000604,1370.4017505675783,1456.237806071734,1442.678239000604,1442.678239000604,-29.70417495185016,-29.70417495185016,-29.70417495185016,-29.70417495185016,-29.70417495185016,-29.70417495185016,0.0,0.0,0.0,1412.974064048754
11391,2007-04-04,1442.8252370272278,1372.5611482492918,1454.2479556010485,1442.8252370272278,1442.8252370272278,-29.635997343471416,-29.635997343471416,-29.635997343471416,-29.635997343471416,-29.635997343471416,-29.635997343471416,0.0,0.0,0.0,1413.1892396837563
11392,2007-04-05,1442.9722350538518,1374.0837863851934,1452.876793339496,1442.9722350538518,1442.9722350538518,-29.568546540720178,-29.568546540720178,-29.568546540720178,-29.568546540720178,-29.568546540720178,-29.568546540720178,0.0,0.0,0.0,1413.4036885131316
11393,2007-04-09,1443.5602271603482,1377.47202519533,1455.5996313144956,1443.5602271603482,1443.5602271603482,-29.30600303420842,-29.30600303420842,-29.30600303420842,-29.30600303420842,-29.30600303420842,-29.30600303420842,0.0,0.0,0.0,1414.2542241261397
11394,2007-04-10,1443.707225186972,1374.9141137013394,1455.6936609045556,1443.707225186972,1443.707225186972,-29.242179832201774,-29.242179832201774,-29.242179832201774,-29.242179832201774,-29.242179832201774,-29.242179832201774,0.0,0.0,0.0,1414.4650453547702
11395,2007-04-11,1443.854223213596,1373.1651817724792,1456.263615912046,1443.854223213596,1443.854223213596,-29.179080734149807,-29.179080734149807,-29.179080734149807,-29.179080734149807,-29.179080734149807,-29.179080734149807,0.0,0.0,0.0,1414.675142479446
11396,2007-04-12,1444.00122124022,1375.0772940083739,1453.865208282799,1444.00122124022,1444.00122124022,-29.116705224524353,-29.116705224524353,-29.116705224524353,-29.116705224524353,-29.116705224524353,-29.116705224524353,0.0,0.0,0.0,1414.8845160156957
11397,2007-04-13,1444.148219266844,1374.3894812307012,1455.1652711313486,1444.148219266844,1444.148219266844,-29.055052769220865,-29.055052769220865,-29.055052769220865,-29.055052769220865,-29.055052769220865,-29.055052769220865,0.0,0.0,0.0,1415.0931664976233
11398,2007-04-16,1444.589213346716,1375.2897229461087,1459.7034978639695,1444.589213346716,1444.589213346716,-28.874428110060286,-28.874428110060286,-28.874428110060286,-28.874428110060286,-28.874428110060286,-28.874428110060286,0.0,0.0,0.0,1415.7147852366556
11399,2007-04-17,1444.73621137334,1377.605457182687,1459.3050170396698,1444.73621137334,1444.73621137334,-28.81566216034041,-28.81566216034041,-28.81566216034041,-28.81566216034041,-28.81566216034041,-28.81566216034041,0.0,0.0,0.0,1415.9205492129995
11400,2007-04-18,1444.883209399964,1376.2953179708427,1458.926474303176,1444.883209399964,1444.883209399964,-28.757616316663587,-28.757616316663587,-28.757616316663587,-28.757616316663587,-28.757616316663587,-28.757616316663587,0.0,0.0,0.0,1416.1255930833004
11401,2007-04-19,1445.0302074265883,1372.9040319317946,1458.9340912777757,1445.0302074265883,1445.0302074265883,-28.7002899340142,-28.7002899340142,-28.7002899340142,-28.7002899340142,-28.7002899340142,-28.7002899340142,0.0,0.0,0.0,1416.3299174925742
11402,2007-04-20,1445.1772054532123,1372.9368516152008,1453.1631390932548,1445.1772054532123,1445.1772054532123,-28.64368234899121,-28.64368234899121,-28.64368234899121,-28.64368234899121,-28.64368234899121,-28.64368234899121,0.0,0.0,0.0,1416.533523104221
11403,2007-04-23,1445.6181995330842,1376.7170710967061,1456.4442984013172,1445.6181995330842,1445.6181995330842,-28.478165470488566,-28.478165470488566,-28.478165470488566,-28.478165470488566,-28.478165470488566,-28.478165470488566,0.0,0.0,0.0,1417.1400340625955
11404,2007-04-24,1445.7651975597082,1375.8123637936237,1457.7308224205074,1445.7651975597082,1445.7651975597082,-28.424426075269967,-28.424426075269967,-28.424426075269967,-28.424426075269967,-28.424426075269967,-28.424426075269967,0.0,0.0,0.0,1417.3407714844382
11405,2007-04-25,1445.912195586332,1378.5615745027562,1459.6101649189222,1445.912195586332,1445.912195586332,-28.371401885926822,-28.371401885926822,-28.371401885926822,-28.371401885926822,-28.371401885926822,-28.371401885926822,0.0,0.0,0.0,1417.5407937004052
11406,2007-04-26,1446.059193612956,1377.2204179245387,1455.1934005880498,1446.059193612956,1446.059193612956,-28.319092129380575,-28.319092129380575,-28.319092129380575,-28.319092129380575,-28.319092129380575,-28.319092129380575,0.0,0.0,0.0,1417.7401014835755
11407,2007-04-27,1446.20619163958,1378.1621942113238,1461.4307805995838,1446.20619163958,1446.20619163958,-28.267496014385404,-28.267496014385404,-28.267496014385404,-28.267496014385404,-28.267496014385404,-28.267496014385404,0.0,0.0,0.0,1417.9386956251947
11408,2007-04-30,1446.647185719452,1375.5702201391473,1460.4965409955457,1446.647185719452,1446.647185719452,-28.116981334450728,-28.116981334450728,-28.116981334450728,-28.116981334450728,-28.116981334450728,-28.116981334450728,0.0,0.0,0.0,1418.5302043850013
11409,2007-05-01,1446.794183746076,1378.5006428462498,1459.5092040871116,1446.794183746076,1446.794183746076,-28.068231511048122,-28.068231511048122,-28.068231511048122,-28.068231511048122,-28.068231511048122,-28.068231511048122,0.0,0.0,0.0,1418.7259522350278
11410,2007-05-02,1446.9411817727002,1379.3802450250464,1456.956800720119,1446.9411817727002,1446.9411817727002,-28.020191101658142,-28.020191101658142,-28.020191101658142,-28.020191101658142,-28.020191101658142,-28.020191101658142,0.0,0.0,0.0,1418.920990671042
11411,2007-05-03,1447.0881797993243,1376.9277587846204,1459.7164507375924,1447.0881797993243,1447.0881797993243,-27.972859206758912,-27.972859206758912,-27.972859206758912,-27.972859206758912,-27.972859206758912,-27.972859206758912,0.0,0.0,0.0,1419.1153205925655
11412,2007-05-04,1447.2351778259483,1379.4133458996614,1461.4079063876386,1447.2351778259483,1447.2351778259483,-27.92623490890928,-27.92623490890928,-27.92623490890928,-27.92623490890928,-27.92623490890928,-27.92623490890928,0.0,0.0,0.0,1419.308942917039
11413,2007-05-07,1447.6761719058206,1378.6899415508706,1465.308501223206,1447.6761719058206,1447.6761719058206,-27.790598155235607,-27.790598155235607,-27.790598155235607,-27.790598155235607,-27.790598155235607,-27.790598155235607,0.0,0.0,0.0,1419.885573750585
11414,2007-05-08,1447.8231699324447,1380.0282988564722,1462.2604817183537,1447.8231699324447,1447.8231699324447,-27.746794714099238,-27.746794714099238,-27.746794714099238,-27.746794714099238,-27.746794714099238,-27.746794714099238,0.0,0.0,0.0,1420.0763752183454
11415,2007-05-09,1447.9701679590685,1378.4455783556564,1458.9297730358908,1447.9701679590685,1447.9701679590685,-27.70369401534297,-27.70369401534297,-27.70369401534297,-27.70369401534297,-27.70369401534297,-27.70369401534297,0.0,0.0,0.0,1420.2664739437255
11416,2007-05-10,1448.1171659856925,1380.5288817281184,1460.9861823402339,1448.1171659856923,1448.1171659856923,-27.661295034815765,-27.661295034815765,-27.661295034815765,-27.661295034815765,-27.661295034815765,-27.661295034815765,0.0,0.0,0.0,1420.4558709508767
11417,2007-05-11,1448.2641640123165,1377.801445958508,1461.5720424590547,1448.2641640123165,1448.2641640123165,-27.619596730721433,-27.619596730721433,-27.619596730721433,-27.619596730721433,-27.619596730721433,-27.619596730721433,0.0,0.0,0.0,1420.644567281595
11418,2007-05-14,1448.7051580921884,1378.917867463753,1461.6984833105444,1448.7051580921884,1448.7051580921884,-27.49869519526741,-27.49869519526741,-27.49869519526741,-27.49869519526741,-27.49869519526741,-27.49869519526741,0.0,0.0,0.0,1421.206462896921
11419,2007-05-15,1448.8521561188124,1381.361403634713,1460.582436920591,1448.8521561188124,1448.8521561188124,-27.459788827499306,-27.459788827499306,-27.459788827499306,-27.459788827499306,-27.459788827499306,-27.459788827499306,0.0,0.0,0.0,1421.3923672913131
11420,2007-05-16,1448.9991541454365,1380.299655507087,1465.4880815633044,1448.9991541454365,1448.9991541454365,-27.421577663974094,-27.421577663974094,-27.421577663974094,-27.421577663974094,-27.421577663974094,-27.421577663974094,0.0,0.0,0.0,1421.5775764814623
11421,2007-05-17,1449.1461521720603,1377.4872261821017,1464.0150015683053,1449.1461521720603,1449.1461521720603,-27.384060557913685,-27.384060557913685,-27.384060557913685,-27.384060557913685,-27.384060557913685,-27.384060557913685,0.0,0.0,0.0,1421.7620916141466
11422,2007-05-18,1449.2931501986843,1379.839926121921,1463.2638075227378,1449.2931501986843,1449.2931501986843,-27.347236345196166,-27.347236345196166,-27.347236345196166,-27.347236345196166,-27.347236345196166,-27.347236345196166,0.0,0.0,0.0,1421.945913853488
11423,2007-05-21,1449.7341442785566,1378.5685936261302,1463.8372827431037,1449.7341442785566,1449.7341442785566,-27.240909166670566,-27.240909166670566,-27.240909166670566,-27.240909166670566,-27.240909166670566,-27.240909166670566,0.0,0.0,0.0,1422.4932351118862
11424,2007-05-22,1449.8811423051807,1382.4164380408165,1462.8182564888505,1449.8811423051807,1449.8811423051807,-27.206844540815318,-27.206844540815318,-27.206844540815318,-27.206844540815318,-27.206844540815318,-27.206844540815318,0.0,0.0,0.0,1422.6742977643653
11425,2007-05-23,1450.0281403318047,1380.7857074382366,1465.4323795360729,1450.0281403318045,1450.0281403318045,-27.173466729132326,-27.173466729132326,-27.173466729132326,-27.173466729132326,-27.173466729132326,-27.173466729132326,0.0,0.0,0.0,1422.8546736026724
11426,2007-05-24,1450.1751383584285,1382.1992604270158,1465.448699124068,1450.1751383584285,1450.1751383584285,-27.140774464402714,-27.140774464402714,-27.140774464402714,-27.140774464402714,-27.140774464402714,-27.140774464402714,0.0,0.0,0.0,1423.0343638940258
11427,2007-05-25,1450.3221363850525,1379.5122842629921,1465.0599741272338,1450.3221363850525,1450.3221363850525,-27.10876646239096,-27.10876646239096,-27.10876646239096,-27.10876646239096,-27.10876646239096,-27.10876646239096,0.0,0.0,0.0,1423.2133699226615
11428,2007-05-29,1450.910128491549,1382.176464812699,1463.0159557555494,1450.910128491549,1450.910128491549,-26.98755080396424,-26.98755080396424,-26.98755080396424,-26.98755080396424,-26.98755080396424,-26.98755080396424,0.0,0.0,0.0,1423.9225776875846
11429,2007-05-30,1451.0571265181727,1381.9701753465488,1464.5100713084198,1451.0571265181727,1451.0571265181727,-26.958944259860655,-26.958944259860655,-26.958944259860655,-26.958944259860655,-26.958944259860655,-26.958944259860655,0.0,0.0,0.0,1424.0981822583121
11430,2007-05-31,1451.2041245447967,1381.3908365387463,1463.0292183859483,1451.2041245447967,1451.2041245447967,-26.93101391847559,-26.93101391847559,-26.93101391847559,-26.93101391847559,-26.93101391847559,-26.93101391847559,0.0,0.0,0.0,1424.273110626321
11431,2007-06-01,1451.3511225714208,1383.4730435680272,1467.9074921416222,1451.3511225714208,1451.3511225714208,-26.90375837785078,-26.90375837785078,-26.90375837785078,-26.90375837785078,-26.90375837785078,-26.90375837785078,0.0,0.0,0.0,1424.44736419357
11432,2007-06-04,1451.792116651293,1384.250053597033,1465.0101845744193,1451.792116651293,1451.792116651293,-26.826026292082435,-26.826026292082435,-26.826026292082435,-26.826026292082435,-26.826026292082435,-26.826026292082435,0.0,0.0,0.0,1424.9660903592107
11433,2007-06-05,1451.9391146779171,1383.675888024049,1469.54623430299,1451.9391146779171,1451.9391146779171,-26.801455603461097,-26.801455603461097,-26.801455603461097,-26.801455603461097,-26.801455603461097,-26.801455603461097,0.0,0.0,0.0,1425.137659074456
11434,2007-06-06,1452.086112704541,1382.8286629130835,1464.8299445605098,1452.086112704541,1452.086112704541,-26.77755245768654,-26.77755245768654,-26.77755245768654,-26.77755245768654,-26.77755245768654,-26.77755245768654,0.0,0.0,0.0,1425.3085602468543
11435,2007-06-07,1452.233110731165,1385.1317071041901,1467.220956415555,1452.233110731165,1452.233110731165,-26.754315353928995,-26.754315353928995,-26.754315353928995,-26.754315353928995,-26.754315353928995,-26.754315353928995,0.0,0.0,0.0,1425.4787953772359
11436,2007-06-08,1452.380108757789,1381.2817755852998,1467.7843377289005,1452.380108757789,1452.380108757789,-26.731742775070582,-26.731742775070582,-26.731742775070582,-26.731742775070582,-26.731742775070582,-26.731742775070582,0.0,0.0,0.0,1425.6483659827184
11437,2007-06-11,1452.8211028376609,1383.144448741339,1472.6039807918016,1452.8211028376609,1452.8211028376609,-26.667996773566614,-26.667996773566614,-26.667996773566614,-26.667996773566614,-26.667996773566614,-26.667996773566614,0.0,0.0,0.0,1426.1531060640943
11438,2007-06-12,1452.968100864285,1383.129435302571,1468.2957367336583,1452.968100864285,1452.968100864285,-26.64806679932887,-26.64806679932887,-26.64806679932887,-26.64806679932887,-26.64806679932887,-26.64806679932887,0.0,0.0,0.0,1426.320034064956
11439,2007-06-13,1453.115098890909,1383.1616799297738,1467.1419572657219,1453.115098890909,1453.115098890909,-26.62879352204985,-26.62879352204985,-26.62879352204985,-26.62879352204985,-26.62879352204985,-26.62879352204985,0.0,0.0,0.0,1426.4863053688591
11440,2007-06-14,1453.262096917533,1382.799271478619,1468.3639109289436,1453.262096917533,1453.262096917533,-26.610175328071705,-26.610175328071705,-26.610175328071705,-26.610175328071705,-26.610175328071705,-26.610175328071705,0.0,0.0,0.0,1426.6519215894614
11441,2007-06-15,1453.4090949441568,1386.3845736634148,1467.0953908321667,1453.409094944157,1453.409094944157,-26.59221058784856,-26.59221058784856,-26.59221058784856,-26.59221058784856,-26.59221058784856,-26.59221058784856,0.0,0.0,0.0,1426.8168843563083
11442,2007-06-18,1453.850089024029,1385.888977751255,1468.6258429082256,1453.8500890240293,1453.8500890240293,-26.542220557179718,-26.542220557179718,-26.542220557179718,-26.542220557179718,-26.542220557179718,-26.542220557179718,0.0,0.0,0.0,1427.3078684668494
11443,2007-06-19,1453.9970870506531,1386.6825220652277,1468.4317265213342,1453.9970870506531,1453.9970870506531,-26.526853020841738,-26.526853020841738,-26.526853020841738,-26.526853020841738,-26.526853020841738,-26.526853020841738,0.0,0.0,0.0,1427.4702340298113
11444,2007-06-20,1454.1440850772772,1386.1366185056777,1471.623226115867,1454.1440850772772,1454.1440850772772,-26.512130554297762,-26.512130554297762,-26.512130554297762,-26.512130554297762,-26.512130554297762,-26.512130554297762,0.0,0.0,0.0,1427.6319545229794
11445,2007-06-21,1454.291083103901,1390.264055122303,1469.063160174165,1454.291083103901,1454.291083103901,-26.498051433931863,-26.498051433931863,-26.498051433931863,-26.498051433931863,-26.498051433931863,-26.498051433931863,0.0,0.0,0.0,1427.7930316699692
11446,2007-06-22,1454.438081130525,1387.764852265069,1468.724950183708,1454.438081130525,1454.438081130525,-26.484613920663552,-26.484613920663552,-26.484613920663552,-26.484613920663552,-26.484613920663552,-26.484613920663552,0.0,0.0,0.0,1427.9534672098614
11447,2007-06-25,1454.8790752103973,1386.4150813641727,1467.370065113367,1454.8790752103973,1454.8790752103973,-26.448133401979188,-26.448133401979188,-26.448133401979188,-26.448133401979188,-26.448133401979188,-26.448133401979188,0.0,0.0,0.0,1428.430941808418
11448,2007-06-26,1455.0260732370214,1386.7070182103141,1470.8659665739387,1455.0260732370214,1455.0260732370214,-26.43724461919015,-26.43724461919015,-26.43724461919015,-26.43724461919015,-26.43724461919015,-26.43724461919015,0.0,0.0,0.0,1428.5888286178313
11449,2007-06-27,1455.1730712636454,1386.5132648066594,1471.7557574460016,1455.1730712636454,1455.1730712636454,-26.42698851831951,-26.42698851831951,-26.42698851831951,-26.42698851831951,-26.42698851831951,-26.42698851831951,0.0,0.0,0.0,1428.7460827453258
11450,2007-06-28,1455.3200692902692,1388.7542275380292,1467.821961915585,1455.3200692902692,1455.3200692902692,-26.417363268820743,-26.417363268820743,-26.417363268820743,-26.417363268820743,-26.417363268820743,-26.417363268820743,0.0,0.0,0.0,1428.9027060214485
11451,2007-06-29,1455.4670673168932,1386.7227806621381,1470.4958898346308,1455.4670673168932,1455.4670673168932,-26.40836702512788,-26.40836702512788,-26.40836702512788,-26.40836702512788,-26.40836702512788,-26.40836702512788,0.0,0.0,0.0,1429.0587002917653
11452,2007-07-02,1455.908061396765,1388.8699424273057,1471.0686305383365,1455.908061396765,1455.908061396765,-26.385133649298854,-26.385133649298854,-26.385133649298854,-26.385133649298854,-26.385133649298854,-26.385133649298854,0.0,0.0,0.0,1429.5229277474662
11453,2007-07-03,1456.0550594233896,1389.5020963699997,1468.605386764297,1456.0550594233896,1456.0550594233896,-26.37863467506445,-26.37863467506445,-26.37863467506445,-26.37863467506445,-26.37863467506445,-26.37863467506445,0.0,0.0,0.0,1429.6764247483252
11454,2007-07-05,1456.3490554766374,1387.9169066256009,1470.8348979151729,1456.3490554766374,1456.3490554766374,-26.36749345722842,-26.36749345722842,-26.36749345722842,-26.36749345722842,-26.36749345722842,-26.36749345722842,0.0,0.0,0.0,1429.981562019409
11455,2007-07-06,1456.4960535032615,1391.6917565643455,1470.466222555134,1456.4960535032615,1456.4960535032615,-26.36284733047383,-26.36284733047383,-26.36284733047383,-26.36284733047383,-26.36284733047383,-26.36284733047383,0.0,0.0,0.0,1430.1332061727876
11456,2007-07-09,1456.9370475831333,1388.061186673829,1471.6928628172,1456.9370475831333,1456.9370475831333,-26.35258327574913,-26.35258327574913,-26.35258327574913,-26.35258327574913,-26.35258327574913,-26.35258327574913,0.0,0.0,0.0,1430.5844643073842
11457,2007-07-10,1457.0840456097574,1389.4604984402463,1469.57759965724,1457.0840456097574,1457.0840456097574,-26.35038005907521,-26.35038005907521,-26.35038005907521,-26.35038005907521,-26.35038005907521,-26.35038005907521,0.0,0.0,0.0,1430.7336655506822
11458,2007-07-11,1457.2310436363814,1388.769235024903,1476.551072785951,1457.2310436363814,1457.2310436363814,-26.34878255405095,-26.34878255405095,-26.34878255405095,-26.34878255405095,-26.34878255405095,-26.34878255405095,0.0,0.0,0.0,1430.8822610823304
11459,2007-07-12,1457.3780416630054,1390.851644847084,1473.1194889396102,1457.3780416630054,1457.3780416630054,-26.347788725945414,-26.347788725945414,-26.347788725945414,-26.347788725945414,-26.347788725945414,-26.347788725945414,0.0,0.0,0.0,1431.03025293706
11460,2007-07-13,1457.5250396896292,1386.7378966870745,1473.5027019766576,1457.5250396896292,1457.5250396896292,-26.347396525959986,-26.347396525959986,-26.347396525959986,-26.347396525959986,-26.347396525959986,-26.347396525959986,0.0,0.0,0.0,1431.1776431636692
11461,2007-07-16,1457.9660337695013,1392.299385890833,1472.354518436404,1457.9660337695013,1457.9660337695013,-26.34980899720792,-26.34980899720792,-26.34980899720792,-26.34980899720792,-26.34980899720792,-26.34980899720792,0.0,0.0,0.0,1431.6162247722934
11462,2007-07-17,1458.1130317961256,1389.7214070807204,1477.78023121665,1458.1130317961256,1458.1130317961256,-26.3518025428456,-26.3518025428456,-26.3518025428456,-26.3518025428456,-26.3518025428456,-26.3518025428456,0.0,0.0,0.0,1431.76122925328
11463,2007-07-18,1458.2600298227496,1386.7321100626873,1471.8309637646025,1458.2600298227496,1458.2600298227496,-26.354387264086377,-26.354387264086377,-26.354387264086377,-26.354387264086377,-26.354387264086377,-26.354387264086377,0.0,0.0,0.0,1431.9056425586632
11464,2007-07-19,1458.4070278493737,1388.4154222838818,1472.5714021340048,1458.4070278493737,1458.4070278493737,-26.35756102922725,-26.35756102922725,-26.35756102922725,-26.35756102922725,-26.35756102922725,-26.35756102922725,0.0,0.0,0.0,1432.0494668201463
11465,2007-07-20,1458.5540258759975,1387.8109164745288,1475.294062342498,1458.5540258759975,1458.5540258759975,-26.36132169300192,-26.36132169300192,-26.36132169300192,-26.36132169300192,-26.36132169300192,-26.36132169300192,0.0,0.0,0.0,1432.1927041829956
11466,2007-07-23,1458.9950199558698,1391.8194246279081,1473.5427704362721,1458.9950199558698,1458.9950199558698,-26.376103421571187,-26.376103421571187,-26.376103421571187,-26.376103421571187,-26.376103421571187,-26.376103421571187,0.0,0.0,0.0,1432.6189165342987
11467,2007-07-24,1459.1420179824938,1391.7851448185463,1476.3163257420124,1459.1420179824938,1459.1420179824938,-26.38218995854363,-26.38218995854363,-26.38218995854363,-26.38218995854363,-26.38218995854363,-26.38218995854363,0.0,0.0,0.0,1432.7598280239501
11468,2007-07-25,1459.2890160091179,1389.5332845291866,1473.485898602449,1459.2890160091179,1459.2890160091179,-26.388852466963062,-26.388852466963062,-26.388852466963062,-26.388852466963062,-26.388852466963062,-26.388852466963062,0.0,0.0,0.0,1432.9001635421548
11469,2007-07-26,1459.4360140357417,1387.3500441447434,1474.6715704054366,1459.4360140357417,1459.4360140357417,-26.396088721744015,-26.396088721744015,-26.396088721744015,-26.396088721744015,-26.396088721744015,-26.396088721744015,0.0,0.0,0.0,1433.0399253139976
11470,2007-07-27,1459.5830120623657,1394.1028785627477,1472.7185535333367,1459.583012062366,1459.583012062366,-26.40389648476052,-26.40389648476052,-26.40389648476052,-26.40389648476052,-26.40389648476052,-26.40389648476052,0.0,0.0,0.0,1433.1791155776052
11471,2007-07-30,1460.0240061422378,1389.9597317145615,1474.5719947880011,1460.0240061422378,1460.0240061422378,-26.430726247969883,-26.430726247969883,-26.430726247969883,-26.430726247969883,-26.430726247969883,-26.430726247969883,0.0,0.0,0.0,1433.5932798942679
11472,2007-07-31,1460.1710041688616,1392.8545590824244,1475.1284274418858,1460.1710041688616,1460.1710041688616,-26.440797404545023,-26.440797404545023,-26.440797404545023,-26.440797404545023,-26.440797404545023,-26.440797404545023,0.0,0.0,0.0,1433.7302067643166
11473,2007-08-01,1460.3180021954856,1392.1287654403757,1476.512279370845,1460.3180021954856,1460.3180021954856,-26.45142868580425,-26.45142868580425,-26.45142868580425,-26.45142868580425,-26.45142868580425,-26.45142868580425,0.0,0.0,0.0,1433.8665735096813
11474,2007-08-02,1460.46500022211,1393.553674065923,1476.0878227343023,1460.46500022211,1460.46500022211,-26.46261777699281,-26.46261777699281,-26.46261777699281,-26.46261777699281,-26.46261777699281,-26.46261777699281,0.0,0.0,0.0,1434.002382445117
11475,2007-08-03,1460.611998248734,1394.0212438681672,1479.6273361595315,1460.611998248734,1460.611998248734,-26.47436235085576,-26.47436235085576,-26.47436235085576,-26.47436235085576,-26.47436235085576,-26.47436235085576,0.0,0.0,0.0,1434.1376358978782
11476,2007-08-06,1461.0529923286058,1390.7217185962445,1475.3581695981834,1461.0529923286058,1461.0529923286058,-26.51290551009483,-26.51290551009483,-26.51290551009483,-26.51290551009483,-26.51290551009483,-26.51290551009483,0.0,0.0,0.0,1434.5400868185109
11477,2007-08-07,1461.1999903552298,1390.3801418927023,1474.565947611048,1461.1999903552298,1461.1999903552298,-26.526848494863245,-26.526848494863245,-26.526848494863245,-26.526848494863245,-26.526848494863245,-26.526848494863245,0.0,0.0,0.0,1434.6731418603665
11478,2007-08-08,1461.3469883818539,1391.0261439395802,1475.75864480896,1461.3469883818539,1461.3469883818539,-26.54133514129234,-26.54133514129234,-26.54133514129234,-26.54133514129234,-26.54133514129234,-26.54133514129234,0.0,0.0,0.0,1434.8056532405615
11479,2007-08-09,1461.493986408478,1394.9537586140543,1473.611463829248,1461.4939864084781,1461.4939864084781,-26.556363048787464,-26.556363048787464,-26.556363048787464,-26.556363048787464,-26.556363048787464,-26.556363048787464,0.0,0.0,0.0,1434.9376233596904
11480,2007-08-10,1461.640984435102,1394.429711446274,1477.4496435822157,1461.640984435102,1461.640984435102,-26.57192980481028,-26.57192980481028,-26.57192980481028,-26.57192980481028,-26.57192980481028,-26.57192980481028,0.0,0.0,0.0,1435.0690546302917
11481,2007-08-13,1462.081978514974,1394.6165877575024,1476.874338437694,1462.081978514974,1462.081978514974,-26.621838861202516,-26.621838861202516,-26.621838861202516,-26.621838861202516,-26.621838861202516,-26.621838861202516,0.0,0.0,0.0,1435.4601396537714
11482,2007-08-14,1462.228976541598,1395.3393156899474,1477.8600710654798,1462.228976541598,1462.228976541598,-26.63953664990915,-26.63953664990915,-26.63953664990915,-26.63953664990915,-26.63953664990915,-26.63953664990915,0.0,0.0,0.0,1435.589439891689
11483,2007-08-15,1462.375974568222,1393.9985013050893,1476.0186491337188,1462.375974568222,1462.375974568222,-26.65776104813142,-26.65776104813142,-26.65776104813142,-26.65776104813142,-26.65776104813142,-26.65776104813142,0.0,0.0,0.0,1435.7182135200906
11484,2007-08-16,1462.5229725948461,1392.9038258182993,1478.3400212693284,1462.5229725948461,1462.5229725948461,-26.676509573373657,-26.676509573373657,-26.676509573373657,-26.676509573373657,-26.676509573373657,-26.676509573373657,0.0,0.0,0.0,1435.8464630214726
11485,2007-08-17,1462.6699706214704,1393.746550906234,1475.4184717265748,1462.6699706214704,1462.6699706214704,-26.695779731767757,-26.695779731767757,-26.695779731767757,-26.695779731767757,-26.695779731767757,-26.695779731767757,0.0,0.0,0.0,1435.9741908897026
11486,2007-08-20,1463.1109647013423,1395.1560377893948,1478.91803953258,1463.1109647013423,1463.1109647013423,-26.756694898332302,-26.756694898332302,-26.756694898332302,-26.756694898332302,-26.756694898332302,-26.756694898332302,0.0,0.0,0.0,1436.3542698030099
11487,2007-08-21,1463.2579627279663,1394.1955967071065,1480.192895082175,1463.2579627279663,1463.2579627279663,-26.778026426104127,-26.778026426104127,-26.778026426104127,-26.778026426104127,-26.778026426104127,-26.778026426104127,0.0,0.0,0.0,1436.4799363018622
11488,2007-08-22,1463.4049607545903,1398.6889956601922,1480.4440947719645,1463.4049607545903,1463.4049607545903,-26.799866950004887,-26.799866950004887,-26.799866950004887,-26.799866950004887,-26.799866950004887,-26.799866950004887,0.0,0.0,0.0,1436.6050938045855
11489,2007-08-23,1463.5519587812144,1394.4403888549414,1480.0514502651058,1463.5519587812144,1463.5519587812144,-26.822213909678972,-26.822213909678972,-26.822213909678972,-26.822213909678972,-26.822213909678972,-26.822213909678972,0.0,0.0,0.0,1436.7297448715353
11490,2007-08-24,1463.6989568078382,1395.9922312909127,1476.780204121505,1463.6989568078382,1463.6989568078382,-26.84506473398221,-26.84506473398221,-26.84506473398221,-26.84506473398221,-26.84506473398221,-26.84506473398221,0.0,0.0,0.0,1436.853892073856
11491,2007-08-27,1464.1399508877103,1396.2521650189294,1477.101501485215,1464.1399508877103,1464.1399508877103,-26.91661452320043,-26.91661452320043,-26.91661452320043,-26.91661452320043,-26.91661452320043,-26.91661452320043,0.0,0.0,0.0,1437.2233363645098
11492,2007-08-28,1464.286948914334,1393.6255828869025,1480.4661707643297,1464.286948914334,1464.286948914334,-26.941454881803605,-26.941454881803605,-26.941454881803605,-26.941454881803605,-26.941454881803605,-26.941454881803605,0.0,0.0,0.0,1437.3454940325305
11493,2007-08-29,1464.433946940958,1393.6192780365554,1480.2803747668286,1464.4339469409579,1464.4339469409579,-26.96678609047717,-26.96678609047717,-26.96678609047717,-26.96678609047717,-26.96678609047717,-26.96678609047717,0.0,0.0,0.0,1437.467160850481
11494,2007-08-30,1464.5809449675821,1396.5557813086161,1479.2241385266605,1464.5809449675821,1464.5809449675821,-26.99260551513904,-26.99260551513904,-26.99260551513904,-26.99260551513904,-26.99260551513904,-26.99260551513904,0.0,0.0,0.0,1437.588339452443
11495,2007-08-31,1464.7279429942062,1399.0744883297098,1477.8663339288908,1464.7279429942062,1464.7279429942062,-27.018910511516673,-27.018910511516673,-27.018910511516673,-27.018910511516673,-27.018910511516673,-27.018910511516673,0.0,0.0,0.0,1437.7090324826895
11496,2007-09-04,1465.3159351007023,1397.1127040393014,1477.7546109570494,1465.3159351007023,1465.3159351007023,-27.128932976957962,-27.128932976957962,-27.128932976957962,-27.128932976957962,-27.128932976957962,-27.128932976957962,0.0,0.0,0.0,1438.1870021237444
11497,2007-09-05,1465.4629331273263,1396.5829079406906,1481.959468061199,1465.4629331273263,1465.4629331273263,-27.157625817259564,-27.157625817259564,-27.157625817259564,-27.157625817259564,-27.157625817259564,-27.157625817259564,0.0,0.0,0.0,1438.3053073100668
11498,2007-09-06,1465.6099311539504,1399.325441148722,1482.311457152472,1465.6099311539504,1465.6099311539504,-27.186788154516744,-27.186788154516744,-27.186788154516744,-27.186788154516744,-27.186788154516744,-27.186788154516744,0.0,0.0,0.0,1438.4231429994336
11499,2007-09-07,1465.7569291805744,1393.997570273336,1475.923189863025,1465.7569291805744,1465.7569291805744,-27.216417275561,-27.216417275561,-27.216417275561,-27.216417275561,-27.216417275561,-27.216417275561,0.0,0.0,0.0,1438.5405119050133
11500,2007-09-10,1466.1979232604465,1397.967156319096,1482.3211009080826,1466.1979232604465,1466.1979232604465,-27.308078067886747,-27.308078067886747,-27.308078067886747,-27.308078067886747,-27.308078067886747,-27.308078067886747,0.0,0.0,0.0,1438.8898451925597
11501,2007-09-11,1466.3449212870705,1399.2870684199236,1482.1853884179957,1466.3449212870705,1466.3449212870705,-27.339547003882625,-27.339547003882625,-27.339547003882625,-27.339547003882625,-27.339547003882625,-27.339547003882625,0.0,0.0,0.0,1439.0053742831878
11502,2007-09-12,1466.4919193136946,1397.2957336192965,1480.2716025909872,1466.4919193136946,1466.4919193136946,-27.371469017210206,-27.371469017210206,-27.371469017210206,-27.371469017210206,-27.371469017210206,-27.371469017210206,0.0,0.0,0.0,1439.1204502964843
11503,2007-09-13,1466.6389173403186,1395.2279704298974,1478.0944345494063,1466.6389173403186,1466.6389173403186,-27.403841339075665,-27.403841339075665,-27.403841339075665,-27.403841339075665,-27.403841339075665,-27.403841339075665,0.0,0.0,0.0,1439.235076001243
11504,2007-09-14,1466.7859153669426,1401.2359809279167,1479.0941445109559,1466.7859153669426,1466.7859153669426,-27.436661191724927,-27.436661191724927,-27.436661191724927,-27.436661191724927,-27.436661191724927,-27.436661191724927,0.0,0.0,0.0,1439.3492541752178
11505,2007-09-17,1467.2269094468147,1398.449840449773,1479.7392986486605,1467.2269094468147,1467.2269094468147,-27.53777802431106,-27.53777802431106,-27.53777802431106,-27.53777802431106,-27.53777802431106,-27.53777802431106,0.0,0.0,0.0,1439.6891314225036
11506,2007-09-18,1467.3739074734387,1396.7181475529376,1480.7146390163193,1467.3739074734387,1467.3739074734387,-27.572360046485265,-27.572360046485265,-27.572360046485265,-27.572360046485265,-27.572360046485265,-27.572360046485265,0.0,0.0,0.0,1439.8015474269534
11507,2007-09-19,1467.5209055000628,1397.603633341771,1483.7243580277964,1467.5209055000628,1467.5209055000628,-27.60737557940694,-27.60737557940694,-27.60737557940694,-27.60737557940694,-27.60737557940694,-27.60737557940694,0.0,0.0,0.0,1439.913529920656
11508,2007-09-20,1467.6679035266868,1398.4874562378468,1484.0271797423386,1467.667903526687,1467.667903526687,-27.642821793445364,-27.642821793445364,-27.642821793445364,-27.642821793445364,-27.642821793445364,-27.642821793445364,0.0,0.0,0.0,1440.0250817332414
11509,2007-09-21,1467.8149015533106,1396.459892710081,1476.8577361103914,1467.8149015533106,1467.8149015533106,-27.678695850639404,-27.678695850639404,-27.678695850639404,-27.678695850639404,-27.678695850639404,-27.678695850639404,0.0,0.0,0.0,1440.1362057026713
11510,2007-09-24,1468.2558956331827,1397.51476332284,1480.382791419857,1468.2558956331827,1468.2558956331827,-27.788856578490808,-27.788856578490808,-27.788856578490808,-27.788856578490808,-27.788856578490808,-27.788856578490808,0.0,0.0,0.0,1440.467039054692
11511,2007-09-25,1468.4028936598068,1399.3477682852313,1483.0767877824467,1468.4028936598068,1468.4028936598068,-27.826413465261915,-27.826413465261915,-27.826413465261915,-27.826413465261915,-27.826413465261915,-27.826413465261915,0.0,0.0,0.0,1440.5764801945447
11512,2007-09-26,1468.5498916864306,1401.239789565819,1480.7336904703234,1468.5498916864306,1468.5498916864306,-27.86438388360366,-27.86438388360366,-27.86438388360366,-27.86438388360366,-27.86438388360366,-27.86438388360366,0.0,0.0,0.0,1440.6855078028268
11513,2007-09-27,1468.6968897130546,1401.7608995913688,1481.728867673551,1468.6968897130546,1468.6968897130546,-27.902764947481327,-27.902764947481327,-27.902764947481327,-27.902764947481327,-27.902764947481327,-27.902764947481327,0.0,0.0,0.0,1440.7941247655733
11514,2007-09-28,1468.8438877396786,1401.4800491269045,1483.29687541636,1468.8438877396786,1468.8438877396786,-27.941553763167725,-27.941553763167725,-27.941553763167725,-27.941553763167725,-27.941553763167725,-27.941553763167725,0.0,0.0,0.0,1440.9023339765108
11515,2007-10-01,1469.284881819551,1399.811412582266,1483.8728352314788,1469.284881819551,1469.284881819551,-28.06033767034107,-28.06033767034107,-28.06033767034107,-28.06033767034107,-28.06033767034107,-28.06033767034107,0.0,0.0,0.0,1441.2245441492098
11516,2007-10-02,1469.4318798461748,1400.5127301345324,1483.3289043036361,1469.4318798461748,1469.4318798461748,-28.10072840534809,-28.10072840534809,-28.10072840534809,-28.10072840534809,-28.10072840534809,-28.10072840534809,0.0,0.0,0.0,1441.3311514408267
11517,2007-10-03,1469.5788778727988,1399.0877851008113,1482.633288626752,1469.5788778727988,1469.5788778727988,-28.14151231135278,-28.14151231135278,-28.14151231135278,-28.14151231135278,-28.14151231135278,-28.14151231135278,0.0,0.0,0.0,1441.437365561446
11518,2007-10-04,1469.7258758994228,1397.760200061021,1481.2404431682294,1469.7258758994228,1469.7258758994228,-28.18268645040325,-28.18268645040325,-28.18268645040325,-28.18268645040325,-28.18268645040325,-28.18268645040325,0.0,0.0,0.0,1441.5431894490196
11519,2007-10-05,1469.872873926047,1395.1067433314859,1483.2603224875863,1469.872873926047,1469.872873926047,-28.2242478775006,-28.2242478775006,-28.2242478775006,-28.2242478775006,-28.2242478775006,-28.2242478775006,0.0,0.0,0.0,1441.6486260485465
11520,2007-10-08,1470.3138680059192,1401.604417484578,1484.744718190132,1470.3138680059192,1470.3138680059192,-28.351226333309384,-28.351226333309384,-28.351226333309384,-28.351226333309384,-28.351226333309384,-28.351226333309384,0.0,0.0,0.0,1441.9626416726098
11521,2007-10-09,1470.460866032543,1400.3001663425027,1484.2864302469775,1470.460866032543,1470.460866032543,-28.394307324892356,-28.394307324892356,-28.394307324892356,-28.394307324892356,-28.394307324892356,-28.394307324892356,0.0,0.0,0.0,1442.0665587076505
11522,2007-10-10,1470.607864059167,1401.1353503809366,1483.1041447415541,1470.6078640591668,1470.6078640591668,-28.437760777057797,-28.437760777057797,-28.437760777057797,-28.437760777057797,-28.437760777057797,-28.437760777057797,0.0,0.0,0.0,1442.1701032821093
11523,2007-10-11,1470.754862085791,1398.8794585387288,1483.0128954717738,1470.754862085791,1470.754862085791,-28.48158370447107,-28.48158370447107,-28.48158370447107,-28.48158370447107,-28.48158370447107,-28.48158370447107,0.0,0.0,0.0,1442.2732783813199
11524,2007-10-12,1470.901860112415,1400.7482183305785,1484.1182585990846,1470.901860112415,1470.901860112415,-28.525773115400856,-28.525773115400856,-28.525773115400856,-28.525773115400856,-28.525773115400856,-28.525773115400856,0.0,0.0,0.0,1442.3760869970142
11525,2007-10-15,1471.342854192287,1402.6667532152865,1484.3603837277456,1471.342854192287,1471.342854192287,-28.660510237985605,-28.660510237985605,-28.660510237985605,-28.660510237985605,-28.660510237985605,-28.660510237985605,0.0,0.0,0.0,1442.6823439543014
11526,2007-10-16,1471.4898522189112,1401.5859569165402,1483.2042045388457,1471.4898522189114,1471.4898522189114,-28.706135541005132,-28.706135541005132,-28.706135541005132,-28.706135541005132,-28.706135541005132,-28.706135541005132,0.0,0.0,0.0,1442.783716677906
11527,2007-10-17,1471.6368502455352,1400.7402621328251,1484.8818324438894,1471.6368502455352,1471.6368502455352,-28.752112276207274,-28.752112276207274,-28.752112276207274,-28.752112276207274,-28.752112276207274,-28.752112276207274,0.0,0.0,0.0,1442.884737969328
11528,2007-10-18,1471.7838482721593,1401.9057501184593,1486.164396057645,1471.7838482721593,1471.7838482721593,-28.79843741544737,-28.79843741544737,-28.79843741544737,-28.79843741544737,-28.79843741544737,-28.79843741544737,0.0,0.0,0.0,1442.985410856712
11529,2007-10-19,1471.9308462987833,1399.4737421952339,1486.0221833843523,1471.9308462987833,1471.9308462987833,-28.84510792483828,-28.84510792483828,-28.84510792483828,-28.84510792483828,-28.84510792483828,-28.84510792483828,0.0,0.0,0.0,1443.085738373945
11530,2007-10-22,1472.3718403786552,1401.0594867796005,1481.1792348081328,1472.3718403786552,1472.3718403786552,-28.98716125091478,-28.98716125091478,-28.98716125091478,-28.98716125091478,-28.98716125091478,-28.98716125091478,0.0,0.0,0.0,1443.3846791277404
11531,2007-10-23,1472.5188384052792,1403.119083282726,1485.1956814349944,1472.518838405279,1472.518838405279,-29.035182790522263,-29.035182790522263,-29.035182790522263,-29.035182790522263,-29.035182790522263,-29.035182790522263,0.0,0.0,0.0,1443.483655614757
11532,2007-10-24,1472.665836431903,1399.343951974253,1484.5365658076828,1472.665836431903,1472.665836431903,-29.083534448031052,-29.083534448031052,-29.083534448031052,-29.083534448031052,-29.083534448031052,-29.083534448031052,0.0,0.0,0.0,1443.582301983872
11533,2007-10-25,1472.812834458527,1401.7931262592717,1483.2428826639195,1472.812834458527,1472.812834458527,-29.132213157087456,-29.132213157087456,-29.132213157087456,-29.132213157087456,-29.132213157087456,-29.132213157087456,0.0,0.0,0.0,1443.6806213014395
11534,2007-10-26,1472.959832485151,1400.613563505217,1481.9966365252942,1472.959832485151,1472.959832485151,-29.18121584625716,-29.18121584625716,-29.18121584625716,-29.18121584625716,-29.18121584625716,-29.18121584625716,0.0,0.0,0.0,1443.778616638894
11535,2007-10-29,1473.4008265650234,1401.681134059069,1484.7933116335735,1473.4008265650236,1473.4008265650236,-29.33013700586175,-29.33013700586175,-29.33013700586175,-29.33013700586175,-29.33013700586175,-29.33013700586175,0.0,0.0,0.0,1444.0706895591616
11536,2007-10-30,1473.5478245916474,1395.9633252975675,1483.283756066608,1473.5478245916474,1473.5478245916474,-29.38040480281987,-29.38040480281987,-29.38040480281987,-29.38040480281987,-29.38040480281987,-29.38040480281987,0.0,0.0,0.0,1444.1674197888276
11537,2007-10-31,1473.6948226182717,1401.604636010709,1485.2771610236025,1473.6948226182717,1473.6948226182717,-29.430981149807664,-29.430981149807664,-29.430981149807664,-29.430981149807664,-29.430981149807664,-29.430981149807664,0.0,0.0,0.0,1444.263841468464
11538,2007-11-01,1473.8418206448957,1405.7874625412314,1485.2628012574771,1473.841820644896,1473.841820644896,-29.481862946889184,-29.481862946889184,-29.481862946889184,-29.481862946889184,-29.481862946889184,-29.481862946889184,0.0,0.0,0.0,1444.3599576980066
11539,2007-11-02,1473.9888186715195,1403.97954691947,1485.5804949083831,1473.9888186715195,1473.9888186715195,-29.533047089709832,-29.533047089709832,-29.533047089709832,-29.533047089709832,-29.533047089709832,-29.533047089709832,0.0,0.0,0.0,1444.4557715818098
11540,2007-11-05,1474.4298127513916,1399.4276979227675,1486.1820094859818,1474.4298127513916,1474.4298127513916,-29.688382484756342,-29.688382484756342,-29.688382484756342,-29.688382484756342,-29.688382484756342,-29.688382484756342,0.0,0.0,0.0,1444.7414302666352
11541,2007-11-06,1474.5768107780154,1402.963990363141,1485.124555303318,1474.5768107780154,1474.5768107780154,-29.740744881916598,-29.740744881916598,-29.740744881916598,-29.740744881916598,-29.740744881916598,-29.740744881916598,0.0,0.0,0.0,1444.836065896099
11542,2007-11-07,1474.7238088046395,1400.1464191486332,1487.1228467878075,1474.7238088046395,1474.7238088046395,-29.793394040071238,-29.793394040071238,-29.793394040071238,-29.793394040071238,-29.793394040071238,-29.793394040071238,0.0,0.0,0.0,1444.9304147645682
11543,2007-11-08,1474.8708068312635,1407.0328128372844,1488.0300976725778,1474.8708068312635,1474.8708068312635,-29.846326830341667,-29.846326830341667,-29.846326830341667,-29.846326830341667,-29.846326830341667,-29.846326830341667,0.0,0.0,0.0,1445.0244800009218
11544,2007-11-09,1475.0178048578875,1403.2646787763242,1486.4556965409456,1475.0178048578875,1475.0178048578875,-29.899540120094077,-29.899540120094077,-29.899540120094077,-29.899540120094077,-29.899540120094077,-29.899540120094077,0.0,0.0,0.0,1445.1182647377934
11545,2007-11-12,1475.4587989377594,1404.8306618104239,1486.9643421948667,1475.4587989377594,1475.4587989377594,-30.0608316055563,-30.0608316055563,-30.0608316055563,-30.0608316055563,-30.0608316055563,-30.0608316055563,0.0,0.0,0.0,1445.397967332203
11546,2007-11-13,1475.6057969643834,1406.3420569813084,1487.4977897241201,1475.6057969643834,1475.6057969643834,-30.11513549510225,-30.11513549510225,-30.11513549510225,-30.11513549510225,-30.11513549510225,-30.11513549510225,0.0,0.0,0.0,1445.4906614692811
11547,2007-11-14,1475.7527949910075,1402.6263844081523,1486.7471983986693,1475.7527949910075,1475.7527949910075,-30.169704167946605,-30.169704167946605,-30.169704167946605,-30.169704167946605,-30.169704167946605,-30.169704167946605,0.0,0.0,0.0,1445.583090823061
11548,2007-11-15,1475.8997930176317,1406.766554483519,1487.4727864108092,1475.8997930176317,1475.8997930176317,-30.22453447091337,-30.22453447091337,-30.22453447091337,-30.22453447091337,-30.22453447091337,-30.22453447091337,0.0,0.0,0.0,1445.6752585467184
11549,2007-11-16,1476.0467910442558,1402.7930897148012,1487.404488801696,1476.0467910442558,1476.0467910442558,-30.279623247736417,-30.279623247736417,-30.279623247736417,-30.279623247736417,-30.279623247736417,-30.279623247736417,0.0,0.0,0.0,1445.7671677965193
11550,2007-11-19,1476.4877851241276,1405.353086645359,1487.051162786705,1476.4877851241276,1476.4877851241276,-30.446408814287345,-30.446408814287345,-30.446408814287345,-30.446408814287345,-30.446408814287345,-30.446408814287345,0.0,0.0,0.0,1446.0413763098402
11551,2007-11-20,1476.6347831507517,1406.2421529845187,1486.7718018526853,1476.6347831507517,1476.6347831507517,-30.502499865349368,-30.502499865349368,-30.502499865349368,-30.502499865349368,-30.502499865349368,-30.502499865349368,0.0,0.0,0.0,1446.1322832854023
11552,2007-11-21,1476.7817811773757,1401.7818057003094,1487.0492218071458,1476.7817811773757,1476.7817811773757,-30.558833565875847,-30.558833565875847,-30.558833565875847,-30.558833565875847,-30.558833565875847,-30.558833565875847,0.0,0.0,0.0,1446.2229476114999
11553,2007-11-23,1477.075777230624,1404.014684122818,1487.1922621311023,1477.075777230624,1477.075777230624,-30.67221622158396,-30.67221622158396,-30.67221622158396,-30.67221622158396,-30.67221622158396,-30.67221622158396,0.0,0.0,0.0,1446.40356100904
11554,2007-11-26,1477.5167713104959,1403.9635803203573,1487.8601213861082,1477.5167713104959,1477.5167713104959,-30.844030678507306,-30.844030678507306,-30.844030678507306,-30.844030678507306,-30.844030678507306,-30.844030678507306,0.0,0.0,0.0,1446.6727406319885
11555,2007-11-27,1477.66376933712,1405.500394507059,1485.7767519046536,1477.66376933712,1477.66376933712,-30.901753564758046,-30.901753564758046,-30.901753564758046,-30.901753564758046,-30.901753564758046,-30.901753564758046,0.0,0.0,0.0,1446.7620157723618
11556,2007-11-28,1477.8107673637437,1406.916724323756,1487.46029693599,1477.8107673637437,1477.8107673637437,-30.95969684299172,-30.95969684299172,-30.95969684299172,-30.95969684299172,-30.95969684299172,-30.95969684299172,0.0,0.0,0.0,1446.851070520752
11557,2007-11-29,1477.9577653903677,1404.103081744475,1487.6422252186708,1477.9577653903677,1477.9577653903677,-31.017857325364087,-31.017857325364087,-31.017857325364087,-31.017857325364087,-31.017857325364087,-31.017857325364087,0.0,0.0,0.0,1446.9399080650037
11558,2007-11-30,1478.1047634169922,1403.9793963508505,1489.8828067991772,1478.1047634169922,1478.1047634169922,-31.076231822264628,-31.076231822264628,-31.076231822264628,-31.076231822264628,-31.076231822264628,-31.076231822264628,0.0,0.0,0.0,1447.0285315947276
11559,2007-12-03,1478.545757496864,1403.9883403612932,1488.0794282407603,1478.545757496864,1478.545757496864,-31.25260747949128,-31.25260747949128,-31.25260747949128,-31.25260747949128,-31.25260747949128,-31.25260747949128,0.0,0.0,0.0,1447.293150017373
11560,2007-12-04,1478.6927555234881,1406.2040065740498,1486.9686053013795,1478.6927555234881,1478.6927555234881,-31.31180610633874,-31.31180610633874,-31.31180610633874,-31.31180610633874,-31.31180610633874,-31.31180610633874,0.0,0.0,0.0,1447.3809494171494
11561,2007-12-05,1478.839753550112,1407.1878228865112,1489.3441252045347,1478.839753550112,1478.839753550112,-31.371202776440136,-31.371202776440136,-31.371202776440136,-31.371202776440136,-31.371202776440136,-31.371202776440136,0.0,0.0,0.0,1447.4685507736717
11562,2007-12-06,1478.986751576736,1404.3062810208596,1486.1829746095664,1478.986751576736,1478.986751576736,-31.430794291553386,-31.430794291553386,-31.430794291553386,-31.430794291553386,-31.430794291553386,-31.430794291553386,0.0,0.0,0.0,1447.5559572851826
11563,2007-12-07,1479.13374960336,1405.216652214075,1489.98471374035,1479.13374960336,1479.13374960336,-31.490577452327763,-31.490577452327763,-31.490577452327763,-31.490577452327763,-31.490577452327763,-31.490577452327763,0.0,0.0,0.0,1447.6431721510323
11564,2007-12-10,1479.5747436832319,1407.5759199147194,1490.6227459667466,1479.5747436832319,1479.5747436832319,-31.671044800430504,-31.671044800430504,-31.671044800430504,-31.671044800430504,-31.671044800430504,-31.671044800430504,0.0,0.0,0.0,1447.9036988828013
11565,2007-12-11,1479.721741709856,1405.9292845353395,1491.167178816191,1479.721741709856,1479.721741709856,-31.731562531421527,-31.731562531421527,-31.731562531421527,-31.731562531421527,-31.731562531421527,-31.731562531421527,0.0,0.0,0.0,1447.9901791784343
11566,2007-12-12,1479.86873973648,1404.4418739530695,1488.3317452462627,1479.86873973648,1479.86873973648,-31.792255897947964,-31.792255897947964,-31.792255897947964,-31.792255897947964,-31.792255897947964,-31.792255897947964,0.0,0.0,0.0,1448.0764838385319
11567,2007-12-13,1480.0157377631037,1408.2704091547978,1490.4590552152254,1480.0157377631037,1480.0157377631037,-31.853121695962916,-31.853121695962916,-31.853121695962916,-31.853121695962916,-31.853121695962916,-31.853121695962916,0.0,0.0,0.0,1448.1626160671408
11568,2007-12-14,1480.1627357897278,1409.7755881264004,1488.0433710066354,1480.1627357897278,1480.1627357897278,-31.914156720964847,-31.914156720964847,-31.914156720964847,-31.914156720964847,-31.914156720964847,-31.914156720964847,0.0,0.0,0.0,1448.2485790687629
11569,2007-12-17,1480.6037298696,1406.0955521094197,1492.0722539965618,1480.6037298696,1480.6037298696,-32.098245107983914,-32.098245107983914,-32.098245107983914,-32.098245107983914,-32.098245107983914,-32.098245107983914,0.0,0.0,0.0,1448.5054847616161
11570,2007-12-18,1480.7507278962241,1406.8259770617888,1490.7578420294515,1480.7507278962241,1480.7507278962241,-32.159924990045084,-32.159924990045084,-32.159924990045084,-32.159924990045084,-32.159924990045084,-32.159924990045084,0.0,0.0,0.0,1448.590802906179
11571,2007-12-19,1480.8977259228482,1405.1352470176537,1492.2790523174456,1480.8977259228482,1480.8977259228482,-32.22175807299276,-32.22175807299276,-32.22175807299276,-32.22175807299276,-32.22175807299276,-32.22175807299276,0.0,0.0,0.0,1448.6759678498554
11572,2007-12-20,1481.0447239494724,1406.413274274857,1489.6952978099937,1481.0447239494724,1481.0447239494724,-32.28374115153646,-32.28374115153646,-32.28374115153646,-32.28374115153646,-32.28374115153646,-32.28374115153646,0.0,0.0,0.0,1448.7609827979359
11573,2007-12-21,1481.1917219760965,1406.3980723950388,1489.864470469023,1481.1917219760965,1481.1917219760965,-32.34587102057916,-32.34587102057916,-32.34587102057916,-32.34587102057916,-32.34587102057916,-32.34587102057916,0.0,0.0,0.0,1448.8458509555173
11574,2007-12-24,1481.6327160559683,1411.6308910126518,1489.4998005497682,1481.6327160559683,1481.6327160559683,-32.53310932454949,-32.53310932454949,-32.53310932454949,-32.53310932454949,-32.53310932454949,-32.53310932454949,0.0,0.0,0.0,1449.0996067314188
11575,2007-12-26,1481.9267121092164,1408.6459817707864,1491.2851548545023,1481.9267121092164,1481.9267121092164,-32.6586100699395,-32.6586100699395,-32.6586100699395,-32.6586100699395,-32.6586100699395,-32.6586100699395,0.0,0.0,0.0,1449.268102039277
11576,2007-12-27,1482.0737101358402,1409.5412134474411,1487.9461823431666,1482.07371013584,1482.07371013584,-32.7215533972979,-32.7215533972979,-32.7215533972979,-32.7215533972979,-32.7215533972979,-32.7215533972979,0.0,0.0,0.0,1449.3521567385424
11577,2007-12-28,1482.2207081624642,1407.4106951140109,1491.135834114315,1482.2207081624642,1482.2207081624642,-32.78462109258429,-32.78462109258429,-32.78462109258429,-32.78462109258429,-32.78462109258429,-32.78462109258429,0.0,0.0,0.0,1449.43608706988
11578,2007-12-31,1482.6617022423366,1407.3445564670433,1491.0368347049805,1482.6617022423366,1482.6617022423366,-32.97453838865165,-32.97453838865165,-32.97453838865165,-32.97453838865165,-32.97453838865165,-32.97453838865165,0.0,0.0,0.0,1449.687163853685
11579,2008-01-02,1482.9556982955844,1406.8449388547417,1488.5255044417527,1482.9556982955844,1482.9556982955844,-33.10171311656626,-33.10171311656626,-33.10171311656626,-33.10171311656626,-33.10171311656626,-33.10171311656626,0.0,0.0,0.0,1449.853985179018
11580,2008-01-03,1483.1026963222084,1407.5608135270563,1490.3385385699655,1483.1026963222084,1483.1026963222084,-33.16545985286736,-33.16545985286736,-33.16545985286736,-33.16545985286736,-33.16545985286736,-33.16545985286736,0.0,0.0,0.0,1449.937236469341
11581,2008-01-04,1483.2496943488325,1409.1341464236073,1490.2358356179375,1483.2496943488325,1483.2496943488325,-33.22930857985169,-33.22930857985169,-33.22930857985169,-33.22930857985169,-33.22930857985169,-33.22930857985169,0.0,0.0,0.0,1450.0203857689808
11582,2008-01-07,1483.6906884287043,1409.9795643934226,1490.421738757036,1483.6906884287043,1483.6906884287043,-33.42143480089753,-33.42143480089753,-33.42143480089753,-33.42143480089753,-33.42143480089753,-33.42143480089753,0.0,0.0,0.0,1450.2692536278068
11583,2008-01-08,1483.8376864553284,1405.995604102061,1493.2034444386343,1483.8376864553284,1483.8376864553284,-33.485659595214294,-33.485659595214294,-33.485659595214294,-33.485659595214294,-33.485659595214294,-33.485659595214294,0.0,0.0,0.0,1450.3520268601142
11584,2008-01-09,1483.9846844819524,1408.1380130840378,1490.6625156835808,1483.9846844819526,1483.9846844819526,-33.54997044143218,-33.54997044143218,-33.54997044143218,-33.54997044143218,-33.54997044143218,-33.54997044143218,0.0,0.0,0.0,1450.4347140405202
11585,2008-01-10,1484.1316825085764,1413.0076519479278,1492.4699676907915,1484.1316825085764,1484.1316825085764,-33.61436415745707,-33.61436415745707,-33.61436415745707,-33.61436415745707,-33.61436415745707,-33.61436415745707,0.0,0.0,0.0,1450.5173183511195
11586,2008-01-11,1484.2786805352002,1412.7841389417417,1491.6542777290797,1484.2786805352002,1484.2786805352002,-33.678837563293825,-33.678837563293825,-33.678837563293825,-33.678837563293825,-33.678837563293825,-33.678837563293825,0.0,0.0,0.0,1450.5998429719064
11587,2008-01-14,1484.7196746150726,1407.615254612763,1490.6438260226766,1484.7196746150726,1484.7196746150726,-33.87270415299221,-33.87270415299221,-33.87270415299221,-33.87270415299221,-33.87270415299221,-33.87270415299221,0.0,0.0,0.0,1450.8469704620804
11588,2008-01-15,1484.866672641697,1410.586189694479,1493.0413674651309,1484.866672641697,1484.866672641697,-33.93746456311469,-33.93746456311469,-33.93746456311469,-33.93746456311469,-33.93746456311469,-33.93746456311469,0.0,0.0,0.0,1450.9292080785824
11589,2008-01-16,1485.0136706683209,1412.502176124125,1494.2623684401633,1485.0136706683209,1485.0136706683209,-34.00228879759651,-34.00228879759651,-34.00228879759651,-34.00228879759651,-34.00228879759651,-34.00228879759651,0.0,0.0,0.0,1451.0113818707243
11590,2008-01-17,1485.160668694945,1410.9862677723975,1490.1781260834298,1485.160668694945,1485.160668694945,-34.067173690869886,-34.067173690869886,-34.067173690869886,-34.067173690869886,-34.067173690869886,-34.067173690869886,0.0,0.0,0.0,1451.093495004075
11591,2008-01-18,1485.307666721569,1411.0188596081455,1491.8297851185864,1485.307666721569,1485.307666721569,-34.13211608008363,-34.13211608008363,-34.13211608008363,-34.13211608008363,-34.13211608008363,-34.13211608008363,0.0,0.0,0.0,1451.1755506414852
11592,2008-01-22,1485.8956588280648,1411.0143471115703,1491.6196484466936,1485.8956588280648,1485.8956588280648,-34.392397439088754,-34.392397439088754,-34.392397439088754,-34.392397439088754,-34.392397439088754,-34.392397439088754,0.0,0.0,0.0,1451.5032613889762
11593,2008-01-23,1486.0426568546889,1406.9337715464271,1492.190324597121,1486.0426568546889,1486.0426568546889,-34.457579966242456,-34.457579966242456,-34.457579966242456,-34.457579966242456,-34.457579966242456,-34.457579966242456,0.0,0.0,0.0,1451.5850768884463
11594,2008-01-24,1486.1896548813127,1408.5756067624961,1493.8291478842345,1486.1896548813127,1486.1896548813127,-34.522801074055955,-34.522801074055955,-34.522801074055955,-34.522801074055955,-34.522801074055955,-34.522801074055955,0.0,0.0,0.0,1451.6668538072568
11595,2008-01-25,1486.3366529079367,1409.9462799443113,1496.975549290414,1486.3366529079367,1486.3366529079367,-34.58805762110029,-34.58805762110029,-34.58805762110029,-34.58805762110029,-34.58805762110029,-34.58805762110029,0.0,0.0,0.0,1451.7485952868365
11596,2008-01-28,1486.7776469878088,1408.3120605604463,1493.1430227623127,1486.7776469878088,1486.7776469878088,-34.7840085348889,-34.7840085348889,-34.7840085348889,-34.7840085348889,-34.7840085348889,-34.7840085348889,0.0,0.0,0.0,1451.9936384529199
11597,2008-01-29,1486.9246450144326,1415.192040601598,1493.8877247322157,1486.9246450144326,1486.9246450144326,-34.849375493925216,-34.849375493925216,-34.849375493925216,-34.849375493925216,-34.849375493925216,-34.849375493925216,0.0,0.0,0.0,1452.0752695205074
11598,2008-01-30,1487.071643041057,1412.884124254273,1492.1482067434495,1487.071643041057,1487.071643041057,-34.91476223782035,-34.91476223782035,-34.91476223782035,-34.91476223782035,-34.91476223782035,-34.91476223782035,0.0,0.0,0.0,1452.1568808032368
11599,2008-01-31,1487.218641067681,1412.5701589019195,1495.1702309145696,1487.218641067681,1487.218641067681,-34.98016564685305,-34.98016564685305,-34.98016564685305,-34.98016564685305,-34.98016564685305,-34.98016564685305,0.0,0.0,0.0,1452.2384754208279
11600,2008-02-01,1487.365639094305,1412.7295391755476,1492.1601663429037,1487.365639094305,1487.365639094305,-35.04558260521693,-35.04558260521693,-35.04558260521693,-35.04558260521693,-35.04558260521693,-35.04558260521693,0.0,0.0,0.0,1452.320056489088
11601,2008-02-04,1487.8066331741768,1410.6533246534646,1493.7672246667992,1487.806633174177,1487.806633174177,-35.24188367871514,-35.24188367871514,-35.24188367871514,-35.24188367871514,-35.24188367871514,-35.24188367871514,0.0,0.0,0.0,1452.5647494954617
11602,2008-02-05,1487.9536312008008,1412.1663159385434,1493.3229104254222,1487.9536312008008,1487.9536312008008,-35.307323757571766,-35.307323757571766,-35.307323757571766,-35.307323757571766,-35.307323757571766,-35.307323757571766,0.0,0.0,0.0,1452.646307443229
11603,2008-02-06,1488.1006292274249,1412.811104556804,1492.720634532075,1488.1006292274249,1488.1006292274249,-35.3727618683836,-35.3727618683836,-35.3727618683836,-35.3727618683836,-35.3727618683836,-35.3727618683836,0.0,0.0,0.0,1452.7278673590413
11604,2008-02-07,1488.2476272540491,1412.365959244281,1493.9679305461452,1488.247627254049,1488.247627254049,-35.438194920589666,-35.438194920589666,-35.438194920589666,-35.438194920589666,-35.438194920589666,-35.438194920589666,0.0,0.0,0.0,1452.8094323334594
11605,2008-02-08,1488.3946252806732,1408.9547836577035,1494.6362299830087,1488.3946252806732,1488.3946252806732,-35.50361982812938,-35.50361982812938,-35.50361982812938,-35.50361982812938,-35.50361982812938,-35.50361982812938,0.0,0.0,0.0,1452.8910054525438
11606,2008-02-11,1488.835619360545,1415.1168564402215,1495.0022151585852,1488.835619360545,1488.835619360545,-35.699814891315924,-35.699814891315924,-35.699814891315924,-35.699814891315924,-35.699814891315924,-35.699814891315924,0.0,0.0,0.0,1453.135804469229
11607,2008-02-12,1488.982617387169,1413.6833957702934,1495.7325638777324,1488.982617387169,1488.982617387169,-35.765176452398634,-35.765176452398634,-35.765176452398634,-35.765176452398634,-35.765176452398634,-35.765176452398634,0.0,0.0,0.0,1453.2174409347704
11608,2008-02-13,1489.129615413793,1412.041936710118,1492.2891054767467,1489.129615413793,1489.129615413793,-35.83051450884328,-35.83051450884328,-35.83051450884328,-35.83051450884328,-35.83051450884328,-35.83051450884328,0.0,0.0,0.0,1453.29910090495
11609,2008-02-14,1489.2766134404173,1414.2532148291425,1491.6442724262565,1489.2766134404173,1489.2766134404173,-35.895826003295895,-35.895826003295895,-35.895826003295895,-35.895826003295895,-35.895826003295895,-35.895826003295895,0.0,0.0,0.0,1453.3807874371214
11610,2008-02-15,1489.4236114670414,1409.2580303081777,1497.3970384112104,1489.4236114670414,1489.4236114670414,-35.961107883468664,-35.961107883468664,-35.961107883468664,-35.961107883468664,-35.961107883468664,-35.961107883468664,0.0,0.0,0.0,1453.4625035835727
11611,2008-02-19,1490.0116035735373,1412.791279968983,1494.7547028970596,1490.0116035735373,1490.0116035735373,-36.22187839749847,-36.22187839749847,-36.22187839749847,-36.22187839749847,-36.22187839749847,-36.22187839749847,0.0,0.0,0.0,1453.7897251760387
11612,2008-02-20,1490.1586016001613,1412.787152436437,1494.9373772988627,1490.158601600161,1490.158601600161,-36.286966604960526,-36.286966604960526,-36.286966604960526,-36.286966604960526,-36.286966604960526,-36.286966604960526,0.0,0.0,0.0,1453.8716349952008
11613,2008-02-21,1490.3055996267854,1410.7714422034446,1492.3649313718875,1490.3055996267854,1490.3055996267854,-36.35200699533294,-36.35200699533294,-36.35200699533294,-36.35200699533294,-36.35200699533294,-36.35200699533294,0.0,0.0,0.0,1453.9535926314525
11614,2008-02-22,1490.4525976534092,1412.4975077372494,1496.0900733844412,1490.4525976534092,1490.4525976534092,-36.4169965540369,-36.4169965540369,-36.4169965540369,-36.4169965540369,-36.4169965540369,-36.4169965540369,0.0,0.0,0.0,1454.0356010993723
11615,2008-02-25,1490.8935917332813,1416.254952849612,1497.4323606403236,1490.8935917332813,1490.8935917332813,-36.61163018039292,-36.61163018039292,-36.61163018039292,-36.61163018039292,-36.61163018039292,-36.61163018039292,0.0,0.0,0.0,1454.2819615528883
11616,2008-02-26,1491.040589759905,1412.5220796592566,1495.6114148426623,1491.040589759905,1491.040589759905,-36.6763863818878,-36.6763863818878,-36.6763863818878,-36.6763863818878,-36.6763863818878,-36.6763863818878,0.0,0.0,0.0,1454.3642033780172
11617,2008-02-27,1491.187587786529,1412.5153870727731,1494.301468952553,1491.187587786529,1491.187587786529,-36.741076765931254,-36.741076765931254,-36.741076765931254,-36.741076765931254,-36.741076765931254,-36.741076765931254,0.0,0.0,0.0,1454.4465110205979
11618,2008-02-28,1491.3345858131531,1410.2404070699467,1495.0976443197274,1491.3345858131531,1491.3345858131531,-36.80569835332493,-36.80569835332493,-36.80569835332493,-36.80569835332493,-36.80569835332493,-36.80569835332493,0.0,0.0,0.0,1454.5288874598282
11619,2008-02-29,1491.4815838397774,1413.9228499457322,1496.5268902081068,1491.4815838397774,1491.4815838397774,-36.8702481710389,-36.8702481710389,-36.8702481710389,-36.8702481710389,-36.8702481710389,-36.8702481710389,0.0,0.0,0.0,1454.6113356687385
11620,2008-03-03,1491.9225779196495,1416.3727172947483,1494.2612724390804,1491.9225779196495,1491.9225779196495,-37.06343736988152,-37.06343736988152,-37.06343736988152,-37.06343736988152,-37.06343736988152,-37.06343736988152,0.0,0.0,0.0,1454.859140549768
11621,2008-03-04,1492.0695759462733,1413.6748866139417,1498.1206608101752,1492.0695759462733,1492.0695759462733,-37.12767050454592,-37.12767050454592,-37.12767050454592,-37.12767050454592,-37.12767050454592,-37.12767050454592,0.0,0.0,0.0,1454.9419054417274
11622,2008-03-05,1492.2165739728978,1410.9471292278824,1496.6779443783494,1492.2165739728978,1492.2165739728978,-37.19181709952022,-37.19181709952022,-37.19181709952022,-37.19181709952022,-37.19181709952022,-37.19181709952022,0.0,0.0,0.0,1455.0247568733776
11623,2008-03-06,1492.3635719995216,1416.948419622146,1494.6998604148853,1492.3635719995216,1492.3635719995216,-37.25587422035433,-37.25587422035433,-37.25587422035433,-37.25587422035433,-37.25587422035433,-37.25587422035433,0.0,0.0,0.0,1455.1076977791672
11624,2008-03-07,1492.5105700261456,1411.8632636099549,1496.0622682357773,1492.5105700261456,1492.5105700261456,-37.319838939292424,-37.319838939292424,-37.319838939292424,-37.319838939292424,-37.319838939292424,-37.319838939292424,0.0,0.0,0.0,1455.1907310868532
11625,2008-03-10,1492.9515641060175,1409.9449039823708,1499.321217573495,1492.9515641060175,1492.9515641060175,-37.51114950909049,-37.51114950909049,-37.51114950909049,-37.51114950909049,-37.51114950909049,-37.51114950909049,0.0,0.0,0.0,1455.440414596927
11626,2008-03-11,1493.0985621326415,1413.413145727213,1497.1397752930163,1493.0985621326415,1493.0985621326415,-37.574715479293076,-37.574715479293076,-37.574715479293076,-37.574715479293076,-37.574715479293076,-37.574715479293076,0.0,0.0,0.0,1455.5238466533485
11627,2008-03-12,1493.2455601592656,1415.0734342682024,1495.3338330016495,1493.2455601592656,1493.2455601592656,-37.638174511766486,-37.638174511766486,-37.638174511766486,-37.638174511766486,-37.638174511766486,-37.638174511766486,0.0,0.0,0.0,1455.607385647499
11628,2008-03-13,1493.3925581858896,1413.9264961069725,1500.186883309569,1493.3925581858896,1493.3925581858896,-37.7015237204441,-37.7015237204441,-37.7015237204441,-37.7015237204441,-37.7015237204441,-37.7015237204441,0.0,0.0,0.0,1455.6910344654455
11629,2008-03-14,1493.5395562125136,1413.3648879889765,1500.7662469724944,1493.5395562125136,1493.5395562125136,-37.76476022645749,-37.76476022645749,-37.76476022645749,-37.76476022645749,-37.76476022645749,-37.76476022645749,0.0,0.0,0.0,1455.7747959860562
11630,2008-03-17,1493.9805502923857,1413.9269676437293,1501.206626857415,1493.980550292386,1493.980550292386,-37.953764849388456,-37.953764849388456,-37.953764849388456,-37.953764849388456,-37.953764849388456,-37.953764849388456,0.0,0.0,0.0,1456.0267854429972
11631,2008-03-18,1494.1275483190097,1414.3166920379783,1499.300070241761,1494.1275483190097,1494.1275483190097,-38.01652190261537,-38.01652190261537,-38.01652190261537,-38.01652190261537,-38.01652190261537,-38.01652190261537,0.0,0.0,0.0,1456.1110264163945
11632,2008-03-19,1494.2745463456338,1412.2891072220125,1497.43128451668,1494.2745463456338,1494.2745463456338,-38.079151969360304,-38.079151969360304,-38.079151969360304,-38.079151969360304,-38.079151969360304,-38.079151969360304,0.0,0.0,0.0,1456.1953943762735
11633,2008-03-20,1494.4215443722578,1414.4673566353588,1496.196107885251,1494.4215443722578,1494.4215443722578,-38.14165221545238,-38.14165221545238,-38.14165221545238,-38.14165221545238,-38.14165221545238,-38.14165221545238,0.0,0.0,0.0,1456.2798921568055
11634,2008-03-24,1495.0095364787537,1411.6871731000945,1492.1631371817316,1495.0095364787537,1495.0095364787537,-38.39029858062714,-38.39029858062714,-38.39029858062714,-38.39029858062714,-38.39029858062714,-38.39029858062714,0.0,0.0,0.0,1456.6192378981266
11635,2008-03-25,1495.1565345053775,1415.8430588282586,1498.152959071419,1495.1565345053775,1495.1565345053775,-38.452107482600134,-38.452107482600134,-38.452107482600134,-38.452107482600134,-38.452107482600134,-38.452107482600134,0.0,0.0,0.0,1456.7044270227773
11636,2008-03-26,1495.3035325320016,1415.1575949238834,1497.30272580447,1495.3035325320016,1495.3035325320016,-38.513769722875644,-38.513769722875644,-38.513769722875644,-38.513769722875644,-38.513769722875644,-38.513769722875644,0.0,0.0,0.0,1456.789762809126
11637,2008-03-27,1495.4505305586256,1413.5206188313527,1499.1284411092172,1495.4505305586258,1495.4505305586258,-38.575282522574454,-38.575282522574454,-38.575282522574454,-38.575282522574454,-38.575282522574454,-38.575282522574454,0.0,0.0,0.0,1456.875248036051
11638,2008-03-28,1495.5975285852498,1418.1019872789457,1493.028455409552,1495.5975285852498,1495.5975285852498,-38.63664311098802,-38.63664311098802,-38.63664311098802,-38.63664311098802,-38.63664311098802,-38.63664311098802,0.0,0.0,0.0,1456.9608854742619
11639,2008-03-31,1496.0385226651222,1413.2765078598889,1502.166860398322,1496.0385226651222,1496.0385226651222,-38.819784025361294,-38.819784025361294,-38.819784025361294,-38.819784025361294,-38.819784025361294,-38.819784025361294,0.0,0.0,0.0,1457.2187386397609
11640,2008-04-01,1496.1855206917462,1417.8456220662429,1501.9058622053315,1496.1855206917462,1496.1855206917462,-38.8805082272429,-38.8805082272429,-38.8805082272429,-38.8805082272429,-38.8805082272429,-38.8805082272429,0.0,0.0,0.0,1457.3050124645033
11641,2008-04-02,1496.3325187183702,1414.9197423743074,1497.8859159894266,1496.33251871837,1496.33251871837,-38.94106648913866,-38.94106648913866,-38.94106648913866,-38.94106648913866,-38.94106648913866,-38.94106648913866,0.0,0.0,0.0,1457.3914522292316
11642,2008-04-03,1496.479516744994,1413.4948274079256,1501.7613142327828,1496.479516744994,1496.479516744994,-39.00145609073347,-39.00145609073347,-39.00145609073347,-39.00145609073347,-39.00145609073347,-39.00145609073347,0.0,0.0,0.0,1457.4780606542606
11643,2008-04-04,1496.626514771618,1416.43702022678,1499.9193928172429,1496.626514771618,1496.626514771618,-39.06167432033504,-39.06167432033504,-39.06167432033504,-39.06167432033504,-39.06167432033504,-39.06167432033504,0.0,0.0,0.0,1457.564840451283
11644,2008-04-07,1497.0675088514902,1415.8188587708016,1498.562991656907,1497.0675088514902,1497.0675088514902,-39.24127379100598,-39.24127379100598,-39.24127379100598,-39.24127379100598,-39.24127379100598,-39.24127379100598,0.0,0.0,0.0,1457.8262350604841
11645,2008-04-08,1497.214506878114,1415.3225782234194,1497.5705725189953,1497.214506878114,1497.214506878114,-39.3007795904668,-39.3007795904668,-39.3007795904668,-39.3007795904668,-39.3007795904668,-39.3007795904668,0.0,0.0,0.0,1457.9137272876471
11646,2008-04-09,1497.361504904738,1415.0138761235867,1501.8031903132915,1497.361504904738,1497.361504904738,-39.360100591079494,-39.360100591079494,-39.360100591079494,-39.360100591079494,-39.360100591079494,-39.360100591079494,0.0,0.0,0.0,1458.0014043136584
11647,2008-04-10,1497.508502931362,1414.1131990407525,1497.9683681465915,1497.508502931362,1497.508502931362,-39.4192341342291,-39.4192341342291,-39.4192341342291,-39.4192341342291,-39.4192341342291,-39.4192341342291,0.0,0.0,0.0,1458.089268797133
11648,2008-04-11,1497.655500957986,1413.2958721679402,1499.8701921240508,1497.655500957986,1497.655500957986,-39.4781775703629,-39.4781775703629,-39.4781775703629,-39.4781775703629,-39.4781775703629,-39.4781775703629,0.0,0.0,0.0,1458.1773233876231
11649,2008-04-14,1498.0964950378582,1415.7361639800422,1501.2677204525871,1498.0964950378582,1498.0964950378582,-39.653840878374474,-39.653840878374474,-39.653840878374474,-39.653840878374474,-39.653840878374474,-39.653840878374474,0.0,0.0,0.0,1458.4426541594837
11650,2008-04-15,1498.2434930644822,1414.7022944747707,1499.385323482846,1498.2434930644822,1498.2434930644822,-39.71199757430733,-39.71199757430733,-39.71199757430733,-39.71199757430733,-39.71199757430733,-39.71199757430733,0.0,0.0,0.0,1458.5314954901748
11651,2008-04-16,1498.3904910911062,1417.6324987516793,1500.109731008289,1498.3904910911062,1498.3904910911062,-39.76995105352624,-39.76995105352624,-39.76995105352624,-39.76995105352624,-39.76995105352624,-39.76995105352624,0.0,0.0,0.0,1458.62054003758
11652,2008-04-17,1498.5374891177303,1416.5273326189763,1501.417157267367,1498.5374891177303,1498.5374891177303,-39.827698722119614,-39.827698722119614,-39.827698722119614,-39.827698722119614,-39.827698722119614,-39.827698722119614,0.0,0.0,0.0,1458.7097903956108
11653,2008-04-18,1498.6844871443543,1418.089376732552,1501.3446235232818,1498.6844871443543,1498.6844871443543,-39.885237995659125,-39.885237995659125,-39.885237995659125,-39.885237995659125,-39.885237995659125,-39.885237995659125,0.0,0.0,0.0,1458.7992491486953
11654,2008-04-21,1499.1254812242262,1415.7224679299607,1499.836740669904,1499.1254812242262,1499.1254812242262,-40.05657974509361,-40.05657974509361,-40.05657974509361,-40.05657974509361,-40.05657974509361,-40.05657974509361,0.0,0.0,0.0,1459.0689014791326
11655,2008-04-22,1499.2724792508502,1417.6680030743776,1502.8039196852635,1499.2724792508502,1499.2724792508502,-40.11325978576776,-40.11325978576776,-40.11325978576776,-40.11325978576776,-40.11325978576776,-40.11325978576776,0.0,0.0,0.0,1459.1592194650825
11656,2008-04-23,1499.4194772774745,1421.8994253346732,1502.1638589625911,1499.4194772774745,1499.4194772774745,-40.16971865347346,-40.16971865347346,-40.16971865347346,-40.16971865347346,-40.16971865347346,-40.16971865347346,0.0,0.0,0.0,1459.249758624001
11657,2008-04-24,1499.5664753040985,1416.4965416286789,1500.1203340465745,1499.5664753040985,1499.5664753040985,-40.22595382187184,-40.22595382187184,-40.22595382187184,-40.22595382187184,-40.22595382187184,-40.22595382187184,0.0,0.0,0.0,1459.3405214822267
11658,2008-04-25,1499.7134733307223,1417.0966447057428,1498.9748781190224,1499.7134733307225,1499.7134733307225,-40.28196277450219,-40.28196277450219,-40.28196277450219,-40.28196277450219,-40.28196277450219,-40.28196277450219,0.0,0.0,0.0,1459.43151055622
11659,2008-04-28,1500.1544674105944,1418.201578206583,1500.1033663818964,1500.1544674105944,1500.1544674105944,-40.44860732252695,-40.44860732252695,-40.44860732252695,-40.44860732252695,-40.44860732252695,-40.44860732252695,0.0,0.0,0.0,1459.7058600880675
11660,2008-04-29,1500.3014654372187,1418.6710244450971,1498.9926698148274,1500.3014654372187,1500.3014654372187,-40.50368644698438,-40.50368644698438,-40.50368644698438,-40.50368644698438,-40.50368644698438,-40.50368644698438,0.0,0.0,0.0,1459.7977789902343
11661,2008-04-30,1500.4484634638427,1416.3543826444002,1499.974664108429,1500.4484634638427,1500.4484634638427,-40.558526923472336,-40.558526923472336,-40.558526923472336,-40.558526923472336,-40.558526923472336,-40.558526923472336,0.0,0.0,0.0,1459.8899365403704
11662,2008-05-01,1500.5954614904667,1420.3157041645727,1499.1915539648114,1500.5954614904667,1500.5954614904667,-40.613126295945634,-40.613126295945634,-40.613126295945634,-40.613126295945634,-40.613126295945634,-40.613126295945634,0.0,0.0,0.0,1459.982335194521
11663,2008-05-02,1500.7424595170905,1419.2667403956361,1503.3666608780807,1500.7424595170905,1500.7424595170905,-40.6674821186172,-40.6674821186172,-40.6674821186172,-40.6674821186172,-40.6674821186172,-40.6674821186172,0.0,0.0,0.0,1460.0749773984733
11664,2008-05-05,1501.1834535969626,1419.3987652116175,1500.7168455844003,1501.1834535969626,1501.1834535969626,-40.829063984885416,-40.829063984885416,-40.829063984885416,-40.829063984885416,-40.829063984885416,-40.829063984885416,0.0,0.0,0.0,1460.3543896120773
11665,2008-05-06,1501.3304516235864,1419.1206285614567,1499.3074193641714,1501.3304516235864,1501.3304516235864,-40.882421357416206,-40.882421357416206,-40.882421357416206,-40.882421357416206,-40.882421357416206,-40.882421357416206,0.0,0.0,0.0,1460.4480302661702
11666,2008-05-07,1501.4774496502105,1416.5508531693806,1499.7596205963578,1501.4774496502105,1501.4774496502105,-40.93552310686236,-40.93552310686236,-40.93552310686236,-40.93552310686236,-40.93552310686236,-40.93552310686236,0.0,0.0,0.0,1460.5419265433482
11667,2008-05-08,1501.6244476768345,1418.9251246879621,1504.3217137744668,1501.6244476768347,1501.6244476768347,-40.98836685005358,-40.98836685005358,-40.98836685005358,-40.98836685005358,-40.98836685005358,-40.98836685005358,0.0,0.0,0.0,1460.636080826781
11668,2008-05-09,1501.7714457034585,1417.8800525206325,1501.63081535256,1501.7714457034585,1501.7714457034585,-41.04095021443285,-41.04095021443285,-41.04095021443285,-41.04095021443285,-41.04095021443285,-41.04095021443285,0.0,0.0,0.0,1460.7304954890258
11669,2008-05-12,1502.2124397833304,1420.5846813109329,1504.8002145071532,1502.2124397833304,1502.2124397833304,-41.197114469344434,-41.197114469344434,-41.197114469344434,-41.197114469344434,-41.197114469344434,-41.197114469344434,0.0,0.0,0.0,1461.015325313986
11670,2008-05-13,1502.3594378099544,1416.0676945030084,1502.1018581719325,1502.3594378099544,1502.3594378099544,-41.248632806865714,-41.248632806865714,-41.248632806865714,-41.248632806865714,-41.248632806865714,-41.248632806865714,0.0,0.0,0.0,1461.1108050030887
11671,2008-05-14,1502.5064358365785,1419.9878672328553,1498.891178137739,1502.5064358365785,1502.5064358365785,-41.299879063682944,-41.299879063682944,-41.299879063682944,-41.299879063682944,-41.299879063682944,-41.299879063682944,0.0,0.0,0.0,1461.2065567728955
11672,2008-05-15,1502.6534338632023,1421.2036864106367,1501.2404381251654,1502.6534338632023,1502.6534338632023,-41.3508509319313,-41.3508509319313,-41.3508509319313,-41.3508509319313,-41.3508509319313,-41.3508509319313,0.0,0.0,0.0,1461.302582931271
11673,2008-05-16,1502.8004318898268,1421.742631462384,1502.6941964343794,1502.8004318898268,1502.8004318898268,-41.401546114693,-41.401546114693,-41.401546114693,-41.401546114693,-41.401546114693,-41.401546114693,0.0,0.0,0.0,1461.3988857751337
11674,2008-05-19,1503.2414259696986,1418.4716218423482,1504.9626207357696,1503.2414259696986,1503.2414259696986,-41.5519487460617,-41.5519487460617,-41.5519487460617,-41.5519487460617,-41.5519487460617,-41.5519487460617,0.0,0.0,0.0,1461.689477223637
11675,2008-05-20,1503.3884239963227,1419.4320486047407,1504.6791402627364,1503.3884239963227,1503.3884239963227,-41.60151443825643,-41.60151443825643,-41.60151443825643,-41.60151443825643,-41.60151443825643,-41.60151443825643,0.0,0.0,0.0,1461.7869095580663
11676,2008-05-21,1503.5354220229465,1420.8946387691954,1501.947330890536,1503.5354220229465,1503.5354220229465,-41.65079212618653,-41.65079212618653,-41.65079212618653,-41.65079212618653,-41.65079212618653,-41.65079212618653,0.0,0.0,0.0,1461.8846298967599
11677,2008-05-22,1503.682420049571,1419.8194964976078,1503.5157778777088,1503.682420049571,1503.682420049571,-41.699779579573736,-41.699779579573736,-41.699779579573736,-41.699779579573736,-41.699779579573736,-41.699779579573736,0.0,0.0,0.0,1461.9826404699972
11678,2008-05-23,1503.829418076195,1421.4521955578539,1502.130192356511,1503.829418076195,1503.829418076195,-41.74847457939566,-41.74847457939566,-41.74847457939566,-41.74847457939566,-41.74847457939566,-41.74847457939566,0.0,0.0,0.0,1462.0809434967994
11679,2008-05-27,1504.4174101826911,1421.0150548496285,1502.2408146039786,1504.4174101826911,1504.4174101826911,-41.940286059170454,-41.940286059170454,-41.940286059170454,-41.940286059170454,-41.940286059170454,-41.940286059170454,0.0,0.0,0.0,1462.4771241235208
11680,2008-05-28,1504.5644082093152,1419.5017018482736,1503.0995595377965,1504.5644082093152,1504.5644082093152,-41.987485902984176,-41.987485902984176,-41.987485902984176,-41.987485902984176,-41.987485902984176,-41.987485902984176,0.0,0.0,0.0,1462.576922306331
11681,2008-05-29,1504.7114062359392,1420.3904012717219,1502.9140078770704,1504.7114062359392,1504.7114062359392,-42.0343802179642,-42.0343802179642,-42.0343802179642,-42.0343802179642,-42.0343802179642,-42.0343802179642,0.0,0.0,0.0,1462.677026017975
11682,2008-05-30,1504.858404262563,1421.6412735533324,1506.313023078983,1504.858404262563,1504.858404262563,-42.08096686509222,-42.08096686509222,-42.08096686509222,-42.08096686509222,-42.08096686509222,-42.08096686509222,0.0,0.0,0.0,1462.7774373974707
11683,2008-06-02,1505.299398342435,1420.7938036670503,1503.4336801926981,1505.299398342435,1505.299398342435,-42.21885958330502,-42.21885958330502,-42.21885958330502,-42.21885958330502,-42.21885958330502,-42.21885958330502,0.0,0.0,0.0,1463.0805387591301
11684,2008-06-03,1505.4463963690591,1422.734274568935,1506.5039295190934,1505.4463963690591,1505.4463963690591,-42.26419440127111,-42.26419440127111,-42.26419440127111,-42.26419440127111,-42.26419440127111,-42.26419440127111,0.0,0.0,0.0,1463.182201967788
11685,2008-06-04,1505.593394395683,1421.1825860172949,1508.1236717717736,1505.593394395683,1505.593394395683,-42.30921103095204,-42.30921103095204,-42.30921103095204,-42.30921103095204,-42.30921103095204,-42.30921103095204,0.0,0.0,0.0,1463.2841833647308
11686,2008-06-05,1505.740392422307,1420.8161079474855,1506.9163513055803,1505.740392422307,1505.740392422307,-42.35390740345977,-42.35390740345977,-42.35390740345977,-42.35390740345977,-42.35390740345977,-42.35390740345977,0.0,0.0,0.0,1463.3864850188472
11687,2008-06-06,1505.887390448931,1420.5868524409925,1505.1352515869696,1505.887390448931,1505.887390448931,-42.398281461728004,-42.398281461728004,-42.398281461728004,-42.398281461728004,-42.398281461728004,-42.398281461728004,0.0,0.0,0.0,1463.489108987203
11688,2008-06-09,1506.3283845288029,1422.4419876811148,1505.726803559169,1506.3283845288029,1506.3283845288029,-42.529449358493544,-42.529449358493544,-42.529449358493544,-42.529449358493544,-42.529449358493544,-42.529449358493544,0.0,0.0,0.0,1463.7989351703093
11689,2008-06-10,1506.475382555427,1423.7832566535806,1506.9696051360302,1506.4753825554267,1506.4753825554267,-42.57251382681355,-42.57251382681355,-42.57251382681355,-42.57251382681355,-42.57251382681355,-42.57251382681355,0.0,0.0,0.0,1463.9028687286134
11690,2008-06-11,1506.622380582051,1420.1669984801997,1504.1007460940343,1506.622380582051,1506.622380582051,-42.61524587413058,-42.61524587413058,-42.61524587413058,-42.61524587413058,-42.61524587413058,-42.61524587413058,0.0,0.0,0.0,1464.0071347079204
11691,2008-06-12,1506.7693786086752,1418.7168554155805,1504.9113093827075,1506.7693786086752,1506.7693786086752,-42.65764351505488,-42.65764351505488,-42.65764351505488,-42.65764351505488,-42.65764351505488,-42.65764351505488,0.0,0.0,0.0,1464.1117350936204
11692,2008-06-13,1506.9163766352992,1423.490518042352,1505.9580760551275,1506.9163766352992,1506.9163766352992,-42.69970477625923,-42.69970477625923,-42.69970477625923,-42.69970477625923,-42.69970477625923,-42.69970477625923,0.0,0.0,0.0,1464.21667185904
11693,2008-06-16,1507.357370715171,1420.4719368758474,1505.3416085683882,1507.357370715171,1507.357370715171,-42.82385073000382,-42.82385073000382,-42.82385073000382,-42.82385073000382,-42.82385073000382,-42.82385073000382,0.0,0.0,0.0,1464.5335199851672
11694,2008-06-17,1507.5043687417951,1422.8083635877488,1505.0384594212524,1507.5043687417951,1507.5043687417951,-42.86454698157227,-42.86454698157227,-42.86454698157227,-42.86454698157227,-42.86454698157227,-42.86454698157227,0.0,0.0,0.0,1464.639821760223
11695,2008-06-18,1507.6513667684192,1422.066086636176,1504.9207406301277,1507.6513667684192,1507.6513667684192,-42.90489716894661,-42.90489716894661,-42.90489716894661,-42.90489716894661,-42.90489716894661,-42.90489716894661,0.0,0.0,0.0,1464.7464695994724
11696,2008-06-19,1507.798364795043,1424.3705097512636,1507.7455994171735,1507.798364795043,1507.798364795043,-42.944899391887695,-42.944899391887695,-42.944899391887695,-42.944899391887695,-42.944899391887695,-42.944899391887695,0.0,0.0,0.0,1464.8534654031553
11697,2008-06-20,1507.945362821667,1424.878010711017,1505.5209584064335,1507.945362821667,1507.945362821667,-42.98455176244152,-42.98455176244152,-42.98455176244152,-42.98455176244152,-42.98455176244152,-42.98455176244152,0.0,0.0,0.0,1464.9608110592255
11698,2008-06-23,1508.3863569015396,1423.5871895197392,1505.5852790101833,1508.3863569015396,1508.3863569015396,-43.10139106525911,-43.10139106525911,-43.10139106525911,-43.10139106525911,-43.10139106525911,-43.10139106525911,0.0,0.0,0.0,1465.2849658362804
11699,2008-06-24,1508.5333549281636,1423.113786371089,1507.3027013054916,1508.5333549281636,1508.5333549281636,-43.13962539360309,-43.13962539360309,-43.13962539360309,-43.13962539360309,-43.13962539360309,-43.13962539360309,0.0,0.0,0.0,1465.3937295345604
11700,2008-06-25,1508.6803529547876,1423.234379923661,1508.1985306489837,1508.6803529547876,1508.6803529547876,-43.17750061519348,-43.17750061519348,-43.17750061519348,-43.17750061519348,-43.17750061519348,-43.17750061519348,0.0,0.0,0.0,1465.502852339594
11701,2008-06-26,1508.8273509814117,1421.7927543434894,1507.1251244603332,1508.8273509814117,1508.8273509814117,-43.21501491643402,-43.21501491643402,-43.21501491643402,-43.21501491643402,-43.21501491643402,-43.21501491643402,0.0,0.0,0.0,1465.6123360649776
11702,2008-06-27,1508.9743490080357,1424.9778972667164,1506.0585222020634,1508.9743490080357,1508.9743490080357,-43.25216649621938,-43.25216649621938,-43.25216649621938,-43.25216649621938,-43.25216649621938,-43.25216649621938,0.0,0.0,0.0,1465.7221825118163
11703,2008-06-30,1509.4153430879076,1420.1048616967137,1505.2252955865265,1509.4153430879076,1509.4153430879076,-43.36142708371021,-43.36142708371021,-43.36142708371021,-43.36142708371021,-43.36142708371021,-43.36142708371021,0.0,0.0,0.0,1466.0539160041974
11704,2008-07-01,1509.5623411145316,1425.7947488153513,1506.8259616617727,1509.5623411145316,1509.5623411145316,-43.39711001736146,-43.39711001736146,-43.39711001736146,-43.39711001736146,-43.39711001736146,-43.39711001736146,0.0,0.0,0.0,1466.1652310971701
11705,2008-07-02,1509.7093391411554,1425.8043377293832,1508.147438243114,1509.7093391411554,1509.7093391411554,-43.43242141230963,-43.43242141230963,-43.43242141230963,-43.43242141230963,-43.43242141230963,-43.43242141230963,0.0,0.0,0.0,1466.2769177288458
11706,2008-07-03,1509.8563371677794,1425.0900701211435,1508.3633432808406,1509.8563371677794,1509.8563371677794,-43.46735954294015,-43.46735954294015,-43.46735954294015,-43.46735954294015,-43.46735954294015,-43.46735954294015,0.0,0.0,0.0,1466.3889776248393
11707,2008-07-07,1510.4443292742753,1428.444232750539,1509.3010206096021,1510.4443292742753,1510.4443292742753,-43.60334535381575,-43.60334535381575,-43.60334535381575,-43.60334535381575,-43.60334535381575,-43.60334535381575,0.0,0.0,0.0,1466.8409839204596
11708,2008-07-08,1510.5913273008998,1422.465412091532,1509.7865487553468,1510.5913273008998,1510.5913273008998,-43.636391722799225,-43.636391722799225,-43.636391722799225,-43.636391722799225,-43.636391722799225,-43.636391722799225,0.0,0.0,0.0,1466.9549355781005
11709,2008-07-09,1510.7383253275236,1421.8993135425171,1507.4795336767938,1510.7383253275236,1510.7383253275236,-43.669054740597005,-43.669054740597005,-43.669054740597005,-43.669054740597005,-43.669054740597005,-43.669054740597005,0.0,0.0,0.0,1467.0692705869267
11710,2008-07-10,1510.8853233541477,1424.6531403274307,1509.288345362385,1510.8853233541477,1510.8853233541477,-43.70133277074739,-43.70133277074739,-43.70133277074739,-43.70133277074739,-43.70133277074739,-43.70133277074739,0.0,0.0,0.0,1467.1839905834004
11711,2008-07-11,1511.0323213807717,1426.6858358671675,1509.9509801013082,1511.0323213807717,1511.0323213807717,-43.73322418960554,-43.73322418960554,-43.73322418960554,-43.73322418960554,-43.73322418960554,-43.73322418960554,0.0,0.0,0.0,1467.299097191166
11712,2008-07-14,1511.4733154606436,1427.0218481994466,1512.1099637369207,1511.4733154606436,1511.4733154606436,-43.82656273476953,-43.82656273476953,-43.82656273476953,-43.82656273476953,-43.82656273476953,-43.82656273476953,0.0,0.0,0.0,1467.646752725874
11713,2008-07-15,1511.6203134872676,1426.0443795234698,1506.7115470363638,1511.6203134872676,1511.6203134872676,-43.856891729184476,-43.856891729184476,-43.856891729184476,-43.856891729184476,-43.856891729184476,-43.856891729184476,0.0,0.0,0.0,1467.763421758083
11714,2008-07-16,1511.7673115138916,1424.0897627971715,1509.3916076852763,1511.7673115138916,1511.7673115138916,-43.886826187120455,-43.886826187120455,-43.886826187120455,-43.886826187120455,-43.886826187120455,-43.886826187120455,0.0,0.0,0.0,1467.8804853267711
11715,2008-07-17,1511.9143095405154,1428.086902678703,1508.2487775630173,1511.9143095405154,1511.9143095405154,-43.916364562276605,-43.916364562276605,-43.916364562276605,-43.916364562276605,-43.916364562276605,-43.916364562276605,0.0,0.0,0.0,1467.9979449782388
11716,2008-07-18,1512.0613075671395,1424.5678953806382,1508.036906472843,1512.0613075671395,1512.0613075671395,-43.945505321303166,-43.945505321303166,-43.945505321303166,-43.945505321303166,-43.945505321303166,-43.945505321303166,0.0,0.0,0.0,1468.1158022458362
11717,2008-07-21,1512.5023016470122,1425.0751446979107,1509.0679259865306,1512.5023016470122,1512.5023016470122,-44.03052676277693,-44.03052676277693,-44.03052676277693,-44.03052676277693,-44.03052676277693,-44.03052676277693,0.0,0.0,0.0,1468.4717748842354
11718,2008-07-22,1512.649299673636,1426.7792870696514,1509.6280071869803,1512.649299673636,1512.649299673636,-44.05806198345177,-44.05806198345177,-44.05806198345177,-44.05806198345177,-44.05806198345177,-44.05806198345177,0.0,0.0,0.0,1468.5912376901842
11719,2008-07-23,1512.79629770026,1424.3695792193857,1507.9526375812593,1512.79629770026,1512.79629770026,-44.0851921161299,-44.0851921161299,-44.0851921161299,-44.0851921161299,-44.0851921161299,-44.0851921161299,0.0,0.0,0.0,1468.71110558413
11720,2008-07-24,1512.9432957268841,1426.7489326937266,1510.9228247945919,1512.9432957268841,1512.9432957268841,-44.111915705519976,-44.111915705519976,-44.111915705519976,-44.111915705519976,-44.111915705519976,-44.111915705519976,0.0,0.0,0.0,1468.831380021364
11721,2008-07-25,1513.0902937535081,1426.6158333555522,1507.8093225459356,1513.0902937535081,1513.0902937535081,-44.13823130939474,-44.13823130939474,-44.13823130939474,-44.13823130939474,-44.13823130939474,-44.13823130939474,0.0,0.0,0.0,1468.9520624441134
11722,2008-07-28,1513.53128783338,1427.3486171462314,1510.5767339025435,1513.5312878333802,1513.5312878333802,-44.21471598182796,-44.21471598182796,-44.21471598182796,-44.21471598182796,-44.21471598182796,-44.21471598182796,0.0,0.0,0.0,1469.316571851552
11723,2008-07-29,1513.678285860004,1429.1628755878053,1511.3956817299916,1513.678285860004,1513.678285860004,-44.23938548303788,-44.23938548303788,-44.23938548303788,-44.23938548303788,-44.23938548303788,-44.23938548303788,0.0,0.0,0.0,1469.438900376966
11724,2008-07-30,1513.825283886628,1427.251702258523,1512.9205879459603,1513.825283886628,1513.825283886628,-44.26363998396343,-44.26363998396343,-44.26363998396343,-44.26363998396343,-44.26363998396343,-44.26363998396343,0.0,0.0,0.0,1469.5616439026646
11725,2008-07-31,1513.972281913252,1429.3689113347016,1512.13604795712,1513.972281913252,1513.972281913252,-44.287478121014,-44.287478121014,-44.287478121014,-44.287478121014,-44.287478121014,-44.287478121014,0.0,0.0,0.0,1469.684803792238
11726,2008-08-01,1514.119279939876,1428.8392112450267,1513.5660454592803,1514.119279939876,1514.119279939876,-44.31089854374344,-44.31089854374344,-44.31089854374344,-44.31089854374344,-44.31089854374344,-44.31089854374344,0.0,0.0,0.0,1469.8083813961325
11727,2008-08-04,1514.5602740197482,1431.1022659097468,1512.006873929672,1514.5602740197482,1514.5602740197482,-44.37864021895313,-44.37864021895313,-44.37864021895313,-44.37864021895313,-44.37864021895313,-44.37864021895313,0.0,0.0,0.0,1470.1816338007952
11728,2008-08-05,1514.7072720463723,1428.6869210650307,1512.4223953073604,1514.7072720463723,1514.7072720463723,-44.40037654321588,-44.40037654321588,-44.40037654321588,-44.40037654321588,-44.40037654321588,-44.40037654321588,0.0,0.0,0.0,1470.3068955031565
11729,2008-08-06,1514.854270072996,1429.7156435164238,1510.7859166569187,1514.854270072996,1514.854270072996,-44.42168859846694,-44.42168859846694,-44.42168859846694,-44.42168859846694,-44.42168859846694,-44.42168859846694,0.0,0.0,0.0,1470.4325814745291
11730,2008-08-07,1515.0012680996201,1426.9681749418162,1512.543077364608,1515.0012680996201,1515.0012680996201,-44.44257511333767,-44.44257511333767,-44.44257511333767,-44.44257511333767,-44.44257511333767,-44.44257511333767,0.0,0.0,0.0,1470.5586929862825
11731,2008-08-08,1515.1482661262442,1425.6284906758417,1511.4038005080488,1515.1482661262442,1515.1482661262442,-44.463034829669446,-44.463034829669446,-44.463034829669446,-44.463034829669446,-44.463034829669446,-44.463034829669446,0.0,0.0,0.0,1470.6852312965748
11732,2008-08-11,1515.589260206116,1426.686694868476,1513.6116270018917,1515.589260206116,1515.589260206116,-44.52184080410185,-44.52184080410185,-44.52184080410185,-44.52184080410185,-44.52184080410185,-44.52184080410185,0.0,0.0,0.0,1471.0674194020141
11733,2008-08-12,1515.73625823274,1428.1148280494622,1513.247723975729,1515.73625823274,1515.73625823274,-44.54058100908346,-44.54058100908346,-44.54058100908346,-44.54058100908346,-44.54058100908346,-44.54058100908346,0.0,0.0,0.0,1471.1956772236565
11734,2008-08-13,1515.883256259364,1428.4985225118019,1510.6883937536056,1515.883256259364,1515.883256259364,-44.55888832308254,-44.55888832308254,-44.55888832308254,-44.55888832308254,-44.55888832308254,-44.55888832308254,0.0,0.0,0.0,1471.3243679362815
11735,2008-08-14,1516.0302542859881,1429.27451593122,1515.1399906986176,1516.0302542859881,1516.0302542859881,-44.576761567321334,-44.576761567321334,-44.576761567321334,-44.576761567321334,-44.576761567321334,-44.576761567321334,0.0,0.0,0.0,1471.453492718667
11736,2008-08-15,1516.177252312612,1428.248680200012,1513.8925758147648,1516.177252312612,1516.177252312612,-44.59419957626995,-44.59419957626995,-44.59419957626995,-44.59419957626995,-44.59419957626995,-44.59419957626995,0.0,0.0,0.0,1471.5830527363419
11737,2008-08-18,1516.618246392484,1432.4632008800413,1513.6122653763227,1516.618246392484,1516.618246392484,-44.643890734855916,-44.643890734855916,-44.643890734855916,-44.643890734855916,-44.643890734855916,-44.643890734855916,0.0,0.0,0.0,1471.9743556576282
11738,2008-08-19,1516.7652444191078,1424.9194549014808,1513.1343522501231,1516.7652444191078,1516.7652444191078,-44.659576412412605,-44.659576412412605,-44.659576412412605,-44.659576412412605,-44.659576412412605,-44.659576412412605,0.0,0.0,0.0,1472.1056680066952
11739,2008-08-20,1516.9122424457325,1429.8489740511113,1514.8743160341626,1516.9122424457325,1516.9122424457325,-44.674821225855055,-44.674821225855055,-44.674821225855055,-44.674821225855055,-44.674821225855055,-44.674821225855055,0.0,0.0,0.0,1472.2374212198774
11740,2008-08-21,1517.0592404723566,1432.393290297567,1517.5561477067126,1517.0592404723566,1517.0592404723566,-44.689624089205346,-44.689624089205346,-44.689624089205346,-44.689624089205346,-44.689624089205346,-44.689624089205346,0.0,0.0,0.0,1472.3696163831512
11741,2008-08-22,1517.2062384989806,1431.308553896328,1515.9360552764163,1517.2062384989806,1517.2062384989806,-44.703983929743806,-44.703983929743806,-44.703983929743806,-44.703983929743806,-44.703983929743806,-44.703983929743806,0.0,0.0,0.0,1472.5022545692368
11742,2008-08-25,1517.6472325788525,1428.9920188669578,1515.926021286045,1517.6472325788525,1517.6472325788525,-44.74439478629146,-44.74439478629146,-44.74439478629146,-44.74439478629146,-44.74439478629146,-44.74439478629146,0.0,0.0,0.0,1472.902837792561
11743,2008-08-26,1517.7942306054765,1427.4187935539344,1514.6708671897693,1517.7942306054765,1517.7942306054765,-44.75697207370767,-44.75697207370767,-44.75697207370767,-44.75697207370767,-44.75697207370767,-44.75697207370767,0.0,0.0,0.0,1473.0372585317689
11744,2008-08-27,1517.9412286321005,1429.0413602674716,1515.1758797636917,1517.9412286321005,1517.9412286321005,-44.769101173692874,-44.769101173692874,-44.769101173692874,-44.769101173692874,-44.769101173692874,-44.769101173692874,0.0,0.0,0.0,1473.1721274584077
11745,2008-08-28,1518.0882266587244,1432.1404706354087,1511.0339075349266,1518.0882266587244,1518.0882266587244,-44.780781093113255,-44.780781093113255,-44.780781093113255,-44.780781093113255,-44.780781093113255,-44.780781093113255,0.0,0.0,0.0,1473.307445565611
11746,2008-08-29,1518.2352246853484,1427.6355292268381,1515.9610296412945,1518.2352246853484,1518.2352246853484,-44.792010852089504,-44.792010852089504,-44.792010852089504,-44.792010852089504,-44.792010852089504,-44.792010852089504,0.0,0.0,0.0,1473.4432138332588
11747,2008-09-02,1518.8232167918447,1429.9613593576748,1520.2952462846658,1518.8232167918447,1518.8232167918447,-44.83240914989326,-44.83240914989326,-44.83240914989326,-44.83240914989326,-44.83240914989326,-44.83240914989326,0.0,0.0,0.0,1473.9908076419515
11748,2008-09-03,1518.9702148184688,1431.9582481225875,1515.2328716667928,1518.9702148184688,1518.9702148184688,-44.84137387232461,-44.84137387232461,-44.84137387232461,-44.84137387232461,-44.84137387232461,-44.84137387232461,0.0,0.0,0.0,1474.1288409461442
11749,2008-09-04,1519.1172128450926,1432.9006441270105,1517.3422079891163,1519.1172128450926,1519.1172128450926,-44.84988283329672,-44.84988283329672,-44.84988283329672,-44.84988283329672,-44.84988283329672,-44.84988283329672,0.0,0.0,0.0,1474.2673300117958
11750,2008-09-05,1519.2642108717166,1425.7003474521146,1515.6222101051271,1519.2642108717166,1519.2642108717166,-44.85793514564239,-44.85793514564239,-44.85793514564239,-44.85793514564239,-44.85793514564239,-44.85793514564239,0.0,0.0,0.0,1474.4062757260742
11751,2008-09-08,1519.7052049515885,1431.1650630168526,1517.6356846964702,1519.7052049515885,1519.7052049515885,-44.8793435175777,-44.8793435175777,-44.8793435175777,-44.8793435175777,-44.8793435175777,-44.8793435175777,0.0,0.0,0.0,1474.8258614340107
11752,2008-09-09,1519.8522029782125,1431.7935172142363,1517.281212685427,1519.8522029782125,1519.8522029782125,-44.88556062814341,-44.88556062814341,-44.88556062814341,-44.88556062814341,-44.88556062814341,-44.88556062814341,0.0,0.0,0.0,1474.9666423500692
11753,2008-09-10,1519.9992010048366,1432.6956475058325,1516.915708661931,1519.9992010048366,1519.9992010048366,-44.89131685248552,-44.89131685248552,-44.89131685248552,-44.89131685248552,-44.89131685248552,-44.89131685248552,0.0,0.0,0.0,1475.107884152351
11754,2008-09-11,1520.1461990314606,1431.5419176586884,1517.5604496489118,1520.1461990314606,1520.1461990314606,-44.89661138268682,-44.89661138268682,-44.89661138268682,-44.89661138268682,-44.89661138268682,-44.89661138268682,0.0,0.0,0.0,1475.2495876487737
11755,2008-09-12,1520.2931970580844,1435.1342265321607,1517.7425071242956,1520.2931970580844,1520.2931970580844,-44.90144342400488,-44.90144342400488,-44.90144342400488,-44.90144342400488,-44.90144342400488,-44.90144342400488,0.0,0.0,0.0,1475.3917536340796
11756,2008-09-15,1520.7341911379565,1431.5194882413618,1517.31047590062,1520.7341911379565,1520.7341911379565,-44.91315686478686,-44.91315686478686,-44.91315686478686,-44.91315686478686,-44.91315686478686,-44.91315686478686,0.0,0.0,0.0,1475.8210342731695
11757,2008-09-16,1520.8811891645805,1431.5233184261153,1520.161020039758,1520.8811891645805,1520.8811891645805,-44.91613126647216,-44.91613126647216,-44.91613126647216,-44.91613126647216,-44.91613126647216,-44.91613126647216,0.0,0.0,0.0,1475.9650578981084
11758,2008-09-17,1521.0281871912043,1432.2829222517182,1518.5267342907625,1521.0281871912043,1521.0281871912043,-44.91863940296092,-44.91863940296092,-44.91863940296092,-44.91863940296092,-44.91863940296092,-44.91863940296092,0.0,0.0,0.0,1476.1095477882434
11759,2008-09-18,1521.1751852178288,1434.340966405161,1520.0222648000645,1521.1751852178288,1521.1751852178288,-44.92068055839817,-44.92068055839817,-44.92068055839817,-44.92068055839817,-44.92068055839817,-44.92068055839817,0.0,0.0,0.0,1476.2545046594307
11760,2008-09-19,1521.322183244453,1432.9136255398848,1519.0267531434304,1521.322183244453,1521.322183244453,-44.922254030034885,-44.922254030034885,-44.922254030034885,-44.922254030034885,-44.922254030034885,-44.922254030034885,0.0,0.0,0.0,1476.399929214418
11761,2008-09-22,1521.763177324325,1432.7994652698117,1521.8355235775164,1521.763177324325,1521.763177324325,-44.92416151106186,-44.92416151106186,-44.92416151106186,-44.92416151106186,-44.92416151106186,-44.92416151106186,0.0,0.0,0.0,1476.8390158132631
11762,2008-09-23,1521.910175350949,1432.990898379259,1519.6169185529295,1521.910175350949,1521.910175350949,-44.92385748178957,-44.92385748178957,-44.92385748178957,-44.92385748178957,-44.92385748178957,-44.92385748178957,0.0,0.0,0.0,1476.9863178691594
11763,2008-09-24,1522.057173377573,1432.7088765804795,1518.791433252881,1522.057173377573,1522.057173377573,-44.92308245119254,-44.92308245119254,-44.92308245119254,-44.92308245119254,-44.92308245119254,-44.92308245119254,0.0,0.0,0.0,1477.1340909263804
11764,2008-09-25,1522.204171404197,1429.3151113228662,1523.155673831316,1522.204171404197,1522.204171404197,-44.92183579491307,-44.92183579491307,-44.92183579491307,-44.92183579491307,-44.92183579491307,-44.92183579491307,0.0,0.0,0.0,1477.282335609284
11765,2008-09-26,1522.3511694308213,1437.4318565617857,1518.2514046813656,1522.3511694308213,1522.3511694308213,-44.920116901614804,-44.920116901614804,-44.920116901614804,-44.920116901614804,-44.920116901614804,-44.920116901614804,0.0,0.0,0.0,1477.4310525292065
11766,2008-09-29,1522.7921635106932,1435.1721324009095,1520.2489888230712,1522.7921635106932,1522.7921635106932,-44.912120881154145,-44.912120881154145,-44.912120881154145,-44.912120881154145,-44.912120881154145,-44.912120881154145,0.0,0.0,0.0,1477.880042629539
11767,2008-09-30,1522.9391615373172,1431.7285046412908,1520.4734002932173,1522.9391615373172,1522.9391615373172,-44.908507186201625,-44.908507186201625,-44.908507186201625,-44.908507186201625,-44.908507186201625,-44.908507186201625,0.0,0.0,0.0,1478.0306543511156
11768,2008-10-01,1523.0861595639412,1430.1641630089996,1518.0555940575932,1523.0861595639412,1523.0861595639412,-44.90441839225779,-44.90441839225779,-44.90441839225779,-44.90441839225779,-44.90441839225779,-44.90441839225779,0.0,0.0,0.0,1478.1817411716834
11769,2008-10-02,1523.233157590565,1432.7957489928237,1518.2523321927936,1523.233157590565,1523.233157590565,-44.8998539657566,-44.8998539657566,-44.8998539657566,-44.8998539657566,-44.8998539657566,-44.8998539657566,0.0,0.0,0.0,1478.3333036248084
11770,2008-10-03,1523.380155617189,1435.6815703511895,1521.4057154988368,1523.380155617189,1523.380155617189,-44.894813386039964,-44.894813386039964,-44.894813386039964,-44.894813386039964,-44.894813386039964,-44.894813386039964,0.0,0.0,0.0,1478.4853422311492
11771,2008-10-06,1523.821149697061,1434.8253087281596,1521.2955927660244,1523.821149697061,1523.821149697061,-44.876829714176736,-44.876829714176736,-44.876829714176736,-44.876829714176736,-44.876829714176736,-44.876829714176736,0.0,0.0,0.0,1478.9443199828843
11772,2008-10-07,1523.968147723685,1434.1418654011538,1522.2710218016641,1523.9468809759717,1523.968147723685,-44.86987957244319,-44.86987957244319,-44.86987957244319,-44.86987957244319,-44.86987957244319,-44.86987957244319,0.0,0.0,0.0,1479.0982681512419
11773,2008-10-08,1524.115145750309,1437.530464393117,1521.9143236434886,1524.0570260669192,1524.1151457503088,-44.86245086711456,-44.86245086711456,-44.86245086711456,-44.86245086711456,-44.86245086711456,-44.86245086711456,0.0,0.0,0.0,1479.2526948831944
11774,2008-10-09,1524.262143776933,1431.5528297155834,1523.5332354466673,1523.8036606001874,1524.262143776933,-44.85454315456576,-44.85454315456576,-44.85454315456576,-44.85454315456576,-44.85454315456576,-44.85454315456576,0.0,0.0,0.0,1479.4076006223672
11775,2008-10-10,1524.409141803557,1432.819969540887,1519.3245743757784,1523.6839443062177,1524.409141803557,-44.8461560039414,-44.8461560039414,-44.8461560039414,-44.8461560039414,-44.8461560039414,-44.8461560039414,0.0,0.0,0.0,1479.5629857996157
11776,2008-10-13,1524.850135883429,1434.8371610207773,1525.5607210927542,1524.090210026846,1524.850135883429,-44.818113806192535,-44.818113806192535,-44.818113806192535,-44.818113806192535,-44.818113806192535,-44.818113806192535,0.0,0.0,0.0,1480.0320220772364
11777,2008-10-14,1524.997133910053,1435.3860310976788,1523.868356896597,1524.2647633825795,1524.997133910053,-44.807804849397186,-44.807804849397186,-44.807804849397186,-44.807804849397186,-44.807804849397186,-44.807804849397186,0.0,0.0,0.0,1480.1893290606558
11778,2008-10-15,1525.1441319366772,1434.9242636532138,1520.9907544392727,1524.6157039736265,1525.1441319366772,-44.79701449107259,-44.79701449107259,-44.79701449107259,-44.79701449107259,-44.79701449107259,-44.79701449107259,0.0,0.0,0.0,1480.3471174456047
11779,2008-10-16,1525.2911299633013,1436.177325871869,1522.1484775908666,1524.966644564673,1525.2911299633013,-44.785742376536085,-44.785742376536085,-44.785742376536085,-44.785742376536085,-44.785742376536085,-44.785742376536085,0.0,0.0,0.0,1480.5053875867652
11780,2008-10-17,1525.438127989925,1437.661974627436,1524.511466422421,1525.3040808809847,1525.438127989925,-44.7739881637251,-44.7739881637251,-44.7739881637251,-44.7739881637251,-44.7739881637251,-44.7739881637251,0.0,0.0,0.0,1480.6641398262
11781,2008-10-20,1525.8791220697974,1432.739280129364,1522.740105027125,1525.4161004984778,1525.8821539116304,-44.73582970377458,-44.73582970377458,-44.73582970377458,-44.73582970377458,-44.73582970377458,-44.73582970377458,0.0,0.0,0.0,1481.143292366023
11782,2008-10-21,1526.0261200964214,1437.1657107253852,1526.5650656315565,1525.4534403709754,1526.029335341897,-44.72214392874545,-44.72214392874545,-44.72214392874545,-44.72214392874545,-44.72214392874545,-44.72214392874545,0.0,0.0,0.0,1481.303976167676
11783,2008-10-22,1526.1731181230455,1436.9513347224367,1524.9262031119647,1525.490780243473,1526.2099521447226,-44.70797453354727,-44.70797453354727,-44.70797453354727,-44.70797453354727,-44.70797453354727,-44.70797453354727,0.0,0.0,0.0,1481.4651435894982
11784,2008-10-23,1526.3201161496697,1434.6147277511886,1526.1211718045836,1525.5281201159705,1526.358699430273,-44.69332125131115,-44.69332125131115,-44.69332125131115,-44.69332125131115,-44.69332125131115,-44.69332125131115,0.0,0.0,0.0,1481.6267948983586
11785,2008-10-24,1526.4671141762938,1436.235805071136,1521.773469511073,1525.5868430031267,1526.5458002175435,-44.67818382761585,-44.67818382761585,-44.67818382761585,-44.67818382761585,-44.67818382761585,-44.67818382761585,0.0,0.0,0.0,1481.788930348678
11786,2008-10-27,1526.9081082561656,1436.0685189836365,1525.8783706170818,1525.8754515797002,1527.0008630525822,-44.62986434966033,-44.62986434966033,-44.62986434966033,-44.62986434966033,-44.62986434966033,-44.62986434966033,0.0,0.0,0.0,1482.2782439065054
11787,2008-10-28,1527.0551062827897,1437.4679289507367,1526.5337042812725,1525.8295014214184,1527.1824594673408,-44.61278806386643,-44.61278806386643,-44.61278806386643,-44.61278806386643,-44.61278806386643,-44.61278806386643,0.0,0.0,0.0,1482.4423182189232
11788,2008-10-29,1527.2021043094137,1438.4888500651598,1532.3632434973094,1525.80145758423,1527.6162997136294,-44.595226550237065,-44.595226550237065,-44.595226550237065,-44.595226550237065,-44.595226550237065,-44.595226550237065,0.0,0.0,0.0,1482.6068777591765
11789,2008-10-30,1527.3491023360377,1439.1015282093167,1530.2264506938382,1525.9184161233516,1527.8095554208762,-44.57717962845327,-44.57717962845327,-44.57717962845327,-44.57717962845327,-44.57717962845327,-44.57717962845327,0.0,0.0,0.0,1482.7719227075845
11790,2008-10-31,1527.4961003626615,1440.5635940331804,1527.6636409152327,1526.050329971913,1527.9917419564358,-44.558647130450986,-44.558647130450986,-44.558647130450986,-44.558647130450986,-44.558647130450986,-44.558647130450986,0.0,0.0,0.0,1482.9374532322106
11791,2008-11-03,1527.9370944425336,1435.05966600929,1530.967025817282,1526.4189905810103,1528.672198883082,-44.500134681661144,-44.500134681661144,-44.500134681661144,-44.500134681661144,-44.500134681661144,-44.500134681661144,0.0,0.0,0.0,1483.4369597608725
11792,2008-11-04,1528.0840924691574,1439.0161261995556,1527.0118281897169,1526.4718362352316,1528.8304666170723,-44.47965844217175,-44.47965844217175,-44.47965844217175,-44.47965844217175,-44.47965844217175,-44.47965844217175,0.0,0.0,0.0,1483.6044340269857
11793,2008-11-05,1528.2310904957815,1439.2925059067152,1528.5052420599973,1526.494949755859,1528.9887126954632,-44.45869596891019,-44.45869596891019,-44.45869596891019,-44.45869596891019,-44.45869596891019,-44.45869596891019,0.0,0.0,0.0,1483.7723945268713
11794,2008-11-06,1528.3780885224055,1437.5321495767585,1526.0641396946303,1526.5556113795737,1529.2576518663163,-44.437247166711025,-44.437247166711025,-44.437247166711025,-44.437247166711025,-44.437247166711025,-44.437247166711025,0.0,0.0,0.0,1483.9408413556944
11795,2008-11-07,1528.5250865490295,1438.9263643437005,1525.3129308995738,1526.587007637032,1529.535029212642,-44.41531195245359,-44.41531195245359,-44.41531195245359,-44.41531195245359,-44.41531195245359,-44.41531195245359,0.0,0.0,0.0,1484.109774596576
11796,2008-11-10,1528.9660806289014,1436.883728606841,1527.807454154647,1526.4841749197467,1530.5020782793183,-44.346587186105666,-44.346587186105666,-44.346587186105666,-44.346587186105666,-44.346587186105666,-44.346587186105666,0.0,0.0,0.0,1484.6194934427958
11797,2008-11-11,1529.1130786555257,1439.014146520006,1527.8467755307745,1526.3344112685154,1530.6886613663794,-44.32270573216301,-44.32270573216301,-44.32270573216301,-44.32270573216301,-44.32270573216301,-44.32270573216301,0.0,0.0,0.0,1484.7903729233626
11798,2008-11-12,1529.2600766821497,1443.4448418274822,1530.341083025948,1526.4063958508073,1530.8752444534405,-44.29833763009624,-44.29833763009624,-44.29833763009624,-44.29833763009624,-44.29833763009624,-44.29833763009624,0.0,0.0,0.0,1484.9617390520534
11799,2008-11-13,1529.4070747087737,1438.5750812074448,1527.8894288636934,1526.5037499295668,1531.0568862107755,-44.27348286837231,-44.27348286837231,-44.27348286837231,-44.27348286837231,-44.27348286837231,-44.27348286837231,0.0,0.0,0.0,1485.1335918404013
11800,2008-11-14,1529.5540727353978,1440.7898558274226,1526.1271025137403,1526.6011040083265,1531.2268567021217,-44.248141447277185,-44.248141447277185,-44.248141447277185,-44.248141447277185,-44.248141447277185,-44.248141447277185,0.0,0.0,0.0,1485.3059312881205
11801,2008-11-17,1529.9950668152696,1440.3896802617858,1533.2698177621314,1526.8931662446057,1531.8305493424104,-44.169197407132415,-44.169197407132415,-44.169197407132415,-44.169197407132415,-44.169197407132415,-44.169197407132415,0.0,0.0,0.0,1485.8258694081371
11802,2008-11-18,1530.1420648418944,1441.0405761281484,1528.5361184008182,1526.9905203233657,1532.2217537123774,-44.141909586525905,-44.141909586525905,-44.141909586525905,-44.141909586525905,-44.141909586525905,-44.141909586525905,0.0,0.0,0.0,1486.0001552553686
11803,2008-11-19,1530.2890628685182,1441.436127655421,1529.6100897162323,1527.0878744021256,1532.5069571612967,-44.11413528401541,-44.11413528401541,-44.11413528401541,-44.11413528401541,-44.11413528401541,-44.11413528401541,0.0,0.0,0.0,1486.1749275845027
11804,2008-11-20,1530.4360608951422,1439.8077449228906,1529.7342973587831,1527.1852284808856,1532.7712400399662,-44.085874570059964,-44.085874570059964,-44.085874570059964,-44.085874570059964,-44.085874570059964,-44.085874570059964,0.0,0.0,0.0,1486.3501863250822
11805,2008-11-21,1530.5830589217662,1439.058665327779,1531.399122865441,1527.2485019964793,1533.0355229186355,-44.05712752669117,-44.05712752669117,-44.05712752669117,-44.05712752669117,-44.05712752669117,-44.05712752669117,0.0,0.0,0.0,1486.525931395075
11806,2008-11-24,1531.024053001638,1440.9609326595958,1532.0740026271505,1527.3924529000249,1533.8554279427058,-43.96796941322724,-43.96796941322724,-43.96796941322724,-43.96796941322724,-43.96796941322724,-43.96796941322724,0.0,0.0,0.0,1487.056083588411
11807,2008-11-25,1531.1710510282621,1441.2204226613221,1531.7676303299504,1527.4243438151173,1534.1553103635754,-43.937278102677126,-43.937278102677126,-43.937278102677126,-43.937278102677126,-43.937278102677126,-43.937278102677126,0.0,0.0,0.0,1487.233772925585
11808,2008-11-26,1531.3180490548862,1440.0466501812275,1532.7297126076069,1527.46135827945,1534.4247925690133,-43.90610104516704,-43.90610104516704,-43.90610104516704,-43.90610104516704,-43.90610104516704,-43.90610104516704,0.0,0.0,0.0,1487.411948009719
11809,2008-11-28,1531.612045108134,1440.681827284477,1530.1612675392976,1527.4304598966542,1534.9825062424022,-43.84229030333914,-43.84229030333914,-43.84229030333914,-43.84229030333914,-43.84229030333914,-43.84229030333914,0.0,0.0,0.0,1487.769754804795
11810,2008-12-01,1532.053039188006,1440.7587628688107,1531.6025668219731,1527.6359320711676,1535.9805728910605,-43.742935222461696,-43.742935222461696,-43.742935222461696,-43.742935222461696,-43.742935222461696,-43.742935222461696,0.0,0.0,0.0,1488.3101039655444
11811,2008-12-02,1532.20003721463,1438.0675515456733,1534.1859647282022,1527.6626475136509,1536.3877550610212,-43.708847242228174,-43.708847242228174,-43.708847242228174,-43.708847242228174,-43.708847242228174,-43.708847242228174,0.0,0.0,0.0,1488.4911899724018
11812,2008-12-03,1532.347035241254,1444.1650561388783,1533.0009326530537,1527.697677870314,1536.645950656833,-43.67427480604419,-43.67427480604419,-43.67427480604419,-43.67427480604419,-43.67427480604419,-43.67427480604419,0.0,0.0,0.0,1488.6727604352097
11813,2008-12-04,1532.494033267878,1441.8115406967477,1533.818630616735,1527.8250660092515,1536.9178178612926,-43.63921814295839,-43.63921814295839,-43.63921814295839,-43.63921814295839,-43.63921814295839,-43.63921814295839,0.0,0.0,0.0,1488.8548151249195
11814,2008-12-05,1532.641031294502,1436.2461285741028,1534.9381433027825,1527.8661193659416,1537.1891015509946,-43.60367749305612,-43.60367749305612,-43.60367749305612,-43.60367749305612,-43.60367749305612,-43.60367749305612,0.0,0.0,0.0,1489.037353801446
11815,2008-12-08,1533.0820253743743,1441.28881583998,1535.0685443464045,1527.989279436012,1537.9870856919636,-43.49415418795094,-43.49415418795094,-43.49415418795094,-43.49415418795094,-43.49415418795094,-43.49415418795094,0.0,0.0,0.0,1489.5878711864234
11816,2008-12-09,1533.2290234009981,1442.4516116188229,1534.2129267175205,1528.0303327927024,1538.242769389388,-43.456680210886525,-43.456680210886525,-43.456680210886525,-43.456680210886525,-43.456680210886525,-43.456680210886525,0.0,0.0,0.0,1489.7723431901115
11817,2008-12-10,1533.3760214276222,1447.3589279171977,1536.7250555151518,1528.0713861493925,1538.498453086812,-43.41872361151288,-43.41872361151288,-43.41872361151288,-43.41872361151288,-43.41872361151288,-43.41872361151288,0.0,0.0,0.0,1489.9572978161093
11818,2008-12-11,1533.5230194542462,1439.8628077737608,1535.9297537050682,1528.1124395060824,1538.7434595752006,-43.38028469525788,-43.38028469525788,-43.38028469525788,-43.38028469525788,-43.38028469525788,-43.38028469525788,0.0,0.0,0.0,1490.1427347589884
11819,2008-12-12,1533.6700174808702,1444.2242278308004,1537.2846622925256,1528.153492862773,1538.9357485275907,-43.34136377829375,-43.34136377829375,-43.34136377829375,-43.34136377829375,-43.34136377829375,-43.34136377829375,0.0,0.0,0.0,1490.3286537025765
11820,2008-12-15,1534.111011560742,1444.5520087442092,1537.7717111293423,1528.2766529328435,1539.8294773022596,-43.22171234510404,-43.22171234510404,-43.22171234510404,-43.22171234510404,-43.22171234510404,-43.22171234510404,0.0,0.0,0.0,1490.889299215638
11821,2008-12-16,1534.2580095873661,1444.8092272096333,1535.0801913177525,1528.3177062895336,1540.0867987411543,-43.18086680037812,-43.18086680037812,-43.18086680037812,-43.18086680037812,-43.18086680037812,-43.18086680037812,0.0,0.0,0.0,1491.077142786988
11822,2008-12-17,1534.4050076139902,1443.5383803607901,1539.8687643428657,1528.3587596462237,1540.3441201800488,-43.13954099544145,-43.13954099544145,-43.13954099544145,-43.13954099544145,-43.13954099544145,-43.13954099544145,0.0,0.0,0.0,1491.2654666185488
11823,2008-12-18,1534.5520056406147,1442.1863645239273,1540.2612137268607,1528.3295659511798,1540.6014416189441,-43.09773531001838,-43.09773531001838,-43.09773531001838,-43.09773531001838,-43.09773531001838,-43.09773531001838,0.0,0.0,0.0,1491.4542703305963
11824,2008-12-19,1534.6990036672387,1442.4990069948901,1535.8700934731792,1528.2452478815057,1540.8141814421633,-43.05545013426885,-43.05545013426885,-43.05545013426885,-43.05545013426885,-43.05545013426885,-43.05545013426885,0.0,0.0,0.0,1491.64355353297
11825,2008-12-22,1535.1399977471106,1445.9544739371206,1540.4365903921466,1527.7596794424521,1541.6562551975314,-42.92572172229217,-42.92572172229217,-42.92572172229217,-42.92572172229217,-42.92572172229217,-42.92572172229217,0.0,0.0,0.0,1492.2142760248184
11826,2008-12-23,1535.2869957737346,1444.583883483617,1537.7147883957873,1527.761841417004,1541.8896963724485,-42.88152269402426,-42.88152269402426,-42.88152269402426,-42.88152269402426,-42.88152269402426,-42.88152269402426,0.0,0.0,0.0,1492.4054730797104
11827,2008-12-24,1535.4339938003586,1444.70445477577,1540.3472614498942,1527.8079047199499,1542.1933477670668,-42.83684628122122,-42.83684628122122,-42.83684628122122,-42.83684628122122,-42.83684628122122,-42.83684628122122,0.0,0.0,0.0,1492.5971475191375
11828,2008-12-26,1535.7279898536067,1446.2042302813272,1543.6357195666048,1527.4593989210161,1542.7479353692986,-42.74606311947304,-42.74606311947304,-42.74606311947304,-42.74606311947304,-42.74606311947304,-42.74606311947304,0.0,0.0,0.0,1492.9819267341336
11829,2008-12-29,1536.1689839334786,1444.1250629942592,1543.182443598869,1527.4405658927765,1543.5042957483279,-42.60631961660804,-42.60631961660804,-42.60631961660804,-42.60631961660804,-42.60631961660804,-42.60631961660804,0.0,0.0,0.0,1493.5626643168705
11830,2008-12-30,1536.3159819601026,1446.2562353659284,1540.6717738459831,1527.5324942709412,1543.7376127608723,-42.558788737657906,-42.558788737657906,-42.558788737657906,-42.558788737657906,-42.558788737657906,-42.558788737657906,0.0,0.0,0.0,1493.7571932224446
11831,2008-12-31,1536.4629799867264,1443.5494154106395,1542.9856647050442,1527.6293467685596,1543.9398931094906,-42.51078384786913,-42.51078384786913,-42.51078384786913,-42.51078384786913,-42.51078384786913,-42.51078384786913,0.0,0.0,0.0,1493.9521961388573
11832,2009-01-02,1536.7569760399745,1445.4837037476625,1541.8518124348943,1527.7718857063323,1544.4429390482474,-42.4133541322582,-42.4133541322582,-42.4133541322582,-42.4133541322582,-42.4133541322582,-42.4133541322582,0.0,0.0,0.0,1494.3436219077162
11833,2009-01-05,1537.1979701198468,1439.1414544984345,1545.0460725854768,1527.9809141404517,1545.2618047615163,-42.26366783644519,-42.26366783644519,-42.26366783644519,-42.26366783644519,-42.26366783644519,-42.26366783644519,0.0,0.0,0.0,1494.9343022834016
11834,2009-01-06,1537.3449681464706,1448.5545012536381,1543.9095279535582,1527.944585866548,1545.535285801745,-42.2128301776024,-42.2128301776024,-42.2128301776024,-42.2128301776024,-42.2128301776024,-42.2128301776024,0.0,0.0,0.0,1495.1321379688682
11835,2009-01-07,1537.4919661730946,1444.4245546845582,1546.5594703004717,1527.8451163711807,1545.878091401704,-42.16152236344667,-42.16152236344667,-42.16152236344667,-42.16152236344667,-42.16152236344667,-42.16152236344667,0.0,0.0,0.0,1495.330443809648
11836,2009-01-08,1537.6389641997187,1445.5858497338058,1543.8336103804227,1527.8253890552407,1546.145226889408,-42.10974498312865,-42.10974498312865,-42.10974498312865,-42.10974498312865,-42.10974498312865,-42.10974498312865,0.0,0.0,0.0,1495.52921921659
11837,2009-01-09,1537.7859622263427,1443.7190079990733,1541.5096517280915,1527.622396214016,1546.412362377112,-42.05749863524061,-42.05749863524061,-42.05749863524061,-42.05749863524061,-42.05749863524061,-42.05749863524061,0.0,0.0,0.0,1495.7284635911021
11838,2009-01-12,1538.2269563062146,1444.9617197547993,1546.117329871049,1527.6406696721676,1547.1989278712217,-41.8979519126521,-41.8979519126521,-41.8979519126521,-41.8979519126521,-41.8979519126521,-41.8979519126521,0.0,0.0,0.0,1496.3290043935624
11839,2009-01-13,1538.3739543328386,1446.9156813952998,1547.54306545494,1527.6533877217048,1547.4563341829785,-41.84383586748183,-41.84383586748183,-41.84383586748183,-41.84383586748183,-41.84383586748183,-41.84383586748183,0.0,0.0,0.0,1496.5301184653567
11840,2009-01-14,1538.5209523594626,1447.839079880509,1544.666235307477,1527.666105771242,1547.6785059390222,-41.78925398756601,-41.78925398756601,-41.78925398756601,-41.78925398756601,-41.78925398756601,-41.78925398756601,0.0,0.0,0.0,1496.7316983718965
11841,2009-01-15,1538.6679503860864,1450.1357028115915,1545.7007065934165,1527.695950338062,1547.9863124342114,-41.73420692708614,-41.73420692708614,-41.73420692708614,-41.73420692708614,-41.73420692708614,-41.73420692708614,0.0,0.0,0.0,1496.9337434590002
11842,2009-01-16,1538.8149484127105,1448.2859225007637,1546.74418582531,1527.729895543298,1548.4643030167,-41.67869534930796,-41.67869534930796,-41.67869534930796,-41.67869534930796,-41.67869534930796,-41.67869534930796,0.0,0.0,0.0,1497.1362530634026
11843,2009-01-20,1539.402940519207,1447.3166678966395,1549.3750800874386,1527.5364286293488,1549.3589848565914,-41.45201744567659,-41.45201744567659,-41.45201744567659,-41.45201744567659,-41.45201744567659,-41.45201744567659,0.0,0.0,0.0,1497.9509230735305
11844,2009-01-21,1539.549938545831,1446.5349570147885,1545.4135804967154,1527.4230200540624,1549.632825008813,-41.3941935447982,-41.3941935447982,-41.3941935447982,-41.3941935447982,-41.3941935447982,-41.3941935447982,0.0,0.0,0.0,1498.155745001033
11845,2009-01-22,1539.6969365724551,1450.6518541822638,1544.8988244420839,1527.3096114787763,1550.2365085521672,-41.335909294119745,-41.335909294119745,-41.335909294119745,-41.335909294119745,-41.335909294119745,-41.335909294119745,0.0,0.0,0.0,1498.3610272783353
11846,2009-01-23,1539.8439345990791,1449.5769439374913,1547.82961712958,1527.2009285756117,1550.7205538364017,-41.27716541905076,-41.27716541905076,-41.27716541905076,-41.27716541905076,-41.27716541905076,-41.27716541905076,0.0,0.0,0.0,1498.5667691800284
11847,2009-01-26,1540.284928678951,1449.7207302375095,1549.1788409961318,1526.879448935292,1551.4261813328492,-41.09818343126905,-41.09818343126905,-41.09818343126905,-41.09818343126905,-41.09818343126905,-41.09818343126905,0.0,0.0,0.0,1499.186745247682
11848,2009-01-27,1540.431926705575,1448.1779027965413,1550.0746282381235,1526.7833232178386,1551.6253467666259,-41.03760848525727,-41.03760848525727,-41.03760848525727,-41.03760848525727,-41.03760848525727,-41.03760848525727,0.0,0.0,0.0,1499.3943182203177
11849,2009-01-28,1540.5789247321989,1448.8505789428714,1548.437657299359,1526.7341375916137,1551.8245122004025,-40.97657767082741,-40.97657767082741,-40.97657767082741,-40.97657767082741,-40.97657767082741,-40.97657767082741,0.0,0.0,0.0,1499.6023470613713
11850,2009-01-29,1540.7259227588233,1447.9107305520452,1547.987348058059,1526.6925923555148,1552.0236776341792,-40.91509176458357,-40.91509176458357,-40.91509176458357,-40.91509176458357,-40.91509176458357,-40.91509176458357,0.0,0.0,0.0,1499.8108309942397
11851,2009-01-30,1540.8729207854474,1451.885091544705,1547.0641412571506,1526.663561556889,1552.2228430679563,-40.85315155147211,-40.85315155147211,-40.85315155147211,-40.85315155147211,-40.85315155147211,-40.85315155147211,0.0,0.0,0.0,1500.0197692339752
11852,2009-02-02,1541.3139148653192,1450.7451406281966,1551.1629225995505,1526.6669186104496,1552.8464990360924,-40.66461304441561,-40.66461304441561,-40.66461304441561,-40.66461304441561,-40.66461304441561,-40.66461304441561,0.0,0.0,0.0,1500.6493018209037
11853,2009-02-03,1541.4609128919433,1451.909921524201,1548.4707333490821,1526.5547705923982,1553.4483081088852,-40.60086361826774,-40.60086361826774,-40.60086361826774,-40.60086361826774,-40.60086361826774,-40.60086361826774,0.0,0.0,0.0,1500.8600492736755
11854,2009-02-04,1541.607910918567,1448.8442615690212,1548.9443294340824,1526.5043502125775,1554.1469083136785,-40.53666393322794,-40.53666393322794,-40.53666393322794,-40.53666393322794,-40.53666393322794,-40.53666393322794,0.0,0.0,0.0,1501.0712469853393
11855,2009-02-05,1541.7549089451911,1450.510882448873,1550.823305885198,1526.2968110554311,1554.5743082698823,-40.47201482315451,-40.47201482315451,-40.47201482315451,-40.47201482315451,-40.47201482315451,-40.47201482315451,0.0,0.0,0.0,1501.2828941220366
11856,2009-02-06,1541.9019069718152,1449.7203699797237,1551.3020517301761,1526.150053540402,1554.809230647705,-40.40691712986238,-40.40691712986238,-40.40691712986238,-40.40691712986238,-40.40691712986238,-40.40691712986238,0.0,0.0,0.0,1501.4949898419527
11857,2009-02-09,1542.342901051687,1455.5178732655122,1555.1066766406832,1526.317646358957,1555.5139977811748,-40.208941087048366,-40.208941087048366,-40.208941087048366,-40.208941087048366,-40.208941087048366,-40.208941087048366,0.0,0.0,0.0,1502.1339599646387
11858,2009-02-10,1542.489899078311,1447.979756369167,1552.264797023946,1526.3768655937693,1555.9019733576097,-40.142057636262244,-40.142057636262244,-40.142057636262244,-40.142057636262244,-40.142057636262244,-40.142057636262244,0.0,0.0,0.0,1502.3478414420488
11859,2009-02-11,1542.636897104935,1455.1333486276176,1552.8410291460398,1525.8475019032535,1556.2751171925017,-40.07472992876064,-40.07472992876064,-40.07472992876064,-40.07472992876064,-40.07472992876064,-40.07472992876064,0.0,0.0,0.0,1502.5621671761744
11860,2009-02-12,1542.7838951315591,1455.1522682437321,1552.0387385446452,1525.4950389359165,1556.5234843642581,-40.00695885293415,-40.00695885293415,-40.00695885293415,-40.00695885293415,-40.00695885293415,-40.00695885293415,0.0,0.0,0.0,1502.776936278625
11861,2009-02-13,1542.930893158183,1453.69159144155,1550.1711671827047,1525.5096354645987,1556.765393967156,-39.93874530473943,-39.93874530473943,-39.93874530473943,-39.93874530473943,-39.93874530473943,-39.93874530473943,0.0,0.0,0.0,1502.9921478534434
11862,2009-02-17,1543.5188852646795,1452.8366826780052,1551.6890754525746,1525.2097264203092,1557.6959149409429,-39.66148456900343,-39.66148456900343,-39.66148456900343,-39.66148456900343,-39.66148456900343,-39.66148456900343,0.0,0.0,0.0,1503.857400695676
11863,2009-02-18,1543.6658832913035,1454.5921767972388,1552.1836248147529,1525.283134432108,1557.9270933761004,-39.591072359110704,-39.591072359110704,-39.591072359110704,-39.591072359110704,-39.591072359110704,-39.591072359110704,0.0,0.0,0.0,1504.0748109321928
11864,2009-02-19,1543.8128813179276,1455.261860552395,1557.9426496274264,1525.3571899188566,1558.1582718112572,-39.52022320826542,-39.52022320826542,-39.52022320826542,-39.52022320826542,-39.52022320826542,-39.52022320826542,0.0,0.0,0.0,1504.2926581096622
11865,2009-02-20,1543.9598793445516,1457.4221461998798,1560.1875578710606,1525.4370483746643,1558.3973077878895,-39.44893806378231,-39.44893806378231,-39.44893806378231,-39.44893806378231,-39.44893806378231,-39.44893806378231,0.0,0.0,0.0,1504.5109412807692
11866,2009-02-23,1544.4008734244235,1453.0294176609425,1552.7321102646747,1525.8172486036904,1559.130889524038,-39.23247624789754,-39.23247624789754,-39.23247624789754,-39.23247624789754,-39.23247624789754,-39.23247624789754,0.0,0.0,0.0,1505.168397176526
11867,2009-02-24,1544.5478714510475,1453.4909704013048,1557.872713652499,1525.9465678334786,1559.375416769421,-39.15945674326776,-39.15945674326776,-39.15945674326776,-39.15945674326776,-39.15945674326776,-39.15945674326776,0.0,0.0,0.0,1505.3884147077797
11868,2009-02-25,1544.6948694776718,1458.1249985143347,1559.3861131481317,1526.0758870632676,1559.6199440148032,-39.086006087011,-39.086006087011,-39.086006087011,-39.086006087011,-39.086006087011,-39.086006087011,0.0,0.0,0.0,1505.6088633906609
11869,2009-02-26,1544.8418675042958,1455.7677849827999,1556.4282513692758,1526.068145940649,1559.8644712601863,-39.01212526821099,-39.01212526821099,-39.01212526821099,-39.01212526821099,-39.01212526821099,-39.01212526821099,0.0,0.0,0.0,1505.8297422360847
11870,2009-02-27,1544.9888655309198,1454.560165254371,1554.3304812755541,1525.949633812845,1560.1089985055685,-38.93781528270798,-38.93781528270798,-38.93781528270798,-38.93781528270798,-38.93781528270798,-38.93781528270798,0.0,0.0,0.0,1506.0510502482118
11871,2009-03-02,1545.4298596107917,1456.4810653698976,1558.1561564176113,1526.1718002730904,1560.8372766570942,-38.71232038452011,-38.71232038452011,-38.71232038452011,-38.71232038452011,-38.71232038452011,-38.71232038452011,0.0,0.0,0.0,1506.7175392262716
11872,2009-03-03,1545.5768576374157,1448.4364744021043,1556.6957428882433,1526.2458557598393,1561.0756638872385,-38.63630382370676,-38.63630382370676,-38.63630382370676,-38.63630382370676,-38.63630382370676,-38.63630382370676,0.0,0.0,0.0,1506.940553813709
11873,2009-03-04,1545.7238556640395,1456.9203966208784,1559.3779085089177,1526.3199112465877,1561.7342198508538,-38.55986317469916,-38.55986317469916,-38.55986317469916,-38.55986317469916,-38.55986317469916,-38.55986317469916,0.0,0.0,0.0,1507.1639924893404
11874,2009-03-05,1545.8708536906636,1458.8329048332816,1559.5751118304895,1526.3939667333361,1562.392775814468,-38.48299947264591,-38.48299947264591,-38.48299947264591,-38.48299947264591,-38.48299947264591,-38.48299947264591,0.0,0.0,0.0,1507.3878542180178
11875,2009-03-06,1546.0178517172876,1456.9750642747656,1558.0356660168864,1526.4680222200848,1562.6846500099616,-38.40571375904199,-38.40571375904199,-38.40571375904199,-38.40571375904199,-38.40571375904199,-38.40571375904199,0.0,0.0,0.0,1507.6121379582455
11876,2009-03-09,1546.4588457971595,1455.5020906940624,1561.0346401268534,1526.6901886803303,1563.8875310960661,-38.17133505778353,-38.17133505778353,-38.17133505778353,-38.17133505778353,-38.17133505778353,-38.17133505778353,0.0,0.0,0.0,1508.2875107393759
11877,2009-03-10,1546.6058438237835,1448.0415457862614,1557.9808099671943,1526.7642441670791,1564.3266104779273,-38.09237183772492,-38.09237183772492,-38.09237183772492,-38.09237183772492,-38.09237183772492,-38.09237183772492,0.0,0.0,0.0,1508.5134719860587
11878,2009-03-11,1546.7528418504075,1454.1758184694252,1564.7035611310662,1526.742168528343,1564.7055840706244,-38.012991906671175,-38.012991906671175,-38.012991906671175,-38.012991906671175,-38.012991906671175,-38.012991906671175,0.0,0.0,0.0,1508.7398499437363
11879,2009-03-12,1546.8998398770316,1457.2544194884365,1559.9704208308426,1526.8096079448374,1565.115421325008,-37.93319634293279,-37.93319634293279,-37.93319634293279,-37.93319634293279,-37.93319634293279,-37.93319634293279,0.0,0.0,0.0,1508.9666435340987
11880,2009-03-13,1547.0468379036554,1456.4494545274986,1560.5767578635923,1526.8818368122797,1565.4143577877776,-37.8529862307467,-37.8529862307467,-37.8529862307467,-37.8529862307467,-37.8529862307467,-37.8529862307467,0.0,0.0,0.0,1509.1938516729087
11881,2009-03-16,1547.4878319835277,1457.6293561029586,1563.1899426521368,1526.8446824886094,1566.2992329502724,-37.6098795335157,-37.6098795335157,-37.6098795335157,-37.6098795335157,-37.6098795335157,-37.6098795335157,0.0,0.0,0.0,1509.8779524500121
11882,2009-03-17,1547.6348300101517,1461.3200959540704,1564.0068798788564,1526.909448465954,1566.6136400599332,-37.52802218634419,-37.52802218634419,-37.52802218634419,-37.52802218634419,-37.52802218634419,-37.52802218634419,0.0,0.0,0.0,1510.1068078238075
11883,2009-03-18,1547.7818280367758,1457.6206703202329,1562.9694824517896,1526.9742144432987,1566.9280471695943,-37.44575579870841,-37.44575579870841,-37.44575579870841,-37.44575579870841,-37.44575579870841,-37.44575579870841,0.0,0.0,0.0,1510.3360722380673
11884,2009-03-19,1547.9288260634,1457.4415590761184,1562.5950016977379,1527.0389804206438,1567.2877276204456,-37.36308148914353,-37.36308148914353,-37.36308148914353,-37.36308148914353,-37.36308148914353,-37.36308148914353,0.0,0.0,0.0,1510.5657445742565
11885,2009-03-20,1548.075824090024,1457.7298124597075,1559.202628979019,1527.1037463979885,1567.5713931041842,-37.28000038168785,-37.28000038168785,-37.28000038168785,-37.28000038168785,-37.28000038168785,-37.28000038168785,0.0,0.0,0.0,1510.7958237083362
11886,2009-03-23,1548.516818169896,1459.5701562149409,1567.5788073270853,1527.2980443300228,1568.5607930953863,-37.02832759367361,-37.02832759367361,-37.02832759367361,-37.02832759367361,-37.02832759367361,-37.02832759367361,0.0,0.0,0.0,1511.4884905762224
11887,2009-03-24,1548.6638161965202,1457.6902751722805,1563.6695232476898,1527.3628103073672,1568.8745521294418,-36.943630643026836,-36.943630643026836,-36.943630643026836,-36.943630643026836,-36.943630643026836,-36.943630643026836,0.0,0.0,0.0,1511.7201855534934
11888,2009-03-25,1548.8108142231442,1460.5630592746704,1562.8628623797338,1527.4275762847121,1569.1933886132292,-36.85853259513842,-36.85853259513842,-36.85853259513842,-36.85853259513842,-36.85853259513842,-36.85853259513842,0.0,0.0,0.0,1511.9522816280057
11889,2009-03-26,1548.9578122497683,1459.9469068912358,1568.2476273416314,1527.4923422620568,1569.5231120065241,-36.77303460580343,-36.77303460580343,-36.77303460580343,-36.77303460580343,-36.77303460580343,-36.77303460580343,0.0,0.0,0.0,1512.184777643965
11890,2009-03-27,1549.1048102763923,1454.977457096494,1564.082359805627,1527.5571082394015,1569.85420760247,-36.68713783589639,-36.68713783589639,-36.68713783589639,-36.68713783589639,-36.68713783589639,-36.68713783589639,0.0,0.0,0.0,1512.4176724404958
11891,2009-03-30,1549.5458043562642,1461.34508995748,1569.3966709142285,1527.7514061714355,1570.8269859065474,-36.42706652641077,-36.42706652641077,-36.42706652641077,-36.42706652641077,-36.42706652641077,-36.42706652641077,0.0,0.0,0.0,1513.1187378298534
11892,2009-03-31,1549.6928023828882,1458.147781996972,1565.779361107455,1527.8161721487802,1571.142806602934,-36.339586342427324,-36.339586342427324,-36.339586342427324,-36.339586342427324,-36.339586342427324,-36.339586342427324,0.0,0.0,0.0,1513.353216040461
11893,2009-04-01,1549.8398004095122,1458.4310205806023,1565.786014502478,1527.880938126125,1571.4190756553912,-36.25171325630896,-36.25171325630896,-36.25171325630896,-36.25171325630896,-36.25171325630896,-36.25171325630896,0.0,0.0,0.0,1513.5880871532033
11894,2009-04-02,1549.986798436136,1458.0340123940603,1568.6672540422592,1527.9457041034698,1571.6609904276959,-36.16344845812754,-36.16344845812754,-36.16344845812754,-36.16344845812754,-36.16344845812754,-36.16344845812754,0.0,0.0,0.0,1513.8233499780085
11895,2009-04-03,1550.13379646276,1457.7987787541074,1563.093389039928,1528.0104700808147,1571.9029052,-36.07479314260803,-36.07479314260803,-36.07479314260803,-36.07479314260803,-36.07479314260803,-36.07479314260803,0.0,0.0,0.0,1514.059003320152
11896,2009-04-06,1550.574790542632,1458.3808352125427,1570.8146791444885,1528.0880465647092,1572.993151262974,-35.80649610776229,-35.80649610776229,-35.80649610776229,-35.80649610776229,-35.80649610776229,-35.80649610776229,0.0,0.0,0.0,1514.7682944348696
11897,2009-04-07,1550.721788569256,1455.0801493071517,1568.4811405296002,1528.0966615538591,1573.2376408145103,-35.7162907610362,-35.7162907610362,-35.7162907610362,-35.7162907610362,-35.7162907610362,-35.7162907610362,0.0,0.0,0.0,1515.0054978082198
11898,2009-04-08,1550.86878659588,1465.519647210348,1570.3830582651822,1528.1052765430095,1573.6387940709294,-35.62570093823408,-35.62570093823408,-35.62570093823408,-35.62570093823408,-35.62570093823408,-35.62570093823408,0.0,0.0,0.0,1515.243085657646
11899,2009-04-09,1551.015784622504,1458.8694288665556,1570.6072781608023,1528.1138915321594,1574.064685678124,-35.53472786070768,-35.53472786070768,-35.53472786070768,-35.53472786070768,-35.53472786070768,-35.53472786070768,0.0,0.0,0.0,1515.4810567617963
11900,2009-04-13,1551.6037767290002,1461.876318798662,1577.248604456214,1528.1483514887595,1575.1274847708978,-35.16702757689836,-35.16702757689836,-35.16702757689836,-35.16702757689836,-35.16702757689836,-35.16702757689836,0.0,0.0,0.0,1516.4367491521018
11901,2009-04-14,1551.7507747556242,1458.9688809138763,1573.0844811617637,1528.1047913472416,1575.391898687809,-35.07415669167625,-35.07415669167625,-35.07415669167625,-35.07415669167625,-35.07415669167625,-35.07415669167625,0.0,0.0,0.0,1516.676618063948
11902,2009-04-15,1551.8977727822482,1458.9860997883661,1572.087992180456,1527.9847514831336,1575.6905066087238,-34.980909966372124,-34.980909966372124,-34.980909966372124,-34.980909966372124,-34.980909966372124,-34.980909966372124,0.0,0.0,0.0,1516.9168628158761
11903,2009-04-16,1552.0447708088723,1459.9022910624933,1571.9994699396095,1527.9169691860723,1576.3399060998347,-34.88728865060955,-34.88728865060955,-34.88728865060955,-34.88728865060955,-34.88728865060955,-34.88728865060955,0.0,0.0,0.0,1517.1574821582626
11904,2009-04-17,1552.191768835496,1463.2863383157655,1574.0930759071277,1527.9501712191259,1576.6783204151398,-34.79329399780397,-34.79329399780397,-34.79329399780397,-34.79329399780397,-34.79329399780397,-34.79329399780397,0.0,0.0,0.0,1517.398474837692
11905,2009-04-20,1552.6327629153689,1460.6830330387718,1577.0465687336487,1527.7993276480022,1577.6468901832486,-34.509082606898296,-34.509082606898296,-34.509082606898296,-34.509082606898296,-34.509082606898296,-34.509082606898296,0.0,0.0,0.0,1518.1236803084705
11906,2009-04-21,1552.779760941993,1462.4092933234251,1571.0119251478736,1527.8461229603163,1577.988934533585,-34.41360721379362,-34.41360721379362,-34.41360721379362,-34.41360721379362,-34.41360721379362,-34.41360721379362,0.0,0.0,0.0,1518.3661537281994
11907,2009-04-22,1552.9267589686167,1465.1718199676777,1576.612466021502,1527.8929182726301,1578.3309788839215,-34.317764805472265,-34.317764805472265,-34.317764805472265,-34.317764805472265,-34.317764805472265,-34.317764805472265,0.0,0.0,0.0,1518.6089941631444
11908,2009-04-23,1553.0737569952407,1464.901324489089,1576.6158033929196,1527.9397135849442,1578.6730232342584,-34.221556656817896,-34.221556656817896,-34.221556656817896,-34.221556656817896,-34.221556656817896,-34.221556656817896,0.0,0.0,0.0,1518.8522003384228
11909,2009-04-24,1553.2207550218648,1463.6431937270104,1577.0348435969759,1528.004337101077,1579.0150675845948,-34.12498404607812,-34.12498404607812,-34.12498404607812,-34.12498404607812,-34.12498404607812,-34.12498404607812,0.0,0.0,0.0,1519.0957709757865
11910,2009-04-27,1553.6617491017366,1461.7232706086575,1577.837158167929,1528.1271068074907,1579.9827478334546,-33.83309227297213,-33.83309227297213,-33.83309227297213,-33.83309227297213,-33.83309227297213,-33.83309227297213,0.0,0.0,0.0,1519.8286568287645
11911,2009-04-28,1553.8087471283607,1463.77886117565,1575.8509727002092,1528.1357522499252,1580.385280676622,-33.73507466147317,-33.73507466147317,-33.73507466147317,-33.73507466147317,-33.73507466147317,-33.73507466147317,0.0,0.0,0.0,1520.0736724668875
11912,2009-04-29,1553.9557451549847,1461.81455307208,1580.1828157264893,1528.1443976923601,1580.8377528094807,-33.636699027421166,-33.636699027421166,-33.636699027421166,-33.636699027421166,-33.636699027421166,-33.636699027421166,0.0,0.0,0.0,1520.3190461275635
11913,2009-04-30,1554.1027431816085,1464.8617253318898,1579.9557381495647,1528.1431902025236,1581.3942849183882,-33.53796666795297,-33.53796666795297,-33.53796666795297,-33.53796666795297,-33.53796666795297,-33.53796666795297,0.0,0.0,0.0,1520.5647765136555
11914,2009-05-01,1554.2497412082325,1462.650248593627,1574.6193589999812,1528.1375029053963,1581.6999807196376,-33.43887888313927,-33.43887888313927,-33.43887888313927,-33.43887888313927,-33.43887888313927,-33.43887888313927,0.0,0.0,0.0,1520.8108623250932
11915,2009-05-04,1554.6907352881046,1464.566277287332,1580.5290082651359,1528.1204410140158,1583.3610679733633,-33.13949602004656,-33.13949602004656,-33.13949602004656,-33.13949602004656,-33.13949602004656,-33.13949602004656,0.0,0.0,0.0,1521.551239268058
11916,2009-05-05,1554.8377333147284,1468.5686855142928,1575.9731693339902,1528.114753716889,1583.6856710176387,-33.038999591085314,-33.038999591085314,-33.038999591085314,-33.038999591085314,-33.038999591085314,-33.038999591085314,0.0,0.0,0.0,1521.7987337236432
11917,2009-05-06,1554.9847313413525,1464.4933814215112,1575.754067646458,1528.1090664197625,1583.9633484619253,-32.93815427899392,-32.93815427899392,-32.93815427899392,-32.93815427899392,-32.93815427899392,-32.93815427899392,0.0,0.0,0.0,1522.0465770623587
11918,2009-05-07,1555.1317293679765,1466.6828009265375,1576.1408560442073,1528.1033791226353,1584.3431837776664,-32.83696140016089,-32.83696140016089,-32.83696140016089,-32.83696140016089,-32.83696140016089,-32.83696140016089,0.0,0.0,0.0,1522.2947679678157
11919,2009-05-08,1555.2787273946008,1461.243725644154,1578.1622821020753,1528.0976918255085,1584.766556799597,-32.735422273479955,-32.735422273479955,-32.735422273479955,-32.735422273479955,-32.735422273479955,-32.735422273479955,0.0,0.0,0.0,1522.5433051211207
11920,2009-05-11,1555.7197214744726,1465.2928367976872,1578.99524375177,1527.8506376560665,1586.0366758653881,-32.42874063160103,-32.42874063160103,-32.42874063160103,-32.42874063160103,-32.42874063160103,-32.42874063160103,0.0,0.0,0.0,1523.2909808428717
11921,2009-05-12,1555.8667195010967,1467.850326130646,1578.0758961267084,1527.8575704045588,1586.4600488873175,-32.3258297504562,-32.3258297504562,-32.3258297504562,-32.3258297504562,-32.3258297504562,-32.3258297504562,0.0,0.0,0.0,1523.5408897506404
11922,2009-05-13,1556.0137175277207,1471.915738927719,1588.6946879281486,1527.6018176411565,1586.8834219092485,-32.222579251391736,-32.222579251391736,-32.222579251391736,-32.222579251391736,-32.222579251391736,-32.222579251391736,0.0,0.0,0.0,1523.7911382763289
11923,2009-05-14,1556.1607155543447,1463.972769722452,1582.861612232413,1527.2800550648737,1587.3067949311792,-32.11899046705864,-32.11899046705864,-32.11899046705864,-32.11899046705864,-32.11899046705864,-32.11899046705864,0.0,0.0,0.0,1524.041725087286
11924,2009-05-15,1556.3077135809688,1464.3788387028044,1580.9981016437605,1526.94167879451,1587.730167953109,-32.015064732189394,-32.015064732189394,-32.015064732189394,-32.015064732189394,-32.015064732189394,-32.015064732189394,0.0,0.0,0.0,1524.2926488487794
11925,2009-05-18,1556.7487076608413,1466.7670253960837,1584.8321607324226,1526.066008367351,1589.0002870189026,-31.701279201617808,-31.701279201617808,-31.701279201617808,-31.701279201617808,-31.701279201617808,-31.701279201617808,0.0,0.0,0.0,1525.0474284592235
11926,2009-05-19,1556.8957056874654,1467.8096717478638,1586.3135554705505,1525.9459940857328,1589.4570280613548,-31.596019051412583,-31.596019051412583,-31.596019051412583,-31.596019051412583,-31.596019051412583,-31.596019051412583,0.0,0.0,0.0,1525.2996866360527
11927,2009-05-20,1557.0427037140892,1468.4974535262772,1589.1794151273075,1525.9609265738957,1590.1438893136778,-31.490428653419983,-31.490428653419983,-31.490428653419983,-31.490428653419983,-31.490428653419983,-31.490428653419983,0.0,0.0,0.0,1525.5522750606692
11928,2009-05-21,1557.1897017407132,1466.7065420451156,1584.7257861036537,1525.9758590620581,1590.830750566002,-31.384509353584622,-31.384509353584622,-31.384509353584622,-31.384509353584622,-31.384509353584622,-31.384509353584622,0.0,0.0,0.0,1525.8051923871285
11929,2009-05-22,1557.3366997673372,1465.0041562489087,1585.2968480017234,1526.0242732632269,1591.5176118183251,-31.278262499509832,-31.278262499509832,-31.278262499509832,-31.278262499509832,-31.278262499509832,-31.278262499509832,0.0,0.0,0.0,1526.0584372678275
11930,2009-05-26,1557.9246918738331,1473.0239570833257,1585.058818789114,1526.104218738197,1594.7731418188862,-30.850026547539642,-30.850026547539642,-30.850026547539642,-30.850026547539642,-30.850026547539642,-30.850026547539642,0.0,0.0,0.0,1527.0746653262936
11931,2009-05-27,1558.0716899004572,1464.1968144922564,1586.3700002082205,1526.3376726057957,1595.176892918197,-30.74216219013873,-30.74216219013873,-30.74216219013873,-30.74216219013873,-30.74216219013873,-30.74216219013873,0.0,0.0,0.0,1527.3295277103184
11932,2009-05-28,1558.2186879270812,1465.0356398254894,1586.115758816846,1526.3031330686272,1595.5936337831072,-30.633978395574594,-30.633978395574594,-30.633978395574594,-30.633978395574594,-30.633978395574594,-30.633978395574594,0.0,0.0,0.0,1527.5847095315066
11933,2009-05-29,1558.365685953705,1473.1359201682824,1590.831529368279,1526.099015497653,1595.9956688891762,-30.525476521378323,-30.525476521378323,-30.525476521378323,-30.525476521378323,-30.525476521378323,-30.525476521378323,0.0,0.0,0.0,1527.8402094323267
11934,2009-06-01,1558.806680033577,1466.4255406951313,1586.4707909992576,1525.6073912740246,1596.9828767505173,-30.198076013649647,-30.198076013649647,-30.198076013649647,-30.198076013649647,-30.198076013649647,-30.198076013649647,0.0,0.0,0.0,1528.6086040199275
11935,2009-06-02,1558.953678060201,1468.6121324783962,1589.7098072749359,1525.628918433995,1597.2480258138971,-30.088315418942095,-30.088315418942095,-30.088315418942095,-30.088315418942095,-30.088315418942095,-30.088315418942095,0.0,0.0,0.0,1528.8653626412588
11936,2009-06-03,1559.100676086825,1471.0533650432335,1588.8582624587966,1525.6577233610117,1597.5131748772762,-29.978243548768745,-29.978243548768745,-29.978243548768745,-29.978243548768745,-29.978243548768745,-29.978243548768745,0.0,0.0,0.0,1529.1224325380563
11937,2009-06-04,1559.2476741134492,1471.5836325987896,1589.8733107947223,1525.6865282880283,1597.7783239406563,-29.8678617668506,-29.8678617668506,-29.8678617668506,-29.8678617668506,-29.8678617668506,-29.8678617668506,0.0,0.0,0.0,1529.3798123465986
11938,2009-06-05,1559.3946721400732,1469.4623707711694,1588.343823388011,1525.7153332150447,1598.0434730040358,-29.757171437733067,-29.757171437733067,-29.757171437733067,-29.757171437733067,-29.757171437733067,-29.757171437733067,0.0,0.0,0.0,1529.63750070234
11939,2009-06-08,1559.8356662199453,1473.4261662555118,1588.5314320859907,1525.8318753991664,1600.1042172899672,-29.423262823786427,-29.423262823786427,-29.423262823786427,-29.423262823786427,-29.423262823786427,-29.423262823786427,0.0,0.0,0.0,1530.4124033961589
11940,2009-06-09,1559.9826642465691,1471.962682863039,1587.7814503303186,1525.8781086253832,1600.496375156995,-29.311351965775916,-29.311351965775916,-29.311351965775916,-29.311351965775916,-29.311351965775916,-29.311351965775916,0.0,0.0,0.0,1530.6713122807932
11941,2009-06-10,1560.1296622731932,1473.5905070928452,1588.0014075858567,1525.9243418515998,1600.8885330240232,-29.19913939361714,-29.19913939361714,-29.19913939361714,-29.19913939361714,-29.19913939361714,-29.19913939361714,0.0,0.0,0.0,1530.930522879576
11942,2009-06-11,1560.2766602998172,1471.5084401270935,1595.1722823093846,1525.9705750778164,1601.2806908910509,-29.086626475575116,-29.086626475575116,-29.086626475575116,-29.086626475575116,-29.086626475575116,-29.086626475575116,0.0,0.0,0.0,1531.1900338242422
11943,2009-06-12,1560.4236583264412,1467.6312428054625,1595.83360972979,1526.016808304033,1601.6728487580774,-28.973814580330753,-28.973814580330753,-28.973814580330753,-28.973814580330753,-28.973814580330753,-28.973814580330753,0.0,0.0,0.0,1531.4498437461104
11944,2009-06-15,1560.864652406313,1471.710809153719,1596.1761287801253,1526.155507982683,1602.8417112676714,-28.633598723217602,-28.633598723217602,-28.633598723217602,-28.633598723217602,-28.633598723217602,-28.633598723217602,0.0,0.0,0.0,1532.2310536830955
11945,2009-06-16,1561.0116504329371,1471.2855888330814,1591.780814905644,1526.2017412088999,1603.134155628415,-28.519604612266455,-28.519604612266455,-28.519604612266455,-28.519604612266455,-28.519604612266455,-28.519604612266455,0.0,0.0,0.0,1532.4920458206707
11946,2009-06-17,1561.1586484595618,1472.831819032727,1594.79992502472,1526.2479744351167,1603.4265999891604,-28.405318371732008,-28.405318371732008,-28.405318371732008,-28.405318371732008,-28.405318371732008,-28.405318371732008,0.0,0.0,0.0,1532.75333008783
11947,2009-06-18,1561.3056464861857,1473.1785413531632,1597.038344917746,1526.2942076613335,1603.7190443499042,-28.290741371577216,-28.290741371577216,-28.290741371577216,-28.290741371577216,-28.290741371577216,-28.290741371577216,0.0,0.0,0.0,1533.0149051146084
11948,2009-06-19,1561.4526445128097,1465.3719802893577,1599.331271350129,1526.34044088755,1604.0114887106483,-28.175874981777472,-28.175874981777472,-28.175874981777472,-28.175874981777472,-28.175874981777472,-28.175874981777472,0.0,0.0,0.0,1533.2767695310322
11949,2009-06-22,1561.8936385926816,1473.6404405074904,1602.1906002463884,1526.4791405662002,1604.8772776366882,-27.82955317326019,-27.82955317326019,-27.82955317326019,-27.82955317326019,-27.82955317326019,-27.82955317326019,0.0,0.0,0.0,1534.0640854194214
11950,2009-06-23,1562.0406366193056,1476.6599291646683,1600.388520241419,1526.2849959107646,1605.3252735826304,-27.713542922897066,-27.713542922897066,-27.713542922897066,-27.713542922897066,-27.713542922897066,-27.713542922897066,0.0,0.0,0.0,1534.3270936964086
11951,2009-06-24,1562.1876346459296,1468.101372766727,1599.5881458968197,1525.9272683483284,1606.1129579529056,-27.59725013096468,-27.59725013096468,-27.59725013096468,-27.59725013096468,-27.59725013096468,-27.59725013096468,0.0,0.0,0.0,1534.5903845149649
11952,2009-06-25,1562.3346326725537,1476.6506038243274,1596.3553766379664,1525.8673533541291,1606.4425607848934,-27.480676166319657,-27.480676166319657,-27.480676166319657,-27.480676166319657,-27.480676166319657,-27.480676166319657,0.0,0.0,0.0,1534.853956506234
11953,2009-06-26,1562.4816306991775,1475.0106442316933,1595.730694453674,1525.879536364123,1606.7166896180072,-27.36382239743589,-27.36382239743589,-27.36382239743589,-27.36382239743589,-27.36382239743589,-27.36382239743589,0.0,0.0,0.0,1535.1178083017417
11954,2009-06-29,1562.9226247790496,1473.2280445213041,1600.8334551059274,1525.9640314937596,1607.6865149171135,-27.011595943148393,-27.011595943148393,-27.011595943148393,-27.011595943148393,-27.011595943148393,-27.011595943148393,0.0,0.0,0.0,1535.911028835901
11955,2009-06-30,1563.0696228056738,1471.7435513194662,1600.7631432706548,1526.0216394691306,1608.1780784071495,-26.893636632401503,-26.893636632401503,-26.893636632401503,-26.893636632401503,-26.893636632401503,-26.893636632401503,0.0,0.0,0.0,1536.1759861732723
11956,2009-07-01,1563.2166208322978,1468.8067826063987,1600.6695294483234,1526.079247444502,1608.4798215833105,-26.775404352063624,-26.775404352063624,-26.775404352063624,-26.775404352063624,-26.775404352063624,-26.775404352063624,0.0,0.0,0.0,1536.4412164802343
11957,2009-07-02,1563.3636188589219,1471.4713054203633,1598.5134615256206,1526.136855419873,1608.778383853472,-26.656900467129613,-26.656900467129613,-26.656900467129613,-26.656900467129613,-26.656900467129613,-26.656900467129613,0.0,0.0,0.0,1536.7067183917923
11958,2009-07-06,1563.9516109654178,1478.3522176011456,1603.1040404863186,1526.3672873213577,1609.9877422683912,-26.180196153122523,-26.180196153122523,-26.180196153122523,-26.180196153122523,-26.180196153122523,-26.180196153122523,0.0,0.0,0.0,1537.7714148122952
11959,2009-07-07,1564.0986089920416,1471.8690769261848,1600.2035626609659,1526.4248952967291,1610.4130349431139,-26.060354691147335,-26.060354691147335,-26.060354691147335,-26.060354691147335,-26.060354691147335,-26.060354691147335,0.0,0.0,0.0,1538.0382543008943
11960,2009-07-08,1564.2456070186656,1473.0237705296263,1603.4761335559017,1526.4825032721,1610.8383276178367,-25.940249796384727,-25.940249796384727,-25.940249796384727,-25.940249796384727,-25.940249796384727,-25.940249796384727,0.0,0.0,0.0,1538.305357222281
11961,2009-07-09,1564.3926050452897,1474.7358012711732,1605.3663238745783,1526.5401112474715,1611.2563733958586,-25.81988282726367,-25.81988282726367,-25.81988282726367,-25.81988282726367,-25.81988282726367,-25.81988282726367,0.0,0.0,0.0,1538.572722218026
11962,2009-07-10,1564.5396030719137,1474.7176786524367,1606.222336834549,1526.5977192228427,1611.6632113698292,-25.69925514105935,-25.69925514105935,-25.69925514105935,-25.69925514105935,-25.69925514105935,-25.69925514105935,0.0,0.0,0.0,1538.8403479308543
11963,2009-07-13,1564.9805971517856,1477.925771857724,1601.9810039419087,1526.770543148956,1612.88372529174,-25.33582133423105,-25.33582133423105,-25.33582133423105,-25.33582133423105,-25.33582133423105,-25.33582133423105,0.0,0.0,0.0,1539.6447758175545
11964,2009-07-14,1565.1275951784096,1474.4649052586158,1605.8576575226307,1526.6545851884946,1613.2905632657105,-25.214164327447914,-25.214164327447914,-25.214164327447914,-25.214164327447914,-25.214164327447914,-25.214164327447914,0.0,0.0,0.0,1539.9134308509617
11965,2009-07-15,1565.2745932050336,1478.7545500820263,1609.5439168959779,1526.2616616943767,1613.6974012396797,-25.092253370743187,-25.092253370743187,-25.092253370743187,-25.092253370743187,-25.092253370743187,-25.092253370743187,0.0,0.0,0.0,1540.1823398342904
11966,2009-07-16,1565.4215912316574,1479.685444112315,1609.4566512092645,1525.868738200257,1614.037590526521,-24.970089813331917,-24.970089813331917,-24.970089813331917,-24.970089813331917,-24.970089813331917,-24.970089813331917,0.0,0.0,0.0,1540.4515014183255
11967,2009-07-17,1565.5685892582821,1475.9508091836828,1605.929410114899,1525.475814706138,1614.2784170105533,-24.84767500290205,-24.84767500290205,-24.84767500290205,-24.84767500290205,-24.84767500290205,-24.84767500290205,0.0,0.0,0.0,1540.7209142553802
11968,2009-07-20,1566.009583338154,1480.2679229666774,1611.1055119763441,1525.2201104297471,1615.9248539093528,-24.478936506336396,-24.478936506336396,-24.478936506336396,-24.478936506336396,-24.478936506336396,-24.478936506336396,0.0,0.0,0.0,1541.5306468318176
11969,2009-07-21,1566.156581364778,1476.2782172406992,1607.1891998592455,1524.9425655901957,1616.3671323892327,-24.355530128287793,-24.355530128287793,-24.355530128287793,-24.355530128287793,-24.355530128287793,-24.355530128287793,0.0,0.0,0.0,1541.8010512364904
11970,2009-07-22,1566.303579391402,1477.559463576219,1604.8552783842124,1524.680203546886,1616.7924250639544,-24.231879210887673,-24.231879210887673,-24.231879210887673,-24.231879210887673,-24.231879210887673,-24.231879210887673,0.0,0.0,0.0,1542.0717001805144
11971,2009-07-23,1566.4505774180261,1480.0538218865393,1611.0105572750238,1524.4178415035772,1617.2177177386775,-24.107985091549228,-24.107985091549228,-24.107985091549228,-24.107985091549228,-24.107985091549228,-24.107985091549228,0.0,0.0,0.0,1542.342592326477
11972,2009-07-24,1566.5975754446501,1476.5466338567576,1608.42550900693,1524.1554794602682,1617.6430104134006,-23.98384910579431,-23.98384910579431,-23.98384910579431,-23.98384910579431,-23.98384910579431,-23.98384910579431,0.0,0.0,0.0,1542.613726338856
11973,2009-07-27,1567.0385695245222,1478.962324478299,1613.3536146401784,1523.5412167367547,1618.9188884375683,-23.61000327576323,-23.61000327576323,-23.61000327576323,-23.61000327576323,-23.61000327576323,-23.61000327576323,0.0,0.0,0.0,1543.4285662487591
11974,2009-07-28,1567.1855675511463,1479.5124031227092,1615.2755897130971,1523.1659623827804,1619.3441811122914,-23.48491313989142,-23.48491313989142,-23.48491313989142,-23.48491313989142,-23.48491313989142,-23.48491313989142,0.0,0.0,0.0,1543.7006544112548
11975,2009-07-29,1567.3325655777703,1480.6588939869894,1613.633015496695,1522.7907080288062,1619.769473787013,-23.359587785016572,-23.359587785016572,-23.359587785016572,-23.359587785016572,-23.359587785016572,-23.359587785016572,0.0,0.0,0.0,1543.9729777927537
11976,2009-07-30,1567.4795636043943,1477.036408641068,1612.287741229847,1522.4154536748317,1620.1885164812834,-23.234028534227594,-23.234028534227594,-23.234028534227594,-23.234028534227594,-23.234028534227594,-23.234028534227594,0.0,0.0,0.0,1544.2455350701669
11977,2009-07-31,1567.6265616310181,1482.469031545964,1614.7481734154844,1522.3767991326458,1620.6042141510002,-23.10823670836532,-23.10823670836532,-23.10823670836532,-23.10823670836532,-23.10823670836532,-23.10823670836532,0.0,0.0,0.0,1544.518324922653
11978,2009-08-03,1568.0675557108902,1477.9441795578464,1613.9950850885216,1522.4599017470994,1621.8513071601492,-22.729478953969636,-22.729478953969636,-22.729478953969636,-22.729478953969636,-22.729478953969636,-22.729478953969636,0.0,0.0,0.0,1545.3380767569206
11979,2009-08-04,1568.2145537375143,1479.573018799328,1614.2038537434896,1522.1354024465213,1622.2670048298648,-22.602769989505436,-22.602769989505436,-22.602769989505436,-22.602769989505436,-22.602769989505436,-22.602769989505436,0.0,0.0,0.0,1545.6117837480087
11980,2009-08-05,1568.361551764138,1480.3695957231903,1615.1125228682224,1521.986599200242,1622.6827024995816,-22.47583501870169,-22.47583501870169,-22.47583501870169,-22.47583501870169,-22.47583501870169,-22.47583501870169,0.0,0.0,0.0,1545.8857167454364
11981,2009-08-06,1568.5085497907621,1480.314375702973,1611.3427820652234,1521.992007049676,1623.0984001692987,-22.348675347865708,-22.348675347865708,-22.348675347865708,-22.348675347865708,-22.348675347865708,-22.348675347865708,0.0,0.0,0.0,1546.1598744428964
11982,2009-08-07,1568.6555478173862,1477.9088650925223,1615.3846479604115,1521.9974148991096,1623.4705819573667,-22.221292280712454,-22.221292280712454,-22.221292280712454,-22.221292280712454,-22.221292280712454,-22.221292280712454,0.0,0.0,0.0,1546.4342555366736
11983,2009-08-10,1569.096541897258,1483.9188838142259,1626.2815914917003,1522.0498809622943,1624.4322731946077,-21.837815698564043,-21.837815698564043,-21.837815698564043,-21.837815698564043,-21.837815698564043,-21.837815698564043,0.0,0.0,0.0,1547.258726198694
11984,2009-08-11,1569.243539923882,1486.0112179065943,1620.6392784806603,1522.0813571260544,1624.7528369403549,-21.70955202971464,-21.70955202971464,-21.70955202971464,-21.70955202971464,-21.70955202971464,-21.70955202971464,0.0,0.0,0.0,1547.5339878941675
11985,2009-08-12,1569.390537950506,1481.9212812881447,1617.570098166008,1522.1128332898147,1625.0734006861016,-21.58107144252369,-21.58107144252369,-21.58107144252369,-21.58107144252369,-21.58107144252369,-21.58107144252369,0.0,0.0,0.0,1547.8094665079825
11986,2009-08-13,1569.53753597713,1479.0762505909786,1617.3351547490947,1522.1443094535748,1625.5003059626958,-21.452375224132375,-21.452375224132375,-21.452375224132375,-21.452375224132375,-21.452375224132375,-21.452375224132375,0.0,0.0,0.0,1548.0851607529976
11987,2009-08-14,1569.684534003754,1485.718020567255,1618.6009868779736,1522.1757856173354,1626.0962670780818,-21.3234646587552,-21.3234646587552,-21.3234646587552,-21.3234646587552,-21.3234646587552,-21.3234646587552,0.0,0.0,0.0,1548.3610693449987
11988,2009-08-17,1570.1255280836267,1482.8882717744793,1620.0807593307034,1522.3454206667295,1627.8052890927802,-20.93545967792924,-20.93545967792924,-20.93545967792924,-20.93545967792924,-20.93545967792924,-20.93545967792924,0.0,0.0,0.0,1549.1900684056975
11989,2009-08-18,1570.2725261102505,1483.1919914086072,1618.1925334849882,1522.4068252726004,1628.251586470235,-20.80570450653603,-20.80570450653603,-20.80570450653603,-20.80570450653603,-20.80570450653603,-20.80570450653603,0.0,0.0,0.0,1549.4668216037144
11990,2009-08-19,1570.4195241368745,1479.2171161357624,1619.1866206518887,1522.4682298784714,1628.6978838476894,-20.67574136366343,-20.67574136366343,-20.67574136366343,-20.67574136366343,-20.67574136366343,-20.67574136366343,0.0,0.0,0.0,1549.743782773211
11991,2009-08-20,1570.5665221634986,1485.1540449545641,1624.7321013478368,1522.5296344843425,1629.1259126309124,-20.5455715149782,-20.5455715149782,-20.5455715149782,-20.5455715149782,-20.5455715149782,-20.5455715149782,0.0,0.0,0.0,1550.0209506485203
11992,2009-08-21,1570.7135201901226,1482.3455138252023,1618.372451492588,1522.5910390902134,1629.5512053056354,-20.415196222893726,-20.415196222893726,-20.415196222893726,-20.415196222893726,-20.415196222893726,-20.415196222893726,0.0,0.0,0.0,1550.298323967229
11993,2009-08-24,1571.154514269995,1484.768339452184,1619.316782555314,1522.7916694998505,1630.8048731042861,-20.02285026065233,-20.02285026065233,-20.02285026065233,-20.02285026065233,-20.02285026065233,-20.02285026065233,0.0,0.0,0.0,1551.1316640093426
11994,2009-08-25,1571.3015122966187,1485.1793294417607,1625.5161026794876,1522.7930556788515,1631.2196368545929,-19.89166575248671,-19.89166575248671,-19.89166575248671,-19.89166575248671,-19.89166575248671,-19.89166575248671,0.0,0.0,0.0,1551.409846544132
11995,2009-08-26,1571.4485103232428,1482.8980385449881,1633.548213266753,1522.4015778985968,1631.5597164979977,-19.7602820626324,-19.7602820626324,-19.7602820626324,-19.7602820626324,-19.7602820626324,-19.7602820626324,0.0,0.0,0.0,1551.6882282606105
11996,2009-08-27,1571.5955083498668,1482.8177823844806,1628.2653364631178,1522.010100118342,1631.8718749690536,-19.628700433047744,-19.628700433047744,-19.628700433047744,-19.628700433047744,-19.628700433047744,-19.628700433047744,0.0,0.0,0.0,1551.966807916819
11997,2009-08-28,1571.7425063764908,1483.9498956187063,1624.1517083836375,1521.618622338087,1632.1840334401086,-19.4969221021261,-19.4969221021261,-19.4969221021261,-19.4969221021261,-19.4969221021261,-19.4969221021261,0.0,0.0,0.0,1552.2455842743648
11998,2009-08-31,1572.1835004563627,1485.3104911236367,1632.1559718256976,1521.3374033804134,1633.759159270904,-19.10041923089425,-19.10041923089425,-19.10041923089425,-19.10041923089425,-19.10041923089425,-19.10041923089425,0.0,0.0,0.0,1553.0830812254685
11999,2009-09-01,1572.3304984829867,1482.3314702315447,1625.5447126205986,1521.6904582705147,1634.2199667468699,-18.96786640575008,-18.96786640575008,-18.96786640575008,-18.96786640575008,-18.96786640575008,-18.96786640575008,0.0,0.0,0.0,1553.3626320772366
12000,2009-09-02,1572.4774965096105,1488.5591299282974,1626.1990914734424,1521.2738102124113,1634.6547174023067,-18.835123016252147,-18.835123016252147,-18.835123016252147,-18.835123016252147,-18.835123016252147,-18.835123016252147,0.0,0.0,0.0,1553.6423734933585
12001,2009-09-03,1572.6244945362346,1484.388151554537,1629.0205946719955,1520.8571621543076,1635.0800100770298,-18.702190278499792,-18.702190278499792,-18.702190278499792,-18.702190278499792,-18.702190278499792,-18.702190278499792,0.0,0.0,0.0,1553.9223042577348
12002,2009-09-04,1572.7714925628586,1490.4326775906645,1629.407221338398,1520.4693503508126,1635.5053027517529,-18.569069404726932,-18.569069404726932,-18.569069404726932,-18.569069404726932,-18.569069404726932,-18.569069404726932,0.0,0.0,0.0,1554.2024231581318
12003,2009-09-08,1573.3594846693545,1479.830733106309,1626.1627811950364,1519.4537952274031,1637.0627916098124,-18.034728656498647,-18.034728656498647,-18.034728656498647,-18.034728656498647,-18.034728656498647,-18.034728656498647,0.0,0.0,0.0,1555.324756012856
12004,2009-09-09,1573.5064826959785,1484.8864642350638,1633.1823309720264,1519.4958055983332,1637.3883797839671,-17.900685147941363,-17.900685147941363,-17.900685147941363,-17.900685147941363,-17.900685147941363,-17.900685147941363,0.0,0.0,0.0,1555.6057975480371
12005,2009-09-10,1573.6534807226026,1476.8202587053113,1633.35759590478,1519.537815969263,1637.713449486759,-17.76646069327541,-17.76646069327541,-17.76646069327541,-17.76646069327541,-17.76646069327541,-17.76646069327541,0.0,0.0,0.0,1555.8870200293272
12006,2009-09-11,1573.8004787492268,1480.6530368763354,1629.2120338956431,1519.615647866539,1638.0367409254238,-17.632056476518134,-17.632056476518134,-17.632056476518134,-17.632056476518134,-17.632056476518134,-17.632056476518134,0.0,0.0,0.0,1556.1684222727088
12007,2009-09-14,1574.2414728290987,1490.6734702033214,1638.15084171276,1519.8678262772567,1639.006615241417,-17.22777703075889,-17.22777703075889,-17.22777703075889,-17.22777703075889,-17.22777703075889,-17.22777703075889,0.0,0.0,0.0,1557.0136957983398
12008,2009-09-15,1574.388470855723,1486.2893975595605,1642.5613471449421,1519.9518857474961,1639.4168805417955,-17.092665521368588,-17.092665521368588,-17.092665521368588,-17.092665521368588,-17.092665521368588,-17.092665521368588,0.0,0.0,0.0,1557.2958053343543
12009,2009-09-16,1574.535468882347,1483.0093406149183,1639.2930888055325,1520.0359452177354,1640.1520435933728,-16.95738010628919,-16.95738010628919,-16.95738010628919,-16.95738010628919,-16.95738010628919,-16.95738010628919,0.0,0.0,0.0,1557.5780887760577
12010,2009-09-17,1574.682466908971,1487.1169369113245,1635.1110930365326,1520.1200046879749,1640.8850202450121,-16.821921943786727,-16.821921943786727,-16.821921943786727,-16.821921943786727,-16.821921943786727,-16.821921943786727,0.0,0.0,0.0,1557.8605449651843
12011,2009-09-18,1574.8294649355953,1486.1973779351636,1631.7599858401516,1519.9402919729189,1641.2669215534365,-16.68629218769502,-16.68629218769502,-16.68629218769502,-16.68629218769502,-16.68629218769502,-16.68629218769502,0.0,0.0,0.0,1558.1431727479003
12012,2009-09-21,1575.2704590154674,1486.4107891236604,1637.333843352861,1519.2404914990047,1642.5290177280242,-16.27838482901267,-16.27838482901267,-16.27838482901267,-16.27838482901267,-16.27838482901267,-16.27838482901267,0.0,0.0,0.0,1558.9920741864548
12013,2009-09-22,1575.4174570420912,1491.2677163776941,1634.6547372098455,1519.007224674367,1642.9359365188272,-16.142080147009676,-16.142080147009676,-16.142080147009676,-16.142080147009676,-16.142080147009676,-16.142080147009676,0.0,0.0,0.0,1559.2753768950815
12014,2009-09-23,1575.5644550687152,1486.1810697348437,1643.3008873111073,1518.773957849729,1643.3428553096307,-16.00560957282892,-16.00560957282892,-16.00560957282892,-16.00560957282892,-16.00560957282892,-16.00560957282892,0.0,0.0,0.0,1559.5588454958863
12015,2009-09-24,1575.7114530953393,1486.2258765513673,1644.0567958979261,1518.5406910250913,1643.749774100433,-15.868974232936223,-15.868974232936223,-15.868974232936223,-15.868974232936223,-15.868974232936223,-15.868974232936223,0.0,0.0,0.0,1559.8424788624031
12016,2009-09-25,1575.8584511219633,1486.7106732736313,1634.1676415983823,1518.3074242004532,1644.1753753090545,-15.732175249102395,-15.732175249102395,-15.732175249102395,-15.732175249102395,-15.732175249102395,-15.732175249102395,0.0,0.0,0.0,1560.126275872861
12017,2009-09-28,1576.2994452018352,1489.829067224688,1636.6177969017272,1517.9132900196432,1645.865100498094,-15.320807580544505,-15.320807580544505,-15.320807580544505,-15.320807580544505,-15.320807580544505,-15.320807580544505,0.0,0.0,0.0,1560.9786376212908
12018,2009-09-29,1576.4464432284592,1484.6146311293905,1643.1838693728437,1517.881048784019,1646.2820308681598,-15.183365143565506,-15.183365143565506,-15.183365143565506,-15.183365143565506,-15.183365143565506,-15.183365143565506,0.0,0.0,0.0,1561.2630780848938
12019,2009-09-30,1576.5934412550832,1489.5623505614085,1647.3987564678496,1517.863551941539,1646.6884828144869,-15.045764599861037,-15.045764599861037,-15.045764599861037,-15.045764599861037,-15.045764599861037,-15.045764599861037,0.0,0.0,0.0,1561.5476766552222
12020,2009-10-01,1576.740439281707,1492.413872080381,1642.531860311918,1517.8460550990587,1647.0949347608123,-14.908007042295651,-14.908007042295651,-14.908007042295651,-14.908007042295651,-14.908007042295651,-14.908007042295651,0.0,0.0,0.0,1561.8324322394114
12021,2009-10-02,1576.887437308331,1491.4161721228027,1645.65211809227,1517.8288694845783,1647.5307701727513,-14.770093558787828,-14.770093558787828,-14.770093558787828,-14.770093558787828,-14.770093558787828,-14.770093558787828,0.0,0.0,0.0,1562.1173437495434
12022,2009-10-05,1577.328431388203,1484.7985795415977,1646.515976580892,1517.9183201435364,1648.8059576349779,-14.355428356976471,-14.355428356976471,-14.355428356976471,-14.355428356976471,-14.355428356976471,-14.355428356976471,0.0,0.0,0.0,1562.9730030312264
12023,2009-10-06,1577.475429414827,1488.9578978998989,1648.8328803540683,1517.9481370298556,1649.2520071380902,-14.216901948870998,-14.216901948870998,-14.216901948870998,-14.216901948870998,-14.216901948870998,-14.216901948870998,0.0,0.0,0.0,1563.258527465956
12024,2009-10-07,1577.6224274414512,1488.0637118399775,1646.6922926557445,1517.9779539161752,1649.6980566412014,-14.078224979099447,-14.078224979099447,-14.078224979099447,-14.078224979099447,-14.078224979099447,-14.078224979099447,0.0,0.0,0.0,1563.5442024623517
12025,2009-10-08,1577.7694254680753,1486.342796534143,1645.232425318242,1518.0077708024942,1650.1441061443138,-13.939398505213562,-13.939398505213562,-13.939398505213562,-13.939398505213562,-13.939398505213562,-13.939398505213562,0.0,0.0,0.0,1563.8300269628617
12026,2009-10-09,1577.9164234946993,1485.732412631377,1645.8768576684242,1518.0375876888136,1650.5901556474264,-13.800423579586447,-13.800423579586447,-13.800423579586447,-13.800423579586447,-13.800423579586447,-13.800423579586447,0.0,0.0,0.0,1564.1159999151128
12027,2009-10-12,1578.3574175745712,1484.9376450566692,1651.172582260886,1518.2760891191817,1653.0350508779984,-13.382618537639638,-13.382618537639638,-13.382618537639638,-13.382618537639638,-13.382618537639638,-13.382618537639638,0.0,0.0,0.0,1564.9747990369315
12028,2009-10-13,1578.5044156011952,1494.1820541442278,1649.494478055077,1518.2833540009706,1653.9357195268478,-13.243060224081205,-13.243060224081205,-13.243060224081205,-13.243060224081205,-13.243060224081205,-13.243060224081205,0.0,0.0,0.0,1565.261355377114
12029,2009-10-14,1578.6514136278192,1488.3305981457179,1651.144348112691,1518.2906188827594,1654.8363881756995,-13.103358641841442,-13.103358641841442,-13.103358641841442,-13.103358641841442,-13.103358641841442,-13.103358641841442,0.0,0.0,0.0,1565.5480549859778
12030,2009-10-15,1578.7984116544433,1492.0971498275549,1648.0565351818796,1518.2978837645483,1655.4869325369048,-12.963514811546135,-12.963514811546135,-12.963514811546135,-12.963514811546135,-12.963514811546135,-12.963514811546135,0.0,0.0,0.0,1565.834896842897
12031,2009-10-16,1578.9454096810678,1486.8535935222083,1650.175861874465,1518.3795734764453,1656.1311760216306,-12.823529748420638,-12.823529748420638,-12.823529748420638,-12.823529748420638,-12.823529748420638,-12.823529748420638,0.0,0.0,0.0,1566.121879932647
12032,2009-10-19,1579.3864037609399,1486.8742403561703,1649.9006465274344,1518.5771540328963,1658.0639064758,-12.40273723265947,-12.40273723265947,-12.40273723265947,-12.40273723265947,-12.40273723265947,-12.40273723265947,0.0,0.0,0.0,1566.9836665282803
12033,2009-10-20,1579.533401787564,1493.210032820949,1652.0141414427046,1518.3342081734925,1658.7081499605229,-12.262197281375666,-12.262197281375666,-12.262197281375666,-12.262197281375666,-12.262197281375666,-12.262197281375666,0.0,0.0,0.0,1567.2712045061883
12034,2009-10-21,1579.6803998141877,1486.0364027336038,1648.2716714874357,1518.3414730552815,1659.3523934452464,-12.121521091306397,-12.121521091306397,-12.121521091306397,-12.121521091306397,-12.121521091306397,-12.121521091306397,0.0,0.0,0.0,1567.5588787228812
12035,2009-10-22,1579.8273978408117,1483.4219287113872,1654.341869311375,1518.34873793707,1659.996636929969,-11.98070964463413,-11.98070964463413,-11.98070964463413,-11.98070964463413,-11.98070964463413,-11.98070964463413,0.0,0.0,0.0,1567.8466881961776
12036,2009-10-23,1579.9743958674358,1490.604750845488,1652.451301182237,1518.3560028188588,1660.6260379191629,-11.83976391793086,-11.83976391793086,-11.83976391793086,-11.83976391793086,-11.83976391793086,-11.83976391793086,0.0,0.0,0.0,1568.1346319495049
12037,2009-10-26,1580.4153899473076,1483.8664806591587,1657.9016504249955,1518.2679234710342,1662.3880108395613,-11.41613073861137,-11.41613073861137,-11.41613073861137,-11.41613073861137,-11.41613073861137,-11.41613073861137,0.0,0.0,0.0,1568.9992592086962
12038,2009-10-27,1580.5623879739317,1489.2774775982489,1652.1625335732256,1518.1513129281066,1662.97533514636,-11.27465754430904,-11.27465754430904,-11.27465754430904,-11.27465754430904,-11.27465754430904,-11.27465754430904,0.0,0.0,0.0,1569.2877304296226
12039,2009-10-28,1580.7093860005557,1492.558001475269,1657.88046743588,1518.0932198738228,1663.5626594531589,-11.133054867691266,-11.133054867691266,-11.133054867691266,-11.133054867691266,-11.133054867691266,-11.133054867691266,0.0,0.0,0.0,1569.5763311328644
12040,2009-10-29,1580.8563840271795,1490.2313993605783,1656.513437030366,1518.1193017925875,1664.149983759958,-10.991323651075964,-10.991323651075964,-10.991323651075964,-10.991323651075964,-10.991323651075964,-10.991323651075964,0.0,0.0,0.0,1569.8650603761034
12041,2009-10-30,1581.0033820538035,1488.6816169952126,1654.960053886305,1518.145383711353,1664.7373080667571,-10.849464830974878,-10.849464830974878,-10.849464830974878,-10.849464830974878,-10.849464830974878,-10.849464830974878,0.0,0.0,0.0,1570.1539172228286
12042,2009-11-02,1581.4443761336754,1490.179991853274,1658.3063861341357,1518.2236294676472,1666.499280987154,-10.423132027255178,-10.423132027255178,-10.423132027255178,-10.423132027255178,-10.423132027255178,-10.423132027255178,0.0,0.0,0.0,1571.0212441064202
12043,2009-11-03,1581.5913741603,1490.8631609633362,1667.7311496065101,1518.2497113864124,1667.0811800784732,-10.280772041310458,-10.280772041310458,-10.280772041310458,-10.280772041310458,-10.280772041310458,-10.280772041310458,0.0,0.0,0.0,1571.3106021189894
12044,2009-11-04,1581.738372186924,1494.9437869287265,1662.327252868994,1518.275793305177,1667.4679551839433,-10.13828904644144,-10.13828904644144,-10.13828904644144,-10.13828904644144,-10.13828904644144,-10.13828904644144,0.0,0.0,0.0,1571.6000831404824
12045,2009-11-05,1581.8853702135477,1490.8538823592478,1666.917674345404,1518.3403289209734,1667.831787407842,-9.995683943779929,-9.995683943779929,-9.995683943779929,-9.995683943779929,-9.995683943779929,-9.995683943779929,0.0,0.0,0.0,1571.8896862697677
12046,2009-11-06,1582.0323682401718,1491.94892685966,1662.9207259897694,1518.4577111639023,1668.1956196317396,-9.852957628469802,-9.852957628469802,-9.852957628469802,-9.852957628469802,-9.852957628469802,-9.852957628469802,0.0,0.0,0.0,1572.179410611702
12047,2009-11-09,1582.4733623200436,1490.5143472093189,1662.2405565211402,1518.3227365824407,1669.628297390033,-9.424060267791031,-9.424060267791031,-9.424060267791031,-9.424060267791031,-9.424060267791031,-9.424060267791031,0.0,0.0,0.0,1573.0493020522526
12048,2009-11-10,1582.6203603466677,1493.0553922379004,1662.4869651340516,1518.3140287105932,1670.0315808654275,-9.280857932756671,-9.280857932756671,-9.280857932756671,-9.280857932756671,-9.280857932756671,-9.280857932756671,0.0,0.0,0.0,1573.339502413911
12049,2009-11-11,1582.7673583732917,1492.722875482211,1663.6215098251507,1518.305320838746,1670.4226967919103,-9.137538770152872,-9.137538770152872,-9.137538770152872,-9.137538770152872,-9.137538770152872,-9.137538770152872,0.0,0.0,0.0,1573.629819603139
12050,2009-11-12,1582.9143563999157,1492.9945591015849,1669.7027297561795,1518.2966129668985,1670.8138127183934,-8.99410363870089,-8.99410363870089,-8.99410363870089,-8.99410363870089,-8.99410363870089,-8.99410363870089,0.0,0.0,0.0,1573.920252761215
12051,2009-11-13,1583.0613544265395,1493.299645721567,1665.23067033392,1518.2879050950507,1671.2049286448776,-8.85055339096759,-8.85055339096759,-8.85055339096759,-8.85055339096759,-8.85055339096759,-8.85055339096759,0.0,0.0,0.0,1574.2108010355719
12052,2009-11-16,1583.5023485064123,1497.4978574395218,1673.4909091198529,1518.2617814795085,1672.5291431372182,-8.419220382999208,-8.419220382999208,-8.419220382999208,-8.419220382999208,-8.419220382999208,-8.419220382999208,0.0,0.0,0.0,1575.0831281234132
12053,2009-11-17,1583.6493465330364,1496.4836380587362,1661.6125290583932,1518.253073607661,1673.2629281381323,-8.275218071982975,-8.275218071982975,-8.275218071982975,-8.275218071982975,-8.275218071982975,-8.275218071982975,0.0,0.0,0.0,1575.3741284610535
12054,2009-11-18,1583.7963445596602,1495.3345572123942,1666.1244633207357,1518.2443657358135,1673.996713139046,-8.131104814452907,-8.131104814452907,-8.131104814452907,-8.131104814452907,-8.131104814452907,-8.131104814452907,0.0,0.0,0.0,1575.6652397452071
12055,2009-11-19,1583.9433425862842,1492.0918079115513,1674.756937971142,1518.235657863966,1674.7304981399627,-7.9868814255980745,-7.9868814255980745,-7.9868814255980745,-7.9868814255980745,-7.9868814255980745,-7.9868814255980745,0.0,0.0,0.0,1575.956461160686
12056,2009-11-20,1584.0903406129082,1496.5502695606547,1665.9689548063564,1518.2399003742428,1675.464283140877,-7.842548714299636,-7.842548714299636,-7.842548714299636,-7.842548714299636,-7.842548714299636,-7.842548714299636,0.0,0.0,0.0,1576.2477918986085
12057,2009-11-23,1584.53133469278,1494.2084484809545,1671.3401831180493,1518.3291363435858,1677.665638143619,-7.408902639564665,-7.408902639564665,-7.408902639564665,-7.408902639564665,-7.408902639564665,-7.408902639564665,0.0,0.0,0.0,1577.1224320532153
12058,2009-11-24,1584.6783327194041,1489.2400182334936,1672.8528089136116,1517.7358937176332,1678.2020776372788,-7.264140600506148,-7.264140600506148,-7.264140600506148,-7.264140600506148,-7.264140600506148,-7.264140600506148,0.0,0.0,0.0,1577.414192118898
12059,2009-11-25,1584.8253307460282,1488.6143002744584,1673.3202234858882,1517.4126211965408,1678.6441673549703,-7.119273188133751,-7.119273188133751,-7.119273188133751,-7.119273188133751,-7.119273188133751,-7.119273188133751,0.0,0.0,0.0,1577.7060575578944
12060,2009-11-27,1585.119326799276,1495.7105900814995,1669.6781769674205,1515.906731671093,1679.5283467903505,-6.829225319533814,-6.829225319533814,-6.829225319533814,-6.829225319533814,-6.829225319533814,-6.829225319533814,0.0,0.0,0.0,1578.2901014797421
12061,2009-11-30,1585.5603208791483,1502.095802347367,1677.6308502561265,1514.823871227216,1680.7910683570922,-6.393382272803956,-6.393382272803956,-6.393382272803956,-6.393382272803956,-6.393382272803956,-6.393382272803956,0.0,0.0,0.0,1579.1669386063443
12062,2009-12-01,1585.7073189057724,1494.7446964091491,1677.865374438572,1514.8171937112259,1681.4334659420583,-6.247898577685067,-6.247898577685067,-6.247898577685067,-6.247898577685067,-6.247898577685067,-6.247898577685067,0.0,0.0,0.0,1579.4594203280874
12063,2009-12-02,1585.8543169323964,1492.1292131385558,1675.5855337557432,1514.810516195236,1682.3894788642374,-6.102314767742171,-6.102314767742171,-6.102314767742171,-6.102314767742171,-6.102314767742171,-6.102314767742171,0.0,0.0,0.0,1579.7520021646542
12064,2009-12-03,1586.0013149590202,1496.2915747524946,1685.626272657424,1514.803838679246,1683.3454917864165,-5.9566315681313355,-5.9566315681313355,-5.9566315681313355,-5.9566315681313355,-5.9566315681313355,-5.9566315681313355,0.0,0.0,0.0,1580.0446833908888
12065,2009-12-04,1586.1483129856442,1494.591430880254,1686.0149212393094,1514.797161163256,1684.1352391838527,-5.810849697441769,-5.810849697441769,-5.810849697441769,-5.810849697441769,-5.810849697441769,-5.810849697441769,0.0,0.0,0.0,1580.3374632882023
12066,2009-12-07,1586.5893070655163,1499.6790199533152,1685.2325673645917,1514.2577329126257,1685.4908651077242,-5.372919145955194,-5.372919145955194,-5.372919145955194,-5.372919145955194,-5.372919145955194,-5.372919145955194,0.0,0.0,0.0,1581.2163879195612
12067,2009-12-08,1586.7363050921401,1493.2074952341566,1682.9262371994835,1513.8908419366549,1685.9591790840568,-5.226749644952315,-5.226749644952315,-5.226749644952315,-5.226749644952315,-5.226749644952315,-5.226749644952315,0.0,0.0,0.0,1581.5095554471877
12068,2009-12-09,1586.8833031187642,1496.201762444401,1672.8927364624326,1513.5239509606856,1686.4251286832186,-5.080484966760537,-5.080484966760537,-5.080484966760537,-5.080484966760537,-5.080484966760537,-5.080484966760537,0.0,0.0,0.0,1581.8028181520035
12069,2009-12-10,1587.0303011453882,1493.7400334088015,1681.988632136486,1513.4045335662659,1686.8559120609339,-4.934125790240384,-4.934125790240384,-4.934125790240384,-4.934125790240384,-4.934125790240384,-4.934125790240384,0.0,0.0,0.0,1582.0961753551478
12070,2009-12-11,1587.1772991720122,1500.7736977642373,1681.7767971980375,1513.3312041797153,1687.2866954386504,-4.787672787574094,-4.787672787574094,-4.787672787574094,-4.787672787574094,-4.787672787574094,-4.787672787574094,0.0,0.0,0.0,1582.389626384438
12071,2009-12-14,1587.618293251884,1493.8882222194811,1681.8805170416936,1513.179148080026,1688.5604365397992,-4.347757444110141,-4.347757444110141,-4.347757444110141,-4.347757444110141,-4.347757444110141,-4.347757444110141,0.0,0.0,0.0,1583.270535807774
12072,2009-12-15,1587.7652912785088,1501.5691156527832,1683.552044677734,1513.1289697150323,1688.9801491979072,-4.200935724700476,-4.200935724700476,-4.200935724700476,-4.200935724700476,-4.200935724700476,-4.200935724700476,0.0,0.0,0.0,1583.5643555538084
12073,2009-12-16,1587.9122893051326,1492.012458286722,1697.0701707198061,1513.0701059426433,1689.3998618560124,-4.054023439445007,-4.054023439445007,-4.054023439445007,-4.054023439445007,-4.054023439445007,-4.054023439445007,0.0,0.0,0.0,1583.8582658656876
12074,2009-12-17,1588.0592873317567,1491.655891802678,1683.8391799731107,1512.7005231033718,1689.8195745141188,-3.907021220188549,-3.907021220188549,-3.907021220188549,-3.907021220188549,-3.907021220188549,-3.907021220188549,0.0,0.0,0.0,1584.152266111568
12075,2009-12-18,1588.2062853583807,1496.3707540128821,1690.0234355769235,1512.330940264099,1690.2392871722243,-3.759929692002634,-3.759929692002634,-3.759929692002634,-3.759929692002634,-3.759929692002634,-3.759929692002634,0.0,0.0,0.0,1584.446355666378
12076,2009-12-21,1588.6472794382526,1490.037862545505,1691.8833418645233,1511.2221917462823,1691.4984251465416,-3.318125402802779,-3.318125402802779,-3.318125402802779,-3.318125402802779,-3.318125402802779,-3.318125402802779,0.0,0.0,0.0,1585.3291540354498
12077,2009-12-22,1588.7942774648766,1503.1320943367857,1692.0808845925071,1510.8526089070108,1691.9181378046483,-3.170682753818356,-3.170682753818356,-3.170682753818356,-3.170682753818356,-3.170682753818356,-3.170682753818356,0.0,0.0,0.0,1585.6235947110583
12078,2009-12-23,1588.9412754915006,1496.9950557096363,1687.8550685404134,1510.6247078354208,1692.30661971693,-3.023153819307764,-3.023153819307764,-3.023153819307764,-3.023153819307764,-3.023153819307764,-3.023153819307764,0.0,0.0,0.0,1585.918121672193
12079,2009-12-24,1589.0882735181247,1488.6913460531086,1691.4908303547656,1510.430686667435,1692.6295441204293,-2.8755391834800927,-2.8755391834800927,-2.8755391834800927,-2.8755391834800927,-2.8755391834800927,-2.8755391834800927,0.0,0.0,0.0,1586.2127343346447
12080,2009-12-28,1589.6762656246208,1499.3712022064071,1691.1767159814847,1509.693792044103,1693.9212417344243,-2.2842350712058104,-2.2842350712058104,-2.2842350712058104,-2.2842350712058104,-2.2842350712058104,-2.2842350712058104,0.0,0.0,0.0,1587.392030553415
12081,2009-12-29,1589.8232636512448,1499.3281738478533,1696.5611007240052,1509.53878392933,1694.2441661379225,-2.13620045182371,-2.13620045182371,-2.13620045182371,-2.13620045182371,-2.13620045182371,-2.13620045182371,0.0,0.0,0.0,1587.6870631994211
12082,2009-12-30,1589.9702616778688,1503.1591485384736,1697.5370194323125,1509.3837758145573,1694.5670905414213,-1.9880834921810768,-1.9880834921810768,-1.9880834921810768,-1.9880834921810768,-1.9880834921810768,-1.9880834921810768,0.0,0.0,0.0,1587.9821781856879
12083,2009-12-31,1590.1172597044929,1500.9610232378361,1700.47371179836,1509.2287676997846,1694.8900149449205,-1.8398847283356388,-1.8398847283356388,-1.8398847283356388,-1.8398847283356388,-1.8398847283356388,-1.8398847283356388,0.0,0.0,0.0,1588.2773749761573
12084,2010-01-04,1590.7052518109888,1500.1374717245978,1698.1607591750435,1508.8894838190204,1696.1149422467154,-1.2462821098082544,-1.2462821098082544,-1.2462821098082544,-1.2462821098082544,-1.2462821098082544,-1.2462821098082544,0.0,0.0,0.0,1589.4589697011804
12085,2010-01-05,1590.8522498376126,1503.9136321888784,1699.1860512792525,1509.0033022622054,1696.4114307332725,-1.0976821234508078,-1.0976821234508078,-1.0976821234508078,-1.0976821234508078,-1.0976821234508078,-1.0976821234508078,0.0,0.0,0.0,1589.7545677141618
12086,2010-01-06,1590.9992478642366,1497.5038573110426,1696.1465023392166,1508.8364149529632,1696.7079192198303,-0.9490034037173416,-0.9490034037173416,-0.9490034037173416,-0.9490034037173416,-0.9490034037173416,-0.9490034037173416,0.0,0.0,0.0,1590.0502444605193
12087,2010-01-07,1591.1462458908607,1496.3097768035611,1701.5772785427218,1508.803168705349,1697.3694116187783,-0.8002464380943738,-0.8002464380943738,-0.8002464380943738,-0.8002464380943738,-0.8002464380943738,-0.8002464380943738,0.0,0.0,0.0,1590.3459994527664
12088,2010-01-08,1591.2932439174847,1501.376703231705,1702.3703521835746,1508.4405146574813,1698.017290958544,-0.6514117070972356,-0.6514117070972356,-0.6514117070972356,-0.6514117070972356,-0.6514117070972356,-0.6514117070972356,0.0,0.0,0.0,1590.6418322103875
12089,2010-01-11,1591.7342379973566,1498.7811703000464,1699.6893606651038,1507.206712943496,1700.230646719634,-0.20444562239081163,-0.20444562239081163,-0.20444562239081163,-0.20444562239081163,-0.20444562239081163,-0.20444562239081163,0.0,0.0,0.0,1591.5297923749658
12090,2010-01-12,1591.8812360239806,1503.4756655455838,1705.7672211059416,1506.9587973932944,1700.841682156067,-0.0553044955086069,-0.0553044955086069,-0.0553044955086069,-0.0553044955086069,-0.0553044955086069,-0.0553044955086069,0.0,0.0,0.0,1591.825931528472
12091,2010-01-13,1592.0282340506046,1488.7563102130866,1705.284112892613,1506.7108818430925,1701.2337827621923,0.09391209888085335,0.09391209888085335,0.09391209888085335,0.09391209888085335,0.09391209888085335,0.09391209888085335,0.0,0.0,0.0,1592.1221461494854
12092,2010-01-14,1592.175232077229,1501.0569619044973,1699.5804429493069,1506.4629662928899,1701.6232636087527,0.24320372218409078,0.24320372218409078,0.24320372218409078,0.24320372218409078,0.24320372218409078,0.24320372218409078,0.0,0.0,0.0,1592.4184357994131
12093,2010-01-15,1592.3222301038531,1499.8449949446776,1699.5097849790036,1506.2150507426882,1702.0127444553116,0.39256994281384033,0.39256994281384033,0.39256994281384033,0.39256994281384033,0.39256994281384033,0.39256994281384033,0.0,0.0,0.0,1592.714800046667
12094,2010-01-19,1592.910222210349,1494.9872531938904,1706.949386113897,1505.1929729692188,1703.5706678415472,0.9907724122584937,0.9907724122584937,0.9907724122584937,0.9907724122584937,0.9907724122584937,0.9907724122584937,0.0,0.0,0.0,1593.9009946226076
12095,2010-01-20,1593.057220236973,1495.689597562092,1708.0860511574385,1504.9174208962122,1703.9601486881065,1.1405053911658978,1.1405053911658978,1.1405053911658978,1.1405053911658978,1.1405053911658978,1.1405053911658978,0.0,0.0,0.0,1594.1977256281389
12096,2010-01-21,1593.204218263597,1493.4921091827755,1707.0849162309996,1504.6418688232054,1704.3496295346654,1.290310525198845,1.290310525198845,1.290310525198845,1.290310525198845,1.290310525198845,1.290310525198845,0.0,0.0,0.0,1594.494528788796
12097,2010-01-22,1593.3512162902214,1496.8756982815457,1705.3706218606364,1504.3663167501988,1704.7391103812242,1.4401874319058716,1.4401874319058716,1.4401874319058716,1.4401874319058716,1.4401874319058716,1.4401874319058716,0.0,0.0,0.0,1594.7914037221271
12098,2010-01-25,1593.7922103700932,1499.065552545022,1706.4368318044026,1503.8925945695273,1705.9075529209,1.890245069064166,1.890245069064166,1.890245069064166,1.890245069064166,1.890245069064166,1.890245069064166,0.0,0.0,0.0,1595.6824554391574
12099,2010-01-26,1593.9392083967173,1490.9864588395637,1716.53047788456,1504.0706376317664,1706.297033767459,2.040405382627999,2.040405382627999,2.040405382627999,2.040405382627999,2.040405382627999,2.040405382627999,0.0,0.0,0.0,1595.9796137793453
12100,2010-01-27,1594.0862064233413,1496.2809536104414,1710.5589413525422,1504.248680694005,1706.6865146140176,2.19063566212316,2.19063566212316,2.19063566212316,2.19063566212316,2.19063566212316,2.19063566212316,0.0,0.0,0.0,1596.2768420854645
12101,2010-01-28,1594.2332044499653,1501.0155759447448,1706.57130523715,1504.2527941148733,1707.075995460577,2.3409355673114804,2.3409355673114804,2.3409355673114804,2.3409355673114804,2.3409355673114804,2.3409355673114804,0.0,0.0,0.0,1596.574140017277
12102,2010-01-29,1594.3802024765891,1497.3050516694475,1717.1583945543896,1504.0647006052143,1707.4568825505683,2.491304764993169,2.491304764993169,2.491304764993169,2.491304764993169,2.491304764993169,2.491304764993169,0.0,0.0,0.0,1596.8715072415823
12103,2010-02-01,1594.8211965564612,1501.109496468541,1714.2246825366926,1503.500420076238,1708.542529174212,2.942824886604177,2.942824886604177,2.942824886604177,2.942824886604177,2.942824886604177,2.942824886604177,0.0,0.0,0.0,1597.7640214430655
12104,2010-02-02,1594.9681945830853,1491.067933095986,1714.6249328506378,1503.312326566579,1708.8614945805903,3.093468063059379,3.093468063059379,3.093468063059379,3.093468063059379,3.093468063059379,3.093468063059379,0.0,0.0,0.0,1598.0616626461447
12105,2010-02-03,1595.115192609709,1495.892732218034,1711.707257646743,1503.12423305692,1709.3169407527803,3.2441789716023424,3.2441789716023424,3.2441789716023424,3.2441789716023424,3.2441789716023424,3.2441789716023424,0.0,0.0,0.0,1598.3593715813115
12106,2010-02-04,1595.2621906363331,1498.8163875424552,1710.6801237957648,1502.9361395472613,1709.7980235352466,3.3949573212677824,3.3949573212677824,3.3949573212677824,3.3949573212677824,3.3949573212677824,3.3949573212677824,0.0,0.0,0.0,1598.657147957601
12107,2010-02-05,1595.4091886629571,1497.408343691245,1718.7955539292868,1502.7680444150976,1710.1918422330473,3.5458028281229987,3.5458028281229987,3.5458028281229987,3.5458028281229987,3.5458028281229987,3.5458028281229987,0.0,0.0,0.0,1598.9549914910801
12108,2010-02-08,1595.850182742829,1496.5818605356212,1721.4157500300348,1502.296594155856,1711.360284772724,3.9987395580291953,3.9987395580291953,3.9987395580291953,3.9987395580291953,3.9987395580291953,3.9987395580291953,0.0,0.0,0.0,1599.8489223008582
12109,2010-02-09,1595.997180769453,1487.8421412692887,1722.0421949926017,1502.1394440694423,1711.7497656192832,4.149850994996594,4.149850994996594,4.149850994996594,4.149850994996594,4.149850994996594,4.149850994996594,0.0,0.0,0.0,1600.1470317644496
12110,2010-02-10,1596.1441787960773,1500.7018496908192,1712.72369306047,1501.9875947585315,1712.139246465842,4.301028274974618,4.301028274974618,4.301028274974618,4.301028274974618,4.301028274974618,4.301028274974618,0.0,0.0,0.0,1600.445207071052
12111,2010-02-11,1596.2911768227013,1500.9204536175816,1721.0262481968773,1501.8365125108207,1712.5287273124009,4.452271156207716,4.452271156207716,4.452271156207716,4.452271156207716,4.452271156207716,4.452271156207716,0.0,0.0,0.0,1600.743447978909
12112,2010-02-12,1596.4381748493254,1502.329504463378,1719.618091898065,1501.6854302631102,1712.91820815896,4.6035794039549485,4.6035794039549485,4.6035794039549485,4.6035794039549485,4.6035794039549485,4.6035794039549485,0.0,0.0,0.0,1601.0417542532803
12113,2010-02-16,1597.0261669558215,1498.1603154907777,1721.1173205190178,1500.8580538656945,1714.4761315451958,5.20946161082216,5.20946161082216,5.20946161082216,5.20946161082216,5.20946161082216,5.20946161082216,0.0,0.0,0.0,1602.2356285666438
12114,2010-02-17,1597.173164982446,1492.024738390348,1708.8781353917864,1500.6377431991505,1714.865612391755,5.361093415504151,5.361093415504151,5.361093415504151,5.361093415504151,5.361093415504151,5.361093415504151,0.0,0.0,0.0,1602.5342583979502
12115,2010-02-18,1597.3201630090698,1493.970304022828,1719.8735251596956,1500.4174325326067,1715.2550932383137,5.512789325471703,5.512789325471703,5.512789325471703,5.512789325471703,5.512789325471703,5.512789325471703,0.0,0.0,0.0,1602.8329523345415
12116,2010-02-19,1597.4671610356938,1502.0891392158921,1725.189401173211,1500.3067321372623,1715.6445740848728,5.664549155012346,5.664549155012346,5.664549155012346,5.664549155012346,5.664549155012346,5.664549155012346,0.0,0.0,0.0,1603.1317101907061
12117,2010-02-22,1597.9081551155657,1496.7217867049424,1725.8455542001007,1500.0964929460622,1716.8130166245498,6.1202104086927696,6.1202104086927696,6.1202104086927696,6.1202104086927696,6.1202104086927696,6.1202104086927696,0.0,0.0,0.0,1604.0283655242586
12118,2010-02-23,1598.0551531421897,1502.1705772476482,1734.1241577729354,1499.9393428596484,1717.2024974711087,6.2722241990155565,6.2722241990155565,6.2722241990155565,6.2722241990155565,6.2722241990155565,6.2722241990155565,0.0,0.0,0.0,1604.3273773412052
12119,2010-02-24,1598.2021511688138,1503.33462241084,1731.9790451789427,1499.7821927732348,1717.5919783176673,6.424301085011123,6.424301085011123,6.424301085011123,6.424301085011123,6.424301085011123,6.424301085011123,0.0,0.0,0.0,1604.626452253825
12120,2010-02-25,1598.3491491954378,1500.728260948406,1729.687326988468,1499.625042686821,1717.9814591642266,6.576440922785637,6.576440922785637,6.576440922785637,6.576440922785637,6.576440922785637,6.576440922785637,0.0,0.0,0.0,1604.9255901182235
12121,2010-02-26,1598.4961472220618,1496.9549977861163,1733.026731461206,1499.5511876716907,1718.3594784048844,6.728643575396129,6.728643575396129,6.728643575396129,6.728643575396129,6.728643575396129,6.728643575396129,0.0,0.0,0.0,1605.224790797458
12122,2010-03-01,1598.9371413019337,1495.672889538942,1738.5649347450935,1499.4379583563214,1719.4164556929618,7.185627156887128,7.185627156887128,7.185627156887128,7.185627156887128,7.185627156887128,7.185627156887128,0.0,0.0,0.0,1606.122768458821
12123,2010-03-02,1599.0841393285577,1499.9726575835273,1736.013038617693,1499.4002152511982,1719.7687814556548,7.338079838120456,7.338079838120456,7.338079838120456,7.338079838120456,7.338079838120456,7.338079838120456,0.0,0.0,0.0,1606.4222191666781
12124,2010-03-03,1599.2311373551815,1497.3490633889169,1725.0720747856224,1499.362472146075,1720.1211072183473,7.490594753441832,7.490594753441832,7.490594753441832,7.490594753441832,7.490594753441832,7.490594753441832,0.0,0.0,0.0,1606.7217321086234
12125,2010-03-04,1599.3781353818056,1500.6401092364167,1729.5208471740445,1499.324729040952,1720.4734329810394,7.643171807438595,7.643171807438595,7.643171807438595,7.643171807438595,7.643171807438595,7.643171807438595,0.0,0.0,0.0,1607.0213071892442
12126,2010-03-05,1599.5251334084296,1500.351804254356,1732.1705959245037,1499.2869859358286,1720.7288070172358,7.795810911591071,7.795810911591071,7.795810911591071,7.795810911591071,7.795810911591071,7.795810911591071,0.0,0.0,0.0,1607.3209443200208
12127,2010-03-08,1599.966127488302,1508.3494119456473,1734.1940961820458,1499.1737566204592,1722.1085624590294,8.254099743033493,8.254099743033493,8.254099743033493,8.254099743033493,8.254099743033493,8.254099743033493,0.0,0.0,0.0,1608.2202272313355
12128,2010-03-09,1600.113125514926,1503.3084809588402,1731.0059991190915,1499.136013515336,1722.5518229919335,8.406986300194388,8.406986300194388,8.406986300194388,8.406986300194388,8.406986300194388,8.406986300194388,0.0,0.0,0.0,1608.5201118151203
12129,2010-03-10,1600.2601235415498,1500.3585030996708,1736.351568150171,1499.098270410213,1722.9950835248396,8.559934568013643,8.559934568013643,8.559934568013643,8.559934568013643,8.559934568013643,8.559934568013643,0.0,0.0,0.0,1608.8200581095634
12130,2010-03-11,1600.4071215681738,1503.548974318621,1738.9274275994599,1499.0605273050896,1723.4341910160495,8.712944499139033,8.712944499139033,8.712944499139033,8.712944499139033,8.712944499139033,8.712944499139033,0.0,0.0,0.0,1609.1200660673128
12131,2010-03-12,1600.5541195947978,1495.9372942714872,1732.9467876366807,1499.0321371930295,1723.8236718626083,8.866016053048108,8.866016053048108,8.866016053048108,8.866016053048108,8.866016053048108,8.866016053048108,0.0,0.0,0.0,1609.4201356478459
12132,2010-03-15,1600.9951136746702,1502.901190607207,1732.0585302875793,1498.9619323227719,1725.0497117824425,9.325600148448766,9.325600148448766,9.325600148448766,9.325600148448766,9.325600148448766,9.325600148448766,0.0,0.0,0.0,1610.320713823119
12133,2010-03-16,1601.1421117012944,1495.2197007074706,1744.8717837392069,1498.9385306993527,1726.0265680642185,9.478917924445742,9.478917924445742,9.478917924445742,9.478917924445742,9.478917924445742,9.478917924445742,0.0,0.0,0.0,1610.6210296257402
12134,2010-03-17,1601.2891097279185,1503.9485607548943,1744.9387029884076,1498.9151290759335,1726.9419754010744,9.632297222649926,9.632297222649926,9.632297222649926,9.632297222649926,9.632297222649926,9.632297222649926,0.0,0.0,0.0,1610.9214069505683
12135,2010-03-18,1601.4361077545423,1499.1695342685882,1738.603346478178,1498.9133021748423,1727.2259625398592,9.785738043271639,9.785738043271639,9.785738043271639,9.785738043271639,9.785738043271639,9.785738043271639,0.0,0.0,0.0,1611.221845797814
12136,2010-03-19,1601.5831057811663,1496.0894804961306,1740.887828308505,1498.3996069997725,1726.5700124253362,9.939240393272318,9.939240393272318,9.939240393272318,9.939240393272318,9.939240393272318,9.939240393272318,0.0,0.0,0.0,1611.5223461744386
12137,2010-03-22,1602.0240998610384,1502.0438854193405,1746.8496671357593,1498.167685090527,1727.6001401760955,10.40011679013835,10.40011679013835,10.40011679013835,10.40011679013835,10.40011679013835,10.40011679013835,0.0,0.0,0.0,1612.4242166511767
12138,2010-03-23,1602.1710978876622,1498.1520099393658,1742.3322616178166,1498.418568145954,1727.9592468074134,10.553865461816347,10.553865461816347,10.553865461816347,10.553865461816347,10.553865461816347,10.553865461816347,0.0,0.0,0.0,1612.7249633494785
12139,2010-03-24,1602.3180959142862,1505.8225960666684,1749.6103369420916,1498.6694512013814,1728.3183534387306,10.707675798481034,10.707675798481034,10.707675798481034,10.707675798481034,10.707675798481034,10.707675798481034,0.0,0.0,0.0,1613.0257717127672
12140,2010-03-25,1602.4650939409103,1499.889849999111,1755.7255505679145,1498.72791608858,1728.677460070048,10.861547847324312,10.861547847324312,10.861547847324312,10.861547847324312,10.861547847324312,10.861547847324312,0.0,0.0,0.0,1613.3266417882346
12141,2010-03-26,1602.6120919675343,1494.7043402581583,1747.1821037474012,1498.7045144651609,1729.0365667013657,11.015481662196231,11.015481662196231,11.015481662196231,11.015481662196231,11.015481662196231,11.015481662196231,0.0,0.0,0.0,1613.6275736297305
12142,2010-03-29,1603.0530860474062,1494.7649259289678,1748.3566146002177,1498.634309594903,1730.3500444468323,11.477654341103975,11.477654341103975,11.477654341103975,11.477654341103975,11.477654341103975,11.477654341103975,0.0,0.0,0.0,1614.5307403885101
12143,2010-03-30,1603.2000840740302,1496.7972563986634,1748.852238711203,1498.6109079714843,1730.659291385414,11.631835891310292,11.631835891310292,11.631835891310292,11.631835891310292,11.631835891310292,11.631835891310292,0.0,0.0,0.0,1614.8319199653406
12144,2010-03-31,1603.347082100654,1508.4557154938022,1754.7553738218876,1498.5875063480648,1730.9375903734735,11.786079576203642,11.786079576203642,11.786079576203642,11.786079576203642,11.786079576203642,11.786079576203642,0.0,0.0,0.0,1615.1331616768578
12145,2010-04-01,1603.494080127278,1494.3625624225829,1747.0449210542865,1498.5641047246459,1731.3569971239222,11.940385489297407,11.940385489297407,11.940385489297407,11.940385489297407,11.940385489297407,11.940385489297407,0.0,0.0,0.0,1615.4344656165754
12146,2010-04-05,1604.0820722337744,1504.3973617494958,1758.4842086786912,1498.470498230969,1733.0346241257184,12.55823352313636,12.55823352313636,12.55823352313636,12.55823352313636,12.55823352313636,12.55823352313636,0.0,0.0,0.0,1616.6403057569107
12147,2010-04-06,1604.2290702603984,1507.748942904597,1751.1161204717957,1498.4470966075498,1733.454030876167,12.712852208920285,12.712852208920285,12.712852208920285,12.712852208920285,12.712852208920285,12.712852208920285,0.0,0.0,0.0,1616.9419224693188
12148,2010-04-07,1604.3760682870222,1498.3855475524272,1751.1452086384415,1498.4236949841306,1733.8734376266166,12.867533821165145,12.867533821165145,12.867533821165145,12.867533821165145,12.867533821165145,12.867533821165145,0.0,0.0,0.0,1617.2436021081874
12149,2010-04-08,1604.5230663136463,1500.4082924264328,1756.9767886015372,1498.4002933607114,1734.2928443770652,13.022278498965857,13.022278498965857,13.022278498965857,13.022278498965857,13.022278498965857,13.022278498965857,0.0,0.0,0.0,1617.545344812612
12150,2010-04-09,1604.6700643402703,1506.5384429857033,1762.656505513319,1498.3768917372922,1734.7122511275145,13.177086387866789,13.177086387866789,13.177086387866789,13.177086387866789,13.177086387866789,13.177086387866789,0.0,0.0,0.0,1617.8471507281372
12151,2010-04-12,1605.1110584201422,1503.8271454636852,1760.5511339591387,1496.2291614257106,1735.897578105934,13.641890872947702,13.641890872947702,13.641890872947702,13.641890872947702,13.641890872947702,13.641890872947702,0.0,0.0,0.0,1618.7529492930898
12152,2010-04-13,1605.2580564467662,1496.3063921529435,1761.959425632531,1496.108123536292,1736.2870589524925,13.796953190032042,13.796953190032042,13.796953190032042,13.796953190032042,13.796953190032042,13.796953190032042,0.0,0.0,0.0,1619.0550096367983
12153,2010-04-14,1605.405054473391,1504.1014441686732,1763.3965574148697,1496.0710860431302,1736.675766496155,13.952079542047164,13.952079542047164,13.952079542047164,13.952079542047164,13.952079542047164,13.952079542047164,0.0,0.0,0.0,1619.357134015438
12154,2010-04-15,1605.552052500015,1499.306809758215,1764.9920291680346,1496.0400692818428,1737.0642195304981,14.10727011286423,14.10727011286423,14.10727011286423,14.10727011286423,14.10727011286423,14.10727011286423,0.0,0.0,0.0,1619.6593226128791
12155,2010-04-16,1605.6990505266388,1498.269348296397,1766.5826818297448,1496.0090525205553,1737.843320502584,14.262525092680345,14.262525092680345,14.262525092680345,14.262525092680345,14.262525092680345,14.262525092680345,0.0,0.0,0.0,1619.961575619319
12156,2010-04-19,1606.1400446065109,1502.1807603281295,1759.9351371768746,1494.8190357595622,1740.2082724798574,14.728678482576584,14.728678482576584,14.728678482576584,14.728678482576584,14.728678482576584,14.728678482576584,0.0,0.0,0.0,1620.8687230890873
12157,2010-04-20,1606.2870426331347,1497.529083455976,1758.4412418405543,1494.5598567857023,1740.9965898056146,14.884193126222433,14.884193126222433,14.884193126222433,14.884193126222433,14.884193126222433,14.884193126222433,0.0,0.0,0.0,1621.1712357593572
12158,2010-04-21,1606.4340406597587,1502.6390695454186,1754.1078106669718,1494.4555210427084,1741.784907131374,15.039773224092487,15.039773224092487,15.039773224092487,15.039773224092487,15.039773224092487,15.039773224092487,0.0,0.0,0.0,1621.473813883851
12159,2010-04-22,1606.5810386863827,1492.789304926238,1768.770456799663,1494.4055115638237,1742.5732244571313,15.195419003952864,15.195419003952864,15.195419003952864,15.195419003952864,15.195419003952864,15.195419003952864,0.0,0.0,0.0,1621.7764576903355
12160,2010-04-23,1606.7280367130068,1503.8587928474358,1756.731227791449,1494.3577176101326,1743.361541782891,15.351130699763921,15.351130699763921,15.351130699763921,15.351130699763921,15.351130699763921,15.351130699763921,0.0,0.0,0.0,1622.0791674127706
12161,2010-04-26,1607.1690307928786,1500.4913266179904,1765.7517018377266,1494.2701618906483,1745.7264937601647,15.81866371500095,15.81866371500095,15.81866371500095,15.81866371500095,15.81866371500095,15.81866371500095,0.0,0.0,0.0,1622.9876945078795
12162,2010-04-27,1607.3160288195027,1505.7292292922104,1778.3760614695843,1494.2409766508204,1746.190939292133,15.974641537417451,15.974641537417451,15.974641537417451,15.974641537417451,15.974641537417451,15.974641537417451,0.0,0.0,0.0,1623.2906703569201
12163,2010-04-28,1607.4630268461267,1498.064458000718,1771.4135569163554,1494.2117914109924,1746.6135001721234,16.130686537814476,16.130686537814476,16.130686537814476,16.130686537814476,16.130686537814476,16.130686537814476,0.0,0.0,0.0,1623.5937133839411
12164,2010-04-29,1607.6100248727505,1499.3999805923681,1764.3198572076008,1494.3439786067956,1747.0360610521134,16.28679898690794,16.28679898690794,16.28679898690794,16.28679898690794,16.28679898690794,16.28679898690794,0.0,0.0,0.0,1623.8968238596585
12165,2010-04-30,1607.757022899375,1500.3944845896608,1774.5441474607574,1494.4990501247985,1747.4586219321036,16.44297916146426,16.44297916146426,16.44297916146426,16.44297916146426,16.44297916146426,16.44297916146426,0.0,0.0,0.0,1624.2000020608393
12166,2010-05-03,1608.1980169792469,1503.8555039731623,1778.233290973261,1494.9642646788077,1748.7263045720742,16.911928895954368,16.911928895954368,16.911928895954368,16.911928895954368,16.911928895954368,16.911928895954368,0.0,0.0,0.0,1625.1099458752012
12167,2010-05-04,1608.345015005871,1499.7091340273269,1775.428471677386,1495.1193361968105,1749.1488654520645,17.068382860388404,17.068382860388404,17.068382860388404,17.068382860388404,17.068382860388404,17.068382860388404,0.0,0.0,0.0,1625.4133978662594
12168,2010-05-05,1608.492013032495,1504.7983248841624,1766.3041973322315,1494.8706850965887,1749.5714263320547,17.224906024201037,17.224906024201037,17.224906024201037,17.224906024201037,17.224906024201037,17.224906024201037,0.0,0.0,0.0,1625.716919056696
12169,2010-05-06,1608.6390110591187,1504.244153298744,1769.4339020120733,1494.5579114954148,1749.993987212045,17.3814987000465,17.3814987000465,17.3814987000465,17.3814987000465,17.3814987000465,17.3814987000465,0.0,0.0,0.0,1626.0205097591652
12170,2010-05-07,1608.7860090857428,1505.7987519394499,1775.3274340644043,1494.2451378942405,1750.416548092035,17.538161206478062,17.538161206478062,17.538161206478062,17.538161206478062,17.538161206478062,17.538161206478062,0.0,0.0,0.0,1626.3241702922207
12171,2010-05-10,1609.2270031656146,1502.9447168675233,1769.3877067496437,1493.5567965092655,1751.684230732006,18.00857098295041,18.00857098295041,18.00857098295041,18.00857098295041,18.00857098295041,18.00857098295041,0.0,0.0,0.0,1627.235574148565
12172,2010-05-11,1609.3740011922387,1497.9010742798207,1786.4229912160367,1493.4756284784175,1752.106791611996,18.165516114603275,18.165516114603275,18.165516114603275,18.165516114603275,18.165516114603275,18.165516114603275,0.0,0.0,0.0,1627.5395173068418
12173,2010-05-12,1609.5209992188627,1500.5889507260779,1771.5978244104335,1493.4053219861285,1752.8108951363588,18.32253275741233,18.32253275741233,18.32253275741233,18.32253275741233,18.32253275741233,18.32253275741233,0.0,0.0,0.0,1627.843531976275
12174,2010-05-13,1609.6679972454867,1508.7200674087871,1778.3712236920562,1493.3553125072435,1753.2386071813794,18.479621264898608,18.479621264898608,18.479621264898608,18.479621264898608,18.479621264898608,18.479621264898608,0.0,0.0,0.0,1628.1476185103854
12175,2010-05-14,1609.8149952721112,1498.3566317166933,1782.0679801409708,1493.3053030283586,1753.6663192264016,18.636781996321595,18.636781996321595,18.636781996321595,18.636781996321595,18.636781996321595,18.636781996321595,0.0,0.0,0.0,1628.4517772684328
12176,2010-05-17,1610.2559893519833,1501.386571034771,1789.01224953778,1493.1552745917045,1754.9100834843935,19.10870121255565,19.10870121255565,19.10870121255565,19.10870121255565,19.10870121255565,19.10870121255565,0.0,0.0,0.0,1629.364690564539
12177,2010-05-18,1610.4029873786073,1497.890780634574,1791.3584536176174,1493.1052651128196,1755.3921506718748,19.266154546477733,19.266154546477733,19.266154546477733,19.266154546477733,19.266154546477733,19.266154546477733,0.0,0.0,0.0,1629.6691419250851
12178,2010-05-19,1610.5499854052312,1502.8506921910557,1783.404457252281,1493.0552556339346,1755.8383875503519,19.423681986034097,19.423681986034097,19.423681986034097,19.423681986034097,19.423681986034097,19.423681986034097,0.0,0.0,0.0,1629.9736673912653
12179,2010-05-20,1610.6969834318552,1494.1487628670272,1788.7512829384527,1493.00524615505,1756.2846244288276,19.58128392447929,19.58128392447929,19.58128392447929,19.58128392447929,19.58128392447929,19.58128392447929,0.0,0.0,0.0,1630.2782673563345
12180,2010-05-21,1610.8439814584792,1499.8458919183229,1787.1322045188135,1492.8410390705671,1756.7308613073035,19.738960760643423,19.738960760643423,19.738960760643423,19.738960760643423,19.738960760643423,19.738960760643423,0.0,0.0,0.0,1630.5829422191227
12181,2010-05-24,1611.284975538351,1508.8331350364945,1790.782067269743,1492.0941594037463,1758.069571942733,20.21244472696841,20.21244472696841,20.21244472696841,20.21244472696841,20.21244472696841,20.21244472696841,0.0,0.0,0.0,1631.4974202653195
12182,2010-05-25,1611.4319735649751,1504.2254910910192,1794.3602184985382,1491.7846027584094,1758.5158088212088,20.370425253089863,20.370425253089863,20.370425253089863,20.370425253089863,20.370425253089863,20.370425253089863,0.0,0.0,0.0,1631.802398818065
12183,2010-05-26,1611.5789715915992,1508.9257308265574,1788.0200503310987,1491.267991567613,1759.5299286446798,20.52848275394437,20.52848275394437,20.52848275394437,20.52848275394437,20.52848275394437,20.52848275394437,0.0,0.0,0.0,1632.1074543455436
12184,2010-05-27,1611.7259696182234,1504.9993457272817,1795.91876972866,1490.8086919488433,1760.41485067434,20.68661766133574,20.68661766133574,20.68661766133574,20.68661766133574,20.68661766133574,20.68661766133574,0.0,0.0,0.0,1632.4125872795591
12185,2010-05-28,1611.8729676448474,1498.2150589771159,1793.9785443054034,1490.357802097331,1760.7590649418185,20.84483041247132,20.84483041247132,20.84483041247132,20.84483041247132,20.84483041247132,20.84483041247132,0.0,0.0,0.0,1632.7177980573188
12186,2010-06-01,1612.4609597513434,1504.0458098833856,1791.8609589400442,1488.5542426912814,1762.809142126628,21.47846878644029,21.47846878644029,21.47846878644029,21.47846878644029,21.47846878644029,21.47846878644029,0.0,0.0,0.0,1633.9394285377837
12187,2010-06-02,1612.6079577779674,1507.1978362009277,1796.6496141965767,1488.1033528397693,1763.1913082242204,21.637077501886957,21.637077501886957,21.637077501886957,21.637077501886957,21.637077501886957,21.637077501886957,0.0,0.0,0.0,1634.2450352798544
12188,2010-06-03,1612.7549558045912,1499.5142318638416,1791.3974084317645,1487.6524629882572,1763.573474321814,21.79576679645032,21.79576679645032,21.79576679645032,21.79576679645032,21.79576679645032,21.79576679645032,0.0,0.0,0.0,1634.5507226010416
12189,2010-06-04,1612.9019538312152,1513.0863216442103,1782.7171460909178,1487.201573136744,1763.9556404194063,21.954537144468844,21.954537144468844,21.954537144468844,21.954537144468844,21.954537144468844,21.954537144468844,0.0,0.0,0.0,1634.856490975684
12190,2010-06-07,1613.342947911087,1503.9606561961982,1800.384592842288,1485.8489035822076,1765.3200504000854,22.431339330510035,22.431339330510035,22.431339330510035,22.431339330510035,22.431339330510035,22.431339330510035,0.0,0.0,0.0,1635.7742872415972
12191,2010-06-08,1613.4899459377111,1503.644967563264,1807.7799773109505,1485.3980137306958,1766.2964557779733,22.59043873936559,22.59043873936559,22.59043873936559,22.59043873936559,22.59043873936559,22.59043873936559,0.0,0.0,0.0,1636.0803846770766
12192,2010-06-09,1613.6369439643352,1498.9873724132935,1799.9298474334444,1484.9471238791825,1766.915848134278,22.749621650851854,22.749621650851854,22.749621650851854,22.749621650851854,22.749621650851854,22.749621650851854,0.0,0.0,0.0,1636.386565615187
12193,2010-06-10,1613.7839419909592,1491.1385247561238,1801.1753503301104,1484.4962340276702,1767.2514357129469,22.908888570113437,22.908888570113437,22.908888570113437,22.908888570113437,22.908888570113437,22.908888570113437,0.0,0.0,0.0,1636.6928305610727
12194,2010-06-11,1613.9309400175832,1491.801740954622,1807.698092071823,1484.0453441761583,1767.5711178130593,23.068240007328242,23.068240007328242,23.068240007328242,23.068240007328242,23.068240007328242,23.068240007328242,0.0,0.0,0.0,1636.9991800249115
12195,2010-06-14,1614.3719340974558,1511.1709076566074,1800.693147473497,1482.6926746216193,1769.7439547743782,23.546806603535586,23.546806603535586,23.546806603535586,23.546806603535586,23.546806603535586,23.546806603535586,0.0,0.0,0.0,1637.9187407009913
12196,2010-06-15,1614.5189321240798,1497.917316915168,1800.1582958571412,1482.2417847701072,1770.6287296417868,23.70650131421325,23.70650131421325,23.70650131421325,23.70650131421325,23.70650131421325,23.70650131421325,0.0,0.0,0.0,1638.225433438293
12197,2010-06-16,1614.6659301507036,1498.4331066203385,1801.503741497734,1481.7908949185953,1771.5135045091956,23.866283168384022,23.866283168384022,23.866283168384022,23.866283168384022,23.866283168384022,23.866283168384022,0.0,0.0,0.0,1638.5322133190875
12198,2010-06-17,1614.8129281773276,1496.2377244355414,1812.2210563604192,1481.3467053570237,1772.398279376604,24.026152705887903,24.026152705887903,24.026152705887903,24.026152705887903,24.026152705887903,24.026152705887903,0.0,0.0,0.0,1638.8390808832155
12199,2010-06-18,1614.9599262039517,1493.2449480593007,1811.0360254807736,1480.9127803393503,1773.2830542440126,24.18611047140972,24.18611047140972,24.18611047140972,24.18611047140972,24.18611047140972,24.18611047140972,0.0,0.0,0.0,1639.1460366753613
12200,2010-06-21,1615.4009202838236,1508.1883446497702,1801.8755015749332,1479.662329852129,1775.1327122783232,24.66651865504019,24.66651865504019,24.66651865504019,24.66651865504019,24.66651865504019,24.66651865504019,0.0,0.0,0.0,1640.0674389388637
12201,2010-06-22,1615.5479183104476,1501.92883563028,1809.1919252485916,1479.46115955321,1775.74308110837,24.826834875422954,24.826834875422954,24.826834875422954,24.826834875422954,24.826834875422954,24.826834875422954,0.0,0.0,0.0,1640.3747531858705
12202,2010-06-23,1615.6949163370718,1502.173573752271,1799.2350530128776,1479.2599892542908,1776.3534499384168,24.987242118951183,24.987242118951183,24.987242118951183,24.987242118951183,24.987242118951183,24.987242118951183,0.0,0.0,0.0,1640.682158456023
12203,2010-06-24,1615.8419143636959,1498.0480061572034,1803.4265609355357,1479.0588189553712,1776.9638187684648,25.14774095879322,25.14774095879322,25.14774095879322,25.14774095879322,25.14774095879322,25.14774095879322,0.0,0.0,0.0,1640.9896553224892
12204,2010-06-25,1615.98891239032,1508.2810993776068,1803.9570935072675,1478.8576486564516,1777.5741875985116,25.308331972758353,25.308331972758353,25.308331972758353,25.308331972758353,25.308331972758353,25.308331972758353,0.0,0.0,0.0,1641.2972443630783
12205,2010-06-28,1616.4299064701918,1495.451399263906,1814.3218135323257,1478.270900247158,1779.4052940886518,25.790663906621305,25.790663906621305,25.790663906621305,25.790663906621305,25.790663906621305,25.790663906621305,0.0,0.0,0.0,1642.2205703768132
12206,2010-06-29,1616.5769044968158,1498.5242561255536,1815.8660367823138,1477.924949813483,1780.009343263199,25.951629487130994,25.951629487130994,25.951629487130994,25.951629487130994,25.951629487130994,25.951629487130994,0.0,0.0,0.0,1642.5285339839468
12207,2010-06-30,1616.7239025234398,1502.8827401057295,1809.9328412529069,1477.5270344867697,1780.5745280958172,26.112690199510897,26.112690199510897,26.112690199510897,26.112690199510897,26.112690199510897,26.112690199510897,0.0,0.0,0.0,1642.8365927229509
12208,2010-07-01,1616.8709005500637,1500.6032231340303,1811.5071726391275,1477.1522186116201,1781.1397129284355,26.273846648845808,26.273846648845808,26.273846648845808,26.273846648845808,26.273846648845808,26.273846648845808,0.0,0.0,0.0,1643.1447471989095
12209,2010-07-02,1617.0178985766877,1510.1578534992768,1819.1056099150626,1476.7774027364705,1781.7048977610534,26.435099444656178,26.435099444656178,26.435099444656178,26.435099444656178,26.435099444656178,26.435099444656178,0.0,0.0,0.0,1643.4529980213438
12210,2010-07-06,1617.6058906831836,1507.6741086033376,1818.2074035249875,1475.8887910636927,1785.9991110564372,27.081086436966274,27.081086436966274,27.081086436966274,27.081086436966274,27.081086436966274,27.081086436966274,0.0,0.0,0.0,1644.6869771201498
12211,2010-07-07,1617.7528887098076,1495.9983877183383,1816.6210436074416,1475.879923703695,1787.0683952548118,27.242830261420206,27.242830261420206,27.242830261420206,27.242830261420206,27.242830261420206,27.242830261420206,0.0,0.0,0.0,1644.995718971228
12212,2010-07-08,1617.8998867364317,1495.7356082695321,1827.4100385653646,1475.880447636477,1787.605315838121,27.404674181116334,27.404674181116334,27.404674181116334,27.404674181116334,27.404674181116334,27.404674181116334,0.0,0.0,0.0,1645.304560917548
12213,2010-07-09,1618.0468847630557,1495.3846764476698,1820.4317422076274,1475.8810409505254,1788.1422364214316,27.566618835838735,27.566618835838735,27.566618835838735,27.566618835838735,27.566618835838735,27.566618835838735,0.0,0.0,0.0,1645.6135035988943
12214,2010-07-12,1618.4878788429278,1503.8245674733346,1826.559725901974,1475.88282089267,1789.554757418327,28.053063670879084,28.053063670879084,28.053063670879084,28.053063670879084,28.053063670879084,28.053063670879084,0.0,0.0,0.0,1646.5409425138068
12215,2010-07-13,1618.6348768695518,1505.2392235677244,1819.223927312562,1475.8080543787821,1790.0110743164714,28.215417747161396,28.215417747161396,28.215417747161396,28.215417747161396,28.215417747161396,28.215417747161396,0.0,0.0,0.0,1646.8502946167132
12216,2010-07-14,1618.7818748961763,1497.458744356204,1814.5609471875048,1475.653236295966,1790.4673912146175,28.377875819829953,28.377875819829953,28.377875819829953,28.377875819829953,28.377875819829953,28.377875819829953,0.0,0.0,0.0,1647.1597507160063
12217,2010-07-15,1618.9288729228,1505.2434552529648,1830.083765427368,1475.4984182131511,1790.9237081127608,28.540438553429638,28.540438553429638,28.540438553429638,28.540438553429638,28.540438553429638,28.540438553429638,0.0,0.0,0.0,1647.4693114762297
12218,2010-07-16,1619.0758709494241,1503.0954160592682,1831.1670155466923,1475.3436001303355,1791.3800250109052,28.703106616527965,28.703106616527965,28.703106616527965,28.703106616527965,28.703106616527965,28.703106616527965,0.0,0.0,0.0,1647.7789775659521
12219,2010-07-19,1619.5168650292965,1500.6075319404672,1822.5327080903921,1475.1073643870043,1793.4583696533607,29.191749528097887,29.191749528097887,29.191749528097887,29.191749528097887,29.191749528097887,29.191749528097887,0.0,0.0,0.0,1648.7086145573944
12220,2010-07-20,1619.6638630559205,1498.7815576596463,1824.349579200395,1475.090609314267,1793.8795108188297,29.35484567414655,29.35484567414655,29.35484567414655,29.35484567414655,29.35484567414655,29.35484567414655,0.0,0.0,0.0,1649.0187087300671
12221,2010-07-21,1619.8108610825443,1498.135316555018,1823.407599931023,1475.0738542415297,1794.3006519843,29.518050551730063,29.518050551730063,29.518050551730063,29.518050551730063,29.518050551730063,29.518050551730063,0.0,0.0,0.0,1649.3289116342744
12222,2010-07-22,1619.9578591091683,1497.9400904198462,1826.3264304497188,1475.0570991687928,1794.721793149769,29.681364852880648,29.681364852880648,29.681364852880648,29.681364852880648,29.681364852880648,29.681364852880648,0.0,0.0,0.0,1649.639223962049
12223,2010-07-23,1620.1048571357924,1494.9708483707925,1825.277953619856,1475.0403440960556,1795.142934315239,29.84478927343778,29.84478927343778,29.84478927343778,29.84478927343778,29.84478927343778,29.84478927343778,0.0,0.0,0.0,1649.9496464092301
12224,2010-07-26,1620.5458512156642,1505.135493766507,1824.8467533683806,1475.0697463207084,1796.3048556272174,30.33573026627047,30.33573026627047,30.33573026627047,30.33573026627047,30.33573026627047,30.33573026627047,0.0,0.0,0.0,1650.8815814819347
12225,2010-07-27,1620.6928492422883,1497.5760900717282,1836.7282877604707,1475.0839586056727,1796.7679101753042,30.499602197754644,30.499602197754644,30.499602197754644,30.499602197754644,30.499602197754644,30.499602197754644,0.0,0.0,0.0,1651.192451440043
12226,2010-07-28,1620.8398472689123,1505.2832861632407,1847.2058541131505,1475.098170890637,1797.2351129416702,30.663587783761464,30.663587783761464,30.663587783761464,30.663587783761464,30.663587783761464,30.663587783761464,0.0,0.0,0.0,1651.5034350526737
12227,2010-07-29,1620.9868452955363,1503.834171262557,1834.8439744244665,1475.1123831756013,1797.702315708037,30.827687742278265,30.827687742278265,30.827687742278265,30.827687742278265,30.827687742278265,30.827687742278265,0.0,0.0,0.0,1651.8145330378145
12228,2010-07-30,1621.1338433221601,1504.9046478723737,1832.513403116892,1475.1265954605656,1798.169518474404,30.991902794882694,30.991902794882694,30.991902794882694,30.991902794882694,30.991902794882694,30.991902794882694,0.0,0.0,0.0,1652.1257461170428
12229,2010-08-02,1621.5748374020322,1500.6837304204296,1834.9323643657929,1475.379643243453,1799.571126773504,31.485245785998245,31.485245785998245,31.485245785998245,31.485245785998245,31.485245785998245,31.485245785998245,0.0,0.0,0.0,1653.0600831880306
12230,2010-08-03,1621.721835428656,1501.9446821711763,1839.5723792244564,1475.5035313799517,1800.038329539871,31.649928501199373,31.649928501199373,31.649928501199373,31.649928501199373,31.649928501199373,31.649928501199373,0.0,0.0,0.0,1653.3717639298554
12231,2010-08-04,1621.86883345528,1498.495548750119,1835.0458064855784,1475.2567820572674,1800.5055323062365,31.814729970967125,31.814729970967125,31.814729970967125,31.814729970967125,31.814729970967125,31.814729970967125,0.0,0.0,0.0,1653.6835634262472
12232,2010-08-05,1622.0158314819041,1492.493908380977,1840.0052828481998,1475.0885080354938,1800.9727350726034,31.979650937693968,31.979650937693968,31.979650937693968,31.979650937693968,31.979650937693968,31.979650937693968,0.0,0.0,0.0,1653.9954824195981
12233,2010-08-06,1622.1628295085281,1492.6578072259342,1838.0829414694902,1474.7608963067892,1801.4399378389705,32.14469214713998,32.14469214713998,32.14469214713998,32.14469214713998,32.14469214713998,32.14469214713998,0.0,0.0,0.0,1654.307521655668
12234,2010-08-09,1622.6038235884005,1506.5812752308846,1840.866238316454,1473.7780611206751,1803.383896523212,32.64054473902804,32.64054473902804,32.64054473902804,32.64054473902804,32.64054473902804,32.64054473902804,0.0,0.0,0.0,1655.2443683274284
12235,2010-08-10,1622.7508216150243,1501.929519153277,1844.6265870095363,1473.4504493919703,1804.1267180013801,32.80607444293649,32.80607444293649,32.80607444293649,32.80607444293649,32.80607444293649,32.80607444293649,0.0,0.0,0.0,1655.5568960579608
12236,2010-08-11,1622.8978196416483,1499.1400501338671,1842.7257323259014,1473.1228376632657,1804.8695394795454,32.97172816758782,32.97172816758782,32.97172816758782,32.97172816758782,32.97172816758782,32.97172816758782,0.0,0.0,0.0,1655.869547809236
12237,2010-08-12,1623.0448176682723,1501.8997690847953,1850.058079925236,1472.7952259345607,1805.612360957711,33.137506678215054,33.137506678215054,33.137506678215054,33.137506678215054,33.137506678215054,33.137506678215054,0.0,0.0,0.0,1656.1823243464873
12238,2010-08-13,1623.1918156948966,1493.3192386080916,1852.828150158272,1472.4704577113494,1806.3551824358792,33.303410743181644,33.303410743181644,33.303410743181644,33.303410743181644,33.303410743181644,33.303410743181644,0.0,0.0,0.0,1656.4952264380781
12239,2010-08-16,1623.632809774769,1501.3177148220002,1843.521016989883,1471.5810263207318,1808.583646870378,33.80188399406381,33.80188399406381,33.80188399406381,33.80188399406381,33.80188399406381,33.80188399406381,0.0,0.0,0.0,1657.4346937688326
12240,2010-08-17,1623.779807801393,1504.3792200410653,1851.3457077522858,1471.2845491905261,1809.3264683485436,33.96829802154664,33.96829802154664,33.96829802154664,33.96829802154664,33.96829802154664,33.96829802154664,0.0,0.0,0.0,1657.7481058229396
12241,2010-08-18,1623.926805828017,1503.6082102839198,1849.7851396582507,1471.1570626903933,1810.0692898267093,34.13484149104367,34.13484149104367,34.13484149104367,34.13484149104367,34.13484149104367,34.13484149104367,0.0,0.0,0.0,1658.0616473190607
12242,2010-08-19,1624.0738038546408,1510.101952859635,1854.3070464137732,1471.0404728430926,1810.7375593731394,34.30151518903608,34.30151518903608,34.30151518903608,34.30151518903608,34.30151518903608,34.30151518903608,0.0,0.0,0.0,1658.3753190436769
12243,2010-08-20,1624.2208018812648,1488.9245353518918,1856.6181574259072,1470.9238829957917,1811.2351233894221,34.46831990490919,34.46831990490919,34.46831990490919,34.46831990490919,34.46831990490919,34.46831990490919,0.0,0.0,0.0,1658.689121786174
12244,2010-08-23,1624.6617959611367,1497.0214695533678,1849.800636270928,1470.5898558333074,1813.222715586342,34.969528096545346,34.969528096545346,34.969528096545346,34.969528096545346,34.969528096545346,34.969528096545346,0.0,0.0,0.0,1659.6313240576821
12245,2010-08-24,1624.8087939877607,1492.4260266601775,1848.0928554934724,1470.499649560781,1814.2435633180494,35.13686483474669,35.13686483474669,35.13686483474669,35.13686483474669,35.13686483474669,35.13686483474669,0.0,0.0,0.0,1659.9456588225075
12246,2010-08-25,1624.9557920143848,1499.0258501778424,1850.609665189423,1470.409443288255,1815.2644110497572,35.30433658018679,35.30433658018679,35.30433658018679,35.30433658018679,35.30433658018679,35.30433658018679,0.0,0.0,0.0,1660.2601285945716
12247,2010-08-26,1625.1027900410088,1498.8393343869425,1860.8955481019302,1470.3192370157287,1816.2412784625183,35.47194413899523,35.47194413899523,35.47194413899523,35.47194413899523,35.47194413899523,35.47194413899523,0.0,0.0,0.0,1660.574734180004
12248,2010-08-27,1625.2497880676326,1506.221575862094,1858.7567032988939,1470.2290307432027,1817.0422425757308,35.63968831998058,35.63968831998058,35.63968831998058,35.63968831998058,35.63968831998058,35.63968831998058,0.0,0.0,0.0,1660.8894763876133
12249,2010-08-30,1625.6907821475047,1498.3696782035342,1854.543501354105,1469.9584119256244,1819.2311214553933,36.143748723499755,36.143748723499755,36.143748723499755,36.143748723499755,36.143748723499755,36.143748723499755,0.0,0.0,0.0,1661.8345308710045
12250,2010-08-31,1625.8377801741287,1503.1226110228085,1864.977918074448,1469.8682056530981,1819.6672844045338,36.31204753362208,36.31204753362208,36.31204753362208,36.31204753362208,36.31204753362208,36.31204753362208,0.0,0.0,0.0,1662.1498277077508
12251,2010-09-01,1625.9847782007525,1497.5048075659874,1860.9034705956587,1469.7787872398317,1820.1034473536758,36.4804870489426,36.4804870489426,36.4804870489426,36.4804870489426,36.4804870489426,36.4804870489426,0.0,0.0,0.0,1662.4652652496952
12252,2010-09-02,1626.1317762273766,1499.398734207176,1861.086619793598,1469.6995269920194,1820.5396103028163,36.64906809363689,36.64906809363689,36.64906809363689,36.64906809363689,36.64906809363689,36.64906809363689,0.0,0.0,0.0,1662.7808443210135
12253,2010-09-03,1626.2787742540008,1503.3522566600755,1854.0661144019543,1469.6202667442071,1820.9757732519583,36.817791494324055,36.817791494324055,36.817791494324055,36.817791494324055,36.817791494324055,36.817791494324055,0.0,0.0,0.0,1663.0965657483248
12254,2010-09-07,1626.8667663604967,1504.2180474864897,1864.8243483789934,1469.4525662325393,1822.6769229238703,37.494125273153955,37.494125273153955,37.494125273153955,37.494125273153955,37.494125273153955,37.494125273153955,0.0,0.0,0.0,1664.3608916336507
12255,2010-09-08,1627.0137643871208,1498.4317084454062,1851.5799597995554,1469.420625780753,1823.0773317832627,37.66357293640086,37.66357293640086,37.66357293640086,37.66357293640086,37.66357293640086,37.66357293640086,0.0,0.0,0.0,1664.6773373235217
12256,2010-09-09,1627.1607624137448,1500.450592046887,1863.4396427088254,1469.3513795136662,1823.477740642656,37.833167964880005,37.833167964880005,37.833167964880005,37.833167964880005,37.833167964880005,37.833167964880005,0.0,0.0,0.0,1664.9939303786248
12257,2010-09-10,1627.3077604403688,1500.1756390762407,1877.4851152733586,1469.2802162881615,1823.8781495020487,38.00291120141023,38.00291120141023,38.00291120141023,38.00291120141023,38.00291120141023,38.00291120141023,0.0,0.0,0.0,1665.310671641779
12258,2010-09-13,1627.7487545202414,1485.4923955230654,1868.6972996712893,1469.0810387472598,1825.079376080228,38.513038620032354,38.513038620032354,38.513038620032354,38.513038620032354,38.513038620032354,38.513038620032354,0.0,0.0,0.0,1666.2617931402738
12259,2010-09-14,1627.8957525468654,1497.8012502745642,1872.1207566099997,1469.0301948343035,1825.4797849396218,38.683383160107596,38.683383160107596,38.683383160107596,38.683383160107596,38.683383160107596,38.683383160107596,0.0,0.0,0.0,1666.579135706973
12260,2010-09-15,1628.0427505734895,1498.4618905109462,1865.8515702751386,1468.979350921347,1825.880193799014,38.85388015440521,38.85388015440521,38.85388015440521,38.85388015440521,38.85388015440521,38.85388015440521,0.0,0.0,0.0,1666.8966307278947
12261,2010-09-16,1628.1897486001133,1498.635555961256,1869.482876774926,1468.7761251499046,1826.2806026584067,39.02453045834095,39.02453045834095,39.02453045834095,39.02453045834095,39.02453045834095,39.02453045834095,0.0,0.0,0.0,1667.2142790584542
12262,2010-09-17,1628.3367466267373,1508.0670495899888,1868.7555546336478,1468.4356712167619,1826.6810115177998,39.19533492932049,39.19533492932049,39.19533492932049,39.19533492932049,39.19533492932049,39.19533492932049,0.0,0.0,0.0,1667.5320815560578
12263,2010-09-20,1628.7777407066094,1495.1912321429713,1878.9871445947608,1467.3429730576324,1827.992312713026,39.708681947606266,39.708681947606266,39.708681947606266,39.708681947606266,39.708681947606266,39.708681947606266,0.0,0.0,0.0,1668.4864226542156
12264,2010-09-21,1628.9247387332332,1496.0246487642976,1879.0967983543637,1466.918605174722,1829.045251727976,39.88011169931072,39.88011169931072,39.88011169931072,39.88011169931072,39.88011169931072,39.88011169931072,0.0,0.0,0.0,1668.8048504325438
12265,2010-09-22,1629.0717367598572,1510.3484323150738,1875.8960905376655,1466.5362156025083,1830.3835489491037,40.05169993368303,40.05169993368303,40.05169993368303,40.05169993368303,40.05169993368303,40.05169993368303,0.0,0.0,0.0,1669.1234366935403
12266,2010-09-23,1629.2187347864813,1502.216324689993,1868.2513537299503,1466.1754423568173,1831.7218461702316,40.223447519335956,40.223447519335956,40.223447519335956,40.223447519335956,40.223447519335956,40.223447519335956,0.0,0.0,0.0,1669.4421823058171
12267,2010-09-24,1629.3657328131053,1503.4865906473906,1877.868680431446,1465.8146691111276,1832.254189785751,40.39535532664199,40.39535532664199,40.39535532664199,40.39535532664199,40.39535532664199,40.39535532664199,0.0,0.0,0.0,1669.7610881397472
12268,2010-09-27,1629.8067268929772,1490.0537338658842,1875.365421801122,1464.7323493740569,1833.4709408354383,40.91204880778866,40.91204880778866,40.91204880778866,40.91204880778866,40.91204880778866,40.91204880778866,0.0,0.0,0.0,1670.7187757007657
12269,2010-09-28,1629.9537249196012,1491.3555408748457,1878.8181493264935,1464.371576128367,1833.9343424907802,41.084606239324884,41.084606239324884,41.084606239324884,41.084606239324884,41.084606239324884,41.084606239324884,0.0,0.0,0.0,1671.038331158926
12270,2010-09-29,1630.1007229462255,1494.8611994017401,1881.927102113775,1464.0862097644576,1834.6722144573155,41.25732826951718,41.25732826951718,41.25732826951718,41.25732826951718,41.25732826951718,41.25732826951718,0.0,0.0,0.0,1671.3580512157425
12271,2010-09-30,1630.2477209728495,1500.9799880445032,1880.123463916022,1463.8165056986668,1835.0098877511468,41.43021577856556,41.43021577856556,41.43021577856556,41.43021577856556,41.43021577856556,41.43021577856556,0.0,0.0,0.0,1671.677936751415
12272,2010-10-01,1630.3947189994735,1502.7605896890277,1884.7545781257313,1463.546801632876,1835.3475610449782,41.60326964819433,41.60326964819433,41.60326964819433,41.60326964819433,41.60326964819433,41.60326964819433,0.0,0.0,0.0,1671.9979886476679
12273,2010-10-04,1630.8357130793454,1494.8807106265083,1882.8376992648916,1462.7376894355048,1837.7189646948416,42.12343825998119,42.12343825998119,42.12343825998119,42.12343825998119,42.12343825998119,42.12343825998119,0.0,0.0,0.0,1672.9591513393266
12274,2010-10-05,1630.9827111059694,1507.418472981863,1882.024566119985,1462.4692598797612,1838.5821932920455,42.29716641850368,42.29716641850368,42.29716641850368,42.29716641850368,42.29716641850368,42.29716641850368,0.0,0.0,0.0,1673.279877524473
12275,2010-10-06,1631.1297091325932,1504.530955818778,1876.9833759507858,1462.243526820103,1839.4213829947205,42.471065367937925,42.471065367937925,42.471065367937925,42.471065367937925,42.471065367937925,42.471065367937925,0.0,0.0,0.0,1673.600774500531
12276,2010-10-07,1631.2767071592173,1493.981193193545,1880.9335860232109,1462.0177937604442,1839.542840275766,42.645135998458315,42.645135998458315,42.645135998458315,42.645135998458315,42.645135998458315,42.645135998458315,0.0,0.0,0.0,1673.9218431576755
12277,2010-10-08,1631.4237051858413,1497.2590917639666,1882.4061062133576,1461.9625314274547,1840.2658373851727,42.81937920153881,42.81937920153881,42.81937920153881,42.81937920153881,42.81937920153881,42.81937920153881,0.0,0.0,0.0,1674.2430843873801
12278,2010-10-11,1631.8646992657132,1504.5075443635085,1884.2388631637684,1462.0674288559449,1841.6556497462036,43.3431531795974,43.3431531795974,43.3431531795974,43.3431531795974,43.3431531795974,43.3431531795974,0.0,0.0,0.0,1675.2078524453107
12279,2010-10-12,1632.0116972923379,1519.6957072873086,1892.7105957950346,1462.1023946654416,1842.0939413893275,43.51809561238945,43.51809561238945,43.51809561238945,43.51809561238945,43.51809561238945,43.51809561238945,0.0,0.0,0.0,1675.5297929047274
12280,2010-10-13,1632.158695318962,1495.7416245444583,1892.783607877308,1462.1373604749385,1842.5322330324486,43.6932150933791,43.6932150933791,43.6932150933791,43.6932150933791,43.6932150933791,43.6932150933791,0.0,0.0,0.0,1675.851910412341
12281,2010-10-14,1632.305693345586,1499.3203545365852,1891.078449567356,1462.1723262844353,1843.1388467879656,43.86851252111886,43.86851252111886,43.86851252111886,43.86851252111886,43.86851252111886,43.86851252111886,0.0,0.0,0.0,1676.1742058667048
12282,2010-10-15,1632.4526913722098,1489.795732867199,1890.289189958134,1462.207292093932,1843.7502842256818,44.04398879523236,44.04398879523236,44.04398879523236,44.04398879523236,44.04398879523236,44.04398879523236,0.0,0.0,0.0,1676.496680167442
12283,2010-10-18,1632.8936854520819,1504.0141328584812,1897.597228390788,1462.3126053840215,1845.5845965388303,44.571499707345396,44.571499707345396,44.571499707345396,44.571499707345396,44.571499707345396,44.571499707345396,0.0,0.0,0.0,1677.4651851594272
12284,2010-10-19,1633.0406834787057,1508.5224864768886,1887.7844063738835,1462.356195639441,1846.1960339765462,44.74770038336679,44.74770038336679,44.74770038336679,44.74770038336679,44.74770038336679,44.74770038336679,0.0,0.0,0.0,1677.7883838620724
12285,2010-10-20,1633.1876815053297,1492.7457683513016,1894.7904247898018,1462.3997858948605,1846.8074714142622,44.924084418735134,44.924084418735134,44.924084418735134,44.924084418735134,44.924084418735134,44.924084418735134,0.0,0.0,0.0,1678.111765924065
12286,2010-10-21,1633.3346795319537,1490.7399914936027,1888.0811297855123,1462.44337615028,1847.4189088519784,45.10065271879307,45.10065271879307,45.10065271879307,45.10065271879307,45.10065271879307,45.10065271879307,0.0,0.0,0.0,1678.4353322507468
12287,2010-10-22,1633.4816775585778,1496.751021829301,1894.759944929394,1462.4869664056996,1848.0303462896957,45.277406189723294,45.277406189723294,45.277406189723294,45.277406189723294,45.277406189723294,45.277406189723294,0.0,0.0,0.0,1678.759083748301
12288,2010-10-25,1633.9226716384496,1502.9345106566159,1897.0358311769887,1462.5317049940495,1849.864658602844,45.80878670151939,45.80878670151939,45.80878670151939,45.80878670151939,45.80878670151939,45.80878670151939,0.0,0.0,0.0,1679.731458339969
12289,2010-10-26,1634.069669665074,1499.8100562568443,1913.7585361964586,1462.3476413282135,1850.4760960405602,45.98628993346223,45.98628993346223,45.98628993346223,45.98628993346223,45.98628993346223,45.98628993346223,0.0,0.0,0.0,1680.0559595985362
12290,2010-10-27,1634.216667691698,1497.1516955397724,1906.9681095774763,1462.1635776623787,1850.9716174301288,46.16398287868001,46.16398287868001,46.16398287868001,46.16398287868001,46.16398287868001,46.16398287868001,0.0,0.0,0.0,1680.3806505703778
12291,2010-10-28,1634.363665718322,1499.2097446556143,1894.2058122988292,1461.9795139965431,1851.4178630960682,46.34186644772614,46.34186644772614,46.34186644772614,46.34186644772614,46.34186644772614,46.34186644772614,0.0,0.0,0.0,1680.705532166048
12292,2010-10-29,1634.510663744946,1503.7813931608741,1907.649916105788,1461.6980784388409,1851.8641087620065,46.51994155177091,46.51994155177091,46.51994155177091,46.51994155177091,46.51994155177091,46.51994155177091,0.0,0.0,0.0,1681.0306052967169
12293,2010-11-01,1634.9516578248179,1505.4125902225899,1911.3460955667986,1460.2240754925274,1853.2028457598228,47.055325194192086,47.055325194192086,47.055325194192086,47.055325194192086,47.055325194192086,47.055325194192086,0.0,0.0,0.0,1682.00698301901
12294,2010-11-02,1635.098655851442,1491.041104877012,1904.621843659393,1460.0013831019974,1853.649091425761,47.2341755611607,47.2341755611607,47.2341755611607,47.2341755611607,47.2341755611607,47.2341755611607,0.0,0.0,0.0,1682.3328314126027
12295,2010-11-03,1635.2456538780657,1496.4488065325108,1900.5548984993554,1460.1208663305124,1854.095337091701,47.41322202712169,47.41322202712169,47.41322202712169,47.41322202712169,47.41322202712169,47.41322202712169,0.0,0.0,0.0,1682.6588759051874
12296,2010-11-04,1635.3926519046897,1508.3547003561246,1912.516688737686,1460.2403495590268,1854.5415827576392,47.59246550627626,47.59246550627626,47.59246550627626,47.59246550627626,47.59246550627626,47.59246550627626,0.0,0.0,0.0,1682.985117410966
12297,2010-11-05,1635.5396499313138,1507.3642296453254,1913.4663112573621,1460.2443678502643,1854.9878284235788,47.771906913226005,47.771906913226005,47.771906913226005,47.771906913226005,47.771906913226005,47.771906913226005,0.0,0.0,0.0,1683.3115568445398
12298,2010-11-08,1635.9806440111856,1507.2606647889143,1911.1796811322931,1459.4631202737758,1856.2905988075618,48.31142785210917,48.31142785210917,48.31142785210917,48.31142785210917,48.31142785210917,48.31142785210917,0.0,0.0,0.0,1684.2920718632947
12299,2010-11-09,1636.1276420378097,1496.4682375231273,1913.4060988020367,1459.202704414946,1856.717611541365,48.49167012303788,48.49167012303788,48.49167012303788,48.49167012303788,48.49167012303788,48.49167012303788,0.0,0.0,0.0,1684.6193121608476
12300,2010-11-10,1636.2746400644337,1508.8767057772043,1909.2576831614915,1458.9499175926333,1857.1402060608941,48.67211489958821,48.67211489958821,48.67211489958821,48.67211489958821,48.67211489958821,48.67211489958821,0.0,0.0,0.0,1684.946754964022
12301,2010-11-11,1636.4216380910584,1494.7078541843348,1919.1283665131386,1458.5589843380865,1857.5628005804235,48.852763098071385,48.852763098071385,48.852763098071385,48.852763098071385,48.852763098071385,48.852763098071385,0.0,0.0,0.0,1685.2744011891298
12302,2010-11-12,1636.5686361176822,1502.7635905733378,1904.1771079392386,1458.158307338638,1857.9853950999516,49.0336156349754,49.0336156349754,49.0336156349754,49.0336156349754,49.0336156349754,49.0336156349754,0.0,0.0,0.0,1685.6022517526576
12303,2010-11-15,1637.0096301975543,1504.730272344294,1922.0842151131058,1456.9562763402919,1859.775002163525,49.57740844309417,49.57740844309417,49.57740844309417,49.57740844309417,49.57740844309417,49.57740844309417,0.0,0.0,0.0,1686.5870386406484
12304,2010-11-16,1637.1566282241783,1498.4174519837234,1918.969537964475,1456.5555993408423,1860.4167541729557,49.75908750100734,49.75908750100734,49.75908750100734,49.75908750100734,49.75908750100734,49.75908750100734,0.0,0.0,0.0,1686.9157157251857
12305,2010-11-17,1637.3036262508022,1506.757229465817,1914.7652917406003,1456.154922341394,1861.0585061823879,49.94097548134328,49.94097548134328,49.94097548134328,49.94097548134328,49.94097548134328,49.94097548134328,0.0,0.0,0.0,1687.2446017321454
12306,2010-11-18,1637.4506242774262,1498.1333698389303,1919.3431761227343,1455.7542453419455,1861.7002581918196,50.12307330099694,50.12307330099694,50.12307330099694,50.12307330099694,50.12307330099694,50.12307330099694,0.0,0.0,0.0,1687.5736975784232
12307,2010-11-19,1637.5976223040502,1509.3097094106424,1927.709008198596,1455.3535683424961,1862.3420102012503,50.30538187682556,50.30538187682556,50.30538187682556,50.30538187682556,50.30538187682556,50.30538187682556,0.0,0.0,0.0,1687.9030041808758
12308,2010-11-22,1638.0386163839225,1494.3711132856088,1925.3334890041135,1454.1515373441496,1863.9493630300901,50.85358130869106,50.85358130869106,50.85358130869106,50.85358130869106,50.85358130869106,50.85358130869106,0.0,0.0,0.0,1688.8921976926135
12309,2010-11-23,1638.1856144105463,1495.7892337363696,1927.1709977882888,1453.7508603447013,1864.3722909823239,51.03674207592143,51.03674207592143,51.03674207592143,51.03674207592143,51.03674207592143,51.03674207592143,0.0,0.0,0.0,1689.2223564864678
12310,2010-11-24,1638.3326124371704,1488.0656527478202,1928.602422408022,1453.350183345253,1864.7952189345576,51.2201181819466,51.2201181819466,51.2201181819466,51.2201181819466,51.2201181819466,51.2201181819466,0.0,0.0,0.0,1689.552730619117
12311,2010-11-26,1638.6266084904184,1498.8047410637282,1927.5993315104643,1452.5488293463552,1865.7843840985602,51.58752007404163,51.58752007404163,51.58752007404163,51.58752007404163,51.58752007404163,51.58752007404163,0.0,0.0,0.0,1690.21412856446
12312,2010-11-29,1639.0676025702903,1495.963011598743,1922.7002244615267,1451.8958807157835,1867.8520522949439,52.14026084377208,52.14026084377208,52.14026084377208,52.14026084377208,52.14026084377208,52.14026084377208,0.0,0.0,0.0,1691.2078634140623
12313,2010-11-30,1639.2146005969144,1497.396303780211,1932.5413990589907,1451.6984046411114,1868.532861532276,52.32494820822779,52.32494820822779,52.32494820822779,52.32494820822779,52.32494820822779,52.32494820822779,0.0,0.0,0.0,1691.5395488051422
12314,2010-12-01,1639.3615986235384,1497.6890768293692,1926.3315369237664,1451.5114338747144,1869.2136707696102,52.50985731697844,52.50985731697844,52.50985731697844,52.50985731697844,52.50985731697844,52.50985731697844,0.0,0.0,0.0,1691.8714559405169
12315,2010-12-02,1639.5085966501622,1503.0372537959188,1932.4725859025627,1451.3501645706033,1869.894480006945,52.69498908360663,52.69498908360663,52.69498908360663,52.69498908360663,52.69498908360663,52.69498908360663,0.0,0.0,0.0,1692.2035857337687
12316,2010-12-03,1639.6555946767862,1486.7739185767332,1914.2149092254972,1451.1888952664922,1870.5752892442797,52.88034442123252,52.88034442123252,52.88034442123252,52.88034442123252,52.88034442123252,52.88034442123252,0.0,0.0,0.0,1692.5359390980188
12317,2010-12-06,1640.096588756658,1500.4725325727925,1936.579847634769,1450.3748748162322,1872.2330438863328,53.43776098377366,53.43776098377366,53.43776098377366,53.43776098377366,53.43776098377366,53.43776098377366,0.0,0.0,0.0,1693.5343497404317
12318,2010-12-07,1640.2435867832821,1508.3033333732433,1929.2969035778335,1449.8244127774874,1872.7486120871904,53.624019726344336,53.624019726344336,53.624019726344336,53.624019726344336,53.624019726344336,53.624019726344336,0.0,0.0,0.0,1693.8676065096265
12319,2010-12-08,1640.3905848099062,1497.4963697780433,1928.6509925948208,1449.254136305558,1873.2641802880478,53.81050659756517,53.81050659756517,53.81050659756517,53.81050659756517,53.81050659756517,53.81050659756517,0.0,0.0,0.0,1694.2010914074713
12320,2010-12-09,1640.5375828365302,1496.4165561039154,1944.2149577705102,1448.6838598336271,1873.7624074109406,53.99722250717267,53.99722250717267,53.99722250717267,53.99722250717267,53.99722250717267,53.99722250717267,0.0,0.0,0.0,1694.5348053437028
12321,2010-12-10,1640.684580863154,1506.6812434562657,1940.599299122901,1448.1135833616972,1874.24910875545,54.184168364230835,54.184168364230835,54.184168364230835,54.184168364230835,54.184168364230835,54.184168364230835,0.0,0.0,0.0,1694.8687492273848
12322,2010-12-13,1641.1255749430268,1506.4352651635393,1941.2029560606934,1446.4027539459055,1875.7092127889828,54.746394700184375,54.746394700184375,54.746394700184375,54.746394700184375,54.746394700184375,54.746394700184375,0.0,0.0,0.0,1695.871969643211
12323,2010-12-14,1641.2725729696508,1492.1332182772217,1934.5462137292498,1445.8324774739758,1876.1959141334921,54.9342694233748,54.9342694233748,54.9342694233748,54.9342694233748,54.9342694233748,54.9342694233748,0.0,0.0,0.0,1696.2068423930257
12324,2010-12-15,1641.4195709962746,1500.103417921167,1935.9262921014492,1445.2622010020464,1876.682615478002,55.12237862833873,55.12237862833873,55.12237862833873,55.12237862833873,55.12237862833873,55.12237862833873,0.0,0.0,0.0,1696.5419496246134
12325,2010-12-16,1641.5665690228986,1500.1474410260566,1940.8636282982764,1444.6928965050965,1877.1693168225127,55.31072321953656,55.31072321953656,55.31072321953656,55.31072321953656,55.31072321953656,55.31072321953656,0.0,0.0,0.0,1696.8772922424353
12326,2010-12-17,1641.7135670495227,1503.3815485345733,1932.480528900315,1444.151807349842,1877.6560181670222,55.49930410055857,55.49930410055857,55.49930410055857,55.49930410055857,55.49930410055857,55.49930410055857,0.0,0.0,0.0,1697.2128711500814
12327,2010-12-20,1642.154561129395,1499.0398645078005,1939.1979249370577,1442.87354368938,1879.1161222005521,56.06647350486649,56.06647350486649,56.06647350486649,56.06647350486649,56.06647350486649,56.06647350486649,0.0,0.0,0.0,1698.2210346342615
12328,2010-12-21,1642.301559156019,1496.2887045970406,1943.329238113818,1442.6169023802845,1879.556165329001,56.25600856274057,56.25600856274057,56.25600856274057,56.25600856274057,56.25600856274057,56.25600856274057,0.0,0.0,0.0,1698.5575677187596
12329,2010-12-22,1642.4485571826428,1504.6420957607909,1938.269528950908,1442.363426009349,1879.977172859203,56.44578441438258,56.44578441438258,56.44578441438258,56.44578441438258,56.44578441438258,56.44578441438258,0.0,0.0,0.0,1698.8943415970255
12330,2010-12-23,1642.5955552092669,1509.3307986345735,1938.4563692638462,1442.1099496384136,1880.3981803894035,56.63580195757688,56.63580195757688,56.63580195757688,56.63580195757688,56.63580195757688,56.63580195757688,0.0,0.0,0.0,1699.2313571668437
12331,2010-12-27,1643.1835473157628,1499.0204080887763,1943.6413973659803,1441.096044154673,1882.705246321726,57.39830696375855,57.39830696375855,57.39830696375855,57.39830696375855,57.39830696375855,57.39830696375855,0.0,0.0,0.0,1700.5818542795214
12332,2010-12-28,1643.3305453423868,1495.324471533487,1932.446648181593,1440.8665745888156,1883.1960947701568,57.5895463932651,57.5895463932651,57.5895463932651,57.5895463932651,57.5895463932651,57.5895463932651,0.0,0.0,0.0,1700.920091735652
12333,2010-12-29,1643.4775433690108,1493.865162136793,1951.4109172114422,1440.8103932744275,1883.6869432185879,57.78103287770533,57.78103287770533,57.78103287770533,57.78103287770533,57.78103287770533,57.78103287770533,0.0,0.0,0.0,1701.258576246716
12334,2010-12-30,1643.6245413956347,1503.7231883318252,1944.8344964976213,1440.7542119600396,1884.1777916670198,57.97276730682592,57.97276730682592,57.97276730682592,57.97276730682592,57.97276730682592,57.97276730682592,0.0,0.0,0.0,1701.5973087024606
12335,2010-12-31,1643.7715394222587,1494.3962728962315,1954.8159746291865,1440.6980306456512,1884.668640115451,58.16475056911403,58.16475056911403,58.16475056911403,58.16475056911403,58.16475056911403,58.16475056911403,0.0,0.0,0.0,1701.9362899913726
12336,2011-01-03,1644.2125335021308,1495.375415991012,1953.8652176296384,1440.5294867024877,1886.1411854607447,58.74220222044303,58.74220222044303,58.74220222044303,58.74220222044303,58.74220222044303,58.74220222044303,0.0,0.0,0.0,1702.9547357225738
12337,2011-01-04,1644.3595315287546,1496.1038360557818,1942.9889670196715,1440.4733053880993,1886.6015271831857,58.93518967418199,58.93518967418199,58.93518967418199,58.93518967418199,58.93518967418199,58.93518967418199,0.0,0.0,0.0,1703.2947212029367
12338,2011-01-05,1644.5065295553786,1500.549521657907,1942.1977876060582,1440.4171240737114,1887.0517143408094,59.12843038371402,59.12843038371402,59.12843038371402,59.12843038371402,59.12843038371402,59.12843038371402,0.0,0.0,0.0,1703.6349599390926
12339,2011-01-06,1644.6535275820029,1499.0366661868654,1948.6073232864794,1440.360942759323,1887.2989937831162,59.3219252294088,59.3219252294088,59.3219252294088,59.3219252294088,59.3219252294088,59.3219252294088,0.0,0.0,0.0,1703.9754528114117
12340,2011-01-07,1644.800525608627,1497.8089224477276,1956.5408824910587,1440.3047614449354,1887.3913736313443,59.515675090188445,59.515675090188445,59.515675090188445,59.515675090188445,59.515675090188445,59.515675090188445,0.0,0.0,0.0,1704.3162006988155
12341,2011-01-10,1645.2415196884992,1499.1863807751965,1969.219850432739,1440.1362175017712,1887.9763159330296,60.09846353003294,60.09846353003294,60.09846353003294,60.09846353003294,60.09846353003294,60.09846353003294,0.0,0.0,0.0,1705.339983218532
12342,2011-01-11,1645.3885177151233,1498.3388755626775,1952.0496954777996,1439.7110215775745,1888.3973234632304,60.2932422105375,60.2932422105375,60.2932422105375,60.2932422105375,60.2932422105375,60.2932422105375,0.0,0.0,0.0,1705.6817599256608
12343,2011-01-12,1645.535515741747,1494.9939500739847,1959.8130811850108,1438.7192221222765,1888.8183309934325,60.48828027812431,60.48828027812431,60.48828027812431,60.48828027812431,60.48828027812431,60.48828027812431,0.0,0.0,0.0,1706.0237960198715
12344,2011-01-13,1645.682513768371,1496.7098713577961,1953.934269829164,1437.7274226669783,1889.239338523633,60.6835786024807,60.6835786024807,60.6835786024807,60.6835786024807,60.6835786024807,60.6835786024807,0.0,0.0,0.0,1706.366092370852
12345,2011-01-14,1645.8295117949956,1487.0547272385013,1966.8071461077927,1436.7356232116806,1889.8228342090324,60.87913805166553,60.87913805166553,60.87913805166553,60.87913805166553,60.87913805166553,60.87913805166553,0.0,0.0,0.0,1706.708649846661
12346,2011-01-18,1646.4175039014915,1493.766639291715,1955.7915918678232,1435.127219881637,1892.7142230213851,61.6640043993597,61.6640043993597,61.6640043993597,61.6640043993597,61.6640043993597,61.6640043993597,0.0,0.0,0.0,1708.0815083008513
12347,2011-01-19,1646.5645019281153,1504.4856475862655,1974.121619571336,1434.7874017925565,1893.4370702244728,61.860882434701175,61.860882434701175,61.860882434701175,61.860882434701175,61.860882434701175,61.860882434701175,0.0,0.0,0.0,1708.4253843628164
12348,2011-01-20,1646.7114999547393,1488.9122287577284,1960.2022962759922,1434.536231181464,1894.1599174275605,62.05802676754378,62.05802676754378,62.05802676754378,62.05802676754378,62.05802676754378,62.05802676754378,0.0,0.0,0.0,1708.7695267222832
12349,2011-01-21,1646.8584979813634,1500.5324321172666,1967.4210392781947,1434.2915052780495,1894.882764630648,62.25543825381202,62.25543825381202,62.25543825381202,62.25543825381202,62.25543825381202,62.25543825381202,0.0,0.0,0.0,1709.1139362351753
12350,2011-01-24,1647.2994920612352,1501.8314188530012,1953.7985529588002,1433.557327567806,1896.4490028778048,62.84928416477881,62.84928416477881,62.84928416477881,62.84928416477881,62.84928416477881,62.84928416477881,0.0,0.0,0.0,1710.148776226014
12351,2011-01-25,1647.4464900878593,1500.6597146147026,1963.362565464686,1433.3126016643919,1896.9398513262367,63.04777278695504,63.04777278695504,63.04777278695504,63.04777278695504,63.04777278695504,63.04777278695504,0.0,0.0,0.0,1710.4942628748142
12352,2011-01-26,1647.5934881144833,1494.9971278438034,1965.7218058150343,1433.0678757609771,1897.4306997746678,63.246532814173165,63.246532814173165,63.246532814173165,63.246532814173165,63.246532814173165,63.246532814173165,0.0,0.0,0.0,1710.8400209286565
12353,2011-01-27,1647.7404861411073,1493.9626795976735,1974.9088338002484,1432.8231498575624,1897.9215482230989,63.44556509097792,63.44556509097792,63.44556509097792,63.44556509097792,63.44556509097792,63.44556509097792,0.0,0.0,0.0,1711.1860512320852
12354,2011-01-28,1647.8874841677311,1505.3467656687644,1961.8400640737545,1432.5784239541485,1898.388749792415,63.644870459928455,63.644870459928455,63.644870459928455,63.644870459928455,63.644870459928455,63.644870459928455,0.0,0.0,0.0,1711.5323546276595
12355,2011-01-31,1648.3284782476032,1495.8776774022986,1978.1742205818384,1431.8442462439048,1899.9684306620438,64.24443351501243,64.24443351501243,64.24443351501243,64.24443351501243,64.24443351501243,64.24443351501243,0.0,0.0,0.0,1712.5729117626156
12356,2011-02-01,1648.475476274227,1484.9641647067565,1986.013564680524,1431.5995203404902,1900.5581923374023,64.44483963763992,64.44483963763992,64.44483963763992,64.44483963763992,64.44483963763992,64.44483963763992,0.0,0.0,0.0,1712.920315911867
12357,2011-02-02,1648.6224743008515,1509.186719215643,1973.4968282054513,1431.3547944370762,1901.1479540127614,64.64552303461673,64.64552303461673,64.64552303461673,64.64552303461673,64.64552303461673,64.64552303461673,0.0,0.0,0.0,1713.2679973354682
12358,2011-02-03,1648.7694723274753,1504.9285736900847,1967.9516186866772,1431.1146021465483,1901.7064917716102,64.8464845360897,64.8464845360897,64.8464845360897,64.8464845360897,64.8464845360897,64.8464845360897,0.0,0.0,0.0,1713.615956863565
12359,2011-02-04,1648.9164703540994,1501.854990653638,1978.9859530264964,1430.8837015194601,1902.2267308575517,65.04772497005881,65.04772497005881,65.04772497005881,65.04772497005881,65.04772497005881,65.04772497005881,0.0,0.0,0.0,1713.9641953241583
12360,2011-02-07,1649.3574644339715,1492.3691084825793,1977.107254688405,1430.1909996381942,1903.9859511507261,65.65312811411776,65.65312811411776,65.65312811411776,65.65312811411776,65.65312811411776,65.65312811411776,0.0,0.0,0.0,1715.0105925480893
12361,2011-02-08,1649.5044624605953,1497.7600001291862,1984.0709114572364,1429.9600990111053,1904.6372144553543,65.85549251415554,65.85549251415554,65.85549251415554,65.85549251415554,65.85549251415554,65.85549251415554,0.0,0.0,0.0,1715.3599549747507
12362,2011-02-09,1649.6514604872198,1499.6164325295595,1977.721389462642,1429.729198384016,1905.2884777599838,66.05813995355858,66.05813995355858,66.05813995355858,66.05813995355858,66.05813995355858,66.05813995355858,0.0,0.0,0.0,1715.7096004407783
12363,2011-02-10,1649.798458513844,1502.7666410774254,1979.818524157821,1429.6869819285782,1905.939741064612,66.26107124691035,66.26107124691035,66.26107124691035,66.26107124691035,66.26107124691035,66.26107124691035,0.0,0.0,0.0,1716.0595297607545
12364,2011-02-11,1649.945456540468,1511.4866341392706,1986.7242981265538,1429.7695297042142,1906.5910043692402,66.46428720648335,66.46428720648335,66.46428720648335,66.46428720648335,66.46428720648335,66.46428720648335,0.0,0.0,0.0,1716.4097437469513
12365,2011-02-14,1650.38645062034,1492.1153959522849,1980.6220926744177,1430.584847318604,1908.5447942831233,67.07565116998093,67.07565116998093,67.07565116998093,67.07565116998093,67.07565116998093,67.07565116998093,0.0,0.0,0.0,1717.462101790321
12366,2011-02-15,1650.533448646964,1488.0604463055263,1977.7102364173552,1430.8906155055345,1909.1960575877515,67.28001386999074,67.28001386999074,67.28001386999074,67.28001386999074,67.28001386999074,67.28001386999074,0.0,0.0,0.0,1717.8134625169546
12367,2011-02-16,1650.680446673588,1494.2159416910583,1990.689657571466,1431.1963836924656,1910.1994770580336,67.48466526201628,67.48466526201628,67.48466526201628,67.48466526201628,67.48466526201628,67.48466526201628,0.0,0.0,0.0,1718.1651119356043
12368,2011-02-17,1650.8274447002118,1495.3493320581904,1984.3086020046812,1431.5021518793967,1911.4885194240658,67.68960614394628,67.68960614394628,67.68960614394628,67.68960614394628,67.68960614394628,67.68960614394628,0.0,0.0,0.0,1718.5170508441581
12369,2011-02-18,1650.9744427268358,1485.1698347460583,1980.198746246694,1431.807920066327,1912.7663678217991,67.8948373111956,67.8948373111956,67.8948373111956,67.8948373111956,67.8948373111956,67.8948373111956,0.0,0.0,0.0,1718.8692800380313
12370,2011-02-22,1651.5624348333317,1492.7977700902504,1985.9147287981614,1433.03915709323,1917.264869839817,68.71868065376556,68.71868065376556,68.71868065376556,68.71868065376556,68.71868065376556,68.71868065376556,0.0,0.0,0.0,1720.2811154870974
12371,2011-02-23,1651.7094328599558,1492.1749509263102,1993.6759694590428,1433.3720460317645,1917.8140571131266,68.92537509061644,68.92537509061644,68.92537509061644,68.92537509061644,68.92537509061644,68.92537509061644,0.0,0.0,0.0,1720.6348079505722
12372,2011-02-24,1651.8564308865798,1508.1393474629465,1996.0607358190075,1433.7049349702982,1918.3253285583985,69.1323645320386,69.1323645320386,69.1323645320386,69.1323645320386,69.1323645320386,69.1323645320386,0.0,0.0,0.0,1720.9887954186183
12373,2011-02-25,1652.0034289132036,1495.925474480738,1993.1022884559168,1434.0378239088327,1918.812440049651,69.33964975550074,69.33964975550074,69.33964975550074,69.33964975550074,69.33964975550074,69.33964975550074,0.0,0.0,0.0,1721.3430786687043
12374,2011-02-28,1652.444422993076,1495.9558014049544,1981.57444178262,1434.3271724971912,1920.2737745234108,69.96328785288101,69.96328785288101,69.96328785288101,69.96328785288101,69.96328785288101,69.96328785288101,0.0,0.0,0.0,1722.407710845957
12375,2011-03-01,1652.5914210197,1508.3585976277543,1997.1615517932273,1434.1596415992808,1920.7608860146636,70.17176392581403,70.17176392581403,70.17176392581403,70.17176392581403,70.17176392581403,70.17176392581403,0.0,0.0,0.0,1722.763184945514
12376,2011-03-02,1652.738419046324,1497.3477029002943,2000.7869152453377,1433.9921107013702,1921.2479975059175,70.38053962792132,70.38053962792132,70.38053962792132,70.38053962792132,70.38053962792132,70.38053962792132,0.0,0.0,0.0,1723.1189586742453
12377,2011-03-03,1652.885417072948,1508.857115734321,2004.6245756421492,1434.0711100821438,1921.7351089971703,70.58961572044252,70.58961572044252,70.58961572044252,70.58961572044252,70.58961572044252,70.58961572044252,0.0,0.0,0.0,1723.4750327933905
12378,2011-03-04,1653.0324150995718,1494.04224238484,2002.8678832384792,1434.373529405272,1922.222220488423,70.79899296184084,70.79899296184084,70.79899296184084,70.79899296184084,70.79899296184084,70.79899296184084,0.0,0.0,0.0,1723.8314080614127
12379,2011-03-07,1653.473409179444,1503.4374877836492,2004.1008175969582,1434.879831301798,1924.3033764310135,71.42893912179333,71.42893912179333,71.42893912179333,71.42893912179333,71.42893912179333,71.42893912179333,0.0,0.0,0.0,1724.9023483012372
12380,2011-03-08,1653.6204072060677,1509.786206249862,2004.5076657568675,1434.7023354710764,1925.2903299742654,71.63952848701852,71.63952848701852,71.63952848701852,71.63952848701852,71.63952848701852,71.63952848701852,0.0,0.0,0.0,1725.2599356930862
12381,2011-03-09,1653.7674052326918,1492.36645607844,2003.0508630575653,1434.5248396403547,1926.2772835175183,71.85042275102553,71.85042275102553,71.85042275102553,71.85042275102553,71.85042275102553,71.85042275102553,0.0,0.0,0.0,1725.6178279837172
12382,2011-03-10,1653.9144032593158,1495.2112617320454,2005.7052451611921,1434.347343809633,1927.2642370607728,72.06162265517732,72.06162265517732,72.06162265517732,72.06162265517732,72.06162265517732,72.06162265517732,0.0,0.0,0.0,1725.9760259144932
12383,2011-03-11,1654.0614012859398,1501.8655169601604,1997.1685340504978,1434.2013974283484,1928.251190604025,72.27312893790736,72.27312893790736,72.27312893790736,72.27312893790736,72.27312893790736,72.27312893790736,0.0,0.0,0.0,1726.3345302238472
12384,2011-03-14,1654.5023953658124,1497.5717734554764,2006.0806593015377,1433.383308900016,1931.2120512337874,72.90949339768352,72.90949339768352,72.90949339768352,72.90949339768352,72.90949339768352,72.90949339768352,0.0,0.0,0.0,1727.4118887634959
12385,2011-03-15,1654.6493933924364,1487.4899534367732,2000.4449474075236,1433.1021717580295,1932.1990047770396,73.12223251995364,73.12223251995364,73.12223251995364,73.12223251995364,73.12223251995364,73.12223251995364,0.0,0.0,0.0,1727.7716259123902
12386,2011-03-16,1654.7963914190605,1506.2664237116392,2000.2192023875052,1432.8210346160433,1933.1859583202943,73.33528166845466,73.33528166845466,73.33528166845466,73.33528166845466,73.33528166845466,73.33528166845466,0.0,0.0,0.0,1728.131673087515
12387,2011-03-17,1654.9433894456843,1494.4219406078253,2011.9114056208332,1432.8055833789124,1934.172911863547,73.54864156367722,73.54864156367722,73.54864156367722,73.54864156367722,73.54864156367722,73.54864156367722,0.0,0.0,0.0,1728.4920310093614
12388,2011-03-18,1655.0903874723083,1502.0161669611023,2009.02809651874,1432.8543064384467,1935.1598654067989,73.76231292304554,73.76231292304554,73.76231292304554,73.76231292304554,73.76231292304554,73.76231292304554,0.0,0.0,0.0,1728.8527003953538
12389,2011-03-21,1655.5313815521802,1498.7425163695525,2006.263755126566,1432.2124184822198,1938.1207260365586,74.40520291397462,74.40520291397462,74.40520291397462,74.40520291397462,74.40520291397462,74.40520291397462,0.0,0.0,0.0,1729.9365844661547
12390,2011-03-22,1655.6783795788042,1494.530252629736,2009.7519087184319,1431.78940716913,1939.1076795798106,74.62012724230532,74.62012724230532,74.62012724230532,74.62012724230532,74.62012724230532,74.62012724230532,0.0,0.0,0.0,1730.2985068211094
12391,2011-03-23,1655.8253776054282,1510.4111686017345,2009.3447647406322,1431.3663958560403,1940.0946331230627,74.83536657533163,74.83536657533163,74.83536657533163,74.83536657533163,74.83536657533163,74.83536657533163,0.0,0.0,0.0,1730.6607441807598
12392,2011-03-24,1655.9723756320523,1499.281582230709,2019.6586735105689,1430.950728252591,1941.0815866663177,75.05092161171707,75.05092161171707,75.05092161171707,75.05092161171707,75.05092161171707,75.05092161171707,0.0,0.0,0.0,1731.0232972437693
12393,2011-03-25,1656.1193736586763,1514.800672018038,2012.0343390692333,1430.561541655603,1942.0165933297499,75.26679304692756,75.26679304692756,75.26679304692756,75.26679304692756,75.26679304692756,75.26679304692756,0.0,0.0,0.0,1731.386166705604
12394,2011-03-28,1656.5603677385484,1513.0713125523885,2013.2214499182628,1430.2767056627274,1944.3407064247858,75.91631265187344,75.91631265187344,75.91631265187344,75.91631265187344,75.91631265187344,75.91631265187344,0.0,0.0,0.0,1732.4766803904217
12395,2011-03-29,1656.7073657651724,1504.6999042558566,2021.48872474066,1430.247576035366,1945.1055710251603,76.13345657252246,76.13345657252246,76.13345657252246,76.13345657252246,76.13345657252246,76.13345657252246,0.0,0.0,0.0,1732.8408223376948
12396,2011-03-30,1656.8543637917965,1500.3617248508835,2018.0532529809639,1430.2184464080049,1945.8305480571373,76.35092032077117,76.35092032077117,76.35092032077117,76.35092032077117,76.35092032077117,76.35092032077117,0.0,0.0,0.0,1733.2052841125676
12397,2011-03-31,1657.0013618184205,1488.9326903277174,2016.1305762961067,1430.1905618966607,1946.555525089112,76.56870457253842,76.56870457253842,76.56870457253842,76.56870457253842,76.56870457253842,76.56870457253842,0.0,0.0,0.0,1733.5700663909588
12398,2011-04-01,1657.1483598450443,1491.9848185902083,2015.5874700371376,1430.172614674401,1947.2805021210859,76.78681000041539,76.78681000041539,76.78681000041539,76.78681000041539,76.78681000041539,76.78681000041539,0.0,0.0,0.0,1733.9351698454598
12399,2011-04-04,1657.5893539249164,1489.740115237132,2029.8051819038433,1429.9250539241355,1949.1642417763899,77.44306001642336,77.44306001642336,77.44306001642336,77.44306001642336,77.44306001642336,77.44306001642336,0.0,0.0,0.0,1735.0324139413397
12400,2011-04-05,1657.7363519515404,1498.5654486505728,2029.4912227497211,1429.7379485942502,1949.7036493223127,77.66245680759694,77.66245680759694,77.66245680759694,77.66245680759694,77.66245680759694,77.66245680759694,0.0,0.0,0.0,1735.3988087591374
12401,2011-04-06,1657.8833499781642,1498.6357336250117,2018.5389792211267,1429.5549563801478,1950.2430568682346,77.88217808738516,77.88217808738516,77.88217808738516,77.88217808738516,77.88217808738516,77.88217808738516,0.0,0.0,0.0,1735.7655280655495
12402,2011-04-07,1658.0303480047883,1505.8928899833613,2022.0841074211023,1429.3774605494261,1950.7824644141576,78.1022245080754,78.1022245080754,78.1022245080754,78.1022245080754,78.1022245080754,78.1022245080754,0.0,0.0,0.0,1736.1325725128636
12403,2011-04-08,1658.1773460314123,1498.0359492825683,2031.2806303189363,1429.1999647187047,1951.2623409164426,78.32259671850525,78.32259671850525,78.32259671850525,78.32259671850525,78.32259671850525,78.32259671850525,0.0,0.0,0.0,1736.4999427499176
12404,2011-04-11,1658.6183401112849,1506.0642795712251,2022.3332788944354,1428.6674772265387,1951.5829167979493,78.98567452458022,78.98567452458022,78.98567452458022,78.98567452458022,78.98567452458022,78.98567452458022,0.0,0.0,0.0,1737.604014635865
12405,2011-04-12,1658.7653381379089,1517.5004649699322,2033.8494134768137,1428.4899813958175,1951.5040350798715,79.20735631284556,79.20735631284556,79.20735631284556,79.20735631284556,79.20735631284556,79.20735631284556,0.0,0.0,0.0,1737.9726944507545
12406,2011-04-13,1658.912336164533,1505.3114621215896,2034.9811501699292,1428.3124855650956,1951.4251533617942,79.42936708275938,79.42936708275938,79.42936708275938,79.42936708275938,79.42936708275938,79.42936708275938,0.0,0.0,0.0,1738.3417032472923
12407,2011-04-14,1659.059334191157,1502.429048358213,2034.0513928960634,1428.134989734374,1951.3462716437166,79.6517074621276,79.6517074621276,79.6517074621276,79.6517074621276,79.6517074621276,79.6517074621276,0.0,0.0,0.0,1738.7110416532846
12408,2011-04-15,1659.2063322177808,1511.6432464983536,2036.9671204776744,1427.9574939036524,1952.2221563992234,79.87437807519032,79.87437807519032,79.87437807519032,79.87437807519032,79.87437807519032,79.87437807519032,0.0,0.0,0.0,1739.0807102929712
12409,2011-04-18,1659.6473262976529,1507.7790749310273,2034.7849195733281,1427.4250064114874,1954.301194081979,80.5443775051264,80.5443775051264,80.5443775051264,80.5443775051264,80.5443775051264,80.5443775051264,0.0,0.0,0.0,1740.1917038027793
12410,2011-04-19,1659.7943243242767,1503.280886358606,2048.2918958839764,1427.2475105807657,1954.0000097456307,80.76837522349666,80.76837522349666,80.76837522349666,80.76837522349666,80.76837522349666,80.76837522349666,0.0,0.0,0.0,1740.5626995477733
12411,2011-04-20,1659.9413223509007,1497.6500673308728,2037.2516462744095,1427.070014750044,1953.6988254092837,80.9927062427155,80.9927062427155,80.9927062427155,80.9927062427155,80.9927062427155,80.9927062427155,0.0,0.0,0.0,1740.9340285936162
12412,2011-04-21,1660.0883203775247,1509.5266785756412,2044.569127506483,1426.8925189193224,1953.6467115015932,81.21737116529182,81.21737116529182,81.21737116529182,81.21737116529182,81.21737116529182,81.21737116529182,0.0,0.0,0.0,1741.3056915428165
12413,2011-04-25,1660.6763124840209,1515.791737958197,2037.6697523254488,1426.1825355964359,1957.7044168274601,82.11938181022482,82.11938181022482,82.11938181022482,82.11938181022482,82.11938181022482,82.11938181022482,0.0,0.0,0.0,1742.7956942942458
12414,2011-04-26,1660.823310510645,1506.1821592460265,2035.155902493368,1426.0050397657142,1958.718843158927,82.34572515788693,82.34572515788693,82.34572515788693,82.34572515788693,82.34572515788693,82.34572515788693,0.0,0.0,0.0,1743.1690356685317
12415,2011-04-27,1660.970308537269,1496.6464962858338,2034.0487738554716,1425.8275439349925,1959.7332694903937,82.57240594614413,82.57240594614413,82.57240594614413,82.57240594614413,82.57240594614413,82.57240594614413,0.0,0.0,0.0,1743.542714483413
12416,2011-04-28,1661.117306563893,1489.8102446347398,2041.190191686517,1425.650048104271,1960.7476958218604,82.79942475142357,82.79942475142357,82.79942475142357,82.79942475142357,82.79942475142357,82.79942475142357,0.0,0.0,0.0,1743.9167313153166
12417,2011-04-29,1661.264304590517,1503.3169084721922,2041.7225115988988,1425.4725522735491,1961.7621221533273,83.02678214636008,83.02678214636008,83.02678214636008,83.02678214636008,83.02678214636008,83.02678214636008,0.0,0.0,0.0,1744.291086736877
12418,2011-05-02,1661.7052986703889,1499.7263319104734,2047.9909138549142,1424.9400647813845,1963.71772095504,83.71089153835385,83.71089153835385,83.71089153835385,83.71089153835385,83.71089153835385,83.71089153835385,0.0,0.0,0.0,1745.4161902087426
12419,2011-05-03,1661.852296697013,1509.4626962513832,2042.6377876892839,1424.7625689506624,1964.2892895342386,83.9396089420037,83.9396089420037,83.9396089420037,83.9396089420037,83.9396089420037,83.9396089420037,0.0,0.0,0.0,1745.7919056390165
12420,2011-05-04,1661.9992947236367,1517.9146418177334,2043.2460655681862,1424.5850731199407,1964.811183754867,84.16866774114507,84.16866774114507,84.16866774114507,84.16866774114507,84.16866774114507,84.16866774114507,0.0,0.0,0.0,1746.1679624647818
12421,2011-05-05,1662.1462927502607,1518.8644436740879,2062.618767601466,1424.4075772892193,1965.3112618270497,84.39806848536998,84.39806848536998,84.39806848536998,84.39806848536998,84.39806848536998,84.39806848536998,0.0,0.0,0.0,1746.5443612356307
12422,2011-05-06,1662.2932907768848,1511.0991577896875,2057.67068073772,1424.2250369746564,1965.8113398992336,84.62781172037506,84.62781172037506,84.62781172037506,84.62781172037506,84.62781172037506,84.62781172037506,0.0,0.0,0.0,1746.9211024972599
12423,2011-05-09,1662.7342848567566,1493.8102658846174,2055.352749612747,1423.3811811610665,1967.311574115783,85.31910176835007,85.31910176835007,85.31910176835007,85.31910176835007,85.31910176835007,85.31910176835007,0.0,0.0,0.0,1748.0533866251067
12424,2011-05-10,1662.8812828833807,1499.0755686365878,2054.919732351859,1423.0998958898697,1967.8116521879658,85.55022034508372,85.55022034508372,85.55022034508372,85.55022034508372,85.55022034508372,85.55022034508372,0.0,0.0,0.0,1748.4315032284644
12425,2011-05-11,1663.0282809100054,1507.8870451633143,2050.5735169638297,1422.8186106186718,1968.311730260151,85.78168408217965,85.78168408217965,85.78168408217965,85.78168408217965,85.78168408217965,85.78168408217965,0.0,0.0,0.0,1748.809964992185
12426,2011-05-12,1663.1752789366294,1500.8455669044479,2066.9779997508804,1422.537325347475,1969.461784763966,86.01349350167357,86.01349350167357,86.01349350167357,86.01349350167357,86.01349350167357,86.01349350167357,0.0,0.0,0.0,1749.188772438303
12427,2011-05-13,1663.3222769632532,1499.4849313118618,2057.713281733851,1422.2560400762784,1969.9138084345532,86.24564912160497,86.24564912160497,86.24564912160497,86.24564912160497,86.24564912160497,86.24564912160497,0.0,0.0,0.0,1749.5679260848583
12428,2011-05-16,1663.7632710431253,1498.598687936854,2048.6929293600624,1421.4121842626882,1970.993069218546,86.9441983042304,86.9441983042304,86.9441983042304,86.9441983042304,86.9441983042304,86.9441983042304,0.0,0.0,0.0,1750.7074693473558
12429,2011-05-17,1663.9102690697491,1503.8809777678948,2056.2257106717434,1421.1308989914908,1971.4621507163554,87.17774382595296,87.17774382595296,87.17774382595296,87.17774382595296,87.17774382595296,87.17774382595296,0.0,0.0,0.0,1751.0880128957021
12430,2011-05-18,1664.0572670963732,1509.2937089397294,2065.336204683349,1420.8496137202942,1971.9441545473157,87.4116380779185,87.4116380779185,87.4116380779185,87.4116380779185,87.4116380779185,87.4116380779185,0.0,0.0,0.0,1751.4689051742916
12431,2011-05-19,1664.2042651229976,1515.7568633350502,2062.7722295238123,1420.5683284490974,1972.4261583782766,87.64588155391407,87.64588155391407,87.64588155391407,87.64588155391407,87.64588155391407,87.64588155391407,0.0,0.0,0.0,1751.8501466769117
12432,2011-05-20,1664.3512631496214,1501.794777468302,2057.4549171106682,1420.287043177901,1972.9081622092367,87.88047474363465,87.88047474363465,87.88047474363465,87.88047474363465,87.88047474363465,87.88047474363465,0.0,0.0,0.0,1752.2317378932562
12433,2011-05-23,1664.7922572294935,1503.0850324297871,2056.9886943734987,1419.4431873643107,1973.8099673635825,88.58635743045532,88.58635743045532,88.58635743045532,88.58635743045532,88.58635743045532,88.58635743045532,0.0,0.0,0.0,1753.3786146599489
12434,2011-05-24,1664.9392552561173,1499.207364106735,2072.3336422246725,1419.161902093114,1974.0183109609009,88.8223542897472,88.8223542897472,88.8223542897472,88.8223542897472,88.8223542897472,88.8223542897472,0.0,0.0,0.0,1753.7616095458645
12435,2011-05-25,1665.0862532827414,1498.8410859198934,2076.0796869648084,1418.8806168219169,1974.2266545582197,89.05870324941353,89.05870324941353,89.05870324941353,89.05870324941353,89.05870324941353,89.05870324941353,0.0,0.0,0.0,1754.144956532155
12436,2011-05-26,1665.2332513093654,1511.7717886562436,2066.171036032284,1418.59933155072,1974.5494434866503,89.29540477432812,89.29540477432812,89.29540477432812,89.29540477432812,89.29540477432812,89.29540477432812,0.0,0.0,0.0,1754.5286560836935
12437,2011-05-27,1665.3802493359894,1493.7100680324195,2055.691046968116,1418.074903950595,1974.920455254975,89.53245932518077,89.53245932518077,89.53245932518077,89.53245932518077,89.53245932518077,89.53245932518077,0.0,0.0,0.0,1754.9127086611702
12438,2011-05-31,1665.9682414424854,1500.499189883698,2074.2635960410157,1414.3991265712548,1976.809466285588,90.4842168546339,90.4842168546339,90.4842168546339,90.4842168546339,90.4842168546339,90.4842168546339,0.0,0.0,0.0,1756.4524582971192
12439,2011-06-01,1666.1152394691094,1509.5161219183985,2078.8201433729537,1413.9005939620317,1977.4991813077581,90.7230432982147,90.7230432982147,90.7230432982147,90.7230432982147,90.7230432982147,90.7230432982147,0.0,0.0,0.0,1756.838282767324
12440,2011-06-02,1666.2622374957332,1504.1832773000897,2062.4985185929227,1413.891731298327,1978.1888963299302,90.96222544331034,90.96222544331034,90.96222544331034,90.96222544331034,90.96222544331034,90.96222544331034,0.0,0.0,0.0,1757.2244629390436
12441,2011-06-03,1666.4092355223572,1508.6310635602717,2070.2990449003632,1413.8846849597178,1978.8786113521026,91.20176372097353,91.20176372097353,91.20176372097353,91.20176372097353,91.20176372097353,91.20176372097353,0.0,0.0,0.0,1757.6109992433308
12442,2011-06-06,1666.850229602229,1518.0612556240153,2067.4471358649507,1413.863545943892,1980.8363073527341,91.92251959553882,91.92251959553882,91.92251959553882,91.92251959553882,91.92251959553882,91.92251959553882,0.0,0.0,0.0,1758.772749197768
12443,2011-06-07,1666.9972276288536,1495.3465476484362,2081.646375469715,1413.8564996052835,1981.2717242428112,92.16348662811538,92.16348662811538,92.16348662811538,92.16348662811538,92.16348662811538,92.16348662811538,0.0,0.0,0.0,1759.160714256969
12444,2011-06-08,1667.1442256554774,1497.1189485950586,2072.756484818386,1413.8494532666746,1981.707141132887,92.40481188400689,92.40481188400689,92.40481188400689,92.40481188400689,92.40481188400689,92.40481188400689,0.0,0.0,0.0,1759.5490375394843
12445,2011-06-09,1667.2912236821014,1492.0081175931282,2091.7784394957644,1413.8424069280659,1982.142558022963,92.64649576837793,92.64649576837793,92.64649576837793,92.64649576837793,92.64649576837793,92.64649576837793,0.0,0.0,0.0,1759.9377194504793
12446,2011-06-10,1667.4382217087257,1511.6258788621642,2083.0935372790364,1413.8649784753613,1982.5646056401247,92.88853868203485,92.88853868203485,92.88853868203485,92.88853868203485,92.88853868203485,92.88853868203485,0.0,0.0,0.0,1760.3267603907605
12447,2011-06-13,1667.8792157885978,1493.5331240578607,2078.2581441579873,1413.7532833175994,1984.3849956008107,93.61682554117448,93.61682554117448,93.61682554117448,93.61682554117448,93.61682554117448,93.61682554117448,0.0,0.0,0.0,1761.4960413297722
12448,2011-06-14,1668.0262138152218,1506.1270404912784,2105.5013664602557,1413.534487633909,1985.0130627196825,93.8603084924803,93.8603084924803,93.8603084924803,93.8603084924803,93.8603084924803,93.8603084924803,0.0,0.0,0.0,1761.886522307702
12449,2011-06-15,1668.173211841846,1490.0026708732119,2090.7301935340233,1413.6411706582705,1985.6411298385538,94.1041524113326,94.1041524113326,94.1041524113326,94.1041524113326,94.1041524113326,94.1041524113326,0.0,0.0,0.0,1762.2773642531786
12450,2011-06-16,1668.32020986847,1505.9591079085365,2078.4558875990874,1413.97118998188,1986.2691969574241,94.34835767214938,94.34835767214938,94.34835767214938,94.34835767214938,94.34835767214938,94.34835767214938,0.0,0.0,0.0,1762.6685675406195
12451,2011-06-17,1668.467207895094,1505.5319440645505,2100.271763549383,1414.0751926273124,1986.8972640762956,94.5929246449094,94.5929246449094,94.5929246449094,94.5929246449094,94.5929246449094,94.5929246449094,0.0,0.0,0.0,1763.0601325400032
12452,2011-06-20,1668.908201974966,1506.0254669738097,2085.236555903015,1414.0357167462676,1988.7814654329104,95.3287994678007,95.3287994678007,95.3287994678007,95.3287994678007,95.3287994678007,95.3287994678007,0.0,0.0,0.0,1764.2370014427668
12453,2011-06-21,1669.0552000015898,1504.1486550028771,2088.1629139334636,1414.0225581192526,1989.3942404517472,95.57481689893564,95.57481689893564,95.57481689893564,95.57481689893564,95.57481689893564,95.57481689893564,0.0,0.0,0.0,1764.6300169005253
12454,2011-06-22,1669.2021980282138,1501.0685357375585,2089.2380732752736,1414.0093994922377,1989.9228802295465,95.82119782492275,95.82119782492275,95.82119782492275,95.82119782492275,95.82119782492275,95.82119782492275,0.0,0.0,0.0,1765.0233958531367
12455,2011-06-23,1669.3491960548379,1507.3069199791153,2092.026657950241,1413.9962408652227,1990.4557309339214,96.06794258886954,96.06794258886954,96.06794258886954,96.06794258886954,96.06794258886954,96.06794258886954,0.0,0.0,0.0,1765.4171386437074
12456,2011-06-24,1669.496194081462,1489.386453299369,2088.8979558549095,1413.9830822382078,1991.1952567305955,96.31505152936762,96.31505152936762,96.31505152936762,96.31505152936762,96.31505152936762,96.31505152936762,0.0,0.0,0.0,1765.8112456108295
12457,2011-06-27,1669.9371881613338,1511.68981444026,2087.405727330277,1413.943606357163,1992.5660791185444,97.05856672806715,97.05856672806715,97.05856672806715,97.05856672806715,97.05856672806715,97.05856672806715,0.0,0.0,0.0,1766.9957548894008
12458,2011-06-28,1670.0841861879578,1499.917468309055,2100.802327300776,1413.930447730148,1993.0947188963448,97.30713566993204,97.30713566993204,97.30713566993204,97.30713566993204,97.30713566993204,97.30713566993204,0.0,0.0,0.0,1767.3913218578898
12459,2011-06-29,1670.2311842145818,1502.9001087753043,2092.9989992764636,1413.917289103133,1993.6233586741441,97.55607041315129,97.55607041315129,97.55607041315129,97.55607041315129,97.55607041315129,97.55607041315129,0.0,0.0,0.0,1767.787254627733
12460,2011-06-30,1670.3781822412056,1507.0891218423903,2110.2029819410823,1413.904130476118,1994.151998451944,97.80537126898211,97.80537126898211,97.80537126898211,97.80537126898211,97.80537126898211,97.80537126898211,0.0,0.0,0.0,1768.1835535101877
12461,2011-07-01,1670.5251802678297,1515.1061910364808,2087.7651734439346,1413.890971849103,1994.6806382297432,98.05503854408863,98.05503854408863,98.05503854408863,98.05503854408863,98.05503854408863,98.05503854408863,0.0,0.0,0.0,1768.5802188119183
12462,2011-07-05,1671.113172374326,1488.8577154517527,2112.559984189994,1413.7594668320005,1996.7951973409422,99.05737780917451,99.05737780917451,99.05737780917451,99.05737780917451,99.05737780917451,99.05737780917451,0.0,0.0,0.0,1770.1705501835006
12463,2011-07-06,1671.26017040095,1505.2832038514741,2101.464897478729,1413.5758587128726,1997.3238371187413,99.30888161910404,99.30888161910404,99.30888161910404,99.30888161910404,99.30888161910404,99.30888161910404,0.0,0.0,0.0,1770.5690520200542
12464,2011-07-07,1671.4071684275739,1506.3135495872432,2100.862224759921,1413.3922505937444,1997.8524768965417,99.56075359124245,99.56075359124245,99.56075359124245,99.56075359124245,99.56075359124245,99.56075359124245,0.0,0.0,0.0,1770.9679220188164
12465,2011-07-08,1671.554166454198,1499.6871953722286,2097.422801941748,1413.2086424746167,1998.3811166743408,99.81299399980765,99.81299399980765,99.81299399980765,99.81299399980765,99.81299399980765,99.81299399980765,0.0,0.0,0.0,1771.3671604540054
12466,2011-07-11,1671.9951605340702,1504.9513770012945,2110.243439899472,1412.6578181172322,1999.967036007742,100.57192851602969,100.57192851602969,100.57192851602969,100.57192851602969,100.57192851602969,100.57192851602969,0.0,0.0,0.0,1772.5670890500999
12467,2011-07-12,1672.1421585606945,1518.322311433786,2108.033382247981,1412.4742099981042,2000.4956757855412,100.82564531879684,100.82564531879684,100.82564531879684,100.82564531879684,100.82564531879684,100.82564531879684,0.0,0.0,0.0,1772.9678038794914
12468,2011-07-13,1672.2891565873185,1514.657602263523,2106.1476861381584,1412.2906018789765,2001.055851114506,101.07973185872986,101.07973185872986,101.07973185872986,101.07973185872986,101.07973185872986,101.07973185872986,0.0,0.0,0.0,1773.3688884460485
12469,2011-07-14,1672.4361546139426,1499.4517669450736,2114.8808342603743,1412.1069937598484,2002.0072646491365,101.33418838183704,101.33418838183704,101.33418838183704,101.33418838183704,101.33418838183704,101.33418838183704,0.0,0.0,0.0,1773.7703429957796
12470,2011-07-15,1672.5831526405666,1512.1328307560198,2107.2294039237927,1411.9233856407204,2002.9586781837668,101.58901512939094,101.58901512939094,101.58901512939094,101.58901512939094,101.58901512939094,101.58901512939094,0.0,0.0,0.0,1774.1721677699575
12471,2011-07-18,1673.0241467204385,1495.811510358643,2113.574230745901,1407.6900194006023,2005.8129187876602,102.35571906018109,102.35571906018109,102.35571906018109,102.35571906018109,102.35571906018109,102.35571906018109,0.0,0.0,0.0,1775.3798657806196
12472,2011-07-19,1673.1711447470625,1497.1205318883797,2114.9901321242683,1406.0635558468794,2006.7640409353364,102.61202902315235,102.61202902315235,102.61202902315235,102.61202902315235,102.61202902315235,102.61202902315235,0.0,0.0,0.0,1775.783173770215
12473,2011-07-20,1673.3181427736863,1501.057622748994,2102.8687923872676,1404.4370922931616,2007.6711929822327,102.86871034553307,102.86871034553307,102.86871034553307,102.86871034553307,102.86871034553307,102.86871034553307,0.0,0.0,0.0,1776.1868531192194
12474,2011-07-21,1673.4651408003103,1496.7083825483255,2109.414976054068,1402.9155764963837,2008.059704641956,103.12576323996701,103.12576323996701,103.12576323996701,103.12576323996701,103.12576323996701,103.12576323996701,0.0,0.0,0.0,1776.5909040402773
12475,2011-07-22,1673.6121388269344,1504.3694151795632,2115.3042727909033,1402.5088193537158,2008.4182086610112,103.383187914297,103.383187914297,103.383187914297,103.383187914297,103.383187914297,103.383187914297,0.0,0.0,0.0,1776.9953267412313
12476,2011-07-25,1674.0531329068062,1504.1515459790814,2127.765525053711,1401.8663293947623,2009.4937421248583,104.1576946227883,104.1576946227883,104.1576946227883,104.1576946227883,104.1576946227883,104.1576946227883,0.0,0.0,0.0,1778.2108275295946
12477,2011-07-26,1674.2001309334303,1502.1579255912538,2117.293402647042,1402.005440882265,2009.8543368709138,104.41660839867318,104.41660839867318,104.41660839867318,104.41660839867318,104.41660839867318,104.41660839867318,0.0,0.0,0.0,1778.6167393321034
12478,2011-07-27,1674.3471289600543,1507.1850307246193,2107.6620507092694,1402.144552369768,2010.2149316169691,104.6758949212508,104.6758949212508,104.6758949212508,104.6758949212508,104.6758949212508,104.6758949212508,0.0,0.0,0.0,1779.023023881305
12479,2011-07-28,1674.4941269866783,1491.2508076742554,2128.8458313946794,1402.2836638572705,2010.575526363024,104.93555436933188,104.93555436933188,104.93555436933188,104.93555436933188,104.93555436933188,104.93555436933188,0.0,0.0,0.0,1779.4296813560102
12480,2011-07-29,1674.6411250133021,1511.2150884535256,2134.168590496453,1402.4227753447742,2010.9361211090795,105.19558691685747,105.19558691685747,105.19558691685747,105.19558691685747,105.19558691685747,105.19558691685747,0.0,0.0,0.0,1779.8367119301597
12481,2011-08-01,1675.0821190931745,1511.0302219307257,2128.85131931903,1402.8401098072825,2012.0179053472455,105.97792482225232,105.97792482225232,105.97792482225232,105.97792482225232,105.97792482225232,105.97792482225232,0.0,0.0,0.0,1781.0600439154268
12482,2011-08-02,1675.2291171197985,1494.5000839249649,2127.5567141627803,1402.979221294785,2012.3785000933008,106.23945140921899,106.23945140921899,106.23945140921899,106.23945140921899,106.23945140921899,106.23945140921899,0.0,0.0,0.0,1781.4685685290174
12483,2011-08-03,1675.3761151464225,1504.471346498603,2121.923618799312,1403.118332782288,2012.7390948393556,106.50135189194475,106.50135189194475,106.50135189194475,106.50135189194475,106.50135189194475,106.50135189194475,0.0,0.0,0.0,1781.8774670383673
12484,2011-08-04,1675.5231131730463,1497.803733022834,2125.7638208155163,1403.2574442697908,2013.4020901847828,106.76362641494835,106.76362641494835,106.76362641494835,106.76362641494835,106.76362641494835,106.76362641494835,0.0,0.0,0.0,1782.2867395879946
12485,2011-08-05,1675.6701111996704,1499.4045584487103,2129.9418940236264,1403.3965557572938,2014.2880385328385,107.02627511781489,107.02627511781489,107.02627511781489,107.02627511781489,107.02627511781489,107.02627511781489,0.0,0.0,0.0,1782.6963863174853
12486,2011-08-08,1676.1111052795422,1513.4257752546398,2136.9022704501476,1403.8138902198027,2016.9458835770095,107.81646762721826,107.81646762721826,107.81646762721826,107.81646762721826,107.81646762721826,107.81646762721826,0.0,0.0,0.0,1783.9275729067606
12487,2011-08-09,1676.258103306167,1500.2512490580523,2145.5136231907113,1403.9530017073062,2017.8318319250675,108.08061434635651,108.08061434635651,108.08061434635651,108.08061434635651,108.08061434635651,108.08061434635651,0.0,0.0,0.0,1784.3387176525234
12488,2011-08-10,1676.405101332791,1507.0532294029595,2121.140670889914,1404.092113194809,2018.7177802731253,108.34513586893262,108.34513586893262,108.34513586893262,108.34513586893262,108.34513586893262,108.34513586893262,0.0,0.0,0.0,1784.7502372017236
12489,2011-08-11,1676.552099359415,1509.8127268527173,2123.4419506252516,1404.2312246823117,2019.6037286211808,108.61003230472694,108.61003230472694,108.61003230472694,108.61003230472694,108.61003230472694,108.61003230472694,0.0,0.0,0.0,1785.162131664142
12490,2011-08-12,1676.699097386039,1502.775090782551,2137.6470560668067,1403.988167463761,2020.4896769692361,108.87530375852418,108.87530375852418,108.87530375852418,108.87530375852418,108.87530375852418,108.87530375852418,0.0,0.0,0.0,1785.5744011445631
12491,2011-08-15,1677.140091465911,1491.6181075220811,2140.9264143580895,1402.7141770691571,2023.1475220134073,109.67336920060703,109.67336920060703,109.67336920060703,109.67336920060703,109.67336920060703,109.67336920060703,0.0,0.0,0.0,1786.813460666518
12492,2011-08-16,1677.287089492535,1497.8364650774047,2139.480110051656,1401.8444220614222,2024.0334703614628,109.94014167397401,109.94014167397401,109.94014167397401,109.94014167397401,109.94014167397401,109.94014167397401,0.0,0.0,0.0,1787.227231166509
12493,2011-08-17,1677.4340875191588,1504.504420288801,2129.9967108930327,1400.28086546521,2024.919418709518,110.20728961397558,110.20728961397558,110.20728961397558,110.20728961397558,110.20728961397558,110.20728961397558,0.0,0.0,0.0,1787.6413771331343
12494,2011-08-18,1677.5810855457828,1506.3900614305821,2151.8415338844334,1398.7173088689976,2025.8053670575757,110.4748130952191,110.4748130952191,110.4748130952191,110.4748130952191,110.4748130952191,110.4748130952191,0.0,0.0,0.0,1788.055898641002
12495,2011-08-19,1677.7280835724068,1490.3138021556738,2141.4263106435637,1397.153752272785,2026.6913154056315,110.74271218725244,110.74271218725244,110.74271218725244,110.74271218725244,110.74271218725244,110.74271218725244,0.0,0.0,0.0,1788.4707957596593
12496,2011-08-22,1678.1690776522787,1520.4977866626855,2143.303998726507,1393.5909852170855,2029.3491604498001,111.54866374748512,111.54866374748512,111.54866374748512,111.54866374748512,111.54866374748512,111.54866374748512,0.0,0.0,0.0,1789.7177413997638
12497,2011-08-23,1678.3160756789027,1505.519329336847,2140.5193948944334,1393.3079982755635,2030.2351087978577,111.81806587664916,111.81806587664916,111.81806587664916,111.81806587664916,111.81806587664916,111.81806587664916,0.0,0.0,0.0,1790.1341415555519
12498,2011-08-24,1678.4630737055268,1493.0022876596931,2149.7910389333992,1393.0510487080253,2031.0406424096145,112.08784388813582,112.08784388813582,112.08784388813582,112.08784388813582,112.08784388813582,112.08784388813582,0.0,0.0,0.0,1790.5509175936627
12499,2011-08-25,1678.6100717321508,1498.1588885019519,2149.0408250871474,1392.794099140487,2031.7269947207405,112.35799782094966,112.35799782094966,112.35799782094966,112.35799782094966,112.35799782094966,112.35799782094966,0.0,0.0,0.0,1790.9680695531006
12500,2011-08-26,1678.757069758775,1509.087053420787,2140.0382750844233,1392.5371495729487,2032.413347031866,112.62852770897535,112.62852770897535,112.62852770897535,112.62852770897535,112.62852770897535,112.62852770897535,0.0,0.0,0.0,1791.3855974677504
12501,2011-08-29,1679.198063838647,1503.122917880941,2150.320577485563,1392.1351867011504,2034.4724039652424,113.44237336617951,113.44237336617951,113.44237336617951,113.44237336617951,113.44237336617951,113.44237336617951,0.0,0.0,0.0,1792.6404372048264
12502,2011-08-30,1679.345061865271,1488.4924016178816,2141.956681735993,1392.12182107013,2035.158756276368,113.7144073111848,113.7144073111848,113.7144073111848,113.7144073111848,113.7144073111848,113.7144073111848,0.0,0.0,0.0,1793.0594691764559
12503,2011-08-31,1679.492059891895,1499.0954094011936,2141.9209670429245,1392.1084554391095,2035.8451085874938,113.98681730371463,113.98681730371463,113.98681730371463,113.98681730371463,113.98681730371463,113.98681730371463,0.0,0.0,0.0,1793.4788771956096
12504,2011-09-01,1679.639057918519,1517.285817409107,2148.5779879322836,1392.095089808089,2036.5314608986191,114.25960334674868,114.25960334674868,114.25960334674868,114.25960334674868,114.25960334674868,114.25960334674868,0.0,0.0,0.0,1793.8986612652677
12505,2011-09-02,1679.7860559451428,1500.6437938824597,2144.635625547176,1392.0817241770685,2037.2178132097447,114.53276543808823,114.53276543808823,114.53276543808823,114.53276543808823,114.53276543808823,114.53276543808823,0.0,0.0,0.0,1794.3188213832311
12506,2011-09-06,1680.3740480516387,1511.5679504190362,2162.8371616808317,1392.0282616529864,2039.963222454247,115.62917406071979,115.62917406071979,115.62917406071979,115.62917406071979,115.62917406071979,115.62917406071979,0.0,0.0,0.0,1796.0032221123586
12507,2011-09-07,1680.5210460782628,1501.782634790188,2149.334878932476,1392.014896021966,2040.6495747653726,115.90421617868392,115.90421617868392,115.90421617868392,115.90421617868392,115.90421617868392,115.90421617868392,0.0,0.0,0.0,1796.4252622569468
12508,2011-09-08,1680.6680441048875,1496.969297455159,2154.7397774918445,1392.0015303909454,2041.3359270765009,116.17963422249136,116.17963422249136,116.17963422249136,116.17963422249136,116.17963422249136,116.17963422249136,0.0,0.0,0.0,1796.8476783273788
12509,2011-09-09,1680.8150421315115,1510.8665376876315,2154.6430757569497,1391.988164759925,2042.0222793876267,116.45542815344292,116.45542815344292,116.45542815344292,116.45542815344292,116.45542815344292,116.45542815344292,0.0,0.0,0.0,1797.2704702849544
12510,2011-09-12,1681.2560362113834,1490.5490351855362,2170.4740264737648,1390.8236000528502,2044.0813363210032,117.28506480339219,117.28506480339219,117.28506480339219,117.28506480339219,117.28506480339219,117.28506480339219,0.0,0.0,0.0,1798.5411010147757
12511,2011-09-13,1681.4030342380074,1502.2975838857037,2150.829161877001,1390.3989365879825,2044.7608464141358,117.56236179083413,117.56236179083413,117.56236179083413,117.56236179083413,117.56236179083413,117.56236179083413,0.0,0.0,0.0,1798.9653960288415
12512,2011-09-14,1681.5500322646315,1512.4799557103154,2166.353726609504,1389.9742731231145,2045.4066353896599,117.84003439303092,117.84003439303092,117.84003439303092,117.84003439303092,117.84003439303092,117.84003439303092,0.0,0.0,0.0,1799.3900666576624
12513,2011-09-15,1681.6970302912553,1510.9995065720332,2180.7823200400294,1389.5496096582465,2046.1121994977273,118.11808253966737,118.11808253966737,118.11808253966737,118.11808253966737,118.11808253966737,118.11808253966737,0.0,0.0,0.0,1799.8151128309225
12514,2011-09-16,1681.8440283178793,1508.1764484462617,2168.2223140956594,1389.1249461933785,2047.2070161182946,118.3965061551307,118.3965061551307,118.3965061551307,118.3965061551307,118.3965061551307,118.3965061551307,0.0,0.0,0.0,1800.24053447301
12515,2011-09-19,1682.2850223977512,1515.908771261549,2162.4209152272438,1387.8509557987738,2050.491465979999,119.2340289786961,119.2340289786961,119.2340289786961,119.2340289786961,119.2340289786961,119.2340289786961,0.0,0.0,0.0,1801.5190513764474
12516,2011-09-20,1682.4320204243752,1514.9539625111347,2164.4014320397514,1387.426292333906,2051.5862826005664,119.51395360706975,119.51395360706975,119.51395360706975,119.51395360706975,119.51395360706975,119.51395360706975,0.0,0.0,0.0,1801.9459740314448
12517,2011-09-21,1682.5790184509992,1501.0825355197353,2171.388542423035,1387.001628869038,2052.6810992211335,119.79425324643118,119.79425324643118,119.79425324643118,119.79425324643118,119.79425324643118,119.79425324643118,0.0,0.0,0.0,1802.3732716974305
12518,2011-09-22,1682.7260164776235,1504.4627393530577,2176.60893722643,1386.5809703112443,2053.7759158417034,120.07492778919821,120.07492778919821,120.07492778919821,120.07492778919821,120.07492778919821,120.07492778919821,0.0,0.0,0.0,1802.8009442668217
12519,2011-09-23,1682.8730145042475,1498.2174554595115,2174.0086806351574,1386.1745217581367,2054.393004787426,120.35597712243289,120.35597712243289,120.35597712243289,120.35597712243289,120.35597712243289,120.35597712243289,0.0,0.0,0.0,1803.2289916266805
12520,2011-09-26,1683.3140085841194,1504.58402201748,2169.5709150055127,1384.6535847618834,2056.686138916618,121.20137265501852,121.20137265501852,121.20137265501852,121.20137265501852,121.20137265501852,121.20137265501852,0.0,0.0,0.0,1804.515381239138
12521,2011-09-27,1683.4610066107434,1503.2462747274851,2182.5947148390696,1384.268580788682,2057.382803278896,121.48391991329456,121.48391991329456,121.48391991329456,121.48391991329456,121.48391991329456,121.48391991329456,0.0,0.0,0.0,1804.944926524038
12522,2011-09-28,1683.6080046373675,1509.1825377709156,2172.509469639151,1384.0289846149617,2057.9940529506775,121.76684131668813,121.76684131668813,121.76684131668813,121.76684131668813,121.76684131668813,121.76684131668813,0.0,0.0,0.0,1805.3748459540557
12523,2011-09-29,1683.7550026639915,1501.7808235855719,2178.012941021685,1383.6043211500937,2058.605302622459,122.05013671994047,122.05013671994047,122.05013671994047,122.05013671994047,122.05013671994047,122.05013671994047,0.0,0.0,0.0,1805.8051393839319
12524,2011-09-30,1683.9020006906153,1505.3678495297436,2172.7219459727,1383.1796576852257,2059.2165522942405,122.33380597237384,122.33380597237384,122.33380597237384,122.33380597237384,122.33380597237384,122.33380597237384,0.0,0.0,0.0,1806.235806662989
12525,2011-10-03,1684.3429947704874,1505.2383666798792,2182.2846512475085,1381.9056672906224,2061.0466013804,123.18705523657722,123.18705523657722,123.18705523657722,123.18705523657722,123.18705523657722,123.18705523657722,0.0,0.0,0.0,1807.5300500070646
12526,2011-10-04,1684.4899927971112,1507.2318585510666,2190.937738603462,1381.4810038257542,2061.600507710715,123.47221827034879,123.47221827034879,123.47221827034879,123.47221827034879,123.47221827034879,123.47221827034879,0.0,0.0,0.0,1807.96221106746
12527,2011-10-05,1684.6369908237352,1507.9671497981926,2201.214104822198,1381.0385060277629,2062.1544140410288,123.75775431837751,123.75775431837751,123.75775431837751,123.75775431837751,123.75775431837751,123.75775431837751,0.0,0.0,0.0,1808.3947451421127
12528,2011-10-06,1684.7839888503593,1501.718051161743,2173.016015761682,1380.5737241262061,2062.7083203713432,124.04366319731172,124.04366319731172,124.04366319731172,124.04366319731172,124.04366319731172,124.04366319731172,0.0,0.0,0.0,1808.8276520476709
12529,2011-10-07,1684.9309868769833,1515.2145433655828,2187.407678718907,1380.1089422246505,2063.262226701657,124.32994471832141,124.32994471832141,124.32994471832141,124.32994471832141,124.32994471832141,124.32994471832141,0.0,0.0,0.0,1809.2609315953048
12530,2011-10-10,1685.3719809568559,1506.47348759728,2193.4965408157614,1378.714596519982,2064.9239456926034,125.19102316321032,125.19102316321032,125.19102316321032,125.19102316321032,125.19102316321032,125.19102316321032,0.0,0.0,0.0,1810.5630041200661
12531,2011-10-11,1685.5189789834799,1506.4586037004353,2170.7338654810546,1378.2583782715808,2065.4778520229174,125.47879325442764,125.47879325442764,125.47879325442764,125.47879325442764,125.47879325442764,125.47879325442764,0.0,0.0,0.0,1810.9977722379076
12532,2011-10-12,1685.665977010104,1507.2096734072115,2179.674995145195,1377.8329716477413,2066.0317583532315,125.76693496114436,125.76693496114436,125.76693496114436,125.76693496114436,125.76693496114436,125.76693496114436,0.0,0.0,0.0,1811.4329119712484
12533,2011-10-13,1685.8129750367277,1499.8077530371954,2178.601505446142,1377.4075650239004,2066.5856646835455,126.05544806149899,126.05544806149899,126.05544806149899,126.05544806149899,126.05544806149899,126.05544806149899,0.0,0.0,0.0,1811.8684230982267
12534,2011-10-14,1685.9599730633518,1496.6120064034044,2189.0908708494144,1376.9821584000606,2067.139571013861,126.34433232809198,126.34433232809198,126.34433232809198,126.34433232809198,126.34433232809198,126.34433232809198,0.0,0.0,0.0,1812.3043053914437
12535,2011-10-17,1686.4009671432239,1491.0872425827934,2200.3992217628884,1375.1614114720662,2068.801290004803,127.21320976811228,127.21320976811228,127.21320976811228,127.21320976811228,127.21320976811228,127.21320976811228,0.0,0.0,0.0,1813.614176911336
12536,2011-10-18,1686.547965169848,1500.4488974581282,2191.2526719192356,1374.766839619142,2069.3551963351183,127.50357631466717,127.50357631466717,127.50357631466717,127.50357631466717,127.50357631466717,127.50357631466717,0.0,0.0,0.0,1814.0515414845154
12537,2011-10-19,1686.6949631964721,1509.1726225427449,2185.914907783523,1374.442553218863,2069.9091026654323,127.79431280713433,127.79431280713433,127.79431280713433,127.79431280713433,127.79431280713433,127.79431280713433,0.0,0.0,0.0,1814.4892760036064
12538,2011-10-20,1686.841961223096,1495.9279837574632,2195.1624186542363,1374.1620339655378,2070.4630089957463,128.08541898472077,128.08541898472077,128.08541898472077,128.08541898472077,128.08541898472077,128.08541898472077,0.0,0.0,0.0,1814.9273802078167
12539,2011-10-21,1686.98895924972,1503.8444561483695,2203.512390488101,1373.8815147122127,2071.0169153260604,128.37689458103512,128.37689458103512,128.37689458103512,128.37689458103512,128.37689458103512,128.37689458103512,0.0,0.0,0.0,1815.365853830755
12540,2011-10-24,1687.4299533295919,1510.5958335308815,2197.7125595301236,1372.9960130281172,2072.6786343170043,129.25353513432185,129.25353513432185,129.25353513432185,129.25353513432185,129.25353513432185,129.25353513432185,0.0,0.0,0.0,1816.6834884639138
12541,2011-10-25,1687.576951356216,1520.345937288035,2211.5291723735827,1372.6866752705168,2073.232540647319,129.54648562941608,129.54648562941608,129.54648562941608,129.54648562941608,129.54648562941608,129.54648562941608,0.0,0.0,0.0,1817.123436985632
12542,2011-10-26,1687.72394938284,1506.8750052802538,2207.999321094813,1372.3773375129165,2073.786446977633,129.8398041270379,129.8398041270379,129.8398041270379,129.8398041270379,129.8398041270379,129.8398041270379,0.0,0.0,0.0,1817.5637535098779
12543,2011-10-27,1687.870947409464,1502.1822801567196,2218.776013900552,1372.067999755316,2074.340353307947,130.13349032703317,130.13349032703317,130.13349032703317,130.13349032703317,130.13349032703317,130.13349032703317,0.0,0.0,0.0,1818.004437736497
12544,2011-10-28,1688.017945436088,1493.8482746677678,2201.7039126425566,1371.7586619977155,2074.8942596382612,130.42754392359063,130.42754392359063,130.42754392359063,130.42754392359063,130.42754392359063,130.42754392359063,0.0,0.0,0.0,1818.4454893596785
12545,2011-10-31,1688.4589395159599,1495.1042206685793,2208.460127000314,1370.8306487249142,2076.5559786292047,131.31190594947557,131.31190594947557,131.31190594947557,131.31190594947557,131.31190594947557,131.31190594947557,0.0,0.0,0.0,1819.7708454654355
12546,2011-11-01,1688.605937542584,1495.3739072265162,2203.557702840315,1370.5213109673136,2077.1098849595187,131.60742596070267,131.60742596070267,131.60742596070267,131.60742596070267,131.60742596070267,131.60742596070267,0.0,0.0,0.0,1820.2133635032865
12547,2011-11-02,1688.7529355692077,1494.8562388757662,2211.6476018208014,1370.2119732097133,2077.663791289834,131.9033117542567,131.9033117542567,131.9033117542567,131.9033117542567,131.9033117542567,131.9033117542567,0.0,0.0,0.0,1820.6562473234644
12548,2011-11-03,1688.8999335958317,1504.4722831412153,2204.464926532373,1369.902635452113,2078.217697620148,132.19956299018943,132.19956299018943,132.19956299018943,132.19956299018943,132.19956299018943,132.19956299018943,0.0,0.0,0.0,1821.0994965860211
12549,2011-11-04,1689.0469316224558,1508.5779638157765,2218.703229119091,1369.5932976945126,2078.8135568534212,132.49617932283223,132.49617932283223,132.49617932283223,132.49617932283223,132.49617932283223,132.49617932283223,0.0,0.0,0.0,1821.543110945288
12550,2011-11-07,1689.4879257023283,1486.5252252697362,2204.2461945620885,1368.701042534857,2080.750257801128,133.38821535834364,133.38821535834364,133.38821535834364,133.38821535834364,133.38821535834364,133.38821535834364,0.0,0.0,0.0,1822.876141060672
12551,2011-11-08,1689.6349237289523,1517.8416640409355,2219.8114471269746,1368.4208108002076,2081.395824783696,133.68628850641343,133.68628850641343,133.68628850641343,133.68628850641343,133.68628850641343,133.68628850641343,0.0,0.0,0.0,1823.3212122353657
12552,2011-11-09,1689.7819217555764,1503.134729233101,2216.3258344366836,1368.1405790655585,2082.041391766264,133.9847249367233,133.9847249367233,133.9847249367233,133.9847249367233,133.9847249367233,133.9847249367233,0.0,0.0,0.0,1823.7666466922997
12553,2011-11-10,1689.9289197822004,1512.541998887311,2217.7544967000294,1367.8603473309092,2082.686958748832,134.2835242690868,134.2835242690868,134.2835242690868,134.2835242690868,134.2835242690868,134.2835242690868,0.0,0.0,0.0,1824.212444051287
12554,2011-11-11,1690.0759178088242,1497.1545907818468,2216.346365705471,1367.5801155962602,2083.3325257314,134.58268611753292,134.58268611753292,134.58268611753292,134.58268611753292,134.58268611753292,134.58268611753292,0.0,0.0,0.0,1824.658603926357
12555,2011-11-14,1690.5169118886965,1503.237090691486,2219.209166597258,1366.7394203923116,2085.2692266791046,135.4823428126984,135.4823428126984,135.4823428126984,135.4823428126984,135.4823428126984,135.4823428126984,0.0,0.0,0.0,1825.9992547013949
12556,2011-11-15,1690.6639099153206,1502.8686183073676,2237.2228046455793,1366.4591886576627,2085.816954892245,135.78295074974685,135.78295074974685,135.78295074974685,135.78295074974685,135.78295074974685,135.78295074974685,0.0,0.0,0.0,1826.4468606650673
12557,2011-11-16,1690.8109079419446,1509.884479956886,2227.3869546558235,1366.1789569230132,2086.335835283284,136.08391918592608,136.08391918592608,136.08391918592608,136.08391918592608,136.08391918592608,136.08391918592608,0.0,0.0,0.0,1826.8948271278707
12558,2011-11-17,1690.9579059685684,1518.8287010735492,2233.451181941915,1365.8987251883643,2086.8547156743234,136.38524770035758,136.38524770035758,136.38524770035758,136.38524770035758,136.38524770035758,136.38524770035758,0.0,0.0,0.0,1827.3431536689259
12559,2011-11-18,1691.1049039951924,1510.0458350369006,2228.494407150197,1365.618493453715,2087.373596065362,136.6869358663127,136.6869358663127,136.6869358663127,136.6869358663127,136.6869358663127,136.6869358663127,0.0,0.0,0.0,1827.7918398615052
12560,2011-11-21,1691.5458980750645,1505.8774024639952,2228.3702646572306,1364.805888604327,2088.930237238479,137.5941539180848,137.5941539180848,137.5941539180848,137.5941539180848,137.5941539180848,137.5941539180848,0.0,0.0,0.0,1829.1400519931494
12561,2011-11-22,1691.6928961016883,1530.156803901358,2241.474544799721,1364.6424361870484,2089.4491176295187,137.8972763055082,137.8972763055082,137.8972763055082,137.8972763055082,137.8972763055082,137.8972763055082,0.0,0.0,0.0,1829.5901724071966
12562,2011-11-23,1691.8398941283124,1501.4715722562703,2234.8529660769427,1364.4789837697697,2089.9679980205574,138.2007561227216,138.2007561227216,138.2007561227216,138.2007561227216,138.2007561227216,138.2007561227216,0.0,0.0,0.0,1830.040650251034
12563,2011-11-25,1692.1338901815604,1508.0350700310964,2226.7013777225156,1364.152078935212,2091.0057588026357,138.80878619246076,138.80878619246076,138.80878619246076,138.80878619246076,138.80878619246076,138.80878619246076,0.0,0.0,0.0,1830.9426763740212
12564,2011-11-28,1692.5748842614323,1508.7914676563416,2237.4768545317324,1363.6617216833756,2092.5623999757536,139.72350027709547,139.72350027709547,139.72350027709547,139.72350027709547,139.72350027709547,139.72350027709547,0.0,0.0,0.0,1832.298384538528
12565,2011-11-29,1692.7218822880563,1501.730238471911,2259.6842169980737,1363.5112817052693,2093.0812803667927,140.02911476285385,140.02911476285385,140.02911476285385,140.02911476285385,140.02911476285385,140.02911476285385,0.0,0.0,0.0,1832.7509970509102
12566,2011-11-30,1692.8688803146802,1500.011710047247,2244.755965522846,1363.3682595422144,2093.6001607578323,140.33508331954118,140.33508331954118,140.33508331954118,140.33508331954118,140.33508331954118,140.33508331954118,0.0,0.0,0.0,1833.2039636342213
12567,2011-12-01,1693.0158783413042,1496.4903565086602,2234.434298117917,1363.2252373791594,2094.1190411488706,140.64140544348967,140.64140544348967,140.64140544348967,140.64140544348967,140.64140544348967,140.64140544348967,0.0,0.0,0.0,1833.657283784794
12568,2011-12-02,1693.1628763679282,1494.918730345898,2234.9308051904927,1363.0822152161038,2094.6379215399106,140.94808062504396,140.94808062504396,140.94808062504396,140.94808062504396,140.94808062504396,140.94808062504396,0.0,0.0,0.0,1834.1109569929722
12569,2011-12-05,1693.6038704478005,1509.1599041619763,2233.3503841966285,1362.6531487269378,2096.2716465152116,141.87021932878275,141.87021932878275,141.87021932878275,141.87021932878275,141.87021932878275,141.87021932878275,0.0,0.0,0.0,1835.4740897765832
12570,2011-12-06,1693.7508684744246,1501.0035138080802,2251.0909562945226,1362.5101265638825,2096.841388669467,142.1783015241214,142.1783015241214,142.1783015241214,142.1783015241214,142.1783015241214,142.1783015241214,0.0,0.0,0.0,1835.929169998546
12571,2011-12-07,1693.8978665010484,1498.520805371852,2245.826071946452,1362.3671044008272,2097.45543821958,142.4867341386332,142.4867341386332,142.4867341386332,142.4867341386332,142.4867341386332,142.4867341386332,0.0,0.0,0.0,1836.3846006396816
12572,2011-12-08,1694.0448645276729,1491.0331919066768,2263.6129818849877,1362.2240822377712,2098.203047404562,142.7955166265267,142.7955166265267,142.7955166265267,142.7955166265267,142.7955166265267,142.7955166265267,0.0,0.0,0.0,1836.8403811541996
12573,2011-12-09,1694.1918625542967,1515.1957046501764,2235.0783882599762,1362.0810600747163,2098.950656589541,143.1046484359546,143.1046484359546,143.1046484359546,143.1046484359546,143.1046484359546,143.1046484359546,0.0,0.0,0.0,1837.2965109902514
12574,2011-12-12,1694.632856634169,1500.1900946432668,2251.1584873479624,1361.5259949708914,2101.193484144477,144.0341341838616,144.0341341838616,144.0341341838616,144.0341341838616,144.0341341838616,144.0341341838616,0.0,0.0,0.0,1838.6669908180306
12575,2011-12-13,1694.779854660793,1511.401746849973,2257.692123829569,1361.2761699704283,2101.941093329454,144.34465763940923,144.34465763940923,144.34465763940923,144.34465763940923,144.34465763940923,144.34465763940923,0.0,0.0,0.0,1839.1245123002022
12576,2011-12-14,1694.926852687417,1493.123044843876,2249.374767735749,1361.1659562680911,2102.688702514433,144.65552756601107,144.65552756601107,144.65552756601107,144.65552756601107,144.65552756601107,144.65552756601107,0.0,0.0,0.0,1839.5823802534283
12577,2011-12-15,1695.073850714041,1503.869600969734,2251.3835116913615,1360.9287133667779,2103.436311699411,144.96674337524868,144.96674337524868,144.96674337524868,144.96674337524868,144.96674337524868,144.96674337524868,0.0,0.0,0.0,1840.0405940892897
12578,2011-12-16,1695.220848740665,1503.3510933681262,2251.584585155472,1360.5532555787318,2104.18392088439,145.2783044725755,145.2783044725755,145.2783044725755,145.2783044725755,145.2783044725755,145.2783044725755,0.0,0.0,0.0,1840.4991532132403
12579,2011-12-19,1695.661842820537,1502.744987003138,2264.911554580928,1359.5200211046752,2106.4267484393267,146.21505345541084,146.21505345541084,146.21505345541084,146.21505345541084,146.21505345541084,146.21505345541084,0.0,0.0,0.0,1841.8768962759477
12580,2011-12-20,1695.8088408471608,1514.1078609860451,2252.417280392504,1359.2228390752452,2107.1743576243057,146.52798963660985,146.52798963660985,146.52798963660985,146.52798963660985,146.52798963660985,146.52798963660985,0.0,0.0,0.0,1842.3368304837707
12581,2011-12-21,1695.9558388737848,1502.026934203464,2259.0034943685578,1358.9256570458153,2107.921966809282,146.84126804081328,146.84126804081328,146.84126804081328,146.84126804081328,146.84126804081328,146.84126804081328,0.0,0.0,0.0,1842.797106914598
12582,2011-12-22,1696.1028369004089,1507.1104734653513,2273.4171503236685,1358.6284750163852,2108.669575994261,147.1548880364593,147.1548880364593,147.1548880364593,147.1548880364593,147.1548880364593,147.1548880364593,0.0,0.0,0.0,1843.2577249368683
12583,2011-12-23,1696.249834927033,1517.552198588101,2271.2268812359453,1358.331292986955,2109.4171851792394,147.46884898578156,147.46884898578156,147.46884898578156,147.46884898578156,147.46884898578156,147.46884898578156,0.0,0.0,0.0,1843.7186839128144
12584,2011-12-27,1696.8378270335288,1495.4148035444498,2271.0505229662294,1357.1425648692343,2112.4076219191547,148.72808934662942,148.72808934662942,148.72808934662942,148.72808934662942,148.72808934662942,148.72808934662942,0.0,0.0,0.0,1845.5659163801583
12585,2011-12-28,1696.9848250601528,1508.9773260061397,2263.6165969685235,1356.8453828398046,2113.1552311041337,149.0437452798185,149.0437452798185,149.0437452798185,149.0437452798185,149.0437452798185,149.0437452798185,0.0,0.0,0.0,1846.0285703399713
12586,2011-12-29,1697.131823086777,1493.4609175835872,2275.818240523099,1355.7455254136132,2113.9028402891104,149.3597382091243,149.3597382091243,149.3597382091243,149.3597382091243,149.3597382091243,149.3597382091243,0.0,0.0,0.0,1846.4915612959014
12587,2011-12-30,1697.2788211134011,1492.5919716885594,2256.528424777209,1355.0151713142186,2114.6504494740893,149.67606745302572,149.67606745302572,149.67606745302572,149.67606745302572,149.67606745302572,149.67606745302572,0.0,0.0,0.0,1846.954888566427
12588,2012-01-03,1697.866813219897,1506.547012763447,2280.420049505653,1353.4826087401725,2117.6408862140042,150.94473372357217,150.94473372357217,150.94473372357217,150.94473372357217,150.94473372357217,150.94473372357217,0.0,0.0,0.0,1848.8115469434692
12589,2012-01-04,1698.0138112465208,1513.9386628773852,2269.4279312895615,1352.9863624866252,2118.388495398983,151.26273409689162,151.26273409689162,151.26273409689162,151.26273409689162,151.26273409689162,151.26273409689162,0.0,0.0,0.0,1849.2765453434124
12590,2012-01-05,1698.1608092731449,1488.993078349115,2283.109234025204,1352.3748247517817,2119.136104583962,151.58106656307757,151.58106656307757,151.58106656307757,151.58106656307757,151.58106656307757,151.58106656307757,0.0,0.0,0.0,1849.7418758362223
12591,2012-01-06,1698.307807299769,1495.5718269324716,2289.3201821876846,1351.76328701694,2119.8837137689384,151.89973039630462,151.89973039630462,151.89973039630462,151.89973039630462,151.89973039630462,151.89973039630462,0.0,0.0,0.0,1850.2075376960736
12592,2012-01-09,1698.7488013796415,1511.517676814004,2271.4587780026127,1350.2833269913679,2122.3179248256797,152.85770274425838,152.85770274425838,152.85770274425838,152.85770274425838,152.85770274425838,152.85770274425838,0.0,0.0,0.0,1851.6065041238999
12593,2012-01-10,1698.8957994062655,1512.6259528425849,2280.6524048046836,1349.9533079992113,2123.001395592108,153.17768465969766,153.17768465969766,153.17768465969766,153.17768465969766,153.17768465969766,153.17768465969766,0.0,0.0,0.0,1852.0734840659632
12594,2012-01-11,1699.0427974328895,1503.746627935566,2277.488308357123,1349.623289007055,2123.6848663585365,153.49799421718194,153.49799421718194,153.49799421718194,153.49799421718194,153.49799421718194,153.49799421718194,0.0,0.0,0.0,1852.5407916500715
12595,2012-01-12,1699.1897954595136,1502.214851500176,2290.597757589848,1349.2932700148988,2124.4236724233256,153.81863065245855,153.81863065245855,153.81863065245855,153.81863065245855,153.81863065245855,153.81863065245855,0.0,0.0,0.0,1853.008426111972
12596,2012-01-13,1699.3367934861374,1503.309379141284,2291.502844076417,1348.9632510227425,2125.153834922479,154.1395931948285,154.1395931948285,154.1395931948285,154.1395931948285,154.1395931948285,154.1395931948285,0.0,0.0,0.0,1853.4763866809658
12597,2012-01-17,1699.9247855926335,1503.3488400333424,2289.3389207996343,1347.7294658105657,2127.6522908163574,155.42668879500607,155.42668879500607,155.42668879500607,155.42668879500607,155.42668879500607,155.42668879500607,0.0,0.0,0.0,1855.3514743876397
12598,2012-01-18,1700.0717836192573,1498.6920339759145,2278.3040889892272,1347.455369034269,2128.3232721093636,155.74927008593428,155.74927008593428,155.74927008593428,155.74927008593428,155.74927008593428,155.74927008593428,0.0,0.0,0.0,1855.8210537051916
12599,2012-01-19,1700.2187816458813,1504.8301731369086,2282.532574816985,1347.1812722579725,2128.99425340237,156.07217272374018,156.07217272374018,156.07217272374018,156.07217272374018,156.07217272374018,156.07217272374018,0.0,0.0,0.0,1856.2909543696214
12600,2012-01-20,1700.3657796725054,1494.9455518619277,2288.2051813679814,1346.9071754816757,2129.665234695375,156.3953958922698,156.3953958922698,156.3953958922698,156.3953958922698,156.3953958922698,156.3953958922698,0.0,0.0,0.0,1856.7611755647752
12601,2012-01-23,1700.8067737523772,1502.230138103589,2286.4024303985084,1345.7232266143997,2131.6781785743924,157.36698032247088,157.36698032247088,157.36698032247088,157.36698032247088,157.36698032247088,157.36698032247088,0.0,0.0,0.0,1858.1737540748481
12602,2012-01-24,1700.9537717790013,1487.7705578742343,2305.2936190001888,1345.1476065012107,2132.717712933694,157.69147732134542,157.69147732134542,157.69147732134542,157.69147732134542,157.69147732134542,157.69147732134542,0.0,0.0,0.0,1858.6452491003467
12603,2012-01-25,1701.1007698056255,1497.8267849086628,2286.126920781832,1344.8398969368463,2133.7614174655455,158.01629067180312,158.01629067180312,158.01629067180312,158.01629067180312,158.01629067180312,158.01629067180312,0.0,0.0,0.0,1859.1170604774286
12604,2012-01-26,1701.2477678322496,1515.5063598290812,2286.6312785345904,1344.7347714603957,2134.8051219973995,158.34141951825742,158.34141951825742,158.34141951825742,158.34141951825742,158.34141951825742,158.34141951825742,0.0,0.0,0.0,1859.589187350507
12605,2012-01-27,1701.3947658588736,1503.1616181479262,2301.7648535075323,1344.536697787486,2135.748698073807,158.6668629985009,158.6668629985009,158.6668629985009,158.6668629985009,158.6668629985009,158.6668629985009,0.0,0.0,0.0,1860.0616288573744
12606,2012-01-30,1701.8357599387455,1493.8627221174272,2306.187657361976,1344.0461283549694,2138.115766708357,159.6450725203999,159.6450725203999,159.6450725203999,159.6450725203999,159.6450725203999,159.6450725203999,0.0,0.0,0.0,1861.4808324591454
12607,2012-01-31,1701.9827579653695,1514.1158370785165,2296.844438722104,1343.7422578947935,2138.9047895865415,159.97176578097665,159.97176578097665,159.97176578097665,159.97176578097665,159.97176578097665,159.97176578097665,0.0,0.0,0.0,1861.9545237463462
12608,2012-02-01,1702.1297559919935,1505.7495423283474,2315.3696068131585,1343.4383874346177,2139.693812464725,160.29876926462728,160.29876926462728,160.29876926462728,160.29876926462728,160.29876926462728,160.29876926462728,0.0,0.0,0.0,1862.4285252566208
12609,2012-02-02,1702.2767540186173,1499.1074835560426,2311.8713576016885,1343.1345169744418,2140.4828353429093,160.62608206918543,160.62608206918543,160.62608206918543,160.62608206918543,160.62608206918543,160.62608206918543,0.0,0.0,0.0,1862.9028360878028
12610,2012-02-03,1702.4237520452414,1507.492701909231,2297.85741062028,1342.830646514266,2141.271858221093,160.95370328577627,160.95370328577627,160.95370328577627,160.95370328577627,160.95370328577627,160.95370328577627,0.0,0.0,0.0,1863.3774553310177
12611,2012-02-06,1702.864746125114,1498.0474144814552,2317.4522797759896,1341.9190351337372,2143.605890466001,161.93840821815513,161.93840821815513,161.93840821815513,161.93840821815513,161.93840821815513,161.93840821815513,0.0,0.0,0.0,1864.803154343269
12612,2012-02-07,1703.011744151738,1508.0937346896108,2321.2852630700545,1341.6151646735614,2144.3505680112453,162.26725385958198,162.26725385958198,162.26725385958198,162.26725385958198,162.26725385958198,162.26725385958198,0.0,0.0,0.0,1865.27899801132
12613,2012-02-08,1703.158742178362,1513.5190005530474,2318.480501026805,1341.3112942133853,2145.0952455564916,162.59640326764233,162.59640326764233,162.59640326764233,162.59640326764233,162.59640326764233,162.59640326764233,0.0,0.0,0.0,1865.7551454460042
12614,2012-02-09,1703.305740204986,1498.2466560280272,2323.8329809198863,1341.0074237532094,2145.8399231017383,162.92585549296047,162.92585549296047,162.92585549296047,162.92585549296047,162.92585549296047,162.92585549296047,0.0,0.0,0.0,1866.2315956979464
12615,2012-02-10,1703.45273823161,1497.8691031194392,2326.4195340470733,1340.7035532930338,2146.584600646985,163.25560957936224,163.25560957936224,163.25560957936224,163.25560957936224,163.25560957936224,163.25560957936224,0.0,0.0,0.0,1866.7083478109723
12616,2012-02-13,1703.893732311482,1503.748324390278,2305.2128565672815,1339.7919419125062,2148.818633282726,164.24667334111882,164.24667334111882,164.24667334111882,164.24667334111882,164.24667334111882,164.24667334111882,0.0,0.0,0.0,1868.1404056526007
12617,2012-02-14,1704.040730338106,1488.7632684785121,2326.746902691297,1339.4880714523304,2149.563310827972,164.57762517373774,164.57762517373774,164.57762517373774,164.57762517373774,164.57762517373774,164.57762517373774,0.0,0.0,0.0,1868.6183555118437
12618,2012-02-15,1704.1877283647298,1497.0914216095114,2317.5768826104936,1339.1842009921547,2150.687052066891,164.90887398416788,164.90887398416788,164.90887398416788,164.90887398416788,164.90887398416788,164.90887398416788,0.0,0.0,0.0,1869.0966023488977
12619,2012-02-16,1704.3347263913538,1496.9947165271374,2316.834129532678,1338.8803305319789,2151.9250646630603,165.24041877518107,165.24041877518107,165.24041877518107,165.24041877518107,165.24041877518107,165.24041877518107,0.0,0.0,0.0,1869.5751451665349
12620,2012-02-17,1704.4817244179778,1496.4154732916397,2317.524556154855,1338.5764600718028,2152.8271667233544,165.57225854265718,165.57225854265718,165.57225854265718,165.57225854265718,165.57225854265718,165.57225854265718,0.0,0.0,0.0,1870.053982960635
12621,2012-02-21,1705.0697165244742,1505.6367290709259,2326.9395220812203,1337.360978231099,2155.8694368115057,166.90254705292105,166.90254705292105,166.90254705292105,166.90254705292105,166.90254705292105,166.90254705292105,0.0,0.0,0.0,1871.9722635773953
12622,2012-02-22,1705.216714551098,1502.3607210089986,2326.287435275095,1337.057107770923,2156.550143850319,167.23584639884513,167.23584639884513,167.23584639884513,167.23584639884513,167.23584639884513,167.23584639884513,0.0,0.0,0.0,1872.452560949943
12623,2012-02-23,1705.363712577722,1507.409299628514,2339.481065714091,1336.7532373107472,2157.2308508891324,167.5694345510785,167.5694345510785,167.5694345510785,167.5694345510785,167.5694345510785,167.5694345510785,0.0,0.0,0.0,1872.9331471288006
12624,2012-02-24,1705.510710604346,1512.4471164258553,2336.2175067050325,1336.4493668505716,2157.9115579279455,167.90331045689308,167.90331045689308,167.90331045689308,167.90331045689308,167.90331045689308,167.90331045689308,0.0,0.0,0.0,1873.414021061239
12625,2012-02-27,1705.951704684218,1497.8243310962107,2326.0880981248915,1335.5377554700442,2159.9536790443863,168.9066540634929,168.9066540634929,168.9066540634929,168.9066540634929,168.9066540634929,168.9066540634929,0.0,0.0,0.0,1874.8583587477108
12626,2012-02-28,1706.098702710842,1506.2863525116784,2334.8558807364734,1335.2338850098683,2160.6343860831994,169.24167031618006,169.24167031618006,169.24167031618006,169.24167031618006,169.24167031618006,169.24167031618006,0.0,0.0,0.0,1875.340373027022
12627,2012-02-29,1706.245700737466,1506.380147781506,2344.5565115205454,1334.9300145496923,2161.315093122013,169.5769689535533,169.5769689535533,169.5769689535533,169.5769689535533,169.5769689535533,169.5769689535533,0.0,0.0,0.0,1875.8226696910192
12628,2012-03-01,1706.3926987640898,1488.1076102890972,2344.379005115515,1334.6261440895166,2162.017501816894,169.91254888068508,169.91254888068508,169.91254888068508,169.91254888068508,169.91254888068508,169.91254888068508,0.0,0.0,0.0,1876.305247644775
12629,2012-03-02,1706.5396967907138,1499.458629019875,2330.642530618513,1334.3222736293405,2162.8107999917634,170.2484089955623,170.2484089955623,170.2484089955623,170.2484089955623,170.2484089955623,170.2484089955623,0.0,0.0,0.0,1876.7881057862762
12630,2012-03-05,1706.980690870586,1509.203701571667,2338.1777508169257,1333.4106622488132,2165.45463789723,171.2576593400207,171.2576593400207,171.2576593400207,171.2576593400207,171.2576593400207,171.2576593400207,0.0,0.0,0.0,1878.2383502106065
12631,2012-03-06,1707.1276888972097,1493.3725624908366,2336.6198511714624,1333.1067917886376,2166.3545920602705,171.5946290436204,171.5946290436204,171.5946290436204,171.5946290436204,171.5946290436204,171.5946290436204,0.0,0.0,0.0,1878.7223179408302
12632,2012-03-07,1707.2746869238345,1524.0022924850584,2354.281392733794,1332.8029213284603,2167.2180478816163,171.93187331817455,171.93187331817455,171.93187331817455,171.93187331817455,171.93187331817455,171.93187331817455,0.0,0.0,0.0,1879.206560242009
12633,2012-03-08,1707.4216849504585,1513.059536330165,2343.384438008589,1332.4990508682845,2168.062918075123,172.26939101887928,172.26939101887928,172.26939101887928,172.26939101887928,172.26939101887928,172.26939101887928,0.0,0.0,0.0,1879.6910759693378
12634,2012-03-09,1707.5686829770825,1497.6543101304085,2348.7394876406283,1332.1951804081086,2168.9077882686315,172.60718099374603,172.60718099374603,172.60718099374603,172.60718099374603,172.60718099374603,172.60718099374603,0.0,0.0,0.0,1880.1758639708285
12635,2012-03-12,1708.0096770569544,1508.8467085933132,2350.077110145093,1331.283569027581,2171.4423988491535,173.6221729354237,173.6221729354237,173.6221729354237,173.6221729354237,173.6221729354237,173.6221729354237,0.0,0.0,0.0,1881.6318499923782
12636,2012-03-13,1708.1566750835784,1510.7729964253124,2357.5920009632514,1330.9796985674052,2172.287269042663,173.96104034292904,173.96104034292904,173.96104034292904,173.96104034292904,173.96104034292904,173.96104034292904,0.0,0.0,0.0,1882.1177154265074
12637,2012-03-14,1708.3036731102025,1508.860578705559,2339.6123622576624,1330.6758281072293,2173.132139236169,174.30017415642703,174.30017415642703,174.30017415642703,174.30017415642703,174.30017415642703,174.30017415642703,0.0,0.0,0.0,1882.6038472666296
12638,2012-03-15,1708.4506711368263,1491.8512235704727,2355.8262626211513,1330.3719576470528,2173.9770094296755,174.63957318053616,174.63957318053616,174.63957318053616,174.63957318053616,174.63957318053616,174.63957318053616,0.0,0.0,0.0,1883.0902443173625
12639,2012-03-16,1708.5976691634503,1490.0425107940134,2354.3165137829114,1330.0680871868772,2174.821879623185,174.97923621258957,174.97923621258957,174.97923621258957,174.97923621258957,174.97923621258957,174.97923621258957,0.0,0.0,0.0,1883.5769053760398
12640,2012-03-19,1709.0386632433226,1505.0504402916945,2364.980136840687,1329.1564758063496,2177.356490203707,175.99979722020112,175.99979722020112,175.99979722020112,175.99979722020112,175.99979722020112,175.99979722020112,0.0,0.0,0.0,1885.0384604635237
12641,2012-03-20,1709.1856612699466,1499.0606896906954,2361.6783163792134,1328.8526053461737,2178.201360397216,176.34050411119432,176.34050411119432,176.34050411119432,176.34050411119432,176.34050411119432,176.34050411119432,0.0,0.0,0.0,1885.526165381141
12642,2012-03-21,1709.3326592965705,1518.0545200494676,2346.9669867527173,1328.5487348859979,2179.0462305907226,176.6814688870384,176.6814688870384,176.6814688870384,176.6814688870384,176.6814688870384,176.6814688870384,0.0,0.0,0.0,1886.0141281836088
12643,2012-03-22,1709.4796573231945,1495.357630006238,2366.0970667397014,1328.2448644258222,2179.891100784231,177.02269030105882,177.02269030105882,177.02269030105882,177.02269030105882,177.02269030105882,177.02269030105882,0.0,0.0,0.0,1886.5023476242534
12644,2012-03-23,1709.6266553498185,1502.5844315390411,2364.770182459427,1327.9409939656464,2180.735970977738,177.3641670991962,177.3641670991962,177.3641670991962,177.3641670991962,177.3641670991962,177.3641670991962,0.0,0.0,0.0,1886.9908224490148
12645,2012-03-26,1710.0676494296904,1502.7737248182518,2363.812788874783,1327.0293825851188,2183.2705815582594,178.39011714658542,178.39011714658542,178.39011714658542,178.39011714658542,178.39011714658542,178.39011714658542,0.0,0.0,0.0,1888.4577665762758
12646,2012-03-27,1710.2146474563144,1502.5732005832997,2355.0130206982953,1326.725512124943,2184.115451751769,178.73260279233003,178.73260279233003,178.73260279233003,178.73260279233003,178.73260279233003,178.73260279233003,0.0,0.0,0.0,1888.9472502486444
12647,2012-03-28,1710.3616454829385,1509.105267035439,2373.600761601069,1326.4216416647673,2184.9603219452756,179.07533744056894,179.07533744056894,179.07533744056894,179.07533744056894,179.07533744056894,179.07533744056894,0.0,0.0,0.0,1889.4369829235075
12648,2012-03-29,1710.5086435095625,1505.3224642660505,2364.12889891596,1326.1177712045912,2185.6927472005254,179.4183197926118,179.4183197926118,179.4183197926118,179.4183197926118,179.4183197926118,179.4183197926118,0.0,0.0,0.0,1889.9269633021743
12649,2012-03-30,1710.6556415361863,1501.931049309911,2378.524861004282,1325.8139007444156,2186.291024342107,179.7615485422761,179.7615485422761,179.7615485422761,179.7615485422761,179.7615485422761,179.7615485422761,0.0,0.0,0.0,1890.4171900784625
12650,2012-04-02,1711.0966356160584,1501.3981384056171,2366.9521441464926,1324.902289363888,2188.0858557668507,180.7927000024877,180.7927000024877,180.7927000024877,180.7927000024877,180.7927000024877,180.7927000024877,0.0,0.0,0.0,1891.889335618546
12651,2012-04-03,1711.2436336426822,1488.2523594590136,2373.882978959858,1324.5984189037115,2188.684132908432,181.1369011304649,181.1369011304649,181.1369011304649,181.1369011304649,181.1369011304649,181.1369011304649,0.0,0.0,0.0,1892.380534773147
12652,2012-04-04,1711.3906316693062,1505.6907262364027,2371.0861213763906,1324.2945484435359,2189.282410050014,181.48134201225946,181.48134201225946,181.48134201225946,181.48134201225946,181.48134201225946,181.48134201225946,0.0,0.0,0.0,1892.8719736815656
12653,2012-04-05,1711.5376296959303,1496.4483505862777,2383.5237797881596,1323.99067798336,2189.8806871915954,181.82602129642748,181.82602129642748,181.82602129642748,181.82602129642748,181.82602129642748,181.82602129642748,0.0,0.0,0.0,1893.3636509923576
12654,2012-04-09,1712.1256218024268,1502.2419537098451,2374.538616743456,1322.775196142656,2192.273795757922,183.20709516174588,183.20709516174588,183.20709516174588,183.20709516174588,183.20709516174588,183.20709516174588,0.0,0.0,0.0,1895.3327169641727
12655,2012-04-10,1712.2726198290509,1498.8140164013212,2379.3827107247544,1322.4713256824796,2193.003991607159,183.55294591970193,183.55294591970193,183.55294591970193,183.55294591970193,183.55294591970193,183.55294591970193,0.0,0.0,0.0,1895.8255657487528
12656,2012-04-11,1712.419617855675,1498.3198419424557,2387.964549849085,1322.1674552223035,2194.1916840221775,183.89902681130332,183.89902681130332,183.89902681130332,183.89902681130332,183.89902681130332,183.89902681130332,0.0,0.0,0.0,1896.3186446669783
12657,2012-04-12,1712.5666158822987,1491.9992194027523,2388.4144285670823,1321.8635847621276,2195.3793764371953,184.24533643160947,184.24533643160947,184.24533643160947,184.24533643160947,184.24533643160947,184.24533643160947,0.0,0.0,0.0,1896.8119523139083
12658,2012-04-13,1712.7136139089228,1497.3860595543601,2384.202415669707,1321.5597143019518,2196.567068852216,184.59187336797783,184.59187336797783,184.59187336797783,184.59187336797783,184.59187336797783,184.59187336797783,0.0,0.0,0.0,1897.3054872769005
12659,2012-04-16,1713.154607988795,1509.5092956057579,2375.7852068016223,1320.6481029214244,2200.0510503299624,185.63283383113375,185.63283383113375,185.63283383113375,185.63283383113375,185.63283383113375,185.63283383113375,0.0,0.0,0.0,1898.7874418199287
12660,2012-04-17,1713.301606015419,1502.4323300436104,2385.108555506142,1320.3442324612488,2201.201671603405,185.98026575070048,185.98026575070048,185.98026575070048,185.98026575070048,185.98026575070048,185.98026575070048,0.0,0.0,0.0,1899.2818717661196
12661,2012-04-18,1713.4486040420431,1511.4855145646245,2396.222471599382,1320.040362001073,2201.8620358764756,186.3279178070182,186.3279178070182,186.3279178070182,186.3279178070182,186.3279178070182,186.3279178070182,0.0,0.0,0.0,1899.7765218490613
12662,2012-04-19,1713.595602068667,1510.0657699814847,2395.822438546236,1319.736491540897,2202.8938436842723,186.67578854090107,186.67578854090107,186.67578854090107,186.67578854090107,186.67578854090107,186.67578854090107,0.0,0.0,0.0,1900.271390609568
12663,2012-04-20,1713.742600095291,1503.0506101921155,2380.4603064842254,1319.4326210807212,2204.183982617515,187.02387648535043,187.02387648535043,187.02387648535043,187.02387648535043,187.02387648535043,187.02387648535043,0.0,0.0,0.0,1900.7664765806414
12664,2012-04-23,1714.1835941751629,1502.5583885496485,2395.0134242803897,1318.580361988217,2207.7406522354067,188.06942879461948,188.06942879461948,188.06942879461948,188.06942879461948,188.06942879461948,188.06942879461948,0.0,0.0,0.0,1902.2530229697823
12665,2012-04-24,1714.3305922017869,1499.4732555874612,2405.5139179902735,1318.2966606387997,2208.658544133051,188.41837075458616,188.41837075458616,188.41837075458616,188.41837075458616,188.41837075458616,188.41837075458616,0.0,0.0,0.0,1902.7489629563731
12666,2012-04-25,1714.477590228411,1510.6925067403163,2383.9400611050255,1318.0129592893825,2209.576436030692,188.767522472418,188.767522472418,188.767522472418,188.767522472418,188.767522472418,188.767522472418,0.0,0.0,0.0,1903.245112700829
12667,2012-04-26,1714.624588255035,1512.7608809054425,2392.910861064824,1317.729257939965,2210.494327928336,189.11688243392635,189.11688243392635,189.11688243392635,189.11688243392635,189.11688243392635,189.11688243392635,0.0,0.0,0.0,1903.7414706889613
12668,2012-04-27,1714.7715862816588,1498.8601417112282,2408.043596058731,1317.445556590548,2211.4122198259774,189.46644911700218,189.46644911700218,189.46644911700218,189.46644911700218,189.46644911700218,189.46644911700218,0.0,0.0,0.0,1904.238035398661
12669,2012-04-30,1715.2125803615309,1503.5504635461905,2409.820285500947,1316.101489938082,2214.0160333238773,190.5163741554193,190.5163741554193,190.5163741554193,190.5163741554193,190.5163741554193,190.5163741554193,0.0,0.0,0.0,1905.7289545169501
12670,2012-05-01,1715.359578388155,1496.268143739128,2407.4736423159106,1315.6351541611511,2214.8710687180355,190.86675234473776,190.86675234473776,190.86675234473776,190.86675234473776,190.86675234473776,190.86675234473776,0.0,0.0,0.0,1906.2263307328926
12671,2012-05-02,1715.5065764147787,1521.4668330163015,2407.6146344964177,1315.1217405768186,2215.726104112191,191.21732952574197,191.21732952574197,191.21732952574197,191.21732952574197,191.21732952574197,191.21732952574197,0.0,0.0,0.0,1906.7239059405206
12672,2012-05-03,1715.6535744414032,1499.0051163716555,2410.6604328281696,1313.9041803904754,2216.5811395063492,191.5681041284801,191.5681041284801,191.5681041284801,191.5681041284801,191.5681041284801,191.5681041284801,0.0,0.0,0.0,1907.2216785698834
12673,2012-05-04,1715.800572468027,1504.7758077196827,2415.493732659976,1312.686620204135,2217.4361749005043,191.91907457497385,191.91907457497385,191.91907457497385,191.91907457497385,191.91907457497385,191.91907457497385,0.0,0.0,0.0,1907.7196470430008
12674,2012-05-07,1716.2415665478993,1519.671398316285,2408.6346855748193,1309.0339396451059,2220.0012810829794,192.97314507643628,192.97314507643628,192.97314507643628,192.97314507643628,192.97314507643628,192.97314507643628,0.0,0.0,0.0,1909.2147116243357
12675,2012-05-08,1716.3885645745233,1510.749388118761,2406.4372113945683,1308.6151274840136,2220.8563164771344,193.3248829570465,193.3248829570465,193.3248829570465,193.3248829570465,193.3248829570465,193.3248829570465,0.0,0.0,0.0,1909.7134475315697
12676,2012-05-09,1716.5355626011474,1492.1245945640421,2403.709462314983,1308.3166864408302,2221.6204461935613,193.67680867054753,193.67680867054753,193.67680867054753,193.67680867054753,193.67680867054753,193.67680867054753,0.0,0.0,0.0,1910.2123712716948
12677,2012-05-10,1716.6825606277714,1495.7315436342856,2411.9285219708936,1308.0947327613808,2222.3102101409836,194.02892059046633,194.02892059046633,194.02892059046633,194.02892059046633,194.02892059046633,194.02892059046633,0.0,0.0,0.0,1910.7114812182376
12678,2012-05-11,1716.8295586543957,1512.9627373962842,2425.589763116738,1307.947485262814,2222.999974088407,194.38121708219225,194.38121708219225,194.38121708219225,194.38121708219225,194.38121708219225,194.38121708219225,0.0,0.0,0.0,1911.210775736588
12679,2012-05-14,1717.2705527342675,1508.8595696357397,2421.1674202540767,1307.505742767114,2225.0692659306746,195.4391975197238,195.4391975197238,195.4391975197238,195.4391975197238,195.4391975197238,195.4391975197238,0.0,0.0,0.0,1912.7097502539914
12680,2012-05-15,1717.4175507608916,1500.755553697948,2438.054229208937,1307.358495268547,2225.7590298780983,195.79221578929108,195.79221578929108,195.79221578929108,195.79221578929108,195.79221578929108,195.79221578929108,0.0,0.0,0.0,1913.2097665501826
12681,2012-05-16,1717.5645487875156,1515.0560762904788,2420.125721626456,1307.2112477699802,2226.4487938255206,196.14541033501627,196.14541033501627,196.14541033501627,196.14541033501627,196.14541033501627,196.14541033501627,0.0,0.0,0.0,1913.709959122532
12682,2012-05-17,1717.7115468141394,1518.6396445859789,2425.471872505944,1307.0719173661296,2227.138557772944,196.4987794731443,196.4987794731443,196.4987794731443,196.4987794731443,196.4987794731443,196.4987794731443,0.0,0.0,0.0,1914.2103262872838
12683,2012-05-18,1717.8585448407634,1511.670722925436,2418.6905309459457,1307.2150990813363,2227.828321720366,196.8523215116732,196.8523215116732,196.8523215116732,196.8523215116732,196.8523215116732,196.8523215116732,0.0,0.0,0.0,1914.7108663524366
12684,2012-05-21,1718.2995389206353,1508.1668155717898,2429.6100983996384,1306.0986743204985,2229.8976135626353,197.91396798564466,197.91396798564466,197.91396798564466,197.91396798564466,197.91396798564466,197.91396798564466,0.0,0.0,0.0,1916.21350690628
12685,2012-05-22,1718.4465369472593,1503.5083976425994,2420.7914301094747,1305.5474692334187,2230.5873775100586,198.26818454031536,198.26818454031536,198.26818454031536,198.26818454031536,198.26818454031536,198.26818454031536,0.0,0.0,0.0,1916.7147214875747
12686,2012-05-23,1718.5935349738834,1505.772342568684,2432.791783819467,1304.996264146339,2231.277141457481,198.6225654111617,198.6225654111617,198.6225654111617,198.6225654111617,198.6225654111617,198.6225654111617,0.0,0.0,0.0,1917.2161003850451
12687,2012-05-24,1718.7405330005074,1506.7015244940985,2415.3614886196215,1304.4450590592594,2231.966905404904,198.9771088563858,198.9771088563858,198.9771088563858,198.9771088563858,198.9771088563858,198.9771088563858,0.0,0.0,0.0,1917.7176418568931
12688,2012-05-25,1718.8875310271314,1508.366256452971,2438.899156431103,1303.8938539721792,2232.545571703717,199.33181312584014,199.33181312584014,199.33181312584014,199.33181312584014,199.33181312584014,199.33181312584014,0.0,0.0,0.0,1918.2193441529716
12689,2012-05-29,1719.4755231336276,1507.3663778155294,2429.731624894859,1301.9304210711834,2232.482567562387,200.75220314974968,200.75220314974968,200.75220314974968,200.75220314974968,200.75220314974968,200.75220314974968,0.0,0.0,0.0,1920.2277262833773
12690,2012-05-30,1719.6225211602516,1519.4562098410279,2442.2385415422887,1301.4541230885886,2233.4504541941114,201.1076849946857,201.1076849946857,201.1076849946857,201.1076849946857,201.1076849946857,201.1076849946857,0.0,0.0,0.0,1920.7302061549374
12691,2012-05-31,1719.7695191868756,1520.9697055472534,2437.694677993531,1300.9778251059934,2234.418340825833,201.46331698668507,201.46331698668507,201.46331698668507,201.46331698668507,201.46331698668507,201.46331698668507,0.0,0.0,0.0,1921.2328361735608
12692,2012-06-01,1719.9165172134994,1497.4526467287571,2433.1647498560974,1300.501527123398,2235.386227457558,201.81909731670225,201.81909731670225,201.81909731670225,201.81909731670225,201.81909731670225,201.81909731670225,0.0,0.0,0.0,1921.7356145302017
12693,2012-06-04,1720.3575112933715,1509.0463080672998,2442.3297295159455,1299.072633175614,2238.2898873527297,202.88731011715544,202.88731011715544,202.88731011715544,202.88731011715544,202.88731011715544,202.88731011715544,0.0,0.0,0.0,1923.244821410527
12694,2012-06-05,1720.5045093199958,1503.6348056752558,2451.4726844306856,1298.5963351930175,2239.257773984459,203.24366553903178,203.24366553903178,203.24366553903178,203.24366553903178,203.24366553903178,203.24366553903178,0.0,0.0,0.0,1923.7481748590276
12695,2012-06-06,1720.65150734662,1504.5008905264517,2444.6938390791593,1298.1200372104227,2240.225660616182,203.60016012625792,203.60016012625792,203.60016012625792,203.60016012625792,203.60016012625792,203.60016012625792,0.0,0.0,0.0,1924.251667472878
12696,2012-06-07,1720.798505373244,1500.2426980927576,2452.1105420779804,1297.6437392278276,2241.0331749961674,203.95679201870877,203.95679201870877,203.95679201870877,203.95679201870877,203.95679201870877,203.95679201870877,0.0,0.0,0.0,1924.7552973919528
12697,2012-06-08,1720.9455033998681,1505.5609599041632,2443.823651749877,1297.1674412452323,2241.735477969986,204.31355934769428,204.31355934769428,204.31355934769428,204.31355934769428,204.31355934769428,204.31355934769428,0.0,0.0,0.0,1925.2590627475624
12698,2012-06-11,1721.38649747974,1513.1063573392173,2450.1469614933926,1295.7385472974481,2243.842386891444,205.38465513817087,205.38465513817087,205.38465513817087,205.38465513817087,205.38465513817087,205.38465513817087,0.0,0.0,0.0,1926.771152617911
12699,2012-06-12,1721.533495506364,1516.3589904469627,2439.3247115777945,1295.2622493148533,2244.544689865264,205.74194535456803,205.74194535456803,205.74194535456803,205.74194535456803,205.74194535456803,205.74194535456803,0.0,0.0,0.0,1927.2754408609321
12700,2012-06-13,1721.680493532988,1507.7335381896614,2443.947863397964,1294.785951332258,2245.2469928390824,206.09936153504927,206.09936153504927,206.09936153504927,206.09936153504927,206.09936153504927,206.09936153504927,0.0,0.0,0.0,1927.7798550680373
12701,2012-06-14,1721.827491559612,1498.6554778861146,2449.711213512717,1294.309653349663,2245.949295812902,206.4569017592171,206.4569017592171,206.4569017592171,206.4569017592171,206.4569017592171,206.4569017592171,0.0,0.0,0.0,1928.2843933188292
12702,2012-06-15,1721.974489586236,1490.8128990101418,2458.8168224496367,1293.8333553670677,2246.651598786721,206.814564098009,206.814564098009,206.814564098009,206.814564098009,206.814564098009,206.814564098009,0.0,0.0,0.0,1928.789053684245
12703,2012-06-18,1722.415483666108,1509.8915144041837,2468.4050198568466,1292.688157342935,2248.7585077081794,207.88826438113531,207.88826438113531,207.88826438113531,207.88826438113531,207.88826438113531,207.88826438113531,0.0,0.0,0.0,1930.3037480472433
12704,2012-06-19,1722.5624816927318,1490.2517504936277,2453.600839609017,1292.3909269724854,2249.460810681998,208.2463957138794,208.2463957138794,208.2463957138794,208.2463957138794,208.2463957138794,208.2463957138794,0.0,0.0,0.0,1930.8088774066111
12705,2012-06-20,1722.7094797193558,1498.5362429763768,2452.3895806918813,1292.1365347396768,2250.1631136558176,208.60463938537367,208.60463938537367,208.60463938537367,208.60463938537367,208.60463938537367,208.60463938537367,0.0,0.0,0.0,1931.3141191047296
12706,2012-06-21,1722.8564777459799,1516.0037586937108,2457.528490833657,1291.9464848610403,2250.865416629636,208.96299341422971,208.96299341422971,208.96299341422971,208.96299341422971,208.96299341422971,208.96299341422971,0.0,0.0,0.0,1931.8194711602096
12707,2012-06-22,1723.003475772604,1505.7162564862308,2457.9231897373616,1291.9223404212182,2251.5677196034558,209.32145581029104,209.32145581029104,209.32145581029104,209.32145581029104,209.32145581029104,209.32145581029104,0.0,0.0,0.0,1932.324931582895
12708,2012-06-25,1723.4444698524762,1503.2772567899501,2465.7630815104,1291.849907101752,2253.55591281888,210.39747316825327,210.39747316825327,210.39747316825327,210.39747316825327,210.39747316825327,210.39747316825327,0.0,0.0,0.0,1933.8419430207296
12709,2012-06-26,1723.5914678791,1501.7669577879794,2468.445144836004,1291.8257626619297,2254.1227407862903,210.75634895562828,210.75634895562828,210.75634895562828,210.75634895562828,210.75634895562828,210.75634895562828,0.0,0.0,0.0,1934.3478168347283
12710,2012-06-27,1723.738465905724,1503.8291738025537,2456.7163124654403,1291.801618222108,2254.6895687536985,211.11532302734867,211.11532302734867,211.11532302734867,211.11532302734867,211.11532302734867,211.11532302734867,0.0,0.0,0.0,1934.8537889330728
12711,2012-06-28,1723.885463932348,1514.359455579001,2473.573762837324,1291.777473782286,2255.2563967211086,211.47439334033015,211.47439334033015,211.47439334033015,211.47439334033015,211.47439334033015,211.47439334033015,0.0,0.0,0.0,1935.3598572726783
12712,2012-06-29,1724.0324619589721,1510.292407842693,2474.975111150578,1291.7533293424638,2255.8232246885186,211.83355784261704,211.83355784261704,211.83355784261704,211.83355784261704,211.83355784261704,211.83355784261704,0.0,0.0,0.0,1935.8660198015891
12713,2012-07-02,1724.473456038844,1506.7661388267575,2479.85241903883,1291.6808960229976,2255.787346282883,212.91159583241088,212.91159583241088,212.91159583241088,212.91159583241088,212.91159583241088,212.91159583241088,0.0,0.0,0.0,1937.385051871255
12714,2012-07-03,1724.620454065468,1510.1351003097411,2477.4337172861424,1291.6567515831755,2255.6756365885444,213.27111639447074,213.27111639447074,213.27111639447074,213.27111639447074,213.27111639447074,213.27111639447074,0.0,0.0,0.0,1937.8915704599387
12715,2012-07-05,1724.9144501187166,1509.3673339823063,2480.112162244845,1291.6084627035314,2257.172395400519,213.99040680107342,213.99040680107342,213.99040680107342,213.99040680107342,213.99040680107342,213.99040680107342,0.0,0.0,0.0,1938.90485691979
12716,2012-07-06,1725.0614481453406,1512.4951303800713,2464.411749844988,1291.5843182637093,2257.9207748065046,214.35017242570916,214.35017242570916,214.35017242570916,214.35017242570916,214.35017242570916,214.35017242570916,0.0,0.0,0.0,1939.4116205710498
12717,2012-07-09,1725.5024422252125,1502.1391162375883,2468.5465432157735,1291.511884944243,2260.1659130244607,215.42992547692745,215.42992547692745,215.42992547692745,215.42992547692745,215.42992547692745,215.42992547692745,0.0,0.0,0.0,1940.9323677021398
12718,2012-07-10,1725.6494402518365,1516.7202627029014,2479.8282447775787,1291.4877405044208,2260.914292430447,215.7899880816941,215.7899880816941,215.7899880816941,215.7899880816941,215.7899880816941,215.7899880816941,0.0,0.0,0.0,1941.4394283335305
12719,2012-07-11,1725.7964382784605,1498.2633674124938,2496.492784958082,1291.463596064599,2261.6626718364323,216.1501195553787,216.1501195553787,216.1501195553787,216.1501195553787,216.1501195553787,216.1501195553787,0.0,0.0,0.0,1941.9465578338393
12720,2012-07-12,1725.9434363050846,1494.713394147019,2479.494302169193,1291.439451624777,2262.4110512424186,216.51031772945868,216.51031772945868,216.51031772945868,216.51031772945868,216.51031772945868,216.51031772945868,0.0,0.0,0.0,1942.4537540345432
12721,2012-07-13,1726.0904343317084,1511.3966227203036,2482.512558613349,1291.4153071849546,2263.159430648405,216.87058042635513,216.87058042635513,216.87058042635513,216.87058042635513,216.87058042635513,216.87058042635513,0.0,0.0,0.0,1942.9610147580636
12722,2012-07-16,1726.5314284115805,1506.204361487964,2491.250323184854,1291.3428738654886,2265.40456886636,217.95173374195596,217.95173374195596,217.95173374195596,217.95173374195596,217.95173374195596,217.95173374195596,0.0,0.0,0.0,1944.4831621535363
12723,2012-07-17,1726.6784264382043,1497.9595873144426,2479.565978378084,1291.3187294256666,2266.1529482723463,218.312232572651,218.312232572651,218.312232572651,218.312232572651,218.312232572651,218.312232572651,0.0,0.0,0.0,1944.9906590108553
12724,2012-07-18,1726.8254244648283,1501.1155467254594,2494.101258299811,1291.2945849858445,2266.9013276783326,218.67278490190157,218.67278490190157,218.67278490190157,218.67278490190157,218.67278490190157,218.67278490190157,0.0,0.0,0.0,1945.49820936673
12725,2012-07-19,1726.9724224914523,1506.9743308527973,2496.198840549749,1291.2704405460224,2267.6497070843184,219.03338849749576,219.03338849749576,219.03338849749576,219.03338849749576,219.03338849749576,219.03338849749576,0.0,0.0,0.0,1946.005810988948
12726,2012-07-20,1727.1194205180764,1494.4410373805813,2494.921257874171,1291.2462961062004,2268.737461955391,219.3940411180716,219.3940411180716,219.3940411180716,219.3940411180716,219.3940411180716,219.3940411180716,0.0,0.0,0.0,1946.513461636148
12727,2012-07-23,1727.5604145979487,1511.36419786303,2498.954774718531,1288.8402086657654,2271.8593625772314,220.476270578562,220.476270578562,220.476270578562,220.476270578562,220.476270578562,220.476270578562,0.0,0.0,0.0,1948.0366851765107
12728,2012-07-24,1727.7074126245725,1512.902838625275,2490.9543181926524,1287.971636248245,2272.589719903831,220.83709670201773,220.83709670201773,220.83709670201773,220.83709670201773,220.83709670201773,220.83709670201773,0.0,0.0,0.0,1948.5445093265903
12729,2012-07-25,1727.8544106511965,1509.4676451603405,2513.1707411664274,1287.103063830727,2273.3200772304294,221.1979605059674,221.1979605059674,221.1979605059674,221.1979605059674,221.1979605059674,221.1979605059674,0.0,0.0,0.0,1949.0523711571639
12730,2012-07-26,1728.0014086778206,1503.1564303834427,2505.747958149009,1286.2344914132063,2274.0504345570293,221.55885969389362,221.55885969389362,221.55885969389362,221.55885969389362,221.55885969389362,221.55885969389362,0.0,0.0,0.0,1949.5602683717143
12731,2012-07-27,1728.1484067044446,1517.0528184567313,2491.6757429519644,1285.3659189956861,2274.780791883627,221.9197919600434,221.9197919600434,221.9197919600434,221.9197919600434,221.9197919600434,221.9197919600434,0.0,0.0,0.0,1950.068198664488
12732,2012-07-30,1728.5894007843165,1518.8830472632221,2509.445031238539,1282.7602017431273,2276.9718638634245,223.00276403154152,223.00276403154152,223.00276403154152,223.00276403154152,223.00276403154152,223.00276403154152,0.0,0.0,0.0,1951.592164815858
12733,2012-07-31,1728.7363988109405,1504.0954570240453,2506.853364560289,1281.8916293256066,2277.7022211900235,223.36380536795374,223.36380536795374,223.36380536795374,223.36380536795374,223.36380536795374,223.36380536795374,0.0,0.0,0.0,1952.1002041788943
12734,2012-08-01,1728.8833968375645,1511.9062832033824,2511.7320700460546,1281.0230569080861,2278.432578516622,223.724868114895,223.724868114895,223.724868114895,223.724868114895,223.724868114895,223.724868114895,0.0,0.0,0.0,1952.6082649524596
12735,2012-08-02,1729.0303948641883,1511.7848008440474,2499.340548636311,1280.1544844905657,2279.1629358432206,224.08594991095964,224.08594991095964,224.08594991095964,224.08594991095964,224.08594991095964,224.08594991095964,0.0,0.0,0.0,1953.116344775148
12736,2012-08-03,1729.1773928908124,1517.482632071151,2513.234092882298,1279.651902954373,2279.89329316982,224.44704838542663,224.44704838542663,224.44704838542663,224.44704838542663,224.44704838542663,224.44704838542663,0.0,0.0,0.0,1953.624441276239
12737,2012-08-06,1729.618386970685,1524.1486220587549,2510.392843391036,1279.5076147125553,2282.0843651496198,225.5304200320697,225.5304200320697,225.5304200320697,225.5304200320697,225.5304200320697,225.5304200320697,0.0,0.0,0.0,1955.1488070027547
12738,2012-08-07,1729.765384997309,1504.5079892734386,2515.959297287416,1279.760401023033,2282.8379641563693,225.89156132624416,225.89156132624416,225.89156132624416,225.89156132624416,225.89156132624416,225.89156132624416,0.0,0.0,0.0,1955.656946323553
12739,2012-08-08,1729.912383023933,1503.0605521919342,2516.4493966814184,1280.0131873335115,2283.527382332231,226.2527073051021,226.2527073051021,226.2527073051021,226.2527073051021,226.2527073051021,226.2527073051021,0.0,0.0,0.0,1956.1650903290351
12740,2012-08-09,1730.059381050557,1516.3750450215714,2490.364832488555,1280.2659736439891,2284.2168005080903,226.61385554180185,226.61385554180185,226.61385554180185,226.61385554180185,226.61385554180185,226.61385554180185,0.0,0.0,0.0,1956.673236592359
12741,2012-08-10,1730.206379077181,1482.528640655223,2514.6714472484487,1280.5187599544677,2284.906218683952,226.97500360011102,226.97500360011102,226.97500360011102,226.97500360011102,226.97500360011102,226.97500360011102,0.0,0.0,0.0,1957.181382677292
12742,2012-08-13,1730.647373157053,1509.4673292082723,2513.959096587649,1281.277118885902,2286.9803128257545,228.05842220129512,228.05842220129512,228.05842220129512,228.05842220129512,228.05842220129512,228.05842220129512,0.0,0.0,0.0,1958.705795358348
12743,2012-08-14,1730.794371183677,1500.4762569101426,2521.209337945526,1281.5299051963798,2288.002303122688,228.41954499554748,228.41954499554748,228.41954499554748,228.41954499554748,228.41954499554748,228.41954499554748,0.0,0.0,0.0,1959.2139161792245
12744,2012-08-15,1730.9413692103008,1507.9160828201377,2511.01349406897,1281.782691506858,2289.0242934196212,228.78065528903005,228.78065528903005,228.78065528903005,228.78065528903005,228.78065528903005,228.78065528903005,0.0,0.0,0.0,1959.722024499331
12745,2012-08-16,1731.0883672369248,1504.085077149106,2524.7210212131613,1282.035477817336,2290.0462837165546,229.1417505889568,229.1417505889568,229.1417505889568,229.1417505889568,229.1417505889568,229.1417505889568,0.0,0.0,0.0,1960.2301178258815
12746,2012-08-17,1731.235365263549,1504.3179296638814,2528.39682306842,1282.2882641278145,2291.068274013488,229.50282839307653,229.50282839307653,229.50282839307653,229.50282839307653,229.50282839307653,229.50282839307653,0.0,0.0,0.0,1960.7381936566255
12747,2012-08-20,1731.6763593434212,1509.7442670218875,2528.123125714543,1283.0466230592485,2293.113448775162,230.58593166601324,230.58593166601324,230.58593166601324,230.58593166601324,230.58593166601324,230.58593166601324,0.0,0.0,0.0,1962.2622910094344
12748,2012-08-21,1731.823357370045,1516.1346775407892,2517.765741176714,1283.0520434464197,2294.1978833880676,230.94691427488888,230.94691427488888,230.94691427488888,230.94691427488888,230.94691427488888,230.94691427488888,0.0,0.0,0.0,1962.770271644934
12749,2012-08-22,1731.970355396669,1513.7368340672645,2524.865151737607,1282.758379891338,2295.282318000976,231.307866734484,231.307866734484,231.307866734484,231.307866734484,231.307866734484,231.307866734484,0.0,0.0,0.0,1963.278222131153
12750,2012-08-23,1732.117353423293,1502.002439251967,2539.8638470340134,1282.4647163362563,2296.3667526138806,231.66878648559444,231.66878648559444,231.66878648559444,231.66878648559444,231.66878648559444,231.66878648559444,0.0,0.0,0.0,1963.7861399088874
12751,2012-08-24,1732.264351449917,1500.4634745302465,2526.0928687954165,1282.1710527811747,2297.4511872267885,232.02967095949091,232.02967095949091,232.02967095949091,232.02967095949091,232.02967095949091,232.02967095949091,0.0,0.0,0.0,1964.294022409408
12752,2012-08-27,1732.705345529789,1501.6904671150482,2542.537700802578,1280.3847524009802,2300.7044910655068,233.11208688757887,233.11208688757887,233.11208688757887,233.11208688757887,233.11208688757887,233.11208688757887,0.0,0.0,0.0,1965.8174324173679
12753,2012-08-28,1732.852343556413,1503.250416629007,2543.760618646365,1279.6480053475232,2301.7889256784147,233.4728043745642,233.4728043745642,233.4728043745642,233.4728043745642,233.4728043745642,233.4728043745642,0.0,0.0,0.0,1966.3251479309772
12754,2012-08-29,1732.999341583037,1493.8991487506148,2537.6071845512915,1278.9112582940666,2302.87336029132,233.83347359754222,233.83347359754222,233.83347359754222,233.83347359754222,233.83347359754222,233.83347359754222,0.0,0.0,0.0,1966.8328151805792
12755,2012-08-30,1733.1463396096608,1521.1193455990592,2528.7119945684803,1278.1745112406068,2303.957794904228,234.19409193046718,234.19409193046718,234.19409193046718,234.19409193046718,234.19409193046718,234.19409193046718,0.0,0.0,0.0,1967.340431540128
12756,2012-08-31,1733.2933376362848,1493.6099611556149,2548.3186153441575,1277.43776418715,2305.0422295171334,234.55465673771224,234.55465673771224,234.55465673771224,234.55465673771224,234.55465673771224,234.55465673771224,0.0,0.0,0.0,1967.8479943739972
12757,2012-09-04,1733.8813297427814,1519.191880468573,2539.786549841497,1274.4907759733198,2308.884639749762,235.99632766161875,235.99632766161875,235.99632766161875,235.99632766161875,235.99632766161875,235.99632766161875,0.0,0.0,0.0,1969.8776574044002
12758,2012-09-05,1734.0283277694055,1496.1699441545018,2533.1161122454746,1273.7540289198605,2308.8560271861857,236.35658497022118,236.35658497022118,236.35658497022118,236.35658497022118,236.35658497022118,236.35658497022118,0.0,0.0,0.0,1970.3849127396265
12759,2012-09-06,1734.1753257960295,1520.351570109461,2534.2944607960435,1273.0172818664032,2309.705316390052,236.71677273777726,236.71677273777726,236.71677273777726,236.71677273777726,236.71677273777726,236.71677273777726,0.0,0.0,0.0,1970.8920985338068
12760,2012-09-07,1734.3223238226535,1491.9313657218145,2554.900966337518,1272.2805348129466,2310.696746865421,237.0768882613908,237.0768882613908,237.0768882613908,237.0768882613908,237.0768882613908,237.0768882613908,0.0,0.0,0.0,1971.3992120840444
12761,2012-09-10,1734.7633179025254,1514.36120858766,2547.203138669121,1270.0702936525734,2313.6710382915294,238.1567741950469,238.1567741950469,238.1567741950469,238.1567741950469,238.1567741950469,238.1567741950469,0.0,0.0,0.0,1972.9200920975723
12762,2012-09-11,1734.9103159291494,1517.2624143590529,2539.429936526189,1269.3335465991165,2314.662468766899,238.51657352111542,238.51657352111542,238.51657352111542,238.51657352111542,238.51657352111542,238.51657352111542,0.0,0.0,0.0,1973.4268894502648
12763,2012-09-12,1735.0573139557732,1503.8100914675438,2563.9946873044964,1268.5967995456595,2315.6538992422684,238.8762869440916,238.8762869440916,238.8762869440916,238.8762869440916,238.8762869440916,238.8762869440916,0.0,0.0,0.0,1973.9336008998648
12764,2012-09-13,1735.2043119823977,1503.4297816067403,2552.472943059837,1268.0666157421877,2316.645329717637,239.23591170316737,239.23591170316737,239.23591170316737,239.23591170316737,239.23591170316737,239.23591170316737,0.0,0.0,0.0,1974.4402236855651
12765,2012-09-14,1735.3513100090217,1503.1372713084145,2562.358262355264,1267.8016104296928,2317.636760193005,239.59544502786028,239.59544502786028,239.59544502786028,239.59544502786028,239.59544502786028,239.59544502786028,0.0,0.0,0.0,1974.946755036882
12766,2012-09-17,1735.7923040888936,1505.7956620909558,2555.583356031843,1267.4204904089452,2320.686026136045,240.6734685456464,240.6734685456464,240.6734685456464,240.6734685456464,240.6734685456464,240.6734685456464,0.0,0.0,0.0,1976.46577263454
12767,2012-09-18,1735.9393021155176,1510.4215900951099,2558.4883655250396,1267.3008282519431,2321.7825636882367,241.0326082343719,241.0326082343719,241.0326082343719,241.0326082343719,241.0326082343719,241.0326082343719,0.0,0.0,0.0,1976.9719103498896
12768,2012-09-19,1736.0863001421415,1512.340068688789,2548.9430659756968,1267.181166094941,2322.8770214212022,241.3916424910444,241.3916424910444,241.3916424910444,241.3916424910444,241.3916424910444,241.3916424910444,0.0,0.0,0.0,1977.4779426331859
12769,2012-09-20,1736.2332981687655,1518.50999739112,2570.114132714133,1267.0615039379393,2323.8906177450867,241.75056848704037,241.75056848704037,241.75056848704037,241.75056848704037,241.75056848704037,241.75056848704037,0.0,0.0,0.0,1977.9838666558057
12770,2012-09-21,1736.3802961953895,1499.7629080079755,2558.510129589795,1266.9418417809377,2324.904214068968,242.1093833840305,242.1093833840305,242.1093833840305,242.1093833840305,242.1093833840305,242.1093833840305,0.0,0.0,0.0,1978.48967957942
12771,2012-09-24,1736.8212902752614,1492.8906687942904,2561.6254834570354,1265.00225066444,2327.2833418647597,243.18513295199773,243.18513295199773,243.18513295199773,243.18513295199773,243.18513295199773,243.18513295199773,0.0,0.0,0.0,1980.0064232272591
12772,2012-09-25,1736.9682883018854,1516.6952526559292,2556.2294165143912,1264.682393880366,2328.276639057304,243.54347487540676,243.54347487540676,243.54347487540676,243.54347487540676,243.54347487540676,243.54347487540676,0.0,0.0,0.0,1980.511763177292
12773,2012-09-26,1737.1152863285095,1511.0633848268938,2565.989855260367,1264.389293448267,2329.269936249847,243.901691362431,243.901691362431,243.901691362431,243.901691362431,243.901691362431,243.901691362431,0.0,0.0,0.0,1981.0169776909404
12774,2012-09-27,1737.2622843551335,1522.1093178488923,2571.633137149814,1264.063496996084,2330.263233442391,244.25977951642201,244.25977951642201,244.25977951642201,244.25977951642201,244.25977951642201,244.25977951642201,0.0,0.0,0.0,1981.5220638715555
12775,2012-09-28,1737.4092823817573,1496.5738667506519,2554.042653417607,1263.7377005439012,2331.2026651656597,244.61773643099838,244.61773643099838,244.61773643099838,244.61773643099838,244.61773643099838,244.61773643099838,0.0,0.0,0.0,1982.0270188127556
12776,2012-10-01,1737.8502764616294,1508.8867171932927,2562.3594731032463,1262.760311187353,2333.497324802109,245.69079052840559,245.69079052840559,245.69079052840559,245.69079052840559,245.69079052840559,245.69079052840559,0.0,0.0,0.0,1983.541066990035
12777,2012-10-02,1737.9972744882537,1492.3324561672346,2563.141317189755,1262.43451473517,2334.041066713951,246.04819322679273,246.04819322679273,246.04819322679273,246.04819322679273,246.04819322679273,246.04819322679273,0.0,0.0,0.0,1984.0454677150465
12778,2012-10-03,1738.1442725148777,1511.5747361056635,2577.8820566292543,1262.1087182829872,2334.584808625794,246.40545000779568,246.40545000779568,246.40545000779568,246.40545000779568,246.40545000779568,246.40545000779568,0.0,0.0,0.0,1984.5497225226734
12779,2012-10-04,1738.291270541502,1509.396557456402,2562.839638685967,1261.7829218308034,2335.1285505376377,246.7625579065901,246.7625579065901,246.7625579065901,246.7625579065901,246.7625579065901,246.7625579065901,0.0,0.0,0.0,1985.053828448092
12780,2012-10-05,1738.438268568126,1505.8542323462707,2574.0377230042322,1261.4571253786203,2335.6722924494798,247.11951394860242,247.11951394860242,247.11951394860242,247.11951394860242,247.11951394860242,247.11951394860242,0.0,0.0,0.0,1985.5577825167284
12781,2012-10-08,1738.8792626479978,1505.4864702579716,2582.1662458366723,1260.479736022072,2337.2685826668035,248.18944104199002,248.18944104199002,248.18944104199002,248.18944104199002,248.18944104199002,248.18944104199002,0.0,0.0,0.0,1987.0687036899878
12782,2012-10-09,1739.0262606746219,1521.9443286410258,2580.6832696673114,1260.1736176489155,2337.7668114498415,248.5457597161548,248.5457597161548,248.5457597161548,248.5457597161548,248.5457597161548,248.5457597161548,0.0,0.0,0.0,1987.5720203907767
12783,2012-10-10,1739.1732587012461,1516.2385507750328,2576.923607127134,1259.893991697469,2338.265040232881,248.90191151441724,248.90191151441724,248.90191151441724,248.90191151441724,248.90191151441724,248.90191151441724,0.0,0.0,0.0,1988.0751702156633
12784,2012-10-11,1739.3202567278702,1503.3630333649014,2577.402521074133,1259.614365746023,2338.763269015919,249.2578934036916,249.2578934036916,249.2578934036916,249.2578934036916,249.2578934036916,249.2578934036916,0.0,0.0,0.0,1988.5781501315619
12785,2012-10-12,1739.4672547544942,1508.8974485148935,2585.7895384088933,1259.3347397945765,2340.450348983421,249.61370234114085,249.61370234114085,249.61370234114085,249.61370234114085,249.61370234114085,249.61370234114085,0.0,0.0,0.0,1989.080957095635
12786,2012-10-15,1739.908248834366,1522.9725997201197,2596.3689231362578,1258.495861940237,2344.4363181589188,250.68006086784538,250.68006086784538,250.68006086784538,250.68006086784538,250.68006086784538,250.68006086784538,0.0,0.0,0.0,1990.5883097022115
12787,2012-10-16,1740.05524686099,1517.064776384883,2590.8552755901255,1258.2162359887911,2345.1006286518623,251.03514737453273,251.03514737453273,251.03514737453273,251.03514737453273,251.03514737453273,251.03514737453273,0.0,0.0,0.0,1991.0903942355228
12788,2012-10-17,1740.202244887614,1517.7379899591342,2583.8990124086326,1257.9366100373445,2345.7649391448044,251.3900455688976,251.3900455688976,251.3900455688976,251.3900455688976,251.3900455688976,251.3900455688976,0.0,0.0,0.0,1991.5922904565116
12789,2012-10-18,1740.349242914238,1502.2313452710287,2596.159658461292,1257.6569840858979,2346.341507240888,251.7447523495801,251.7447523495801,251.7447523495801,251.7447523495801,251.7447523495801,251.7447523495801,0.0,0.0,0.0,1992.093995263818
12790,2012-10-19,1740.496240940862,1512.1437174715077,2600.622279831942,1257.3773581344517,2346.913507710103,252.09926460547518,252.09926460547518,252.09926460547518,252.09926460547518,252.09926460547518,252.09926460547518,0.0,0.0,0.0,1992.595505546337
12791,2012-10-22,1740.9372350207339,1520.0102891684649,2605.022729858006,1256.5384802801127,2348.381863561574,253.16160296711962,253.16160296711962,253.16160296711962,253.16160296711962,253.16160296711962,253.16160296711962,0.0,0.0,0.0,1994.0988379878536
12792,2012-10-23,1741.0842330473579,1503.9209422871565,2593.8864028594817,1256.258854328666,2348.815955542995,253.5153058178243,253.5153058178243,253.5153058178243,253.5153058178243,253.5153058178243,253.5153058178243,0.0,0.0,0.0,1994.5995388651822
12793,2012-10-24,1741.231231073982,1509.3262755485914,2600.522607008909,1255.9792283772197,2349.250047524416,253.86879844200098,253.86879844200098,253.86879844200098,253.86879844200098,253.86879844200098,253.86879844200098,0.0,0.0,0.0,1995.100029515983
12794,2012-10-25,1741.378229100606,1520.9735660768456,2595.3383232441734,1255.6996024257737,2349.6841395058364,254.2220776700765,254.2220776700765,254.2220776700765,254.2220776700765,254.2220776700765,254.2220776700765,0.0,0.0,0.0,1995.6003067706824
12795,2012-10-26,1741.5252271272298,1497.6527179417403,2587.284314689932,1255.419976474327,2350.1182314872567,254.5751403227418,254.5751403227418,254.5751403227418,254.5751403227418,254.5751403227418,254.5751403227418,0.0,0.0,0.0,1996.1003674499716
12796,2012-10-31,1742.2602172603501,1512.0310074310203,2616.7263736315917,1254.0218467170953,2349.032015669312,256.33709299797613,256.33709299797613,256.33709299797613,256.33709299797613,256.33709299797613,256.33709299797613,0.0,0.0,0.0,1998.5973102583262
12797,2012-11-01,1742.4072152869742,1508.3796180031939,2607.9666317825013,1253.7422207656487,2349.226073459724,256.6887888878809,256.6887888878809,256.6887888878809,256.6887888878809,256.6887888878809,256.6887888878809,0.0,0.0,0.0,1999.0960041748551
12798,2012-11-02,1742.554213313598,1516.5670889866067,2608.938977850917,1253.462594814202,2349.724302242762,257.04024567488653,257.04024567488653,257.04024567488653,257.04024567488653,257.04024567488653,257.04024567488653,0.0,0.0,0.0,1999.5944589884846
12799,2012-11-05,1742.9952073934708,1520.1154006715517,2597.5726838774012,1252.6237169598626,2351.218988591879,258.0931487993014,258.0931487993014,258.0931487993014,258.0931487993014,258.0931487993014,258.0931487993014,0.0,0.0,0.0,2001.0883561927722
12800,2012-11-06,1743.1422054200946,1505.0965761969835,2603.6631739789373,1252.344091008416,2351.7172173749173,258.44361650702336,258.44361650702336,258.44361650702336,258.44361650702336,258.44361650702336,258.44361650702336,0.0,0.0,0.0,2001.5858219271179
12801,2012-11-07,1743.2892034467186,1505.734193250149,2611.648674662377,1252.0644650569693,2352.2154461579553,258.7938287295416,258.7938287295416,258.7938287295416,258.7938287295416,258.7938287295416,258.7938287295416,0.0,0.0,0.0,2002.08303217626
12802,2012-11-08,1743.4362014733426,1503.851940993498,2618.709285467189,1251.7848391055231,2352.7534379112385,259.14378216133304,259.14378216133304,259.14378216133304,259.14378216133304,259.14378216133304,259.14378216133304,0.0,0.0,0.0,2002.5799836346757
12803,2012-11-09,1743.5831994999667,1504.3025006104565,2611.2902405037585,1251.5052131540765,2353.487555549608,259.4934734872069,259.4934734872069,259.4934734872069,259.4934734872069,259.4934734872069,259.4934734872069,0.0,0.0,0.0,2003.0766729871737
12804,2012-11-12,1744.0241935798385,1522.3467971589032,2607.3447118172653,1250.287447194489,2355.689908464715,260.54094153242517,260.54094153242517,260.54094153242517,260.54094153242517,260.54094153242517,260.54094153242517,0.0,0.0,0.0,2004.5651351122638
12805,2012-11-13,1744.1711916064626,1518.5962526194517,2609.5451297542445,1249.3748152579979,2356.424026103081,260.8895510894618,260.8895510894618,260.8895510894618,260.8895510894618,260.8895510894618,260.8895510894618,0.0,0.0,0.0,2005.0607426959243
12806,2012-11-14,1744.3181896330866,1514.416059338937,2633.8366552082157,1248.462183321507,2357.15814374145,261.2378818197507,261.2378818197507,261.2378818197507,261.2378818197507,261.2378818197507,261.2378818197507,0.0,0.0,0.0,2005.5560714528374
12807,2012-11-15,1744.4651876597104,1501.4354718121008,2609.7266277864164,1247.549551385016,2357.8922613798195,261.5859303502048,261.5859303502048,261.5859303502048,261.5859303502048,261.5859303502048,261.5859303502048,0.0,0.0,0.0,2006.0511180099152
12808,2012-11-16,1744.6121856863344,1516.7374991076379,2642.3483935459667,1246.6369194485248,2358.626379018189,261.9336932981099,261.9336932981099,261.9336932981099,261.9336932981099,261.9336932981099,261.9336932981099,0.0,0.0,0.0,2006.5458789844442
12809,2012-11-19,1745.0531797662063,1515.5435634117455,2633.3267526698346,1244.9265823623916,2360.8287319332953,262.97523467523723,262.97523467523723,262.97523467523723,262.97523467523723,262.97523467523723,262.97523467523723,0.0,0.0,0.0,2008.0284144414436
12810,2012-11-20,1745.2001777928303,1506.6004570897705,2632.8078080133278,1244.6050004564884,2361.5628495716646,263.3218212736507,263.3218212736507,263.3218212736507,263.3218212736507,263.3218212736507,263.3218212736507,0.0,0.0,0.0,2008.521999066481
12811,2012-11-21,1745.3471758194544,1521.3087004688953,2624.376836528104,1244.3057999302098,2362.296967210031,263.66810523189736,263.66810523189736,263.66810523189736,263.66810523189736,263.66810523189736,263.66810523189736,0.0,0.0,0.0,2009.0152810513518
12812,2012-11-23,1745.6411718727024,1501.421639043484,2631.3123209415085,1243.8494186582857,2363.76520248677,264.359751457241,264.359751457241,264.359751457241,264.359751457241,264.359751457241,264.359751457241,0.0,0.0,0.0,2010.0009233299434
12813,2012-11-26,1746.0821659525745,1527.7545753673555,2623.1999560110526,1243.1648467503994,2365.9675554018763,265.39486467665694,265.39486467665694,265.39486467665694,265.39486467665694,265.39486467665694,265.39486467665694,0.0,0.0,0.0,2011.4770306292314
12814,2012-11-27,1746.2291639791986,1504.1329957024755,2653.6859191555372,1242.9366561144366,2366.7016730402456,265.7392602138865,265.7392602138865,265.7392602138865,265.7392602138865,265.7392602138865,265.7392602138865,0.0,0.0,0.0,2011.968424193085
12815,2012-11-28,1746.3761620058226,1494.7486619835017,2636.8049874812923,1242.7084654784746,2367.435790678612,266.08332882861254,266.08332882861254,266.08332882861254,266.08332882861254,266.08332882861254,266.08332882861254,0.0,0.0,0.0,2012.4594908344352
12816,2012-11-29,1746.5231600324466,1506.2977057698793,2632.10058104565,1242.4802748425125,2367.9867975747084,266.42706701385134,266.42706701385134,266.42706701385134,266.42706701385134,266.42706701385134,266.42706701385134,0.0,0.0,0.0,2012.950227046298
12817,2012-11-30,1746.6701580590704,1508.0337673843035,2627.3924007731134,1242.2520842065503,2368.536354948226,266.7704712531349,266.7704712531349,266.7704712531349,266.7704712531349,266.7704712531349,266.7704712531349,0.0,0.0,0.0,2013.4406293122054
12818,2012-12-03,1747.1111521389432,1494.7585456801633,2620.32637221043,1241.5675122986627,2370.1850270687814,267.79864498852027,267.79864498852027,267.79864498852027,267.79864498852027,267.79864498852027,267.79864498852027,0.0,0.0,0.0,2014.9097971274634
12819,2012-12-04,1747.2581501655673,1513.3723725461273,2642.717532184573,1241.3393216627005,2370.7345844422994,268.14067808999283,268.14067808999283,268.14067808999283,268.14067808999283,268.14067808999283,268.14067808999283,0.0,0.0,0.0,2015.3988282555601
12820,2012-12-05,1747.405148192191,1509.4270778168168,2644.5620749062823,1241.2656450843795,2371.2841418158173,268.4823595213004,268.4823595213004,268.4823595213004,268.4823595213004,268.4823595213004,268.4823595213004,0.0,0.0,0.0,2015.8875077134915
12821,2012-12-06,1747.552146218815,1505.980320617116,2650.2726724346667,1241.1935345773575,2371.8336991893357,268.8236857093182,268.8236857093182,268.8236857093182,268.8236857093182,268.8236857093182,268.8236857093182,0.0,0.0,0.0,2016.3758319281333
12822,2012-12-07,1747.6991442454391,1506.8681156771056,2651.177159839377,1241.1214240703348,2372.3832565628536,269.16465307152316,269.16465307152316,269.16465307152316,269.16465307152316,269.16465307152316,269.16465307152316,0.0,0.0,0.0,2016.8637973169623
12823,2012-12-10,1748.140138325311,1511.0390347762873,2632.7924696476352,1240.9050925492677,2374.3449448654146,270.1853662373633,270.1853662373633,270.1853662373633,270.1853662373633,270.1853662373633,270.1853662373633,0.0,0.0,0.0,2018.3255045626743
12824,2012-12-11,1748.287136351935,1504.1396784491833,2644.4404567506504,1240.832982042245,2375.2171819729756,270.52486228363364,270.52486228363364,270.52486228363364,270.52486228363364,270.52486228363364,270.52486228363364,0.0,0.0,0.0,2018.8119986355687
12825,2012-12-12,1748.434134378559,1505.797757921345,2656.767862748619,1240.7608715352226,2376.089419080537,270.86398145101276,270.86398145101276,270.86398145101276,270.86398145101276,270.86398145101276,270.86398145101276,0.0,0.0,0.0,2019.2981158295718
12826,2012-12-13,1748.5811324051829,1521.786744666933,2661.9071138913764,1240.6887610282004,2376.9616561880957,271.2027201008974,271.2027201008974,271.2027201008974,271.2027201008974,271.2027201008974,271.2027201008974,0.0,0.0,0.0,2019.7838525060802
12827,2012-12-14,1748.728130431807,1490.6219658863124,2650.9336833811294,1240.6166505211781,2377.8338932956567,271.54107458538624,271.54107458538624,271.54107458538624,271.54107458538624,271.54107458538624,271.54107458538624,0.0,0.0,0.0,2020.2692050171931
12828,2012-12-17,1749.169124511679,1514.0654248323126,2649.843579907701,1240.4003190001108,2380.4506046183346,272.5537964284052,272.5537964284052,272.5537964284052,272.5537964284052,272.5537964284052,272.5537964284052,0.0,0.0,0.0,2021.7229209400841
12829,2012-12-18,1749.3161225383028,1503.8726059335083,2653.064048476021,1240.3282084930884,2381.3228417258956,272.8905775869913,272.8905775869913,272.8905775869913,272.8905775869913,272.8905775869913,272.8905775869913,0.0,0.0,0.0,2022.206700125294
12830,2012-12-19,1749.4631205649268,1516.0846340397184,2656.7745027246347,1240.256097986066,2382.195078833457,273.22695620183475,273.22695620183475,273.22695620183475,273.22695620183475,273.22695620183475,273.22695620183475,0.0,0.0,0.0,2022.6900767667616
12831,2012-12-20,1749.6101185915509,1498.5692945156973,2662.2299283514003,1240.040549144774,2383.0673159410153,273.5629285696136,273.5629285696136,273.5629285696136,273.5629285696136,273.5629285696136,273.5629285696136,0.0,0.0,0.0,2023.1730471611645
12832,2012-12-21,1749.7571166181751,1511.1144014895876,2662.3173550142865,1239.7609231933277,2383.9395530485763,273.89849097782815,273.89849097782815,273.89849097782815,273.89849097782815,273.89849097782815,273.89849097782815,0.0,0.0,0.0,2023.6556075960034
12833,2012-12-24,1750.198110698047,1505.845046530946,2657.730289268313,1238.9220453389887,2384.813446137506,274.9026811828103,274.9026811828103,274.9026811828103,274.9026811828103,274.9026811828103,274.9026811828103,0.0,0.0,0.0,2025.1007918808573
12834,2012-12-26,1750.492106751295,1522.9993993550502,2650.5701733186197,1238.3627934360957,2384.442523626953,275.57002304783737,275.57002304783737,275.57002304783737,275.57002304783737,275.57002304783737,275.57002304783737,0.0,0.0,0.0,2026.0621297991324
12835,2012-12-27,1750.639104777919,1499.0809494277821,2659.4978311894547,1238.0831674846493,2384.257062371678,275.90304722455613,275.90304722455613,275.90304722455613,275.90304722455613,275.90304722455613,275.90304722455613,0.0,0.0,0.0,2026.5421520024752
12836,2012-12-28,1750.7861028045431,1503.6988421023777,2658.988819520989,1237.8035415332033,2384.071601116402,276.2356351988002,276.2356351988002,276.2356351988002,276.2356351988002,276.2356351988002,276.2356351988002,0.0,0.0,0.0,2027.0217380033432
12837,2012-12-31,1751.227096884415,1511.093108889995,2671.031047698239,1236.052042048821,2385.572633527279,277.2307440092313,277.2307440092313,277.2307440092313,277.2307440092313,277.2307440092313,277.2307440092313,0.0,0.0,0.0,2028.4578408936463
12838,2013-01-02,1751.5210929376635,1510.5094344249476,2674.764083557618,1234.6003824656796,2386.671748274317,277.89189923459855,277.89189923459855,277.89189923459855,277.89189923459855,277.89189923459855,277.89189923459855,0.0,0.0,0.0,2029.412992172262
12839,2013-01-03,1751.6680909642876,1505.1934575180555,2657.5734760863097,1233.9047261719882,2387.2213056478345,278.2217901894185,278.2217901894185,278.2217901894185,278.2217901894185,278.2217901894185,278.2217901894185,0.0,0.0,0.0,2029.889881153706
12840,2013-01-04,1751.8150889909116,1498.4780970565328,2663.8330038037807,1233.6039000599653,2387.774264903169,278.5512182566858,278.5512182566858,278.5512182566858,278.5512182566858,278.5512182566858,278.5512182566858,0.0,0.0,0.0,2030.3663072475974
12841,2013-01-07,1752.2560830707835,1523.673148893365,2680.7823968733856,1232.701421723896,2389.434708379493,279.5366866106222,279.5366866106222,279.5366866106222,279.5366866106222,279.5366866106222,279.5366866106222,0.0,0.0,0.0,2031.7927696814056
12842,2013-01-08,1752.4030810974075,1519.70199567894,2676.172399079686,1232.400595611873,2389.988189538268,279.86422456095136,279.86422456095136,279.86422456095136,279.86422456095136,279.86422456095136,279.86422456095136,0.0,0.0,0.0,2032.267305658359
12843,2013-01-09,1752.5500791240315,1511.0695683428128,2675.660185571958,1232.09976949985,2390.5416706970427,280.19128029627177,280.19128029627177,280.19128029627177,280.19128029627177,280.19128029627177,280.19128029627177,0.0,0.0,0.0,2032.7413594203033
12844,2013-01-10,1752.6970771506556,1514.0606594227722,2658.6937332027337,1231.798943387827,2391.0951518558186,280.51784992471823,280.51784992471823,280.51784992471823,280.51784992471823,280.51784992471823,280.51784992471823,0.0,0.0,0.0,2033.214927075374
12845,2013-01-11,1752.8440751772794,1523.0899083873605,2674.5862741316387,1231.498117275804,2391.648633014593,280.84392954569137,280.84392954569137,280.84392954569137,280.84392954569137,280.84392954569137,280.84392954569137,0.0,0.0,0.0,2033.6880047229706
12846,2013-01-14,1753.2850692571515,1480.9489669985974,2672.148419506734,1230.234348929439,2393.3090764909175,281.8191892272626,281.8191892272626,281.8191892272626,281.8191892272626,281.8191892272626,281.8191892272626,0.0,0.0,0.0,2035.104258484414
12847,2013-01-15,1753.4320672837753,1515.731303443271,2705.9308171047896,1229.2781591898456,2393.862557649692,282.143269638507,282.143269638507,282.143269638507,282.143269638507,282.143269638507,282.143269638507,0.0,0.0,0.0,2035.5753369222823
12848,2013-01-16,1753.5790653103998,1488.8054720124455,2675.7114075140944,1228.3219694502545,2394.4160388084665,282.4668404091213,282.4668404091213,282.4668404091213,282.4668404091213,282.4668404091213,282.4668404091213,0.0,0.0,0.0,2036.045905719521
12849,2013-01-17,1753.7260633370236,1497.5596723215072,2683.8042925243176,1227.3657797106612,2394.969519967243,282.78989758662254,282.78989758662254,282.78989758662254,282.78989758662254,282.78989758662254,282.78989758662254,0.0,0.0,0.0,2036.5159609236462
12850,2013-01-18,1753.8730613636476,1499.9811843835835,2664.8874596796563,1226.4095899710705,2395.5230011260173,283.11243720996936,283.11243720996936,283.11243720996936,283.11243720996936,283.11243720996936,283.11243720996936,0.0,0.0,0.0,2036.985498573617
12851,2013-01-22,1754.4610534701435,1505.5863967917828,2690.8691163999074,1222.5848310127021,2397.7369257611163,284.3973406430338,284.3973406430338,284.3973406430338,284.3973406430338,284.3973406430338,284.3973406430338,0.0,0.0,0.0,2038.8583941131774
12852,2013-01-23,1754.6080514967675,1500.8988982777469,2682.2465705749146,1221.6842417736552,2398.290406919892,284.71723278241694,284.71723278241694,284.71723278241694,284.71723278241694,284.71723278241694,284.71723278241694,0.0,0.0,0.0,2039.3252842791844
12853,2013-01-24,1754.7550495233916,1491.6465045135426,2702.5075386803387,1220.7859317308719,2398.843888078667,285.0365834232415,285.0365834232415,285.0365834232415,285.0365834232415,285.0365834232415,285.0365834232415,0.0,0.0,0.0,2039.791632946633
12854,2013-01-25,1754.9020475500156,1482.5837159602556,2691.608177209406,1219.8876216880863,2399.3973692374416,285.35538854534036,285.35538854534036,285.35538854534036,285.35538854534036,285.35538854534036,285.35538854534036,0.0,0.0,0.0,2040.2574360953558
12855,2013-01-28,1755.3430416298875,1508.6012181254018,2700.663987572956,1217.7648772667649,2401.057812713766,286.3084904728115,286.3084904728115,286.3084904728115,286.3084904728115,286.3084904728115,286.3084904728115,0.0,0.0,0.0,2041.651532102699
12856,2013-01-29,1755.4900396565115,1488.664433250531,2684.1157965703514,1217.4794547632123,2401.611293872542,286.625073152141,286.625073152141,286.625073152141,286.625073152141,286.625073152141,286.625073152141,0.0,0.0,0.0,2042.1151128086526
12857,2013-01-30,1755.6370376831353,1506.63642205845,2692.7645635255803,1217.1940322596602,2402.1647750313164,286.9410900875217,286.9410900875217,286.9410900875217,286.9410900875217,286.9410900875217,286.9410900875217,0.0,0.0,0.0,2042.578127770657
12858,2013-01-31,1755.7840357097593,1492.0606729418623,2696.7912076289945,1216.9086097561076,2402.7182561900913,287.2565372092427,287.2565372092427,287.2565372092427,287.2565372092427,287.2565372092427,287.2565372092427,0.0,0.0,0.0,2043.040572919002
12859,2013-02-01,1755.931033736384,1510.1156947992977,2697.2571954695863,1216.639847914096,2403.2717373488667,287.57141043944216,287.57141043944216,287.57141043944216,287.57141043944216,287.57141043944216,287.57141043944216,0.0,0.0,0.0,2043.5024441758262
12860,2013-02-04,1756.372027816256,1508.2578194179473,2692.988393261497,1216.0349611515219,2405.4408466339096,288.51254588070725,288.51254588070725,288.51254588070725,288.51254588070725,288.51254588070725,288.51254588070725,0.0,0.0,0.0,2044.8845736969631
12861,2013-02-05,1756.51902584288,1496.9344684027778,2711.159681039996,1215.8333322306637,2406.447804161692,288.8250826043121,288.8250826043121,288.8250826043121,288.8250826043121,288.8250826043121,288.8250826043121,0.0,0.0,0.0,2045.344108447192
12862,2013-02-06,1756.666023869504,1500.6085977249697,2719.1599214839234,1215.6317033098057,2407.454761689475,289.1370249259513,289.1370249259513,289.1370249259513,289.1370249259513,289.1370249259513,289.1370249259513,0.0,0.0,0.0,2045.8030487954552
12863,2013-02-07,1756.813021896128,1501.1584089406106,2696.0050901998334,1215.4300743889476,2408.530764075815,289.4483687195362,289.4483687195362,289.4483687195362,289.4483687195362,289.4483687195362,289.4483687195362,0.0,0.0,0.0,2046.2613906156641
12864,2013-02-08,1756.9600199227518,1503.4692586365138,2696.4989716200375,1215.2284454680896,2409.674055173116,289.75910985105867,289.75910985105867,289.75910985105867,289.75910985105867,289.75910985105867,289.75910985105867,0.0,0.0,0.0,2046.7191297738104
12865,2013-02-11,1757.401014002624,1510.6083637679162,2710.7162229536,1212.2810727433143,2413.1039284650165,290.6876758150318,290.6876758150318,290.6876758150318,290.6876758150318,290.6876758150318,290.6876758150318,0.0,0.0,0.0,2048.088689817656
12866,2013-02-12,1757.5480120292482,1510.6663261529284,2697.648031516175,1211.159744597359,2414.247219562315,290.9959648009603,290.9959648009603,290.9959648009603,290.9959648009603,290.9959648009603,290.9959648009603,0.0,0.0,0.0,2048.5439768302085
12867,2013-02-13,1757.6950100558722,1495.051556943667,2711.29267051063,1210.3631978713393,2415.390510659616,291.3036303371477,291.3036303371477,291.3036303371477,291.3036303371477,291.3036303371477,291.3036303371477,0.0,0.0,0.0,2048.9986403930197
12868,2013-02-14,1757.8420080824962,1495.8846152764563,2712.400005266464,1210.0476150483219,2416.524390910533,291.6106682427806,291.6106682427806,291.6106682427806,291.6106682427806,291.6106682427806,291.6106682427806,0.0,0.0,0.0,2049.452676325277
12869,2013-02-15,1757.98900610912,1509.6130959226618,2712.6275267292162,1209.8218176330674,2417.6433942794833,291.9170743293664,291.9170743293664,291.9170743293664,291.9170743293664,291.9170743293664,291.9170743293664,0.0,0.0,0.0,2049.9060804384862
12870,2013-02-19,1758.576998215616,1492.4743035933361,2723.0005967243205,1208.9634843215135,2422.1194077552927,293.13629644876914,293.13629644876914,293.13629644876914,293.13629644876914,293.13629644876914,293.13629644876914,0.0,0.0,0.0,2051.713294664385
12871,2013-02-20,1758.72399624224,1492.4391167017013,2716.1556868647103,1208.7489009936248,2423.2384111242436,293.4394803466291,293.4394803466291,293.4394803466291,293.4394803466291,293.4394803466291,293.4394803466291,0.0,0.0,0.0,2052.1634765888693
12872,2013-02-21,1758.870994268864,1516.483425582591,2725.6913698942526,1208.534317665736,2424.3574144931968,293.74200713534805,293.74200713534805,293.74200713534805,293.74200713534805,293.74200713534805,293.74200713534805,0.0,0.0,0.0,2052.613001404212
12873,2013-02-22,1759.017992295488,1507.487926139722,2733.1598706143845,1208.3197343378479,2425.474883443413,294.0438725737375,294.0438725737375,294.0438725737375,294.0438725737375,294.0438725737375,294.0438725737375,0.0,0.0,0.0,2053.0618648692257
12874,2013-02-25,1759.45898637536,1506.0688499952125,2733.7545885727905,1207.675984354182,2428.8234413664727,294.9454582646644,294.9454582646644,294.9454582646644,294.9454582646644,294.9454582646644,294.9454582646644,0.0,0.0,0.0,2054.4044446400244
12875,2013-02-26,1759.605984401984,1499.6996668426852,2721.2528686406013,1207.4614010262937,2429.939627340826,295.24463574295083,295.24463574295083,295.24463574295083,295.24463574295083,295.24463574295083,295.24463574295083,0.0,0.0,0.0,2054.850620144935
12876,2013-02-27,1759.752982428608,1502.5794115619287,2741.0153777587143,1207.2468176984053,2431.0558133151776,295.54313055513563,295.54313055513563,295.54313055513563,295.54313055513563,295.54313055513563,295.54313055513563,0.0,0.0,0.0,2055.2961129837436
12877,2013-02-28,1759.8999804552318,1497.3905406876295,2727.402636686051,1207.032234370517,2432.171999289532,295.84093841637707,295.84093841637707,295.84093841637707,295.84093841637707,295.84093841637707,295.84093841637707,0.0,0.0,0.0,2055.7409188716088
12878,2013-03-01,1760.0469784818558,1485.05023445497,2727.761660192089,1206.8176510426283,2433.2881852638857,296.138055034702,296.138055034702,296.138055034702,296.138055034702,296.138055034702,296.138055034702,0.0,0.0,0.0,2056.1850335165577
12879,2013-03-04,1760.4879725617284,1507.2406236667364,2733.8743341714076,1206.1739010589615,2436.636743186947,297.0252144062845,297.0252144062845,297.0252144062845,297.0252144062845,297.0252144062845,297.0252144062845,0.0,0.0,0.0,2057.5131869680126
12880,2013-03-05,1760.6349705883524,1482.0200835329856,2723.769501564759,1205.9593177310735,2437.7529291613014,297.3195229919715,297.3195229919715,297.3195229919715,297.3195229919715,297.3195229919715,297.3195229919715,0.0,0.0,0.0,2057.9544935803237
12881,2013-03-06,1760.7819686149764,1508.2600394521014,2742.444239597816,1205.7447344031848,2438.774295855241,297.6131187693223,297.6131187693223,297.6131187693223,297.6131187693223,297.6131187693223,297.6131187693223,0.0,0.0,0.0,2058.3950873842987
12882,2013-03-07,1760.9289666416005,1495.8918337344371,2734.6083488098575,1205.530151075296,2439.3653158920138,297.9059974044422,297.9059974044422,297.9059974044422,297.9059974044422,297.9059974044422,297.9059974044422,0.0,0.0,0.0,2058.834964046043
12883,2013-03-08,1761.0759646682245,1514.7248635867013,2744.5039873592523,1205.3155677474076,2439.9563359287868,298.19815455660256,298.19815455660256,298.19815455660256,298.19815455660256,298.19815455660256,298.19815455660256,0.0,0.0,0.0,2059.2741192248272
12884,2013-03-11,1761.5169587480966,1502.3967993718165,2739.394257209179,1204.671817763742,2441.729396039105,299.0702536064011,299.0702536064011,299.0702536064011,299.0702536064011,299.0702536064011,299.0702536064011,0.0,0.0,0.0,2060.5872123544978
12885,2013-03-12,1761.6639567747206,1488.4454653482044,2736.607817573457,1204.4572344358537,2442.320416075878,299.35948128424303,299.35948128424303,299.35948128424303,299.35948128424303,299.35948128424303,299.35948128424303,0.0,0.0,0.0,2061.0234380589636
12886,2013-03-13,1761.8109548013447,1498.8194223065925,2738.3136129049226,1204.2426511079652,2442.911436112651,299.6479656744845,299.6479656744845,299.6479656744845,299.6479656744845,299.6479656744845,299.6479656744845,0.0,0.0,0.0,2061.458920475829
12887,2013-03-14,1761.9579528279687,1494.0844181729403,2746.5718647465615,1204.0280677800763,2443.5024561494233,299.93570239631754,299.93570239631754,299.93570239631754,299.93570239631754,299.93570239631754,299.93570239631754,0.0,0.0,0.0,2061.8936552242862
12888,2013-03-15,1762.1049508545925,1485.5384754238482,2754.9421523912974,1203.8134844521883,2444.0934761861945,300.22268706241175,300.22268706241175,300.22268706241175,300.22268706241175,300.22268706241175,300.22268706241175,0.0,0.0,0.0,2062.3276379170043
12889,2013-03-18,1762.5459449344646,1489.8551833385604,2760.7940340871182,1203.1697344685224,2445.866536296513,301.07908475614033,301.07908475614033,301.07908475614033,301.07908475614033,301.07908475614033,301.07908475614033,0.0,0.0,0.0,2063.625029690605
12890,2013-03-19,1762.6929429610886,1485.9036576237404,2743.0038370166185,1202.9551511406341,2446.457556333286,301.3630171972132,301.3630171972132,301.3630171972132,301.3630171972132,301.3630171972132,301.3630171972132,0.0,0.0,0.0,2064.055960158302
12891,2013-03-20,1762.8399409877125,1491.2433994566961,2756.2462720937733,1202.7405678127457,2447.027663857769,301.6461755497367,301.6461755497367,301.6461755497367,301.6461755497367,301.6461755497367,301.6461755497367,0.0,0.0,0.0,2064.486116537449
12892,2013-03-21,1762.9869390143365,1499.2840542507165,2756.363558918141,1202.5259844848572,2447.580143275291,301.9285553882493,301.9285553882493,301.9285553882493,301.9285553882493,301.9285553882493,301.9285553882493,0.0,0.0,0.0,2064.915494402586
12893,2013-03-22,1763.1339370409605,1482.367350547411,2746.4501709937203,1202.3114011569685,2448.132622692813,302.2101522811043,302.2101522811043,302.2101522811043,302.2101522811043,302.2101522811043,302.2101522811043,0.0,0.0,0.0,2065.344089322065
12894,2013-03-25,1763.5749311208324,1497.093804249242,2742.005175542124,1201.6676511733028,2449.7598827846045,303.05020087747556,303.05020087747556,303.05020087747556,303.05020087747556,303.05020087747556,303.05020087747556,0.0,0.0,0.0,2066.625131998308
12895,2013-03-26,1763.7219291474564,1496.6046463632802,2760.474260206296,1200.5137197237393,2450.2917755408407,303.32862154921344,303.32862154921344,303.32862154921344,303.32862154921344,303.32862154921344,303.32862154921344,0.0,0.0,0.0,2067.0505506966697
12896,2013-03-27,1763.8689271740805,1490.0660681456184,2769.7092937459147,1199.8981420392206,2450.8236682970764,303.60623702598804,303.60623702598804,303.60623702598804,303.60623702598804,303.60623702598804,303.60623702598804,0.0,0.0,0.0,2067.4751642000683
12897,2013-03-28,1764.0159252007043,1495.7616331643912,2746.3666037989583,1199.5778021646481,2451.355561053312,303.8830428400742,303.8830428400742,303.8830428400742,303.8830428400742,303.8830428400742,303.8830428400742,0.0,0.0,0.0,2067.8989680407785
12898,2013-04-01,1764.6039173072006,1487.5274731925558,2761.457242227233,1198.2964426663564,2455.697442390923,304.9820799119469,304.9820799119469,304.9820799119469,304.9820799119469,304.9820799119469,304.9820799119469,0.0,0.0,0.0,2069.5859972191474
12899,2013-04-02,1764.7509153338249,1514.2038891197753,2760.611753673075,1197.9761027917825,2456.8518009388436,305.2547701943415,305.2547701943415,305.2547701943415,305.2547701943415,305.2547701943415,305.2547701943415,0.0,0.0,0.0,2070.0056855281664
12900,2013-04-03,1764.897913360449,1497.5403719167869,2762.837437956144,1197.6557629172096,2458.0061594867557,305.5266238869973,305.5266238869973,305.5266238869973,305.5266238869973,305.5266238869973,305.5266238869973,0.0,0.0,0.0,2070.424537247446
12901,2013-04-04,1765.044911387073,1487.2364669756666,2776.8193462968648,1197.335423042637,2459.16051803467,305.7976364824444,305.7976364824444,305.7976364824444,305.7976364824444,305.7976364824444,305.7976364824444,0.0,0.0,0.0,2070.842547869517
12902,2013-04-05,1765.191909413697,1496.5716492457052,2777.1929794046964,1197.0150831680642,2460.3148765825854,306.06780346774866,306.06780346774866,306.06780346774866,306.06780346774866,306.06780346774866,306.06780346774866,0.0,0.0,0.0,2071.2597128814455
12903,2013-04-08,1765.6329034935693,1486.1624108760038,2769.5579053289193,1196.0540635443451,2463.77795222633,306.87318555261874,306.87318555261874,306.87318555261874,306.87318555261874,306.87318555261874,306.87318555261874,0.0,0.0,0.0,2072.506089046188
12904,2013-04-09,1765.779901520193,1487.1345869524398,2766.4719220028564,1195.7337236697726,2464.9323107742425,307.13992486060545,307.13992486060545,307.13992486060545,307.13992486060545,307.13992486060545,307.13992486060545,0.0,0.0,0.0,2072.9198263807984
12905,2013-04-10,1765.9268995468171,1501.639280660448,2754.915859064746,1195.4876522478705,2466.086669322157,307.4057959137091,307.4057959137091,307.4057959137091,307.4057959137091,307.4057959137091,307.4057959137091,0.0,0.0,0.0,2073.3326954605263
12906,2013-04-11,1766.0738975734412,1496.5197209035587,2769.024343306923,1195.3011383884927,2467.241027870072,307.6707941673565,307.6707941673565,307.6707941673565,307.6707941673565,307.6707941673565,307.6707941673565,0.0,0.0,0.0,2073.744691740798
12907,2013-04-12,1766.2208956000652,1504.7932427094547,2758.368558098883,1195.1146245291154,2468.3953864179866,307.93491507189634,307.93491507189634,307.93491507189634,307.93491507189634,307.93491507189634,307.93491507189634,0.0,0.0,0.0,2074.1558106719617
12908,2013-04-15,1766.661889679937,1478.9722988673625,2780.221843243433,1194.555082950982,2471.3616687640338,308.7219681194027,308.7219681194027,308.7219681194027,308.7219681194027,308.7219681194027,308.7219681194027,0.0,0.0,0.0,2075.3838577993397
12909,2013-04-16,1766.808887706561,1494.3494263058483,2746.8513066427977,1194.3685690916045,2472.0148720792968,308.98253403145577,308.98253403145577,308.98253403145577,308.98253403145577,308.98253403145577,308.98253403145577,0.0,0.0,0.0,2075.7914217380167
12910,2013-04-17,1766.955885733185,1494.8235609717144,2764.746672508671,1194.1820552322272,2472.6680753945598,309.2421997719902,309.2421997719902,309.2421997719902,309.2421997719902,309.2421997719902,309.2421997719902,0.0,0.0,0.0,2076.198085505175
12911,2013-04-18,1767.102883759809,1471.4489045087914,2760.465806601975,1193.9955413728494,2473.3212787098237,309.5009607620969,309.5009607620969,309.5009607620969,309.5009607620969,309.5009607620969,309.5009607620969,0.0,0.0,0.0,2076.603844521906
12912,2013-04-19,1767.249881786433,1485.0902408151783,2762.1333654237055,1193.8090275134714,2473.9744820250867,309.75881241819707,309.75881241819707,309.75881241819707,309.75881241819707,309.75881241819707,309.75881241819707,0.0,0.0,0.0,2077.00869420463
12913,2013-04-22,1767.6908758663049,1490.620612134167,2772.8845201372046,1193.2494859353387,2475.934091970876,310.5268654778369,310.5268654778369,310.5268654778369,310.5268654778369,310.5268654778369,310.5268654778369,0.0,0.0,0.0,2078.217741344142
12914,2013-04-23,1767.8378738929289,1477.6239294209718,2807.326468365807,1193.0629720759612,2476.5872952861387,310.78103387077164,310.78103387077164,310.78103387077164,310.78103387077164,310.78103387077164,310.78103387077164,0.0,0.0,0.0,2078.6189077637005
12915,2013-04-24,1767.984871919553,1489.2051119669825,2777.933791488659,1192.8764582165836,2477.240498601403,311.0342699438218,311.0342699438218,311.0342699438218,311.0342699438218,311.0342699438218,311.0342699438218,0.0,0.0,0.0,2079.019141863375
12916,2013-04-25,1768.1318699461772,1481.4200232520657,2796.9039237360666,1191.5639547888632,2477.8487693077004,311.2865690866409,311.2865690866409,311.2865690866409,311.2865690866409,311.2865690866409,311.2865690866409,0.0,0.0,0.0,2079.4184390328182
12917,2013-04-26,1768.2788679728012,1487.0358125306893,2767.849455852414,1189.9455667769457,2478.450418764453,311.5379266846335,311.5379266846335,311.5379266846335,311.5379266846335,311.5379266846335,311.5379266846335,0.0,0.0,0.0,2079.816794657435
12918,2013-04-29,1768.719862052673,1497.777637181006,2791.01490654114,1185.0904027411839,2480.2553671347123,312.2863040013008,312.2863040013008,312.2863040013008,312.2863040013008,312.2863040013008,312.2863040013008,0.0,0.0,0.0,2081.006166053974
12919,2013-04-30,1768.866860079297,1473.9085798492056,2786.461814416513,1183.4720147292617,2480.8570165914657,312.5338491912702,312.5338491912702,312.5338491912702,312.5338491912702,312.5338491912702,312.5338491912702,0.0,0.0,0.0,2081.4007092705674
12920,2013-05-01,1769.0138581059211,1490.5351858288927,2782.7112227129664,1182.6762322775462,2481.4586660482178,312.7804297019099,312.7804297019099,312.7804297019099,312.7804297019099,312.7804297019099,312.7804297019099,0.0,0.0,0.0,2081.794287807831
12921,2013-05-02,1769.160856132545,1486.8203215290137,2780.2614673529874,1182.5349212953618,2482.0603155049703,313.0260408944558,313.0260408944558,313.0260408944558,313.0260408944558,313.0260408944558,313.0260408944558,0.0,0.0,0.0,2082.1868970270007
12922,2013-05-03,1769.3078541591697,1484.3435002284955,2789.429025164175,1182.3936103131764,2482.661964961726,313.2706781263368,313.2706781263368,313.2706781263368,313.2706781263368,313.2706781263368,313.2706781263368,0.0,0.0,0.0,2082.5785322855063
12923,2013-05-06,1769.7488482390418,1484.7746941968778,2795.0630420930406,1181.9696773666224,2484.4669133319844,313.9986995765679,313.9986995765679,313.9986995765679,313.9986995765679,313.9986995765679,313.9986995765679,0.0,0.0,0.0,2083.74754781561
12924,2013-05-07,1769.8958462656656,1489.6804595127276,2804.4858371769583,1181.8283663844375,2485.0685627887383,314.2393944662455,314.2393944662455,314.2393944662455,314.2393944662455,314.2393944662455,314.2393944662455,0.0,0.0,0.0,2084.135240731911
12925,2013-05-08,1770.0428442922896,1499.8919363849782,2795.7037500846213,1181.6870554022526,2485.8772810802657,314.4790921275972,314.4790921275972,314.4790921275972,314.4790921275972,314.4790921275972,314.4790921275972,0.0,0.0,0.0,2084.521936419887
12926,2013-05-09,1770.1898423189136,1488.9106403758756,2819.713288211144,1181.5457444200683,2486.8240176910176,314.71778789658634,314.71778789658634,314.71778789658634,314.71778789658634,314.71778789658634,314.71778789658634,0.0,0.0,0.0,2084.9076302155
12927,2013-05-10,1770.3368403455377,1459.9798761296051,2811.3499406593946,1181.4044334378832,2487.7707543017696,314.95547710583384,314.95547710583384,314.95547710583384,314.95547710583384,314.95547710583384,314.95547710583384,0.0,0.0,0.0,2085.2923174513717
12928,2013-05-13,1770.7778344254095,1468.5275496198458,2789.3590444271053,1181.1742540210469,2490.6109641340277,315.6624586525376,315.6624586525376,315.6624586525376,315.6624586525376,315.6624586525376,315.6624586525376,0.0,0.0,0.0,2086.440293077947
12929,2013-05-14,1770.9248324520336,1484.7943913060649,2811.673527970458,1181.1789948279134,2491.557700744782,315.89607488444767,315.89607488444767,315.89607488444767,315.89607488444767,315.89607488444767,315.89607488444767,0.0,0.0,0.0,2086.8209073364815
12930,2013-05-15,1771.0718304786576,1470.23676569747,2809.9325781403595,1181.1837356347796,2492.504437355534,316.12866117188514,316.12866117188514,316.12866117188514,316.12866117188514,316.12866117188514,316.12866117188514,0.0,0.0,0.0,2087.200491650543
12931,2013-05-16,1771.2188285052814,1479.7632455731798,2806.016580130882,1181.188476441646,2493.4511739662853,316.3602128288163,316.3602128288163,316.3602128288163,316.3602128288163,316.3602128288163,316.3602128288163,0.0,0.0,0.0,2087.579041334098
12932,2013-05-17,1771.3658265319054,1479.0434546326837,2825.9230157282955,1181.1932172485126,2494.39791057704,316.5907251663397,316.5907251663397,316.5907251663397,316.5907251663397,316.5907251663397,316.5907251663397,0.0,0.0,0.0,2087.956551698245
12933,2013-05-20,1771.8068206117773,1484.4391769682854,2817.60339202595,1181.2074396691114,2497.2381204092976,317.27597933187803,317.27597933187803,317.27597933187803,317.27597933187803,317.27597933187803,317.27597933187803,0.0,0.0,0.0,2089.082799943655
12934,2013-05-21,1771.9538186384013,1479.61594613549,2820.5962284373322,1181.2121804759777,2498.1848570200495,317.5022874478247,317.5022874478247,317.5022874478247,317.5022874478247,317.5022874478247,317.5022874478247,0.0,0.0,0.0,2089.456106086226
12935,2013-05-22,1772.1008166650256,1475.5522796184582,2800.550220797696,1181.2169212828442,2499.131593630804,317.72753275927585,317.72753275927585,317.72753275927585,317.72753275927585,317.72753275927585,317.72753275927585,0.0,0.0,0.0,2089.8283494243015
12936,2013-05-23,1772.2478146916496,1480.912638329761,2797.4192972423625,1181.2216620897104,2500.078330241556,317.9517105615945,317.9517105615945,317.9517105615945,317.9517105615945,317.9517105615945,317.9517105615945,0.0,0.0,0.0,2090.1995252532442
12937,2013-05-24,1772.3948127182737,1471.2066398489824,2819.354905946524,1181.226402896577,2501.0250668523076,318.17481614776875,318.17481614776875,318.17481614776875,318.17481614776875,318.17481614776875,318.17481614776875,0.0,0.0,0.0,2090.5696288660424
12938,2013-05-28,1772.9828048247696,1489.9462256488928,2830.7679796367256,1181.2453661240422,2504.8120132953204,319.05642211178434,319.05642211178434,319.05642211178434,319.05642211178434,319.05642211178434,319.05642211178434,0.0,0.0,0.0,2092.039226936554
12939,2013-05-29,1773.1298028513936,1478.150424140833,2811.5929122464986,1181.2501069309087,2505.758749906072,319.2740959340703,319.2740959340703,319.2740959340703,319.2740959340703,319.2740959340703,319.2740959340703,0.0,0.0,0.0,2092.4038987854638
12940,2013-05-30,1773.2768008780176,1478.5567295965402,2830.00065125842,1181.254847737775,2506.705486516826,319.4906692523656,319.4906692523656,319.4906692523656,319.4906692523656,319.4906692523656,319.4906692523656,0.0,0.0,0.0,2092.767470130383
12941,2013-05-31,1773.4237989046414,1474.3479813482545,2821.4451297831024,1181.2595885446412,2507.652223127578,319.7061373450852,319.7061373450852,319.7061373450852,319.7061373450852,319.7061373450852,319.7061373450852,0.0,0.0,0.0,2093.1299362497266
12942,2013-06-03,1773.8647929845142,1485.6549557258143,2819.9384989723562,1180.419258842408,2510.7650244840493,320.3458630275747,320.3458630275747,320.3458630275747,320.3458630275747,320.3458630275747,320.3458630275747,0.0,0.0,0.0,2094.2106560120887
12943,2013-06-04,1774.0117910111383,1489.133315946263,2832.2168124529244,1179.7731215752838,2511.8115528005933,320.55686296751963,320.55686296751963,320.55686296751963,320.55686296751963,320.55686296751963,320.55686296751963,0.0,0.0,0.0,2094.568653978658
12944,2013-06-05,1774.158789037762,1468.5237025720085,2830.0175942732244,1179.1269843081598,2512.5213178014747,320.7667340486609,320.7667340486609,320.7667340486609,320.7667340486609,320.7667340486609,320.7667340486609,0.0,0.0,0.0,2094.925523086423
12945,2013-06-06,1774.305787064386,1470.074658849519,2834.4659784986216,1178.4808470410335,2513.4428864523798,320.9754715398225,320.9754715398225,320.9754715398225,320.9754715398225,320.9754715398225,320.9754715398225,0.0,0.0,0.0,2095.2812586042087
12946,2013-06-07,1774.4527850910101,1483.3137578470928,2832.486367515311,1177.8347097739093,2514.379852618821,321.18307070849727,321.18307070849727,321.18307070849727,321.18307070849727,321.18307070849727,321.18307070849727,0.0,0.0,0.0,2095.635855799507
12947,2013-06-10,1774.893779170882,1471.5144172036346,2837.230648426065,1175.8962979725345,2516.683634001337,321.7989909361614,321.7989909361614,321.7989909361614,321.7989909361614,321.7989909361614,321.7989909361614,0.0,0.0,0.0,2096.6927701070435
12948,2013-06-11,1775.040777197506,1476.8042378639961,2857.000331477132,1175.2501607054103,2517.3244168409765,322.0019894658734,322.0019894658734,322.0019894658734,322.0019894658734,322.0019894658734,322.0019894658734,0.0,0.0,0.0,2097.0427666633796
12949,2013-06-12,1775.18777522413,1477.7387582160686,2827.849493514982,1174.6040234382863,2517.9651996806156,322.20382599328553,322.20382599328553,322.20382599328553,322.20382599328553,322.20382599328553,322.20382599328553,0.0,0.0,0.0,2097.3916012174154
12950,2013-06-13,1775.3347732507539,1475.8285844558977,2824.3272291351595,1173.95788617116,2518.6059825202547,322.4044957795283,322.4044957795283,322.4044957795283,322.4044957795283,322.4044957795283,322.4044957795283,0.0,0.0,0.0,2097.7392690302822
12951,2013-06-14,1775.481771277378,1485.437994694828,2852.3559604496922,1173.3117489040355,2519.246765359894,322.6039940849426,322.6039940849426,322.6039940849426,322.6039940849426,322.6039940849426,322.6039940849426,0.0,0.0,0.0,2098.0857653623207
12952,2013-06-17,1775.9227653572502,1460.0856739948815,2828.7049962131414,1171.373337102661,2521.1691138788124,323.19541270952624,323.19541270952624,323.19541270952624,323.19541270952624,323.19541270952624,323.19541270952624,0.0,0.0,0.0,2099.1181780667766
12953,2013-06-18,1776.0697633838743,1469.4780771554101,2851.69541636081,1170.7271998355368,2521.872911761458,323.3901776821202,323.3901776821202,323.3901776821202,323.3901776821202,323.3901776821202,323.3901776821202,0.0,0.0,0.0,2099.4599410659944
12954,2013-06-19,1776.2167614104983,1469.6770934975743,2852.486405625758,1170.081062568413,2522.60162859989,323.5837474665981,323.5837474665981,323.5837474665981,323.5837474665981,323.5837474665981,323.5837474665981,0.0,0.0,0.0,2099.8005088770965
12955,2013-06-20,1776.363759437122,1442.7253379162937,2855.279314824551,1169.4349253012863,2523.3303454383235,323.7761173202636,323.7761173202636,323.7761173202636,323.7761173202636,323.7761173202636,323.7761173202636,0.0,0.0,0.0,2100.1398767573855
12956,2013-06-21,1776.5107574637461,1466.9695791523263,2854.084536200456,1168.7887880341623,2524.0590622767572,323.96728250019663,323.96728250019663,323.96728250019663,323.96728250019663,323.96728250019663,323.96728250019663,0.0,0.0,0.0,2100.4780399639426
12957,2013-06-24,1776.951751543618,1489.9283538920208,2847.7803701107578,1166.8503762327875,2526.245212792057,324.5335025667668,324.5335025667668,324.5335025667668,324.5335025667668,324.5335025667668,324.5335025667668,0.0,0.0,0.0,2101.4852541103846
12958,2013-06-25,1777.098749570242,1451.5197250784113,2859.016354269434,1166.2042389656635,2526.973929630491,324.7198016209637,324.7198016209637,324.7198016209637,324.7198016209637,324.7198016209637,324.7198016209637,0.0,0.0,0.0,2101.8185511912056
12959,2013-06-26,1777.245747596866,1469.4813459594163,2857.100856005012,1165.5581016985395,2527.7026464689247,324.90487228634294,324.90487228634294,324.90487228634294,324.90487228634294,324.90487228634294,324.90487228634294,0.0,0.0,0.0,2102.150619883209
12960,2013-06-27,1777.39274562349,1477.0947545110712,2861.0547941085174,1164.9119644314126,2528.431363307356,325.0887098203676,325.0887098203676,325.0887098203676,325.0887098203676,325.0887098203676,325.0887098203676,0.0,0.0,0.0,2102.4814554438576
12961,2013-06-28,1777.539743650114,1466.1405378260704,2842.8602283581663,1164.2658271642888,2529.1600801457903,325.27130948085676,325.27130948085676,325.27130948085676,325.27130948085676,325.27130948085676,325.27130948085676,0.0,0.0,0.0,2102.811053130971
12962,2013-07-01,1777.980737729986,1465.3014395918829,2854.164915920563,1162.327415362914,2531.3003710556295,325.8116338063734,325.8116338063734,325.8116338063734,325.8116338063734,325.8116338063734,325.8116338063734,0.0,0.0,0.0,2103.7923715363595
12963,2013-07-02,1778.1277357566107,1470.355013978492,2851.3873041291126,1161.681278095787,2532.011331538242,325.9892345609363,325.9892345609363,325.9892345609363,325.9892345609363,325.9892345609363,325.9892345609363,0.0,0.0,0.0,2104.116970317547
12964,2013-07-03,1778.2747337832345,1461.464744485607,2860.3857816552754,1161.0351408286633,2532.722292020851,326.16557373932017,326.16557373932017,326.16557373932017,326.16557373932017,326.16557373932017,326.16557373932017,0.0,0.0,0.0,2104.4403075225546
12965,2013-07-05,1778.5687298364826,1462.171039723825,2865.9750768477575,1159.7428662944126,2534.144212986067,326.51444841537506,326.51444841537506,326.51444841537506,326.51444841537506,326.51444841537506,326.51444841537506,0.0,0.0,0.0,2105.0831782518576
12966,2013-07-08,1779.0097239163545,1480.3186666609602,2855.595964154616,1157.5234239214265,2536.148726013458,327.02818018371676,327.02818018371676,327.02818018371676,327.02818018371676,327.02818018371676,327.02818018371676,0.0,0.0,0.0,2106.037904100071
12967,2013-07-09,1779.1567219429785,1457.4406958465693,2863.63584623525,1156.7622462727393,2536.809141285957,327.19685043733443,327.19685043733443,327.19685043733443,327.19685043733443,327.19685043733443,327.19685043733443,0.0,0.0,0.0,2106.353572380313
12968,2013-07-10,1779.3037199696025,1454.1360800624927,2853.517145813759,1156.0010686240548,2537.4695565584593,327.3642259697443,327.3642259697443,327.3642259697443,327.3642259697443,327.3642259697443,327.3642259697443,0.0,0.0,0.0,2106.6679459393467
12969,2013-07-11,1779.4507179962266,1442.6614074081613,2865.0588826472544,1155.23989097537,2538.129971830961,327.53030205112367,327.53030205112367,327.53030205112367,327.53030205112367,327.53030205112367,327.53030205112367,0.0,0.0,0.0,2106.9810200473503
12970,2013-07-12,1779.5977160228504,1481.095361765969,2875.955926303519,1154.4787133266855,2538.7903871034628,327.69507395320494,327.69507395320494,327.69507395320494,327.69507395320494,327.69507395320494,327.69507395320494,0.0,0.0,0.0,2107.2927899760552
12971,2013-07-15,1780.0387101027227,1466.4401724230472,2868.1964993593765,1152.1951803806292,2542.5418174151973,328.18151732622044,328.18151732622044,328.18151732622044,328.18151732622044,328.18151732622044,328.18151732622044,0.0,0.0,0.0,2108.220227428943
12972,2013-07-16,1780.1857081293467,1472.3816422569066,2863.3923696955944,1151.4340027319442,2543.9052665494037,328.34102526269345,328.34102526269345,328.34102526269345,328.34102526269345,328.34102526269345,328.34102526269345,0.0,0.0,0.0,2108.52673339204
12973,2013-07-17,1780.3327061559708,1472.0908821439095,2884.5116051545638,1150.6728250832596,2544.3481766250784,328.4992054049984,328.4992054049984,328.4992054049984,328.4992054049984,328.4992054049984,328.4992054049984,0.0,0.0,0.0,2108.8319115609693
12974,2013-07-18,1780.4797041825946,1457.1151518073675,2892.0049173292864,1149.9116474345751,2544.791086700753,328.656053036076,328.656053036076,328.656053036076,328.656053036076,328.656053036076,328.656053036076,0.0,0.0,0.0,2109.1357572186707
12975,2013-07-19,1780.6267022092186,1453.5764058461887,2871.2079227924287,1149.1504697858902,2545.096174176219,328.8115634410492,328.8115634410492,328.8115634410492,328.8115634410492,328.8115634410492,328.8115634410492,0.0,0.0,0.0,2109.4382656502676
12976,2013-07-22,1781.0676962890907,1464.1505622941438,2875.112347319173,1146.8669368398337,2545.888230301677,329.2700241851815,329.2700241851815,329.2700241851815,329.2700241851815,329.2700241851815,329.2700241851815,0.0,0.0,0.0,2110.3377204742724
12977,2013-07-23,1781.2146943157145,1444.568561212776,2872.22016818269,1146.1057591911492,2546.3019928713334,329.4201385837507,329.4201385837507,329.4201385837507,329.4201385837507,329.4201385837507,329.4201385837507,0.0,0.0,0.0,2110.6348328994654
12978,2013-07-24,1781.3616923423385,1469.2596883085107,2881.2609442253943,1145.3445815424643,2546.9354534293516,329.56889221771496,329.56889221771496,329.56889221771496,329.56889221771496,329.56889221771496,329.56889221771496,0.0,0.0,0.0,2110.9305845600534
12979,2013-07-25,1781.5086903689626,1478.9891298258103,2879.510568363572,1144.5834038937799,2547.568913987367,329.7162803871886,329.7162803871886,329.7162803871886,329.7162803871886,329.7162803871886,329.7162803871886,0.0,0.0,0.0,2111.2249707561514
12980,2013-07-26,1781.6556883955866,1465.7841853766286,2891.407877992421,1143.8222262450954,2548.202374545385,329.8622983951061,329.8622983951061,329.8622983951061,329.8622983951061,329.8622983951061,329.8622983951061,0.0,0.0,0.0,2111.5179867906927
12981,2013-07-29,1782.0966824754585,1466.3837858129814,2886.021432008695,1141.5386932990389,2548.6817699019057,330.292084523083,330.292084523083,330.292084523083,330.292084523083,330.292084523083,330.292084523083,0.0,0.0,0.0,2112.3887669985415
12982,2013-07-30,1782.2436805020825,1455.8518045783,2887.10534795332,1140.7775156503544,2548.771199988916,330.4325749737275,330.4325749737275,330.4325749737275,330.4325749737275,330.4325749737275,330.4325749737275,0.0,0.0,0.0,2112.67625547581
12983,2013-07-31,1782.3906785287063,1459.5005036354253,2908.238101078094,1140.0163380016697,2548.860630075926,330.5716718230074,330.5716718230074,330.5716718230074,330.5716718230074,330.5716718230074,330.5716718230074,0.0,0.0,0.0,2112.9623503517137
12984,2013-08-01,1782.537676555331,1464.5322113357997,2897.3837081647907,1139.2551603529823,2549.6974742232674,330.70937039271695,330.70937039271695,330.70937039271695,330.70937039271695,330.70937039271695,330.70937039271695,0.0,0.0,0.0,2113.247046948048
12985,2013-08-02,1782.684674581955,1451.7643078619938,2895.97947757039,1138.493982704295,2551.1979270669212,330.84566600811996,330.84566600811996,330.84566600811996,330.84566600811996,330.84566600811996,330.84566600811996,0.0,0.0,0.0,2113.530340590075
12986,2013-08-05,1783.125668661827,1447.658761028234,2891.6391075141464,1136.210449758241,2555.247147357443,331.2460884351699,331.2460884351699,331.2460884351699,331.2460884351699,331.2460884351699,331.2460884351699,0.0,0.0,0.0,2114.3717570969966
12987,2013-08-06,1783.272666688451,1472.7730530826336,2881.0094640725742,1135.4492721095567,2556.0373882217527,331.3767255586983,331.3767255586983,331.3767255586983,331.3767255586983,331.3767255586983,331.3767255586983,0.0,0.0,0.0,2114.649392247149
12988,2013-08-07,1783.419664715075,1471.6426638903051,2890.1219002620974,1134.688094460872,2556.827629086064,331.50593640960125,331.50593640960125,331.50593640960125,331.50593640960125,331.50593640960125,331.50593640960125,0.0,0.0,0.0,2114.925601124676
12989,2013-08-08,1783.566662741699,1470.0759281854407,2881.6744233769514,1133.926916812187,2557.617869950376,331.63371633594977,331.63371633594977,331.63371633594977,331.63371633594977,331.63371633594977,331.63371633594977,0.0,0.0,0.0,2115.200379077649
12990,2013-08-09,1783.7136607683228,1453.3710124498853,2905.93098266903,1133.1657391635001,2558.408110814688,331.7600606899513,331.7600606899513,331.7600606899513,331.7600606899513,331.7600606899513,331.7600606899513,0.0,0.0,0.0,2115.473721458274
12991,2013-08-12,1784.1546548481952,1443.5834930368226,2917.2864483632793,1130.8839183532468,2560.778833407622,332.13043390397365,332.13043390397365,332.13043390397365,332.13043390397365,332.13043390397365,332.13043390397365,0.0,0.0,0.0,2116.285088752169
12992,2013-08-13,1784.3016528748192,1460.2427257735226,2895.497658558426,1130.4948943921681,2561.569074271934,332.2509895767074,332.2509895767074,332.2509895767074,332.2509895767074,332.2509895767074,332.2509895767074,0.0,0.0,0.0,2116.5526424515265
12993,2013-08-14,1784.4486509014432,1460.7896955204535,2925.6529955760157,1130.1058704310904,2562.359315136244,332.37008650351254,332.37008650351254,332.37008650351254,332.37008650351254,332.37008650351254,332.37008650351254,0.0,0.0,0.0,2116.8187374049558
12994,2013-08-15,1784.5956489280672,1456.4345209938342,2905.9151044259825,1129.7168464700114,2563.149556000555,332.48772006342676,332.48772006342676,332.48772006342676,332.48772006342676,332.48772006342676,332.48772006342676,0.0,0.0,0.0,2117.083368991494
12995,2013-08-16,1784.742646954691,1457.4873488722424,2900.072264158246,1129.3278225089339,2563.9397968648673,332.60388564029904,332.60388564029904,332.60388564029904,332.60388564029904,332.60388564029904,332.60388564029904,0.0,0.0,0.0,2117.34653259499
12996,2013-08-19,1785.1836410345632,1461.9245010098637,2918.99425259685,1128.1607506256983,2566.1374347034607,332.94352838537264,332.94352838537264,332.94352838537264,332.94352838537264,332.94352838537264,332.94352838537264,0.0,0.0,0.0,2118.127169419936
12997,2013-08-20,1785.330639061187,1456.895051546934,2922.9392142518727,1127.7717266646198,2566.848395186071,333.0537759682133,333.0537759682133,333.0537759682133,333.0537759682133,333.0537759682133,333.0537759682133,0.0,0.0,0.0,2118.3844150294003
12998,2013-08-21,1785.477637087811,1445.3409518094345,2922.8272201731006,1127.3827027035418,2567.55935566868,333.1625325628507,333.1625325628507,333.1625325628507,333.1625325628507,333.1625325628507,333.1625325628507,0.0,0.0,0.0,2118.640169650662
12999,2013-08-22,1785.624635114435,1448.3687722503755,2896.4945709610765,1126.9936787424629,2568.2703161512873,333.26979358406055,333.26979358406055,333.26979358406055,333.26979358406055,333.26979358406055,333.26979358406055,0.0,0.0,0.0,2118.8944286984956
13000,2013-08-23,1785.771633141059,1459.5671818114902,2911.0532595226045,1126.6046547813842,2568.981276633896,333.3755544521172,333.3755544521172,333.3755544521172,333.3755544521172,333.3755544521172,333.3755544521172,0.0,0.0,0.0,2119.147187593176
13001,2013-08-26,1786.212627220931,1455.587470460831,2916.477934045986,1125.4375828981501,2571.1141580817216,333.6837904246981,333.6837904246981,333.6837904246981,333.6837904246981,333.6837904246981,333.6837904246981,0.0,0.0,0.0,2119.896417645629
13002,2013-08-27,1786.359625247555,1447.1699856799778,2930.760876541403,1124.799588955559,2571.8251185643303,333.78350499636167,333.78350499636167,333.78350499636167,333.78350499636167,333.78350499636167,333.78350499636167,0.0,0.0,0.0,2120.143130243917
13003,2013-08-28,1786.5066232741792,1452.8577798396343,2920.765125743649,1124.1069324774837,2572.53607904694,333.88169660222223,333.88169660222223,333.88169660222223,333.88169660222223,333.88169660222223,333.88169660222223,0.0,0.0,0.0,2120.3883198764015
13004,2013-08-29,1786.6536213008033,1461.5179234675907,2916.285096367756,1123.414275999409,2573.2470395295495,333.97836069764367,333.97836069764367,333.97836069764367,333.97836069764367,333.97836069764367,333.97836069764367,0.0,0.0,0.0,2120.631981998447
13005,2013-08-30,1786.8006193274273,1438.4009574880752,2920.661613323081,1122.721619521334,2573.958000012157,334.0734927441891,334.0734927441891,334.0734927441891,334.0734927441891,334.0734927441891,334.0734927441891,0.0,0.0,0.0,2120.8741120716163
13006,2013-09-03,1787.3886114339234,1449.188459870755,2917.6744532385637,1119.950993609029,2576.8018419425935,334.43860989549063,334.43860989549063,334.43860989549063,334.43860989549063,334.43860989549063,334.43860989549063,0.0,0.0,0.0,2121.827221329414
13007,2013-09-04,1787.5356094605474,1440.1418652023067,2922.572410844469,1119.2583371309518,2577.512802425203,334.5260138451338,334.5260138451338,334.5260138451338,334.5260138451338,334.5260138451338,334.5260138451338,0.0,0.0,0.0,2122.061623305681
13008,2013-09-05,1787.6826074871717,1444.4242859856106,2923.3069309746134,1118.565680652877,2578.2237629078127,334.61185865111446,334.61185865111446,334.61185865111446,334.61185865111446,334.61185865111446,334.61185865111446,0.0,0.0,0.0,2122.294466138286
13009,2013-09-06,1787.8296055137957,1448.5543339711423,2938.1351420810643,1117.873024174802,2578.9347233904223,334.69613982122155,334.69613982122155,334.69613982122155,334.69613982122155,334.69613982122155,334.69613982122155,0.0,0.0,0.0,2122.5257453350173
13010,2013-09-09,1788.2705995936676,1428.7774667599285,2923.481935817518,1115.7950547405746,2581.0676048382475,334.9395566999541,334.9395566999541,334.9395566999541,334.9395566999541,334.9395566999541,334.9395566999541,0.0,0.0,0.0,2123.210156293622
13011,2013-09-10,1788.4175976202916,1432.9935270613678,2919.596803936625,1115.1023982624997,2581.7785653208566,335.01753854619585,335.01753854619585,335.01753854619585,335.01753854619585,335.01753854619585,335.01753854619585,0.0,0.0,0.0,2123.4351361664876
13012,2013-09-11,1788.5645956469157,1457.5651469638979,2960.232702979357,1114.4097417844225,2582.489525803463,335.093934402713,335.093934402713,335.093934402713,335.093934402713,335.093934402713,335.093934402713,0.0,0.0,0.0,2123.6585300496286
13013,2013-09-12,1788.7115936735397,1449.6323862715656,2916.9012584212187,1113.7170853063474,2583.2004862860726,335.168739820897,335.168739820897,335.168739820897,335.168739820897,335.168739820897,335.168739820897,0.0,0.0,0.0,2123.880333494437
13014,2013-09-13,1788.8585917001635,1456.1727749781548,2930.6574500789716,1113.0244288282724,2583.911446768682,335.2419503597649,335.2419503597649,335.2419503597649,335.2419503597649,335.2419503597649,335.2419503597649,0.0,0.0,0.0,2124.1005420599286
13015,2013-09-16,1789.2995857800356,1431.2992785642364,2927.756251879461,1110.9464593940452,2586.0443282165074,335.45196840724293,335.45196840724293,335.45196840724293,335.45196840724293,335.45196840724293,335.45196840724293,0.0,0.0,0.0,2124.7515541872785
13016,2013-09-17,1789.4465838066596,1436.8521061075269,2927.1549236719848,1110.2538029159705,2586.755288699117,335.51875517520307,335.51875517520307,335.51875517520307,335.51875517520307,335.51875517520307,335.51875517520307,0.0,0.0,0.0,2124.9653389818627
13017,2013-09-18,1789.5935818332835,1435.6175073384152,2936.2193428594464,1109.5611464378928,2587.466249181726,335.58392497697577,335.58392497697577,335.58392497697577,335.58392497697577,335.58392497697577,335.58392497697577,0.0,0.0,0.0,2125.1775068102593
13018,2013-09-19,1789.7405798599075,1451.5430727089308,2943.7275944414205,1108.8684899598181,2588.177209664335,335.6474734195224,335.6474734195224,335.6474734195224,335.6474734195224,335.6474734195224,335.6474734195224,0.0,0.0,0.0,2125.38805327943
13019,2013-09-20,1789.8875778865315,1424.4502617804603,2937.229975532745,1108.1758334817432,2588.8881701469422,335.7093961181585,335.7093961181585,335.7093961181585,335.7093961181585,335.7093961181585,335.7093961181585,0.0,0.0,0.0,2125.59697400469
13020,2013-09-23,1790.3285719664034,1440.492009693232,2940.009354360643,1106.1760598022593,2591.02105159477,335.8853660312901,335.8853660312901,335.8853660312901,335.8853660312901,335.8853660312901,335.8853660312901,0.0,0.0,0.0,2126.2139379976934
13021,2013-09-24,1790.4755699930276,1435.3410664616708,2931.6582127534275,1105.5436586583362,2591.732012077377,335.9407420782112,335.9407420782112,335.9407420782112,335.9407420782112,335.9407420782112,335.9407420782112,0.0,0.0,0.0,2126.4163120712387
13022,2013-09-25,1790.6225680196517,1433.6500145062546,2929.937053643469,1104.9112575144102,2592.442972559986,335.99447058679516,335.99447058679516,335.99447058679516,335.99447058679516,335.99447058679516,335.99447058679516,0.0,0.0,0.0,2126.617038606447
13023,2013-09-26,1790.7695660462757,1435.6736852062038,2936.9097493009085,1104.2788563704871,2593.153933042596,336.04654722468985,336.04654722468985,336.04654722468985,336.04654722468985,336.04654722468985,336.04654722468985,0.0,0.0,0.0,2126.8161132709656
13024,2013-09-27,1790.9165640728997,1425.5583610841525,2931.571588638987,1103.6464552265638,2593.8648935252045,336.0969676686351,336.0969676686351,336.0969676686351,336.0969676686351,336.0969676686351,336.0969676686351,0.0,0.0,0.0,2127.0135317415347
13025,2013-09-30,1791.357558152772,1454.035577718527,2930.558163390998,1101.749251794789,2596.7459889948314,336.23824874274203,336.23824874274203,336.23824874274203,336.23824874274203,336.23824874274203,336.23824874274203,0.0,0.0,0.0,2127.595806895514
13026,2013-10-01,1791.5045561793959,1439.6999147194224,2939.181281913767,1101.116850650866,2598.1482730147827,336.28200136379206,336.28200136379206,336.28200136379206,336.28200136379206,336.28200136379206,336.28200136379206,0.0,0.0,0.0,2127.786557543188
13027,2013-10-02,1791.6515542060204,1428.3673149485471,2946.464183536296,1100.48444950694,2599.5505570347395,336.32407631464923,336.32407631464923,336.32407631464923,336.32407631464923,336.32407631464923,336.32407631464923,0.0,0.0,0.0,2127.9756305206697
13028,2013-10-03,1791.7985522326442,1428.2409769517128,2975.9174220256664,1099.8520483630168,2600.952841054696,336.36446932881904,336.36446932881904,336.36446932881904,336.36446932881904,336.36446932881904,336.36446932881904,0.0,0.0,0.0,2128.163021561463
13029,2013-10-04,1791.9455502592682,1430.31131075438,2940.5240374056702,1099.2196472190935,2602.3551250746523,336.40317614964135,336.40317614964135,336.40317614964135,336.40317614964135,336.40317614964135,336.40317614964135,0.0,0.0,0.0,2128.3487264089094
13030,2013-10-07,1792.38654433914,1435.840265094781,2938.5005485791366,1097.3224437873216,2606.5619771345173,336.50913703514414,336.50913703514414,336.50913703514414,336.50913703514414,336.50913703514414,336.50913703514414,0.0,0.0,0.0,2128.8956813742843
13031,2013-10-08,1792.533542365764,1416.2276382197088,2958.163403672395,1096.6900426433983,2607.964261154474,336.5410567163572,336.5410567163572,336.5410567163572,336.5410567163572,336.5410567163572,336.5410567163572,0.0,0.0,0.0,2129.0745990821215
13032,2013-10-09,1792.6805403923881,1431.0651424901434,2963.1470916350413,1096.0576414994725,2609.3665451744305,336.5712690721461,336.5712690721461,336.5712690721461,336.5712690721461,336.5712690721461,336.5712690721461,0.0,0.0,0.0,2129.2518094645343
13033,2013-10-10,1792.8275384190122,1413.9715017648834,2939.853046763625,1095.4252403555492,2610.768829194387,336.5997699070904,336.5997699070904,336.5997699070904,336.5997699070904,336.5997699070904,336.5997699070904,0.0,0.0,0.0,2129.4273083261023
13034,2013-10-11,1792.9745364456362,1429.8467987914241,2968.2160388031307,1094.7928392116262,2612.171113214344,336.6265550363504,336.6265550363504,336.6265550363504,336.6265550363504,336.6265550363504,336.6265550363504,0.0,0.0,0.0,2129.6010914819867
13035,2013-10-14,1793.415530525508,1420.7404612582402,2967.6231888201096,1093.372997542377,2616.3779652742087,336.696574502611,336.696574502611,336.696574502611,336.696574502611,336.696574502611,336.696574502611,0.0,0.0,0.0,2130.112105028119
13036,2013-10-15,1793.562528552132,1399.47689155822,2972.647957329045,1093.1203809547244,2617.780249294165,336.71645517613086,336.71645517613086,336.71645517613086,336.71645517613086,336.71645517613086,336.71645517613086,0.0,0.0,0.0,2130.278983728263
13037,2013-10-16,1793.709526578756,1424.0655542993393,2972.808224973433,1092.8677643670717,2619.182533314122,336.734599382254,336.734599382254,336.734599382254,336.734599382254,336.734599382254,336.734599382254,0.0,0.0,0.0,2130.44412596101
13038,2013-10-17,1793.85652460538,1422.6105818705878,2958.1486603588964,1092.6151477794183,2620.5848173340787,336.75100300188734,336.75100300188734,336.75100300188734,336.75100300188734,336.75100300188734,336.75100300188734,0.0,0.0,0.0,2130.6075276072675
13039,2013-10-18,1794.003522632004,1425.0513899362568,2969.6892662583987,1092.3625311917658,2621.987101354035,336.76566192727427,336.76566192727427,336.76566192727427,336.76566192727427,336.76566192727427,336.76566192727427,0.0,0.0,0.0,2130.769184559278
13040,2013-10-21,1794.4445167118763,1430.7441796051107,2972.8013585299027,1090.748926370134,2626.1939534139,336.79912963268174,336.79912963268174,336.79912963268174,336.79912963268174,336.79912963268174,336.79912963268174,0.0,0.0,0.0,2131.243646344558
13041,2013-10-22,1794.5915147385003,1421.9467119033866,2967.4678671840384,1089.9013590200602,2627.284381624692,336.8067689339972,336.8067689339972,336.8067689339972,336.8067689339972,336.8067689339972,336.8067689339972,0.0,0.0,0.0,2131.3982836724977
13042,2013-10-23,1794.7385127651241,1417.1009126280023,2958.4601540014783,1089.0537916699861,2628.148124759395,336.81264317609197,336.81264317609197,336.81264317609197,336.81264317609197,336.81264317609197,336.81264317609197,0.0,0.0,0.0,2131.551155941216
13043,2013-10-24,1794.8855107917482,1432.3699684114943,2975.68570702882,1088.206224319912,2629.0118678940985,336.81674832149014,336.81674832149014,336.81674832149014,336.81674832149014,336.81674832149014,336.81674832149014,0.0,0.0,0.0,2131.702259113238
13044,2013-10-25,1795.0325088183722,1420.4698012132144,2961.4640334018372,1087.3586569698382,2629.8756110288014,336.8190803448108,336.8190803448108,336.8190803448108,336.8190803448108,336.8190803448108,336.8190803448108,0.0,0.0,0.0,2131.8515891631832
13045,2013-10-28,1795.473502898244,1410.1269574558255,2971.7343035480876,1084.8159549196187,2632.441338145405,336.8153976121612,336.8153976121612,336.8153976121612,336.8153976121612,336.8153976121612,336.8153976121612,0.0,0.0,0.0,2132.2889005104053
13046,2013-10-29,1795.620500924868,1390.2503499938864,2964.4505405410396,1083.9683875695448,2633.17939744518,336.81059713901163,336.81059713901163,336.81059713901163,336.81059713901163,336.81059713901163,336.81059713901163,0.0,0.0,0.0,2132.4310980638797
13047,2013-10-30,1795.7674989514928,1418.2696200300672,2964.844748455491,1083.1208202194682,2633.9174567449572,336.80400360207074,336.80400360207074,336.80400360207074,336.80400360207074,336.80400360207074,336.80400360207074,0.0,0.0,0.0,2132.5715025535637
13048,2013-10-31,1795.9144969781166,1421.4804930673695,2979.8134605451137,1082.2732528693941,2634.655516044732,336.795613050796,336.795613050796,336.795613050796,336.795613050796,336.795613050796,336.795613050796,0.0,0.0,0.0,2132.710110028913
13049,2013-11-01,1796.0614950047407,1416.6749015693417,2987.5442993057477,1081.4256855193225,2635.393575344506,336.78542154749937,336.78542154749937,336.78542154749937,336.78542154749937,336.78542154749937,336.78542154749937,0.0,0.0,0.0,2132.84691655224
13050,2013-11-04,1796.5024890846128,1407.6519666172626,2977.5643785392335,1078.8829834691005,2637.6077532438276,336.744002143693,336.744002143693,336.744002143693,336.744002143693,336.744002143693,336.744002143693,0.0,0.0,0.0,2133.246491228306
13051,2013-11-05,1796.6494871112366,1426.1104963648136,2976.618057638403,1078.0354161190266,2637.9494570108372,336.7265677163198,336.7265677163198,336.7265677163198,336.7265677163198,336.7265677163198,336.7265677163198,0.0,0.0,0.0,2133.3760548275563
13052,2013-11-06,1796.7964851378606,1413.0675626867283,2970.509756982627,1077.1976353298905,2638.220586516435,336.707312845108,336.707312845108,336.707312845108,336.707312845108,336.707312845108,336.707312845108,0.0,0.0,0.0,2133.5037979829685
13053,2013-11-07,1796.9434831644846,1404.4264275545015,2976.517249218016,1076.3393677084352,2638.491716022033,336.6862336717821,336.6862336717821,336.6862336717821,336.6862336717821,336.6862336717821,336.6862336717821,0.0,0.0,0.0,2133.6297168362667
13054,2013-11-08,1797.0904811911087,1420.4330726745904,2977.000717986938,1075.3424622556881,2638.7628455276304,336.66332635168465,336.66332635168465,336.66332635168465,336.66332635168465,336.66332635168465,336.66332635168465,0.0,0.0,0.0,2133.7538075427933
13055,2013-11-11,1797.5314752709805,1408.7913658875982,2994.5230026904605,1072.4022583785295,2639.576234044423,336.58359727073827,336.58359727073827,336.58359727073827,336.58359727073827,336.58359727073827,336.58359727073827,0.0,0.0,0.0,2134.1150725417187
13056,2013-11-12,1797.6784732976046,1405.878961006874,2957.224106757494,1071.4221904194794,2639.8473635500204,336.5533391931456,336.5533391931456,336.5533391931456,336.5533391931456,336.5533391931456,336.5533391931456,0.0,0.0,0.0,2134.23181249075
13057,2013-11-13,1797.8254713242284,1412.4640433425718,2973.4289046489307,1070.4421224604266,2640.1184930556174,336.52123395357455,336.52123395357455,336.52123395357455,336.52123395357455,336.52123395357455,336.52123395357455,0.0,0.0,0.0,2134.346705277803
13058,2013-11-14,1797.9724693508524,1433.5260511052206,2979.6951791369993,1069.4620545013738,2640.3896225612148,336.48727779136425,336.48727779136425,336.48727779136425,336.48727779136425,336.48727779136425,336.48727779136425,0.0,0.0,0.0,2134.4597471422167
13059,2013-11-15,1798.1194673774764,1392.8437438891408,2990.017046407706,1068.589269141396,2640.660752066813,336.4514669602368,336.4514669602368,336.4514669602368,336.4514669602368,336.4514669602368,336.4514669602368,0.0,0.0,0.0,2134.5709343377134
13060,2013-11-18,1798.5604614573488,1403.2679885936625,2963.35296268326,1066.1816459951106,2641.474140583605,336.33286920858455,336.33286920858455,336.33286920858455,336.33286920858455,336.33286920858455,336.33286920858455,0.0,0.0,0.0,2134.8933306659333
13061,2013-11-19,1798.7074594839728,1409.214234754575,2980.405065826307,1065.379104946348,2641.745270089202,336.28960253046137,336.28960253046137,336.28960253046137,336.28960253046137,336.28960253046137,336.28960253046137,0.0,0.0,0.0,2134.997062014434
13062,2013-11-20,1798.8544575105966,1412.6024916461781,2962.2380702388873,1064.5765638975854,2642.0163995947996,336.24446267157936,336.24446267157936,336.24446267157936,336.24446267157936,336.24446267157936,336.24446267157936,0.0,0.0,0.0,2135.098920182176
13063,2013-11-21,1799.0014555372206,1401.9829398381298,3016.503818075302,1063.7740228488228,2642.287529100398,336.197445974245,336.197445974245,336.197445974245,336.197445974245,336.197445974245,336.197445974245,0.0,0.0,0.0,2135.1989015114655
13064,2013-11-22,1799.1484535638447,1385.6988292157164,2989.281714102185,1062.97148180006,2642.558658605995,336.1485487959118,336.1485487959118,336.1485487959118,336.1485487959118,336.1485487959118,336.1485487959118,0.0,0.0,0.0,2135.2970023597563
13065,2013-11-25,1799.5894476437165,1400.7794278070248,2977.6471329280207,1060.5638586537746,2643.3720471227875,335.99053817894134,335.99053817894134,335.99053817894134,335.99053817894134,335.99053817894134,335.99053817894134,0.0,0.0,0.0,2135.579985822658
13066,2013-11-26,1799.7364456703406,1393.4848502370337,2980.3461675847625,1059.761317605012,2643.643176628385,335.9340829578962,335.9340829578962,335.9340829578962,335.9340829578962,335.9340829578962,335.9340829578962,0.0,0.0,0.0,2135.6705286282368
13067,2013-11-27,1799.8834436969646,1398.3298659013494,2970.7052327332713,1058.9587765562494,2644.154235564977,335.87572927413726,335.87572927413726,335.87572927413726,335.87572927413726,335.87572927413726,335.87572927413726,0.0,0.0,0.0,2135.759172971102
13068,2013-11-29,1800.1774397502131,1409.4398820199765,3007.7927754750112,1058.0710319666168,2646.305632552459,335.753312336885,335.753312336885,335.753312336885,335.753312336885,335.753312336885,335.753312336885,0.0,0.0,0.0,2135.930752087098
13069,2013-12-02,1800.6184338300852,1383.4519882914012,2963.821987296984,1057.1912217494437,2649.5327280336746,335.55536024563696,335.55536024563696,335.55536024563696,335.55536024563696,335.55536024563696,335.55536024563696,0.0,0.0,0.0,2136.173794075722
13070,2013-12-03,1800.765431856709,1407.3268516367104,2995.393156113208,1056.8979516770528,2650.608426527413,335.485541809381,335.485541809381,335.485541809381,335.485541809381,335.485541809381,335.485541809381,0.0,0.0,0.0,2136.25097366609
13071,2013-12-04,1800.912429883333,1398.9752132543827,3001.640038869888,1056.604681604661,2651.6841250211514,335.41380040271156,335.41380040271156,335.41380040271156,335.41380040271156,335.41380040271156,335.41380040271156,0.0,0.0,0.0,2136.326230286045
13072,2013-12-05,1801.059427909957,1399.0894471184151,3023.742461581398,1056.3114115322703,2652.75982351489,335.3401325899112,335.3401325899112,335.3401325899112,335.3401325899112,335.3401325899112,335.3401325899112,0.0,0.0,0.0,2136.399560499868
13073,2013-12-06,1801.2064259365811,1410.7301617460753,3005.1742179993607,1056.0181414598794,2653.835522008631,335.2645349519351,335.2645349519351,335.2645349519351,335.2645349519351,335.2645349519351,335.2645349519351,0.0,0.0,0.0,2136.4709608885164
13074,2013-12-09,1801.647420016453,1394.1322313979135,3024.5770428809055,1054.1469114515205,2657.062617489846,335.0261291488692,335.0261291488692,335.0261291488692,335.0261291488692,335.0261291488692,335.0261291488692,0.0,0.0,0.0,2136.673549165322
13075,2013-12-10,1801.794418043077,1400.5789624500842,3004.5317962308654,1053.4484046673285,2658.1383159835846,334.9427783569856,334.9427783569856,334.9427783569856,334.9427783569856,334.9427783569856,334.9427783569856,0.0,0.0,0.0,2136.7371964000627
13076,2013-12-11,1801.941416069701,1389.9985693453589,2993.6161090129426,1052.749897883136,2659.214014477323,334.8574808985831,334.8574808985831,334.8574808985831,334.8574808985831,334.8574808985831,334.8574808985831,0.0,0.0,0.0,2136.798896968284
13077,2013-12-12,1802.0884140963249,1387.4681807922805,3019.780071863013,1052.0513910989414,2660.2897129710614,334.7702334569272,334.7702334569272,334.7702334569272,334.7702334569272,334.7702334569272,334.7702334569272,0.0,0.0,0.0,2136.858647553252
13078,2013-12-13,1802.2354121229494,1410.1423052621642,3018.158855340158,1051.3528843147492,2661.3654114648025,334.6810327327142,334.6810327327142,334.6810327327142,334.6810327327142,334.6810327327142,334.6810327327142,0.0,0.0,0.0,2136.9164448556635
13079,2013-12-16,1802.6764062028212,1397.627825138339,3007.8687653578227,1049.2573639621703,2664.5925069460177,334.401678135431,334.401678135431,334.401678135431,334.401678135431,334.401678135431,334.401678135431,0.0,0.0,0.0,2137.078084338252
13080,2013-12-17,1802.8234042294453,1385.3764756378914,3016.7319821581186,1048.5588571779779,2665.668205439756,334.30463164035234,334.30463164035234,334.30463164035234,334.30463164035234,334.30463164035234,334.30463164035234,0.0,0.0,0.0,2137.1280358697977
13081,2013-12-18,1802.9704022560693,1382.943551886623,3012.2276011623644,1047.8603503937857,2666.7439039334945,334.20561563144076,334.20561563144076,334.20561563144076,334.20561563144076,334.20561563144076,334.20561563144076,0.0,0.0,0.0,2137.17601788751
13082,2013-12-19,1803.117400282693,1388.9149380402964,3019.2707592784245,1047.161843609591,2667.819602427233,334.10462691624326,334.10462691624326,334.10462691624326,334.10462691624326,334.10462691624326,334.10462691624326,0.0,0.0,0.0,2137.2220271989363
13083,2013-12-20,1803.2643983093171,1374.0637200869824,2999.9456506660554,1046.4330593489603,2668.8953009209717,334.0016623204917,334.0016623204917,334.0016623204917,334.0016623204917,334.0016623204917,334.0016623204917,0.0,0.0,0.0,2137.2660606298086
13084,2013-12-23,1803.705392389189,1387.1946159135211,3028.826779652216,1043.4565980768523,2672.122396402189,333.6808817822751,333.6808817822751,333.6808817822751,333.6808817822751,333.6808817822751,333.6808817822751,0.0,0.0,0.0,2137.3862741714643
13085,2013-12-24,1803.852390415813,1378.255426554906,3004.8221006572517,1042.4644443194836,2673.198094895928,333.5699822890954,333.5699822890954,333.5699822890954,333.5699822890954,333.5699822890954,333.5699822890954,0.0,0.0,0.0,2137.4223727049084
13086,2013-12-26,1804.146386469061,1373.1237124854172,3008.5994376713525,1040.4801368047442,2675.349491883405,333.3422058137573,333.3422058137573,333.3422058137573,333.3422058137573,333.3422058137573,333.3422058137573,0.0,0.0,0.0,2137.4885922828184
13087,2013-12-27,1804.293384495685,1385.9485141214461,3005.909235721497,1039.487983047376,2676.425190377143,333.22532272472205,333.22532272472205,333.22532272472205,333.22532272472205,333.22532272472205,333.22532272472205,0.0,0.0,0.0,2137.518707220407
13088,2013-12-30,1804.7343785755577,1386.71518340016,3024.0590312959903,1036.6050891064938,2679.652285858364,332.8626578107565,332.8626578107565,332.8626578107565,332.8626578107565,332.8626578107565,332.8626578107565,0.0,0.0,0.0,2137.5970363863144
13089,2013-12-31,1804.8813766021817,1377.8887501496113,3032.54930761214,1035.675114896495,2680.7279843521023,332.73775433548985,332.73775433548985,332.73775433548985,332.73775433548985,332.73775433548985,332.73775433548985,0.0,0.0,0.0,2137.619130937672
13090,2014-01-02,1805.1753726554296,1369.57636660912,3004.635424405258,1033.8151664765016,2682.879381339582,332.48190691377937,332.48190691377937,332.48190691377937,332.48190691377937,332.48190691377937,332.48190691377937,0.0,0.0,0.0,2137.657279569209
13091,2014-01-03,1805.3223706820536,1360.0956272894218,3034.8135755036615,1032.885192266505,2683.95507983332,332.35095713074674,332.35095713074674,332.35095713074674,332.35095713074674,332.35095713074674,332.35095713074674,0.0,0.0,0.0,2137.6733278128004
13092,2014-01-06,1805.7633647619255,1362.268322356985,3008.0967742860444,1030.095269636513,2687.182175314535,331.9459688888499,331.9459688888499,331.9459688888499,331.9459688888499,331.9459688888499,331.9459688888499,0.0,0.0,0.0,2137.7093336507755
13093,2014-01-07,1805.9103627885495,1376.336296642017,3025.208079414888,1029.3670483458259,2688.257873808274,331.8069170147504,331.8069170147504,331.8069170147504,331.8069170147504,331.8069170147504,331.8069170147504,0.0,0.0,0.0,2137.7172798033
13094,2014-01-08,1806.0573608151735,1361.7196295705369,3023.071058745622,1029.0464694806356,2689.3335723020123,331.6658325462818,331.6658325462818,331.6658325462818,331.6658325462818,331.6658325462818,331.6658325462818,0.0,0.0,0.0,2137.7231933614553
13095,2014-01-09,1806.2043588417978,1371.8951635064063,3046.4533530952754,1028.7258906154452,2690.1903776868326,331.5227126952612,331.5227126952612,331.5227126952612,331.5227126952612,331.5227126952612,331.5227126952612,0.0,0.0,0.0,2137.727071537059
13096,2014-01-10,1806.3513568684218,1388.3059943260664,3031.6896690099416,1028.4053117502551,2691.0178335408455,331.377554693917,331.377554693917,331.377554693917,331.377554693917,331.377554693917,331.377554693917,0.0,0.0,0.0,2137.728911562339
13097,2014-01-13,1806.7923509482937,1355.3621569522409,3036.2398084376136,1027.4435751546844,2693.50020110288,330.92982441861244,330.92982441861244,330.92982441861244,330.92982441861244,330.92982441861244,330.92982441861244,0.0,0.0,0.0,2137.722175366906
13098,2014-01-14,1806.9393489749177,1360.4804101145082,3023.368822882957,1027.1229962894938,2694.327656956893,330.7764865501595,330.7764865501595,330.7764865501595,330.7764865501595,330.7764865501595,330.7764865501595,0.0,0.0,0.0,2137.715835525077
13099,2014-01-15,1807.0863470015418,1382.647372888554,3038.818184486512,1026.8331955144813,2695.155112810906,330.62109700235777,330.62109700235777,330.62109700235777,330.62109700235777,330.62109700235777,330.62109700235777,0.0,0.0,0.0,2137.7074440038996
13100,2014-01-16,1807.2333450281656,1361.611776939639,3023.2029781673223,1026.5800063656097,2695.982568664918,330.4636531320928,330.4636531320928,330.4636531320928,330.4636531320928,330.4636531320928,330.4636531320928,0.0,0.0,0.0,2137.6969981602583
13101,2014-01-17,1807.3803430547896,1371.3270567084178,3009.5314626937034,1026.3490409862386,2696.8100245189307,330.3041523173887,330.3041523173887,330.3041523173887,330.3041523173887,330.3041523173887,330.3041523173887,0.0,0.0,0.0,2137.6844953721784
13102,2014-01-21,1807.9683351612855,1352.2925073827798,3046.465698942727,1025.11191863396,2703.0077238574045,329.64552792029286,329.64552792029286,329.64552792029286,329.64552792029286,329.64552792029286,329.64552792029286,0.0,0.0,0.0,2137.6138630815785
13103,2014-01-22,1808.1153331879095,1372.7978963605387,3028.9205549862827,1024.5102072803727,2704.643211506177,329.4757038008116,329.4757038008116,329.4757038008116,329.4757038008116,329.4757038008116,329.4757038008116,0.0,0.0,0.0,2137.591036988721
13104,2014-01-23,1808.2623312145336,1365.437790470297,3043.025112745435,1023.9084959267857,2705.969487431643,329.30380745469967,329.30380745469967,329.30380745469967,329.30380745469967,329.30380745469967,329.30380745469967,0.0,0.0,0.0,2137.566138669233
13105,2014-01-24,1808.4093292411576,1366.2840637534368,3036.7992615882354,1023.3067845731958,2707.1349672359106,329.1298364108217,329.1298364108217,329.1298364108217,329.1298364108217,329.1298364108217,329.1298364108217,0.0,0.0,0.0,2137.539165651979
13106,2014-01-27,1808.8503233210297,1361.395813050971,3029.1327000565216,1021.8694343636856,2710.0098912682397,328.5954507112002,328.5954507112002,328.5954507112002,328.5954507112002,328.5954507112002,328.5954507112002,0.0,0.0,0.0,2137.44577403223
13107,2014-01-28,1808.9973213476537,1352.2950299337156,3049.7407755750714,1020.8866312753446,2710.665449439985,328.41315660555557,328.41315660555557,328.41315660555557,328.41315660555557,328.41315660555557,328.41315660555557,0.0,0.0,0.0,2137.4104779532095
13108,2014-01-29,1809.144319374278,1351.828957545388,3036.841790379405,1020.0688028825932,2711.3210076117334,328.2287757778355,328.2287757778355,328.2287757778355,328.2287757778355,328.2287757778355,328.2287757778355,0.0,0.0,0.0,2137.3730951521134
13109,2014-01-30,1809.291317400902,1346.2683660622013,3040.6444406163705,1019.3552699052605,2711.976565783479,328.0423058901576,328.0423058901576,328.0423058901576,328.0423058901576,328.0423058901576,328.0423058901576,0.0,0.0,0.0,2137.3336232910597
13110,2014-01-31,1809.438315427526,1343.5009541601894,3045.3338566025845,1018.6417369279278,2712.6321239552244,327.85374462719676,327.85374462719676,327.85374462719676,327.85374462719676,327.85374462719676,327.85374462719676,0.0,0.0,0.0,2137.2920600547227
13111,2014-02-03,1809.879309507398,1375.7389601208001,3048.3098389878323,1016.5296373225544,2714.598798470461,327.2754897738777,327.2754897738777,327.2754897738777,327.2754897738777,327.2754897738777,327.2754897738777,0.0,0.0,0.0,2137.1547992812757
13112,2014-02-04,1810.0263075340224,1363.2659763913755,3043.6120501986547,1015.8845253839494,2715.2543566422064,327.07854031123753,327.07854031123753,327.07854031123753,327.07854031123753,327.07854031123753,327.07854031123753,0.0,0.0,0.0,2137.10484784526
13113,2014-02-05,1810.1733055606462,1338.3623431512676,3063.578355558712,1015.2394134453468,2715.9099148139517,326.8794882385786,326.8794882385786,326.8794882385786,326.8794882385786,326.8794882385786,326.8794882385786,0.0,0.0,0.0,2137.0527937992247
13114,2014-02-06,1810.3203035872702,1353.4252885423455,3041.376807979221,1014.5943015067443,2716.565472985698,326.6783313780248,326.6783313780248,326.6783313780248,326.6783313780248,326.6783313780248,326.6783313780248,0.0,0.0,0.0,2136.998634965295
13115,2014-02-07,1810.4673016138943,1337.8135818114847,3061.760427932976,1013.9491895681417,2717.221031157443,326.47506757494983,326.47506757494983,326.47506757494983,326.47506757494983,326.47506757494983,326.47506757494983,0.0,0.0,0.0,2136.942369188844
13116,2014-02-10,1810.9082956937661,1354.6371694913776,3060.974297294637,1012.6772105065884,2719.1877056726807,325.85261331520667,325.85261331520667,325.85261331520667,325.85261331520667,325.85261331520667,325.85261331520667,0.0,0.0,0.0,2136.7609090089727
13117,2014-02-11,1811.0552937203902,1340.371969709182,3058.2453478039884,1012.3101967668213,2719.843263844426,325.6409006642847,325.6409006642847,325.6409006642847,325.6409006642847,325.6409006642847,325.6409006642847,0.0,0.0,0.0,2136.696194384675
13118,2014-02-12,1811.2022917470142,1338.5142811298367,3056.064964172511,1011.9431830270545,2720.4988220161717,325.4270706499298,325.4270706499298,325.4270706499298,325.4270706499298,325.4270706499298,325.4270706499298,0.0,0.0,0.0,2136.629362396944
13119,2014-02-13,1811.349289773638,1354.117871246084,3046.8427127742234,1011.5761692872876,2721.5770636113534,325.2111212590828,325.2111212590828,325.2111212590828,325.2111212590828,325.2111212590828,325.2111212590828,0.0,0.0,0.0,2136.560411032721
13120,2014-02-14,1811.496287800262,1337.7580445262745,3059.5811669364193,1011.2091555475209,2722.9466557871283,324.9930505026148,324.9930505026148,324.9930505026148,324.9930505026148,324.9930505026148,324.9930505026148,0.0,0.0,0.0,2136.4893383028766
13121,2014-02-18,1812.084279906758,1348.4598185849288,3060.0305881430595,1009.7411005884533,2728.425024490237,324.0995148809641,324.0995148809641,324.0995148809641,324.0995148809641,324.0995148809641,324.0995148809641,0.0,0.0,0.0,2136.183794787722
13122,2014-02-19,1812.231277933382,1345.5049750620663,3065.6416541263166,1009.3740868486864,2729.7946166660167,323.87080830379784,323.87080830379784,323.87080830379784,323.87080830379784,323.87080830379784,323.87080830379784,0.0,0.0,0.0,2136.1020862371797
13123,2014-02-20,1812.378275960006,1346.4837933144915,3061.9923933694654,1009.0070731089197,2731.164208841791,323.6399689341721,323.6399689341721,323.6399689341721,323.6399689341721,323.6399689341721,323.6399689341721,0.0,0.0,0.0,2136.018244894178
13124,2014-02-21,1812.52527398663,1344.684639840666,3044.315075856817,1008.6400593691528,2732.533801017571,323.4069949531528,323.4069949531528,323.4069949531528,323.4069949531528,323.4069949531528,323.4069949531528,0.0,0.0,0.0,2135.9322689397827
13125,2014-02-24,1812.9662680665022,1338.6697599523586,3065.494817867773,1007.5390181498523,2736.6425775449056,322.69524752332325,322.69524752332325,322.69524752332325,322.69524752332325,322.69524752332325,322.69524752332325,0.0,0.0,0.0,2135.6615155898253
13126,2014-02-25,1813.1132660931262,1359.1418650792352,3070.27889931912,1007.1720044100852,2738.0121697206805,322.4537174026151,322.4537174026151,322.4537174026151,322.4537174026151,322.4537174026151,322.4537174026151,0.0,0.0,0.0,2135.566983495741
13127,2014-02-26,1813.2602641197502,1332.6159637513992,3048.522204829645,1006.8049906703185,2739.3817618964604,322.2100439480737,322.2100439480737,322.2100439480737,322.2100439480737,322.2100439480737,322.2100439480737,0.0,0.0,0.0,2135.4703080678237
13128,2014-02-27,1813.4072621463743,1342.662036926809,3055.3274973821785,1006.4379769305516,2740.751354072235,321.9642254903073,321.9642254903073,321.9642254903073,321.9642254903073,321.9642254903073,321.9642254903073,0.0,0.0,0.0,2135.3714876366816
13129,2014-02-28,1813.5542601729985,1350.320456688773,3060.8594603623537,1006.0709631907832,2742.12094624802,321.71626038516814,321.71626038516814,321.71626038516814,321.71626038516814,321.71626038516814,321.71626038516814,0.0,0.0,0.0,2135.2705205581665
13130,2014-03-03,1813.9952542528708,1353.4235067827422,3083.5542549572474,1004.9699219714827,2746.2297227753497,320.95946912465575,320.95946912465575,320.95946912465575,320.95946912465575,320.95946912465575,320.95946912465575,0.0,0.0,0.0,2134.9547233775265
13131,2014-03-04,1814.1422522794949,1343.075377555943,3087.6406216677456,1004.6029082317159,2747.599314951129,320.7029014966723,320.7029014966723,320.7029014966723,320.7029014966723,320.7029014966723,320.7029014966723,0.0,0.0,0.0,2134.845153776167
13132,2014-03-05,1814.2892503061187,1341.2511208569554,3077.6720020005287,1004.2358944919488,2748.9689071269045,320.44417938246147,320.44417938246147,320.44417938246147,320.44417938246147,320.44417938246147,320.44417938246147,0.0,0.0,0.0,2134.73342968858
13133,2014-03-06,1814.4362483327427,1330.3059763394533,3041.3710770687076,1003.8688807521819,2750.338499302684,320.1833012912612,320.1833012912612,320.1833012912612,320.1833012912612,320.1833012912612,320.1833012912612,0.0,0.0,0.0,2134.619549624004
13134,2014-03-07,1814.5832463593667,1327.0545506064016,3065.4861074658206,1003.5018670124152,2751.7080914784588,319.9202657581861,319.9202657581861,319.9202657581861,319.9202657581861,319.9202657581861,319.9202657581861,0.0,0.0,0.0,2134.503512117553
13135,2014-03-10,1815.0242404392386,1345.828827733452,3081.8098358454045,1002.4125679301288,2755.816868005793,319.11820024890534,319.11820024890534,319.11820024890534,319.11820024890534,319.11820024890534,319.11820024890534,0.0,0.0,0.0,2134.142440688144
13136,2014-03-11,1815.1712384658626,1337.1440414337521,3074.419560708559,1002.1582265423507,2757.186460181573,318.84652082015486,318.84652082015486,318.84652082015486,318.84652082015486,318.84652082015486,318.84652082015486,0.0,0.0,0.0,2134.0177592860173
13137,2014-03-12,1815.3182364924867,1344.9773713918403,3063.401170556804,1001.9038851545725,2758.5560523573477,318.5726770163793,318.5726770163793,318.5726770163793,318.5726770163793,318.5726770163793,318.5726770163793,0.0,0.0,0.0,2133.890913508866
13138,2014-03-13,1815.4652345191107,1342.774672833689,3074.8429712517436,1001.6495437667944,2759.925644533128,318.29666752981797,318.29666752981797,318.29666752981797,318.29666752981797,318.29666752981797,318.29666752981797,0.0,0.0,0.0,2133.7619020489287
13139,2014-03-14,1815.6122325457345,1308.3029170020607,3083.013980512902,1001.3952023790164,2761.2703837689623,318.01849107920066,318.01849107920066,318.01849107920066,318.01849107920066,318.01849107920066,318.01849107920066,0.0,0.0,0.0,2133.630723624935
13140,2014-03-17,1816.0532266256066,1330.2360743464055,3068.922047848097,1000.632178215682,2764.678191357433,317.1709475295116,317.1709475295116,317.1709475295116,317.1709475295116,317.1709475295116,317.1709475295116,0.0,0.0,0.0,2133.2241741551184
13141,2014-03-18,1816.2002246522304,1336.6214203358375,3058.1356021528745,1000.3778368279038,2765.814127220256,316.8840909428313,316.8840909428313,316.8840909428313,316.8840909428313,316.8840909428313,316.8840909428313,0.0,0.0,0.0,2133.0843155950615
13142,2014-03-19,1816.3472226788545,1313.4451015813456,3067.565275367166,1000.1234954401259,2766.9500630830803,316.5950613861358,316.5950613861358,316.5950613861358,316.5950613861358,316.5950613861358,316.5950613861358,0.0,0.0,0.0,2132.9422840649904
13143,2014-03-20,1816.4942207054785,1340.143821037877,3083.3955656383628,999.8691540523477,2768.0859989459063,316.30385773890606,316.30385773890606,316.30385773890606,316.30385773890606,316.30385773890606,316.30385773890606,0.0,0.0,0.0,2132.7980784443844
13144,2014-03-21,1816.6412187321025,1340.4180213852583,3063.443933372857,999.6148126645696,2769.2219348087297,316.0104789077086,316.0104789077086,316.0104789077086,316.0104789077086,316.0104789077086,316.0104789077086,0.0,0.0,0.0,2132.651697639811
13145,2014-03-24,1817.0822128119748,1312.0082708099383,3074.069092113538,999.221547914699,2772.6297423972,315.1172807840345,315.1172807840345,315.1172807840345,315.1172807840345,315.1172807840345,315.1172807840345,0.0,0.0,0.0,2132.1994935960092
13146,2014-03-25,1817.2292108385986,1315.2477565172612,3089.405328397685,999.5904871439946,2773.7656782600234,314.81519082728664,314.81519082728664,314.81519082728664,314.81519082728664,314.81519082728664,314.81519082728664,0.0,0.0,0.0,2132.0444016658853
13147,2014-03-26,1817.3762088652227,1321.7497947005018,3074.8500840433535,999.9594263732901,2774.901614122847,314.51092062861477,314.51092062861477,314.51092062861477,314.51092062861477,314.51092062861477,314.51092062861477,0.0,0.0,0.0,2131.8871294938376
13148,2014-03-27,1817.5232068918467,1327.1360888390116,3094.6384600846823,1000.3283656025843,2776.0375499856705,314.2044692588444,314.2044692588444,314.2044692588444,314.2044692588444,314.2044692588444,314.2044692588444,0.0,0.0,0.0,2131.727676150691
13149,2014-03-28,1817.6702049184707,1312.2610782792253,3083.62186850186,1000.6973048318798,2777.1734858484965,313.89583581646065,313.89583581646065,313.89583581646065,313.89583581646065,313.89583581646065,313.89583581646065,0.0,0.0,0.0,2131.5660407349314
13150,2014-03-31,1818.1111989983433,1331.7013429896958,3090.0206226326713,1001.8041225197675,2780.51062580654,312.9568344550897,312.9568344550897,312.9568344550897,312.9568344550897,312.9568344550897,312.9568344550897,0.0,0.0,0.0,2131.068033453433
13151,2014-04-01,1818.2581970249673,1316.9679333352092,3085.6211820310555,1002.173061749063,2781.546008529017,312.6394642631387,312.6394642631387,312.6394642631387,312.6394642631387,312.6394642631387,312.6394642631387,0.0,0.0,0.0,2130.897661288106
13152,2014-04-02,1818.4051950515914,1303.6785157578668,3082.5233004807146,1002.5420009783584,2782.5813912514923,312.3199079087193,312.3199079087193,312.3199079087193,312.3199079087193,312.3199079087193,312.3199079087193,0.0,0.0,0.0,2130.725102960311
13153,2014-04-03,1818.5521930782152,1320.6021594834024,3081.8391005397584,1002.9109402076527,2783.616773973967,311.99816465795794,311.99816465795794,311.99816465795794,311.99816465795794,311.99816465795794,311.99816465795794,0.0,0.0,0.0,2130.5503577361733
13154,2014-04-04,1818.6991911048392,1327.6647728095904,3079.945771412175,1003.2798794369481,2784.6521566964416,311.6742338051927,311.6742338051927,311.6742338051927,311.6742338051927,311.6742338051927,311.6742338051927,0.0,0.0,0.0,2130.373424910032
13155,2014-04-07,1819.140185184711,1310.6052893629308,3102.033145211837,1004.3866971248347,2787.194592411739,310.68930900309516,310.68930900309516,310.68930900309516,310.68930900309516,310.68930900309516,310.68930900309516,0.0,0.0,0.0,2129.829494187806
13156,2014-04-08,1819.287183211335,1320.7928854604945,3085.663846249723,1004.7556363541289,2787.659206324379,310.35662125268,310.35662125268,310.35662125268,310.35662125268,310.35662125268,310.35662125268,0.0,0.0,0.0,2129.643804464015
13157,2014-04-09,1819.4341812379591,1295.235892772387,3086.130751549139,1005.1245755834244,2788.123820237021,310.0217427978536,310.0217427978536,310.0217427978536,310.0217427978536,310.0217427978536,310.0217427978536,0.0,0.0,0.0,2129.4559240358126
13158,2014-04-10,1819.5811792645832,1316.772580558591,3108.4454218182373,1005.31211786039,2788.5884341496603,309.68467310384494,309.68467310384494,309.68467310384494,309.68467310384494,309.68467310384494,309.68467310384494,0.0,0.0,0.0,2129.265852368428
13159,2014-04-11,1819.728177291207,1312.1735739953835,3100.5173192499387,1005.0589287115183,2789.053048062302,309.3454116646254,309.3454116646254,309.3454116646254,309.3454116646254,309.3454116646254,309.3454116646254,0.0,0.0,0.0,2129.0735889558323
13160,2014-04-14,1820.169171371079,1317.2648395807134,3070.566583524725,1004.2993612649034,2790.319610733311,308.31447224813627,308.31447224813627,308.31447224813627,308.31447224813627,308.31447224813627,308.31447224813627,0.0,0.0,0.0,2128.4836436192154
13161,2014-04-15,1820.316169397703,1300.4900866951966,3107.186514279461,1004.0461721160318,2790.712033800288,307.9664393452565,307.9664393452565,307.9664393452565,307.9664393452565,307.9664393452565,307.9664393452565,0.0,0.0,0.0,2128.2826087429594
13162,2014-04-16,1820.463167424327,1293.7172682963785,3078.1561560602804,1003.7929829671601,2791.104456867266,307.6162126007608,307.6162126007608,307.6162126007608,307.6162126007608,307.6162126007608,307.6162126007608,0.0,0.0,0.0,2128.0793800250876
13163,2014-04-17,1820.6101654509514,1314.884612732196,3089.1448588268167,1003.5397938182886,2791.4968799342428,307.2637916826186,307.2637916826186,307.2637916826186,307.2637916826186,307.2637916826186,307.2637916826186,0.0,0.0,0.0,2127.87395713357
13164,2014-04-21,1821.1981575574473,1311.90459708973,3089.3253205203155,1002.5270372228018,2793.0665722021517,305.8321606582869,305.8321606582869,305.8321606582869,305.8321606582869,305.8321606582869,305.8321606582869,0.0,0.0,0.0,2127.030318215734
13165,2014-04-22,1821.345155584071,1304.0513129819149,3087.0778006537917,1002.2738480739303,2793.4589952691304,305.46876491772446,305.46876491772446,305.46876491772446,305.46876491772446,305.46876491772446,305.46876491772446,0.0,0.0,0.0,2126.8139205017956
13166,2014-04-23,1821.4921536106951,1306.501635676276,3102.4141745558536,1002.0206589250586,2793.851418336107,305.10317362805984,305.10317362805984,305.10317362805984,305.10317362805984,305.10317362805984,305.10317362805984,0.0,0.0,0.0,2126.595327238755
13167,2014-04-24,1821.6391516373192,1295.6922236973785,3101.838020069846,1001.767469776187,2794.243841403085,304.73538666347827,304.73538666347827,304.73538666347827,304.73538666347827,304.73538666347827,304.73538666347827,0.0,0.0,0.0,2126.374538300797
13168,2014-04-25,1821.7861496639432,1295.3718530191854,3071.697470204068,1001.5142806273152,2794.6362644700616,304.36540392790096,304.36540392790096,304.36540392790096,304.36540392790096,304.36540392790096,304.36540392790096,0.0,0.0,0.0,2126.1515535918443
13169,2014-04-28,1822.227143743815,1304.2509522232165,3103.3625906015754,1000.2335593103111,2795.8123081097115,303.2422805817714,303.2422805817714,303.2422805817714,303.2422805817714,303.2422805817714,303.2422805817714,0.0,0.0,0.0,2125.4694243255863
13170,2014-04-29,1822.3741417704398,1302.6968814996444,3103.238433627428,999.6417143888383,2796.2015359739557,302.8635143983785,302.8635143983785,302.8635143983785,302.8635143983785,302.8635143983785,302.8635143983785,0.0,0.0,0.0,2125.2376561688184
13171,2014-04-30,1822.5211397970638,1307.1181271237858,3088.7883930768808,999.0498694673666,2796.5907638382014,302.48255241189344,302.48255241189344,302.48255241189344,302.48255241189344,302.48255241189344,302.48255241189344,0.0,0.0,0.0,2125.003692208957
13172,2014-05-01,1822.6681378236876,1299.3124817730902,3095.203071965491,998.4580245458951,2797.3717299295063,302.09939470601125,302.09939470601125,302.09939470601125,302.09939470601125,302.09939470601125,302.09939470601125,0.0,0.0,0.0,2124.7675325296987
13173,2014-05-02,1822.8151358503117,1297.1607102659136,3115.418214133249,997.8661796244235,2798.73085072598,301.7140413946205,301.7140413946205,301.7140413946205,301.7140413946205,301.7140413946205,301.7140413946205,0.0,0.0,0.0,2124.5291772449323
13174,2014-05-05,1823.2561299301838,1312.861895829893,3098.506292711688,996.0906448600098,2802.1719799019565,300.54480942039385,300.54480942039385,300.54480942039385,300.54480942039385,300.54480942039385,300.54480942039385,0.0,0.0,0.0,2123.8009393505777
13175,2014-05-06,1823.4031279568076,1289.8878817155605,3101.144984724146,995.4987999385384,2802.528043444427,300.1506754317839,300.1506754317839,300.1506754317839,300.1506754317839,300.1506754317839,300.1506754317839,0.0,0.0,0.0,2123.5538033885914
13176,2014-05-07,1823.5501259834316,1307.8874503507666,3084.1913362345467,994.9069550170666,2802.8841069868986,299.7543468621066,299.7543468621066,299.7543468621066,299.7543468621066,299.7543468621066,299.7543468621066,0.0,0.0,0.0,2123.3044728455384
13177,2014-05-08,1823.6971240100556,1287.75818803025,3112.3745492911635,994.3151100955951,2803.2401705293687,299.3558240076788,299.3558240076788,299.3558240076788,299.3558240076788,299.3558240076788,299.3558240076788,0.0,0.0,0.0,2123.0529480177343
13178,2014-05-09,1823.8441220366797,1300.0500791637307,3099.598470463115,993.7232651741235,2803.5962340718397,298.9551071954401,298.9551071954401,298.9551071954401,298.9551071954401,298.9551071954401,298.9551071954401,0.0,0.0,0.0,2122.7992292321196
13179,2014-05-12,1824.2851161165515,1299.89328397258,3116.7872004667097,991.9477304097086,2804.6644246992523,297.73979674171795,297.73979674171795,297.73979674171795,297.73979674171795,297.73979674171795,297.73979674171795,0.0,0.0,0.0,2122.0249128582695
13180,2014-05-13,1824.4321141431756,1300.0813201965148,3102.792857744944,991.355885488237,2805.020488241724,297.3303079820056,297.3303079820056,297.3303079820056,297.3303079820056,297.3303079820056,297.3303079820056,0.0,0.0,0.0,2121.7624221251813
13181,2014-05-14,1824.5791121697998,1309.7258929606016,3121.424368383908,990.7640405667667,2805.3765517841944,296.9186273604739,296.9186273604739,296.9186273604739,296.9186273604739,296.9186273604739,296.9186273604739,0.0,0.0,0.0,2121.497739530274
13182,2014-05-15,1824.7261101964239,1275.6608525219835,3093.852331035721,990.1721956452951,2805.955411286053,296.50475538898684,296.50475538898684,296.50475538898684,296.50475538898684,296.50475538898684,296.50475538898684,0.0,0.0,0.0,2121.230865585411
13183,2014-05-16,1824.873108223048,1290.310089304919,3097.8742883515724,989.5803507238235,2806.6896747687706,296.08869261042565,296.08869261042565,296.08869261042565,296.08869261042565,296.08869261042565,296.08869261042565,0.0,0.0,0.0,2120.9618008334737
13184,2014-05-19,1825.3141023029198,1279.5061156145657,3109.903512773,987.8048159594086,2809.834193215714,294.8273653275321,294.8273653275321,294.8273653275321,294.8273653275321,294.8273653275321,294.8273653275321,0.0,0.0,0.0,2120.141467630452
13185,2014-05-20,1825.4611003295438,1296.4101695483137,3104.8397412405934,987.2129710379371,2810.9309900955436,294.4025453717671,294.4025453717671,294.4025453717671,294.4025453717671,294.4025453717671,294.4025453717671,0.0,0.0,0.0,2119.863645701311
13186,2014-05-21,1825.6080983561676,1276.4092216362405,3106.6185896074194,986.6550409463543,2812.027786975371,293.97553779051543,293.97553779051543,293.97553779051543,293.97553779051543,293.97553779051543,293.97553779051543,0.0,0.0,0.0,2119.583636146683
13187,2014-05-22,1825.7550963827916,1285.9808781841703,3110.902377505328,986.1104445286467,2813.1245838552004,293.54634331390616,293.54634331390616,293.54634331390616,293.54634331390616,293.54634331390616,293.54634331390616,0.0,0.0,0.0,2119.301439696698
13188,2014-05-23,1825.9020944094157,1278.1394847910196,3099.471029304939,985.5658481109404,2814.221380735027,293.1149627034585,293.1149627034585,293.1149627034585,293.1149627034585,293.1149627034585,293.1149627034585,0.0,0.0,0.0,2119.017057112874
13189,2014-05-27,1826.4900865159116,1284.7609552955112,3093.717357405961,983.3874624401094,2818.6085682543408,291.3675952551726,291.3675952551726,291.3675952551726,291.3675952551726,291.3675952551726,291.3675952551726,0.0,0.0,0.0,2117.857681771084
13190,2014-05-28,1826.6370845425356,1286.3935686822108,3114.258541915291,982.8428660224017,2819.7053651341707,290.9252965005248,290.9252965005248,290.9252965005248,290.9252965005248,290.9252965005248,290.9252965005248,0.0,0.0,0.0,2117.56238104306
13191,2014-05-29,1826.7840825691603,1255.8270406489978,3120.947289830806,982.2982696046928,2820.8021620140003,290.48081684316844,290.48081684316844,290.48081684316844,290.48081684316844,290.48081684316844,290.48081684316844,0.0,0.0,0.0,2117.2648994123288
13192,2014-05-30,1826.9310805957841,1287.192640302571,3130.3747439747694,981.7536731869851,2821.8989588938302,290.03415726575145,290.03415726575145,290.03415726575145,290.03415726575145,290.03415726575145,290.03415726575145,0.0,0.0,0.0,2116.9652378615356
13193,2014-06-02,1827.3720746756562,1268.3925693493352,3120.5400833881736,980.9525707303599,2825.189349533313,288.681109316554,288.681109316554,288.681109316554,288.681109316554,288.681109316554,288.681109316554,0.0,0.0,0.0,2116.05318399221
13194,2014-06-03,1827.51907270228,1281.8809803641172,3125.3866734580797,980.3085060077939,2826.286146413143,288.22574052163327,288.22574052163327,288.22574052163327,288.22574052163327,288.22574052163327,288.22574052163327,0.0,0.0,0.0,2115.7448132239133
13195,2014-06-04,1827.666070728904,1264.1863099819714,3111.5581226281374,979.664441285229,2827.3829432929697,287.76819719749057,287.76819719749057,287.76819719749057,287.76819719749057,287.76819719749057,287.76819719749057,0.0,0.0,0.0,2115.4342679263946
13196,2014-06-05,1827.813068755528,1266.4516727980633,3112.9263837167023,979.0203765626628,2828.479740172799,287.30848051813086,287.30848051813086,287.30848051813086,287.30848051813086,287.30848051813086,287.30848051813086,0.0,0.0,0.0,2115.121549273659
13197,2014-06-06,1827.9600667821521,1253.2088215460017,3119.0084361372305,978.3763118400968,2829.576537052626,286.8465916896066,286.8465916896066,286.8465916896066,286.8465916896066,286.8465916896066,286.8465916896066,0.0,0.0,0.0,2114.806658471759
13198,2014-06-09,1828.401060862024,1270.9061479947168,3119.2551606652137,976.4441176724011,2832.8669276921105,285.44790485108894,285.44790485108894,285.44790485108894,285.44790485108894,285.44790485108894,285.44790485108894,0.0,0.0,0.0,2113.848965713113
13199,2014-06-10,1828.5480588886483,1251.9473692867502,3118.3167664827824,975.8000529498352,2833.9637245719396,284.97734012877004,284.97734012877004,284.97734012877004,284.97734012877004,284.97734012877004,284.97734012877004,0.0,0.0,0.0,2113.5253990174183
13200,2014-06-11,1828.6950569152723,1254.7654890750723,3123.397290203735,975.1559882272691,2835.060521451767,284.5046097696704,284.5046097696704,284.5046097696704,284.5046097696704,284.5046097696704,284.5046097696704,0.0,0.0,0.0,2113.1996666849427
13201,2014-06-12,1828.8420549418963,1238.8502880417768,3124.1748134714885,974.5288598022365,2836.1573183315963,284.02971517297834,284.02971517297834,284.02971517297834,284.02971517297834,284.02971517297834,284.02971517297834,0.0,0.0,0.0,2112.871770114875
13202,2014-06-13,1828.9890529685204,1255.5622817757064,3123.084189907824,973.9342036052883,2837.2541152114236,283.5526577702089,283.5526577702089,283.5526577702089,283.5526577702089,283.5526577702089,283.5526577702089,0.0,0.0,0.0,2112.5417107387293
13203,2014-06-16,1829.4300470483922,1260.173216860276,3124.687811983246,973.2756036001689,2840.544505850909,282.10852352622925,282.10852352622925,282.10852352622925,282.10852352622925,282.10852352622925,282.10852352622925,0.0,0.0,0.0,2111.5385705746216
13204,2014-06-17,1829.5770450750163,1262.1070508649343,3126.2667661532105,973.0969943492289,2841.6413027307362,281.6228298621015,281.6228298621015,281.6228298621015,281.6228298621015,281.6228298621015,281.6228298621015,0.0,0.0,0.0,2111.199874937118
13205,2014-06-18,1829.72404310164,1257.3976146288576,3118.281081630756,972.9183850982887,2842.738099610563,281.13498103564723,281.13498103564723,281.13498103564723,281.13498103564723,281.13498103564723,281.13498103564723,0.0,0.0,0.0,2110.859024137287
13206,2014-06-19,1829.871041128264,1243.0251104641052,3135.332598965231,972.7397758473486,2843.834896490393,280.6449786731039,280.6449786731039,280.6449786731039,280.6449786731039,280.6449786731039,280.6449786731039,0.0,0.0,0.0,2110.516019801368
13207,2014-06-20,1830.0180391548881,1258.0269892056053,3120.8489035047783,972.5756189945917,2844.9316933702203,280.15282443328556,280.15282443328556,280.15282443328556,280.15282443328556,280.15282443328556,280.15282443328556,0.0,0.0,0.0,2110.1708635881737
13208,2014-06-23,1830.45903323476,1254.0381152872587,3107.503720537983,971.9671373661502,2848.0462582685664,278.6634675275968,278.6634675275968,278.6634675275968,278.6634675275968,278.6634675275968,278.6634675275968,0.0,0.0,0.0,2109.122500762357
13209,2014-06-24,1830.606031261384,1247.9464109030612,3120.842252874405,971.2728962623627,2849.0816965524164,278.16272301942433,278.16272301942433,278.16272301942433,278.16272301942433,278.16272301942433,278.16272301942433,0.0,0.0,0.0,2108.7687542808085
13210,2014-06-25,1830.753029288008,1239.5308787209153,3120.9392327790683,970.5786551585752,2850.1171348362686,277.6598354177827,277.6598354177827,277.6598354177827,277.6598354177827,277.6598354177827,277.6598354177827,0.0,0.0,0.0,2108.4128647057905
13211,2014-06-26,1830.900027314632,1256.6003936744387,3127.4003910979936,969.8844140547876,2851.152573120118,277.1548065776011,277.1548065776011,277.1548065776011,277.1548065776011,277.1548065776011,277.1548065776011,0.0,0.0,0.0,2108.054833892233
13212,2014-06-27,1831.047025341256,1227.6917378786948,3133.926102243162,969.1901729510002,2852.1880114039704,276.64763838659417,276.64763838659417,276.64763838659417,276.64763838659417,276.64763838659417,276.64763838659417,0.0,0.0,0.0,2107.69466372785
13213,2014-06-30,1831.4880194211287,1237.2419135111984,3121.463018266063,967.1074496396325,2855.2943262555254,275.1133170782348,275.1133170782348,275.1133170782348,275.1133170782348,275.1133170782348,275.1133170782348,0.0,0.0,0.0,2106.6013364993632
13214,2014-07-01,1831.6350174477527,1241.4236551404379,3123.598778389536,966.413208535845,2856.3297645393777,274.5976110178703,274.5976110178703,274.5976110178703,274.5976110178703,274.5976110178703,274.5976110178703,0.0,0.0,0.0,2106.232628465623
13215,2014-07-02,1831.7820154743765,1251.1932972229179,3124.2468921957566,965.718967432055,2857.3652028232273,274.0797755380728,274.0797755380728,274.0797755380728,274.0797755380728,274.0797755380728,274.0797755380728,0.0,0.0,0.0,2105.8617910124494
13216,2014-07-03,1831.9290135010006,1208.4250060609513,3122.7048842407053,965.2233434750566,2858.4006411070795,273.55981272386714,273.55981272386714,273.55981272386714,273.55981272386714,273.55981272386714,273.55981272386714,0.0,0.0,0.0,2105.488826224868
13217,2014-07-07,1832.517005607497,1216.4132488936777,3118.8084789249556,963.7334533314637,2862.5423942424836,271.4587309778562,271.4587309778562,271.4587309778562,271.4587309778562,271.4587309778562,271.4587309778562,0.0,0.0,0.0,2103.975736585353
13218,2014-07-08,1832.6640036341207,1208.8121227701477,3112.5604590556795,963.3609807955654,2863.5778325263336,270.92816392171994,270.92816392171994,270.92816392171994,270.92816392171994,270.92816392171994,270.92816392171994,0.0,0.0,0.0,2103.5921675558407
13219,2014-07-09,1832.8110016607448,1215.714830242371,3143.0562267193495,962.9885082596668,2864.613270810183,270.3954827344869,270.3954827344869,270.3954827344869,270.3954827344869,270.3954827344869,270.3954827344869,0.0,0.0,0.0,2103.2064843952317
13220,2014-07-10,1832.9579996873688,1258.5042155591723,3129.742941755033,962.6160357237685,2865.648709094036,269.86068973244113,269.86068973244113,269.86068973244113,269.86068973244113,269.86068973244113,269.86068973244113,0.0,0.0,0.0,2102.8186894198097
13221,2014-07-11,1833.1049977139928,1231.629355373978,3139.528272288884,962.24356318787,2866.6841473778854,269.3237872649805,269.3237872649805,269.3237872649805,269.3237872649805,269.3237872649805,269.3237872649805,0.0,0.0,0.0,2102.4287849789735
13222,2014-07-14,1833.5459917938647,1217.10401746809,3141.8907886915454,961.1261455801744,2869.79046222944,267.70044706127163,267.70044706127163,267.70044706127163,267.70044706127163,267.70044706127163,267.70044706127163,0.0,0.0,0.0,2101.246438855136
13223,2014-07-15,1833.6929898204887,1221.5422410647952,3124.804587345173,960.753673044276,2870.8259005132895,267.155130889143,267.155130889143,267.155130889143,267.155130889143,267.155130889143,267.155130889143,0.0,0.0,0.0,2100.8481207096315
13224,2014-07-16,1833.8399878471128,1228.7227073908182,3130.1711049686037,960.3812005083773,2871.861338797142,266.6077174959819,266.6077174959819,266.6077174959819,266.6077174959819,266.6077174959819,266.6077174959819,0.0,0.0,0.0,2100.4477053430946
13225,2014-07-17,1833.9869858737366,1239.42647486041,3120.8449882008836,960.0087279724787,2872.8967770809913,266.0582094302547,266.0582094302547,266.0582094302547,266.0582094302547,266.0582094302547,266.0582094302547,0.0,0.0,0.0,2100.045195303991
13226,2014-07-18,1834.1339839003606,1225.8028898273692,3136.4801414224844,959.6362554365802,2873.910521754329,265.50660927365266,265.50660927365266,265.50660927365266,265.50660927365266,265.50660927365266,265.50660927365266,0.0,0.0,0.0,2099.6405931740132
13227,2014-07-21,1834.5749779802325,1205.5955443191435,3131.929803977131,958.5188378288849,2876.890467924613,263.8392825742563,263.8392825742563,263.8392825742563,263.8392825742563,263.8392825742563,263.8392825742563,0.0,0.0,0.0,2098.414260554489
13228,2014-07-22,1834.7219760068565,1229.1912919548147,3127.3668614191956,958.1463652929862,2877.883783314706,263.2793405361301,263.2793405361301,263.2793405361301,263.2793405361301,263.2793405361301,263.2793405361301,0.0,0.0,0.0,2098.0013165429864
13229,2014-07-23,1834.8689740334805,1216.3151851074274,3135.036189261289,957.7738927570878,2878.877098704801,262.71731981447243,262.71731981447243,262.71731981447243,262.71731981447243,262.71731981447243,262.71731981447243,0.0,0.0,0.0,2097.586293847953
13230,2014-07-24,1835.0159720601046,1216.7564626427627,3124.0018007112776,957.4014202211893,2879.870414094894,262.1532231906009,262.1532231906009,262.1532231906009,262.1532231906009,262.1532231906009,262.1532231906009,0.0,0.0,0.0,2097.1691952507053
13231,2014-07-25,1835.1629700867288,1214.7649510966594,3105.9640487326915,957.0289476852909,2880.8637294849896,261.58705347914014,261.58705347914014,261.58705347914014,261.58705347914014,261.58705347914014,261.58705347914014,0.0,0.0,0.0,2096.750023565869
13232,2014-07-28,1835.6039641666011,1201.435624199382,3122.2963466240553,955.9115300775936,2883.1434740173654,259.87613446520425,259.87613446520425,259.87613446520425,259.87613446520425,259.87613446520425,259.87613446520425,0.0,0.0,0.0,2095.4800986318055
13233,2014-07-29,1835.7509621932252,1230.6529109678138,3135.319997728519,955.5390575416953,2883.52424040238,259.30170121599076,259.30170121599076,259.30170121599076,259.30170121599076,259.30170121599076,259.30170121599076,0.0,0.0,0.0,2095.0526634092157
13234,2014-07-30,1835.897960219849,1226.0586228364425,3127.7021444603374,955.1665850057968,2883.8936678694613,258.725209452133,258.725209452133,258.725209452133,258.725209452133,258.725209452133,258.725209452133,0.0,0.0,0.0,2094.623169671982
13235,2014-07-31,1836.044958246473,1231.0664656177996,3127.1742177728906,954.7941124698981,2884.2630953365406,258.1466621882233,258.1466621882233,258.1466621882233,258.1466621882233,258.1466621882233,258.1466621882233,0.0,0.0,0.0,2094.1916204346962
13236,2014-08-01,1836.191956273097,1214.9414870785351,3133.6175151252064,954.3926655266032,2884.6325228036194,257.5660624721995,257.5660624721995,257.5660624721995,257.5660624721995,257.5660624721995,257.5660624721995,0.0,0.0,0.0,2093.758018745297
13237,2014-08-04,1836.6329503529694,1211.5566820545343,3145.87764812561,952.1662437103565,2885.740805204859,255.8119795910352,255.8119795910352,255.8119795910352,255.8119795910352,255.8119795910352,255.8119795910352,0.0,0.0,0.0,2092.444929944005
13238,2014-08-05,1836.7799483795934,1212.1714034168576,3116.264619914071,951.4241031049426,2886.1102326719383,255.22320121288988,255.22320121288988,255.22320121288988,255.22320121288988,255.22320121288988,255.22320121288988,0.0,0.0,0.0,2092.003149592483
13239,2014-08-06,1836.9269464062172,1195.8745718925663,3131.123892316741,950.6819624995286,2886.41398430921,254.63238612254491,254.63238612254491,254.63238612254491,254.63238612254491,254.63238612254491,254.63238612254491,0.0,0.0,0.0,2091.5593325287623
13240,2014-08-07,1837.0739444328412,1210.904352793846,3113.229417441983,949.9398218941122,2886.6882352417106,254.03953756802764,254.03953756802764,254.03953756802764,254.03953756802764,254.03953756802764,254.03953756802764,0.0,0.0,0.0,2091.1134820008688
13241,2014-08-08,1837.2209424594653,1199.5682560112207,3153.3928730930606,949.1976812886984,2886.9624861742122,253.44465883071692,253.44465883071692,253.44465883071692,253.44465883071692,253.44465883071692,253.44465883071692,0.0,0.0,0.0,2090.665601290182
13242,2014-08-11,1837.6619365393371,1206.0919092332185,3139.748714029985,947.0471983594366,2887.7852389717164,251.64787483591778,251.64787483591778,251.64787483591778,251.64787483591778,251.64787483591778,251.64787483591778,0.0,0.0,0.0,2089.309811375255
13243,2014-08-12,1837.8089345659612,1198.1697779148103,3128.533557347581,946.3487542291077,2888.059489904218,251.04490884800916,251.04490884800916,251.04490884800916,251.04490884800916,251.04490884800916,251.04490884800916,0.0,0.0,0.0,2088.8538434139705
13244,2014-08-13,1837.9559325925852,1205.5564090614102,3118.2691777887576,945.6503100987815,2888.3337408367192,250.4399295842584,250.4399295842584,250.4399295842584,250.4399295842584,250.4399295842584,250.4399295842584,0.0,0.0,0.0,2088.395862176844
13245,2014-08-14,1838.102930619209,1210.9739893393016,3136.955630522422,944.9518659684526,2888.60799176922,249.8329405260338,249.8329405260338,249.8329405260338,249.8329405260338,249.8329405260338,249.8329405260338,0.0,0.0,0.0,2087.935871145243
13246,2014-08-15,1838.249928645833,1201.0869305222816,3151.8241660386016,944.2534218381262,2888.882242701721,249.2239451880167,249.2239451880167,249.2239451880167,249.2239451880167,249.2239451880167,249.2239451880167,0.0,0.0,0.0,2087.4738738338497
13247,2014-08-18,1838.6909227257051,1197.2193835861033,3146.175742311041,941.6396542063928,2889.7049954992262,247.3849571414972,247.3849571414972,247.3849571414972,247.3849571414972,247.3849571414972,247.3849571414972,0.0,0.0,0.0,2086.0758798672023
13248,2014-08-19,1838.837920752329,1180.2896758264583,3152.502785584841,940.5626888973682,2889.979246431727,246.76797249702528,246.76797249702528,246.76797249702528,246.76797249702528,246.76797249702528,246.76797249702528,0.0,0.0,0.0,2085.6058932493543
13249,2014-08-20,1838.984918778953,1187.7024284054746,3131.0469649080305,939.4857235883462,2890.253497364228,246.14899964550958,246.14899964550958,246.14899964550958,246.14899964550958,246.14899964550958,246.14899964550958,0.0,0.0,0.0,2085.1339184244625
13250,2014-08-21,1839.1319168055772,1195.5397468515143,3140.322109525935,938.4087582793217,2890.5277482967294,245.5280423012957,245.5280423012957,245.5280423012957,245.5280423012957,245.5280423012957,245.5280423012957,0.0,0.0,0.0,2084.659959106873
13251,2014-08-22,1839.2789148322013,1180.8551939660563,3123.724106085268,937.3317929702997,2890.8019992292307,244.90510421196808,244.90510421196808,244.90510421196808,244.90510421196808,244.90510421196808,244.90510421196808,0.0,0.0,0.0,2084.1840190441694
13252,2014-08-25,1839.7199089120732,1174.7924431327315,3128.9811488979108,934.1008970432285,2891.6247520267348,243.0244434474172,243.0244434474172,243.0244434474172,243.0244434474172,243.0244434474172,243.0244434474172,0.0,0.0,0.0,2082.74435235949
13253,2014-08-26,1839.8669069386972,1179.4074040541796,3122.9103267033406,933.023931734204,2891.8990029592364,242.39362051773116,242.39362051773116,242.39362051773116,242.39362051773116,242.39362051773116,242.39362051773116,0.0,0.0,0.0,2082.2605274564285
13254,2014-08-27,1840.0139049653214,1174.376022501796,3122.7181928873592,932.3099335638356,2892.3450601563823,241.76083607890862,241.76083607890862,241.76083607890862,241.76083607890862,241.76083607890862,241.76083607890862,0.0,0.0,0.0,2081.7747410442303
13255,2014-08-28,1840.160902991946,1172.5030961671243,3123.506746461777,931.9258285971457,2893.259754072212,241.12609407764205,241.12609407764205,241.12609407764205,241.12609407764205,241.12609407764205,241.12609407764205,0.0,0.0,0.0,2081.286997069588
13256,2014-08-29,1840.30790101857,1168.4576769886298,3130.3922226737473,931.5417236304547,2894.174447988045,240.48939849375444,240.48939849375444,240.48939849375444,240.48939849375444,240.48939849375444,240.48939849375444,0.0,0.0,0.0,2080.7972995123246
13257,2014-09-02,1840.8958931250659,1176.0261399458868,3117.2175129052844,930.0053037636934,2896.900253324021,237.92316108671557,237.92316108671557,237.92316108671557,237.92316108671557,237.92316108671557,237.92316108671557,0.0,0.0,0.0,2078.8190542117813
13258,2014-09-03,1841.0428911516897,1174.7106245199443,3111.3294020832823,929.6211987970031,2897.340841122582,237.2767584450505,237.2767584450505,237.2767584450505,237.2767584450505,237.2767584450505,237.2767584450505,0.0,0.0,0.0,2078.31964959674
13259,2014-09-04,1841.1898891783137,1172.9035196140892,3137.869140628981,929.2370938303123,2897.781428921142,236.6284267941999,236.6284267941999,236.6284267941999,236.6284267941999,236.6284267941999,236.6284267941999,0.0,0.0,0.0,2077.8183159725136
13260,2014-09-05,1841.3368872049377,1176.6311345177587,3134.801927913055,928.7612563237903,2898.222016719704,235.97817034528907,235.97817034528907,235.97817034528907,235.97817034528907,235.97817034528907,235.97817034528907,0.0,0.0,0.0,2077.315057550227
13261,2014-09-08,1841.7778812848096,1167.39065024583,3139.159230514109,926.5255016741794,2899.543780115386,234.0158948154952,234.0158948154952,234.0158948154952,234.0158948154952,234.0158948154952,234.0158948154952,0.0,0.0,0.0,2075.793776100305
13262,2014-09-09,1841.9248793114336,1165.2048901701755,3134.9780710251475,925.7947384223537,2899.9843679139467,233.3579819441717,233.3579819441717,233.3579819441717,233.3579819441717,233.3579819441717,233.3579819441717,0.0,0.0,0.0,2075.2828612556054
13263,2014-09-10,1842.0718773380577,1153.3104879797556,3146.165706927617,925.0639751705305,2900.424955712507,232.6981658241293,232.6981658241293,232.6981658241293,232.6981658241293,232.6981658241293,232.6981658241293,0.0,0.0,0.0,2074.770043162187
13264,2014-09-11,1842.2188753646817,1168.5009970709668,3144.955603898969,924.3332119187047,2900.865543511069,232.0364508637942,232.0364508637942,232.0364508637942,232.0364508637942,232.0364508637942,232.0364508637942,0.0,0.0,0.0,2074.255326228476
13265,2014-09-12,1842.3658733913055,1152.007876929586,3125.37404390869,923.6024486668816,2901.3061313096296,231.37284150438208,231.37284150438208,231.37284150438208,231.37284150438208,231.37284150438208,231.37284150438208,0.0,0.0,0.0,2073.7387148956877
13266,2014-09-15,1842.8068674711776,1178.944016717918,3152.2483771589245,921.4101589114096,2902.627894705312,229.37069193495321,229.37069193495321,229.37069193495321,229.37069193495321,229.37069193495321,229.37069193495321,0.0,0.0,0.0,2072.177559406131
13267,2014-09-16,1842.9538654978019,1156.02869910528,3127.2027522461667,920.6793956595839,2903.068482503873,228.69955004600274,228.69955004600274,228.69955004600274,228.69955004600274,228.69955004600274,228.69955004600274,0.0,0.0,0.0,2071.653415543805
13268,2014-09-17,1843.100863524426,1136.080888653783,3136.146680621617,919.9486324077607,2903.5090703024343,228.0265364547428,228.0265364547428,228.0265364547428,228.0265364547428,228.0265364547428,228.0265364547428,0.0,0.0,0.0,2071.127399979169
13269,2014-09-18,1843.2478615510497,1153.6924799500375,3139.055498531952,919.217869155935,2903.949658100995,227.35165579843672,227.35165579843672,227.35165579843672,227.35165579843672,227.35165579843672,227.35165579843672,0.0,0.0,0.0,2070.5995173494866
13270,2014-09-19,1843.3948595776737,1152.8223938349477,3129.449558337809,918.4871059041118,2904.3902458995553,226.67491274691145,226.67491274691145,226.67491274691145,226.67491274691145,226.67491274691145,226.67491274691145,0.0,0.0,0.0,2070.0697723245853
13271,2014-09-22,1843.8358536575458,1145.3718414567345,3157.2398602678136,916.2948161486396,2905.712009295238,224.63355640684546,224.63355640684546,224.63355640684546,224.63355640684546,224.63355640684546,224.63355640684546,0.0,0.0,0.0,2068.4694100643915
13272,2014-09-23,1843.9828516841696,1143.4664394860822,3159.49905234282,915.5640528968139,2906.1525970937996,223.94941112254494,223.94941112254494,223.94941112254494,223.94941112254494,223.94941112254494,223.94941112254494,0.0,0.0,0.0,2067.932262806715
13273,2014-09-24,1844.1298497107937,1140.9145594567253,3119.719793749017,914.8332896449907,2906.59318489236,223.26342727922082,223.26342727922082,223.26342727922082,223.26342727922082,223.26342727922082,223.26342727922082,0.0,0.0,0.0,2067.3932769900143
13274,2014-09-25,1844.2768477374177,1150.3340737658368,3139.8754072135557,914.1025263931652,2907.033772690921,222.5756097412563,222.5756097412563,222.5756097412563,222.5756097412563,222.5756097412563,222.5756097412563,0.0,0.0,0.0,2066.852457478674
13275,2014-09-26,1844.4238457640417,1123.2552260014572,3120.615635363358,913.371763141342,2907.9922494363336,221.88596340533164,221.88596340533164,221.88596340533164,221.88596340533164,221.88596340533164,221.88596340533164,0.0,0.0,0.0,2066.3098091693732
13276,2014-09-29,1844.8648398439143,1150.0220466059175,3147.2889356591,911.0578310891166,2912.2895644834,219.80610106001757,219.80610106001757,219.80610106001757,219.80610106001757,219.80610106001757,219.80610106001757,0.0,0.0,0.0,2064.6709409039318
13277,2014-09-30,1845.0118378705383,1128.3422038613983,3149.4542527041795,910.1690520491379,2913.722002832426,219.10918914333357,219.10918914333357,219.10918914333357,219.10918914333357,219.10918914333357,219.10918914333357,0.0,0.0,0.0,2064.1210270138718
13278,2014-10-01,1845.1588358971624,1141.9598635835025,3143.5147431073874,909.2802730091571,2915.1544411814466,218.4104733949364,218.4104733949364,218.4104733949364,218.4104733949364,218.4104733949364,218.4104733949364,0.0,0.0,0.0,2063.5693092920988
13279,2014-10-02,1845.3058339237862,1112.142373315794,3127.5107740789163,908.3914939691784,2916.5868795304673,217.70995890433852,217.70995890433852,217.70995890433852,217.70995890433852,217.70995890433852,217.70995890433852,0.0,0.0,0.0,2063.0157928281246
13280,2014-10-03,1845.4528319504102,1120.3855184651334,3153.9416369610467,907.5027149291999,2918.0193178794875,217.00765079303977,217.00765079303977,217.00765079303977,217.00765079303977,217.00765079303977,217.00765079303977,0.0,0.0,0.0,2062.46048274345
13281,2014-10-06,1845.893826030282,1129.142170035627,3143.9828983627863,904.8363778092616,2922.3166329265537,214.89001642864446,214.89001642864446,214.89001642864446,214.89001642864446,214.89001642864446,214.89001642864446,0.0,0.0,0.0,2060.7838424589263
13282,2014-10-07,1846.040824056906,1142.8726914782733,3132.9390544177018,903.9475987692831,2923.7490712755744,214.18058568749112,214.18058568749112,214.18058568749112,214.18058568749112,214.18058568749112,214.18058568749112,0.0,0.0,0.0,2060.221409744397
13283,2014-10-08,1846.1878220835301,1125.0752434379347,3130.486208098314,903.0588197293046,2925.181509624595,213.46938741118146,213.46938741118146,213.46938741118146,213.46938741118146,213.46938741118146,213.46938741118146,0.0,0.0,0.0,2059.6572094947114
13284,2014-10-09,1846.3348201101542,1135.6337073362442,3142.4857726233777,902.1700406893236,2926.6139479736203,212.75642691208816,212.75642691208816,212.75642691208816,212.75642691208816,212.75642691208816,212.75642691208816,0.0,0.0,0.0,2059.0912470222424
13285,2014-10-10,1846.481818136778,1122.0848542994352,3148.634407622014,901.281261649345,2928.0463863226405,212.0417095342181,212.0417095342181,212.0417095342181,212.0417095342181,212.0417095342181,212.0417095342181,0.0,0.0,0.0,2058.523527670996
13286,2014-10-13,1846.9228122166503,1117.589040219328,3141.883489659051,898.6149245294068,2932.3437013697076,209.88707004147363,209.88707004147363,209.88707004147363,209.88707004147363,209.88707004147363,209.88707004147363,0.0,0.0,0.0,2056.809882258124
13287,2014-10-14,1847.0698102432743,1107.7078491486168,3134.731689409302,897.7261454894283,2933.7761397187273,209.1653792194421,209.1653792194421,209.1653792194421,209.1653792194421,209.1653792194421,209.1653792194421,0.0,0.0,0.0,2056.2351894627163
13288,2014-10-15,1847.2168082698984,1104.1308741003322,3148.2361281542403,896.8373664494497,2935.208578067748,208.44195871134156,208.44195871134156,208.44195871134156,208.44195871134156,208.44195871134156,208.44195871134156,0.0,0.0,0.0,2055.6587669812398
13289,2014-10-16,1847.3638062965224,1129.741814476141,3145.605202380688,895.9485874094712,2936.6410164167687,207.71681404985497,207.71681404985497,207.71681404985497,207.71681404985497,207.71681404985497,207.71681404985497,0.0,0.0,0.0,2055.080620346377
13290,2014-10-17,1847.5108043231462,1123.760322029882,3114.6613677657724,895.0598083694902,2938.073454765794,206.9899507989168,206.9899507989168,206.9899507989168,206.9899507989168,206.9899507989168,206.9899507989168,0.0,0.0,0.0,2054.500755122063
13291,2014-10-20,1847.9517984030183,1145.220966180309,3134.5792442283105,892.9893209620449,2942.370769812855,204.79910561626028,204.79910561626028,204.79910561626028,204.79910561626028,204.79910561626028,204.79910561626028,0.0,0.0,0.0,2052.7509040192786
13292,2014-10-21,1848.098796429642,1116.016477969008,3141.1904158955417,892.3855275181616,2943.803208161881,204.06542426979502,204.06542426979502,204.06542426979502,204.06542426979502,204.06542426979502,204.06542426979502,0.0,0.0,0.0,2052.164220699437
13293,2014-10-22,1848.2457944562661,1109.9748857689096,3145.9591769964904,891.7829162199693,2945.2356465109015,203.33005262022246,203.33005262022246,203.33005262022246,203.33005262022246,203.33005262022246,203.33005262022246,0.0,0.0,0.0,2051.5758470764886
13294,2014-10-23,1848.3927924828902,1103.6001125089476,3152.9868566781706,891.1803049217768,2946.668084859922,202.59299641771725,202.59299641771725,202.59299641771725,202.59299641771725,202.59299641771725,202.59299641771725,0.0,0.0,0.0,2050.9857889006075
13295,2014-10-24,1848.5397905095142,1111.8867657687904,3141.2037240944546,890.5776936235844,2948.1005232089424,201.85426144327565,201.85426144327565,201.85426144327565,201.85426144327565,201.85426144327565,201.85426144327565,0.0,0.0,0.0,2050.39405195279
13296,2014-10-27,1848.9807845893868,1076.3130737406552,3150.154516694667,889.1759798927841,2951.5186455660764,199.62804215934324,199.62804215934324,199.62804215934324,199.62804215934324,199.62804215934324,199.62804215934324,0.0,0.0,0.0,2048.60882674873
13297,2014-10-28,1849.1277826160108,1108.401199224308,3120.930040177937,888.7176710686224,2952.072767121823,198.88265052136808,198.88265052136808,198.88265052136808,198.88265052136808,198.88265052136808,198.88265052136808,0.0,0.0,0.0,2048.0104331373786
13298,2014-10-29,1849.2747806426348,1100.7889326043114,3146.182520538112,888.2593622444607,2952.6176431029476,198.13560947653795,198.13560947653795,198.13560947653795,198.13560947653795,198.13560947653795,198.13560947653795,0.0,0.0,0.0,2047.4103901191727
13299,2014-10-30,1849.4217786692586,1112.9015955566615,3143.619433775112,887.8010534202991,2953.1625190840714,197.38692498941936,197.38692498941936,197.38692498941936,197.38692498941936,197.38692498941936,197.38692498941936,0.0,0.0,0.0,2046.808703658678
13300,2014-10-31,1849.5687766958827,1089.8974781256536,3138.843805547901,887.3427445961362,2953.7073950651966,196.6366030549346,196.6366030549346,196.6366030549346,196.6366030549346,196.6366030549346,196.6366030549346,0.0,0.0,0.0,2046.2053797508172
13301,2014-11-03,1850.0097707757545,1099.4145338450921,3132.85813973671,885.9678181236512,2955.34202300857,194.3758729704619,194.3758729704619,194.3758729704619,194.3758729704619,194.3758729704619,194.3758729704619,0.0,0.0,0.0,2044.3856437462164
13302,2014-11-04,1850.1567688023786,1097.7279720762886,3150.35859756148,885.5095092994897,2955.886898989694,193.61906180048751,193.61906180048751,193.61906180048751,193.61906180048751,193.61906180048751,193.61906180048751,0.0,0.0,0.0,2043.775830602866
13303,2014-11-05,1850.3037668290026,1104.7995682908572,3119.7652492785646,885.051200475328,2956.431774970819,192.86064361068793,192.86064361068793,192.86064361068793,192.86064361068793,192.86064361068793,192.86064361068793,0.0,0.0,0.0,2043.1644104396905
13304,2014-11-06,1850.4507648556266,1089.5308927935835,3133.9130632626548,884.5928916511664,2956.9766509519422,192.10062457664506,192.10062457664506,192.10062457664506,192.10062457664506,192.10062457664506,192.10062457664506,0.0,0.0,0.0,2042.5513894322717
13305,2014-11-07,1850.5977628822507,1086.9620751838345,3138.66265857545,884.1345828270048,2957.5215269330674,191.33901090379737,191.33901090379737,191.33901090379737,191.33901090379737,191.33901090379737,191.33901090379737,0.0,0.0,0.0,2041.936773786048
13306,2014-11-10,1851.0387569621228,1076.3503156260097,3135.9637250138107,882.7596563545185,2959.1561548764416,189.04466455305104,189.04466455305104,189.04466455305104,189.04466455305104,189.04466455305104,189.04466455305104,0.0,0.0,0.0,2040.0834215151738
13307,2014-11-11,1851.1857549887468,1083.4142226220167,3137.8393942932375,882.301347530357,2959.6721553060434,188.27673497381045,188.27673497381045,188.27673497381045,188.27673497381045,188.27673497381045,188.27673497381045,0.0,0.0,0.0,2039.4624899625574
13308,2014-11-12,1851.3327530153708,1075.711594395823,3148.1186990847928,881.8430387061952,2960.156774496025,187.50724222811442,187.50724222811442,187.50724222811442,187.50724222811442,187.50724222811442,187.50724222811442,0.0,0.0,0.0,2038.8399952434852
13309,2014-11-13,1851.4797510419949,1096.7911163513434,3137.843734831535,881.3847298820335,2960.6413936860044,186.73619269891606,186.73619269891606,186.73619269891606,186.73619269891606,186.73619269891606,186.73619269891606,0.0,0.0,0.0,2038.215943740911
13310,2014-11-14,1851.6267490686187,1084.3539445215486,3133.1846093260633,880.926421057872,2961.1260128759855,185.96359279848167,185.96359279848167,185.96359279848167,185.96359279848167,185.96359279848167,185.96359279848167,0.0,0.0,0.0,2037.5903418671003
13311,2014-11-17,1852.0677431484908,1082.2843939352897,3138.894822438606,879.5623650903387,2962.579870445926,183.63655543040434,183.63655543040434,183.63655543040434,183.63655543040434,183.63655543040434,183.63655543040434,0.0,0.0,0.0,2035.704298578895
13312,2014-11-18,1852.2147411751148,1071.706166972409,3128.836243585205,879.1491045064545,2963.0644896359076,182.8578187510754,182.8578187510754,182.8578187510754,182.8578187510754,182.8578187510754,182.8578187510754,0.0,0.0,0.0,2035.0725599261903
13313,2014-11-19,1852.3617392017386,1081.8430149037267,3136.2997662876924,878.7358439225703,2963.5491088258887,182.07756419865746,182.07756419865746,182.07756419865746,182.07756419865746,182.07756419865746,182.07756419865746,0.0,0.0,0.0,2034.439303400396
13314,2014-11-20,1852.5087372283626,1062.5524199089373,3153.5640071081343,878.3225833386861,2964.0337280158683,181.29579835955852,181.29579835955852,181.29579835955852,181.29579835955852,181.29579835955852,181.29579835955852,0.0,0.0,0.0,2033.8045355879212
13315,2014-11-21,1852.6557352549867,1081.5415258349337,3154.105672111709,877.9093227548019,2964.5183472058493,180.51252784891352,180.51252784891352,180.51252784891352,180.51252784891352,180.51252784891352,180.51252784891352,0.0,0.0,0.0,2033.1682631039002
13316,2014-11-24,1853.0967293348585,1051.8187625902663,3134.803671982305,876.6695410031493,2965.97220477579,178.1537548682205,178.1537548682205,178.1537548682205,178.1537548682205,178.1537548682205,178.1537548682205,0.0,0.0,0.0,2031.250484203079
13317,2014-11-25,1853.2437273614826,1078.885550268047,3124.626420576097,876.2562804192651,2966.456823965771,177.36453239432686,177.36453239432686,177.36453239432686,177.36453239432686,177.36453239432686,177.36453239432686,0.0,0.0,0.0,2030.6082597558095
13318,2014-11-26,1853.3907253881073,1053.9403030769513,3132.848533464084,875.8430198353783,2966.941443155754,176.5738387524718,176.5738387524718,176.5738387524718,176.5738387524718,176.5738387524718,176.5738387524718,0.0,0.0,0.0,2029.9645641405791
13319,2014-11-28,1853.6847214413551,1068.6550403169338,3149.013102846634,875.01649866761,2967.9106815357145,174.9880651356717,174.9880651356717,174.9880651356717,174.9880651356717,174.9880651356717,174.9880651356717,0.0,0.0,0.0,2028.6727865770267
13320,2014-12-01,1854.1257155212272,1054.7820460701178,3142.118670333911,873.7767169159574,2969.364539105657,172.59854150420216,172.59854150420216,172.59854150420216,172.59854150420216,172.59854150420216,172.59854150420216,0.0,0.0,0.0,2026.7242570254293
13321,2014-12-02,1854.272713547851,1046.9646601151278,3131.793164350946,873.363456332072,2969.8491582956367,171.79916433430185,171.79916433430185,171.79916433430185,171.79916433430185,171.79916433430185,171.79916433430185,0.0,0.0,0.0,2026.0718778821529
13322,2014-12-03,1854.419711574475,1050.5430375906267,3147.0171511185376,872.9501957481876,2970.3337774856177,170.99836408320968,170.99836408320968,170.99836408320968,170.99836408320968,170.99836408320968,170.99836408320968,0.0,0.0,0.0,2025.4180756576848
13323,2014-12-04,1854.566709601099,1044.085104895129,3141.3369693126815,872.7445514131856,2970.8183966755987,170.19614773140697,170.19614773140697,170.19614773140697,170.19614773140697,170.19614773140697,170.19614773140697,0.0,0.0,0.0,2024.762857332506
13324,2014-12-05,1854.7137076277234,1042.947704181171,3141.882943548656,872.5445280151837,2971.3030158655783,169.39252228682827,169.39252228682827,169.39252228682827,169.39252228682827,169.39252228682827,169.39252228682827,0.0,0.0,0.0,2024.1062299145517
13325,2014-12-08,1855.1547017075952,1049.1702391888289,3130.6420000148855,870.6898105675791,2972.756873435521,166.97326188552177,166.97326188552177,166.97326188552177,166.97326188552177,166.97326188552177,166.97326188552177,0.0,0.0,0.0,2022.1279635931169
13326,2014-12-09,1855.3016997342193,1044.2022102244173,3142.484893286913,870.1781771301555,2973.2414926255005,166.16407069480678,166.16407069480678,166.16407069480678,166.16407069480678,166.16407069480678,166.16407069480678,0.0,0.0,0.0,2021.465770429026
13327,2014-12-10,1855.4486977608433,1027.9569205457858,3160.634420795281,869.6665436927324,2973.7261118154815,165.35350585933293,165.35350585933293,165.35350585933293,165.35350585933293,165.35350585933293,165.35350585933293,0.0,0.0,0.0,2020.8022036201762
13328,2014-12-11,1855.5956957874673,1014.5023874103352,3121.9088502695977,869.1549102553078,2974.2107310054616,164.54157454968126,164.54157454968126,164.54157454968126,164.54157454968126,164.54157454968126,164.54157454968126,0.0,0.0,0.0,2020.1372703371485
13329,2014-12-12,1855.7426938140914,1048.0319923444304,3154.7705254263865,868.6432768178842,2974.695350195442,163.72828396318008,163.72828396318008,163.72828396318008,163.72828396318008,163.72828396318008,163.72828396318008,0.0,0.0,0.0,2019.4709777772714
13330,2014-12-15,1856.1836878939632,1033.9810603404514,3145.961855366284,867.1973799219843,2976.1492077653847,161.28032891509673,161.28032891509673,161.28032891509673,161.28032891509673,161.28032891509673,161.28032891509673,0.0,0.0,0.0,2017.46401680906
13331,2014-12-16,1856.3306859205873,1028.5562508152716,3139.89020854076,866.7622120304035,2976.6338269553644,160.46167372604376,160.46167372604376,160.46167372604376,160.46167372604376,160.46167372604376,160.46167372604376,0.0,0.0,0.0,2016.792359646631
13332,2014-12-17,1856.477683947211,1029.1623474538908,3125.397671764405,866.3270441388228,2977.1184461453454,159.64169564452857,159.64169564452857,159.64169564452857,159.64169564452857,159.64169564452857,159.64169564452857,0.0,0.0,0.0,2016.1193795917397
13333,2014-12-18,1856.624681973835,1035.0415498583595,3133.6108785767283,865.8918762472418,2977.603065335325,158.82040202624606,158.82040202624606,158.82040202624606,158.82040202624606,158.82040202624606,158.82040202624606,0.0,0.0,0.0,2015.4450840000811
13334,2014-12-19,1856.7716800004591,1019.2132147845568,3119.963976561787,865.4567083556598,2978.0876845253065,157.997800252907,157.997800252907,157.997800252907,157.997800252907,157.997800252907,157.997800252907,0.0,0.0,0.0,2014.769480253366
13335,2014-12-22,1857.212674080331,1032.867041530896,3144.6603639837053,864.1512046809173,2979.5415420952486,155.5222202077789,155.5222202077789,155.5222202077789,155.5222202077789,155.5222202077789,155.5222202077789,0.0,0.0,0.0,2012.73489428811
13336,2014-12-23,1857.359672106955,1012.7882075582024,3145.512159608342,863.7160367893365,2980.0261612852278,154.69446014804413,154.69446014804413,154.69446014804413,154.69446014804413,154.69446014804413,154.69446014804413,0.0,0.0,0.0,2012.054132254999
13337,2014-12-24,1857.5066701335793,998.8218799180221,3128.421218328085,863.2808688977558,2980.5107804752092,153.8654292283823,153.8654292283823,153.8654292283823,153.8654292283823,153.8654292283823,153.8654292283823,0.0,0.0,0.0,2011.3720993619615
13338,2014-12-26,1857.8006661868276,1019.1302636061541,3154.179629262947,862.4105331145913,2981.4800188551717,152.20358497682054,152.20358497682054,152.20358497682054,152.20358497682054,152.20358497682054,152.20358497682054,0.0,0.0,0.0,2010.0042511636482
13339,2014-12-29,1858.2416602666997,1045.1282200748963,3140.7024689092323,861.105029439849,2982.933876425114,149.7014763576927,149.7014763576927,149.7014763576927,149.7014763576927,149.7014763576927,149.7014763576927,0.0,0.0,0.0,2007.9431366243923
13340,2014-12-30,1858.3886582933235,1027.0308240724871,3150.313504360151,860.6698615482682,2983.418495615095,148.8649794054106,148.8649794054106,148.8649794054106,148.8649794054106,148.8649794054106,148.8649794054106,0.0,0.0,0.0,2007.253637698734
13341,2014-12-31,1858.5356563199475,1016.4099682413323,3135.9067477922954,860.2346936566873,2983.9031148050744,148.02726486857355,148.02726486857355,148.02726486857355,148.02726486857355,148.02726486857355,148.02726486857355,0.0,0.0,0.0,2006.5629211885212
13342,2015-01-02,1858.8296523731958,1017.1364369042499,3147.3863983664937,859.3643578735258,2984.872353185035,146.34821390554768,146.34821390554768,146.34821390554768,146.34821390554768,146.34821390554768,146.34821390554768,0.0,0.0,0.0,2005.1778662787435
13343,2015-01-05,1859.270646453068,993.2566702814364,3146.9002964507044,858.058854198782,2986.271358403188,143.82069911810282,143.82069911810282,143.82069911810282,143.82069911810282,143.82069911810282,143.82069911810282,0.0,0.0,0.0,2003.0913455711707
13344,2015-01-06,1859.4176444796917,1018.5957869540966,3114.561122303408,857.6236863072012,2986.655328774565,142.97584183481015,142.97584183481015,142.97584183481015,142.97584183481015,142.97584183481015,142.97584183481015,0.0,0.0,0.0,2002.3934863145018
13345,2015-01-07,1859.5646425063157,1006.3495368549537,3156.6150362913477,857.1885184156204,2987.0392991459407,142.1298214460251,142.1298214460251,142.1298214460251,142.1298214460251,142.1298214460251,142.1298214460251,0.0,0.0,0.0,2001.6944639523408
13346,2015-01-08,1859.7116405329398,1008.0217109116285,3135.6303153562762,856.7533505240395,2987.4232695173177,141.28264583037196,141.28264583037196,141.28264583037196,141.28264583037196,141.28264583037196,141.28264583037196,0.0,0.0,0.0,2000.9942863633119
13347,2015-01-09,1859.8586385595638,983.7014621767162,3119.6523354032256,856.3181826324587,2987.8072398886948,140.43432289008157,140.43432289008157,140.43432289008157,140.43432289008157,140.43432289008157,140.43432289008157,0.0,0.0,0.0,2000.2929614496454
13348,2015-01-12,1860.2996326394357,987.3792871014601,3134.526533996303,855.012678957715,2988.9591510028245,137.88254949531915,137.88254949531915,137.88254949531915,137.88254949531915,137.88254949531915,137.88254949531915,0.0,0.0,0.0,1998.1821821347548
13349,2015-01-13,1860.4466306660597,985.1278153613932,3157.646988492849,854.5775110661343,2989.343121374202,137.0297167467426,137.0297167467426,137.0297167467426,137.0297167467426,137.0297167467426,137.0297167467426,0.0,0.0,0.0,1997.4763474128024
13350,2015-01-14,1860.5936286926838,984.954354234317,3155.820600983808,854.1423431745534,2989.727091745579,136.1757765345574,136.1757765345574,136.1757765345574,136.1757765345574,136.1757765345574,136.1757765345574,0.0,0.0,0.0,1996.7694052272411
13351,2015-01-15,1860.7406267193076,986.6503232743887,3162.2872796210713,853.7071752829726,2990.157027256847,135.32073690006877,135.32073690006877,135.32073690006877,135.32073690006877,135.32073690006877,135.32073690006877,0.0,0.0,0.0,1996.0613636193764
13352,2015-01-16,1860.8876247459316,993.0058791215686,3141.5249559774434,853.2720073913919,2991.636952938634,134.4646059073193,134.4646059073193,134.4646059073193,134.4646059073193,134.4646059073193,134.4646059073193,0.0,0.0,0.0,1995.352230653251
13353,2015-01-20,1861.475616852428,986.3149195872455,3146.7667142862315,851.5313358250685,2994.2094699037916,131.02933042326586,131.02933042326586,131.02933042326586,131.02933042326586,131.02933042326586,131.02933042326586,0.0,0.0,0.0,1992.504947275694
13354,2015-01-21,1861.6226148790518,976.2230956457847,3140.564297047703,851.0961679334863,2994.815861906039,130.16786438675143,130.16786438675143,130.16786438675143,130.16786438675143,130.16786438675143,130.16786438675143,0.0,0.0,0.0,1991.7904792658032
13355,2015-01-22,1861.7696129056758,981.0370075585884,3152.4524173328177,850.6610000419055,2995.4222539082884,129.30535584656715,129.30535584656715,129.30535584656715,129.30535584656715,129.30535584656715,129.30535584656715,0.0,0.0,0.0,1991.074968752243
13356,2015-01-23,1861.9166109322998,975.7394903553566,3119.5726153449605,850.2258321503247,2996.028645910536,128.44181302231254,128.44181302231254,128.44181302231254,128.44181302231254,128.44181302231254,128.44181302231254,0.0,0.0,0.0,1990.3584239546124
13357,2015-01-26,1862.3576050121721,979.6357490305197,3137.745650894139,848.9203284755808,2998.335601742559,125.84506136593332,125.84506136593332,125.84506136593332,125.84506136593332,125.84506136593332,125.84506136593332,0.0,0.0,0.0,1988.2026663781055
13358,2015-01-27,1862.5046030387964,983.6633217126149,3153.7548791801373,848.4851605839988,2999.218823714077,124.97746403349454,124.97746403349454,124.97746403349454,124.97746403349454,124.97746403349454,124.97746403349454,0.0,0.0,0.0,1987.4820670722909
13359,2015-01-28,1862.6516010654204,984.0717966110926,3146.0824906138346,848.049992692418,3000.1020456855995,124.10887383786174,124.10887383786174,124.10887383786174,124.10887383786174,124.10887383786174,124.10887383786174,0.0,0.0,0.0,1986.760474903282
13360,2015-01-29,1862.7985990920445,976.0790807867104,3143.5803377046636,847.6148248008371,3000.985267657121,123.23929912684082,123.23929912684082,123.23929912684082,123.23929912684082,123.23929912684082,123.23929912684082,0.0,0.0,0.0,1986.0378982188854
13361,2015-01-30,1862.9455971186683,971.4820789726687,3108.3391013617047,847.1796569092563,3001.8684896286404,122.36874826912481,122.36874826912481,122.36874826912481,122.36874826912481,122.36874826912481,122.36874826912481,0.0,0.0,0.0,1985.314345387793
13362,2015-02-02,1863.3865911985404,945.2544570469755,3143.6692190884173,845.874153234514,3004.5181555432023,119.75132281329483,119.75132281329483,119.75132281329483,119.75132281329483,119.75132281329483,119.75132281329483,0.0,0.0,0.0,1983.1379140118352
13363,2015-02-03,1863.5335892251642,968.7743502327728,3137.418879292477,845.4389853429332,3005.401377514724,118.87695146882896,118.87695146882896,118.87695146882896,118.87695146882896,118.87695146882896,118.87695146882896,0.0,0.0,0.0,1982.4105406939932
13364,2015-02-04,1863.6805872517882,956.2312640927548,3150.919984002378,845.0038174513523,3006.2845994862428,118.00164612974295,118.00164612974295,118.00164612974295,118.00164612974295,118.00164612974295,118.00164612974295,0.0,0.0,0.0,1981.6822333815312
13365,2015-02-05,1863.8275852784122,962.267905930299,3156.798926463964,844.5686495597703,3007.1678214577646,117.12541528720034,117.12541528720034,117.12541528720034,117.12541528720034,117.12541528720034,117.12541528720034,0.0,0.0,0.0,1980.9530005656127
13366,2015-02-06,1863.9745833050363,946.8732520320779,3133.3696792997844,844.1334816681895,3008.0510434292837,116.24826745228577,116.24826745228577,116.24826745228577,116.24826745228577,116.24826745228577,116.24826745228577,0.0,0.0,0.0,1980.222850757322
13367,2015-02-09,1864.4155773849081,945.0439646775586,3153.261380422535,842.827977993447,3010.700709343846,113.61140740004456,113.61140740004456,113.61140740004456,113.61140740004456,113.61140740004456,113.61140740004456,0.0,0.0,0.0,1978.0269847849527
13368,2015-02-10,1864.5625754115322,981.920998836197,3152.8716063400266,842.3928101018662,3011.5839313153674,112.73067710000524,112.73067710000524,112.73067710000524,112.73067710000524,112.73067710000524,112.73067710000524,0.0,0.0,0.0,1977.2932525115375
13369,2015-02-11,1864.7095734381562,946.5707021206111,3129.513877450195,841.9576422102853,3012.4671532868865,111.84907265690677,111.84907265690677,111.84907265690677,111.84907265690677,111.84907265690677,111.84907265690677,0.0,0.0,0.0,1976.558646095063
13370,2015-02-12,1864.85657146478,977.959683090032,3148.7163956258423,841.5224743187046,3013.3503752584074,110.96660269838794,110.96660269838794,110.96660269838794,110.96660269838794,110.96660269838794,110.96660269838794,0.0,0.0,0.0,1975.823174163168
13371,2015-02-13,1865.003569491404,963.3193554319125,3162.431245973441,841.0873064271224,3014.2335972299297,110.0832758710081,110.0832758710081,110.0832758710081,110.0832758710081,110.0832758710081,110.0832758710081,0.0,0.0,0.0,1975.086845362412
13372,2015-02-17,1865.5915615979004,962.4324077655189,3143.9974171068047,839.3466348607992,3017.7664851160107,106.54157345817846,106.54157345817846,106.54157345817846,106.54157345817846,106.54157345817846,106.54157345817846,0.0,0.0,0.0,1972.1331350560788
13373,2015-02-18,1865.7385596245244,949.3865380532061,3152.9079091483454,838.9114669692183,3018.6497070875325,105.65409263694873,105.65409263694873,105.65409263694873,105.65409263694873,105.65409263694873,105.65409263694873,0.0,0.0,0.0,1971.3926522614731
13374,2015-02-19,1865.8855576511482,930.7421156127284,3123.939677086947,838.4762990776376,3019.532929059051,104.76580721539364,104.76580721539364,104.76580721539364,104.76580721539364,104.76580721539364,104.76580721539364,0.0,0.0,0.0,1970.6513648665418
13375,2015-02-20,1866.0325556777723,935.2928344175264,3153.9696505837383,838.0411311860566,3020.416151030573,103.87672596842502,103.87672596842502,103.87672596842502,103.87672596842502,103.87672596842502,103.87672596842502,0.0,0.0,0.0,1969.9092816461973
13376,2015-02-23,1866.4735497576442,934.5322908294141,3143.0790178361663,836.7356275113129,3023.065816945135,101.20479528935054,101.20479528935054,101.20479528935054,101.20479528935054,101.20479528935054,101.20479528935054,0.0,0.0,0.0,1967.6783450469948
13377,2015-02-24,1866.6205477842689,942.7278875820239,3154.890579979515,836.3004596197308,3023.949038916657,100.31261884239801,100.31261884239801,100.31261884239801,100.31261884239801,100.31261884239801,100.31261884239801,0.0,0.0,0.0,1966.933166626667
13378,2015-02-25,1866.767545810893,939.7638660794033,3105.249421732705,835.8652917281499,3024.832260888179,99.41969070769831,99.41969070769831,99.41969070769831,99.41969070769831,99.41969070769831,99.41969070769831,0.0,0.0,0.0,1966.1872365185911
13379,2015-02-26,1866.914543837517,927.4693434354159,3160.7773388968817,835.4301238365691,3025.8505158953985,98.52601976434637,98.52601976434637,98.52601976434637,98.52601976434637,98.52601976434637,98.52601976434637,0.0,0.0,0.0,1965.4405636018632
13380,2015-02-27,1867.061541864141,919.0480125063795,3143.089666454407,834.9949559449883,3027.079265401273,97.63161490827598,97.63161490827598,97.63161490827598,97.63161490827598,97.63161490827598,97.63161490827598,0.0,0.0,0.0,1964.6931567724168
13381,2015-03-02,1867.5025359440128,941.3741130365778,3153.225513582166,833.6894522702446,3030.7655139188932,94.94408607232016,94.94408607232016,94.94408607232016,94.94408607232016,94.94408607232016,94.94408607232016,0.0,0.0,0.0,1962.446622016333
13382,2015-03-03,1867.6495339706369,944.2230788053647,3131.3840646711155,833.2542843786637,3031.9942634247673,94.04683485595089,94.04683485595089,94.04683485595089,94.04683485595089,94.04683485595089,94.04683485595089,0.0,0.0,0.0,1961.6963688265878
13383,2015-03-04,1867.7965319972607,920.7161536886151,3149.141468101169,832.8191164870829,3033.2230129306417,93.14889445361979,93.14889445361979,93.14889445361979,93.14889445361979,93.14889445361979,93.14889445361979,0.0,0.0,0.0,1960.9454264508804
13384,2015-03-05,1867.9435300238847,936.5047104398524,3146.6952895871427,832.383948595502,3034.4517624365135,92.25027385900637,92.25027385900637,92.25027385900637,92.25027385900637,92.25027385900637,92.25027385900637,0.0,0.0,0.0,1960.1938038828912
13385,2015-03-06,1868.0905280505087,918.9988946932414,3153.1656773765594,831.9487807039212,3035.680511942388,91.35098208154771,91.35098208154771,91.35098208154771,91.35098208154771,91.35098208154771,91.35098208154771,0.0,0.0,0.0,1959.4415101320565
13386,2015-03-09,1868.5315221303806,912.7669136019466,3142.9822477875596,830.6432770291777,3039.366760460008,88.64916997929127,88.64916997929127,88.64916997929127,88.64916997929127,88.64916997929127,88.64916997929127,0.0,0.0,0.0,1957.1806921096718
13387,2015-03-10,1868.6785201570046,941.1985269178583,3152.1177843589535,830.2081091375968,3040.5955099658827,87.74728387417342,87.74728387417342,87.74728387417342,87.74728387417342,87.74728387417342,87.74728387417342,0.0,0.0,0.0,1956.4258040311781
13388,2015-03-11,1868.8255181836287,920.1958963474393,3138.1467596028942,829.7729412460161,3041.824259471757,86.84477186404419,86.84477186404419,86.84477186404419,86.84477186404419,86.84477186404419,86.84477186404419,0.0,0.0,0.0,1955.6702900476728
13389,2015-03-12,1868.9725162102527,916.6159695938195,3144.5601917330305,829.3377733544353,3043.0530089776307,85.94164304949084,85.94164304949084,85.94164304949084,85.94164304949084,85.94164304949084,85.94164304949084,0.0,0.0,0.0,1954.9141592597434
13390,2015-03-13,1869.1195142368765,915.2980891609886,3134.0464470674683,828.9026054628544,3044.2817584835057,85.03790654574189,85.03790654574189,85.03790654574189,85.03790654574189,85.03790654574189,85.03790654574189,0.0,0.0,0.0,1954.1574207826184
13391,2015-03-16,1869.5605083167488,916.0124458397912,3114.091676286125,827.5971017881119,3047.968007001126,82.32314226769198,82.32314226769198,82.32314226769198,82.32314226769198,82.32314226769198,82.32314226769198,0.0,0.0,0.0,1951.8836505844408
13392,2015-03-17,1869.7075063433729,909.6959374964107,3130.348833868144,827.1619338965297,3049.196756507,81.41706644645109,81.41706644645109,81.41706644645109,81.41706644645109,81.41706644645109,81.41706644645109,0.0,0.0,0.0,1951.124572789824
13393,2015-03-18,1869.854504369997,902.1940294999514,3145.4280104349996,826.726766004949,3050.425506012872,80.51042872600347,80.51042872600347,80.51042872600347,80.51042872600347,80.51042872600347,80.51042872600347,0.0,0.0,0.0,1950.3649330960004
13394,2015-03-19,1870.0015023966207,903.5279607556049,3147.6367536525822,826.2915981133681,3051.654255518746,79.60323830598804,79.60323830598804,79.60323830598804,79.60323830598804,79.60323830598804,79.60323830598804,0.0,0.0,0.0,1949.6047407026088
13395,2015-03-20,1870.1485004232447,922.9505844687951,3137.891170258631,825.8564302217874,3052.8830050246206,78.69550439953873,78.69550439953873,78.69550439953873,78.69550439953873,78.69550439953873,78.69550439953873,0.0,0.0,0.0,1948.8440048227835
13396,2015-03-23,1870.5894945031166,910.1078630289019,3138.938629017763,824.3877798626323,3056.3881398650396,75.9691340919207,75.9691340919207,75.9691340919207,75.9691340919207,75.9691340919207,75.9691340919207,0.0,0.0,0.0,1946.5586285950374
13397,2015-03-24,1870.7364925297406,881.9745205120702,3145.3791663703782,823.8947907677557,3057.55537334979,75.05931863525295,75.05931863525295,75.05931863525295,75.05931863525295,75.05931863525295,75.05931863525295,0.0,0.0,0.0,1945.7958111649937
13398,2015-03-25,1870.8834905563647,900.0316907505652,3153.806059127243,823.4000161090534,3058.7226068345403,74.14900595451013,74.14900595451013,74.14900595451013,74.14900595451013,74.14900595451013,74.14900595451013,0.0,0.0,0.0,1945.0324965108748
13399,2015-03-26,1871.0304885829894,875.8234811658866,3131.9527240340594,822.8643009493252,3059.8898403192934,73.23820534034377,73.23820534034377,73.23820534034377,73.23820534034377,73.23820534034377,73.23820534034377,0.0,0.0,0.0,1944.268693923333
13400,2015-03-27,1871.1774866096134,892.2648022603746,3149.775145292209,822.3285857896007,3061.0570738040437,72.32692609574498,72.32692609574498,72.32692609574498,72.32692609574498,72.32692609574498,72.32692609574498,0.0,0.0,0.0,1943.5044127053584
13401,2015-03-30,1871.6184806894853,883.3000150586636,3147.7649901755444,820.7214403104268,3065.596913404431,69.59030979075237,69.59030979075237,69.59030979075237,69.59030979075237,69.59030979075237,69.59030979075237,0.0,0.0,0.0,1941.2087904802377
13402,2015-03-31,1871.7654787161093,884.745009821645,3143.8818424239103,820.1857251507023,3067.091022451403,68.67720929516189,68.67720929516189,68.67720929516189,68.67720929516189,68.67720929516189,68.67720929516189,0.0,0.0,0.0,1940.4426880112712
13403,2015-04-01,1871.9124767427331,886.8153255946335,3153.4174433440808,819.6500099909774,3068.5851314983747,67.76367686325061,67.76367686325061,67.76367686325061,67.76367686325061,67.76367686325061,67.76367686325061,0.0,0.0,0.0,1939.6761536059837
13404,2015-04-02,1872.0594747693572,865.8179818091884,3149.9981641439995,819.1142948312516,3070.0792405453467,66.84972186849468,66.84972186849468,66.84972186849468,66.84972186849468,66.84972186849468,66.84972186849468,0.0,0.0,0.0,1938.909196637852
13405,2015-04-06,1872.647466875853,866.3882162774469,3149.8095505511,816.9714341923526,3076.055676733235,63.18986411736603,63.18986411736603,63.18986411736603,63.18986411736603,63.18986411736603,63.18986411736603,0.0,0.0,0.0,1935.837330993219
13406,2015-04-07,1872.794464902477,864.4420365876082,3158.8405991043023,816.4357190326282,3077.549785780207,62.273937294947835,62.273937294947835,62.273937294947835,62.273937294947835,62.273937294947835,62.273937294947835,0.0,0.0,0.0,1935.068402197425
13407,2015-04-08,1872.9414629291011,875.3477664022525,3151.293686357186,815.9000038729037,3079.043894827179,61.35764437879073,61.35764437879073,61.35764437879073,61.35764437879073,61.35764437879073,61.35764437879073,0.0,0.0,0.0,1934.299107307892
13408,2015-04-09,1873.0884609557252,884.2848181476658,3163.684112689756,815.3642887131787,3080.5380038741564,60.44099481685556,60.44099481685556,60.44099481685556,60.44099481685556,60.44099481685556,60.44099481685556,0.0,0.0,0.0,1933.5294557725808
13409,2015-04-10,1873.2354589823494,889.0000146784712,3139.8929290605793,814.8589345745872,3082.032112921128,59.523998067054634,59.523998067054634,59.523998067054634,59.523998067054634,59.523998067054634,59.523998067054634,0.0,0.0,0.0,1932.759457049404
13410,2015-04-13,1873.6764530622213,860.0805072177965,3127.5677773713746,813.6343091932424,3086.5144400620443,56.77101941512678,56.77101941512678,56.77101941512678,56.77101941512678,56.77101941512678,56.77101941512678,0.0,0.0,0.0,1930.4474724773481
13411,2015-04-14,1873.8234510888453,868.649172467597,3163.543482806247,813.2261007327942,3088.0085491090163,55.85272868586772,55.85272868586772,55.85272868586772,55.85272868586772,55.85272868586772,55.85272868586772,0.0,0.0,0.0,1929.676179774713
13412,2015-04-15,1873.9704491154694,864.0309329763335,3131.765215813505,812.8178922723458,3089.502658155988,54.934138201457166,54.934138201457166,54.934138201457166,54.934138201457166,54.934138201457166,54.934138201457166,0.0,0.0,0.0,1928.9045873169266
13413,2015-04-16,1874.1174471420934,872.6359984223091,3130.423353862517,812.4096838118975,3090.99676720296,54.01525747585214,54.01525747585214,54.01525747585214,54.01525747585214,54.01525747585214,54.01525747585214,0.0,0.0,0.0,1928.1327046179456
13414,2015-04-17,1874.2644451687172,875.8638720497436,3137.0691756610763,812.0014753514492,3092.4908762499326,53.09609603174211,53.09609603174211,53.09609603174211,53.09609603174211,53.09609603174211,53.09609603174211,0.0,0.0,0.0,1927.3605412004592
13415,2015-04-20,1874.7054392485893,874.5446655735859,3147.688916685023,810.7768499701032,3096.9732033908485,50.33702274240106,50.33702274240106,50.33702274240106,50.33702274240106,50.33702274240106,50.33702274240106,0.0,0.0,0.0,1925.0424619909904
13416,2015-04-21,1874.852437275213,863.2178331510296,3136.8914001824705,810.3686415096548,3098.4673124378205,49.41683381947618,49.41683381947618,49.41683381947618,49.41683381947618,49.41683381947618,49.41683381947618,0.0,0.0,0.0,1924.2692710946892
13417,2015-04-22,1874.9994353018371,850.4585361475467,3132.935890323474,809.9604330492065,3099.9614214847925,48.49641191620067,48.49641191620067,48.49641191620067,48.49641191620067,48.49641191620067,48.49641191620067,0.0,0.0,0.0,1923.4958472180379
13418,2015-04-23,1875.1464333284612,861.9970203134,3156.0012763024147,809.5522245887582,3101.455530531765,47.57576660391543,47.57576660391543,47.57576660391543,47.57576660391543,47.57576660391543,47.57576660391543,0.0,0.0,0.0,1922.7221999323765
13419,2015-04-24,1875.2934313550852,855.8043137100813,3147.418673072377,809.14401612831,3102.9496395787414,46.654907461450534,46.654907461450534,46.654907461450534,46.654907461450534,46.654907461450534,46.654907461450534,0.0,0.0,0.0,1921.9483388165359
13420,2015-04-27,1875.7344254349578,865.6174670117603,3140.7251082624894,807.9193907469624,3107.431966719663,43.891142949756635,43.891142949756635,43.891142949756635,43.891142949756635,43.891142949756635,43.891142949756635,0.0,0.0,0.0,1919.6255683847144
13421,2015-04-28,1875.8814234615818,853.2055536940976,3161.4828729658934,807.5111822865142,3108.926075766635,42.969524418297894,42.969524418297894,42.969524418297894,42.969524418297894,42.969524418297894,42.969524418297894,0.0,0.0,0.0,1918.8509478798796
13422,2015-04-29,1876.0284214882058,833.8142764530675,3158.3132138948868,807.1029738260659,3110.420184813607,42.047740056824644,42.047740056824644,42.047740056824644,42.047740056824644,42.047740056824644,42.047740056824644,0.0,0.0,0.0,1918.0761615450306
13423,2015-04-30,1876.1754195148296,860.7303052610566,3156.222886942092,806.6947653656175,3111.914293860579,41.12579948532733,41.12579948532733,41.12579948532733,41.12579948532733,41.12579948532733,41.12579948532733,0.0,0.0,0.0,1917.301219000157
13424,2015-05-01,1876.3224175414537,855.5539098256066,3150.5185015695665,806.2865569051694,3113.391385352747,40.20371233001731,40.20371233001731,40.20371233001731,40.20371233001731,40.20371233001731,40.20371233001731,0.0,0.0,0.0,1916.5261298714709
13425,2015-05-04,1876.7634116213255,833.4500497112961,3158.4021075083065,805.0619315238233,3117.7950877895446,37.43666771300146,37.43666771300146,37.43666771300146,37.43666771300146,37.43666771300146,37.43666771300146,0.0,0.0,0.0,1914.200079334327
13426,2015-05-05,1876.9104096479496,863.4288172607698,3160.8587777911257,804.6182308135121,3119.262988601811,36.51409060284463,36.51409060284463,36.51409060284463,36.51409060284463,36.51409060284463,36.51409060284463,0.0,0.0,0.0,1913.4245002507942
13427,2015-05-06,1877.0574076745738,819.2341226804061,3141.6488849071015,804.1316017096306,3120.730889414076,35.59141512704896,35.59141512704896,35.59141512704896,35.59141512704896,35.59141512704896,35.59141512704896,0.0,0.0,0.0,1912.6488228016228
13428,2015-05-07,1877.2044057011979,853.2920002821202,3165.6176941187678,803.644972605749,3122.003771002115,34.66865094540234,34.66865094540234,34.66865094540234,34.66865094540234,34.66865094540234,34.66865094540234,0.0,0.0,0.0,1911.8730566466002
13429,2015-05-08,1877.351403727822,842.9825342287376,3121.9075375265825,803.1583435018675,3122.4663822096354,33.745807722642425,33.745807722642425,33.745807722642425,33.745807722642425,33.745807722642425,33.745807722642425,0.0,0.0,0.0,1911.0972114504643
13430,2015-05-11,1877.7923978076938,813.025253248624,3122.2060510909414,801.6984561902244,3123.854215832198,30.97690052559982,30.97690052559982,30.97690052559982,30.97690052559982,30.97690052559982,30.97690052559982,0.0,0.0,0.0,1908.7692983332936
13431,2015-05-12,1877.9393958343178,831.4886735312816,3133.352293318387,801.211827086343,3124.316827039718,30.053837878527272,30.053837878527272,30.053837878527272,30.053837878527272,30.053837878527272,30.053837878527272,0.0,0.0,0.0,1907.993233712845
13432,2015-05-13,1878.0863938609418,856.5780762196819,3148.7462024830916,800.7251979824615,3124.779438247239,29.13074458198856,29.13074458198856,29.13074458198856,29.13074458198856,29.13074458198856,29.13074458198856,0.0,0.0,0.0,1907.2171384429305
13433,2015-05-14,1878.2333918875659,819.0001564090383,3140.4565604069717,800.2385688785812,3125.2420494547596,28.207630326619583,28.207630326619583,28.207630326619583,28.207630326619583,28.207630326619583,28.207630326619583,0.0,0.0,0.0,1906.4410222141855
13434,2015-05-15,1878.3803899141897,828.476421596256,3122.3337000083834,799.7519397746997,3125.70466066228,27.284504806723998,27.284504806723998,27.284504806723998,27.284504806723998,27.284504806723998,27.284504806723998,0.0,0.0,0.0,1905.6648947209137
13435,2015-05-18,1878.8213839940618,815.3926877910467,3156.327541577167,798.2920524630565,3127.0924942848415,24.515157654102655,24.515157654102655,24.515157654102655,24.515157654102655,24.515157654102655,24.515157654102655,0.0,0.0,0.0,1903.3365416481645
13436,2015-05-19,1878.9683820206856,798.741134411604,3157.6534638839953,797.805423359175,3127.5551054923617,23.59208408609969,23.59208408609969,23.59208408609969,23.59208408609969,23.59208408609969,23.59208408609969,0.0,0.0,0.0,1902.5604661067853
13437,2015-05-20,1879.1153800473096,801.0229752603232,3147.2012385964745,797.3187942552936,3128.017716699884,22.669047773686955,22.669047773686955,22.669047773686955,22.669047773686955,22.669047773686955,22.669047773686955,0.0,0.0,0.0,1901.7844278209966
13438,2015-05-21,1879.2623780739336,831.2691250900746,3124.4731608657703,796.832165151412,3128.4803279074044,21.74605842931527,21.74605842931527,21.74605842931527,21.74605842931527,21.74605842931527,21.74605842931527,0.0,0.0,0.0,1901.008436503249
13439,2015-05-22,1879.4093761005577,832.1118179513458,3155.84408128526,796.3455360475306,3128.942939114925,20.823125767798686,20.823125767798686,20.823125767798686,20.823125767798686,20.823125767798686,20.823125767798686,0.0,0.0,0.0,1900.2325018683564
13440,2015-05-26,1879.9973682070543,823.9518772218664,3150.050978139347,794.3990196320046,3130.7933839450097,17.132156319348663,17.132156319348663,17.132156319348663,17.132156319348663,17.132156319348663,17.132156319348663,0.0,0.0,0.0,1897.129524526403
13441,2015-05-27,1880.1443662336783,809.6272862559499,3143.8124674621477,793.9123905281231,3131.8681159491234,16.20965286444178,16.20965286444178,16.20965286444178,16.20965286444178,16.20965286444178,16.20965286444178,0.0,0.0,0.0,1896.35401909812
13442,2015-05-28,1880.291364260302,826.6843767345041,3154.057695219461,793.4257614242416,3133.097309917111,15.28726442071457,15.28726442071457,15.28726442071457,15.28726442071457,15.28726442071457,15.28726442071457,0.0,0.0,0.0,1895.5786286810167
13443,2015-05-29,1880.4383622869261,796.1125837594127,3147.442216266911,792.9391323203614,3134.3265038850977,14.365000714370673,14.365000714370673,14.365000714370673,14.365000714370673,14.365000714370673,14.365000714370673,0.0,0.0,0.0,1894.8033630012967
13444,2015-06-01,1880.8793563667982,814.3901103534782,3147.323711368109,792.3203934977186,3138.014085789057,11.599055293794313,11.599055293794313,11.599055293794313,11.599055293794313,11.599055293794313,11.599055293794313,0.0,0.0,0.0,1892.4784116605924
13445,2015-06-02,1881.0263543934225,787.0036058949156,3158.469269428997,792.1571258058145,3139.243279757044,10.677387813831267,10.677387813831267,10.677387813831267,10.677387813831267,10.677387813831267,10.677387813831267,0.0,0.0,0.0,1891.7037422072538
13446,2015-06-03,1881.1733524200465,803.1929977712448,3142.1037303318153,791.99385811391,3140.4289507670323,9.755893711714254,9.755893711714254,9.755893711714254,9.755893711714254,9.755893711714254,9.755893711714254,0.0,0.0,0.0,1890.9292461317607
13447,2015-06-04,1881.3203504466703,796.3059628830017,3144.4740480612854,791.8305904220059,3141.5961842517804,8.834582716098456,8.834582716098456,8.834582716098456,8.834582716098456,8.834582716098456,8.834582716098456,0.0,0.0,0.0,1890.1549331627689
13448,2015-06-05,1881.4673484732944,791.8720331691186,3151.6168684958557,791.6673227301014,3142.7634177365303,7.913464555394785,7.913464555394785,7.913464555394785,7.913464555394785,7.913464555394785,7.913464555394785,0.0,0.0,0.0,1889.380813028689
13449,2015-06-08,1881.9083425531662,783.7368085178306,3124.397621167214,790.3865506115217,3146.2651181907786,5.151364359108132,5.151364359108132,5.151364359108132,5.151364359108132,5.151364359108132,5.151364359108132,0.0,0.0,0.0,1887.0597069122744
13450,2015-06-09,1882.0553405797903,804.1752702754959,3156.5467656482297,789.9379219745762,3147.432351675529,4.2311148105074885,4.2311148105074885,4.2311148105074885,4.2311148105074885,4.2311148105074885,4.2311148105074885,0.0,0.0,0.0,1886.2864553902978
13451,2015-06-10,1882.2023386064143,791.9589682134289,3139.4131865315967,789.4892933376308,3148.5995851602793,3.3111067284881286,3.3111067284881286,3.3111067284881286,3.3111067284881286,3.3111067284881286,3.3111067284881286,0.0,0.0,0.0,1885.5134453349024
13452,2015-06-11,1882.3493366330383,776.5093352391854,3145.1978927279915,789.0406647006854,3149.7668186450296,2.39134983598324,2.39134983598324,2.39134983598324,2.39134983598324,2.39134983598324,2.39134983598324,0.0,0.0,0.0,1884.7406864690215
13453,2015-06-12,1882.4963346596624,779.7941068094407,3148.8986394032045,788.5920360637399,3150.93405212978,1.4718538543584205,1.4718538543584205,1.4718538543584205,1.4718538543584205,1.4718538543584205,1.4718538543584205,0.0,0.0,0.0,1883.9681885140208
13454,2015-06-15,1882.9373287395342,768.1486559025193,3146.816300942619,787.2461501529024,3154.435752584028,-1.2849714392060707,-1.2849714392060707,-1.2849714392060707,-1.2849714392060707,-1.2849714392060707,-1.2849714392060707,0.0,0.0,0.0,1881.652357300328
13455,2015-06-16,1883.0843267661583,765.9754643779203,3176.5311116351786,786.7975215159571,3155.6029860687786,-2.203326601806496,-2.203326601806496,-2.203326601806496,-2.203326601806496,-2.203326601806496,-2.203326601806496,0.0,0.0,0.0,1880.8810001643517
13456,2015-06-17,1883.231324792782,800.1653722235385,3170.799302341345,786.1630680724346,3156.7318473509654,-3.121372276965221,-3.121372276965221,-3.121372276965221,-3.121372276965221,-3.121372276965221,-3.121372276965221,0.0,0.0,0.0,1880.1099525158168
13457,2015-06-18,1883.378322819406,783.7669585843853,3139.242610376313,785.1278615050558,3157.8140624955013,-4.039098756749416,-4.039098756749416,-4.039098756749416,-4.039098756749416,-4.039098756749416,-4.039098756749416,0.0,0.0,0.0,1879.3392240626567
13458,2015-06-19,1883.5253208460301,784.1159698749441,3142.9241796276174,784.0926549376743,3158.896277640038,-4.956496336127177,-4.956496336127177,-4.956496336127177,-4.956496336127177,-4.956496336127177,-4.956496336127177,0.0,0.0,0.0,1878.568824509903
13459,2015-06-22,1883.9663149259025,759.9180923800122,3166.7694656439007,780.9870352355351,3162.142923073644,-7.706618669037133,-7.706618669037133,-7.706618669037133,-7.706618669037133,-7.706618669037133,-7.706618669037133,0.0,0.0,0.0,1876.2596962568653
13460,2015-06-23,1884.1133129525263,779.9552258699723,3160.054197645131,779.9518286681539,3163.2251382181807,-8.622603661186092,-8.622603661186092,-8.622603661186092,-8.622603661186092,-8.622603661186092,-8.622603661186092,0.0,0.0,0.0,1875.4907092913402
13461,2015-06-24,1884.2603109791503,743.0399243493475,3167.2720507330737,779.214707343545,3164.3073533627166,-9.538211277971202,-9.538211277971202,-9.538211277971202,-9.538211277971202,-9.538211277971202,-9.538211277971202,0.0,0.0,0.0,1874.722099701179
13462,2015-06-25,1884.4073090057748,769.1692214666002,3149.3870941051478,778.6311961423855,3165.3895685072557,-10.45343183577664,-10.45343183577664,-10.45343183577664,-10.45343183577664,-10.45343183577664,-10.45343183577664,0.0,0.0,0.0,1873.9538771699981
13463,2015-06-26,1884.5543070323986,766.4130399833446,3153.176018346887,778.0476849412299,3166.4717836517916,-11.368255655215409,-11.368255655215409,-11.368255655215409,-11.368255655215409,-11.368255655215409,-11.368255655215409,0.0,0.0,0.0,1873.1860513771833
13464,2015-06-29,1884.995301112271,760.4431574884098,3169.505543970783,776.2971513377603,3169.718429085398,-14.11024995701594,-14.11024995701594,-14.11024995701594,-14.11024995701594,-14.11024995701594,-14.11024995701594,0.0,0.0,0.0,1870.885051155255
13465,2015-06-30,1885.142299138895,750.9122581554074,3157.3533829375315,775.7136401366035,3170.8006442299347,-15.02339012051643,-15.02339012051643,-15.02339012051643,-15.02339012051643,-15.02339012051643,-15.02339012051643,0.0,0.0,0.0,1870.1189090183784
13466,2015-07-01,1885.289297165519,763.1500169554163,3161.0012722280553,775.1301289354484,3171.8828593744706,-15.93608521892407,-15.93608521892407,-15.93608521892407,-15.93608521892407,-15.93608521892407,-15.93608521892407,0.0,0.0,0.0,1869.353211946595
13467,2015-07-02,1885.4362951921428,741.8171029973271,3139.186939375412,774.5466177342917,3172.965074519007,-16.84832560226985,-16.84832560226985,-16.84832560226985,-16.84832560226985,-16.84832560226985,-16.84832560226985,0.0,0.0,0.0,1868.587969589873
13468,2015-07-06,1886.024287298639,756.0409496532138,3131.1292002870673,772.2125729296665,3177.2939350971496,-20.492547184481243,-20.492547184481243,-20.492547184481243,-20.492547184481243,-20.492547184481243,-20.492547184481243,0.0,0.0,0.0,1865.5317401141576
13469,2015-07-07,1886.1712853252627,730.5797787182263,3167.9049226350817,771.6290617285097,3178.3761502416833,-21.402369444509333,-21.402369444509333,-21.402369444509333,-21.402369444509333,-21.402369444509333,-21.402369444509333,0.0,0.0,0.0,1864.7689158807534
13470,2015-07-08,1886.3182833518867,729.4608117038281,3160.381825724554,771.0455505273533,3179.4583653862196,-22.311679213263133,-22.311679213263133,-22.311679213263133,-22.311679213263133,-22.311679213263133,-22.311679213263133,0.0,0.0,0.0,1864.0066041386235
13471,2015-07-09,1886.4652813785108,716.25188681047,3156.1715346171095,770.4620393261966,3180.5405805307555,-23.220466883757936,-23.220466883757936,-23.220466883757936,-23.220466883757936,-23.220466883757936,-23.220466883757936,0.0,0.0,0.0,1863.2448144947527
13472,2015-07-10,1886.6122794051348,763.4683549894669,3155.3675883562837,769.8785281250413,3180.991499786059,-24.128722855909626,-24.128722855909626,-24.128722855909626,-24.128722855909626,-24.128722855909626,-24.128722855909626,0.0,0.0,0.0,1862.483556549225
13473,2015-07-13,1887.0532734850067,737.7078534877687,3155.7781244129005,768.1279945215715,3183.2699515877493,-26.85020468902664,-26.85020468902664,-26.85020468902664,-26.85020468902664,-26.85020468902664,-26.85020468902664,0.0,0.0,0.0,1860.20306879598
13474,2015-07-14,1887.2002715116307,734.9372250027757,3155.9852949793935,767.5444833204161,3184.6287913380784,-27.756238011711538,-27.756238011711538,-27.756238011711538,-27.756238011711538,-27.756238011711538,-27.756238011711538,0.0,0.0,0.0,1859.4440334999192
13475,2015-07-15,1887.3472695382545,732.5906639755672,3148.6533859978,766.9609721192594,3185.9876310884024,-28.661691745855855,-28.661691745855855,-28.661691745855855,-28.661691745855855,-28.661691745855855,-28.661691745855855,0.0,0.0,0.0,1858.6855777923986
13476,2015-07-16,1887.4942675648786,725.2742703992348,3155.5191458331847,766.377460918103,3187.3464708387314,-29.566556336796964,-29.566556336796964,-29.566556336796964,-29.566556336796964,-29.566556336796964,-29.566556336796964,0.0,0.0,0.0,1857.9277112280815
13477,2015-07-17,1887.641265591503,742.5886993131993,3177.916982817652,765.7939497169461,3188.70531058906,-30.470822238104077,-30.470822238104077,-30.470822238104077,-30.470822238104077,-30.470822238104077,-30.470822238104077,0.0,0.0,0.0,1857.170443353399
13478,2015-07-20,1888.082259671375,722.5363569631758,3163.6805383730198,764.0434161134779,3192.781829840037,-33.179932467478174,-33.179932467478174,-33.179932467478174,-33.179932467478174,-33.179932467478174,-33.179932467478174,0.0,0.0,0.0,1854.9023272038967
13479,2015-07-21,1888.229257697999,750.2884783461917,3149.9249552790307,763.5381619586194,3194.1406695903656,-34.081708317340144,-34.081708317340144,-34.081708317340144,-34.081708317340144,-34.081708317340144,-34.081708317340144,0.0,0.0,0.0,1854.1475493806588
13480,2015-07-22,1888.3762557246228,722.8868498736542,3144.8049437420887,763.0377887088523,3195.49950934069,-34.98283787561589,-34.98283787561589,-34.98283787561589,-34.98283787561589,-34.98283787561589,-34.98283787561589,0.0,0.0,0.0,1853.393417849007
13481,2015-07-23,1888.5232537512468,696.6722920979711,3147.5289151653715,762.5374154590863,3196.8583490910187,-35.8833116492847,-35.8833116492847,-35.8833116492847,-35.8833116492847,-35.8833116492847,-35.8833116492847,0.0,0.0,0.0,1852.639942101962
13482,2015-07-24,1888.6702517778708,707.4156450976307,3156.7394831872502,762.0370422093192,3198.2171888413477,-36.78312015488273,-36.78312015488273,-36.78312015488273,-36.78312015488273,-36.78312015488273,-36.78312015488273,0.0,0.0,0.0,1851.8871316229881
13483,2015-07-27,1889.1112458577434,716.8091570148147,3142.4019871761616,760.5359224600163,3201.9524158909658,-39.47845937613191,-39.47845937613191,-39.47845937613191,-39.47845937613191,-39.47845937613191,-39.47845937613191,0.0,0.0,0.0,1849.6327864816114
13484,2015-07-28,1889.2582438843674,714.7051368015882,3131.6514279526623,760.0355492102492,3203.1600279784852,-40.37551217279696,-40.37551217279696,-40.37551217279696,-40.37551217279696,-40.37551217279696,-40.37551217279696,0.0,0.0,0.0,1848.8827317115704
13485,2015-07-29,1889.4052419109914,705.2890244757679,3164.3076058060424,759.5351759604833,3204.367640066004,-41.271852434199644,-41.271852434199644,-41.271852434199644,-41.271852434199644,-41.271852434199644,-41.271852434199644,0.0,0.0,0.0,1848.1333894767918
13486,2015-07-30,1889.5522399376155,713.5144598938665,3141.429813834445,758.7189565371257,3205.5752521535233,-42.16747073824845,-42.16747073824845,-42.16747073824845,-42.16747073824845,-42.16747073824845,-42.16747073824845,0.0,0.0,0.0,1847.384769199367
13487,2015-07-31,1889.6992379642393,711.2240558125408,3165.229981190101,757.4127923650475,3206.7828642410427,-43.06235767373569,-43.06235767373569,-43.06235767373569,-43.06235767373569,-43.06235767373569,-43.06235767373569,0.0,0.0,0.0,1846.6368802905035
13488,2015-08-03,1890.1402320441114,686.2165535360328,3163.4203243469856,753.4942998488028,3210.405700503597,-45.742536324078216,-45.742536324078216,-45.742536324078216,-45.742536324078216,-45.742536324078216,-45.742536324078216,0.0,0.0,0.0,1844.3976957200332
13489,2015-08-04,1890.2872300707352,708.8748555707928,3168.049006839725,752.1881356767246,3211.598907690252,-46.63440389765007,-46.63440389765007,-46.63440389765007,-46.63440389765007,-46.63440389765007,-46.63440389765007,0.0,0.0,0.0,1843.652826173085
13490,2015-08-05,1890.4342280973592,716.3793665078714,3153.0233055847807,750.8819715046416,3212.7382167034507,-47.52549321656419,-47.52549321656419,-47.52549321656419,-47.52549321656419,-47.52549321656419,-47.52549321656419,0.0,0.0,0.0,1842.908734880795
13491,2015-08-06,1890.5812261239832,700.8558547104329,3141.5551832831743,749.5758073325633,3213.877525716651,-48.41579493890753,-48.41579493890753,-48.41579493890753,-48.41579493890753,-48.41579493890753,-48.41579493890753,0.0,0.0,0.0,1842.1654311850757
13492,2015-08-07,1890.7282241506073,715.6261642927175,3159.402719538039,748.2696431604801,3215.016834729852,-49.30529973496668,-49.30529973496668,-49.30529973496668,-49.30529973496668,-49.30529973496668,-49.30529973496668,0.0,0.0,0.0,1841.4229244156406
13493,2015-08-10,1891.1692182304791,686.7661739101301,3166.686524569746,744.9111085096794,3217.4994544759315,-51.968939455374816,-51.968939455374816,-51.968939455374816,-51.968939455374816,-51.968939455374816,-51.968939455374816,0.0,0.0,0.0,1839.2002787751044
13494,2015-08-11,1891.3162162571032,683.2318467717714,3168.7221230841124,744.5346111801028,3218.243566557392,-52.855163499883396,-52.855163499883396,-52.855163499883396,-52.855163499883396,-52.855163499883396,-52.855163499883396,0.0,0.0,0.0,1838.4610527572197
13495,2015-08-12,1891.4632142837272,688.5142024135102,3140.752864769758,744.1581138505263,3218.9876786388513,-53.740544159202315,-53.740544159202315,-53.740544159202315,-53.740544159202315,-53.740544159202315,-53.740544159202315,0.0,0.0,0.0,1837.722670124525
13496,2015-08-13,1891.6102123103515,669.2339145269709,3151.602037346214,743.7816165209492,3219.7317907203114,-54.625072180791406,-54.625072180791406,-54.625072180791406,-54.625072180791406,-54.625072180791406,-54.625072180791406,0.0,0.0,0.0,1836.98514012956
13497,2015-08-14,1891.7572103369755,692.7967912468538,3151.246070949567,743.4051191913726,3220.47590280177,-55.50873832562263,-55.50873832562263,-55.50873832562263,-55.50873832562263,-55.50873832562263,-55.50873832562263,0.0,0.0,0.0,1836.248472011353
13498,2015-08-17,1892.1982044168474,665.4177734833249,3179.8187639763382,742.2756272026418,3222.7082390461505,-58.1544733158938,-58.1544733158938,-58.1544733158938,-58.1544733158938,-58.1544733158938,-58.1544733158938,0.0,0.0,0.0,1834.0437311009537
13499,2015-08-18,1892.3452024434714,680.0375493382166,3165.63357023329,741.8991298730651,3223.452351127609,-59.03459984019866,-59.03459984019866,-59.03459984019866,-59.03459984019866,-59.03459984019866,-59.03459984019866,0.0,0.0,0.0,1833.3106026032729
13500,2015-08-19,1892.4922004700952,685.5116060660652,3159.989498735397,741.6149245963179,3225.01727893579,-59.913818501821794,-59.913818501821794,-59.913818501821794,-59.913818501821794,-59.913818501821794,-59.913818501821794,0.0,0.0,0.0,1832.5783819682733
13501,2015-08-20,1892.6391984967192,647.4382225813151,3146.223507777017,741.3372451476621,3226.7129262694243,-60.792120146722894,-60.792120146722894,-60.792120146722894,-60.792120146722894,-60.792120146722894,-60.792120146722894,0.0,0.0,0.0,1831.8470783499963
13502,2015-08-21,1892.7861965233433,682.5642690322668,3166.593368969772,741.0595656990055,3228.408573603059,-61.669495635675354,-61.669495635675354,-61.669495635675354,-61.669495635675354,-61.669495635675354,-61.669495635675354,0.0,0.0,0.0,1831.116700887668
13503,2015-08-24,1893.2271906032158,674.255279623067,3166.773740945296,740.2265273530351,3233.495515603968,-64.29597400059578,-64.29597400059578,-64.29597400059578,-64.29597400059578,-64.29597400059578,-64.29597400059578,0.0,0.0,0.0,1828.93121660262
13504,2015-08-25,1893.3741886298399,669.2495584373473,3177.147682458556,739.9488479043785,3235.1911629376023,-65.16955377615757,-65.16955377615757,-65.16955377615757,-65.16955377615757,-65.16955377615757,-65.16955377615757,0.0,0.0,0.0,1828.2046348536824
13505,2015-08-26,1893.521186656464,692.0446490723748,3167.8334526429226,739.6711684557218,3236.886810271237,-66.0421619282582,-66.0421619282582,-66.0421619282582,-66.0421619282582,-66.0421619282582,-66.0421619282582,0.0,0.0,0.0,1827.4790247282058
13506,2015-08-27,1893.668184683088,660.1720175083533,3166.224919880214,739.3934890070653,3238.5824576048717,-66.9137894104096,-66.9137894104096,-66.9137894104096,-66.9137894104096,-66.9137894104096,-66.9137894104096,0.0,0.0,0.0,1826.7543952726783
13507,2015-08-28,1893.8151827097117,676.6865359086429,3160.9896292204926,739.1158095584087,3239.985061006643,-67.78442719222465,-67.78442719222465,-67.78442719222465,-67.78442719222465,-67.78442719222465,-67.78442719222465,0.0,0.0,0.0,1826.030755517487
13508,2015-08-31,1894.2561767895838,658.5541569442184,3165.6639099252925,738.282771212439,3243.720166463633,-70.39031227703697,-70.39031227703697,-70.39031227703697,-70.39031227703697,-70.39031227703697,-70.39031227703697,0.0,0.0,0.0,1823.865864512547
13509,2015-09-01,1894.4031748162079,663.6961945734009,3185.5221779733497,738.0050917637823,3244.9652016159635,-71.25690128194596,-71.25690128194596,-71.25690128194596,-71.25690128194596,-71.25690128194596,-71.25690128194596,0.0,0.0,0.0,1823.1462735342618
13510,2015-09-02,1894.5501728428317,682.4957825787926,3138.9297286082156,737.7274123151259,3246.210236768295,-72.12245568241967,-72.12245568241967,-72.12245568241967,-72.12245568241967,-72.12245568241967,-72.12245568241967,0.0,0.0,0.0,1822.427717160412
13511,2015-09-03,1894.6971708694557,669.1569560139462,3166.8021315663777,737.3107287397945,3247.4552719206235,-72.98696654848484,-72.98696654848484,-72.98696654848484,-72.98696654848484,-72.98696654848484,-72.98696654848484,0.0,0.0,0.0,1821.710204320971
13512,2015-09-04,1894.8441688960797,653.3012893030126,3159.767250587171,736.6878841552744,3248.7003070729547,-73.85042496753748,-73.85042496753748,-73.85042496753748,-73.85042496753748,-73.85042496753748,-73.85042496753748,0.0,0.0,0.0,1820.9937439285422
13513,2015-09-08,1895.4321610025756,648.150331572263,3168.0749978551307,734.1965058171864,3253.650598787764,-77.29355653957174,-77.29355653957174,-77.29355653957174,-77.29355653957174,-77.29355653957174,-77.29355653957174,0.0,0.0,0.0,1818.138604463004
13514,2015-09-09,1895.5791590292,650.2684370899048,3178.7052064614086,733.5736612326639,3254.817832272515,-78.15161965505948,-78.15161965505948,-78.15161965505948,-78.15161965505948,-78.15161965505948,-78.15161965505948,0.0,0.0,0.0,1817.4275393741405
13515,2015-09-10,1895.726157055824,642.98511143227,3165.333639305298,732.9508166481412,3255.9850657572647,-79.00857722276717,-79.00857722276717,-79.00857722276717,-79.00857722276717,-79.00857722276717,-79.00857722276717,0.0,0.0,0.0,1816.7175798330568
13516,2015-09-11,1895.873155082448,657.8577506454068,3162.429866704541,732.3279720636211,3257.1522992420146,-79.86442045671845,-79.86442045671845,-79.86442045671845,-79.86442045671845,-79.86442045671845,-79.86442045671845,0.0,0.0,0.0,1816.0087346257296
13517,2015-09-14,1896.3141491623198,645.4549255007277,3178.285525329074,730.4594383100559,3260.6539996962633,-82.4251765793947,-82.4251765793947,-82.4251765793947,-82.4251765793947,-82.4251765793947,-82.4251765793947,0.0,0.0,0.0,1813.8889725829251
13518,2015-09-15,1896.4611471889439,638.2007729461201,3182.2595820660144,729.8365937255334,3261.8212331810137,-83.27647499730865,-83.27647499730865,-83.27647499730865,-83.27647499730865,-83.27647499730865,-83.27647499730865,0.0,0.0,0.0,1813.1846721916352
13519,2015-09-16,1896.608145215568,636.0042592210577,3180.8239204200872,729.2137491410106,3262.9884666657613,-84.12661543720208,-84.12661543720208,-84.12661543720208,-84.12661543720208,-84.12661543720208,-84.12661543720208,0.0,0.0,0.0,1812.4815297783657
13520,2015-09-17,1896.7551432421917,646.6928565912252,3177.690135391679,728.5909045564905,3264.1557001505116,-84.97558922858737,-84.97558922858737,-84.97558922858737,-84.97558922858737,-84.97558922858737,-84.97558922858737,0.0,0.0,0.0,1811.7795540136044
13521,2015-09-18,1896.9021412688157,632.9098491153742,3136.0817623330204,727.9680599719679,3265.3229336352615,-85.8233877208449,-85.8233877208449,-85.8233877208449,-85.8233877208449,-85.8233877208449,-85.8233877208449,0.0,0.0,0.0,1811.0787535479708
13522,2015-09-21,1897.3431353486876,618.9814490386505,3153.791022674952,726.0995262184026,3268.8246340895103,-88.35964519827732,-88.35964519827732,-88.35964519827732,-88.35964519827732,-88.35964519827732,-88.35964519827732,0.0,0.0,0.0,1808.9834901504103
13523,2015-09-22,1897.4901333753116,618.6271146360904,3158.344066733473,725.4766816338799,3269.9918675742606,-89.20265639124004,-89.20265639124004,-89.20265639124004,-89.20265639124004,-89.20265639124004,-89.20265639124004,0.0,0.0,0.0,1808.2874769840716
13524,2015-09-23,1897.6371314019364,618.090071378082,3191.081385730936,724.8538370493546,3271.1591010590137,-90.04444933607462,-90.04444933607462,-90.04444933607462,-90.04444933607462,-90.04444933607462,-90.04444933607462,0.0,0.0,0.0,1807.5926820658617
13525,2015-09-24,1897.7841294285604,632.112661012934,3141.6378906943896,724.2309924648345,3272.326334543764,-90.88501550502616,-90.88501550502616,-90.88501550502616,-90.88501550502616,-90.88501550502616,-90.88501550502616,0.0,0.0,0.0,1806.8991139235343
13526,2015-09-25,1897.9311274551844,628.2325714856283,3165.859333578585,723.6081478803119,3273.484314074804,-91.72434639142779,-91.72434639142779,-91.72434639142779,-91.72434639142779,-91.72434639142779,-91.72434639142779,0.0,0.0,0.0,1806.2067810637566
13527,2015-09-28,1898.3721215350563,642.0751776802293,3159.238035645106,721.7396141267466,3276.5766700330364,-94.23484260852621,-94.23484260852621,-94.23484260852621,-94.23484260852621,-94.23484260852621,-94.23484260852621,0.0,0.0,0.0,1804.1372789265301
13528,2015-09-29,1898.5191195616803,619.3016258824002,3157.086634064486,721.116769542224,3277.604335362966,-95.06914772577058,-95.06914772577058,-95.06914772577058,-95.06914772577058,-95.06914772577058,-95.06914772577058,0.0,0.0,0.0,1803.4499718359098
13529,2015-09-30,1898.6661175883041,624.0843463936566,3155.418729008966,720.4939249577039,3278.6320006928936,-95.90217534942661,-95.90217534942661,-95.90217534942661,-95.90217534942661,-95.90217534942661,-95.90217534942661,0.0,0.0,0.0,1802.7639422388775
13530,2015-10-01,1898.8131156149282,631.8858134795328,3161.8072300364233,719.8710803731814,3279.6596660228242,-96.73391710295249,-96.73391710295249,-96.73391710295249,-96.73391710295249,-96.73391710295249,-96.73391710295249,0.0,0.0,0.0,1802.0791985119756
13531,2015-10-02,1898.9601136415522,643.4666248527476,3169.9536620522535,719.2482357886588,3280.687331352754,-97.5643646320905,-97.5643646320905,-97.5643646320905,-97.5643646320905,-97.5643646320905,-97.5643646320905,0.0,0.0,0.0,1801.3957490094617
13532,2015-10-05,1899.4011077214245,608.2095293795705,3161.707269730024,717.3797020350934,3283.770327342542,-100.04785866840976,-100.04785866840976,-100.04785866840976,-100.04785866840976,-100.04785866840976,-100.04785866840976,0.0,0.0,0.0,1799.3532490530147
13533,2015-10-06,1899.5481057480486,608.775923502351,3161.0747493909703,716.7568574505708,3284.7979926724697,-100.87304620902812,-100.87304620902812,-100.87304620902812,-100.87304620902812,-100.87304620902812,-100.87304620902812,0.0,0.0,0.0,1798.6750595390204
13534,2015-10-07,1899.6951037746724,616.49870792277,3160.5732305276997,716.1340128660506,3285.8256580024,-101.69689809415675,-101.69689809415675,-101.69689809415675,-101.69689809415675,-101.69689809415675,-101.69689809415675,0.0,0.0,0.0,1797.9982056805156
13535,2015-10-08,1899.8421018012964,607.1051895413736,3169.655737650725,715.5111682815281,3286.85332333233,-102.51940610679293,-102.51940610679293,-102.51940610679293,-102.51940610679293,-102.51940610679293,-102.51940610679293,0.0,0.0,0.0,1797.3226956945034
13536,2015-10-09,1899.9890998279204,605.81163636683,3178.941648495701,714.8883236970054,3287.880988662257,-103.34056205339758,-103.34056205339758,-103.34056205339758,-103.34056205339758,-103.34056205339758,-103.34056205339758,0.0,0.0,0.0,1796.6485377745228
13537,2015-10-12,1900.4300939077923,614.7890692303272,3161.615922737578,713.0197899434402,3290.9892209450754,-105.79583591701132,-105.79583591701132,-105.79583591701132,-105.79583591701132,-105.79583591701132,-105.79583591701132,0.0,0.0,0.0,1794.634257990781
13538,2015-10-13,1900.5770919344163,615.7050549542103,3176.389229324178,712.3969453589175,3291.890587426806,-106.61150213911556,-106.61150213911556,-106.61150213911556,-106.61150213911556,-106.61150213911556,-106.61150213911556,0.0,0.0,0.0,1793.9655897953007
13539,2015-10-14,1900.7240899610404,620.2554037396421,3180.300241732812,711.7741007743974,3292.5833131274276,-107.42577568521381,-107.42577568521381,-107.42577568521381,-107.42577568521381,-107.42577568521381,-107.42577568521381,0.0,0.0,0.0,1793.2983142758267
13540,2015-10-15,1900.8710879876642,603.3027144018234,3161.1237520126115,711.1512561898749,3293.104919134999,-108.23864850600575,-108.23864850600575,-108.23864850600575,-108.23864850600575,-108.23864850600575,-108.23864850600575,0.0,0.0,0.0,1792.6324394816584
13541,2015-10-16,1901.0180860142882,604.1569929239097,3171.7479116523195,710.5284116053522,3293.6265251425693,-109.050112576816,-109.050112576816,-109.050112576816,-109.050112576816,-109.050112576816,-109.050112576816,0.0,0.0,0.0,1791.9679734374722
13542,2015-10-19,1901.4590800941603,580.9822585290103,3186.8959069272523,708.6598778517867,3295.191343165283,-111.47597241517211,-111.47597241517211,-111.47597241517211,-111.47597241517211,-111.47597241517211,-111.47597241517211,0.0,0.0,0.0,1789.9831076789883
13543,2015-10-20,1901.606078120784,625.384794430663,3185.22635707213,708.0370332672666,3295.712949172853,-112.28172173722399,-112.28172173722399,-112.28172173722399,-112.28172173722399,-112.28172173722399,-112.28172173722399,0.0,0.0,0.0,1789.3243563835601
13544,2015-10-21,1901.7530761474081,610.2106765286765,3177.441456442199,707.414188682744,3296.234555180424,-113.08602256079214,-113.08602256079214,-113.08602256079214,-113.08602256079214,-113.08602256079214,-113.08602256079214,0.0,0.0,0.0,1788.667053586616
13545,2015-10-22,1901.9000741740322,592.7427494586706,3173.706860928211,706.7913440982214,3297.133922096642,-113.88886701228093,-113.88886701228093,-113.88886701228093,-113.88886701228093,-113.88886701228093,-113.88886701228093,0.0,0.0,0.0,1788.0112071617511
13546,2015-10-23,1902.0470722006569,596.0567276971883,3197.7710153168764,706.1684995136986,3298.8286195486353,-114.69024724384145,-114.69024724384145,-114.69024724384145,-114.69024724384145,-114.69024724384145,-114.69024724384145,0.0,0.0,0.0,1787.3568249568154
13547,2015-10-26,1902.4880662805288,580.6376351082974,3178.6330004871884,704.1414118591676,3303.4342678847265,-117.08552452992275,-117.08552452992275,-117.08552452992275,-117.08552452992275,-117.08552452992275,-117.08552452992275,0.0,0.0,0.0,1785.402541750606
13548,2015-10-27,1902.6350643071528,584.5326003132477,3195.612019158683,703.4123825256021,3304.4092523822683,-117.88096992366422,-117.88096992366422,-117.88096992366422,-117.88096992366422,-117.88096992366422,-117.88096992366422,0.0,0.0,0.0,1784.7540943834886
13549,2015-10-28,1902.7820623337768,593.3106819783895,3164.3020194048004,702.6833531920364,3305.384236879811,-118.67491224990502,-118.67491224990502,-118.67491224990502,-118.67491224990502,-118.67491224990502,-118.67491224990502,0.0,0.0,0.0,1784.1071500838718
13550,2015-10-29,1902.9290603604006,581.5021870523085,3183.7533590680177,701.954323858471,3306.322548676172,-119.4673438185619,-119.4673438185619,-119.4673438185619,-119.4673438185619,-119.4673438185619,-119.4673438185619,0.0,0.0,0.0,1783.4617165418388
13551,2015-10-30,1903.0760583870247,589.2266334594394,3154.70333666851,701.2252945249078,3307.216462734635,-120.25825696639963,-120.25825696639963,-120.25825696639963,-120.25825696639963,-120.25825696639963,-120.25825696639963,0.0,0.0,0.0,1782.817801420625
13552,2015-11-02,1903.517052466897,590.1205882133213,3175.9207630925735,699.7493072391015,3309.8982049100205,-122.62180965852109,-122.62180965852109,-122.62180965852109,-122.62180965852109,-122.62180965852109,-122.62180965852109,0.0,0.0,0.0,1780.895242808376
13553,2015-11-03,1903.664050493521,564.7693740879405,3178.7969151590605,699.2823540080911,3310.7921189684803,-123.40657303297328,-123.40657303297328,-123.40657303297328,-123.40657303297328,-123.40657303297328,-123.40657303297328,0.0,0.0,0.0,1780.2574774605478
13554,2015-11-04,1903.8110485201448,579.6606751984027,3194.29048765841,698.8154007770804,3311.6860330269424,-124.18978007846206,-124.18978007846206,-124.18978007846206,-124.18978007846206,-124.18978007846206,-124.18978007846206,0.0,0.0,0.0,1779.6212684416828
13555,2015-11-05,1903.9580465467689,580.1136834296767,3192.228951707929,698.3484475460696,3312.5799470854026,-124.97142329603281,-124.97142329603281,-124.97142329603281,-124.97142329603281,-124.97142329603281,-124.97142329603281,0.0,0.0,0.0,1778.986623250736
13556,2015-11-06,1904.105044573393,568.3415063437085,3164.291941978689,697.881494315059,3313.473861143865,-125.75149521465084,-125.75149521465084,-125.75149521465084,-125.75149521465084,-125.75149521465084,-125.75149521465084,0.0,0.0,0.0,1778.353549358742
13557,2015-11-09,1904.5460386532648,553.3050304107018,3180.1766663347407,696.4806346220282,3316.15560331925,-128.08220888829484,-128.08220888829484,-128.08220888829484,-128.08220888829484,-128.08220888829484,-128.08220888829484,0.0,0.0,0.0,1776.46382976497
13558,2015-11-10,1904.6930366798888,560.6078108493284,3166.433476687257,695.8875547983324,3317.04951737771,-128.8559214642777,-128.8559214642777,-128.8559214642777,-128.8559214642777,-128.8559214642777,-128.8559214642777,0.0,0.0,0.0,1775.837115215611
13559,2015-11-11,1904.8400347065128,579.0743849897747,3172.0219062223086,695.1997465030227,3317.943431436173,-129.62802581008415,-129.62802581008415,-129.62802581008415,-129.62802581008415,-129.62802581008415,-129.62802581008415,0.0,0.0,0.0,1775.2120088964286
13560,2015-11-12,1904.9870327331369,579.4223174039714,3175.485284916623,694.5544329350678,3318.8373454946322,-130.3985146253021,-130.3985146253021,-130.3985146253021,-130.3985146253021,-130.3985146253021,-130.3985146253021,0.0,0.0,0.0,1774.5885181078347
13561,2015-11-13,1905.1340307597607,553.825629735594,3171.135730134706,693.909119367113,3319.7312595530952,-131.16738063847555,-131.16738063847555,-131.16738063847555,-131.16738063847555,-131.16738063847555,-131.16738063847555,0.0,0.0,0.0,1773.966650121285
13562,2015-11-16,1905.5750248396328,564.3826079623333,3189.387402458532,691.973178663251,3322.41300172848,-133.4641695885615,-133.4641695885615,-133.4641695885615,-133.4641695885615,-133.4641695885615,-133.4641695885615,0.0,0.0,0.0,1772.1108552510714
13563,2015-11-17,1905.7220228662566,541.978130723104,3174.178408694349,690.9946351433865,3323.3069157869404,-134.226472263201,-134.226472263201,-134.226472263201,-134.226472263201,-134.226472263201,-134.226472263201,0.0,0.0,0.0,1771.4955506030556
13564,2015-11-18,1905.8690208928806,550.5125831066175,3177.778423960053,690.2127072143657,3324.2008298454025,-134.9871162179335,-134.9871162179335,-134.9871162179335,-134.9871162179335,-134.9871162179335,-134.9871162179335,0.0,0.0,0.0,1770.881904674947
13565,2015-11-19,1906.0160189195046,562.2604127532867,3184.791859076594,689.8513015848977,3325.0947439038655,-135.74609435807886,-135.74609435807886,-135.74609435807886,-135.74609435807886,-135.74609435807886,-135.74609435807886,0.0,0.0,0.0,1770.2699245614258
13566,2015-11-20,1906.163016946129,550.1946438945549,3175.1317770186647,689.1782070764012,3325.9886579623253,-136.50339961892377,-136.50339961892377,-136.50339961892377,-136.50339961892377,-136.50339961892377,-136.50339961892377,0.0,0.0,0.0,1769.659617327205
13567,2015-11-23,1906.6040110260012,570.3758702618161,3158.697380992856,686.9759837700615,3328.6704001377134,-138.7652079309491,-138.7652079309491,-138.7652079309491,-138.7652079309491,-138.7652079309491,-138.7652079309491,0.0,0.0,0.0,1767.838803095052
13568,2015-11-24,1906.7510090526252,545.1010430574945,3171.1257726294516,686.2419093346152,3329.5643141961755,-139.515751631679,-139.515751631679,-139.515751631679,-139.515751631679,-139.515751631679,-139.515751631679,0.0,0.0,0.0,1767.2352574209463
13569,2015-11-25,1906.8980070792493,558.3644921311057,3176.353635937178,685.5078348991689,3330.449539365312,-140.2645875839339,-140.2645875839339,-140.2645875839339,-140.2645875839339,-140.2645875839339,-140.2645875839339,0.0,0.0,0.0,1766.6334194953154
13570,2015-11-27,1907.1920031324976,543.4805770359195,3186.103916620621,684.0856791996122,3332.044349236731,-141.75710874603794,-141.75710874603794,-141.75710874603794,-141.75710874603794,-141.75710874603794,-141.75710874603794,0.0,0.0,0.0,1765.4348943864597
13571,2015-11-30,1907.6329972123694,548.1551822967584,3168.7434690178434,682.0029952704255,3334.4365640438605,-143.98291133459213,-143.98291133459213,-143.98291133459213,-143.98291133459213,-143.98291133459213,-143.98291133459213,0.0,0.0,0.0,1763.6500858777772
13572,2015-12-01,1907.7799952389935,544.9476768804032,3178.9165149387045,681.3087672940324,3335.224152826148,-144.72135736212851,-144.72135736212851,-144.72135736212851,-144.72135736212851,-144.72135736212851,-144.72135736212851,0.0,0.0,0.0,1763.0586378768649
13573,2015-12-02,1907.9269932656175,550.9507954505843,3202.0443493370385,680.6145393176366,3335.3206342216463,-145.45804812185114,-145.45804812185114,-145.45804812185114,-145.45804812185114,-145.45804812185114,-145.45804812185114,0.0,0.0,0.0,1762.4689451437664
13574,2015-12-03,1908.0739912922413,544.8790585261257,3172.876995413179,679.920311341241,3336.172674010973,-146.19297695120824,-146.19297695120824,-146.19297695120824,-146.19297695120824,-146.19297695120824,-146.19297695120824,0.0,0.0,0.0,1761.881014341033
13575,2015-12-04,1908.2209893188653,541.4027618439073,3198.4713391516834,679.2260833648456,3337.322953337776,-146.92613721954098,-146.92613721954098,-146.92613721954098,-146.92613721954098,-146.92613721954098,-146.92613721954098,0.0,0.0,0.0,1761.2948520993243
13576,2015-12-07,1908.6619833987372,527.3046587262734,3181.504296504708,677.147919419798,3340.5707041626115,-149.1149408327081,-149.1149408327081,-149.1149408327081,-149.1149408327081,-149.1149408327081,-149.1149408327081,0.0,0.0,0.0,1759.5470425660292
13577,2015-12-08,1908.8089814253613,548.6850136411704,3178.52854029318,676.5099908219314,3341.4851977573558,-149.8409611925147,-149.8409611925147,-149.8409611925147,-149.8409611925147,-149.8409611925147,-149.8409611925147,0.0,0.0,0.0,1758.9680202328466
13578,2015-12-09,1908.9559794519853,543.7694980931252,3171.451104430962,675.8720622240647,3342.3996913521005,-150.56518032078412,-150.56518032078412,-150.56518032078412,-150.56518032078412,-150.56518032078412,-150.56518032078412,0.0,0.0,0.0,1758.3907991312012
13579,2015-12-10,1909.1029774786093,529.5407483807824,3186.9128759520113,675.2341336261982,3343.3141849468425,-151.2875917808814,-151.2875917808814,-151.2875917808814,-151.2875917808814,-151.2875917808814,-151.2875917808814,0.0,0.0,0.0,1757.8153856977278
13580,2015-12-11,1909.2499755052331,522.0169525043447,3157.5503437292637,674.6176566491495,3344.228678541587,-152.0081891689687,-152.0081891689687,-152.0081891689687,-152.0081891689687,-152.0081891689687,-152.0081891689687,0.0,0.0,0.0,1757.2417863362643
13581,2015-12-14,1909.6909695851052,497.5609066078791,3176.302776975538,672.8164988163707,3346.972159325816,-154.15903335718937,-154.15903335718937,-154.15903335718937,-154.15903335718937,-154.15903335718937,-154.15903335718937,0.0,0.0,0.0,1755.5319362279158
13582,2015-12-15,1909.8379676117293,535.3742052367896,3171.7174147920296,672.4309201115082,3347.8241723220895,-154.87231107896397,-154.87231107896397,-154.87231107896397,-154.87231107896397,-154.87231107896397,-154.87231107896397,0.0,0.0,0.0,1754.9656565327653
13583,2015-12-16,1909.9849656383535,560.9249723062377,3200.85656486759,672.521216317672,3348.6695556145564,-155.58374320573034,-155.58374320573034,-155.58374320573034,-155.58374320573034,-155.58374320573034,-155.58374320573034,0.0,0.0,0.0,1754.4012224326232
13584,2015-12-17,1910.1319636649775,521.9120367414744,3190.199788794114,672.6115125238364,3349.5149389070216,-156.29332353299841,-156.29332353299841,-156.29332353299841,-156.29332353299841,-156.29332353299841,-156.29332353299841,0.0,0.0,0.0,1753.8386401319792
13585,2015-12-18,1910.2789616916014,539.2648061873814,3182.243704665719,672.703415245273,3350.3603221994895,-157.00104588994665,-157.00104588994665,-157.00104588994665,-157.00104588994665,-157.00104588994665,-157.00104588994665,0.0,0.0,0.0,1753.2779158016547
13586,2015-12-21,1910.7199557714735,522.59666667779,3181.003101238434,673.1206817093563,3352.5834201842317,-159.11300393794846,-159.11300393794846,-159.11300393794846,-159.11300393794846,-159.11300393794846,-159.11300393794846,0.0,0.0,0.0,1751.606951833525
13587,2015-12-22,1910.8669537980977,524.0409604699839,3186.870355443085,673.2597705307176,3353.1117067905448,-159.8132333826713,-159.8132333826713,-159.8132333826713,-159.8132333826713,-159.8132333826713,-159.8132333826713,0.0,0.0,0.0,1751.0537204154264
13588,2015-12-23,1911.0139518247217,499.40652473457897,3166.4622280760977,673.3988593520788,3353.639993396855,-160.51157451198688,-160.51157451198688,-160.51157451198688,-160.51157451198688,-160.51157451198688,-160.51157451198688,0.0,0.0,0.0,1750.5023773127348
13589,2015-12-24,1911.160949851346,521.0495164219697,3159.73591634558,673.5379481734395,3354.1682800031663,-161.2080213595235,-161.2080213595235,-161.2080213595235,-161.2080213595235,-161.2080213595235,-161.2080213595235,0.0,0.0,0.0,1749.9529284918226
13590,2015-12-28,1911.748941957842,512.2568833727286,3189.5419240112074,674.0943034588836,3356.1947299864514,-163.97474781385702,-163.97474781385702,-163.97474781385702,-163.97474781385702,-163.97474781385702,-163.97474781385702,0.0,0.0,0.0,1747.774194143985
13591,2015-12-29,1911.895939984466,504.43579729311233,3175.8039244532474,674.2333922802443,3356.6990066973326,-164.6616349679585,-164.6616349679585,-164.6616349679585,-164.6616349679585,-164.6616349679585,-164.6616349679585,0.0,0.0,0.0,1747.2343050165075
13592,2015-12-30,1912.04293801109,495.6305721353,3193.6159331266335,673.9654255307884,3357.203283408213,-165.34659277027612,-165.34659277027612,-165.34659277027612,-165.34659277027612,-165.34659277027612,-165.34659277027612,0.0,0.0,0.0,1746.6963452408138
13593,2015-12-31,1912.1899360377138,493.92053912911433,3166.383456139981,673.5547716783067,3357.7075601190936,-166.02961549824454,-166.02961549824454,-166.02961549824454,-166.02961549824454,-166.02961549824454,-166.02961549824454,0.0,0.0,0.0,1746.1603205394692
13594,2016-01-04,1912.7779281442097,488.0688282955919,3192.339714158258,671.9121562683811,3359.7246669626165,-168.7422424522446,-168.7422424522446,-168.7422424522446,-168.7422424522446,-168.7422424522446,-168.7422424522446,0.0,0.0,0.0,1744.035685691965
13595,2016-01-05,1912.9249261708337,501.30689989623113,3184.8970907491675,671.5015024158996,3360.2289436734973,-169.41550520846636,-169.41550520846636,-169.41550520846636,-169.41550520846636,-169.41550520846636,-169.41550520846636,0.0,0.0,0.0,1743.5094209623674
13596,2016-01-06,1913.0719241974577,517.2220285244272,3172.2340340221567,671.0908485634179,3360.733220384378,-170.0867992995637,-170.0867992995637,-170.0867992995637,-170.0867992995637,-170.0867992995637,-170.0867992995637,0.0,0.0,0.0,1742.9851248978941
13597,2016-01-07,1913.2189222240818,489.00092661679275,3166.7210180378934,670.6801947109362,3361.2374970952587,-170.75611925218752,-170.75611925218752,-170.75611925218752,-170.75611925218752,-170.75611925218752,-170.75611925218752,0.0,0.0,0.0,1742.4628029718942
13598,2016-01-08,1913.3659202507058,510.9473918138869,3173.746571780703,670.2695408584545,3361.74177380614,-171.42345962901052,-171.42345962901052,-171.42345962901052,-171.42345962901052,-171.42345962901052,-171.42345962901052,0.0,0.0,0.0,1741.9424606216953
13599,2016-01-11,1913.8069143305777,516.4214923687877,3177.141218247943,669.0375793010095,3363.254603938781,-173.4135494740296,-173.4135494740296,-173.4135494740296,-173.4135494740296,-173.4135494740296,-173.4135494740296,0.0,0.0,0.0,1740.393364856548
13600,2016-01-12,1913.953912357202,484.50099180677165,3185.5674389740802,668.6269254485279,3363.758880649661,-174.0729178985783,-174.0729178985783,-174.0729178985783,-174.0729178985783,-174.0729178985783,-174.0729178985783,0.0,0.0,0.0,1739.8809944586237
13601,2016-01-13,1914.100910383826,506.34572346193625,3209.054004840476,668.2162715960462,3364.2631573605413,-174.73028010471825,-174.73028010471825,-174.73028010471825,-174.73028010471825,-174.73028010471825,-174.73028010471825,0.0,0.0,0.0,1739.3706302791077
13602,2016-01-14,1914.24790841045,495.7849760040138,3169.9804021549303,667.8056177435645,3364.7674340714225,-175.38563087344062,-175.38563087344062,-175.38563087344062,-175.38563087344062,-175.38563087344062,-175.38563087344062,0.0,0.0,0.0,1738.8622775370095
13603,2016-01-15,1914.3949064370738,492.93039414728463,3194.8905747510216,667.3949638910842,3365.271710782303,-176.0389650224674,-176.0389650224674,-176.0389650224674,-176.0389650224674,-176.0389650224674,-176.0389650224674,0.0,0.0,0.0,1738.3559414146064
13604,2016-01-19,1914.98289854357,492.45662942791597,3175.750194922697,665.7855710601633,3367.288817625826,-178.6320330672918,-178.6320330672918,-178.6320330672918,-178.6320330672918,-178.6320330672918,-178.6320330672918,0.0,0.0,0.0,1736.3508654762782
13605,2016-01-20,1915.1298965701938,466.85485829230885,3198.347631186955,665.4286675489072,3367.7930943367064,-179.27520767623147,-179.27520767623147,-179.27520767623147,-179.27520767623147,-179.27520767623147,-179.27520767623147,0.0,0.0,0.0,1735.8546888939622
13606,2016-01-21,1915.2768945968185,492.06983466615566,3180.896025342932,665.0717640376504,3368.2973710475903,-179.91633534867017,-179.91633534867017,-179.91633534867017,-179.91633534867017,-179.91633534867017,-179.91633534867017,0.0,0.0,0.0,1735.3605592481483
13607,2016-01-22,1915.4238926234425,490.54871180294816,3142.19539401751,665.0857154978243,3368.8016477584706,-180.55541116216253,-180.55541116216253,-180.55541116216253,-180.55541116216253,-180.55541116216253,-180.55541116216253,0.0,0.0,0.0,1734.86848146128
13608,2016-01-25,1915.8648867033144,474.0940196454034,3181.829525434147,665.6793276958203,3370.314477891113,-182.46027878745176,-182.46027878745176,-182.46027878745176,-182.46027878745176,-182.46027878745176,-182.46027878745176,0.0,0.0,0.0,1733.4046079158627
13609,2016-01-26,1916.0118847299384,471.6856328792678,3187.74821275427,665.1615639716604,3370.8187546019935,-183.09109869191386,-183.09109869191386,-183.09109869191386,-183.09109869191386,-183.09109869191386,-183.09109869191386,0.0,0.0,0.0,1732.9207860380245
13610,2016-01-27,1916.1588827565624,489.18304778169914,3162.1923769328337,664.5408407374673,3371.3230313128743,-183.719842689386,-183.719842689386,-183.719842689386,-183.719842689386,-183.719842689386,-183.719842689386,0.0,0.0,0.0,1732.4390400671764
13611,2016-01-28,1916.3058807831865,496.0626362171555,3177.7321140252075,663.7056966803823,3371.827308023755,-184.34650608371427,-184.34650608371427,-184.34650608371427,-184.34650608371427,-184.34650608371427,-184.34650608371427,0.0,0.0,0.0,1731.9593746994722
13612,2016-01-29,1916.4528788098103,493.12570339546136,3177.8188884209235,662.8872149520105,3372.3315847346357,-184.97108421676387,-184.97108421676387,-184.97108421676387,-184.97108421676387,-184.97108421676387,-184.97108421676387,0.0,0.0,0.0,1731.4817945930463
13613,2016-02-01,1916.8938728896824,495.60537665414324,3190.241248263484,661.1163875810767,3373.8444148672775,-186.83226103903297,-186.83226103903297,-186.83226103903297,-186.83226103903297,-186.83226103903297,-186.83226103903297,0.0,0.0,0.0,1730.0616118506493
13614,2016-02-02,1917.0408709163062,463.9450754077544,3178.519715088947,660.8897688788288,3374.348691578158,-187.44845230903903,-187.44845230903903,-187.44845230903903,-187.44845230903903,-187.44845230903903,-187.44845230903903,0.0,0.0,0.0,1729.592418607267
13615,2016-02-03,1917.1878689429302,486.70439683837606,3175.656324341107,660.667433952025,3374.8529682890376,-188.06253560037445,-188.06253560037445,-188.06253560037445,-188.06253560037445,-188.06253560037445,-188.06253560037445,0.0,0.0,0.0,1729.1253333425557
13616,2016-02-04,1917.3348669695542,462.893952565934,3167.150225714109,660.4450990252211,3375.3572449999187,-188.67450648478788,-188.67450648478788,-188.67450648478788,-188.67450648478788,-188.67450648478788,-188.67450648478788,0.0,0.0,0.0,1728.6603604847664
13617,2016-02-05,1917.4818649961783,466.60227515657186,3171.60638358691,659.9839267300639,3375.8615217107995,-189.28436057262414,-189.28436057262414,-189.28436057262414,-189.28436057262414,-189.28436057262414,-189.28436057262414,0.0,0.0,0.0,1728.1975044235542
13618,2016-02-08,1917.9228590760506,470.53471480955807,3157.4102872860044,658.4306355575854,3377.374351843441,-191.10117874077966,-191.10117874077966,-191.10117874077966,-191.10117874077966,-191.10117874077966,-191.10117874077966,0.0,0.0,0.0,1726.821680335271
13619,2016-02-09,1918.0698571026744,460.234716772655,3175.5383059932424,657.9128718334256,3377.878628554322,-191.70252252048053,-191.70252252048053,-191.70252252048053,-191.70252252048053,-191.70252252048053,-191.70252252048053,0.0,0.0,0.0,1726.367334582194
13620,2016-02-10,1918.2168551292984,478.9439920686394,3171.7835858864105,657.395108109267,3378.3829052652027,-192.3017281370285,-192.3017281370285,-192.3017281370285,-192.3017281370285,-192.3017281370285,-192.3017281370285,0.0,0.0,0.0,1725.91512699227
13621,2016-02-11,1918.3638531559225,457.5965771671869,3162.516216709304,656.8773443851071,3378.8871819760834,-192.89879143397374,-192.89879143397374,-192.89879143397374,-192.89879143397374,-192.89879143397374,-192.89879143397374,0.0,0.0,0.0,1725.4650617219488
13622,2016-02-12,1918.5108511825465,468.808693242226,3165.1449550579473,656.3595806609472,3379.391458686964,-193.4937082939919,-193.4937082939919,-193.4937082939919,-193.4937082939919,-193.4937082939919,-193.4937082939919,0.0,0.0,0.0,1725.0171428885546
13623,2016-02-16,1919.0988432890424,471.5684172033305,3189.190751608243,654.2885257643088,3381.408565530487,-195.8518303918975,-195.8518303918975,-195.8518303918975,-195.8518303918975,-195.8518303918975,-195.8518303918975,0.0,0.0,0.0,1723.247012897145
13624,2016-02-17,1919.2458413156662,472.1103698621791,3185.1401515819766,653.770762040149,3381.9128422413683,-196.4359546819509,-196.4359546819509,-196.4359546819509,-196.4359546819509,-196.4359546819509,-196.4359546819509,0.0,0.0,0.0,1722.8098866337152
13625,2016-02-18,1919.3928393422902,452.30845172609787,3174.532843112323,653.2529983159889,3382.417118952248,-197.0179086568093,-197.0179086568093,-197.0179086568093,-197.0179086568093,-197.0179086568093,-197.0179086568093,0.0,0.0,0.0,1722.3749306854809
13626,2016-02-19,1919.5398373689143,468.4729880461644,3151.4014438976988,652.7352345918302,3382.9213956631293,-197.5976884750079,-197.5976884750079,-197.5976884750079,-197.5976884750079,-197.5976884750079,-197.5976884750079,0.0,0.0,0.0,1721.9421488939063
13627,2016-02-22,1919.9808314487868,466.54491696932513,3193.1336243705496,651.205547838625,3384.434225795774,-199.32394517059848,-199.32394517059848,-199.32394517059848,-199.32394517059848,-199.32394517059848,-199.32394517059848,0.0,0.0,0.0,1720.6568862781883
13628,2016-02-23,1920.1278294754109,462.7165542052256,3177.5451601091095,650.7620685642149,3384.938502506655,-199.8949907420615,-199.8949907420615,-199.8949907420615,-199.8949907420615,-199.8949907420615,-199.8949907420615,0.0,0.0,0.0,1720.2328387333494
13629,2016-02-24,1920.274827502035,474.21194409729935,3152.9504289886204,650.3185892898048,3385.442779217535,-200.46384354599462,-200.46384354599462,-200.46384354599462,-200.46384354599462,-200.46384354599462,-200.46384354599462,0.0,0.0,0.0,1719.8109839560402
13630,2016-02-25,1920.421825528659,460.23260887764485,3177.2138174490187,649.8751100153949,3385.9470559284146,-201.03049997994475,-201.03049997994475,-201.03049997994475,-201.03049997994475,-201.03049997994475,-201.03049997994475,0.0,0.0,0.0,1719.3913255487141
13631,2016-02-26,1920.5688235552827,455.6076523019045,3197.5024890587933,649.4316307409861,3386.4513326392953,-201.59495648150713,-201.59495648150713,-201.59495648150713,-201.59495648150713,-201.59495648150713,-201.59495648150713,0.0,0.0,0.0,1718.9738670737756
13632,2016-02-29,1921.0098176351548,452.7147572858936,3171.3345370376483,648.1011929177557,3387.964162771938,-203.27509136982354,-203.27509136982354,-203.27509136982354,-203.27509136982354,-203.27509136982354,-203.27509136982354,0.0,0.0,0.0,1717.7347262653313
13633,2016-03-01,1921.1568156617786,450.94920757317004,3159.767057496987,647.6577136433457,3388.468439482818,-203.8307133208301,-203.8307133208301,-203.8307133208301,-203.8307133208301,-203.8307133208301,-203.8307133208301,0.0,0.0,0.0,1717.3261023409486
13634,2016-03-02,1921.3038136884027,462.71099965295434,3179.2161838766174,647.2142343689355,3388.972716193699,-204.3841181301898,-204.3841181301898,-204.3841181301898,-204.3841181301898,-204.3841181301898,-204.3841181301898,0.0,0.0,0.0,1716.9196955582129
13635,2016-03-03,1921.4508117150267,437.91178382870106,3155.1888919720514,646.7707550945255,3389.4769929045797,-204.93530247698553,-204.93530247698553,-204.93530247698553,-204.93530247698553,-204.93530247698553,-204.93530247698553,0.0,0.0,0.0,1716.5155092380412
13636,2016-03-04,1921.5978097416507,453.9939819632049,3175.0545595815643,646.3272758201153,3389.9812696154604,-205.4842630807427,-205.4842630807427,-205.4842630807427,-205.4842630807427,-205.4842630807427,-205.4842630807427,0.0,0.0,0.0,1716.113546660908
13637,2016-03-07,1922.038803821523,445.32982897047776,3154.8290058125694,644.9968379968852,3391.4940997481026,-207.11777023667125,-207.11777023667125,-207.11777023667125,-207.11777023667125,-207.11777023667125,-207.11777023667125,0.0,0.0,0.0,1714.9210335848518
13638,2016-03-08,1922.1858018481469,449.42261057104633,3193.782552992252,644.5533587224752,3391.9983764589833,-207.65780387405871,-207.65780387405871,-207.65780387405871,-207.65780387405871,-207.65780387405871,-207.65780387405871,0.0,0.0,0.0,1714.527997974088
13639,2016-03-09,1922.332799874771,439.1716757179699,3190.552272110211,644.1098794480664,3392.502653169864,-208.19559797437003,-208.19559797437003,-208.19559797437003,-208.19559797437003,-208.19559797437003,-208.19559797437003,0.0,0.0,0.0,1714.137201900401
13640,2016-03-10,1922.479797901395,456.28611595937684,3189.1592903609467,643.6664001736563,3393.006929880745,-208.7311495008041,-208.7311495008041,-208.7311495008041,-208.7311495008041,-208.7311495008041,-208.7311495008041,0.0,0.0,0.0,1713.7486484005908
13641,2016-03-11,1922.626795928019,438.0633593007624,3184.775341433067,643.2229208992462,3393.511206591625,-209.26445545734137,-209.26445545734137,-209.26445545734137,-209.26445545734137,-209.26445545734137,-209.26445545734137,0.0,0.0,0.0,1713.3623404706775
13642,2016-03-14,1923.0677900078908,421.28213650004824,3182.6325227457696,641.8924830760161,3395.0240367242677,-210.8508705599818,-210.8508705599818,-210.8508705599818,-210.8508705599818,-210.8508705599818,-210.8508705599818,0.0,0.0,0.0,1712.216919447909
13643,2016-03-15,1923.2147880345149,439.350505235275,3185.6681893654277,641.488486012697,3395.528313435148,-211.37516509384128,-211.37516509384128,-211.37516509384128,-211.37516509384128,-211.37516509384128,-211.37516509384128,0.0,0.0,0.0,1711.8396229406735
13644,2016-03-16,1923.361786061139,439.1397234768616,3176.9441340503677,641.102387440922,3396.032590146029,-211.8971996909093,-211.8971996909093,-211.8971996909093,-211.8971996909093,-211.8971996909093,-211.8971996909093,0.0,0.0,0.0,1711.4645863702297
13645,2016-03-17,1923.5087840877627,438.2763676127311,3175.4071932890893,640.7162888691469,3396.536866856909,-212.4169716007364,-212.4169716007364,-212.4169716007364,-212.4169716007364,-212.4169716007364,-212.4169716007364,0.0,0.0,0.0,1711.0918124870263
13646,2016-03-18,1923.6557821143867,422.8550503779857,3199.509473380762,640.3301902973718,3397.04114356779,-212.93447811394736,-212.93447811394736,-212.93447811394736,-212.93447811394736,-212.93447811394736,-212.93447811394736,0.0,0.0,0.0,1710.7213040004394
13647,2016-03-21,1924.0967761942586,439.14920834849784,3185.693166139196,640.1384569849885,3398.553973700433,-214.47337879695448,-214.47337879695448,-214.47337879695448,-214.47337879695448,-214.47337879695448,-214.47337879695448,0.0,0.0,0.0,1709.6233973973042
13648,2016-03-22,1924.2437742208833,422.5515078717632,3180.6692182684255,640.1371195845437,3399.0582504113145,-214.981797452632,-214.981797452632,-214.981797452632,-214.981797452632,-214.981797452632,-214.981797452632,0.0,0.0,0.0,1709.2619767682513
13649,2016-03-23,1924.3907722475074,440.08545210936575,3202.6704310247633,640.135782184099,3399.5625271221957,-215.48793778214423,-215.48793778214423,-215.48793778214423,-215.48793778214423,-215.48793778214423,-215.48793778214423,0.0,0.0,0.0,1708.9028344653632
13650,2016-03-24,1924.5377702741314,442.2632160057295,3181.558685773535,640.1344447836543,3400.0668038330755,-215.9917973232868,-215.9917973232868,-215.9917973232868,-215.9917973232868,-215.9917973232868,-215.9917973232868,0.0,0.0,0.0,1708.5459729508445
13651,2016-03-28,1925.1257623806273,425.91970415621194,3169.969168948082,640.1290951818753,3402.083910676599,-217.9843798067067,-217.9843798067067,-217.9843798067067,-217.9843798067067,-217.9843798067067,-217.9843798067067,0.0,0.0,0.0,1707.1413825739205
13652,2016-03-29,1925.2727604072513,432.3919116761854,3169.626678375122,640.1277577814303,3402.588187387479,-218.47679991995793,-218.47679991995793,-218.47679991995793,-218.47679991995793,-218.47679991995793,-218.47679991995793,0.0,0.0,0.0,1706.7959604872933
13653,2016-03-30,1925.4197584338751,413.97883388352045,3167.3544373658465,640.1264203809856,3403.09246409836,-218.96692534022148,-218.96692534022148,-218.96692534022148,-218.96692534022148,-218.96692534022148,-218.96692534022148,0.0,0.0,0.0,1706.4528330936537
13654,2016-03-31,1925.5667564604992,424.69144945767715,3189.534119102055,640.1250829805408,3403.596740809241,-219.45475389508385,-219.45475389508385,-219.45475389508385,-219.45475389508385,-219.45475389508385,-219.45475389508385,0.0,0.0,0.0,1706.1120025654154
13655,2016-04-01,1925.7137544871234,391.97505672022237,3188.761918849603,640.1237455800959,3404.101017520122,-219.9402834536397,-219.9402834536397,-219.9402834536397,-219.9402834536397,-219.9402834536397,-219.9402834536397,0.0,0.0,0.0,1705.7734710334837
13656,2016-04-04,1926.1547485669955,417.0970307987566,3208.1938349733646,640.1197333787616,3405.6138476527635,-221.38305746545757,-221.38305746545757,-221.38305746545757,-221.38305746545757,-221.38305746545757,-221.38305746545757,0.0,0.0,0.0,1704.771691101538
13657,2016-04-05,1926.3017465936196,426.5965372146593,3207.144213129738,640.1183959783168,3406.1181243636443,-221.8593705606095,-221.8593705606095,-221.8593705606095,-221.8593705606095,-221.8593705606095,-221.8593705606095,0.0,0.0,0.0,1704.44237603301
13658,2016-04-06,1926.4487446202434,422.67771410507845,3207.7712849362583,640.1170585778721,3406.622401074525,-222.3333746282723,-222.3333746282723,-222.3333746282723,-222.3333746282723,-222.3333746282723,-222.3333746282723,0.0,0.0,0.0,1704.115369991971
13659,2016-04-07,1926.5957426468674,427.58727044759354,3189.3123577746383,640.1157211774273,3407.1266777854057,-222.8050677870228,-222.8050677870228,-222.8050677870228,-222.8050677870228,-222.8050677870228,-222.8050677870228,0.0,0.0,0.0,1703.7906748598446
13660,2016-04-08,1926.7427406734914,415.8484527771621,3200.634253245283,640.1143837769824,3407.6309544962864,-223.2744481970807,-223.2744481970807,-223.2744481970807,-223.2744481970807,-223.2744481970807,-223.2744481970807,0.0,0.0,0.0,1703.4682924764106
13661,2016-04-11,1927.1837347533633,405.57198770851915,3190.781725100012,640.1103715756481,3409.143784628928,-224.66869516236272,-224.66869516236272,-224.66869516236272,-224.66869516236272,-224.66869516236272,-224.66869516236272,0.0,0.0,0.0,1702.5150395910005
13662,2016-04-12,1927.3307327799873,427.2405929593931,3187.876613955473,640.1090341752033,3409.648061339809,-225.12880701335482,-225.12880701335482,-225.12880701335482,-225.12880701335482,-225.12880701335482,-225.12880701335482,0.0,0.0,0.0,1702.2019257666325
13663,2016-04-13,1927.4777308066114,397.9811209965741,3188.4092469702373,640.1076967747584,3410.15233805069,-225.58659754199672,-225.58659754199672,-225.58659754199672,-225.58659754199672,-225.58659754199672,-225.58659754199672,0.0,0.0,0.0,1701.8911332646146
13664,2016-04-14,1927.6247288332352,418.4495412810529,3216.1364470461576,640.1063593743137,3410.656614761571,-226.0420651586957,-226.0420651586957,-226.0420651586957,-226.0420651586957,-226.0420651586957,-226.0420651586957,0.0,0.0,0.0,1701.5826636745394
13665,2016-04-15,1927.7717268598592,419.7323606009074,3189.486037406622,640.1050219738688,3411.160891472451,-226.49520831559403,-226.49520831559403,-226.49520831559403,-226.49520831559403,-226.49520831559403,-226.49520831559403,0.0,0.0,0.0,1701.2765185442652
13666,2016-04-18,1928.212720939731,415.5931273485433,3191.86788104075,640.1010097725346,3412.6737216050938,-227.84067617519642,-227.84067617519642,-227.84067617519642,-227.84067617519642,-227.84067617519642,-227.84067617519642,0.0,0.0,0.0,1700.3720447645346
13667,2016-04-19,1928.359718966355,410.7887683027979,3192.489258466765,640.0996723720899,3413.1779983159736,-228.28450684940265,-228.28450684940265,-228.28450684940265,-228.28450684940265,-228.28450684940265,-228.28450684940265,0.0,0.0,0.0,1700.0752121169526
13668,2016-04-20,1928.5067169929796,394.93147605771736,3178.4423020352942,640.098334971645,3413.6822750268548,-228.72600595088622,-228.72600595088622,-228.72600595088622,-228.72600595088622,-228.72600595088622,-228.72600595088622,0.0,0.0,0.0,1699.7807110420933
13669,2016-04-21,1928.6537150196039,408.13880891359776,3201.06717846529,640.0969975712002,3414.186551737737,-229.16517218237604,-229.16517218237604,-229.16517218237604,-229.16517218237604,-229.16517218237604,-229.16517218237604,0.0,0.0,0.0,1699.488542837228
13670,2016-04-22,1928.8007130462279,394.7293991405195,3199.8779281198927,640.0956601707553,3414.6908284486176,-229.60200428837803,-229.60200428837803,-229.60200428837803,-229.60200428837803,-229.60200428837803,-229.60200428837803,0.0,0.0,0.0,1699.1987087578498
13671,2016-04-25,1929.2417071260998,408.2037416977289,3198.5025826351475,640.0916479694209,3416.2036585812602,-230.8984839252507,-230.8984839252507,-230.8984839252507,-230.8984839252507,-230.8984839252507,-230.8984839252507,0.0,0.0,0.0,1698.343223200849
13672,2016-04-26,1929.3887051527238,398.26641058019703,3197.431534457287,640.0903105689762,3416.7079352921405,-231.32596781000464,-231.32596781000464,-231.32596781000464,-231.32596781000464,-231.32596781000464,-231.32596781000464,0.0,0.0,0.0,1698.0627373427192
13673,2016-04-27,1929.535703179348,422.64766703026703,3213.5539842866046,640.0889731685313,3417.2122120030212,-231.75111191852642,-231.75111191852642,-231.75111191852642,-231.75111191852642,-231.75111191852642,-231.75111191852642,0.0,0.0,0.0,1697.7845912608216
13674,2016-04-28,1929.682701205972,402.251513400867,3215.0836649146577,640.0876357680866,3417.7164887139024,-232.17391524600302,-232.17391524600302,-232.17391524600302,-232.17391524600302,-232.17391524600302,-232.17391524600302,0.0,0.0,0.0,1697.5087859599691
13675,2016-04-29,1929.829699232596,406.1381992014623,3207.4764627015657,640.0862983676417,3418.2207654247823,-232.59437682938903,-232.59437682938903,-232.59437682938903,-232.59437682938903,-232.59437682938903,-232.59437682938903,0.0,0.0,0.0,1697.2353224032072
13676,2016-05-02,1930.270693312468,403.7104878864701,3199.355682191996,640.0822861663074,3419.7335955574245,-233.84170211099243,-233.84170211099243,-233.84170211099243,-233.84170211099243,-233.84170211099243,-233.84170211099243,0.0,0.0,0.0,1696.4289912014756
13677,2016-05-03,1930.417691339092,397.58038284487805,3192.9753704743152,640.0809487658628,3420.2378722683056,-234.25278792276555,-234.25278792276555,-234.25278792276555,-234.25278792276555,-234.25278792276555,-234.25278792276555,0.0,0.0,0.0,1696.1649034163265
13678,2016-05-04,1930.5646893657158,399.81234846883086,3212.868241628479,640.0796113654179,3420.742148979186,-234.66152780155315,-234.66152780155315,-234.66152780155315,-234.66152780155315,-234.66152780155315,-234.66152780155315,0.0,0.0,0.0,1695.9031615641627
13679,2016-05-05,1930.7116873923399,390.27549470709397,3193.1384789503577,640.0782739649732,3421.246425690067,-235.06792103478202,-235.06792103478202,-235.06792103478202,-235.06792103478202,-235.06792103478202,-235.06792103478202,0.0,0.0,0.0,1695.6437663575578
13680,2016-05-06,1930.858685418964,390.94207521106154,3216.648036662127,639.9902857592424,3421.750702400948,-235.4719669515874,-235.4719669515874,-235.4719669515874,-235.4719669515874,-235.4719669515874,-235.4719669515874,0.0,0.0,0.0,1695.3867184673766
13681,2016-05-09,1931.2996794988358,379.6144774405556,3175.4401989571097,638.6683252617519,3423.2635325335896,-236.67001472019808,-236.67001472019808,-236.67001472019808,-236.67001472019808,-236.67001472019808,-236.67001472019808,0.0,0.0,0.0,1694.6296647786376
13682,2016-05-10,1931.4466775254598,394.5842881139268,3214.399183019682,637.7306434431543,3423.7678092444708,-237.06466549640461,-237.06466549640461,-237.06466549640461,-237.06466549640461,-237.06466549640461,-237.06466549640461,0.0,0.0,0.0,1694.3820120290552
13683,2016-05-11,1931.5936755520838,404.6638899369649,3194.544170247347,636.7929616245567,3424.272085955351,-237.45696622703863,-237.45696622703863,-237.45696622703863,-237.45696622703863,-237.45696622703863,-237.45696622703863,0.0,0.0,0.0,1694.136709325045
13684,2016-05-12,1931.7406735787079,420.5624377154296,3180.297331897657,635.8552798059593,3424.7763626662318,-237.84691649119495,-237.84691649119495,-237.84691649119495,-237.84691649119495,-237.84691649119495,-237.84691649119495,0.0,0.0,0.0,1693.893757087513
13685,2016-05-13,1931.8876716053317,397.12649667053563,3229.5083315282823,634.9175979873617,3425.280639377112,-238.2345159095655,-238.2345159095655,-238.2345159095655,-238.2345159095655,-238.2345159095655,-238.2345159095655,0.0,0.0,0.0,1693.6531556957661
13686,2016-05-16,1932.328665685204,392.8290701792997,3196.3298236749483,632.2709258712093,3426.7934695097547,-239.38320592045773,-239.38320592045773,-239.38320592045773,-239.38320592045773,-239.38320592045773,-239.38320592045773,0.0,0.0,0.0,1692.9454597647464
13687,2016-05-17,1932.475663711828,415.81683473068097,3210.4767691513534,631.3925745699956,3427.2977462206354,-239.7613989938847,-239.7613989938847,-239.7613989938847,-239.7613989938847,-239.7613989938847,-239.7613989938847,0.0,0.0,0.0,1692.7142647179433
13688,2016-05-18,1932.622661738452,382.8719856047269,3219.917115396398,630.5142232687818,3427.8020229315157,-240.13723994824903,-240.13723994824903,-240.13723994824903,-240.13723994824903,-240.13723994824903,-240.13723994824903,0.0,0.0,0.0,1692.485421790203
13689,2016-05-19,1932.7696597650759,387.55291386589715,3210.071947981731,629.6358719675682,3428.306299642397,-240.51072865338676,-240.51072865338676,-240.51072865338676,-240.51072865338676,-240.51072865338676,-240.51072865338676,0.0,0.0,0.0,1692.258931111689
13690,2016-05-20,1932.9166577917,389.8815982422379,3192.8720662353285,628.7575206663544,3428.810576353277,-240.88186502056877,-240.88186502056877,-240.88186502056877,-240.88186502056877,-240.88186502056877,-240.88186502056877,0.0,0.0,0.0,1692.0347927711312
13691,2016-05-23,1933.3576518715722,396.11917829648405,3211.1711668935636,626.1224667627082,3430.323406485921,-241.98115982811743,-241.98115982811743,-241.98115982811743,-241.98115982811743,-241.98115982811743,-241.98115982811743,0.0,0.0,0.0,1691.3764920434548
13692,2016-05-24,1933.5046498981965,376.8588566614016,3188.3061124788906,625.2441154614945,3430.8276831968014,-242.3428867840058,-242.3428867840058,-242.3428867840058,-242.3428867840058,-242.3428867840058,-242.3428867840058,0.0,0.0,0.0,1691.1617631141908
13693,2016-05-25,1933.6516479248205,367.5718976212752,3189.2820751994304,624.3657641602807,3431.331959907682,-242.7022615788931,-242.7022615788931,-242.7022615788931,-242.7022615788931,-242.7022615788931,-242.7022615788931,0.0,0.0,0.0,1690.9493863459275
13694,2016-05-26,1933.7986459514445,359.91440804571334,3197.452624345049,623.4874128590671,3431.909827231003,-243.0592843720769,-243.0592843720769,-243.0592843720769,-243.0592843720769,-243.0592843720769,-243.0592843720769,0.0,0.0,0.0,1690.7393615793676
13695,2016-05-27,1933.9456439780686,392.16331228316994,3202.406118665446,622.6090615578534,3433.537412424393,-243.41395536407865,-243.41395536407865,-243.41395536407865,-243.41395536407865,-243.41395536407865,-243.41395536407865,0.0,0.0,0.0,1690.53168861399
13696,2016-05-31,1934.5336360845645,390.3446280272778,3211.2665211185786,619.0956563529985,3440.047753197944,-244.809126771733,-244.809126771733,-244.809126771733,-244.809126771733,-244.809126771733,-244.809126771733,0.0,0.0,0.0,1689.7245093128315
13697,2016-06-01,1934.6806341111883,398.14905242347965,3243.4393586825267,618.8648052277194,3441.6753383913347,-245.15204320615877,-245.15204320615877,-245.15204320615877,-245.15204320615877,-245.15204320615877,-245.15204320615877,0.0,0.0,0.0,1689.5285909050294
13698,2016-06-02,1934.8276321378123,384.196637921611,3214.03115907834,618.9086430437151,3443.30292358472,-245.49260990631421,-245.49260990631421,-245.49260990631421,-245.49260990631421,-245.49260990631421,-245.49260990631421,0.0,0.0,0.0,1689.335022231498
13699,2016-06-03,1934.9746301644363,372.43218576976415,3220.7044711204426,618.9524808597102,3444.9305087781104,-245.83082736029039,-245.83082736029039,-245.83082736029039,-245.83082736029039,-245.83082736029039,-245.83082736029039,0.0,0.0,0.0,1689.143802804146
13700,2016-06-06,1935.4156242443082,389.1371812296843,3230.6654659818323,619.0839943076962,3449.813264358271,-246.83138973968053,-246.83138973968053,-246.83138973968053,-246.83138973968053,-246.83138973968053,-246.83138973968053,0.0,0.0,0.0,1688.5842345046276
13701,2016-06-07,1935.5626222709323,365.26244850792443,3208.957025062845,619.1278321236913,3451.440849551662,-247.160215907707,-247.160215907707,-247.160215907707,-247.160215907707,-247.160215907707,-247.160215907707,0.0,0.0,0.0,1688.4024063632253
13702,2016-06-08,1935.7096202975563,364.099914742799,3209.699269560578,619.171669939687,3453.068434745047,-247.48669588301195,-247.48669588301195,-247.48669588301195,-247.48669588301195,-247.48669588301195,-247.48669588301195,0.0,0.0,0.0,1688.2229244145444
13703,2016-06-09,1935.8566183241803,375.3417410206183,3195.729871871308,619.2155077556821,3454.696019938437,-247.81083039857597,-247.81083039857597,-247.81083039857597,-247.81083039857597,-247.81083039857597,-247.81083039857597,0.0,0.0,0.0,1688.0457879256044
13704,2016-06-10,1936.0036163508041,370.12879181800054,3226.367629006875,619.259345571678,3456.3236051318227,-248.13262022803022,-248.13262022803022,-248.13262022803022,-248.13262022803022,-248.13262022803022,-248.13262022803022,0.0,0.0,0.0,1687.870996122774
13705,2016-06-13,1936.4446104306764,374.730994509082,3215.9922842756187,619.3908590196638,3461.2063607119885,-249.08392994485365,-249.08392994485365,-249.08392994485365,-249.08392994485365,-249.08392994485365,-249.08392994485365,0.0,0.0,0.0,1687.3606804858227
13706,2016-06-14,1936.5916084573005,380.3471566014509,3181.7818289269876,619.145004469251,3462.833945905374,-249.39634957756346,-249.39634957756346,-249.39634957756346,-249.39634957756346,-249.39634957756346,-249.39634957756346,0.0,0.0,0.0,1687.1952588797371
13707,2016-06-15,1936.7386064839245,359.4654925702986,3226.0450327442195,618.385973224261,3464.461531098764,-249.70642900040545,-249.70642900040545,-249.70642900040545,-249.70642900040545,-249.70642900040545,-249.70642900040545,0.0,0.0,0.0,1687.032177483519
13708,2016-06-16,1936.8856045105485,354.0849141672234,3214.515686582051,617.6269419792684,3466.0891162921494,-250.01416922988403,-250.01416922988403,-250.01416922988403,-250.01416922988403,-250.01416922988403,-250.01416922988403,0.0,0.0,0.0,1686.8714352806646
13709,2016-06-17,1937.0326025371724,359.62403487145605,3210.847954647117,616.8679107342782,3467.7167014855395,-250.31957132279692,-250.31957132279692,-250.31957132279692,-250.31957132279692,-250.31957132279692,-250.31957132279692,0.0,0.0,0.0,1686.7130312143754
13710,2016-06-20,1937.4735966170451,345.2788556529449,3230.4803048011117,614.6190122265916,3471.2888561015507,-251.22175995333464,-251.22175995333464,-251.22175995333464,-251.22175995333464,-251.22175995333464,-251.22175995333464,0.0,0.0,0.0,1686.2518366637105
13711,2016-06-21,1937.620594643669,352.8341037938206,3233.0128785703077,613.9159241038687,3472.0429623887635,-251.5178208718583,-251.5178208718583,-251.5178208718583,-251.5178208718583,-251.5178208718583,-251.5178208718583,0.0,0.0,0.0,1686.1027737718107
13712,2016-06-22,1937.767592670293,371.7838549277173,3221.7871485154533,613.2128359811436,3472.7970686759745,-251.811549540225,-251.811549540225,-251.811549540225,-251.811549540225,-251.811549540225,-251.811549540225,0.0,0.0,0.0,1685.9560431300679
13713,2016-06-23,1937.914590696917,370.6343666353444,3224.696554182753,612.5097478584208,3473.5511749631864,-252.1029472557939,-252.1029472557939,-252.1029472557939,-252.1029472557939,-252.1029472557939,-252.1029472557939,0.0,0.0,0.0,1685.8116434411231
13714,2016-06-24,1938.061588723541,354.30862323613337,3213.0079201387807,611.8066597356981,3474.305281250397,-252.3920153558079,-252.3920153558079,-252.3920153558079,-252.3920153558079,-252.3920153558079,-252.3920153558079,0.0,0.0,0.0,1685.6695733677332
13715,2016-06-27,1938.502582803413,345.94682541035445,3234.5721225809543,609.697395367525,3476.567600112033,-253.24525593188326,-253.24525593188326,-253.24525593188326,-253.24525593188326,-253.24525593188326,-253.24525593188326,0.0,0.0,0.0,1685.2573268715296
13716,2016-06-28,1938.649580830037,350.36463648489166,3223.1394158064154,608.9943072448024,3477.8124801314443,-253.52501973757745,-253.52501973757745,-253.52501973757745,-253.52501973757745,-253.52501973757745,-253.52501973757745,0.0,0.0,0.0,1685.1245610924595
13717,2016-06-29,1938.796578856661,357.4990871980342,3227.13547776611,608.2912191220771,3479.309392982627,-253.8024612099713,-253.8024612099713,-253.8024612099713,-253.8024612099713,-253.8024612099713,-253.8024612099713,0.0,0.0,0.0,1684.9941176466896
13718,2016-06-30,1938.9435768832848,349.0859433901296,3246.6851445225534,607.5881309993543,3480.8063058338093,-254.07758192426886,-254.07758192426886,-254.07758192426886,-254.07758192426886,-254.07758192426886,-254.07758192426886,0.0,0.0,0.0,1684.865994959016
13719,2016-07-01,1939.0905749099088,342.69364928468207,3220.1487400397446,606.8850428766317,3482.3032186849855,-254.3503834951,-254.3503834951,-254.3503834951,-254.3503834951,-254.3503834951,-254.3503834951,0.0,0.0,0.0,1684.7401914148088
13720,2016-07-05,1939.6785670164047,334.31310997807805,3239.5378562391707,604.0726903857357,3488.29087008971,-255.41843201237782,-255.41843201237782,-255.41843201237782,-255.41843201237782,-255.41843201237782,-255.41843201237782,0.0,0.0,0.0,1684.2601350040268
13721,2016-07-06,1939.8255650430287,350.19106474854783,3228.3326927973185,603.3696022630104,3489.787782940892,-255.67966346035269,-255.67966346035269,-255.67966346035269,-255.67966346035269,-255.67966346035269,-255.67966346035269,0.0,0.0,0.0,1684.145901582676
13722,2016-07-07,1939.9725630696528,361.08540363324175,3239.0056700141854,602.6665141402877,3491.2846957920747,-255.9385862766545,-255.9385862766545,-255.9385862766545,-255.9385862766545,-255.9385862766545,-255.9385862766545,0.0,0.0,0.0,1684.0339767929984
13723,2016-07-08,1940.1195610962768,348.5026119954667,3229.934183486843,601.9634260175625,3492.7816086432517,-256.1952023499079,-256.1952023499079,-256.1952023499079,-256.1952023499079,-256.1952023499079,-256.1952023499079,0.0,0.0,0.0,1683.9243587463689
13724,2016-07-11,1940.560555176149,361.37980004177865,3231.3083741097576,599.8541616493919,3497.272347196794,-256.95122957983295,-256.95122957983295,-256.95122957983295,-256.95122957983295,-256.95122957983295,-256.95122957983295,0.0,0.0,0.0,1683.609325596316
13725,2016-07-12,1940.707553202773,333.50622916182283,3255.4947958666803,599.1510735266692,3498.7692600479754,-257.1986383428824,-257.1986383428824,-257.1986383428824,-257.1986383428824,-257.1986383428824,-257.1986383428824,0.0,0.0,0.0,1683.5089148598904
13726,2016-07-13,1940.854551229397,342.7672028071163,3225.5850787940954,598.2886887814911,3500.2661728991575,-257.44375038713355,-257.44375038713355,-257.44375038713355,-257.44375038713355,-257.44375038713355,-257.44375038713355,0.0,0.0,0.0,1683.4108008422634
13727,2016-07-14,1941.001549256021,328.1523760086777,3234.680541792936,597.2907073593099,3501.7630857503345,-257.6865678331121,-257.6865678331121,-257.6865678331121,-257.6865678331121,-257.6865678331121,-257.6865678331121,0.0,0.0,0.0,1683.3149814229089
13728,2016-07-15,1941.1485472826448,353.3433269148205,3241.344705841622,596.2927259371286,3503.2599986015175,-257.9270928397135,-257.9270928397135,-257.9270928397135,-257.9270928397135,-257.9270928397135,-257.9270928397135,0.0,0.0,0.0,1683.2214544429312
13729,2016-07-18,1941.589541362517,336.69483394283685,3266.1822645544266,593.2987816705846,3507.7507371550587,-258.6349353859998,-258.6349353859998,-258.6349353859998,-258.6349353859998,-258.6349353859998,-258.6349353859998,0.0,0.0,0.0,1682.954605976517
13730,2016-07-19,1941.736539389141,359.1032910808525,3255.52838750506,592.3008002484032,3509.247650006241,-258.8663129885197,-258.8663129885197,-258.8663129885197,-258.8663129885197,-258.8663129885197,-258.8663129885197,0.0,0.0,0.0,1682.8702264006213
13731,2016-07-20,1941.8835374157654,339.46213705954574,3247.461407980173,591.3028188262169,3510.7445628574287,-259.0954095187553,-259.0954095187553,-259.0954095187553,-259.0954095187553,-259.0954095187553,-259.0954095187553,0.0,0.0,0.0,1682.78812789701
13732,2016-07-21,1942.0305354423895,350.0808544941973,3256.106901051716,590.3048374040355,3512.240692233993,-259.3222273640547,-259.3222273640547,-259.3222273640547,-259.3222273640547,-259.3222273640547,-259.3222273640547,0.0,0.0,0.0,1682.7083080783348
13733,2016-07-22,1942.1775334690135,331.8349158406248,3252.097723305843,589.3068559818544,3513.722109796483,-259.54676894953343,-259.54676894953343,-259.54676894953343,-259.54676894953343,-259.54676894953343,-259.54676894953343,0.0,0.0,0.0,1682.6307645194802
13734,2016-07-25,1942.6185275488854,338.3613202266457,3251.1136543043845,586.312911715308,3518.01349760496,-260.20676096291083,-260.20676096291083,-260.20676096291083,-260.20676096291083,-260.20676096291083,-260.20676096291083,0.0,0.0,0.0,1682.4117665859744
13735,2016-07-26,1942.7655255755094,331.37336936981166,3280.05428429292,585.3149302931267,3519.37012179216,-260.4222225125712,-260.4222225125712,-260.4222225125712,-260.4222225125712,-260.4222225125712,-260.4222225125712,0.0,0.0,0.0,1682.3433030629383
13736,2016-07-27,1942.9125236021334,334.5067533435224,3256.5819214412163,584.3169488709455,3520.7267459793597,-260.6354204914175,-260.6354204914175,-260.6354204914175,-260.6354204914175,-260.6354204914175,-260.6354204914175,0.0,0.0,0.0,1682.2771031107159
13737,2016-07-28,1943.0595216287572,351.06034498252876,3216.134243245717,583.3189674487642,3522.0833701665556,-260.84635754929553,-260.84635754929553,-260.84635754929553,-260.84635754929553,-260.84635754929553,-260.84635754929553,0.0,0.0,0.0,1682.2131640794616
13738,2016-07-29,1943.2065196553813,338.0617147953187,3260.8264693937444,582.5742348178933,3523.439994353756,-261.0550363731751,-261.0550363731751,-261.0550363731751,-261.0550363731751,-261.0550363731751,-261.0550363731751,0.0,0.0,0.0,1682.1514832822063
13739,2016-08-01,1943.6475137352534,337.9368160264246,3263.1556437794657,581.0837244286555,3527.5098669153517,-261.66755086544697,-261.66755086544697,-261.66755086544697,-261.66755086544697,-261.66755086544697,-261.66755086544697,0.0,0.0,0.0,1681.9799628698065
13740,2016-08-02,1943.7945117618772,320.1184280429499,3233.100601664155,580.586887632243,3528.8664911025517,-261.86722436224983,-261.86722436224983,-261.86722436224983,-261.86722436224983,-261.86722436224983,-261.86722436224983,0.0,0.0,0.0,1681.9272873996274
13741,2016-08-03,1943.9415097885012,333.67343489908063,3257.8937860911233,580.0900508358305,3530.223115289752,-262.0646536134596,-262.0646536134596,-262.0646536134596,-262.0646536134596,-262.0646536134596,-262.0646536134596,0.0,0.0,0.0,1681.8768561750417
13742,2016-08-04,1944.0885078151255,342.0055224978446,3247.229386450722,579.5932140394181,3531.5797394769475,-262.25984152678086,-262.25984152678086,-262.25984152678086,-262.25984152678086,-262.25984152678086,-262.25984152678086,0.0,0.0,0.0,1681.8286662883447
13743,2016-08-05,1944.2355058417495,327.25303801337515,3271.86143120435,579.0963772430056,3532.936363664148,-262.45279104635847,-262.45279104635847,-262.45279104635847,-262.45279104635847,-262.45279104635847,-262.45279104635847,0.0,0.0,0.0,1681.782714795391
13744,2016-08-08,1944.6764999216214,298.7853338089641,3270.078990957299,577.605866853769,3536.1725212885594,-263.018239228531,-263.018239228531,-263.018239228531,-263.018239228531,-263.018239228531,-263.018239228531,0.0,0.0,0.0,1681.6582606930904
13745,2016-08-09,1944.8234979482454,319.8498735508521,3258.348153450408,577.1090300573564,3536.6200425687734,-263.20226533980457,-263.20226533980457,-263.20226533980457,-263.20226533980457,-263.20226533980457,-263.20226533980457,0.0,0.0,0.0,1681.6212326084408
13746,2016-08-10,1944.9704959748694,314.78875111470387,3274.0180813663746,576.6121932609441,3537.067563848987,-263.38406832106995,-263.38406832106995,-263.38406832106995,-263.38406832106995,-263.38406832106995,-263.38406832106995,0.0,0.0,0.0,1681.5864276537995
13747,2016-08-11,1945.1174940014935,320.02922714618467,3284.197549260826,576.1153564645316,3537.5150851292024,-263.5636513329474,-263.5636513329474,-263.5636513329474,-263.5636513329474,-263.5636513329474,-263.5636513329474,0.0,0.0,0.0,1681.5538426685462
13748,2016-08-12,1945.2644920281175,324.9833140698744,3256.23039571606,575.618519668119,3537.9626064094164,-263.7410175717667,-263.7410175717667,-263.7410175717667,-263.7410175717667,-263.7410175717667,-263.7410175717667,0.0,0.0,0.0,1681.5234744563509
13749,2016-08-15,1945.7054861079894,300.1409443640702,3287.019712911149,574.1280092788812,3539.305170250059,-264.2598481465312,-264.2598481465312,-264.2598481465312,-264.2598481465312,-264.2598481465312,-264.2598481465312,0.0,0.0,0.0,1681.445637961458
13750,2016-08-16,1945.8524841346134,318.5281079798874,3270.637478054195,573.416767535236,3539.752691530274,-264.42837996680055,-264.42837996680055,-264.42837996680055,-264.42837996680055,-264.42837996680055,-264.42837996680055,0.0,0.0,0.0,1681.4241041678129
13751,2016-08-17,1945.9994821612372,316.3675002095073,3266.4333918978064,572.7261828901956,3540.2002128104878,-264.5947115274936,-264.5947115274936,-264.5947115274936,-264.5947115274936,-264.5947115274936,-264.5947115274936,0.0,0.0,0.0,1681.4047706337437
13752,2016-08-18,1946.1464801878612,305.7603454548699,3273.374657352014,572.0355982451528,3540.6477340907018,-264.7588462368979,-264.7588462368979,-264.7588462368979,-264.7588462368979,-264.7588462368979,-264.7588462368979,0.0,0.0,0.0,1681.3876339509634
13753,2016-08-19,1946.293478214486,299.877913279876,3272.3261822758523,571.3450136001097,3541.095255370919,-264.92078753824205,-264.92078753824205,-264.92078753824205,-264.92078753824205,-264.92078753824205,-264.92078753824205,0.0,0.0,0.0,1681.372690676244
13754,2016-08-22,1946.7344722943578,300.22693292741525,3274.4354490203764,569.273259664986,3542.4378192115614,-265.39348594781006,-265.39348594781006,-265.39348594781006,-265.39348594781006,-265.39348594781006,-265.39348594781006,0.0,0.0,0.0,1681.3409863465477
13755,2016-08-23,1946.8814703209819,318.7075102810117,3274.7261504193702,568.582675019943,3542.8853404917754,-265.5466887438881,-265.5466887438881,-265.5466887438881,-265.5466887438881,-265.5466887438881,-265.5466887438881,0.0,0.0,0.0,1681.3347815770937
13756,2016-08-24,1947.028468347606,283.47088502816104,3283.3110609740675,567.8920903749028,3543.33286177199,-265.6977158680626,-265.6977158680626,-265.6977158680626,-265.6977158680626,-265.6977158680626,-265.6977158680626,0.0,0.0,0.0,1681.3307524795432
13757,2016-08-25,1947.17546637423,308.479240121243,3264.7374393703667,567.2015057298597,3543.7803830522043,-265.84657097075393,-265.84657097075393,-265.84657097075393,-265.84657097075393,-265.84657097075393,-265.84657097075393,0.0,0.0,0.0,1681.328895403476
13758,2016-08-26,1947.3224644008537,303.8749244852073,3286.2306043374037,566.5109210848194,3544.227904332418,-265.993257736507,-265.993257736507,-265.993257736507,-265.993257736507,-265.993257736507,-265.993257736507,0.0,0.0,0.0,1681.3292066643467
13759,2016-08-29,1947.7634584807258,290.62622207789815,3292.3425759278975,564.4391671496957,3545.570468173061,-266.4203453668645,-266.4203453668645,-266.4203453668645,-266.4203453668645,-266.4203453668645,-266.4203453668645,0.0,0.0,0.0,1681.3431131138614
13760,2016-08-30,1947.9104565073496,292.5443738548903,3309.9712378679974,563.7485825046529,3546.0179894532753,-266.55839630851546,-266.55839630851546,-266.55839630851546,-266.55839630851546,-266.55839630851546,-266.55839630851546,0.0,0.0,0.0,1681.3520601988341
13761,2016-08-31,1948.0574545339741,315.03755962636194,3257.345869762121,563.0579978596124,3546.4655107334897,-266.6942978435472,-266.6942978435472,-266.6942978435472,-266.6942978435472,-266.6942978435472,-266.6942978435472,0.0,0.0,0.0,1681.3631566904269
13762,2016-09-01,1948.204452560598,316.7583590068929,3255.775926979338,562.3674132145695,3546.9130320137047,-266.82805385868926,-266.82805385868926,-266.82805385868926,-266.82805385868926,-266.82805385868926,-266.82805385868926,0.0,0.0,0.0,1681.3763987019088
13763,2016-09-02,1948.351450587222,317.12531253585655,3279.174346624871,561.6768285695291,3547.3605532939187,-266.9596682739375,-266.9596682739375,-266.9596682739375,-266.9596682739375,-266.9596682739375,-266.9596682739375,0.0,0.0,0.0,1681.3917823132845
13764,2016-09-06,1948.9394426937179,304.49803676954593,3295.572262228893,558.9144899893626,3549.1506384147747,-267.46478949321596,-267.46478949321596,-267.46478949321596,-267.46478949321596,-267.46478949321596,-267.46478949321596,0.0,0.0,0.0,1681.474653200502
13765,2016-09-07,1949.086440720342,294.0839830036841,3262.116330433497,558.2239053443221,3549.5981596949896,-267.5857558644564,-267.5857558644564,-267.5857558644564,-267.5857558644564,-267.5857558644564,-267.5857558644564,0.0,0.0,0.0,1681.5006848558855
13766,2016-09-08,1949.233438746966,296.08119915812796,3312.4350091103884,557.5333206992792,3550.045680975204,-267.70460484730563,-267.70460484730563,-267.70460484730563,-267.70460484730563,-267.70460484730563,-267.70460484730563,0.0,0.0,0.0,1681.5288338996602
13767,2016-09-09,1949.38043677359,279.9460370121733,3285.8862518681544,556.8427360542388,3550.4932022554185,-267.8213405910733,-267.8213405910733,-267.8213405910733,-267.8213405910733,-267.8213405910733,-267.8213405910733,0.0,0.0,0.0,1681.5590961825167
13768,2016-09-12,1949.8214308534618,295.42935416685833,3268.3455782234932,555.1353496678821,3551.8139062772,-268.1589103638223,-268.1589103638223,-268.1589103638223,-268.1589103638223,-268.1589103638223,-268.1589103638223,0.0,0.0,0.0,1681.6625204896395
13769,2016-09-13,1949.9684288800859,282.5285978418555,3277.0978515427582,554.7838100927723,3552.20290339018,-268.26723528722124,-268.26723528722124,-268.26723528722124,-268.26723528722124,-268.26723528722124,-268.26723528722124,0.0,0.0,0.0,1681.7011935928647
13770,2016-09-14,1950.1154269067097,297.74322279567417,3283.336430595441,554.3759776458002,3552.591900503161,-268.3734681990746,-268.3734681990746,-268.3734681990746,-268.3734681990746,-268.3734681990746,-268.3734681990746,0.0,0.0,0.0,1681.7419587076351
13771,2016-09-15,1950.2624249333337,301.6395642492826,3307.2097039488517,553.3359365600057,3552.980897616142,-268.47761344015424,-268.47761344015424,-268.47761344015424,-268.47761344015424,-268.47761344015424,-268.47761344015424,0.0,0.0,0.0,1681.7848114931794
13772,2016-09-16,1950.4094229599577,282.51094160232407,3301.056304148297,552.2958954742088,3553.3698947291223,-268.57967538267695,-268.57967538267695,-268.57967538267695,-268.57967538267695,-268.57967538267695,-268.57967538267695,0.0,0.0,0.0,1681.8297475772808
13773,2016-09-19,1950.8504170398303,285.55455488527735,3312.024124371235,548.9500920309562,3554.5368860680665,-268.8734056098116,-268.8734056098116,-268.8734056098116,-268.8734056098116,-268.8734056098116,-268.8734056098116,0.0,0.0,0.0,1681.9770114300186
13774,2016-09-20,1950.9974150664543,271.15856652947605,3275.049870915178,547.7840770839606,3554.925883181047,-268.96717870430945,-268.96717870430945,-268.96717870430945,-268.96717870430945,-268.96717870430945,-268.96717870430945,0.0,0.0,0.0,1682.030236362145
13775,2016-09-21,1951.1444130930784,282.58767987554273,3285.4135224762467,546.6180621369618,3555.3148802940273,-269.0588908281606,-269.0588908281606,-269.0588908281606,-269.0588908281606,-269.0588908281606,-269.0588908281606,0.0,0.0,0.0,1682.0855222649177
13776,2016-09-22,1951.2914111197024,279.3890473854118,3261.084121985054,545.4520471899638,3555.703877407008,-269.148546539347,-269.148546539347,-269.148546539347,-269.148546539347,-269.148546539347,-269.148546539347,0.0,0.0,0.0,1682.1428645803553
13777,2016-09-23,1951.4384091463262,281.9410617200359,3290.99653162681,544.2860322429676,3556.0928745199894,-269.2361504263248,-269.2361504263248,-269.2361504263248,-269.2361504263248,-269.2361504263248,-269.2361504263248,0.0,0.0,0.0,1682.2022587200013
13778,2016-09-26,1951.8794032261985,255.71494074003803,3297.9612294560607,541.1945880814983,3557.252109780308,-269.4866974807049,-269.4866974807049,-269.4866974807049,-269.4866974807049,-269.4866974807049,-269.4866974807049,0.0,0.0,0.0,1682.3927057454937
13779,2016-09-27,1952.0264012528226,290.8867200158266,3311.4252667505934,540.1778187427387,3557.6205313178666,-269.56614055993157,-269.56614055993157,-269.56614055993157,-269.56614055993157,-269.56614055993157,-269.56614055993157,0.0,0.0,0.0,1682.460260692891
13780,2016-09-28,1952.1733992794466,293.68387367940915,3277.22684666541,539.1610494039792,3557.9889528554263,-269.6435552093733,-269.6435552093733,-269.6435552093733,-269.6435552093733,-269.6435552093733,-269.6435552093733,0.0,0.0,0.0,1682.5298440700733
13781,2016-09-29,1952.3203973060706,274.4267038821236,3307.1607241910947,538.1442800652197,3558.3573743929855,-269.7189461973417,-269.7189461973417,-269.7189461973417,-269.7189461973417,-269.7189461973417,-269.7189461973417,0.0,0.0,0.0,1682.601451108729
13782,2016-09-30,1952.4673953326944,292.1685480895949,3311.5738277608016,537.1275107264627,3558.7257959305443,-269.7923183216206,-269.7923183216206,-269.7923183216206,-269.7923183216206,-269.7923183216206,-269.7923183216206,0.0,0.0,0.0,1682.6750770110739
13783,2016-10-03,1952.9083894125665,265.40453547376353,3311.917901159579,534.0772027101867,3561.117530647083,-270.0003699291483,-270.0003699291483,-270.0003699291483,-270.0003699291483,-270.0003699291483,-270.0003699291483,0.0,0.0,0.0,1682.9080194834182
13784,2016-10-04,1953.0553874391903,285.69312617900994,3302.3091459239686,533.4093587815821,3562.1377341112993,-270.0657151608021,-270.0657151608021,-270.0657151608021,-270.0657151608021,-270.0657151608021,-270.0657151608021,0.0,0.0,0.0,1682.9896722783883
13785,2016-10-05,1953.2023854658144,290.59884898835344,3328.575590903514,532.9358585332305,3563.1579375755146,-270.1290659546197,-270.1290659546197,-270.1290659546197,-270.1290659546197,-270.1290659546197,-270.1290659546197,0.0,0.0,0.0,1683.0733195111948
13786,2016-10-06,1953.3493834924384,270.03311760841746,3301.970414237803,533.1014938270494,3564.1781410397284,-270.19042728212236,-270.19042728212236,-270.19042728212236,-270.19042728212236,-270.19042728212236,-270.19042728212236,0.0,0.0,0.0,1683.158956210316
13787,2016-10-07,1953.4963815190624,271.0784897887159,3303.49285119152,533.4020740505717,3565.198344503944,-270.24980414327007,-270.24980414327007,-270.24980414327007,-270.24980414327007,-270.24980414327007,-270.24980414327007,0.0,0.0,0.0,1683.2465773757924
13788,2016-10-10,1953.9373755989343,269.7783938390434,3295.39181244694,533.8273162933721,3568.2589548965893,-270.41607835152206,-270.41607835152206,-270.41607835152206,-270.41607835152206,-270.41607835152206,-270.41607835152206,0.0,0.0,0.0,1683.5212972474123
13789,2016-10-11,1954.0843736255583,275.19760064455363,3306.413349034354,533.1176227616277,3569.2791583608027,-270.4675679102508,-270.4675679102508,-270.4675679102508,-270.4675679102508,-270.4675679102508,-270.4675679102508,0.0,0.0,0.0,1683.6168057153075
13790,2016-10-12,1954.2313716521824,281.8115708259342,3315.012222630897,532.4079292298809,3570.2993618250184,-270.5170984236519,-270.5170984236519,-270.5170984236519,-270.5170984236519,-270.5170984236519,-270.5170984236519,0.0,0.0,0.0,1683.7142732285306
13791,2016-10-13,1954.3783696788062,280.4266409715867,3310.6951848071403,531.6982356981365,3571.319565289232,-270.5646750591092,-270.5646750591092,-270.5646750591092,-270.5646750591092,-270.5646750591092,-270.5646750591092,0.0,0.0,0.0,1683.813694619697
13792,2016-10-14,1954.5253677054302,271.661712851176,3334.3349526196744,530.9885421663896,3572.339768753447,-270.61030301137794,-270.61030301137794,-270.61030301137794,-270.61030301137794,-270.61030301137794,-270.61030301137794,0.0,0.0,0.0,1683.9150646940523
13793,2016-10-17,1954.9663617853025,259.6553663270146,3307.013269126221,528.859461571154,3575.4003791460923,-270.7355471238262,-270.7355471238262,-270.7355471238262,-270.7355471238262,-270.7355471238262,-270.7355471238262,0.0,0.0,0.0,1684.2308146614764
13794,2016-10-18,1955.1133598119266,268.8679443609627,3307.1442951964536,528.1497680394099,3576.420582610306,-270.77343283277634,-270.77343283277634,-270.77343283277634,-270.77343283277634,-270.77343283277634,-270.77343283277634,0.0,0.0,0.0,1684.3399269791503
13795,2016-10-19,1955.2603578385508,256.92611590545516,3320.1946382652395,527.4400745076604,3577.4407860745246,-270.80939623736595,-270.80939623736595,-270.80939623736595,-270.80939623736595,-270.80939623736595,-270.80939623736595,0.0,0.0,0.0,1684.4509616011849
13796,2016-10-20,1955.4073558651748,279.3213227958353,3317.3309202192145,526.730380975916,3578.46098953874,-270.8434426932747,-270.8434426932747,-270.8434426932747,-270.8434426932747,-270.8434426932747,-270.8434426932747,0.0,0.0,0.0,1684.5639131719001
13797,2016-10-21,1955.5543538917989,263.2329350371126,3320.3505783114415,526.0206874441691,3579.4811930029537,-270.8755775824544,-270.8755775824544,-270.8755775824544,-270.8755775824544,-270.8755775824544,-270.8755775824544,0.0,0.0,0.0,1684.6787763093444
13798,2016-10-24,1955.995347971671,265.3863453342434,3346.0535048824295,523.8916068489336,3582.541803395599,-270.96056705979896,-270.96056705979896,-270.96056705979896,-270.96056705979896,-270.96056705979896,-270.96056705979896,0.0,0.0,0.0,1685.034780911872
13799,2016-10-25,1956.142345998295,257.9243585858138,3314.7157844040757,523.1819133171867,3583.5620068598146,-270.9851100213535,-270.9851100213535,-270.9851100213535,-270.9851100213535,-270.9851100213535,-270.9851100213535,0.0,0.0,0.0,1685.1572359769416
13800,2016-10-26,1956.289344024919,254.8454394003952,3321.8331829507997,522.4722197854425,3584.582210324028,-271.00776871436983,-271.00776871436983,-271.00776871436983,-271.00776871436983,-271.00776871436983,-271.00776871436983,0.0,0.0,0.0,1685.2815753105492
13801,2016-10-27,1956.436342051543,263.3961364829403,3309.8728813244315,521.9267472410606,3585.602413788244,-271.02854867504817,-271.02854867504817,-271.02854867504817,-271.02854867504817,-271.02854867504817,-271.02854867504817,0.0,0.0,0.0,1685.407793376495
13802,2016-10-28,1956.5833400781669,237.17370436760967,3319.7882027123164,521.4032276856151,3586.6226172524593,-271.0474554647309,-271.0474554647309,-271.0474554647309,-271.0474554647309,-271.0474554647309,-271.0474554647309,0.0,0.0,0.0,1685.5358846134359
13803,2016-10-31,1957.024334158039,269.9383985761755,3345.320543360854,519.8326690192804,3589.6832276451023,-271.0929927949208,-271.0929927949208,-271.0929927949208,-271.0929927949208,-271.0929927949208,-271.0929927949208,0.0,0.0,0.0,1685.9313413631182
13804,2016-11-01,1957.171332184663,250.36154673111702,3314.2636175543234,519.3091494638362,3590.703431109318,-271.1044630111544,-271.1044630111544,-271.1044630111544,-271.1044630111544,-271.1044630111544,-271.1044630111544,0.0,0.0,0.0,1686.0668691735086
13805,2016-11-02,1957.3183302112868,256.13159657242255,3343.315391416713,518.785629908391,3591.723634573534,-271.11408823449904,-271.11408823449904,-271.11408823449904,-271.11408823449904,-271.11408823449904,-271.11408823449904,0.0,0.0,0.0,1686.2042419767877
13806,2016-11-03,1957.4653282379109,251.45691801523606,3314.129470695253,518.279128822111,3592.7438380377475,-271.121874173701,-271.121874173701,-271.121874173701,-271.121874173701,-271.121874173701,-271.121874173701,0.0,0.0,0.0,1686.34345406421
13807,2016-11-04,1957.6123262645349,254.16348855424195,3331.1651637927334,517.7762008665075,3593.764041501963,-271.12782656149494,-271.12782656149494,-271.12782656149494,-271.12782656149494,-271.12782656149494,-271.12782656149494,0.0,0.0,0.0,1686.48449970304
13808,2016-11-07,1958.0533203444068,246.7718447415682,3362.0419888227716,516.267416999694,3596.8246518946085,-271.1347401000685,-271.1347401000685,-271.1347401000685,-271.1347401000685,-271.1347401000685,-271.1347401000685,0.0,0.0,0.0,1686.9185802443383
13809,2016-11-08,1958.2003183710308,247.13740579263728,3313.9754227488274,515.7644890440891,3597.8448553588214,-271.13341608346474,-271.13341608346474,-271.13341608346474,-271.13341608346474,-271.13341608346474,-271.13341608346474,0.0,0.0,0.0,1687.066902287566
13810,2016-11-09,1958.3473163976548,259.44207285332743,3349.8680665288907,515.2615610884842,3598.8650588230375,-271.1302875330727,-271.1302875330727,-271.1302875330727,-271.1302875330727,-271.1302875330727,-271.1302875330727,0.0,0.0,0.0,1687.217028864582
13811,2016-11-10,1958.4943144242786,258.5189272193207,3324.367473335501,514.7586331328805,3599.885262287251,-271.12536032202684,-271.12536032202684,-271.12536032202684,-271.12536032202684,-271.12536032202684,-271.12536032202684,0.0,0.0,0.0,1687.3689541022518
13812,2016-11-11,1958.6413124509031,241.71182966303982,3348.2919009334223,514.2557051772757,3600.9054657514666,-271.1186403462698,-271.1186403462698,-271.1186403462698,-271.1186403462698,-271.1186403462698,-271.1186403462698,0.0,0.0,0.0,1687.5226721046333
13813,2016-11-14,1959.082306530775,267.17341661382284,3340.3293131744044,512.8044588076534,3603.966076144112,-271.0877831286756,-271.0877831286756,-271.0877831286756,-271.0877831286756,-271.0877831286756,-271.0877831286756,0.0,0.0,0.0,1687.9945234020993
13814,2016-11-15,1959.229304557399,241.2752268484079,3296.450052812854,512.3254428846398,3604.986279608325,-271.0739515036636,-271.0739515036636,-271.0739515036636,-271.0739515036636,-271.0739515036636,-271.0739515036636,0.0,0.0,0.0,1688.1553530537353
13815,2016-11-16,1959.376302584023,252.0211904196399,3316.904587676679,511.8464269616246,3606.006483072541,-271.0583569297783,-271.0583569297783,-271.0583569297783,-271.0583569297783,-271.0583569297783,-271.0583569297783,0.0,0.0,0.0,1688.3179456542448
13816,2016-11-17,1959.5233006106469,264.23998076176036,3345.655890702103,511.36741103860953,3607.0266865367544,-271.0410054362082,-271.0410054362082,-271.0410054362082,-271.0410054362082,-271.0410054362082,-271.0410054362082,0.0,0.0,0.0,1688.4822951744386
13817,2016-11-18,1959.6702986372713,256.8521148379907,3337.999596774215,510.88839511559314,3608.046890000973,-271.02190307374804,-271.02190307374804,-271.02190307374804,-271.02190307374804,-271.02190307374804,-271.02190307374804,0.0,0.0,0.0,1688.6483955635233
13818,2016-11-21,1960.1112927171437,254.52651958673735,3330.561180341598,509.53348888458453,3611.1075003936176,-270.9541516013576,-270.9541516013576,-270.9541516013576,-270.9541516013576,-270.9541516013576,-270.9541516013576,0.0,0.0,0.0,1689.157141115786
13819,2016-11-22,1960.2582907437675,240.34315989535168,3353.778912435782,509.224328044711,3612.1277038578337,-270.9281066972496,-270.9281066972496,-270.9281066972496,-270.9281066972496,-270.9281066972496,-270.9281066972496,0.0,0.0,0.0,1689.3301840465178
13820,2016-11-23,1960.4052887703915,237.12581679524715,3330.949894367906,508.9151672048382,3613.147907322047,-270.9003414961742,-270.9003414961742,-270.9003414961742,-270.9003414961742,-270.9003414961742,-270.9003414961742,0.0,0.0,0.0,1689.5049472742173
13821,2016-11-25,1960.6992848236396,253.7923310993291,3325.422397595015,508.2968455250926,3615.188314250479,-270.8396749305022,-270.8396749305022,-270.8396749305022,-270.8396749305022,-270.8396749305022,-270.8396749305022,0.0,0.0,0.0,1689.8596098931373
13822,2016-11-28,1961.1402789035114,250.99310436117315,3346.2377205084836,507.36936300547416,3618.2489246431214,-270.7359279320601,-270.7359279320601,-270.7359279320601,-270.7359279320601,-270.7359279320601,-270.7359279320601,0.0,0.0,0.0,1690.4043509714513
13823,2016-11-29,1961.2872769301355,237.25722791167536,3362.488154271732,507.06020216560125,3619.269128107337,-270.697971367964,-270.697971367964,-270.697971367964,-270.697971367964,-270.697971367964,-270.697971367964,0.0,0.0,0.0,1690.5893055621714
13824,2016-11-30,1961.4342749567593,242.58887400352452,3358.404677760653,506.7460929603677,3620.289331571553,-270.65833816588196,-270.65833816588196,-270.65833816588196,-270.65833816588196,-270.65833816588196,-270.65833816588196,0.0,0.0,0.0,1690.7759367908773
13825,2016-12-01,1961.5812729833833,237.05627586687814,3352.182564918121,506.42194258826146,3621.309535035766,-270.61703464148246,-270.61703464148246,-270.61703464148246,-270.61703464148246,-270.61703464148246,-270.61703464148246,0.0,0.0,0.0,1690.964238341901
13826,2016-12-02,1961.7282710100073,266.21569061568226,3315.7702480344933,506.0977922161555,3622.3297384999823,-270.5740671295613,-270.5740671295613,-270.5740671295613,-270.5740671295613,-270.5740671295613,-270.5740671295613,0.0,0.0,0.0,1691.154203880446
13827,2016-12-05,1962.1692650898792,231.28797489496986,3338.442114373898,505.1253410998382,3625.3903488926253,-270.4352442998571,-270.4352442998571,-270.4352442998571,-270.4352442998571,-270.4352442998571,-270.4352442998571,0.0,0.0,0.0,1691.734020790022
13828,2016-12-06,1962.3162631165033,236.4397537229097,3345.4511688030416,504.80119072773255,3626.4105523568405,-270.38568456217155,-270.38568456217155,-270.38568456217155,-270.38568456217155,-270.38568456217155,-270.38568456217155,0.0,0.0,0.0,1691.9305785543318
13829,2016-12-07,1962.4632611431273,237.5849451597737,3359.2338100453776,504.4770403556266,3627.430755821056,-270.3344927916289,-270.3344927916289,-270.3344927916289,-270.3344927916289,-270.3344927916289,-270.3344927916289,0.0,0.0,0.0,1692.1287683514984
13830,2016-12-08,1962.6102591697515,209.99801139544334,3344.0869489415663,504.15288998352094,3628.4509592852696,-270.2816754340308,-270.2816754340308,-270.2816754340308,-270.2816754340308,-270.2816754340308,-270.2816754340308,0.0,0.0,0.0,1692.3285837357207
13831,2016-12-09,1962.7572571963756,235.07653464370108,3332.8138603791813,503.8287396114153,3629.4711627494853,-270.22723895304466,-270.22723895304466,-270.22723895304466,-270.22723895304466,-270.22723895304466,-270.22723895304466,0.0,0.0,0.0,1692.530018243331
13832,2016-12-12,1963.1982512762474,261.44891323687233,3360.827582860383,502.8562884950971,3632.5317731421305,-270.0542796706178,-270.0542796706178,-270.0542796706178,-270.0542796706178,-270.0542796706178,-270.0542796706178,0.0,0.0,0.0,1693.1439716056298
13833,2016-12-13,1963.3452493028715,249.67369847847175,3378.055877282537,502.5321381229915,3633.551976606344,-269.9934316837136,-269.9934316837136,-269.9934316837136,-269.9934316837136,-269.9934316837136,-269.9934316837136,0.0,0.0,0.0,1693.3518176191578
13834,2016-12-14,1963.4922473294955,232.64362099393628,3362.405763006971,502.2079877508858,3634.5721800705596,-269.9309971533756,-269.9309971533756,-269.9309971533756,-269.9309971533756,-269.9309971533756,-269.9309971533756,0.0,0.0,0.0,1693.56125017612
13835,2016-12-15,1963.6392453561193,238.40653507981904,3364.1170783161997,501.8838373787798,3635.592383534773,-269.8669826466328,-269.8669826466328,-269.8669826466328,-269.8669826466328,-269.8669826466328,-269.8669826466328,0.0,0.0,0.0,1693.7722627094865
13836,2016-12-16,1963.7862433827434,244.18658437967957,3357.657249783213,501.55968700667415,3636.6125869989887,-269.80139474710177,-269.80139474710177,-269.80139474710177,-269.80139474710177,-269.80139474710177,-269.80139474710177,0.0,0.0,0.0,1693.9848486356416
13837,2016-12-19,1964.2272374626161,223.96926655741888,3331.546899834537,500.58728721355794,3639.673197391637,-269.59525677282954,-269.59525677282954,-269.59525677282954,-269.59525677282954,-269.59525677282954,-269.59525677282954,0.0,0.0,0.0,1694.6319806897866
13838,2016-12-20,1964.37423548924,218.43611809975334,3376.697497599312,500.27544622648804,3640.693400855853,-269.52344146353516,-269.52344146353516,-269.52344146353516,-269.52344146353516,-269.52344146353516,-269.52344146353516,0.0,0.0,0.0,1694.8507940257048
13839,2016-12-21,1964.521233515864,216.85155367077252,3341.0211212768418,499.96360523941826,3641.713604320066,-269.45008592183706,-269.45008592183706,-269.45008592183706,-269.45008592183706,-269.45008592183706,-269.45008592183706,0.0,0.0,0.0,1695.071147594027
13840,2016-12-22,1964.668231542488,212.47002618818098,3371.43685471843,499.6517642523483,3642.733807784282,-269.37519682697786,-269.37519682697786,-269.37519682697786,-269.37519682697786,-269.37519682697786,-269.37519682697786,0.0,0.0,0.0,1695.2930347155102
13841,2016-12-23,1964.815229569112,226.55314635528916,3375.5241586333364,499.3399232652777,3643.754011248498,-269.2987808734861,-269.2987808734861,-269.2987808734861,-269.2987808734861,-269.2987808734861,-269.2987808734861,0.0,0.0,0.0,1695.516448695626
13842,2016-12-27,1965.403221675608,227.37036077342717,3383.535211589596,498.0925593169981,3647.8348251053567,-268.9779828884421,-268.9779828884421,-268.9779828884421,-268.9779828884421,-268.9779828884421,-268.9779828884421,0.0,0.0,0.0,1696.4252387871659
13843,2016-12-28,1965.550219702232,229.31507258139226,3376.4182321907306,497.7807183299282,3648.8550285695696,-268.89403358176384,-268.89403358176384,-268.89403358176384,-268.89403358176384,-268.89403358176384,-268.89403358176384,0.0,0.0,0.0,1696.6561861204682
13844,2016-12-29,1965.6972177288558,217.66303551274837,3358.03632527836,497.46887734285826,3649.8752320337853,-268.8085978942301,-268.8085978942301,-268.8085978942301,-268.8085978942301,-268.8085978942301,-268.8085978942301,0.0,0.0,0.0,1696.8886198346256
13845,2016-12-30,1965.8442157554798,221.57573270868636,3367.6714644767103,497.1570363557884,3650.8954354980015,-268.7216826221524,-268.7216826221524,-268.7216826221524,-268.7216826221524,-268.7216826221524,-268.7216826221524,0.0,0.0,0.0,1697.1225331333274
13846,2017-01-03,1966.4322078619762,235.0124553947295,3364.4505326694607,495.90967240750814,3654.9762493548596,-268.35936209341565,-268.35936209341565,-268.35936209341565,-268.35936209341565,-268.35936209341565,-268.35936209341565,0.0,0.0,0.0,1698.0728457685605
13847,2017-01-04,1966.5792058886,216.19646537780145,3371.6164897542058,495.5978314204383,3655.996452819076,-268.26515131940937,-268.26515131940937,-268.26515131940937,-268.26515131940937,-268.26515131940937,-268.26515131940937,0.0,0.0,0.0,1698.3140545691906
13848,2017-01-05,1966.726203915224,201.5553863827885,3395.8165432975547,495.28599043336834,3657.016656283289,-268.16950202174564,-268.16950202174564,-268.16950202174564,-268.16950202174564,-268.16950202174564,-268.16950202174564,0.0,0.0,0.0,1698.5567018934785
13849,2017-01-06,1966.873201941848,214.3271328289028,3387.688338298977,494.97414944629844,3658.036859747505,-268.07242108930956,-268.07242108930956,-268.07242108930956,-268.07242108930956,-268.07242108930956,-268.07242108930956,0.0,0.0,0.0,1698.8007808525385
13850,2017-01-09,1967.31419602172,207.08392876783876,3388.8596544223933,494.0386264850887,3661.09747014015,-267.7726575581019,-267.7726575581019,-267.7726575581019,-267.7726575581019,-267.7726575581019,-267.7726575581019,0.0,0.0,0.0,1699.541538463618
13851,2017-01-10,1967.461194048344,234.7118347178326,3393.3117736697686,493.72678549801816,3662.117673604363,-267.66991922194103,-267.66991922194103,-267.66991922194103,-267.66991922194103,-267.66991922194103,-267.66991922194103,0.0,0.0,0.0,1699.791274826403
13852,2017-01-11,1967.608192074968,225.60375082127655,3369.4584783597966,493.4149445109482,3663.137877068579,-267.56578387865824,-267.56578387865824,-267.56578387865824,-267.56578387865824,-267.56578387865824,-267.56578387865824,0.0,0.0,0.0,1700.0424081963097
13853,2017-01-12,1967.755190101592,232.16802753538695,3373.4591732572294,493.1031035238784,3664.158080532792,-267.46025848909517,-267.46025848909517,-267.46025848909517,-267.46025848909517,-267.46025848909517,-267.46025848909517,0.0,0.0,0.0,1700.2949316124968
13854,2017-01-13,1967.9021881282158,218.05459704168155,3366.0595166206676,492.7912625368085,3665.1782839970083,-267.35335002542536,-267.35335002542536,-267.35335002542536,-267.35335002542536,-267.35335002542536,-267.35335002542536,0.0,0.0,0.0,1700.5488381027903
13855,2017-01-17,1968.4901802347126,216.69933051783093,3402.8825880556624,491.5438985885273,3669.259097853872,-266.91202525887405,-266.91202525887405,-266.91202525887405,-266.91202525887405,-266.91202525887405,-266.91202525887405,0.0,0.0,0.0,1701.5781549758385
13856,2017-01-18,1968.6371782613364,223.6101049195047,3375.5912962315015,491.2320576014574,3670.279301318085,-266.79830639033975,-266.79830639033975,-266.79830639033975,-266.79830639033975,-266.79830639033975,-266.79830639033975,0.0,0.0,0.0,1701.8388718709966
13857,2017-01-19,1968.7841762879605,224.10948837618986,3384.4512252053605,490.92021661438764,3671.299504782301,-266.68324650791345,-266.68324650791345,-266.68324650791345,-266.68324650791345,-266.68324650791345,-266.68324650791345,0.0,0.0,0.0,1702.100929780047
13858,2017-01-20,1968.9311743145845,194.59124624435836,3377.429850898973,490.6083756273177,3672.3197082465144,-266.5668526577115,-266.5668526577115,-266.5668526577115,-266.5668526577115,-266.5668526577115,-266.5668526577115,0.0,0.0,0.0,1702.364321656873
13859,2017-01-23,1969.3721683944564,207.07053298083648,3405.036619966436,489.6728526661074,3675.380318639159,-266.20973790743716,-266.20973790743716,-266.20973790743716,-266.20973790743716,-266.20973790743716,-266.20973790743716,0.0,0.0,0.0,1703.1624304870193
13860,2017-01-24,1969.5191664210804,219.5020254064602,3351.431507052882,489.36101167903746,3676.4005221033754,-266.0880788403838,-266.0880788403838,-266.0880788403838,-266.0880788403838,-266.0880788403838,-266.0880788403838,0.0,0.0,0.0,1703.4310875806966
13861,2017-01-25,1969.6661644477044,197.8538747864622,3394.7371605541184,489.0491706919675,3677.4207255675883,-265.9651211792749,-265.9651211792749,-265.9651211792749,-265.9651211792749,-265.9651211792749,-265.9651211792749,0.0,0.0,0.0,1703.7010432684297
13862,2017-01-26,1969.8131624743282,199.08008795363537,3394.579909890834,488.4491710912193,3678.4409290318044,-265.84087202613847,-265.84087202613847,-265.84087202613847,-265.84087202613847,-265.84087202613847,-265.84087202613847,0.0,0.0,0.0,1703.9722904481898
13863,2017-01-27,1969.9601605009523,224.46706911673917,3394.9813574455666,487.6589748248093,3679.461132496021,-265.71533849165024,-265.71533849165024,-265.71533849165024,-265.71533849165024,-265.71533849165024,-265.71533849165024,0.0,0.0,0.0,1704.244822009302
13864,2017-01-30,1970.4011545808246,198.28657461373467,3408.6250139220483,483.89644297348235,3682.521742888663,-265.3311028324998,-265.3311028324998,-265.3311028324998,-265.3311028324998,-265.3311028324998,-265.3311028324998,0.0,0.0,0.0,1705.0700517483247
13865,2017-01-31,1970.5481526074486,207.6171197818502,3369.2354075332983,482.17433155467586,3683.5419463528788,-265.20050304556946,-265.20050304556946,-265.20050304556946,-265.20050304556946,-265.20050304556946,-265.20050304556946,0.0,0.0,0.0,1705.3476495618793
13866,2017-02-01,1970.6951506340727,192.49780998787324,3399.4800095310866,480.45222013586454,3684.562149817095,-265.0686545536397,-265.0686545536397,-265.0686545536397,-265.0686545536397,-265.0686545536397,-265.0686545536397,0.0,0.0,0.0,1705.6264960804328
13867,2017-02-02,1970.8421486606965,228.15997711697077,3426.724999049318,478.73010871705804,3685.5823532813083,-264.935564515228,-264.935564515228,-264.935564515228,-264.935564515228,-264.935564515228,-264.935564515228,0.0,0.0,0.0,1705.9065841454685
13868,2017-02-03,1970.9891466873205,190.884265418686,3406.0246149783834,477.0079972982515,3686.602556745524,-264.8012400961535,-264.8012400961535,-264.8012400961535,-264.8012400961535,-264.8012400961535,-264.8012400961535,0.0,0.0,0.0,1706.1879065911671
13869,2017-02-06,1971.4301407671924,182.79486276257583,3410.206733872092,471.8416630418222,3689.6631671381692,-264.39093231860267,-264.39093231860267,-264.39093231860267,-264.39093231860267,-264.39093231860267,-264.39093231860267,0.0,0.0,0.0,1707.0392084485898
13870,2017-02-07,1971.5771387938164,201.00087036437475,3417.1927213324957,470.1195516230157,3690.6833706023826,-264.2517421743324,-264.2517421743324,-264.2517421743324,-264.2517421743324,-264.2517421743324,-264.2517421743324,0.0,0.0,0.0,1707.325396619484
13871,2017-02-08,1971.7241368204404,206.42673133627505,3413.539825346635,468.3974402042042,3691.7035740665983,-264.11135358125875,-264.11135358125875,-264.11135358125875,-264.11135358125875,-264.11135358125875,-264.11135358125875,0.0,0.0,0.0,1707.6127832391817
13872,2017-02-09,1971.8711348470645,203.56310918426922,3434.2411872195935,466.6753287853977,3692.7237775308113,-263.9697737449593,-263.9697737449593,-263.9697737449593,-263.9697737449593,-263.9697737449593,-263.9697737449593,0.0,0.0,0.0,1707.901361102105
13873,2017-02-10,1972.0181328736883,188.02850681371055,3413.0619408235143,464.9532173665864,3693.7253331543125,-263.8270098769626,-263.8270098769626,-263.8270098769626,-263.8270098769626,-263.8270098769626,-263.8270098769626,0.0,0.0,0.0,1708.1911229967257
13874,2017-02-13,1972.4591269535604,200.72093912343735,3421.301490159991,463.0212862058763,3695.8767733064387,-263.39168628332067,-263.39168628332067,-263.39168628332067,-263.39168628332067,-263.39168628332067,-263.39168628332067,0.0,0.0,0.0,1709.0674406702396
13875,2017-02-14,1972.6061249801844,190.80122891525008,3413.669488043006,463.3792226773866,3696.5939200238154,-263.244258516131,-263.244258516131,-263.244258516131,-263.244258516131,-263.244258516131,-263.244258516131,0.0,0.0,0.0,1709.3618664640535
13876,2017-02-15,1972.7531230068082,197.98146407620138,3413.4288042951102,463.74606767672486,3697.3110667411916,-263.09568285743364,-263.09568285743364,-263.09568285743364,-263.09568285743364,-263.09568285743364,-263.09568285743364,0.0,0.0,0.0,1709.6574401493745
13877,2017-02-16,1972.900121033433,199.95838693359752,3425.246745058846,464.1129126760643,3698.0282134585686,-262.94596655042733,-262.94596655042733,-262.94596655042733,-262.94596655042733,-262.94596655042733,-262.94596655042733,0.0,0.0,0.0,1709.9541544830056
13878,2017-02-17,1973.047119060057,201.43081928646947,3447.1519712422933,464.4797576754025,3698.7453601759453,-262.79511684291447,-262.79511684291447,-262.79511684291447,-262.79511684291447,-262.79511684291447,-262.79511684291447,0.0,0.0,0.0,1710.2520022171425
13879,2017-02-21,1973.6351111665529,208.96213660896956,3419.0005356618285,465.9471376727557,3701.613947045448,-262.18052911425,-262.18052911425,-262.18052911425,-262.18052911425,-262.18052911425,-262.18052911425,0.0,0.0,0.0,1711.4545820523028
13880,2017-02-22,1973.782109193177,184.9689631723548,3428.5901285244136,466.3139826720939,3702.331093762822,-262.0241212689463,-262.0241212689463,-262.0241212689463,-262.0241212689463,-262.0241212689463,-262.0241212689463,0.0,0.0,0.0,1711.7579879242305
13881,2017-02-23,1973.929107219801,193.4543949656915,3416.0405623595425,466.3236756317448,3703.0482404801987,-261.86662359587973,-261.86662359587973,-261.86662359587973,-261.86662359587973,-261.86662359587973,-261.86662359587973,0.0,0.0,0.0,1712.0624836239213
13882,2017-02-24,1974.0761052464247,215.3256815306431,3425.440781686254,465.5334793653346,3703.765387197575,-261.70804336970036,-261.70804336970036,-261.70804336970036,-261.70804336970036,-261.70804336970036,-261.70804336970036,0.0,0.0,0.0,1712.3680618767244
13883,2017-02-27,1974.517099326297,186.73487021618493,3459.689309969489,463.1628905661042,3705.9168273497016,-261.225880163852,-261.225880163852,-261.225880163852,-261.225880163852,-261.225880163852,-261.225880163852,0.0,0.0,0.0,1713.291219162445
13884,2017-02-28,1974.664097352921,219.89161689894198,3428.827383457472,462.3726942996965,3706.6339740670755,-261.06304253019607,-261.06304253019607,-261.06304253019607,-261.06304253019607,-261.06304253019607,-261.06304253019607,0.0,0.0,0.0,1713.601054822725
13885,2017-03-01,1974.8110953795451,199.18736129033007,3422.8493955890576,461.5824980332864,3707.351120784452,-260.8991587588519,-260.8991587588519,-260.8991587588519,-260.8991587588519,-260.8991587588519,-260.8991587588519,0.0,0.0,0.0,1713.9119366206933
13886,2017-03-02,1974.958093406169,189.0966566989628,3440.0956546502844,460.7923017668763,3708.0682675018284,-260.73423613999967,-260.73423613999967,-260.73423613999967,-260.73423613999967,-260.73423613999967,-260.73423613999967,0.0,0.0,0.0,1714.2238572661693
13887,2017-03-03,1975.105091432793,195.67442680052406,3436.0249149536403,460.00210550046603,3708.7854142192023,-260.56828196573207,-260.56828196573207,-260.56828196573207,-260.56828196573207,-260.56828196573207,-260.56828196573207,0.0,0.0,0.0,1714.536809467061
13888,2017-03-06,1975.546085512665,194.69545928664232,3433.8476626594193,457.6315167012381,3710.9368543713294,-260.06430305615413,-260.06430305615413,-260.06430305615413,-260.06430305615413,-260.06430305615413,-260.06430305615413,0.0,0.0,0.0,1715.481782456511
13889,2017-03-07,1975.6930835392889,181.89061298191672,3448.1074883980314,456.84132043482794,3711.6540010887056,-259.89429561285186,-259.89429561285186,-259.89429561285186,-259.89429561285186,-259.89429561285186,-259.89429561285186,0.0,0.0,0.0,1715.798787926437
13890,2017-03-08,1975.840081565913,206.1888529360745,3470.3794938339656,456.05112416841774,3712.371147806082,-259.7232930966918,-259.7232930966918,-259.7232930966918,-259.7232930966918,-259.7232930966918,-259.7232930966918,0.0,0.0,0.0,1716.116788469221
13891,2017-03-09,1975.987079592537,191.99990989366805,3426.538007544087,455.26092790200755,3713.0882945234557,-259.5513028072665,-259.5513028072665,-259.5513028072665,-259.5513028072665,-259.5513028072665,-259.5513028072665,0.0,0.0,0.0,1716.4357767852705
13892,2017-03-10,1976.134077619161,185.1975830590003,3442.016850537665,454.4694792475741,3713.8054412408324,-259.37833204474924,-259.37833204474924,-259.37833204474924,-259.37833204474924,-259.37833204474924,-259.37833204474924,0.0,0.0,0.0,1716.7557455744118
13893,2017-03-13,1976.5750716990328,192.23062631521225,3443.548327393305,452.0947112771606,3715.95070793806,-258.85360992513625,-258.85360992513625,-258.85360992513625,-258.85360992513625,-258.85360992513625,-258.85360992513625,0.0,0.0,0.0,1717.7214617738966
13894,2017-03-14,1976.7220697256569,182.32411976334726,3478.0517480905473,451.30312195368873,3716.6225375816744,-258.6767902769919,-258.6767902769919,-258.6767902769919,-258.6767902769919,-258.6767902769919,-258.6767902769919,0.0,0.0,0.0,1718.045279448665
13895,2017-03-15,1976.8690677522807,201.99201355541817,3456.980354744136,450.5115326302168,3717.2943672252886,-258.499026658716,-258.499026658716,-258.499026658716,-258.499026658716,-258.499026658716,-258.499026658716,0.0,0.0,0.0,1718.3700410935646
13896,2017-03-16,1977.0160657789052,186.3566527765541,3463.9588655706766,449.71994330674465,3717.9661968689,-258.320326369988,-258.320326369988,-258.320326369988,-258.320326369988,-258.320326369988,-258.320326369988,0.0,0.0,0.0,1718.6957394089172
13897,2017-03-17,1977.1630638055292,180.14924278575262,3451.5615176665306,448.9283539832728,3718.6380265125144,-258.140696709747,-258.140696709747,-258.140696709747,-258.140696709747,-258.140696709747,-258.140696709747,0.0,0.0,0.0,1719.022367095782
13898,2017-03-20,1977.6040578854013,196.495334811144,3475.409792516835,446.27546235814265,3720.6535154433573,-257.59630447417175,-257.59630447417175,-257.59630447417175,-257.59630447417175,-257.59630447417175,-257.59630447417175,0.0,0.0,0.0,1720.0077534112295
13899,2017-03-21,1977.7510559120253,183.70501029031823,3455.1358347317923,445.3456696281744,3721.3253450869715,-257.4130302957429,-257.4130302957429,-257.4130302957429,-257.4130302957429,-257.4130302957429,-257.4130302957429,0.0,0.0,0.0,1720.3380256162825
13900,2017-03-22,1977.8980539386494,162.24209927803423,3487.8914417751166,444.4158768982037,3721.9971747305835,-257.2288632227106,-257.2288632227106,-257.2288632227106,-257.2288632227106,-257.2288632227106,-257.2288632227106,0.0,0.0,0.0,1720.6691907159388
13901,2017-03-23,1978.0450519652734,173.43113301719657,3476.6835849493737,443.4860841682353,3722.6690043741974,-257.0438105455844,-257.0438105455844,-257.0438105455844,-257.0438105455844,-257.0438105455844,-257.0438105455844,0.0,0.0,0.0,1721.001241419689
13902,2017-03-24,1978.1920499918976,183.82434056672875,3479.035016067029,442.5562914382646,3723.340834017811,-256.85787955281177,-256.85787955281177,-256.85787955281177,-256.85787955281177,-256.85787955281177,-256.85787955281177,0.0,0.0,0.0,1721.334170439086
13903,2017-03-27,1978.6330440717695,164.64451921129833,3451.835871421009,440.5403116188999,3724.896899155779,-256.2948895302243,-256.2948895302243,-256.2948895302243,-256.2948895302243,-256.2948895302243,-256.2948895302243,0.0,0.0,0.0,1722.3381545415452
13904,2017-03-28,1978.7800420983936,182.81721208591816,3483.770131922076,439.9655207289519,3725.244194900154,-256.10551811154613,-256.10551811154613,-256.10551811154613,-256.10551811154613,-256.10551811154613,-256.10551811154613,0.0,0.0,0.0,1722.6745239868474
13905,2017-03-29,1978.9270401250176,206.24351799657452,3483.571545017399,439.3127128469428,3725.5914906445278,-255.91530478197774,-255.91530478197774,-255.91530478197774,-255.91530478197774,-255.91530478197774,-255.91530478197774,0.0,0.0,0.0,1723.0117353430398
13906,2017-03-30,1979.0740381516416,174.1571678800842,3448.7277375913836,438.5350401040736,3725.938786388903,-255.72425681367125,-255.72425681367125,-255.72425681367125,-255.72425681367125,-255.72425681367125,-255.72425681367125,0.0,0.0,0.0,1723.3497813379704
13907,2017-03-31,1979.2210361782654,179.5058496691936,3489.7831267287925,437.7516486067957,3726.286082133276,-255.53238147540569,-255.53238147540569,-255.53238147540569,-255.53238147540569,-255.53238147540569,-255.53238147540569,0.0,0.0,0.0,1723.6886547028598
13908,2017-04-03,1979.6620302581375,189.11809487165533,3475.7912641638995,435.2336912443718,3727.3279693663994,-254.95186387427327,-254.95186387427327,-254.95186387427327,-254.95186387427327,-254.95186387427327,-254.95186387427327,0.0,0.0,0.0,1724.7101663838644
13909,2017-04-04,1979.8090282847613,178.02803382891224,3459.0376388761156,434.38631985245667,3727.6752651107745,-254.75675167015217,-254.75675167015217,-254.75675167015217,-254.75675167015217,-254.75675167015217,-254.75675167015217,0.0,0.0,0.0,1725.0522766146091
13910,2017-04-05,1979.9560263113854,181.9670625476616,3477.229753055648,433.53894846054374,3728.0225608551486,-254.56084838298415,-254.56084838298415,-254.56084838298415,-254.56084838298415,-254.56084838298415,-254.56084838298415,0.0,0.0,0.0,1725.3951779284012
13911,2017-04-06,1980.1030243380094,202.2342780508895,3458.045169896203,432.6915770686286,3728.369856599523,-254.3641612574562,-254.3641612574562,-254.3641612574562,-254.3641612574562,-254.3641612574562,-254.3641612574562,0.0,0.0,0.0,1725.738863080553
13912,2017-04-07,1980.2500223646334,188.45291383300852,3475.4937204981284,431.8442056767135,3728.7171523438965,-254.16669753360023,-254.16669753360023,-254.16669753360023,-254.16669753360023,-254.16669753360023,-254.16669753360023,0.0,0.0,0.0,1726.0833248310332
13913,2017-04-10,1980.6910164445053,179.81665456648074,3492.5642093000024,429.30209150096994,3729.7590395770203,-253.5697190986072,-253.5697190986072,-253.5697190986072,-253.5697190986072,-253.5697190986072,-253.5697190986072,0.0,0.0,0.0,1727.121297345898
13914,2017-04-11,1980.8380144711293,178.81632140283898,3457.5033162140962,428.4547201090548,3730.106335321395,-253.3692212821205,-253.3692212821205,-253.3692212821205,-253.3692212821205,-253.3692212821205,-253.3692212821205,0.0,0.0,0.0,1727.468793189009
13915,2017-04-12,1980.9850124977536,173.15058490018922,3483.071474643419,427.60734871713936,3730.453631065769,-253.16798299114777,-253.16798299114777,-253.16798299114777,-253.16798299114777,-253.16798299114777,-253.16798299114777,0.0,0.0,0.0,1727.8170295066059
13916,2017-04-13,1981.1320105243776,179.5620536543193,3485.202071787009,426.7599773252242,3730.8009268101437,-252.96601143391618,-252.96601143391618,-252.96601143391618,-252.96601143391618,-252.96601143391618,-252.96601143391618,0.0,0.0,0.0,1728.1659990904614
13917,2017-04-17,1981.7200026308738,163.16338242072965,3488.849850495741,423.38518010839493,3732.1901097876425,-252.15093649543687,-252.15093649543687,-252.15093649543687,-252.15093649543687,-252.15093649543687,-252.15093649543687,0.0,0.0,0.0,1729.569066135437
13918,2017-04-18,1981.8670006574978,198.58100494591477,3495.6963648502724,422.5503893539258,3732.537405532017,-251.94540651625695,-251.94540651625695,-251.94540651625695,-251.94540651625695,-251.94540651625695,-251.94540651625695,0.0,0.0,0.0,1729.9215941412408
13919,2017-04-19,1982.0139986841218,165.61361304618532,3499.143445348917,421.7155985994566,3733.3593890083107,-251.7391863892042,-251.7391863892042,-251.7391863892042,-251.7391863892042,-251.7391863892042,-251.7391863892042,0.0,0.0,0.0,1730.2748122949176
13920,2017-04-20,1982.160996710746,186.4062515996009,3501.525797094199,420.8808078449878,3734.841615314986,-251.53228327716405,-251.53228327716405,-251.53228327716405,-251.53228327716405,-251.53228327716405,-251.53228327716405,0.0,0.0,0.0,1730.628713433582
13921,2017-04-21,1982.30799473737,162.13520101824352,3510.8914644832885,420.0460170905187,3736.3238416216564,-251.3247043358238,-251.3247043358238,-251.3247043358238,-251.3247043358238,-251.3247043358238,-251.3247043358238,0.0,0.0,0.0,1730.9832904015464
13922,2017-04-24,1982.748988817242,164.13882369356972,3503.0726489006615,417.54164482711406,3740.7705205416787,-250.69798398118888,-250.69798398118888,-250.69798398118888,-250.69798398118888,-250.69798398118888,-250.69798398118888,0.0,0.0,0.0,1732.0510048360532
13923,2017-04-25,1982.895986843866,194.6992889382411,3498.851462577759,416.7068540726453,3742.2527468483536,-250.48777312936141,-250.48777312936141,-250.48777312936141,-250.48777312936141,-250.48777312936141,-250.48777312936141,0.0,0.0,0.0,1732.4082137145047
13924,2017-04-26,1983.04298487049,181.4495279139146,3490.156120626653,415.8720633181761,3743.734973155025,-250.2769221124957,-250.2769221124957,-250.2769221124957,-250.2769221124957,-250.2769221124957,-250.2769221124957,0.0,0.0,0.0,1732.7660627579944
13925,2017-04-27,1983.189982897114,159.92278560629197,3490.5786458596126,415.037272563707,3745.2171994617,-250.0654380393702,-250.0654380393702,-250.0654380393702,-250.0654380393702,-250.0654380393702,-250.0654380393702,0.0,0.0,0.0,1733.1245448577438
13926,2017-04-28,1983.3369809237379,187.94935960682216,3484.240990500245,414.2341975691545,3746.699425768371,-249.85332801032263,-249.85332801032263,-249.85332801032263,-249.85332801032263,-249.85332801032263,-249.85332801032263,0.0,0.0,0.0,1733.4836529134152
13927,2017-05-01,1983.77797500361,178.30818866322647,3507.748644869524,411.8723966667371,3751.146104688393,-249.2133130608178,-249.2133130608178,-249.2133130608178,-249.2133130608178,-249.2133130608178,-249.2133130608178,0.0,0.0,0.0,1734.564661942792
13928,2017-05-02,1983.924973030234,166.9456465577214,3507.5189839561854,411.08512969926454,3752.628330995064,-248.99877003661115,-248.99877003661115,-248.99877003661115,-248.99877003661115,-248.99877003661115,-248.99877003661115,0.0,0.0,0.0,1734.9262029936228
13929,2017-05-03,1984.0719710568578,152.61728602354702,3511.720080423807,410.29786273179195,3754.1105573017394,-248.78363642549965,-248.78363642549965,-248.78363642549965,-248.78363642549965,-248.78363642549965,-248.78363642549965,0.0,0.0,0.0,1735.288334631358
13930,2017-05-04,1984.2189690834819,162.33423902510046,3504.397803883528,409.5105957643219,3755.5927836084147,-248.56791927352975,-248.56791927352975,-248.56791927352975,-248.56791927352975,-248.56791927352975,-248.56791927352975,0.0,0.0,0.0,1735.6510498099522
13931,2017-05-05,1984.3659671101059,159.48181322773308,3530.0052402735687,408.7233287968494,3757.0750099150855,-248.3516256170907,-248.3516256170907,-248.3516256170907,-248.3516256170907,-248.3516256170907,-248.3516256170907,0.0,0.0,0.0,1736.0143414930153
13932,2017-05-08,1984.8069611899778,175.29918689638396,3522.5470431948866,406.36152789443196,3760.4894850953333,-247.6993558363839,-247.6993558363839,-247.6993558363839,-247.6993558363839,-247.6993558363839,-247.6993558363839,0.0,0.0,0.0,1737.107605353594
13933,2017-05-09,1984.953959216602,177.39761221244163,3523.9678860513054,405.57426092695937,3761.1918789693605,-247.48082632680124,-247.48082632680124,-247.48082632680124,-247.48082632680124,-247.48082632680124,-247.48082632680124,0.0,0.0,0.0,1737.4731328898008
13934,2017-05-10,1985.100957243226,157.05220611373778,3498.063737747958,404.78699395948934,3761.8942728433894,-247.26175534382443,-247.26175534382443,-247.26175534382443,-247.26175534382443,-247.26175534382443,-247.26175534382443,0.0,0.0,0.0,1737.8392018994016
13935,2017-05-11,1985.24795526985,164.1564885315226,3524.834609636835,403.9997269920168,3762.596666717418,-247.04214986229667,-247.04214986229667,-247.04214986229667,-247.04214986229667,-247.04214986229667,-247.04214986229667,0.0,0.0,0.0,1738.2058054075535
13936,2017-05-12,1985.3949532964741,151.65373785161538,3523.0102534516527,403.2124600245442,3763.2990605914456,-246.8220168462061,-246.8220168462061,-246.8220168462061,-246.8220168462061,-246.8220168462061,-246.8220168462061,0.0,0.0,0.0,1738.5729364502681
13937,2017-05-15,1985.835947376346,139.7182641949032,3522.355559677793,400.8506591221268,3765.4062422135307,-246.1585220640766,-246.1585220640766,-246.1585220640766,-246.1585220640766,-246.1585220640766,-246.1585220640766,0.0,0.0,0.0,1739.6774253122694
13938,2017-05-16,1985.98294540297,150.67843252170434,3526.449516263536,400.06339215465675,3766.884534789112,-245.9363483266223,-245.9363483266223,-245.9363483266223,-245.9363483266223,-245.9363483266223,-245.9363483266223,0.0,0.0,0.0,1740.0465970763478
13939,2017-05-17,1986.1299434295947,159.09672774390816,3519.8397704395675,399.3810924618596,3768.5022375569556,-245.71368170582713,-245.71368170582713,-245.71368170582713,-245.71368170582713,-245.71368170582713,-245.71368170582713,0.0,0.0,0.0,1740.4162617237675
13940,2017-05-18,1986.2769414562185,146.41786785073262,3524.7591865578415,398.8511683179163,3770.119940324788,-245.4905290970209,-245.4905290970209,-245.4905290970209,-245.4905290970209,-245.4905290970209,-245.4905290970209,0.0,0.0,0.0,1740.7864123591976
13941,2017-05-19,1986.4239394828426,165.08738374761543,3540.6833137104845,398.3212441739729,3771.7376430926206,-245.26689738350206,-245.26689738350206,-245.26689738350206,-245.26689738350206,-245.26689738350206,-245.26689738350206,0.0,0.0,0.0,1741.1570420993405
13942,2017-05-22,1986.8649335627144,172.16765401980365,3509.010142619194,396.7314717421432,3776.5907513961233,-244.5931962637725,-244.5931962637725,-244.5931962637725,-244.5931962637725,-244.5931962637725,-244.5931962637725,0.0,0.0,0.0,1742.2717372989418
13943,2017-05-23,1987.0119315893385,132.9276584910982,3532.109658876926,396.20154759820116,3778.2084541639556,-244.36771671805548,-244.36771671805548,-244.36771671805548,-244.36771671805548,-244.36771671805548,-244.36771671805548,0.0,0.0,0.0,1742.644214871283
13944,2017-05-24,1987.1589296159625,171.63572218373935,3529.4014596157326,395.67162345425777,3779.797461603186,-244.14179229792742,-244.14179229792742,-244.14179229792742,-244.14179229792742,-244.14179229792742,-244.14179229792742,0.0,0.0,0.0,1743.017137318035
13945,2017-05-25,1987.3059276425865,170.73068185783552,3544.740237393611,395.14169931031444,3781.327899958876,-243.91542981106167,-243.91542981106167,-243.91542981106167,-243.91542981106167,-243.91542981106167,-243.91542981106167,0.0,0.0,0.0,1743.390497831525
13946,2017-05-26,1987.4529256692106,172.7155970002437,3521.8858680517255,394.6117751663711,3782.85833831457,-243.68863605195543,-243.68863605195543,-243.68863605195543,-243.68863605195543,-243.68863605195543,-243.68863605195543,0.0,0.0,0.0,1743.7642896172551
13947,2017-05-30,1988.0409177757065,150.60409979315074,3543.626239233226,392.4920785905993,3788.9800917373277,-242.77728371287859,-242.77728371287859,-242.77728371287859,-242.77728371287859,-242.77728371287859,-242.77728371287859,0.0,0.0,0.0,1745.2636340628278
13948,2017-05-31,1988.1879158023303,156.1905219361765,3564.7034738725006,391.962154446656,3790.510530093017,-242.5484350375854,-242.5484350375854,-242.5484350375854,-242.5484350375854,-242.5484350375854,-242.5484350375854,0.0,0.0,0.0,1745.6394807647448
13949,2017-06-01,1988.3349138289543,130.52313206793943,3544.8600118443705,391.4322303027126,3792.0409684487113,-242.31919557132358,-242.31919557132358,-242.31919557132358,-242.31919557132358,-242.31919557132358,-242.31919557132358,0.0,0.0,0.0,1746.0157182576309
13950,2017-06-02,1988.4819118555783,154.64427732856967,3545.4036968916,390.90230615876925,3793.065798927178,-242.08957201186126,-242.08957201186126,-242.08957201186126,-242.08957201186126,-242.08957201186126,-242.08957201186126,0.0,0.0,0.0,1746.392339843717
13951,2017-06-05,1988.9229059354507,159.14599403148839,3543.4523882779145,389.3125337269408,3795.4614416839318,-241.39846353419804,-241.39846353419804,-241.39846353419804,-241.39846353419804,-241.39846353419804,-241.39846353419804,0.0,0.0,0.0,1747.5244424012526
13952,2017-06-06,1989.0699039620747,124.53800381479739,3547.603514735966,388.78260958299745,3796.2292703490216,-241.1673702881769,-241.1673702881769,-241.1673702881769,-241.1673702881769,-241.1673702881769,-241.1673702881769,0.0,0.0,0.0,1747.9025336738978
13953,2017-06-07,1989.2169019886985,137.5590518823975,3552.2221960682136,388.2526854390541,3796.91384659974,-240.93592621784808,-240.93592621784808,-240.93592621784808,-240.93592621784808,-240.93592621784808,-240.93592621784808,0.0,0.0,0.0,1748.2809757708505
13954,2017-06-08,1989.3639000153225,165.96263180908784,3563.7398878987715,387.722761295111,3797.598422850458,-240.70413793190784,-240.70413793190784,-240.70413793190784,-240.70413793190784,-240.70413793190784,-240.70413793190784,0.0,0.0,0.0,1748.6597620834148
13955,2017-06-09,1989.5108980419466,129.75785714196076,3553.3660789038995,387.19283715116774,3799.0817519047655,-240.47201202366492,-240.47201202366492,-240.47201202366492,-240.47201202366492,-240.47201202366492,-240.47201202366492,0.0,0.0,0.0,1749.0388860182816
13956,2017-06-12,1989.9518921218184,158.8983455922068,3565.019254879942,385.60306471933893,3802.9174514982014,-239.7736742641585,-239.7736742641585,-239.7736742641585,-239.7736742641585,-239.7736742641585,-239.7736742641585,0.0,0.0,0.0,1750.17821785766
13957,2017-06-13,1990.0988901484425,161.99049154260052,3577.0232439606466,385.07314057539566,3803.5500922376414,-239.5402634866595,-239.5402634866595,-239.5402634866595,-239.5402634866595,-239.5402634866595,-239.5402634866595,0.0,0.0,0.0,1750.558626661783
13958,2017-06-14,1990.2458881750665,149.75500271878403,3581.5107655051893,384.54321643145255,3804.1827329770836,-239.3065478172233,-239.3065478172233,-239.3065478172233,-239.3065478172233,-239.3065478172233,-239.3065478172233,0.0,0.0,0.0,1750.9393403578433
13959,2017-06-15,1990.3928862016903,144.04267040882533,3552.356842178104,384.0132922875093,3804.815373716524,-239.07253375362245,-239.07253375362245,-239.07253375362245,-239.07253375362245,-239.07253375362245,-239.07253375362245,0.0,0.0,0.0,1751.3203524480678
13960,2017-06-16,1990.539884228315,155.6607241642726,3555.0100478174422,383.48336814356435,3805.4480144559675,-238.8382277771848,-238.8382277771848,-238.8382277771848,-238.8382277771848,-238.8382277771848,-238.8382277771848,0.0,0.0,0.0,1751.7016564511302
13961,2017-06-19,1990.9808783081871,144.13469644074948,3555.965453964796,381.89359571173435,3807.34593667429,-238.13362293421767,-238.13362293421767,-238.13362293421767,-238.13362293421767,-238.13362293421767,-238.13362293421767,0.0,0.0,0.0,1752.8472553739693
13962,2017-06-20,1991.127876334811,169.13840508901865,3570.295292733267,381.36367156779255,3807.9785774137304,-237.8982137854746,-237.8982137854746,-237.8982137854746,-237.8982137854746,-237.8982137854746,-237.8982137854746,0.0,0.0,0.0,1753.2296625493364
13963,2017-06-21,1991.274874361435,136.84232147021532,3572.858354642618,380.83374742384916,3808.611218153172,-237.66254487857347,-237.66254487857347,-237.66254487857347,-237.66254487857347,-237.66254487857347,-237.66254487857347,0.0,0.0,0.0,1753.6123294828615
13964,2017-06-22,1991.421872388059,115.18362361616417,3582.2378578332246,380.3038232799059,3809.2438588926125,-237.4266225930302,-237.4266225930302,-237.4266225930302,-237.4266225930302,-237.4266225930302,-237.4266225930302,0.0,0.0,0.0,1753.9952497950287
13965,2017-06-23,1991.568870414683,154.6015451994862,3602.4640554574744,379.77389913596255,3809.8764996320533,-237.19045329088172,-237.19045329088172,-237.19045329088172,-237.19045329088172,-237.19045329088172,-237.19045329088172,0.0,0.0,0.0,1754.3784171238012
13966,2017-06-26,1992.009864494555,166.68614564363457,3597.794940744617,378.18412670413403,3813.0710361934766,-236.4805266399369,-236.4805266399369,-236.4805266399369,-236.4805266399369,-236.4805266399369,-236.4805266399369,0.0,0.0,0.0,1755.529337854618
13967,2017-06-27,1992.156862521179,147.1326446205762,3569.618419960793,377.6542025601907,3815.236081821635,-236.24343253708642,-236.24343253708642,-236.24343253708642,-236.24343253708642,-236.24343253708642,-236.24343253708642,0.0,0.0,0.0,1755.9134299840925
13968,2017-06-28,1992.3038605478027,145.55714802294918,3586.9603178219995,377.12427841624736,3817.4011274497975,-236.00612296057776,-236.00612296057776,-236.00612296057776,-236.00612296057776,-236.00612296057776,-236.00612296057776,0.0,0.0,0.0,1756.297737587225
13969,2017-06-29,1992.4508585744268,136.59616347658658,3599.7517992792796,376.59435427230403,3819.566173077956,-235.76860416455824,-235.76860416455824,-235.76860416455824,-235.76860416455824,-235.76860416455824,-235.76860416455824,0.0,0.0,0.0,1756.6822544098686
13970,2017-06-30,1992.5978566010508,146.903432470899,3577.4855036593535,376.0644301283607,3821.7312187061198,-235.5308823846944,-235.5308823846944,-235.5308823846944,-235.5308823846944,-235.5308823846944,-235.5308823846944,0.0,0.0,0.0,1757.0669742163564
13971,2017-07-03,1993.0388506809231,140.1252652208989,3601.1542873219287,374.47465769653223,3828.2263555905984,-234.81656121865007,-234.81656121865007,-234.81656121865007,-234.81656121865007,-234.81656121865007,-234.81656121865007,0.0,0.0,0.0,1758.222289462273
13972,2017-07-05,1993.332846734171,143.51903150496372,3578.3607893762796,373.4151538404742,3832.556446846925,-234.3394456652056,-234.3394456652056,-234.3394456652056,-234.3394456652056,-234.3394456652056,-234.3394456652056,0.0,0.0,0.0,1758.9934010689653
13973,2017-07-06,1993.479844760795,130.39565135245152,3592.063845384688,372.98178143238243,3834.666168047567,-234.10063587910497,-234.10063587910497,-234.10063587910497,-234.10063587910497,-234.10063587910497,-234.10063587910497,0.0,0.0,0.0,1759.37920888169
13974,2017-07-07,1993.626842787419,141.66675775339104,3591.570800713298,372.54840902429066,3836.774829761292,-233.8616662298438,-233.8616662298438,-233.8616662298438,-233.8616662298438,-233.8616662298438,-233.8616662298438,0.0,0.0,0.0,1759.7651765575752
13975,2017-07-10,1994.067836867291,137.29859996373807,3609.482340403545,371.24829180001666,3843.100814902456,-233.14385883326912,-233.14385883326912,-233.14385883326912,-233.14385883326912,-233.14385883326912,-233.14385883326912,0.0,0.0,0.0,1760.9239780340217
13976,2017-07-11,1994.214834893915,154.30825403460966,3612.4477659041468,370.81491939192483,3845.209476616181,-232.90431036246483,-232.90431036246483,-232.90431036246483,-232.90431036246483,-232.90431036246483,-232.90431036246483,0.0,0.0,0.0,1761.31052453145
13977,2017-07-12,1994.361832920539,159.1434286287444,3629.672211993369,370.38154698383306,3847.3181383299006,-232.66463224451533,-232.66463224451533,-232.66463224451533,-232.66463224451533,-232.66463224451533,-232.66463224451533,0.0,0.0,0.0,1761.6972006760236
13978,2017-07-13,1994.508830947163,131.94032525326787,3599.766697926908,369.94817457574135,3849.4268000436255,-232.42483046243728,-232.42483046243728,-232.42483046243728,-232.42483046243728,-232.42483046243728,-232.42483046243728,0.0,0.0,0.0,1762.0840004847257
13979,2017-07-14,1994.6558289737868,141.73608609417423,3598.070662292522,369.5148021676496,3851.5354617573453,-232.18491097888668,-232.18491097888668,-232.18491097888668,-232.18491097888668,-232.18491097888668,-232.18491097888668,0.0,0.0,0.0,1762.4709179949002
13980,2017-07-17,1995.0968230536596,135.66717490786152,3612.0003863924794,368.2146849433731,3857.8614468985247,-231.46450563770563,-231.46450563770563,-231.46450563770563,-231.46450563770563,-231.46450563770563,-231.46450563770563,0.0,0.0,0.0,1763.632317415954
13981,2017-07-18,1995.2438210802834,142.61351339688161,3606.5290923980233,367.7813125352826,3859.9701086122445,-231.22417456294238,-231.22417456294238,-231.22417456294238,-231.22417456294238,-231.22417456294238,-231.22417456294238,0.0,0.0,0.0,1764.019646517341
13982,2017-07-19,1995.3908191069074,136.18793552424378,3626.266167842454,367.3479401271908,3861.9926772617546,-230.98375528996624,-230.98375528996624,-230.98375528996624,-230.98375528996624,-230.98375528996624,-230.98375528996624,0.0,0.0,0.0,1764.4070638169412
13983,2017-07-20,1995.5378171335315,135.19422193539498,3624.571604058923,366.914567719099,3863.1674935033425,-230.7432536565409,-230.7432536565409,-230.7432536565409,-230.7432536565409,-230.7432536565409,-230.7432536565409,0.0,0.0,0.0,1764.7945634769906
13984,2017-07-21,1995.6848151601555,137.98543173432424,3624.3863530556473,366.48119531100724,3864.3423097449304,-230.50267547917096,-230.50267547917096,-230.50267547917096,-230.50267547917096,-230.50267547917096,-230.50267547917096,0.0,0.0,0.0,1765.1821396809846
13985,2017-07-24,1996.1258092400274,147.48192411774687,3635.3016169770826,365.18107808673324,3867.459068202069,-229.78053952699338,-229.78053952699338,-229.78053952699338,-229.78053952699338,-229.78053952699338,-229.78053952699338,0.0,0.0,0.0,1766.345269713034
13986,2017-07-25,1996.2728072666514,136.41674557676174,3628.585658217775,364.74770567864147,3868.484192136088,-229.539712909437,-229.539712909437,-229.539712909437,-229.539712909437,-229.539712909437,-229.539712909437,0.0,0.0,0.0,1766.7330943572144
13987,2017-07-26,1996.4198052932754,149.62638379679993,3635.725896068345,364.3143332705497,3869.509316070104,-229.29883850729482,-229.29883850729482,-229.29883850729482,-229.29883850729482,-229.29883850729482,-229.29883850729482,0.0,0.0,0.0,1767.1209667859807
13988,2017-07-27,1996.5668033198997,162.81720051856524,3628.794729141019,363.8809608624579,3870.530288062426,-229.05792200695646,-229.05792200695646,-229.05792200695646,-229.05792200695646,-229.05792200695646,-229.05792200695646,0.0,0.0,0.0,1767.5088813129432
13989,2017-07-28,1996.7138013465237,138.81588925876534,3614.694958292047,363.4475884543661,3871.5502740785823,-228.8169690726973,-228.8169690726973,-228.8169690726973,-228.8169690726973,-228.8169690726973,-228.8169690726973,0.0,0.0,0.0,1767.8968322738265
13990,2017-07-31,1997.1547954263956,159.09361163799406,3645.1787043789777,362.8273087024801,3874.0165440075402,-228.09394797507048,-228.09394797507048,-228.09394797507048,-228.09394797507048,-228.09394797507048,-228.09394797507048,0.0,0.0,0.0,1769.0608474513251
13991,2017-08-01,1997.3017934530196,143.2030295502899,3610.2727781655926,362.9090073576716,3874.6987720688307,-227.8529055016062,-227.8529055016062,-227.8529055016062,-227.8529055016062,-227.8529055016062,-227.8529055016062,0.0,0.0,0.0,1769.4488879514133
13992,2017-08-02,1997.4487914796437,116.58469367499357,3619.514324546343,362.9907060128629,3875.3810001301235,-227.6118545798606,-227.6118545798606,-227.6118545798606,-227.6118545798606,-227.6118545798606,-227.6118545798606,0.0,0.0,0.0,1769.836936899783
13993,2017-08-03,1997.5957895062675,129.5131600186892,3657.285521150813,363.0724046680545,3876.0632281914145,-227.37080073899745,-227.37080073899745,-227.37080073899745,-227.37080073899745,-227.37080073899745,-227.37080073899745,0.0,0.0,0.0,1770.2249887672701
13994,2017-08-04,1997.7427875328915,136.54964498850978,3636.240880598746,363.1541033232457,3876.745456252705,-227.12974948525843,-227.12974948525843,-227.12974948525843,-227.12974948525843,-227.12974948525843,-227.12974948525843,0.0,0.0,0.0,1770.6130380476332
13995,2017-08-07,1998.1837816127634,145.20652807794806,3619.9544094057624,363.3991992888199,3878.7921404365793,-226.40666596301972,-226.40666596301972,-226.40666596301972,-226.40666596301972,-226.40666596301972,-226.40666596301972,0.0,0.0,0.0,1771.7771156497436
13996,2017-08-08,1998.3307796393874,122.28082053144419,3631.14558215867,363.4808979440115,3879.4743684978725,-226.1656796578325,-226.1656796578325,-226.1656796578325,-226.1656796578325,-226.1656796578325,-226.1656796578325,0.0,0.0,0.0,1772.165099981555
13997,2017-08-09,1998.4777776660114,117.66587809568732,3655.846623125306,363.5625965992027,3880.1565965591626,-225.92472312323278,-225.92472312323278,-225.92472312323278,-225.92472312323278,-225.92472312323278,-225.92472312323278,0.0,0.0,0.0,1772.5530545427787
13998,2017-08-10,1998.6247756926355,137.04367503556892,3660.421311328295,363.64429525439425,3880.838824620453,-225.6838017255903,-225.6838017255903,-225.6838017255903,-225.6838017255903,-225.6838017255903,-225.6838017255903,0.0,0.0,0.0,1772.9409739670452
13999,2017-08-11,1998.7717737192593,129.42919754750136,3636.7696677654662,363.72599390958555,3881.5210526817464,-225.44292080758214,-225.44292080758214,-225.44292080758214,-225.44292080758214,-225.44292080758214,-225.44292080758214,0.0,0.0,0.0,1773.3288529116771
14000,2017-08-14,1999.2127677991314,135.40263605404326,3634.2146662149744,363.9192168953174,3883.5677368656206,-224.7205740004488,-224.7205740004488,-224.7205740004488,-224.7205740004488,-224.7205740004488,-224.7205740004488,0.0,0.0,0.0,1774.4921937986826
14001,2017-08-15,1999.3597658257556,158.0826116678744,3643.393321331024,363.38255940032064,3884.249964926911,-224.47990795010767,-224.47990795010767,-224.47990795010767,-224.47990795010767,-224.47990795010767,-224.47990795010767,0.0,0.0,0.0,1774.879857875648
14002,2017-08-16,1999.50676385238,120.38265946535935,3636.2246756119166,362.8459019053213,3884.9321929882044,-224.23930873363955,-224.23930873363955,-224.23930873363955,-224.23930873363955,-224.23930873363955,-224.23930873363955,0.0,0.0,0.0,1775.2674551187404
14003,2017-08-17,1999.653761879004,125.3379114153335,3654.6961229798258,362.30924441032334,3885.6144210494977,-223.99878154933575,-223.99878154933575,-223.99878154933575,-223.99878154933575,-223.99878154933575,-223.99878154933575,0.0,0.0,0.0,1775.6549803296682
14004,2017-08-18,1999.800759905628,117.20239143646181,3641.16092486748,361.7725869153266,3886.296649110788,-223.7583315710577,-223.7583315710577,-223.7583315710577,-223.7583315710577,-223.7583315710577,-223.7583315710577,0.0,0.0,0.0,1776.0424283345703
14005,2017-08-21,2000.2417539854998,113.66384462985901,3643.571870376892,360.16261443033545,3888.343333294662,-223.03749624249647,-223.03749624249647,-223.03749624249647,-223.03749624249647,-223.03749624249647,-223.03749624249647,0.0,0.0,0.0,1777.2042577430034
14006,2017-08-22,2000.3887520121239,158.28944057242435,3676.901747536916,359.62595693533746,3889.2069426392136,-222.79740633490306,-222.79740633490306,-222.79740633490306,-222.79740633490306,-222.79740633490306,-222.79740633490306,0.0,0.0,0.0,1777.5913456772207
14007,2017-08-23,2000.5357500387481,135.35271523715852,3664.095479566897,359.08929944034077,3890.782499820326,-222.55741913274537,-222.55741913274537,-222.55741913274537,-222.55741913274537,-222.55741913274537,-222.55741913274537,0.0,0.0,0.0,1777.9783309060028
14008,2017-08-24,2000.6827480653722,129.56737344512683,3678.3815393915565,358.5526419453441,3891.7927976713504,-222.31753966123512,-222.31753966123512,-222.31753966123512,-222.31753966123512,-222.31753966123512,-222.31753966123512,0.0,0.0,0.0,1778.365208404137
14009,2017-08-25,2000.8297460919962,144.95443319522994,3679.5353559263126,358.01598445034614,3892.6153878666314,-222.07777292046674,-222.07777292046674,-222.07777292046674,-222.07777292046674,-222.07777292046674,-222.07777292046674,0.0,0.0,0.0,1778.7519731715295
14010,2017-08-28,2001.270740171868,138.96001785358328,3657.222164046631,356.4060119653549,3895.083158452473,-221.35919870483636,-221.35919870483636,-221.35919870483636,-221.35919870483636,-221.35919870483636,-221.35919870483636,0.0,0.0,0.0,1779.9115414670316
14011,2017-08-29,2001.417738198492,127.85026173424268,3658.976334347509,355.86935447035825,3895.9057486477536,-221.119932382358,-221.119932382358,-221.119932382358,-221.119932382358,-221.119932382358,-221.119932382358,0.0,0.0,0.0,1780.297805816134
14012,2017-08-30,2001.5647362251161,131.6425015865833,3646.5752550137668,355.3326969753615,3896.7283388430346,-220.88080341106075,-220.88080341106075,-220.88080341106075,-220.88080341106075,-220.88080341106075,-220.88080341106075,0.0,0.0,0.0,1780.6839328140554
14013,2017-08-31,2001.71173425174,119.92912394386578,3676.9379106452006,354.79603948036356,3897.5509290383147,-220.64181663837755,-220.64181663837755,-220.64181663837755,-220.64181663837755,-220.64181663837755,-220.64181663837755,0.0,0.0,0.0,1781.0699176133623
14014,2017-09-01,2001.858732278364,138.63657372208104,3682.7301264763687,354.2593819853669,3898.373519233595,-220.40297688597764,-220.40297688597764,-220.40297688597764,-220.40297688597764,-220.40297688597764,-220.40297688597764,0.0,0.0,0.0,1781.4557553923864
14015,2017-09-05,2002.4467243848599,119.88129909345217,3668.326414579138,352.1127520053777,3901.6638800147175,-219.44918360595992,-219.44918360595992,-219.44918360595992,-219.44918360595992,-219.44918360595992,-219.44918360595992,0.0,0.0,0.0,1782.9975407789
14016,2017-09-06,2002.593722411484,111.65460822011113,3676.5365050219875,351.576094510381,3902.4558280925453,-219.21115037215282,-219.21115037215282,-219.21115037215282,-219.21115037215282,-219.21115037215282,-219.21115037215282,0.0,0.0,0.0,1783.382572039331
14017,2017-09-07,2002.740720438108,140.39368603222067,3674.233124123592,351.0394370153843,3903.2172590381483,-218.97329254271162,-218.97329254271162,-218.97329254271162,-218.97329254271162,-218.97329254271162,-218.97329254271162,0.0,0.0,0.0,1783.7674278953964
14018,2017-09-08,2002.887718464732,106.14514480037195,3674.6296196883995,350.5027795203863,3903.978689983751,-218.73561475652653,-218.73561475652653,-218.73561475652653,-218.73561475652653,-218.73561475652653,-218.73561475652653,0.0,0.0,0.0,1784.1521037082055
14019,2017-09-11,2003.328712544604,112.74702142409438,3671.3034359457506,348.8928070353951,3906.2629828205604,-218.02370764918805,-218.02370764918805,-218.02370764918805,-218.02370764918805,-218.02370764918805,-218.02370764918805,0.0,0.0,0.0,1785.305004895416
14020,2017-09-12,2003.475710571228,123.20394243825677,3715.7089992602628,348.3561495403984,3907.0244137661634,-217.7867958947306,-217.7867958947306,-217.7867958947306,-217.7867958947306,-217.7867958947306,-217.7867958947306,0.0,0.0,0.0,1785.6889146764975
14021,2017-09-13,2003.6227085978521,106.29245193897363,3672.3798767498433,347.81949204540047,3907.785844711767,-217.5500869796267,-217.5500869796267,-217.5500869796267,-217.5500869796267,-217.5500869796267,-217.5500869796267,0.0,0.0,0.0,1786.0726216182254
14022,2017-09-14,2003.7697066244762,127.87176053678022,3681.8105502016333,347.2828345504038,3908.54727565737,-217.31358538286463,-217.31358538286463,-217.31358538286463,-217.31358538286463,-217.31358538286463,-217.31358538286463,0.0,0.0,0.0,1786.4561212416115
14023,2017-09-15,2003.9167046511004,137.22506679751464,3690.146216409451,346.7461770554044,3909.308706602976,-217.077295556508,-217.077295556508,-217.077295556508,-217.077295556508,-217.077295556508,-217.077295556508,0.0,0.0,0.0,1786.8394090945924
14024,2017-09-18,2004.3576987309723,112.23093343393987,3689.0410971573347,345.1362045704132,3911.5929994397848,-216.36974081503172,-216.36974081503172,-216.36974081503172,-216.36974081503172,-216.36974081503172,-216.36974081503172,0.0,0.0,0.0,1787.9879579159406
14025,2017-09-19,2004.5046967575968,98.47276363568389,3682.086008701303,344.5995470754165,3912.3544303853882,-216.1343420497757,-216.1343420497757,-216.1343420497757,-216.1343420497757,-216.1343420497757,-216.1343420497757,0.0,0.0,0.0,1788.370354707821
14026,2017-09-20,2004.6516947842206,137.4201234094,3698.0179511836704,344.0628895804185,3913.1158613309913,-215.89917690872596,-215.89917690872596,-215.89917690872596,-215.89917690872596,-215.89917690872596,-215.89917690872596,0.0,0.0,0.0,1788.7525178754945
14027,2017-09-21,2004.7986928108446,97.4242344153836,3703.078818994388,343.52623208542184,3913.8772922765943,-215.6642496808245,-215.6642496808245,-215.6642496808245,-215.6642496808245,-215.6642496808245,-215.6642496808245,0.0,0.0,0.0,1789.1344431300201
14028,2017-09-22,2004.9456908374686,98.77916348692186,3705.3114256800086,342.98957459042515,3914.6387232221973,-215.42956462757374,-215.42956462757374,-215.42956462757374,-215.42956462757374,-215.42956462757374,-215.42956462757374,0.0,0.0,0.0,1789.516126209895
14029,2017-09-25,2005.3866849173405,96.56171747258774,3691.231754397124,341.37960210543275,3916.9230160590064,-214.7270047176995,-214.7270047176995,-214.7270047176995,-214.7270047176995,-214.7270047176995,-214.7270047176995,0.0,0.0,0.0,1790.6596801996411
14030,2017-09-26,2005.5336829439645,82.44656761240302,3689.7177781649407,340.842944610436,3917.68444700461,-214.49333042686237,-214.49333042686237,-214.49333042686237,-214.49333042686237,-214.49333042686237,-214.49333042686237,0.0,0.0,0.0,1791.0403525171023
14031,2017-09-27,2005.6806809705886,141.54972393100357,3703.1276627405596,340.30628711543926,3918.445877950213,-214.25991920418434,-214.25991920418434,-214.25991920418434,-214.25991920418434,-214.25991920418434,-214.25991920418434,0.0,0.0,0.0,1791.4207617664042
14032,2017-09-28,2005.8276789972126,99.99228298495896,3717.0794197568375,339.7696296204413,3919.207308895816,-214.0267751450989,-214.0267751450989,-214.0267751450989,-214.0267751450989,-214.0267751450989,-214.0267751450989,0.0,0.0,0.0,1791.8009038521136
14033,2017-09-29,2005.9746770238364,101.96266562405205,3694.0285390210524,339.23297212544463,3919.968739841419,-213.79390231712705,-213.79390231712705,-213.79390231712705,-213.79390231712705,-213.79390231712705,-213.79390231712705,0.0,0.0,0.0,1792.1807747067094
14034,2017-10-02,2006.4156711037085,101.72000696281644,3753.562261184344,337.6229996404535,3922.253032678228,-213.09695147519102,-213.09695147519102,-213.09695147519102,-213.09695147519102,-213.09695147519102,-213.09695147519102,0.0,0.0,0.0,1793.3187196285176
14035,2017-10-03,2006.5626691303323,110.21375638082118,3726.769443844363,337.08634214545543,3923.0144636238315,-212.86520368655297,-212.86520368655297,-212.86520368655297,-212.86520368655297,-212.86520368655297,-212.86520368655297,0.0,0.0,0.0,1793.6974654437793
14036,2017-10-04,2006.7096671569564,109.38826618132038,3720.6465676162406,336.54968465045874,3923.7758945694345,-212.63374704584044,-212.63374704584044,-212.63374704584044,-212.63374704584044,-212.63374704584044,-212.63374704584044,0.0,0.0,0.0,1794.075920111116
14037,2017-10-05,2006.8566651835804,94.50971485855847,3699.1495139726553,336.01302715546205,3924.5373255150375,-212.40258545183153,-212.40258545183153,-212.40258545183153,-212.40258545183153,-212.40258545183153,-212.40258545183153,0.0,0.0,0.0,1794.4540797317488
14038,2017-10-06,2007.0036632102044,98.16384273309474,3702.6694979042522,335.4763696604641,3925.2987564606406,-212.17172277497258,-212.17172277497258,-212.17172277497258,-212.17172277497258,-212.17172277497258,-212.17172277497258,0.0,0.0,0.0,1794.831940435232
14039,2017-10-09,2007.4446572900765,99.06997926358869,3720.9981792615863,333.86639717547285,3927.5830492974496,-211.4809665256091,-211.4809665256091,-211.4809665256091,-211.4809665256091,-211.4809665256091,-211.4809665256091,0.0,0.0,0.0,1795.9636907644674
14040,2017-10-10,2007.5916553167006,106.30704605054015,3707.657686125215,333.3297396804762,3928.344480243053,-211.25133765322644,-211.25133765322644,-211.25133765322644,-211.25133765322644,-211.25133765322644,-211.25133765322644,0.0,0.0,0.0,1796.340317663474
14041,2017-10-11,2007.7386533433246,89.43604376335668,3704.0137120168442,332.7930821854782,3929.105911188656,-211.02202662330885,-211.02202662330885,-211.02202662330885,-211.02202662330885,-211.02202662330885,-211.02202662330885,0.0,0.0,0.0,1796.7166267200157
14042,2017-10-12,2007.8856513699486,118.31710497560948,3751.1895765943973,331.93332663198805,3930.536681745769,-210.79303713515628,-210.79303713515628,-210.79303713515628,-210.79303713515628,-210.79303713515628,-210.79303713515628,0.0,0.0,0.0,1797.0926142347923
14043,2017-10-13,2008.0326493965727,103.94286080370658,3722.4967659890226,331.05942674903275,3932.3339049515894,-210.5643728593658,-210.5643728593658,-210.5643728593658,-210.5643728593658,-210.5643728593658,-210.5643728593658,0.0,0.0,0.0,1797.4682765372067
14044,2017-10-16,2008.4736434764452,75.95861292247109,3730.401289592187,328.4377271001643,3937.725574569052,-209.88036758044205,-209.88036758044205,-209.88036758044205,-209.88036758044205,-209.88036758044205,-209.88036758044205,0.0,0.0,0.0,1798.5932758960032
14045,2017-10-17,2008.6206415030692,82.2485440236862,3756.6160040977197,327.563827217209,3939.522797774872,-209.65304028415414,-209.65304028415414,-209.65304028415414,-209.65304028415414,-209.65304028415414,-209.65304028415414,0.0,0.0,0.0,1798.9676012189152
14046,2017-10-18,2008.767639529693,116.16634641246982,3744.0320523932633,326.6899273342537,3941.3200209806923,-209.4260561208643,-209.4260561208643,-209.4260561208643,-209.4260561208643,-209.4260561208643,-209.4260561208643,0.0,0.0,0.0,1799.3415834088287
14047,2017-10-19,2008.914637556317,81.46239853145016,3751.9586989904437,325.8160274512984,3943.117244186508,-209.19941858790585,-209.19941858790585,-209.19941858790585,-209.19941858790585,-209.19941858790585,-209.19941858790585,0.0,0.0,0.0,1799.7152189684111
14048,2017-10-20,2009.061635582941,73.70607764263806,3719.4744458117107,324.94212756834304,3944.9144673923292,-208.97313115357116,-208.97313115357116,-208.97313115357116,-208.97313115357116,-208.97313115357116,-208.97313115357116,0.0,0.0,0.0,1800.08850442937
14049,2017-10-23,2009.502629662813,113.54829076199098,3739.5973037750096,321.52617976098526,3950.3061370097853,-208.29640368877241,-208.29640368877241,-208.29640368877241,-208.29640368877241,-208.29640368877241,-208.29640368877241,0.0,0.0,0.0,1801.2062259740405
14050,2017-10-24,2009.649627689437,99.93692133407339,3748.842865880671,320.1828594860803,3952.1033602156053,-208.0715507496154,-208.0715507496154,-208.0715507496154,-208.0715507496154,-208.0715507496154,-208.0715507496154,0.0,0.0,0.0,1801.5780769398216
14051,2017-10-25,2009.796625716061,102.48198629325704,3760.365304828538,319.2092381522356,3953.9005834214263,-207.84706481349846,-207.84706481349846,-207.84706481349846,-207.84706481349846,-207.84706481349846,-207.84706481349846,0.0,0.0,0.0,1801.9495609025626
14052,2017-10-26,2009.943623742685,114.45556620145621,3752.7936448085884,318.61753030746644,3955.697806627247,-207.62294917361515,-207.62294917361515,-207.62294917361515,-207.62294917361515,-207.62294917361515,-207.62294917361515,0.0,0.0,0.0,1802.32067456907
14053,2017-10-27,2010.0906217693089,90.32734234388785,3761.4506473118645,318.02582246269674,3957.4950298330677,-207.39920709383344,-207.39920709383344,-207.39920709383344,-207.39920709383344,-207.39920709383344,-207.39920709383344,0.0,0.0,0.0,1802.6914146754755
14054,2017-10-30,2010.531615849181,91.19622425819323,3757.096962604321,315.6871586023233,3962.886699450524,-206.7302544132328,-206.7302544132328,-206.7302544132328,-206.7302544132328,-206.7302544132328,-206.7302544132328,0.0,0.0,0.0,1803.8013614359481
14055,2017-10-31,2010.6786138758048,109.34916530554342,3759.8048521572737,314.7209250457371,3964.6839226563443,-206.50803862488632,-206.50803862488632,-206.50803862488632,-206.50803862488632,-206.50803862488632,-206.50803862488632,0.0,0.0,0.0,1804.1705752509185
14056,2017-11-01,2010.8256119024288,63.707362168088125,3756.472472253825,313.7808591752386,3966.48114586216,-206.28621227493554,-206.28621227493554,-206.28621227493554,-206.28621227493554,-206.28621227493554,-206.28621227493554,0.0,0.0,0.0,1804.5393996274934
14057,2017-11-02,2010.9726099290529,88.23671104889374,3764.7610032295765,312.8407933047424,3968.2783690679803,-206.06477845058913,-206.06477845058913,-206.06477845058913,-206.06477845058913,-206.06477845058913,-206.06477845058913,0.0,0.0,0.0,1804.9078314784638
14058,2017-11-03,2011.119607955677,117.2167583788918,3747.833903778179,311.900727434244,3970.0755922738017,-205.84374020950347,-205.84374020950347,-205.84374020950347,-205.84374020950347,-205.84374020950347,-205.84374020950347,0.0,0.0,0.0,1805.2758677461736
14059,2017-11-06,2011.5606020355492,118.27912532526541,3788.603431770738,309.0805298227488,3975.4672618912577,-205.1830291183752,-205.1830291183752,-205.1830291183752,-205.1830291183752,-205.1830291183752,-205.1830291183752,0.0,0.0,0.0,1806.377572917174
14060,2017-11-07,2011.707600062173,105.02005722979862,3757.800068183653,308.1404639522501,3977.264485097078,-204.9636031947113,-204.9636031947113,-204.9636031947113,-204.9636031947113,-204.9636031947113,-204.9636031947113,0.0,0.0,0.0,1806.7439968674616
14061,2017-11-08,2011.854598088797,80.8576430369431,3781.4031590578506,307.2003980817517,3979.061708302899,-204.74458769821786,-204.74458769821786,-204.74458769821786,-204.74458769821786,-204.74458769821786,-204.74458769821786,0.0,0.0,0.0,1807.1100103905792
14062,2017-11-09,2012.001596115421,103.19941230703816,3776.4801337769213,306.2603322112533,3980.858931508719,-204.52598550861345,-204.52598550861345,-204.52598550861345,-204.52598550861345,-204.52598550861345,-204.52598550861345,0.0,0.0,0.0,1807.4756106068075
14063,2017-11-10,2012.148594142045,100.56847254935073,3769.3828309307896,305.3202663407548,3982.609500916452,-204.30779947587644,-204.30779947587644,-204.30779947587644,-204.30779947587644,-204.30779947587644,-204.30779947587644,0.0,0.0,0.0,1807.8407946661687
14064,2017-11-13,2012.589588221917,76.65669815650566,3775.8764003892006,302.5000687292593,3986.0301368052446,-203.65576637195275,-203.65576637195275,-203.65576637195275,-203.65576637195275,-203.65576637195275,-203.65576637195275,0.0,0.0,0.0,1808.9338218499643
14065,2017-11-14,2012.7365862485417,88.05991601848793,3774.9198095595666,301.5600028587581,3987.1703487681802,-203.43927287073728,-203.43927287073728,-203.43927287073728,-203.43927287073728,-203.43927287073728,-203.43927287073728,0.0,0.0,0.0,1809.2973133778044
14066,2017-11-15,2012.8835842751657,83.07725497977037,3773.146650716846,300.6199369882594,3988.310560731109,-203.2232093293077,-203.2232093293077,-203.2232093293077,-203.2232093293077,-203.2232093293077,-203.2232093293077,0.0,0.0,0.0,1809.660374945858
14067,2017-11-16,2013.0305823017895,72.0914607991354,3773.259122600739,299.6798711177609,3989.450772694041,-203.0075784187176,-203.0075784187176,-203.0075784187176,-203.0075784187176,-203.0075784187176,-203.0075784187176,0.0,0.0,0.0,1810.0230038830719
14068,2017-11-17,2013.1775803284136,96.05195976148943,3788.093745957268,298.7398052472625,3990.5909846569702,-202.79238278013077,-202.79238278013077,-202.79238278013077,-202.79238278013077,-202.79238278013077,-202.79238278013077,0.0,0.0,0.0,1810.3851975482828
14069,2017-11-20,2013.6185744082854,83.57449288419333,3780.0575368346845,295.9196076357695,3994.0116205457634,-202.14943345939443,-202.14943345939443,-202.14943345939443,-202.14943345939443,-202.14943345939443,-202.14943345939443,0.0,0.0,0.0,1811.469140948891
14070,2017-11-21,2013.7655724349095,92.35031171431802,3767.8797381575955,294.9795417652711,3995.1518325086954,-201.9360047221752,-201.9360047221752,-201.9360047221752,-201.9360047221752,-201.9360047221752,-201.9360047221752,0.0,0.0,0.0,1811.8295677127344
14071,2017-11-22,2013.9125704615335,80.00982073014181,3781.3963352852197,294.0394758947727,3996.2920444716246,-201.7230240139383,-201.7230240139383,-201.7230240139383,-201.7230240139383,-201.7230240139383,-201.7230240139383,0.0,0.0,0.0,1812.1895464475951
14072,2017-11-24,2014.2065665147813,81.46821659892252,3758.557605884007,292.15934415377586,3998.5724683974877,-201.29841650056582,-201.29841650056582,-201.29841650056582,-201.29841650056582,-201.29841650056582,-201.29841650056582,0.0,0.0,0.0,1812.9081500142156
14073,2017-11-27,2014.6475605946534,66.46388044503232,3799.140584651759,289.3391465422803,4001.993104286279,-200.66492601161778,-200.66492601161778,-200.66492601161778,-200.66492601161778,-200.66492601161778,-200.66492601161778,0.0,0.0,0.0,1813.9826345830356
14074,2017-11-28,2014.7945586212775,60.910260097806045,3764.169887585862,288.39908067178186,4003.0472685085692,-200.4546841198103,-200.4546841198103,-200.4546841198103,-200.4546841198103,-200.4546841198103,-200.4546841198103,0.0,0.0,0.0,1814.3398745014672
14075,2017-11-29,2014.9415566479013,71.40145630584789,3801.470245692987,287.45901480128344,4004.058318413465,-200.24490685780674,-200.24490685780674,-200.24490685780674,-200.24490685780674,-200.24490685780674,-200.24490685780674,0.0,0.0,0.0,1814.6966497900946
14076,2017-11-30,2015.0885546745258,83.74770444289176,3813.5827958272134,286.51894893078725,4005.069368318357,-200.03559647710222,-200.03559647710222,-200.03559647710222,-200.03559647710222,-200.03559647710222,-200.03559647710222,0.0,0.0,0.0,1815.0529581974235
14077,2017-12-01,2015.2355527011496,68.01334410749861,3799.2933088985887,285.57888306028883,4006.0804182232528,-199.82675519916307,-199.82675519916307,-199.82675519916307,-199.82675519916307,-199.82675519916307,-199.82675519916307,0.0,0.0,0.0,1815.4087975019866
14078,2017-12-04,2015.6765467810217,73.69797991030131,3808.6809226712708,282.7586854487936,4009.1135679379368,-199.20306774612288,-199.20306774612288,-199.20306774612288,-199.20306774612288,-199.20306774612288,-199.20306774612288,0.0,0.0,0.0,1816.473479034899
14079,2017-12-05,2015.8235448076455,72.39323447999662,3787.643426189028,281.8186195782949,4010.12461784283,-198.99612449325957,-198.99612449325957,-198.99612449325957,-198.99612449325957,-198.99612449325957,-198.99612449325957,0.0,0.0,0.0,1816.827420314386
14080,2017-12-06,2015.9705428342695,54.47901513472868,3823.4606539199376,280.87855370779647,4011.135667747725,-198.7896609999977,-198.7896609999977,-198.7896609999977,-198.7896609999977,-198.7896609999977,-198.7896609999977,0.0,0.0,0.0,1817.1808818342718
14081,2017-12-07,2016.1175408608935,71.45661912408049,3819.7178838191235,279.93848783729806,4012.1467176526185,-198.583679307605,-198.583679307605,-198.583679307605,-198.583679307605,-198.583679307605,-198.583679307605,0.0,0.0,0.0,1817.5338615532885
14082,2017-12-08,2016.2645388875176,51.03814328198422,3790.9287699730817,278.9984219667996,4013.1577675575136,-198.3781814273196,-198.3781814273196,-198.3781814273196,-198.3781814273196,-198.3781814273196,-198.3781814273196,0.0,0.0,0.0,1817.886357460198
14083,2017-12-11,2016.7055329673894,107.62543774252535,3812.922860215863,276.17822435530405,4016.190917272197,-197.76461032113943,-197.76461032113943,-197.76461032113943,-197.76461032113943,-197.76461032113943,-197.76461032113943,0.0,0.0,0.0,1818.94092264625
14084,2017-12-12,2016.8525309940135,72.60424424496857,3811.6310274284306,275.23815848480564,4017.160418766692,-197.56106720123796,-197.56106720123796,-197.56106720123796,-197.56106720123796,-197.56106720123796,-197.56106720123796,0.0,0.0,0.0,1819.2914637927756
14085,2017-12-13,2016.9995290206375,49.389728980718516,3827.3417366594954,274.29809261430967,4018.125641953261,-197.35801749936377,-197.35801749936377,-197.35801749936377,-197.35801749936377,-197.35801749936377,-197.35801749936377,0.0,0.0,0.0,1819.6415115212737
14086,2017-12-14,2017.146527047262,71.04172426509969,3799.177361407242,273.35802674380574,4019.090865139833,-197.1554630466946,-197.1554630466946,-197.1554630466946,-197.1554630466946,-197.1554630466946,-197.1554630466946,0.0,0.0,0.0,1819.9910640005673
14087,2017-12-15,2017.293525073886,63.23522409057276,3833.041274980611,272.4179608733073,4020.0560883264,-196.9534056444237,-196.9534056444237,-196.9534056444237,-196.9534056444237,-196.9534056444237,-196.9534056444237,0.0,0.0,0.0,1820.3401194294624
14088,2017-12-18,2017.7345191537581,43.65965199214705,3810.041097834945,269.5977632618143,4022.9517578861055,-196.35023330241654,-196.35023330241654,-196.35023330241654,-196.35023330241654,-196.35023330241654,-196.35023330241654,0.0,0.0,0.0,1821.3842858513417
14089,2017-12-19,2017.881517180382,67.19357720546638,3821.6227341778267,268.6576973913158,4023.9169810726744,-196.1501815143998,-196.1501815143998,-196.1501815143998,-196.1501815143998,-196.1501815143998,-196.1501815143998,0.0,0.0,0.0,1821.7313356659822
14090,2017-12-20,2018.028515207006,76.59367157933289,3807.4928345379517,267.71763152081735,4024.5231063772735,-195.95063533340257,-195.95063533340257,-195.95063533340257,-195.95063533340257,-195.95063533340257,-195.95063533340257,0.0,0.0,0.0,1822.0778798736035
14091,2017-12-21,2018.17551323363,66.95253608737413,3827.350016334742,266.77756565031893,4024.745430595831,-195.75159638097247,-195.75159638097247,-195.75159638097247,-195.75159638097247,-195.75159638097247,-195.75159638097247,0.0,0.0,0.0,1822.4239168526576
14092,2017-12-22,2018.322511260254,81.17451889681722,3825.048302853522,265.8374997798203,4024.9677548143873,-195.55306624876692,-195.55306624876692,-195.55306624876692,-195.55306624876692,-195.55306624876692,-195.55306624876692,0.0,0.0,0.0,1822.769445011487
14093,2017-12-26,2018.9105033667502,69.36885801545074,3845.359016792518,262.0772362978266,4025.857051688615,-194.76406471014445,-194.76406471014445,-194.76406471014445,-194.76406471014445,-194.76406471014445,-194.76406471014445,0.0,0.0,0.0,1824.1464386566058
14094,2017-12-27,2019.0575013933742,66.35606058345479,3814.932200016734,261.13717042732816,4026.079375907171,-194.56810150899435,-194.56810150899435,-194.56810150899435,-194.56810150899435,-194.56810150899435,-194.56810150899435,0.0,0.0,0.0,1824.48939988438
14095,2017-12-28,2019.2044994199982,69.32064540198454,3811.3210763016323,260.19710455683196,4026.2886898260867,-194.37265605132924,-194.37265605132924,-194.37265605132924,-194.37265605132924,-194.37265605132924,-194.37265605132924,0.0,0.0,0.0,1824.831843368669
14096,2017-12-29,2019.3514974466223,51.04923627531837,3836.1224941943565,259.25703868633354,4026.4639783919674,-194.17772972010076,-194.17772972010076,-194.17772972010076,-194.17772972010076,-194.17772972010076,-194.17772972010076,0.0,0.0,0.0,1825.1737677265214
14097,2018-01-02,2019.9394895531182,66.52604201260583,3823.3106440612023,255.4967752043396,4027.7262555965885,-193.40324227860185,-193.40324227860185,-193.40324227860185,-193.40324227860185,-193.40324227860185,-193.40324227860185,0.0,0.0,0.0,1826.5362472745164
14098,2018-01-03,2020.086487579742,46.88693996562198,3841.333382282989,254.55670933384118,4029.180787792305,-193.21093128420276,-193.21093128420276,-193.21093128420276,-193.21093128420276,-193.21093128420276,-193.21093128420276,0.0,0.0,0.0,1826.8755562955391
14099,2018-01-04,2020.233485606366,70.75547009176609,3843.8982670074147,253.61664346334277,4030.635319988022,-193.01914709053574,-193.01914709053574,-193.01914709053574,-193.01914709053574,-193.01914709053574,-193.01914709053574,0.0,0.0,0.0,1827.2143385158301
14100,2018-01-05,2020.38048363299,84.58664735293604,3849.7874236462058,252.67657759284432,4032.089852183733,-192.82789087299693,-192.82789087299693,-192.82789087299693,-192.82789087299693,-192.82789087299693,-192.82789087299693,0.0,0.0,0.0,1827.552592759993
14101,2018-01-08,2020.821477712862,68.90066845305758,3850.218373347384,249.8563799813488,4036.453448770878,-192.2573013882193,-192.2573013882193,-192.2573013882193,-192.2573013882193,-192.2573013882193,-192.2573013882193,0.0,0.0,0.0,1828.5641763246426
14102,2018-01-09,2020.968475739486,78.39673764380638,3839.834722282982,248.91631411085035,4037.9079809665946,-192.06816823885202,-192.06816823885202,-192.06816823885202,-192.06816823885202,-192.06816823885202,-192.06816823885202,0.0,0.0,0.0,1828.900307500634
14103,2018-01-10,2021.11547376611,72.5911319179564,3843.5925550610764,247.97624824035444,4039.362513162306,-191.8795685001477,-191.8795685001477,-191.8795685001477,-191.8795685001477,-191.8795685001477,-191.8795685001477,0.0,0.0,0.0,1829.2359052659622
14104,2018-01-11,2021.262471792734,74.3409309027349,3858.440768823842,247.03618236985602,4040.817045358023,-191.69150317074957,-191.69150317074957,-191.69150317074957,-191.69150317074957,-191.69150317074957,-191.69150317074957,0.0,0.0,0.0,1829.5709686219843
14105,2018-01-12,2021.4094698193578,51.00808955646528,3832.0138614731295,246.09611649935735,4042.0991605467525,-191.50397321996616,-191.50397321996616,-191.50397321996616,-191.50397321996616,-191.50397321996616,-191.50397321996616,0.0,0.0,0.0,1829.9054965993917
14106,2018-01-16,2021.9974619258544,33.44138893869899,3844.0243861654953,242.3358530173606,4044.8353225210867,-190.7592255642438,-190.7592255642438,-190.7592255642438,-190.7592255642438,-190.7592255642438,-190.7592255642438,0.0,0.0,0.0,1831.2382363616107
14107,2018-01-17,2022.1444599524784,48.91937548067703,3836.5608687343884,241.39578714686218,4045.5193630146705,-190.57438602180954,-190.57438602180954,-190.57438602180954,-190.57438602180954,-190.57438602180954,-190.57438602180954,0.0,0.0,0.0,1831.570073930669
14108,2018-01-18,2022.2914579791025,37.518048994832384,3829.8604411061065,240.45572127636376,4046.203403508253,-190.39008705978085,-190.39008705978085,-190.39008705978085,-190.39008705978085,-190.39008705978085,-190.39008705978085,0.0,0.0,0.0,1831.9013709193216
14109,2018-01-19,2022.4384560057265,38.05689505886888,3863.2778688457647,239.51565540586506,4046.8874440018353,-190.2063294431505,-190.2063294431505,-190.2063294431505,-190.2063294431505,-190.2063294431505,-190.2063294431505,0.0,0.0,0.0,1832.232126562576
14110,2018-01-22,2022.8794500855988,50.03974871978885,3812.0115282870206,236.6954577943698,4048.9395654825853,-189.65831188046633,-189.65831188046633,-189.65831188046633,-189.65831188046633,-189.65831188046633,-189.65831188046633,0.0,0.0,0.0,1833.2211382051325
14111,2018-01-23,2023.0264481122226,22.409577448203894,3874.102441469894,235.75539192387137,4049.6236059761673,-189.47672671551888,-189.47672671551888,-189.47672671551888,-189.47672671551888,-189.47672671551888,-189.47672671551888,0.0,0.0,0.0,1833.5497213967037
14112,2018-01-24,2023.1734461388467,58.42368457415564,3830.730617292106,234.81532605337264,4050.3076464697506,-189.2956862864438,-189.2956862864438,-189.2956862864438,-189.2956862864438,-189.2956862864438,-189.2956862864438,0.0,0.0,0.0,1833.877759852403
14113,2018-01-25,2023.3204441654707,52.52482760049896,3839.6341519239204,233.87526018287676,4050.9916869633344,-189.1151911847566,-189.1151911847566,-189.1151911847566,-189.1151911847566,-189.1151911847566,-189.1151911847566,0.0,0.0,0.0,1834.205252980714
14114,2018-01-26,2023.4674421920947,32.88948828294161,3875.108333483436,232.93519431237834,4051.6757274569163,-188.9352419732185,-188.9352419732185,-188.9352419732185,-188.9352419732185,-188.9352419732185,-188.9352419732185,0.0,0.0,0.0,1834.5322002188761
14115,2018-01-29,2023.9084362719666,15.441780495315372,3902.3668692003766,230.11499670088278,4053.5871531300136,-188.39867487689725,-188.39867487689725,-188.39867487689725,-188.39867487689725,-188.39867487689725,-188.39867487689725,0.0,0.0,0.0,1835.5097613950693
14116,2018-01-30,2024.0554342985906,25.26138914067941,3865.412259225538,229.17493083038434,4054.221917813506,-188.22091428029057,-188.22091428029057,-188.22091428029057,-188.22091428029057,-188.22091428029057,-188.22091428029057,0.0,0.0,0.0,1835.8345200183
14117,2018-01-31,2024.2024323252144,47.12232351914443,3835.2894042896905,228.23486495988593,4054.8566824969976,-188.0437019581187,-188.0437019581187,-188.0437019581187,-188.0437019581187,-188.0437019581187,-188.0437019581187,0.0,0.0,0.0,1836.1587303670958
14118,2018-02-01,2024.3494303518385,32.482651889311896,3870.3813125767274,227.29479908938748,4055.491447180489,-187.86703830169157,-187.86703830169157,-187.86703830169157,-187.86703830169157,-187.86703830169157,-187.86703830169157,0.0,0.0,0.0,1836.482392050147
14119,2018-02-02,2024.4964283784625,9.396816127880019,3862.6051586767835,226.35473321888907,4056.1262118639816,-187.69092367392787,-187.69092367392787,-187.69092367392787,-187.69092367392787,-187.69092367392787,-187.69092367392787,0.0,0.0,0.0,1836.8055047045345
14120,2018-02-05,2024.9374224583344,42.79197323658595,3864.9315717181776,223.53453560739354,4058.0305059144566,-187.1658771670748,-187.1658771670748,-187.1658771670748,-187.1658771670748,-187.1658771670748,-187.1658771670748,0.0,0.0,0.0,1837.7715452912596
14121,2018-02-06,2025.0844204849584,38.642993998726475,3851.727150348033,222.59446973689512,4058.6652705979477,-186.99196171724174,-186.99196171724174,-186.99196171724174,-186.99196171724174,-186.99196171724174,-186.99196171724174,0.0,0.0,0.0,1838.0924587677166
14122,2018-02-07,2025.2314185115824,-11.106364242421812,3877.8001237111393,221.6544038663992,4059.3000352814406,-186.8185966867316,-186.8185966867316,-186.8185966867316,-186.8185966867316,-186.8185966867316,-186.8185966867316,0.0,0.0,0.0,1838.4128218248509
14123,2018-02-08,2025.3784165382065,23.77876382026844,3884.073380836396,220.7143379959005,4059.9347999649317,-186.645782269288,-186.645782269288,-186.645782269288,-186.645782269288,-186.645782269288,-186.645782269288,0.0,0.0,0.0,1838.7326342689184
14124,2018-02-09,2025.5254145648303,44.14314582727643,3864.675463481478,219.7742721254021,4060.569564648424,-186.47351863066882,-186.47351863066882,-186.47351863066882,-186.47351863066882,-186.47351863066882,-186.47351863066882,0.0,0.0,0.0,1839.0518959341614
14125,2018-02-12,2025.966408644703,27.237639317433842,3897.2664881069422,217.08048456262816,4062.473858698901,-185.9600336267165,-185.9600336267165,-185.9600336267165,-185.9600336267165,-185.9600336267165,-185.9600336267165,0.0,0.0,0.0,1840.0063750179866
14126,2018-02-13,2026.113406671327,8.441029208609088,3889.131904222999,216.2319924345369,4063.1086233823935,-185.78997420326434,-185.78997420326434,-185.78997420326434,-185.78997420326434,-185.78997420326434,-185.78997420326434,0.0,0.0,0.0,1840.3234324680627
14127,2018-02-14,2026.260404697951,46.73112020118098,3914.146502087346,215.38350030644568,4063.7433880658855,-185.62046596969944,-185.62046596969944,-185.62046596969944,-185.62046596969944,-185.62046596969944,-185.62046596969944,0.0,0.0,0.0,1840.6399387282515
14128,2018-02-15,2026.407402724575,30.95104588956134,3899.567270860333,214.53500817835447,4064.3781527493766,-185.45150892513533,-185.45150892513533,-185.45150892513533,-185.45150892513533,-185.45150892513533,-185.45150892513533,0.0,0.0,0.0,1840.9558937994395
14129,2018-02-16,2026.554400751199,14.868654575865877,3872.556866919621,213.68651605026324,4065.012917432869,-185.2831030411359,-185.2831030411359,-185.2831030411359,-185.2831030411359,-185.2831030411359,-185.2831030411359,0.0,0.0,0.0,1841.271297710063
14130,2018-02-20,2027.142392857695,31.098754005850704,3880.468332745851,210.2925475378984,4067.5519761668356,-184.61498958159217,-184.61498958159217,-184.61498958159217,-184.61498958159217,-184.61498958159217,-184.61498958159217,0.0,0.0,0.0,1842.5274032761029
14131,2018-02-21,2027.2893908843191,18.64694437441132,3880.1796759589965,209.4440554098072,4068.1867408503276,-184.44933811435865,-184.44933811435865,-184.44933811435865,-184.44933811435865,-184.44933811435865,-184.44933811435865,0.0,0.0,0.0,1842.8400527699605
14132,2018-02-22,2027.4363889109432,25.862380040700096,3903.5489775772917,208.59556328171848,4068.8215055338196,-184.2842370623253,-184.2842370623253,-184.2842370623253,-184.2842370623253,-184.2842370623253,-184.2842370623253,0.0,0.0,0.0,1843.152151848618
14133,2018-02-23,2027.5833869375672,36.65864057226785,3895.304895318932,207.74707115362727,4069.4562702173107,-184.11968620611864,-184.11968620611864,-184.11968620611864,-184.11968620611864,-184.11968620611864,-184.11968620611864,0.0,0.0,0.0,1843.4637007314486
14134,2018-02-26,2028.024381017439,16.196235897291956,3874.1012176348595,205.2015947693536,4071.360564267787,-183.62933221426175,-183.62933221426175,-183.62933221426175,-183.62933221426175,-183.62933221426175,-183.62933221426175,0.0,0.0,0.0,1844.3950488031774
14135,2018-02-27,2028.171379044063,6.341414902895267,3869.036625147755,204.35310264126238,4071.9953289512787,-183.46697940884934,-183.46697940884934,-183.46697940884934,-183.46697940884934,-183.46697940884934,-183.46697940884934,0.0,0.0,0.0,1844.7043996352138
14136,2018-02-28,2028.3183770706871,59.630251026354536,3879.5541772290003,203.5046105131712,4072.63009363477,-183.30517529895548,-183.30517529895548,-183.30517529895548,-183.30517529895548,-183.30517529895548,-183.30517529895548,0.0,0.0,0.0,1845.0132017717317
14137,2018-03-01,2028.465375097311,23.685420070912173,3893.0409538609815,202.65611838507996,4073.264858318262,-183.1439195043482,-183.1439195043482,-183.1439195043482,-183.1439195043482,-183.1439195043482,-183.1439195043482,0.0,0.0,0.0,1845.3214555929628
14138,2018-03-02,2028.612373123935,19.101525475278507,3887.301217750068,201.80762625698875,4073.8996230017538,-182.98321161825257,-182.98321161825257,-182.98321161825257,-182.98321161825257,-182.98321161825257,-182.98321161825257,0.0,0.0,0.0,1845.6291615056823
14139,2018-03-05,2029.0533672038068,16.736244630180575,3902.2704403843372,199.26214987271507,4075.803917052229,-182.50437094673217,-182.50437094673217,-182.50437094673217,-182.50437094673217,-182.50437094673217,-182.50437094673217,0.0,0.0,0.0,1846.5489962570746
14140,2018-03-06,2029.2003652304309,8.861122977540266,3880.808153247492,198.41365774462386,4076.4386817357217,-182.3458500987499,-182.3458500987499,-182.3458500987499,-182.3458500987499,-182.3458500987499,-182.3458500987499,0.0,0.0,0.0,1846.854515131681
14141,2018-03-07,2029.347363257055,8.484708211520157,3915.3391847929497,197.56516561653515,4077.073446419213,-182.18787472996306,-182.18787472996306,-182.18787472996306,-182.18787472996306,-182.18787472996306,-182.18787472996306,0.0,0.0,0.0,1847.1594885270918
14142,2018-03-08,2029.494361283679,2.824067825622443,3925.269323415989,196.716673488444,4077.7082111027044,-182.03044427597982,-182.03044427597982,-182.03044427597982,-182.03044427597982,-182.03044427597982,-182.03044427597982,0.0,0.0,0.0,1847.4639170076991
14143,2018-03-09,2029.6413593103032,-4.615830003002328,3910.3349861479924,195.86818136035276,4078.342975786197,-181.87355814642353,-181.87355814642353,-181.87355814642353,-181.87355814642353,-181.87355814642353,-181.87355814642353,0.0,0.0,0.0,1847.7678011638795
14144,2018-03-12,2030.082353390175,-14.520023601479767,3897.981417837758,193.3227049760791,4080.247269836672,-181.4061594124962,-181.4061594124962,-181.4061594124962,-181.4061594124962,-181.4061594124962,-181.4061594124962,0.0,0.0,0.0,1848.6761939776788
14145,2018-03-13,2030.229351416799,6.947972226679037,3895.3162568582134,192.47421284798787,4080.8820345201634,-181.25144416007126,-181.25144416007126,-181.25144416007126,-181.25144416007126,-181.25144416007126,-181.25144416007126,0.0,0.0,0.0,1848.9779072567278
14146,2018-03-14,2030.3763494434231,23.938374548188825,3890.9292626075785,191.62572071989666,4081.516799203656,-181.09726989332472,-181.09726989332472,-181.09726989332472,-181.09726989332472,-181.09726989332472,-181.09726989332472,0.0,0.0,0.0,1849.2790795500985
14147,2018-03-15,2030.5233474700474,18.97842531243719,3900.8961450579473,190.77722859180287,4082.15156388715,-180.94363586773238,-180.94363586773238,-180.94363586773238,-180.94363586773238,-180.94363586773238,-180.94363586773238,0.0,0.0,0.0,1849.579711602315
14148,2018-03-16,2030.6703454966716,1.602379803445838,3908.6134618766278,189.92873646371163,4082.7863285706417,-180.79054131337858,-180.79054131337858,-180.79054131337858,-180.79054131337858,-180.79054131337858,-180.79054131337858,0.0,0.0,0.0,1849.8798041832931
14149,2018-03-19,2031.1113395765437,13.07546585088267,3911.1238585615483,187.38326007943795,4084.6906226211163,-180.33448639961156,-180.33448639961156,-180.33448639961156,-180.33448639961156,-180.33448639961156,-180.33448639961156,0.0,0.0,0.0,1850.7768531769323
14150,2018-03-20,2031.2583376031678,26.13002613408091,3915.190804205518,186.5347679513468,4085.325387304609,-180.18354152636962,-180.18354152636962,-180.18354152636962,-180.18354152636962,-180.18354152636962,-180.18354152636962,0.0,0.0,0.0,1851.074796076798
14151,2018-03-21,2031.4053356297916,-15.59830627073625,3908.0188988394575,185.68627582325558,4085.9601519881007,-180.03313189705634,-180.03313189705634,-180.03313189705634,-180.03313189705634,-180.03313189705634,-180.03313189705634,0.0,0.0,0.0,1851.3722037327352
14152,2018-03-22,2031.5523336564156,7.467982489633575,3925.420954842789,184.83778369516688,4086.594916671592,-179.88325659129498,-179.88325659129498,-179.88325659129498,-179.88325659129498,-179.88325659129498,-179.88325659129498,0.0,0.0,0.0,1851.6690770651207
14153,2018-03-23,2031.6993316830396,4.93853919202351,3935.9265167284825,183.98929156707567,4087.2296813550847,-179.73391466395017,-179.73391466395017,-179.73391466395017,-179.73391466395017,-179.73391466395017,-179.73391466395017,0.0,0.0,0.0,1851.9654170190895
14154,2018-03-26,2032.1403257629115,-2.21490666377839,3930.7281086909334,181.44381518280198,4089.1339754055593,-179.2890793316697,-179.2890793316697,-179.2890793316697,-179.2890793316697,-179.2890793316697,-179.2890793316697,0.0,0.0,0.0,1852.8512464312419
14155,2018-03-27,2032.2873237895355,23.592174415716546,3933.8080546774363,180.59532305471078,4089.768740089051,-179.14186097476934,-179.14186097476934,-179.14186097476934,-179.14186097476934,-179.14186097476934,-179.14186097476934,0.0,0.0,0.0,1853.1454628147662
14156,2018-03-28,2032.4343218161596,-13.547751513389407,3922.525220146291,179.67788527442903,4090.4035047725433,-178.99517090253426,-178.99517090253426,-178.99517090253426,-178.99517090253426,-178.99517090253426,-178.99517090253426,0.0,0.0,0.0,1853.4391509136253
14157,2018-03-29,2032.5813198427834,13.180952335030275,3895.711839381862,178.73205180388052,4091.038269456035,-178.84900802326362,-178.84900802326362,-178.84900802326362,-178.84900802326362,-178.84900802326362,-178.84900802326362,0.0,0.0,0.0,1853.7323118195197
14158,2018-04-02,2033.1693119492795,4.868433044035181,3923.70277732355,174.94871792168726,4093.577328190003,-178.26960576071002,-178.26960576071002,-178.26960576071002,-178.26960576071002,-178.26960576071002,-178.26960576071002,0.0,0.0,0.0,1854.8997061885696
14159,2018-04-03,2033.3163099759033,-22.104658996103467,3925.147084178229,174.00288445113875,4094.212092873494,-178.1260616310248,-178.1260616310248,-178.1260616310248,-178.1260616310248,-178.1260616310248,-178.1260616310248,0.0,0.0,0.0,1855.1902483448785
14160,2018-04-04,2033.4633080025278,-35.211567851900796,3922.6672803172096,173.05705098059303,4094.846857556985,-177.98303764164825,-177.98303764164825,-177.98303764164825,-177.98303764164825,-177.98303764164825,-177.98303764164825,0.0,0.0,0.0,1855.4802703608796
14161,2018-04-05,2033.6103060291516,18.259686267426947,3936.9849649197145,172.1112175100445,4095.4816222404775,-177.84053253432373,-177.84053253432373,-177.84053253432373,-177.84053253432373,-177.84053253432373,-177.84053253432373,0.0,0.0,0.0,1855.7697734948279
14162,2018-04-06,2033.7573040557756,-25.75305078058622,3940.6656808358384,171.16538403949625,4096.11638692397,-177.6985450274049,-177.6985450274049,-177.6985450274049,-177.6985450274049,-177.6985450274049,-177.6985450274049,0.0,0.0,0.0,1856.0587590283708
14163,2018-04-09,2034.1982981356475,-1.7985410129372872,3956.8218480739797,168.32788362785098,4098.020680974445,-177.27567494390985,-177.27567494390985,-177.27567494390985,-177.27567494390985,-177.27567494390985,-177.27567494390985,0.0,0.0,0.0,1856.9226231917378
14164,2018-04-10,2034.3452961622716,-12.758683722935904,3942.43084062224,167.38205015730276,4098.655445657937,-177.13574455793056,-177.13574455793056,-177.13574455793056,-177.13574455793056,-177.13574455793056,-177.13574455793056,0.0,0.0,0.0,1857.209551604341
14165,2018-04-11,2034.4922941888956,-10.959182464056827,3931.753264139695,166.43621668675422,4099.290210341428,-176.99632501687205,-176.99632501687205,-176.99632501687205,-176.99632501687205,-176.99632501687205,-176.99632501687205,0.0,0.0,0.0,1857.4959691720235
14166,2018-04-12,2034.6392922155196,-11.459702629120883,3921.244501996163,165.490383216206,4099.92497502492,-176.85741490091718,-176.85741490091718,-176.85741490091718,-176.85741490091718,-176.85741490091718,-176.85741490091718,0.0,0.0,0.0,1857.7818773146025
14167,2018-04-13,2034.7862902421437,-11.999145333143098,3958.545355685337,164.54454974565746,4100.559739708412,-176.71901276759235,-176.71901276759235,-176.71901276759235,-176.71901276759235,-176.71901276759235,-176.71901276759235,0.0,0.0,0.0,1858.0672774745512
14168,2018-04-16,2035.2272843220162,-3.9087903803830284,3935.1466380353,161.7070493340094,4102.46403375889,-176.3068395010125,-176.3068395010125,-176.3068395010125,-176.3068395010125,-176.3068395010125,-176.3068395010125,0.0,0.0,0.0,1858.9204448210037
14169,2018-04-17,2035.3742823486402,-15.637233995019889,3936.2007355310257,160.7612158634612,4103.098798442382,-176.17045442403347,-176.17045442403347,-176.17045442403347,-176.17045442403347,-176.17045442403347,-176.17045442403347,0.0,0.0,0.0,1859.2038279246067
14170,2018-04-18,2035.521280375264,-14.511256028042077,3952.6040606045026,159.81538239291268,4103.733563125873,-176.0345697811909,-176.0345697811909,-176.0345697811909,-176.0345697811909,-176.0345697811909,-176.0345697811909,0.0,0.0,0.0,1859.4867105940732
14171,2018-04-19,2035.668278401888,-35.60813614868493,3948.1960032301104,158.86954892236693,4104.368327809366,-175.8991839963232,-175.8991839963232,-175.8991839963232,-175.8991839963232,-175.8991839963232,-175.8991839963232,0.0,0.0,0.0,1859.7690944055648
14172,2018-04-20,2035.815276428512,-18.292533682382388,3970.8583283343205,157.9237154518184,4105.003092492857,-175.7642954713741,-175.7642954713741,-175.7642954713741,-175.7642954713741,-175.7642954713741,-175.7642954713741,0.0,0.0,0.0,1860.050980957138
14173,2018-04-23,2036.256270508384,-31.885006301936592,3962.5585760065883,155.08621504017344,4106.907386543332,-175.36259714935596,-175.36259714935596,-175.36259714935596,-175.36259714935596,-175.36259714935596,-175.36259714935596,0.0,0.0,0.0,1860.893673359028
14174,2018-04-24,2036.403268535008,-35.47504233366925,3948.404200202659,154.14038156962516,4107.542151226824,-175.22968124948173,-175.22968124948173,-175.22968124948173,-175.22968124948173,-175.22968124948173,-175.22968124948173,0.0,0.0,0.0,1861.1735872855263
14175,2018-04-25,2036.550266561632,-17.66398068764172,3966.6600037117355,152.93283143988575,4108.430210098197,-175.09725429470475,-175.09725429470475,-175.09725429470475,-175.09725429470475,-175.09725429470475,-175.09725429470475,0.0,0.0,0.0,1861.4530122669273
14176,2018-04-26,2036.697264588256,-33.33924844688055,3971.285983877681,151.69088093988339,4109.436787168222,-174.96531455794556,-174.96531455794556,-174.96531455794556,-174.96531455794556,-174.96531455794556,-174.96531455794556,0.0,0.0,0.0,1861.7319500303106
14177,2018-04-27,2036.8442626148799,-29.32030246314232,3952.9103394841004,150.4489304398808,4110.443364238246,-174.83386029101854,-174.83386029101854,-174.83386029101854,-174.83386029101854,-174.83386029101854,-174.83386029101854,0.0,0.0,0.0,1862.0104023238614
14178,2018-04-30,2037.285256694752,-16.41381787508537,3937.9007512245985,146.7230789398735,4113.463095448316,-174.44239251323148,-174.44239251323148,-174.44239251323148,-174.44239251323148,-174.44239251323148,-174.44239251323148,0.0,0.0,0.0,1862.8428641815206
14179,2018-05-01,2037.4322547213762,-39.707705556855466,3947.7920689893817,145.48112843987087,4114.46967251834,-174.31286222572922,-174.31286222572922,-174.31286222572922,-174.31286222572922,-174.31286222572922,-174.31286222572922,0.0,0.0,0.0,1863.119392495647
14180,2018-05-02,2037.5792527480003,-56.70324886599602,3949.5237364465715,144.23917793986857,4115.476249588363,-174.183808354613,-174.183808354613,-174.183808354613,-174.183808354613,-174.183808354613,-174.183808354613,0.0,0.0,0.0,1863.3954443933872
14181,2018-05-03,2037.726250774624,-25.616865229127885,3937.988792655038,142.99722743986595,4116.482826658386,-174.0552290275082,-174.0552290275082,-174.0552290275082,-174.0552290275082,-174.0552290275082,-174.0552290275082,0.0,0.0,0.0,1863.671021747116
14182,2018-05-04,2037.873248801248,-14.38416890231653,3935.830055678884,141.75527693986356,4117.489403728411,-173.9271223517547,-173.9271223517547,-173.9271223517547,-173.9271223517547,-173.9271223517547,-173.9271223517547,0.0,0.0,0.0,1863.9461264494935
14183,2018-05-07,2038.3142428811202,-37.22380247314036,3984.934112201969,138.02942543985603,4120.509134938482,-173.54561900421558,-173.54561900421558,-173.54561900421558,-173.54561900421558,-173.54561900421558,-173.54561900421558,0.0,0.0,0.0,1864.7686238769047
14184,2018-05-08,2038.461240907744,-39.09448169256551,3955.519790833476,136.7874749398537,4121.515712008507,-173.4193836057267,-173.4193836057267,-173.4193836057267,-173.4193836057267,-173.4193836057267,-173.4193836057267,0.0,0.0,0.0,1865.0418573020174
14185,2018-05-09,2038.608238934368,-24.728952057392977,3965.1532073610924,135.54552443984633,4122.522289078528,-173.2936110951888,-173.2936110951888,-173.2936110951888,-173.2936110951888,-173.2936110951888,-173.2936110951888,0.0,0.0,0.0,1865.3146278391791
14186,2018-05-10,2038.755236960992,-25.37434165681075,3960.8379555928977,134.303573939844,4123.528866148553,-173.1682994607454,-173.1682994607454,-173.1682994607454,-173.1682994607454,-173.1682994607454,-173.1682994607454,0.0,0.0,0.0,1865.5869375002467
14187,2018-05-11,2038.902234987616,-29.35041203558004,3974.1688376919215,133.0616234398411,4124.535443218578,-173.04344667110348,-173.04344667110348,-173.04344667110348,-173.04344667110348,-173.04344667110348,-173.04344667110348,0.0,0.0,0.0,1865.8587883165126
14188,2018-05-14,2039.3432290674887,-58.983701400902085,3956.9651599020262,129.33577193982853,4127.555174428651,-172.6716207690017,-172.6716207690017,-172.6716207690017,-172.6716207690017,-172.6716207690017,-172.6716207690017,0.0,0.0,0.0,1866.671608298487
14189,2018-05-15,2039.4902270941127,-48.912011029616124,3966.3349622907726,128.0938214398262,4128.561751498675,-172.54858266110895,-172.54858266110895,-172.54858266110895,-172.54858266110895,-172.54858266110895,-172.54858266110895,0.0,0.0,0.0,1866.9416444330038
14190,2018-05-16,2039.6372251207367,-57.03796647196009,3965.832261767375,126.85187093982329,4129.568328568696,-172.42599295424853,-172.42599295424853,-172.42599295424853,-172.42599295424853,-172.42599295424853,-172.42599295424853,0.0,0.0,0.0,1867.2112321664881
14191,2018-05-17,2039.7842231473605,-46.59259764045377,3982.203643566313,125.60992043982097,4130.574905638721,-172.3038495030796,-172.3038495030796,-172.3038495030796,-172.3038495030796,-172.3038495030796,-172.3038495030796,0.0,0.0,0.0,1867.480373644281
14192,2018-05-18,2039.9312211739846,-46.742027051767664,3966.0851885638385,124.36796993981862,4131.581482708746,-172.18215014369056,-172.18215014369056,-172.18215014369056,-172.18215014369056,-172.18215014369056,-172.18215014369056,0.0,0.0,0.0,1867.749071030294
14193,2018-05-21,2040.3722152538564,-41.43804777665097,3955.6192943384726,120.64211843981104,4134.601213918816,-171.81969470117755,-171.81969470117755,-171.81969470117755,-171.81969470117755,-171.81969470117755,-171.81969470117755,0.0,0.0,0.0,1868.552520552679
14194,2018-05-22,2040.5192132804805,-61.425321547506215,4004.0278655411203,119.40016793980872,4135.60779098884,-171.69974970280606,-171.69974970280606,-171.69974970280606,-171.69974970280606,-171.69974970280606,-171.69974970280606,0.0,0.0,0.0,1868.8194635776745
14195,2018-05-23,2040.6662113071045,-38.170432419980926,3956.445105910817,118.15821743980636,4136.614368058863,-171.58023770253203,-171.58023770253203,-171.58023770253203,-171.58023770253203,-171.58023770253203,-171.58023770253203,0.0,0.0,0.0,1869.0859736045725
14196,2018-05-24,2040.8132093337285,-62.6252042659943,3992.5866149409862,116.91626693980348,4137.620945128887,-171.46115642768876,-171.46115642768876,-171.46115642768876,-171.46115642768876,-171.46115642768876,-171.46115642768876,0.0,0.0,0.0,1869.3520529060397
14197,2018-05-25,2040.9602073603523,-54.268741821009215,4032.3345263894025,115.67431643980115,4138.627522198911,-171.342503587931,-171.342503587931,-171.342503587931,-171.342503587931,-171.342503587931,-171.342503587931,0.0,0.0,0.0,1869.6177037724215
14198,2018-05-29,2041.5481994668487,-55.750687342975645,3967.659970222334,110.70651443978623,4142.653830479004,-170.87213016142843,-170.87213016142843,-170.87213016142843,-170.87213016142843,-170.87213016142843,-170.87213016142843,0.0,0.0,0.0,1870.6760693054202
14199,2018-05-30,2041.6951974934727,1.4152096824256413,4016.9370601897335,109.46456393978389,4143.660407549028,-170.7555845323154,-170.7555845323154,-170.7555845323154,-170.7555845323154,-170.7555845323154,-170.7555845323154,0.0,0.0,0.0,1870.9396129611573
14200,2018-05-31,2041.8421955200968,-43.58776290418943,3963.7168383124226,108.22261343978155,4144.6669846190525,-170.63945323227802,-170.63945323227802,-170.63945323227802,-170.63945323227802,-170.63945323227802,-170.63945323227802,0.0,0.0,0.0,1871.2027422878186
14201,2018-06-01,2041.9891935467206,-45.97038501483832,3950.9180768488395,106.98066293977922,4145.673561689077,-170.52373385087944,-170.52373385087944,-170.52373385087944,-170.52373385087944,-170.52373385087944,-170.52373385087944,0.0,0.0,0.0,1871.4654596958412
14202,2018-06-04,2042.4301876265927,-42.2541643237883,3994.554911752274,103.25481143977164,4148.693292899147,-170.17902286549028,-170.17902286549028,-170.17902286549028,-170.17902286549028,-170.17902286549028,-170.17902286549028,0.0,0.0,0.0,1872.2511647611025
14203,2018-06-05,2042.5771856532165,-44.7055057383435,3946.1395386376525,102.01286093976931,4149.699869969169,-170.06492672366755,-170.06492672366755,-170.06492672366755,-170.06492672366755,-170.06492672366755,-170.06492672366755,0.0,0.0,0.0,1872.5122589295488
14204,2018-06-06,2042.7241836798405,-48.56702072321788,3986.2597982562265,100.77091043976642,4150.706447039193,-169.9512302015087,-169.9512302015087,-169.9512302015087,-169.9512302015087,-169.9512302015087,-169.9512302015087,0.0,0.0,0.0,1872.7729534783318
14205,2018-06-07,2042.8711817064645,-43.02492644829629,4011.5290075445587,99.52895993976408,4151.713024109218,-169.83793079079564,-169.83793079079564,-169.83793079079564,-169.83793079079564,-169.83793079079564,-169.83793079079564,0.0,0.0,0.0,1873.033250915669
14206,2018-06-08,2043.0181797330886,-64.96513911681674,3991.652958082601,98.28700943976173,4152.71960117924,-169.72502596748183,-169.72502596748183,-169.72502596748183,-169.72502596748183,-169.72502596748183,-169.72502596748183,0.0,0.0,0.0,1873.2931537656068
14207,2018-06-11,2043.4591738129604,-72.006209586239,4010.3041158744372,94.71498223393058,4155.73933238931,-169.38865354690333,-169.38865354690333,-169.38865354690333,-169.38865354690333,-169.38865354690333,-169.38865354690333,0.0,0.0,0.0,1874.0705202660572
14208,2018-06-12,2043.6061718395845,-43.16571995026045,4008.9456948071793,93.566941878647,4156.745909459334,-169.27730152091098,-169.27730152091098,-169.27730152091098,-169.27730152091098,-169.27730152091098,-169.27730152091098,0.0,0.0,0.0,1874.3288703186736
14209,2018-06-13,2043.7531698662092,-56.76596512428827,3999.97581775982,92.41890152335831,4157.752486529363,-169.16633122941323,-169.16633122941323,-169.16633122941323,-169.16633122941323,-169.16633122941323,-169.16633122941323,0.0,0.0,0.0,1874.586838636796
14210,2018-06-14,2043.900167892833,-58.37453000693379,3985.6267972168343,91.27086116807479,4158.7590635993865,-169.0557400562486,-169.0557400562486,-169.0557400562486,-169.0557400562486,-169.0557400562486,-169.0557400562486,0.0,0.0,0.0,1874.8444278365844
14211,2018-06-15,2044.047165919457,-76.04154439725434,3978.414835392129,90.12282081279119,4159.765640669411,-168.94552537037742,-168.94552537037742,-168.94552537037742,-168.94552537037742,-168.94552537037742,-168.94552537037742,0.0,0.0,0.0,1875.1016405490795
14212,2018-06-18,2044.488159999329,-59.97269688139197,4003.40367913135,87.73437027372148,4162.785371879482,-168.61711370592243,-168.61711370592243,-168.61711370592243,-168.61711370592243,-168.61711370592243,-168.61711370592243,0.0,0.0,0.0,1875.8710462934064
14213,2018-06-19,2044.635158025953,-72.29567019777511,4005.8378989586677,87.4668529881089,4163.791948949503,-168.50837836617632,-168.50837836617632,-168.50837836617632,-168.50837836617632,-168.50837836617632,-168.50837836617632,0.0,0.0,0.0,1876.1267796597767
14214,2018-06-20,2044.782156052577,-35.14380515224907,3968.170366510642,87.19933570249576,4164.798526019527,-168.40000614023955,-168.40000614023955,-168.40000614023955,-168.40000614023955,-168.40000614023955,-168.40000614023955,0.0,0.0,0.0,1876.3821499123374
14215,2018-06-21,2044.929154079201,-73.51739404783754,3999.3424468279636,86.93181841688326,4165.805103089552,-168.29199431072604,-168.29199431072604,-168.29199431072604,-168.29199431072604,-168.29199431072604,-168.29199431072604,0.0,0.0,0.0,1876.637159768475
14216,2018-06-22,2045.076152105825,-55.5740635972608,3990.071821155038,86.71626882260036,4166.811680159574,-168.18434014634244,-168.18434014634244,-168.18434014634244,-168.18434014634244,-168.18434014634244,-168.18434014634244,0.0,0.0,0.0,1876.8918119594825
14217,2018-06-25,2045.5171461856971,-56.4059038803201,3987.399902152783,86.16507938490379,4169.831411369647,-167.86349612541648,-167.86349612541648,-167.86349612541648,-167.86349612541648,-167.86349612541648,-167.86349612541648,0.0,0.0,0.0,1877.6536500602806
14218,2018-06-26,2045.6641442123212,-65.47756441708181,4002.2450978146076,85.98134957233853,4170.837988439669,-167.75724503542932,-167.75724503542932,-167.75724503542932,-167.75724503542932,-167.75724503542932,-167.75724503542932,0.0,0.0,0.0,1877.9068991768918
14219,2018-06-27,2045.8111422389452,-44.74125245097151,4048.179949201591,85.7976197597732,4171.844565509694,-167.65133775043694,-167.65133775043694,-167.65133775043694,-167.65133775043694,-167.65133775043694,-167.65133775043694,0.0,0.0,0.0,1878.1598044885081
14220,2018-06-28,2045.9581402655692,-59.267180832266206,4039.5613162005275,85.61388994720787,4172.851142579718,-167.54577145866125,-167.54577145866125,-167.54577145866125,-167.54577145866125,-167.54577145866125,-167.54577145866125,0.0,0.0,0.0,1878.412368806908
14221,2018-06-29,2046.105138292193,-75.27452907487977,4026.011144403793,85.4301601346426,4173.85771964974,-167.4405433354022,-167.4405433354022,-167.4405433354022,-167.4405433354022,-167.4405433354022,-167.4405433354022,0.0,0.0,0.0,1878.6645949567908
14222,2018-07-02,2046.5461323720651,-99.05872060468724,4029.405889227236,84.87897069694606,4176.87745085981,-167.126859538906,-167.126859538906,-167.126859538906,-167.126859538906,-167.126859538906,-167.126859538906,0.0,0.0,0.0,1879.419272833159
14223,2018-07-03,2046.6931303986892,-67.41658069126056,3999.8034565891467,84.69524088438072,4177.884027929835,-167.02295558927634,-167.02295558927634,-167.02295558927634,-167.02295558927634,-167.02295558927634,-167.02295558927634,0.0,0.0,0.0,1879.6701748094129
14224,2018-07-05,2046.987126451937,-45.60038275670456,4017.5332790587995,84.32778125925012,4179.897182069881,-166.81611635932003,-166.81611635932003,-166.81611635932003,-166.81611635932003,-166.81611635932003,-166.81611635932003,0.0,0.0,0.0,1880.171010092617
14225,2018-07-06,2047.134124478561,-66.8349371520801,4041.5244946648822,84.14405144668423,4180.903759139906,-166.71317526859286,-166.71317526859286,-166.71317526859286,-166.71317526859286,-166.71317526859286,-166.71317526859286,0.0,0.0,0.0,1880.420949209968
14226,2018-07-09,2047.575118558433,-82.85908872476874,4043.239658537613,83.5928620089883,4183.923490349976,-166.40623098364608,-166.40623098364608,-166.40623098364608,-166.40623098364608,-166.40623098364608,-166.40623098364608,0.0,0.0,0.0,1881.1688875747868
14227,2018-07-10,2047.722116585057,-92.76344040397375,4025.3462749052833,83.40913219642297,4184.93006742,-166.30453273098803,-166.30453273098803,-166.30453273098803,-166.30453273098803,-166.30453273098803,-166.30453273098803,0.0,0.0,0.0,1881.4175838540689
14228,2018-07-11,2047.869114611681,-87.23941566791325,4002.2384063797376,83.22540238385707,4185.936644490024,-166.20313779448438,-166.20313779448438,-166.20313779448438,-166.20313779448438,-166.20313779448438,-166.20313779448438,0.0,0.0,0.0,1881.6659768171967
14229,2018-07-12,2048.016112638305,-76.61773188910315,4050.6685538300794,83.04167257129174,4186.943221560047,-166.1020431944553,-166.1020431944553,-166.1020431944553,-166.1020431944553,-166.1020431944553,-166.1020431944553,0.0,0.0,0.0,1881.9140694438497
14230,2018-07-13,2048.1631106649297,-71.19909815392629,4053.912616075152,82.85794275872573,4187.949798630074,-166.00124594030666,-166.00124594030666,-166.00124594030666,-166.00124594030666,-166.00124594030666,-166.00124594030666,0.0,0.0,0.0,1882.161864724623
14231,2018-07-16,2048.6041047448016,-72.14047638388973,4013.684584894882,82.30675332102979,4190.969529840145,-165.7006081865367,-165.7006081865367,-165.7006081865367,-165.7006081865367,-165.7006081865367,-165.7006081865367,0.0,0.0,0.0,1882.9034965582648
14232,2018-07-17,2048.7511027714254,-80.89780122781269,4066.979035831729,82.12302350846383,4191.976106910169,-165.6009701967643,-165.6009701967643,-165.6009701967643,-165.6009701967643,-165.6009701967643,-165.6009701967643,0.0,0.0,0.0,1883.150132574661
14233,2018-07-18,2048.8981007980497,-59.94958314893507,4035.8638190528964,81.93929369589857,4192.9826839801935,-165.50161444127116,-165.50161444127116,-165.50161444127116,-165.50161444127116,-165.50161444127116,-165.50161444127116,0.0,0.0,0.0,1883.3964863567785
14234,2018-07-19,2049.0450988246735,-96.56000800150832,4025.7984900266642,81.75556388333324,4193.9892610502175,-165.40253786702857,-165.40253786702857,-165.40253786702857,-165.40253786702857,-165.40253786702857,-165.40253786702857,0.0,0.0,0.0,1883.642560957645
14235,2018-07-20,2049.1920968512977,-81.11313838389941,4020.133124014065,81.57183407076799,4194.99583812024,-165.30373741111345,-165.30373741111345,-165.30373741111345,-165.30373741111345,-165.30373741111345,-165.30373741111345,0.0,0.0,0.0,1883.8883594401843
14236,2018-07-23,2049.6330909311696,-79.46049078602069,4050.3682343297855,81.02064463307143,4198.0155693303095,-165.00896197874246,-165.00896197874246,-165.00896197874246,-165.00896197874246,-165.00896197874246,-165.00896197874246,0.0,0.0,0.0,1884.624128952427
14237,2018-07-24,2049.780088957794,-78.32257203308599,4049.610738144109,80.83691482050608,4199.022146400334,-164.9112351741185,-164.9112351741185,-164.9112351741185,-164.9112351741185,-164.9112351741185,-164.9112351741185,0.0,0.0,0.0,1884.8688537836754
14238,2018-07-25,2049.9270869844177,-77.45024351423989,4055.777041178409,80.65318500794083,4200.028723470359,-164.81376902989896,-164.81376902989896,-164.81376902989896,-164.81376902989896,-164.81376902989896,-164.81376902989896,0.0,0.0,0.0,1885.1133179545186
14239,2018-07-26,2050.0740850110415,-44.84071231050423,4049.5089155439796,80.4694551953755,4201.03530054038,-164.71656042686394,-164.71656042686394,-164.71656042686394,-164.71656042686394,-164.71656042686394,-164.71656042686394,0.0,0.0,0.0,1885.3575245841776
14240,2018-07-27,2050.2210830376657,-68.64050442564242,4044.066447626388,80.28572538281016,4202.041877610405,-164.61960623692542,-164.61960623692542,-164.61960623692542,-164.61960623692542,-164.61960623692542,-164.61960623692542,0.0,0.0,0.0,1885.6014768007403
14241,2018-07-30,2050.6620771175376,-88.63310223624096,4060.422348700575,78.54616733276733,4205.061608820476,-164.33023873487383,-164.33023873487383,-164.33023873487383,-164.33023873487383,-164.33023873487383,-164.33023873487383,0.0,0.0,0.0,1886.3318383826638
14242,2018-07-31,2050.8090751441614,-104.78570433421541,4052.541408510638,77.84188849250603,4206.0681858905,-164.23427074422563,-164.23427074422563,-164.23427074422563,-164.23427074422563,-164.23427074422563,-164.23427074422563,0.0,0.0,0.0,1886.5748043999358
14243,2018-08-01,2050.9560731707857,-85.30450581172197,4060.2338096062476,77.13760965224473,4207.074762960524,-164.13854139836295,-164.13854139836295,-164.13854139836295,-164.13854139836295,-164.13854139836295,-164.13854139836295,0.0,0.0,0.0,1886.8175317724226
14244,2018-08-02,2051.1030711974095,-84.63486109775832,4047.7850337154496,76.43333081198351,4208.081340030547,-164.04304751908154,-164.04304751908154,-164.04304751908154,-164.04304751908154,-164.04304751908154,-164.04304751908154,0.0,0.0,0.0,1887.060023678328
14245,2018-08-03,2051.2500692240333,-78.64016086570966,4084.740541787459,75.7290519717222,4209.087917100571,-163.9477859203423,-163.9477859203423,-163.9477859203423,-163.9477859203423,-163.9477859203423,-163.9477859203423,0.0,0.0,0.0,1887.302283303691
14246,2018-08-06,2051.6910633039056,-81.97521713055491,4070.0453755870712,74.08911085577498,4212.107648310641,-163.663362832562,-163.663362832562,-163.663362832562,-163.663362832562,-163.663362832562,-163.663362832562,0.0,0.0,0.0,1888.0277004713437
14247,2018-08-07,2051.8380613305294,-84.61838871644245,4091.732611315086,73.76375478930736,4213.114225380666,-163.56899834407065,-163.56899834407065,-163.56899834407065,-163.56899834407065,-163.56899834407065,-163.56899834407065,0.0,0.0,0.0,1888.2690629864587
14248,2018-08-08,2051.9850593571537,-88.47391325058445,4055.469117233281,73.43839872283908,4214.120802450688,-163.47485009357422,-163.47485009357422,-163.47485009357422,-163.47485009357422,-163.47485009357422,-163.47485009357422,0.0,0.0,0.0,1888.5102092635793
14249,2018-08-09,2052.132057383778,-73.22347597587131,4070.6701163221624,73.11304265637118,4215.127379520712,-163.38091485113145,-163.38091485113145,-163.38091485113145,-163.38091485113145,-163.38091485113145,-163.38091485113145,0.0,0.0,0.0,1888.7511425326466
14250,2018-08-10,2052.2790554104017,-89.53784566746806,4052.9281002016587,72.78768658990293,4216.1339565907365,-163.28718938000213,-163.28718938000213,-163.28718938000213,-163.28718938000213,-163.28718938000213,-163.28718938000213,0.0,0.0,0.0,1888.9918660303997
14251,2018-08-13,2052.720049490274,-104.48856204856484,4053.3100601858573,71.81161839049788,4219.15368780081,-163.00723912824228,-163.00723912824228,-163.00723912824228,-163.00723912824228,-163.00723912824228,-163.00723912824228,0.0,0.0,0.0,1889.7128103620319
14252,2018-08-14,2052.867047516898,-105.62487003883595,4097.494548388247,71.48626232402962,4220.160264870834,-162.9143202442041,-162.9143202442041,-162.9143202442041,-162.9143202442041,-162.9143202442041,-162.9143202442041,0.0,0.0,0.0,1889.9527272726937
14253,2018-08-15,2053.014045543522,-85.20991579609039,4042.7268071292515,71.1609062575617,4221.166841940858,-162.821594851007,-162.821594851007,-162.821594851007,-162.821594851007,-162.821594851007,-162.821594851007,0.0,0.0,0.0,1890.1924506925152
14254,2018-08-16,2053.1610435701464,-81.74818091279246,4108.002983817425,70.83555019109345,4222.173419010881,-162.72905967424364,-162.72905967424364,-162.72905967424364,-162.72905967424364,-162.72905967424364,-162.72905967424364,0.0,0.0,0.0,1890.4319838959027
14255,2018-08-17,2053.30804159677,-110.89883832171562,4043.0251215331973,70.5101941246252,4223.179996080906,-162.63671143374722,-162.63671143374722,-162.63671143374722,-162.63671143374722,-162.63671143374722,-162.63671143374722,0.0,0.0,0.0,1890.671330163023
14256,2018-08-20,2053.749035676642,-103.52571980334176,4065.7478222152376,69.5341259252214,4226.199727290976,-162.36075544496057,-162.36075544496057,-162.36075544496057,-162.36075544496057,-162.36075544496057,-162.36075544496057,0.0,0.0,0.0,1891.3882802316814
14257,2018-08-21,2053.8960337032663,-116.7452885629864,4060.251726381718,69.20876985875316,4227.206304361,-162.26912203792574,-162.26912203792574,-162.26912203792574,-162.26912203792574,-162.26912203792574,-162.26912203792574,0.0,0.0,0.0,1891.6269116653407
14258,2018-08-22,2054.04303172989,-99.62771313533628,4081.080561640451,68.8834137922849,4228.212881431022,-162.17765908516822,-162.17765908516822,-162.17765908516822,-162.17765908516822,-162.17765908516822,-162.17765908516822,0.0,0.0,0.0,1891.865372644722
14259,2018-08-23,2054.190029756514,-118.41382898389502,4066.3704025743973,68.55805772581726,4229.219458501046,-162.0863632751009,-162.0863632751009,-162.0863632751009,-162.0863632751009,-162.0863632751009,-162.0863632751009,0.0,0.0,0.0,1892.103666481413
14260,2018-08-24,2054.337027783138,-100.56756769622928,4073.6469170849064,68.232701659349,4230.2260355710705,-161.99523129141798,-161.99523129141798,-161.99523129141798,-161.99523129141798,-161.99523129141798,-161.99523129141798,0.0,0.0,0.0,1892.3417964917203
14261,2018-08-27,2054.77802186301,-80.2399398848699,4075.124564456397,67.25663345994458,4233.24576678114,-161.7227850680079,-161.7227850680079,-161.7227850680079,-161.7227850680079,-161.7227850680079,-161.7227850680079,0.0,0.0,0.0,1893.0552367950022
14262,2018-08-28,2054.925019889634,-111.54878286615114,4102.562448458872,66.93127739347696,4234.252343851165,-161.63227513769465,-161.63227513769465,-161.63227513769465,-161.63227513769465,-161.63227513769465,-161.63227513769465,0.0,0.0,0.0,1893.2927447519392
14263,2018-08-29,2055.072017916258,-98.793114610645,4109.384347168889,65.83075136154585,4235.258920921187,-161.54191238670154,-161.54191238670154,-161.54191238670154,-161.54191238670154,-161.54191238670154,-161.54191238670154,0.0,0.0,0.0,1893.5301055295565
14264,2018-08-30,2055.219015942882,-90.38950483190646,4085.764430726321,64.6255006972725,4236.265497991211,-161.45169347354923,-161.45169347354923,-161.45169347354923,-161.45169347354923,-161.45169347354923,-161.45169347354923,0.0,0.0,0.0,1893.7673224693326
14265,2018-08-31,2055.366013969506,-93.87239542637576,4102.4255570422365,63.42025003299884,4237.272075061236,-161.36161505308095,-161.36161505308095,-161.36161505308095,-161.36161505308095,-161.36161505308095,-161.36161505308095,0.0,0.0,0.0,1894.0043989164253
14266,2018-09-04,2055.9540060760023,-106.15432662906022,4104.532797906591,58.59924737591034,4241.298383341328,-161.00263927459156,-161.00263927459156,-161.00263927459156,-161.00263927459156,-161.00263927459156,-161.00263927459156,0.0,0.0,0.0,1894.9513668014108
14267,2018-09-05,2056.101004102626,-82.06376489973451,4104.098510974801,57.426543117636136,4242.304960411353,-160.91321302194348,-160.91321302194348,-160.91321302194348,-160.91321302194348,-160.91321302194348,-160.91321302194348,0.0,0.0,0.0,1895.1877910806827
14268,2018-09-06,2056.2480021292504,-111.09972455405459,4075.5999491927905,56.267330680602356,4243.311537481378,-160.82390712216488,-160.82390712216488,-160.82390712216488,-160.82390712216488,-160.82390712216488,-160.82390712216488,0.0,0.0,0.0,1895.4240950070855
14269,2018-09-07,2056.395000155874,-109.53914009399676,4072.9991089284654,55.10811824357358,4244.318114551402,-160.7347182085231,-160.7347182085231,-160.7347182085231,-160.7347182085231,-160.7347182085231,-160.7347182085231,0.0,0.0,0.0,1895.660281947351
14270,2018-09-10,2056.835994235746,-90.6445210055467,4095.9448556344196,51.63048093247209,4247.337845761473,-160.46781968064656,-160.46781968064656,-160.46781968064656,-160.46781968064656,-160.46781968064656,-160.46781968064656,0.0,0.0,0.0,1896.3681745550996
14271,2018-09-11,2056.9829922623708,-129.4874824484233,4108.74437287477,50.471268495438174,4248.344422831499,-160.37906499666167,-160.37906499666167,-160.37906499666167,-160.37906499666167,-160.37906499666167,-160.37906499666167,0.0,0.0,0.0,1896.603927265709
14272,2018-09-12,2057.1299902889946,-123.90724806812705,4140.03983558053,49.31205605840439,4249.350999901521,-160.29041043076845,-160.29041043076845,-160.29041043076845,-160.29041043076845,-160.29041043076845,-160.29041043076845,0.0,0.0,0.0,1896.8395798582262
14273,2018-09-13,2057.276988315619,-98.96478446592378,4127.721844489735,48.90866854372768,4250.357576971545,-160.20185260351494,-160.20185260351494,-160.20185260351494,-160.20185260351494,-160.20185260351494,-160.20185260351494,0.0,0.0,0.0,1897.075135712104
14274,2018-09-14,2057.4239863422426,-125.38440225507938,4080.529369014177,48.52096768220035,4251.36415404157,-160.1133881338444,-160.1133881338444,-160.1133881338444,-160.1133881338444,-160.1133881338444,-160.1133881338444,0.0,0.0,0.0,1897.3105982083982
14275,2018-09-17,2057.8649804221145,-97.14632785140392,4118.360772931698,47.35786509761608,4254.38388525164,-159.848521038811,-159.848521038811,-159.848521038811,-159.848521038811,-159.848521038811,-159.848521038811,0.0,0.0,0.0,1898.0164593833035
14276,2018-09-18,2058.011978448739,-108.09997807704352,4128.5267824353805,46.97016423608756,4255.390462321665,-159.76039616199492,-159.76039616199492,-159.76039616199492,-159.76039616199492,-159.76039616199492,-159.76039616199492,0.0,0.0,0.0,1898.2515822867438
14277,2018-09-19,2058.1589764753626,-100.32488386317243,4112.635177286974,46.58246337456024,4256.397039391687,-159.67234771857895,-159.67234771857895,-159.67234771857895,-159.67234771857895,-159.67234771857895,-159.67234771857895,0.0,0.0,0.0,1898.4866287567836
14278,2018-09-20,2058.305974501987,-92.17569324354912,4113.276154107016,46.24119344229993,4257.403616461711,-159.5843723209749,-159.5843723209749,-159.5843723209749,-159.5843723209749,-159.5843723209749,-159.5843723209749,0.0,0.0,0.0,1898.721602181012
14279,2018-09-21,2058.4529725286106,-97.07900686005638,4131.594621600726,45.90389330046982,4258.410193531736,-159.49646658101787,-159.49646658101787,-159.49646658101787,-159.49646658101787,-159.49646658101787,-159.49646658101787,0.0,0.0,0.0,1898.9565059475929
14280,2018-09-24,2058.8939666084825,-121.12023351681181,4131.681404013881,44.89199287498156,4261.429924741807,-159.23313341982498,-159.23313341982498,-159.23313341982498,-159.23313341982498,-159.23313341982498,-159.23313341982498,0.0,0.0,0.0,1899.6608331886575
14281,2018-09-25,2059.0409646351063,-104.7450030373007,4111.746000530731,44.55469273315234,4262.436501811828,-159.14547242242205,-159.14547242242205,-159.14547242242205,-159.14547242242205,-159.14547242242205,-159.14547242242205,0.0,0.0,0.0,1899.8954922126843
14282,2018-09-26,2059.1879626617306,-123.08488405131989,4136.472125968825,44.21739259132223,4263.443078881853,-159.05786413832783,-159.05786413832783,-159.05786413832783,-159.05786413832783,-159.05786413832783,-159.05786413832783,0.0,0.0,0.0,1900.1300985234027
14283,2018-09-27,2059.3349606883544,-101.77238317027621,4135.724174909925,43.88009244949301,4264.4496559518775,-158.97030517899344,-158.97030517899344,-158.97030517899344,-158.97030517899344,-158.97030517899344,-158.97030517899344,0.0,0.0,0.0,1900.364655509361
14284,2018-09-28,2059.4819587149786,-140.9265299277846,4139.058519940974,43.54279230766318,4265.4562330219,-158.88279215631337,-158.88279215631337,-158.88279215631337,-158.88279215631337,-158.88279215631337,-158.88279215631337,0.0,0.0,0.0,1900.5991665586653
14285,2018-10-01,2059.922952794851,-127.08067631326796,4138.441512817273,42.530891882174636,4268.475964231972,-158.62049483687602,-158.62049483687602,-158.62049483687602,-158.62049483687602,-158.62049483687602,-158.62049483687602,0.0,0.0,0.0,1901.3024579579749
14286,2018-10-02,2060.069950821475,-120.78610955132629,4118.756480972805,42.19359174034542,4269.4825413019935,-158.5331316937449,-158.5331316937449,-158.5331316937449,-158.5331316937449,-158.5331316937449,-158.5331316937449,0.0,0.0,0.0,1901.5368191277298
14287,2018-10-03,2060.2169488480986,-120.92791580471344,4112.751973008394,41.85629159851559,4270.489118372019,-158.44579755849412,-158.44579755849412,-158.44579755849412,-158.44579755849412,-158.44579755849412,-158.44579755849412,0.0,0.0,0.0,1901.7711512896044
14288,2018-10-04,2060.363946874723,-129.2380123166079,4138.098485728317,41.51899145668637,4271.495695442042,-158.35848904873086,-158.35848904873086,-158.35848904873086,-158.35848904873086,-158.35848904873086,-158.35848904873086,0.0,0.0,0.0,1902.005457825992
14289,2018-10-05,2060.5109449013466,-115.1803074438999,4134.323780087055,41.181691314856536,4272.502272512064,-158.27120278351813,-158.27120278351813,-158.27120278351813,-158.27120278351813,-158.27120278351813,-158.27120278351813,0.0,0.0,0.0,1902.2397421178284
14290,2018-10-08,2060.9519389812185,-120.82569859706118,4138.117741363139,40.169790889367995,4275.522003722135,-158.00944367068192,-158.00944367068192,-158.00944367068192,-158.00944367068192,-158.00944367068192,-158.00944367068192,0.0,0.0,0.0,1902.9424953105365
14291,2018-10-09,2061.098937007843,-132.06308582325366,4124.376091594166,39.832490747538785,4276.528580792159,-157.92221260846182,-157.92221260846182,-157.92221260846182,-157.92221260846182,-157.92221260846182,-157.92221260846182,0.0,0.0,0.0,1903.1767243993809
14292,2018-10-10,2061.2459350344666,-153.11470734257063,4118.47460199888,39.49519060570894,4277.535157862184,-157.8349869129789,-157.8349869129789,-157.8349869129789,-157.8349869129789,-157.8349869129789,-157.8349869129789,0.0,0.0,0.0,1903.4109481214878
14293,2018-10-11,2061.3929330610913,-120.26910305674843,4123.656236953863,39.1578904638782,4278.5417349322115,-157.74776321504555,-157.74776321504555,-157.74776321504555,-157.74776321504555,-157.74776321504555,-157.74776321504555,0.0,0.0,0.0,1903.6451698460457
14294,2018-10-12,2061.539931087715,-135.33718638976984,4132.72026928939,38.820590322048716,4279.548312002235,-157.66053814793085,-157.66053814793085,-157.66053814793085,-157.66053814793085,-157.66053814793085,-157.66053814793085,0.0,0.0,0.0,1903.8793929397843
14295,2018-10-15,2061.980925167587,-126.89232099234928,4137.595677045998,37.80868989656045,4282.568043212306,-157.39882110402831,-157.39882110402831,-157.39882110402831,-157.39882110402831,-157.39882110402831,-157.39882110402831,0.0,0.0,0.0,1904.5821040635587
14296,2018-10-16,2062.1279231942112,-117.88542579616295,4164.6387368460655,37.47138975473061,4283.5746202823275,-157.3115569469895,-157.3115569469895,-157.3115569469895,-157.3115569469895,-157.3115569469895,-157.3115569469895,0.0,0.0,0.0,1904.8163662472218
14297,2018-10-17,2062.274921220835,-124.16944519940748,4160.026008736112,37.13408961290113,4284.581197352352,-157.22427462893478,-157.22427462893478,-157.22427462893478,-157.22427462893478,-157.22427462893478,-157.22427462893478,0.0,0.0,0.0,1905.0506465919002
14298,2018-10-18,2062.4219192474593,-127.77356866212247,4130.028575214752,36.796789471071286,4285.587774422377,-157.13697080084847,-157.13697080084847,-157.13697080084847,-157.13697080084847,-157.13697080084847,-157.13697080084847,0.0,0.0,0.0,1905.2849484466108
14299,2018-10-19,2062.568917274083,-118.9346774118024,4162.598017850579,36.459489329242075,4286.592606853027,-157.0496421171622,-157.0496421171622,-157.0496421171622,-157.0496421171622,-157.0496421171622,-157.0496421171622,0.0,0.0,0.0,1905.519275156921
14300,2018-10-22,2063.009911353955,-114.26461806010582,4143.970668153986,34.58571721074059,4289.393592275529,-156.78747353142597,-156.78747353142597,-156.78747353142597,-156.78747353142597,-156.78747353142597,-156.78747353142597,0.0,0.0,0.0,1906.222437822529
14301,2018-10-23,2063.156909380579,-150.93957873152252,4178.023333817915,32.800950635486785,4290.327254083032,-156.70001204344834,-156.70001204344834,-156.70001204344834,-156.70001204344834,-156.70001204344834,-156.70001204344834,0.0,0.0,0.0,1906.4568973371304
14302,2018-10-24,2063.303907407203,-127.18256649127493,4156.023472798443,31.016184060237997,4291.260915890533,-156.61250902859652,-156.61250902859652,-156.61250902859652,-156.61250902859652,-156.61250902859652,-156.61250902859652,0.0,0.0,0.0,1906.6913983786064
14303,2018-10-25,2063.450905433827,-136.80352653753494,4169.733776776494,29.2314174849892,4292.194577698035,-156.5249611649043,-156.5249611649043,-156.5249611649043,-156.5249611649043,-156.5249611649043,-156.5249611649043,0.0,0.0,0.0,1906.9259442689226
14304,2018-10-26,2063.597903460451,-137.1550348197943,4157.317685448241,27.446650909740406,4293.128239505534,-156.43736513482654,-156.43736513482654,-156.43736513482654,-156.43736513482654,-156.43736513482654,-156.43736513482654,0.0,0.0,0.0,1907.1605383256247
14305,2018-10-29,2064.0388975403234,-122.85392836343995,4184.231615247128,22.09235118398874,4295.929224928037,-156.17425494000108,-156.17425494000108,-156.17425494000108,-156.17425494000108,-156.17425494000108,-156.17425494000108,0.0,0.0,0.0,1907.8646426003224
14306,2018-10-30,2064.1858955669472,-108.72714187220352,4117.839168124849,20.307584608739944,4296.862886735538,-156.08643316212925,-156.08643316212925,-156.08643316212925,-156.08643316212925,-156.08643316212925,-156.08643316212925,0.0,0.0,0.0,1908.099462404818
14307,2018-10-31,2064.332893593571,-128.57345391909888,4181.376607062688,18.522818033491152,4297.7965485430395,-155.99854670125,-155.99854670125,-155.99854670125,-155.99854670125,-155.99854670125,-155.99854670125,0.0,0.0,0.0,1908.334346892321
14308,2018-11-01,2064.4798916201953,-135.95052384539133,4169.257441208055,16.73805145823735,4298.73021035054,-155.91059226921965,-155.91059226921965,-155.91059226921965,-155.91059226921965,-155.91059226921965,-155.91059226921965,0.0,0.0,0.0,1908.5692993509756
14309,2018-11-02,2064.626889646819,-158.22091405450738,4172.447931225666,14.953284882988276,4299.663872158041,-155.82256658327358,-155.82256658327358,-155.82256658327358,-155.82256658327358,-155.82256658327358,-155.82256658327358,0.0,0.0,0.0,1908.8043230635456
14310,2018-11-05,2065.067883726691,-137.61804333449942,4181.768510196802,9.598985157236887,4302.464857580543,-155.55802925779983,-155.55802925779983,-155.55802925779983,-155.55802925779983,-155.55802925779983,-155.55802925779983,0.0,0.0,0.0,1909.5098544688913
14311,2018-11-06,2065.2148817533152,-140.11297713835268,4180.740072620312,7.814218581988093,4303.398519388044,-155.46968584083572,-155.46968584083572,-155.46968584083572,-155.46968584083572,-155.46968584083572,-155.46968584083572,0.0,0.0,0.0,1909.7451959124796
14312,2018-11-07,2065.361879779939,-143.74236653264822,4184.06381128837,6.029452006739019,4304.332181195547,-155.3812548415333,-155.3812548415333,-155.3812548415333,-155.3812548415333,-155.3812548415333,-155.3812548415333,0.0,0.0,0.0,1909.9806249384058
14313,2018-11-08,2065.508877806563,-151.5151868713187,4156.46595338033,4.2446854314902245,4305.265843003046,-155.29273301223034,-155.29273301223034,-155.29273301223034,-155.29273301223034,-155.29273301223034,-155.29273301223034,0.0,0.0,0.0,1910.2161447943324
14314,2018-11-09,2065.655875833187,-146.7592523815701,4190.2724712633135,2.4599188562414294,4306.199504810547,-155.20411711158562,-155.20411711158562,-155.20411711158562,-155.20411711158562,-155.20411711158562,-155.20411711158562,0.0,0.0,0.0,1910.4517587216014
14315,2018-11-12,2066.0968699130594,-148.54986843752354,4167.138502129326,-0.41406614044061635,4308.966227766894,-154.9376726657587,-154.9376726657587,-154.9376726657587,-154.9376726657587,-154.9376726657587,-154.9376726657587,0.0,0.0,0.0,1911.1591972473007
14316,2018-11-13,2066.2438679396837,-156.7731484808535,4180.28423614038,-1.2805017039003483,4309.87378372976,-154.848648197362,-154.848648197362,-154.848648197362,-154.848648197362,-154.848648197362,-154.848648197362,0.0,0.0,0.0,1911.3952197423216
14317,2018-11-14,2066.3908659663075,-161.6314121328832,4152.694597841695,-2.146937267359524,4310.781339692626,-154.75951355034795,-154.75951355034795,-154.75951355034795,-154.75951355034795,-154.75951355034795,-154.75951355034795,0.0,0.0,0.0,1911.6313524159596
14318,2018-11-15,2066.5378639929318,-161.27630494612225,4201.710254400573,-3.0133728308187,4311.6888956554885,-154.6702655240715,-154.6702655240715,-154.6702655240715,-154.6702655240715,-154.6702655240715,-154.6702655240715,0.0,0.0,0.0,1911.8675984688603
14319,2018-11-16,2066.6848620195556,-131.42895110600622,4176.357754212174,-3.879808394277876,4312.596451618356,-154.5809009251311,-154.5809009251311,-154.5809009251311,-154.5809009251311,-154.5809009251311,-154.5809009251311,0.0,0.0,0.0,1912.1039610944244
14320,2018-11-19,2067.1258560994274,-149.06946812062537,4161.189715291442,-6.316286339948221,4315.31911950695,-154.3120758696697,-154.3120758696697,-154.3120758696697,-154.3120758696697,-154.3120758696697,-154.3120758696697,0.0,0.0,0.0,1912.8137802297576
14321,2018-11-20,2067.2728541260517,-122.68520976850687,4199.977020326371,-7.008770986104128,4316.476920042264,-154.22221319544943,-154.22221319544943,-154.22221319544943,-154.22221319544943,-154.22221319544943,-154.22221319544943,0.0,0.0,0.0,1913.0506409306022
14322,2018-11-21,2067.4198521526755,-155.69142218876001,4160.760876803658,-7.701255632260104,4317.663067515271,-154.132218094734,-154.132218094734,-154.132218094734,-154.132218094734,-154.132218094734,-154.132218094734,0.0,0.0,0.0,1913.2876340579414
14323,2018-11-23,2067.7138482059236,-148.03596011583375,4200.314451961265,-9.086224924574488,4320.03536246129,-153.95181803305837,-153.95181803305837,-153.95181803305837,-153.95181803305837,-153.95181803305837,-153.95181803305837,0.0,0.0,0.0,1913.7620301728653
14324,2018-11-26,2068.154842285796,-156.63262932559743,4200.142552218527,-11.163678863042346,4323.59380488032,-153.68014632856125,-153.68014632856125,-153.68014632856125,-153.68014632856125,-153.68014632856125,-153.68014632856125,0.0,0.0,0.0,1914.4746959572346
14325,2018-11-27,2068.3018403124197,-148.0611865040719,4178.114530466826,-11.856163509198323,4324.779952353327,-153.58929086665074,-153.58929086665074,-153.58929086665074,-153.58929086665074,-153.58929086665074,-153.58929086665074,0.0,0.0,0.0,1914.712549445769
14326,2018-11-28,2068.4488383390435,-154.22673545622277,4186.135391873287,-12.548648155356801,4325.966099826339,-153.49828112314862,-153.49828112314862,-153.49828112314862,-153.49828112314862,-153.49828112314862,-153.49828112314862,0.0,0.0,0.0,1914.9505572158948
14327,2018-11-29,2068.5958363656678,-166.38631442688873,4170.565937120499,-13.241132801512709,4327.152247299351,-153.40711401050382,-153.40711401050382,-153.40711401050382,-153.40711401050382,-153.40711401050382,-153.40711401050382,0.0,0.0,0.0,1915.188722355164
14328,2018-11-30,2068.7428343922916,-160.97402588947207,4197.17138591247,-13.933617447668682,4328.338394772358,-153.31578645019115,-153.31578645019115,-153.31578645019115,-153.31578645019115,-153.31578645019115,-153.31578645019115,0.0,0.0,0.0,1915.4270479421004
14329,2018-12-03,2069.1838284721634,-169.85584658071122,4198.755163440109,-16.011071386136543,4331.896837191388,-153.04081043599254,-153.04081043599254,-153.04081043599254,-153.04081043599254,-153.04081043599254,-153.04081043599254,0.0,0.0,0.0,1916.1430180361708
14330,2018-12-04,2069.3308264987877,-179.67693626600513,4195.637029230951,-16.703556032295015,4333.082984664395,-152.94881048462202,-152.94881048462202,-152.94881048462202,-152.94881048462202,-152.94881048462202,-152.94881048462202,0.0,0.0,0.0,1916.3820160141656
14331,2018-12-06,2069.6248225520353,-193.31710478097597,4209.316042930419,-17.6488296257193,4335.455279610419,-152.7642804584022,-152.7642804584022,-152.7642804584022,-152.7642804584022,-152.7642804584022,-152.7642804584022,0.0,0.0,0.0,1916.860542093633
14332,2018-12-07,2069.7718205786596,-163.45969663032727,4208.085175434235,-17.868037945239692,4336.641427083426,-152.67174434988905,-152.67174434988905,-152.67174434988905,-152.67174434988905,-152.67174434988905,-152.67174434988905,0.0,0.0,0.0,1917.1000762287706
14333,2018-12-10,2070.2128146585314,-171.9085459682446,4197.290451758679,-18.52566290379989,4340.199869502456,-152.39301565087035,-152.39301565087035,-152.39301565087035,-152.39301565087035,-152.39301565087035,-152.39301565087035,0.0,0.0,0.0,1917.819799007661
14334,2018-12-11,2070.359812685156,-152.36921436130538,4194.366399030788,-18.744871223321184,4341.386016975468,-152.29972268845341,-152.29972268845341,-152.29972268845341,-152.29972268845341,-152.29972268845341,-152.29972268845341,0.0,0.0,0.0,1918.0600899967028
14335,2018-12-12,2070.50681071178,-168.4460697036103,4225.148692662053,-18.96407954284157,4342.572164448479,-152.20623308484352,-152.20623308484352,-152.20623308484352,-152.20623308484352,-152.20623308484352,-152.20623308484352,0.0,0.0,0.0,1918.3005776269365
14336,2018-12-13,2070.653808738404,-192.8452867537802,4215.41301040056,-19.18328786236134,4343.758311921487,-152.1125438899815,-152.1125438899815,-152.1125438899815,-152.1125438899815,-152.1125438899815,-152.1125438899815,0.0,0.0,0.0,1918.5412648484228
14337,2018-12-14,2070.800806765028,-178.96744518557128,4209.402708238975,-19.402496181882007,4344.944459394498,-152.0186521645292,-152.0186521645292,-152.0186521645292,-152.0186521645292,-152.0186521645292,-152.0186521645292,0.0,0.0,0.0,1918.7821546004989
14338,2018-12-17,2071.2418008449,-168.67189144461616,4219.154280523217,-20.060121140442554,4348.502901813528,-151.73573257448456,-151.73573257448456,-151.73573257448456,-151.73573257448456,-151.73573257448456,-151.73573257448456,0.0,0.0,0.0,1919.5060682704154
14339,2018-12-18,2071.388798871524,-191.3054676012104,4224.521714630683,-20.27932945996294,4349.689049286536,-151.64100155176106,-151.64100155176106,-151.64100155176106,-151.64100155176106,-151.64100155176106,-151.64100155176106,0.0,0.0,0.0,1919.747797319763
14340,2018-12-19,2071.5357968981484,-179.25157733504676,4220.315081771536,-20.498537779482984,4350.902385109976,-151.54605346663087,-151.54605346663087,-151.54605346663087,-151.54605346663087,-151.54605346663087,-151.54605346663087,0.0,0.0,0.0,1919.9897434315176
14341,2018-12-20,2071.682794924772,-174.3384962121813,4215.665193185716,-20.717746099003378,4352.361695219468,-151.45088544651614,-151.45088544651614,-151.45088544651614,-151.45088544651614,-151.45088544651614,-151.45088544651614,0.0,0.0,0.0,1920.231909478256
14342,2018-12-21,2071.8297929513965,-148.09617057560337,4223.027492576853,-22.05786491992207,4353.821005328964,-151.35549463037032,-151.35549463037032,-151.35549463037032,-151.35549463037032,-151.35549463037032,-151.35549463037032,0.0,0.0,0.0,1920.4742983210263
14343,2018-12-24,2072.2707870312684,-171.4580299174378,4195.295033235507,-26.232418593361878,4357.060031067596,-151.06795697057177,-151.06795697057177,-151.06795697057177,-151.06795697057177,-151.06795697057177,-151.06795697057177,0.0,0.0,0.0,1921.2028300606967
14344,2018-12-26,2072.564783084516,-150.70025699675733,4239.017853220784,-29.01545437565203,4359.7415339299505,-150.87509929375625,-150.87509929375625,-150.87509929375625,-150.87509929375625,-150.87509929375625,-150.87509929375625,0.0,0.0,0.0,1921.6896837907598
14345,2018-12-27,2072.71178111114,-197.1728183411702,4218.541284465979,-30.406972266796963,4361.082285361125,-150.77831227926103,-150.77831227926103,-150.77831227926103,-150.77831227926103,-150.77831227926103,-150.77831227926103,0.0,0.0,0.0,1921.9334688318793
14346,2018-12-28,2072.858779137764,-183.17431013205245,4212.8905294674205,-31.798490157946905,4362.3766336430035,-150.6812827736725,-150.6812827736725,-150.6812827736725,-150.6812827736725,-150.6812827736725,-150.6812827736725,0.0,0.0,0.0,1922.1774963640914
14347,2018-12-31,2073.299773217636,-174.82332505928238,4238.649498538341,-35.973043831381986,4364.975136431181,-150.38871172533132,-150.38871172533132,-150.38871172533132,-150.38871172533132,-150.38871172533132,-150.38871172533132,0.0,0.0,0.0,1922.9110614923045
14348,2019-01-02,2073.593769270884,-204.1344099425172,4224.897194590387,-38.473235810934284,4365.481976076587,-150.19240155294975,-150.19240155294975,-150.19240155294975,-150.19240155294975,-150.19240155294975,-150.19240155294975,0.0,0.0,0.0,1923.4013677179341
14349,2019-01-03,2073.7407672975082,-188.25841106885977,4204.541085300894,-39.29597707615969,4365.735395899291,-150.09385948281673,-150.09385948281673,-150.09385948281673,-150.09385948281673,-150.09385948281673,-150.09385948281673,0.0,0.0,0.0,1923.6469078146915
14350,2019-01-04,2073.887765324132,-193.5626448840943,4244.221279197789,-40.11871834138759,4365.988815721993,-149.99505583505677,-149.99505583505677,-149.99505583505677,-149.99505583505677,-149.99505583505677,-149.99505583505677,0.0,0.0,0.0,1923.8927094890753
14351,2019-01-07,2074.3287594040044,-179.75775137630444,4245.366629596935,-42.586942137064355,4366.749075190103,-149.69704874441834,-149.69704874441834,-149.69704874441834,-149.69704874441834,-149.69704874441834,-149.69704874441834,0.0,0.0,0.0,1924.6317106595861
14352,2019-01-08,2074.475757430628,-189.88026844962664,4215.28511364578,-43.40968340228976,4367.0024950128045,-149.59717217135045,-149.59717217135045,-149.59717217135045,-149.59717217135045,-149.59717217135045,-149.59717217135045,0.0,0.0,0.0,1924.8785852592778
14353,2019-01-09,2074.6227554572524,-183.46590990094646,4228.344011427362,-44.23242466751571,4367.2559148355085,-149.49702078041963,-149.49702078041963,-149.49702078041963,-149.49702078041963,-149.49702078041963,-149.49702078041963,0.0,0.0,0.0,1925.1257346768327
14354,2019-01-10,2074.7697534838767,-166.71555621980733,4250.339682934528,-45.055165932746675,4367.5093346582125,-149.3965919642365,-149.3965919642365,-149.3965919642365,-149.3965919642365,-149.3965919642365,-149.3965919642365,0.0,0.0,0.0,1925.3731615196402
14355,2019-01-11,2074.9167515105005,-178.67798582487555,4222.622653609416,-45.877907197972085,4368.225757284558,-149.29588312920515,-149.29588312920515,-149.29588312920515,-149.29588312920515,-149.29588312920515,-149.29588312920515,0.0,0.0,0.0,1925.6208683812954
14356,2019-01-14,2075.357745590373,-182.09579425423482,4237.852421926152,-48.34613099364884,4372.686447428358,-148.99205078407846,-148.99205078407846,-148.99205078407846,-148.99205078407846,-148.99205078407846,-148.99205078407846,0.0,0.0,0.0,1926.3656948062944
14357,2019-01-15,2075.5047436169966,-166.68386733835746,4238.584154652099,-49.168872258876746,4374.446073418275,-148.8901962170799,-148.8901962170799,-148.8901962170799,-148.8901962170799,-148.8901962170799,-148.8901962170799,0.0,0.0,0.0,1926.6145473999168
14358,2019-01-16,2075.651741643621,-189.8409127518438,4233.123468336251,-49.99161352410215,4376.205699408196,-148.78804887366525,-148.78804887366525,-148.78804887366525,-148.78804887366525,-148.78804887366525,-148.78804887366525,0.0,0.0,0.0,1926.8636927699556
14359,2019-01-17,2075.7987396702447,-190.82662630227793,4224.719268829547,-50.814354789328114,4377.965325398118,-148.68560624509774,-148.68560624509774,-148.68560624509774,-148.68560624509774,-148.68560624509774,-148.68560624509774,0.0,0.0,0.0,1927.113133425147
14360,2019-01-18,2075.945737696869,-198.12500273344094,4288.302065198037,-51.63709605455351,4379.724951388039,-148.58286583712962,-148.58286583712962,-148.58286583712962,-148.58286583712962,-148.58286583712962,-148.58286583712962,0.0,0.0,0.0,1927.3628718597392
14361,2019-01-22,2076.5337298033646,-210.0179909240562,4219.461201159976,-54.74289430598859,4386.763455347724,-148.1688770387986,-148.1688770387986,-148.1688770387986,-148.1688770387986,-148.1688770387986,-148.1688770387986,0.0,0.0,0.0,1928.364852764566
14362,2019-01-23,2076.6807278299884,-190.74577318694782,4260.2045896882355,-55.46822150372418,4388.5230813376465,-148.06461083395232,-148.06461083395232,-148.06461083395232,-148.06461083395232,-148.06461083395232,-148.06461083395232,0.0,0.0,0.0,1928.616116996036
14363,2019-01-24,2076.8277258566127,-196.74455786928422,4248.847101410478,-56.19354870145976,4390.282707327567,-147.96003219385767,-147.96003219385767,-147.96003219385767,-147.96003219385767,-147.96003219385767,-147.96003219385767,0.0,0.0,0.0,1928.867693662755
14364,2019-01-25,2076.9747238832365,-183.8941784209978,4265.734906538562,-56.91887589919785,4392.042333317483,-147.85513872836165,-147.85513872836165,-147.85513872836165,-147.85513872836165,-147.85513872836165,-147.85513872836165,0.0,0.0,0.0,1929.1195851548748
14365,2019-01-28,2077.4157179631084,-219.40542674957678,4237.8303312417265,-59.0948574924046,4397.321211287248,-147.53854570719338,-147.53854570719338,-147.53854570719338,-147.53854570719338,-147.53854570719338,-147.53854570719338,0.0,0.0,0.0,1929.877172255915
14366,2019-01-29,2077.5627159897326,-172.0631673941982,4257.717239264553,-59.82018469014018,4399.080837277169,-147.43236934486825,-147.43236934486825,-147.43236934486825,-147.43236934486825,-147.43236934486825,-147.43236934486825,0.0,0.0,0.0,1930.1303466448644
14367,2019-01-30,2077.7097140163564,-214.35220292231477,4294.883034188924,-60.54551188787576,4400.840463267091,-147.32586643689802,-147.32586643689802,-147.32586643689802,-147.32586643689802,-147.32586643689802,-147.32586643689802,0.0,0.0,0.0,1930.3838475794585
14368,2019-01-31,2077.8567120429807,-185.03595713794073,4299.345519213752,-61.270839085613844,4402.600089257012,-147.21903468596662,-147.21903468596662,-147.21903468596662,-147.21903468596662,-147.21903468596662,-147.21903468596662,0.0,0.0,0.0,1930.6376773570141
14369,2019-02-01,2078.0037100696045,-223.98403342351816,4250.3349878603285,-61.99616628334943,4404.359715246934,-147.11187181054785,-147.11187181054785,-147.11187181054785,-147.11187181054785,-147.11187181054785,-147.11187181054785,0.0,0.0,0.0,1930.8918382590566
14370,2019-02-04,2078.444704149477,-216.89220150940264,4276.440898637179,-64.17214787655618,4409.638593216692,-146.78837386073036,-146.78837386073036,-146.78837386073036,-146.78837386073036,-146.78837386073036,-146.78837386073036,0.0,0.0,0.0,1931.6563302887464
14371,2019-02-05,2078.5917021761006,-213.11740062350935,4264.106244997664,-64.89747507429426,4411.398219206614,-146.6798639908748,-146.6798639908748,-146.6798639908748,-146.6798639908748,-146.6798639908748,-146.6798639908748,0.0,0.0,0.0,1931.9118381852259
14372,2019-02-06,2078.738700202725,-185.0356685073906,4268.208256647828,-65.62280227202984,4413.157845196536,-146.57101182874194,-146.57101182874194,-146.57101182874194,-146.57101182874194,-146.57101182874194,-146.57101182874194,0.0,0.0,0.0,1932.1676883739829
14373,2019-02-07,2078.8856982293487,-213.71016520249148,4263.994101182325,-66.34812946976544,4414.917471186457,-146.46181518933926,-146.46181518933926,-146.46181518933926,-146.46181518933926,-146.46181518933926,-146.46181518933926,0.0,0.0,0.0,1932.4238830400095
14374,2019-02-08,2079.0326962559725,-194.52599038472653,4263.046816442256,-67.07345666750102,4416.677097176378,-146.35227190406593,-146.35227190406593,-146.35227190406593,-146.35227190406593,-146.35227190406593,-146.35227190406593,0.0,0.0,0.0,1932.6804243519066
14375,2019-02-11,2079.4736903358453,-186.62986022760754,4269.490913889011,-69.2494382607129,4421.208312303853,-146.02154073453838,-146.02154073453838,-146.02154073453838,-146.02154073453838,-146.02154073453838,-146.02154073453838,0.0,0.0,0.0,1933.452149601307
14376,2019-02-12,2079.620688362469,-203.25132360760443,4257.982449461183,-69.97476545844849,4422.568626326845,-145.9105895103837,-145.9105895103837,-145.9105895103837,-145.9105895103837,-145.9105895103837,-145.9105895103837,0.0,0.0,0.0,1933.7100988520854
14377,2019-02-13,2079.7676863890933,-217.77268258464898,4266.649645080103,-70.70009265618408,4423.928940349832,-145.79928104602973,-145.79928104602973,-145.79928104602973,-145.79928104602973,-145.79928104602973,-145.79928104602973,0.0,0.0,0.0,1933.9684053430635
14378,2019-02-14,2079.914684415717,-204.23785867806313,4280.508505350138,-71.42541985391965,4425.289254372825,-145.68761327291105,-145.68761327291105,-145.68761327291105,-145.68761327291105,-145.68761327291105,-145.68761327291105,0.0,0.0,0.0,1934.2270711428062
14379,2019-02-15,2080.0616824423414,-168.95515822161065,4286.528923794572,-72.15074705165524,4426.649568395816,-145.57558413941933,-145.57558413941933,-145.57558413941933,-145.57558413941933,-145.57558413941933,-145.57558413941933,0.0,0.0,0.0,1934.486098302922
14380,2019-02-19,2080.649674548837,-217.35064444084063,4284.3856881351285,-75.05205584260008,4432.090824487775,-145.1238135672555,-145.1238135672555,-145.1238135672555,-145.1238135672555,-145.1238135672555,-145.1238135672555,0.0,0.0,0.0,1935.5258609815817
14381,2019-02-20,2080.7966725754613,-199.75475558739302,4296.748295559519,-75.77738304033565,4433.451138510763,-145.00994745655464,-145.00994745655464,-145.00994745655464,-145.00994745655464,-145.00994745655464,-145.00994745655464,0.0,0.0,0.0,1935.7867251189068
14382,2019-02-21,2080.943670602085,-204.34899225766372,4277.029573351033,-76.50271023807375,4434.811452533754,-144.89570803616854,-144.89570803616854,-144.89570803616854,-144.89570803616854,-144.89570803616854,-144.89570803616854,0.0,0.0,0.0,1936.0479625659166
14383,2019-02-22,2081.090668628709,-210.83855754995326,4296.0899860214295,-77.22803743580931,4436.171766556747,-144.78109337531248,-144.78109337531248,-144.78109337531248,-144.78109337531248,-144.78109337531248,-144.78109337531248,0.0,0.0,0.0,1936.3095752533964
14384,2019-02-25,2081.531662708581,-232.19888259352174,4300.996842378973,-79.4029162968775,4440.252708625713,-144.4349789058608,-144.4349789058608,-144.4349789058608,-144.4349789058608,-144.4349789058608,-144.4349789058608,0.0,0.0,0.0,1937.09668380272
14385,2019-02-26,2081.678660735205,-214.79588358660365,4302.377579602625,-80.1239408520395,4441.613022648705,-144.31884432750434,-144.31884432750434,-144.31884432750434,-144.31884432750434,-144.31884432750434,-144.31884432750434,0.0,0.0,0.0,1937.3598164077007
14386,2019-02-27,2081.825658761829,-197.21989215824988,4319.208246619723,-80.84496540719914,4442.973336671692,-144.20232511956064,-144.20232511956064,-144.20232511956064,-144.20232511956064,-144.20232511956064,-144.20232511956064,0.0,0.0,0.0,1937.6233336422683
14387,2019-02-28,2081.972656788453,-208.80956840689436,4308.370114415556,-81.56598996235863,4444.333650694684,-144.08541945766478,-144.08541945766478,-144.08541945766478,-144.08541945766478,-144.08541945766478,-144.08541945766478,0.0,0.0,0.0,1937.8872373307884
14388,2019-03-01,2082.1196548150774,-203.1414915404361,4287.1791756838265,-82.28701451751827,4445.693964717677,-143.96812553543808,-143.96812553543808,-143.96812553543808,-143.96812553543808,-143.96812553543808,-143.96812553543808,0.0,0.0,0.0,1938.1515292796394
14389,2019-03-04,2082.5606488949493,-211.50571258310137,4310.028215206023,-84.45008818299942,4449.7749067866425,-143.6138964141418,-143.6138964141418,-143.6138964141418,-143.6138964141418,-143.6138964141418,-143.6138964141418,0.0,0.0,0.0,1938.9467524808074
14390,2019-03-05,2082.707646921573,-221.9226492851107,4303.388436555426,-85.17111273815905,4451.135220809634,-143.49503174881647,-143.49503174881647,-143.49503174881647,-143.49503174881647,-143.49503174881647,-143.49503174881647,0.0,0.0,0.0,1939.2126151727566
14391,2019-03-06,2082.8546449481973,-224.38242219475146,4304.847993767444,-85.89213729331854,4452.495534832621,-143.3757700633596,-143.3757700633596,-143.3757700633596,-143.3757700633596,-143.3757700633596,-143.3757700633596,0.0,0.0,0.0,1939.4788748848378
14392,2019-03-07,2083.001642974821,-232.16237151733625,4305.26434581826,-86.61316184847819,4453.855848855614,-143.2561096606919,-143.2561096606919,-143.2561096606919,-143.2561096606919,-143.2561096606919,-143.2561096606919,0.0,0.0,0.0,1939.7455333141293
14393,2019-03-08,2083.148641001445,-227.75711536687638,4322.931547358689,-87.33418640363769,4455.17077488677,-143.13604886217763,-143.13604886217763,-143.13604886217763,-143.13604886217763,-143.13604886217763,-143.13604886217763,0.0,0.0,0.0,1940.0125921392673
14394,2019-03-11,2083.5896350813177,-253.44244753886605,4317.122513339848,-89.07786021692725,4458.775798041402,-142.77344758319003,-142.77344758319003,-142.77344758319003,-142.77344758319003,-142.77344758319003,-142.77344758319003,0.0,0.0,0.0,1940.8161874981276
14395,2019-03-12,2083.736633107942,-222.21796926846548,4300.510172623459,-89.55392771747927,4459.97747242628,-142.6517687860115,-142.6517687860115,-142.6517687860115,-142.6517687860115,-142.6517687860115,-142.6517687860115,0.0,0.0,0.0,1941.0848643219306
14396,2019-03-13,2083.883631134566,-223.5945953092239,4323.138536473697,-90.02999521803255,4461.179146811153,-142.5296814786495,-142.5296814786495,-142.5296814786495,-142.5296814786495,-142.5296814786495,-142.5296814786495,0.0,0.0,0.0,1941.3539496559163
14397,2019-03-14,2084.0306291611896,-247.76758895779594,4323.1457227072415,-90.50606271858487,4462.380821196032,-142.40718409442843,-142.40718409442843,-142.40718409442843,-142.40718409442843,-142.40718409442843,-142.40718409442843,0.0,0.0,0.0,1941.6234450667612
14398,2019-03-15,2084.177627187814,-235.4457791722753,4321.991971272688,-90.98213021913816,4463.582495580906,-142.28427508554356,-142.28427508554356,-142.28427508554356,-142.28427508554356,-142.28427508554356,-142.28427508554356,0.0,0.0,0.0,1941.8933521022702
14399,2019-03-18,2084.6186212676857,-242.1188268007525,4322.666399482729,-92.4103327207955,4467.187518735537,-141.91306311708357,-141.91306311708357,-141.91306311708357,-141.91306311708357,-141.91306311708357,-141.91306311708357,0.0,0.0,0.0,1942.7055581506022
14400,2019-03-19,2084.7656192943095,-198.25954678578026,4329.299710484205,-92.88640022134906,4468.389193120416,-141.78849251086604,-141.78849251086604,-141.78849251086604,-141.78849251086604,-141.78849251086604,-141.78849251086604,0.0,0.0,0.0,1942.9771267834435
14401,2019-03-20,2084.912617320934,-232.36921984335785,4327.121087422928,-93.3624677219011,4469.52056393045,-141.6635028259836,-141.6635028259836,-141.6635028259836,-141.6635028259836,-141.6635028259836,-141.6635028259836,0.0,0.0,0.0,1943.2491144949502
14402,2019-03-21,2085.0596153475576,-243.97121656837143,4324.282252274869,-93.83853522245437,4469.8524331773515,-141.53809262902809,-141.53809262902809,-141.53809262902809,-141.53809262902809,-141.53809262902809,-141.53809262902809,0.0,0.0,0.0,1943.5215227185295
14403,2019-03-22,2085.2066133741814,-200.77443912284272,4316.602546826449,-94.3146027230064,4470.18430242425,-141.4122605058535,-141.4122605058535,-141.4122605058535,-141.4122605058535,-141.4122605058535,-141.4122605058535,0.0,0.0,0.0,1943.794352868328
14404,2019-03-25,2085.6476074540537,-231.39634138913817,4325.8637871263245,-95.74280522466528,4475.450609757549,-141.03221872746497,-141.03221872746497,-141.03221872746497,-141.03221872746497,-141.03221872746497,-141.03221872746497,0.0,0.0,0.0,1944.6153887265887
14405,2019-03-26,2085.7946054806775,-230.00356646353993,4332.661178249158,-96.2188727252173,4477.241028821667,-140.90468514487867,-140.90468514487867,-140.90468514487867,-140.90468514487867,-140.90468514487867,-140.90468514487867,0.0,0.0,0.0,1944.889920335799
14406,2019-03-27,2085.941603507302,-234.06333436556224,4344.087910093923,-96.6949402257706,4478.801232557985,-140.77672285599044,-140.77672285599044,-140.77672285599044,-140.77672285599044,-140.77672285599044,-140.77672285599044,0.0,0.0,0.0,1945.1648806513113
14407,2019-03-28,2086.0886015339256,-234.14745065592086,4346.008605395744,-97.17100772632263,4480.164968033666,-140.64833056326916,-140.64833056326916,-140.64833056326916,-140.64833056326916,-140.64833056326916,-140.64833056326916,0.0,0.0,0.0,1945.4402709706565
14408,2019-03-29,2086.23559956055,-235.58428569623837,4344.892107511485,-97.6470752268759,4481.5287035093415,-140.51950698879045,-140.51950698879045,-140.51950698879045,-140.51950698879045,-140.51950698879045,-140.51950698879045,0.0,0.0,0.0,1945.7160925717594
14409,2019-04-01,2086.6765936404217,-229.34056246937539,4349.196926869418,-99.07527772853352,4485.426252036956,-140.13043609066702,-140.13043609066702,-140.13043609066702,-140.13043609066702,-140.13043609066702,-140.13043609066702,0.0,0.0,0.0,1946.5461575497548
14410,2019-04-02,2086.8235916670455,-251.53982919185637,4355.085928036343,-99.55134522908682,4486.65662499132,-139.99987500370415,-139.99987500370415,-139.99987500370415,-139.99987500370415,-139.99987500370415,-139.99987500370415,0.0,0.0,0.0,1946.8237166633414
14411,2019-04-03,2086.97058969367,-243.0932047944064,4329.747417912485,-100.02741272963884,4487.420934856109,-139.86887654110097,-139.86887654110097,-139.86887654110097,-139.86887654110097,-139.86887654110097,-139.86887654110097,0.0,0.0,0.0,1947.101713152569
14412,2019-04-04,2087.1175877202936,-238.00862719193032,4339.17079191424,-100.5034802301924,4488.011091228376,-139.73743954354234,-139.73743954354234,-139.73743954354234,-139.73743954354234,-139.73743954354234,-139.73743954354234,0.0,0.0,0.0,1947.3801481767514
14413,2019-04-05,2087.264585746918,-230.27956145445694,4358.917404610898,-100.97954773074443,4488.601247600645,-139.60556287163308,-139.60556287163308,-139.60556287163308,-139.60556287163308,-139.60556287163308,-139.60556287163308,0.0,0.0,0.0,1947.6590228752848
14414,2019-04-08,2087.7055798267897,-240.88559612748548,4358.023722475733,-102.40775023240303,4492.668707346768,-139.20728371554458,-139.20728371554458,-139.20728371554458,-139.20728371554458,-139.20728371554458,-139.20728371554458,0.0,0.0,0.0,1948.498296111245
14415,2019-04-09,2087.8525778534135,-244.2779934105229,4382.875712984612,-102.88381773295535,4494.63735967554,-139.07363735215023,-139.07363735215023,-139.07363735215023,-139.07363735215023,-139.07363735215023,-139.07363735215023,0.0,0.0,0.0,1948.7789405012634
14416,2019-04-10,2087.9995758800383,-251.28343858126698,4350.494417620922,-103.35988523351017,4496.606012004316,-138.93954591768033,-138.93954591768033,-138.93954591768033,-138.93954591768033,-138.93954591768033,-138.93954591768033,0.0,0.0,0.0,1949.060029962358
14417,2019-04-11,2088.146573906662,-228.69019432197868,4368.74722972077,-103.83595273406219,4498.444701413786,-138.80500839311037,-138.80500839311037,-138.80500839311037,-138.80500839311037,-138.80500839311037,-138.80500839311037,0.0,0.0,0.0,1949.3415655135518
14418,2019-04-12,2088.2935719332863,-235.50524052566797,4361.390635903641,-104.31202023461547,4499.828240585534,-138.6700237796187,-138.6700237796187,-138.6700237796187,-138.6700237796187,-138.6700237796187,-138.6700237796187,0.0,0.0,0.0,1949.6235481536676
14419,2019-04-15,2088.734566013158,-240.16508937728312,4358.569756418145,-105.74022273627311,4503.71431407766,-138.26237772104653,-138.26237772104653,-138.26237772104653,-138.26237772104653,-138.26237772104653,-138.26237772104653,0.0,0.0,0.0,1950.4721882921117
14420,2019-04-16,2088.881564039782,-229.03945700523653,4369.752477467609,-106.21629023682638,4504.688755833524,-138.12559516878162,-138.12559516878162,-138.12559516878162,-138.12559516878162,-138.12559516878162,-138.12559516878162,0.0,0.0,0.0,1950.7559688710003
14421,2019-04-17,2089.0285620664063,-246.78821876962962,4385.407863516114,-106.69235773737842,4505.309134227033,-137.9883608376498,-137.9883608376498,-137.9883608376498,-137.9883608376498,-137.9883608376498,-137.9883608376498,0.0,0.0,0.0,1951.0402012287564
14422,2019-04-18,2089.17556009303,-268.6271190828849,4362.14292347116,-107.1684252379317,4505.929512620542,-137.85067385073285,-137.85067385073285,-137.85067385073285,-137.85067385073285,-137.85067385073285,-137.85067385073285,0.0,0.0,0.0,1951.3248862422972
14423,2019-04-22,2089.763552199526,-241.02530224519163,4372.559360834055,-109.07269524014261,4508.411026194581,-137.29538252269268,-137.29538252269268,-137.29538252269268,-137.29538252269268,-137.29538252269268,-137.29538252269268,0.0,0.0,0.0,1952.4681696768334
14424,2019-04-23,2089.9105502261505,-232.56276840466705,4369.636076704092,-109.54876274069463,4509.03140458809,-137.15541981932307,-137.15541981932307,-137.15541981932307,-137.15541981932307,-137.15541981932307,-137.15541981932307,0.0,0.0,0.0,1952.7551304068274
14425,2019-04-24,2090.0575482527743,-241.53926212033986,4361.04377112003,-110.02483024124791,4509.651782981598,-137.01499962881005,-137.01499962881005,-137.01499962881005,-137.01499962881005,-137.01499962881005,-137.01499962881005,0.0,0.0,0.0,1953.0425486239642
14426,2019-04-25,2090.204546279398,-268.4200436246682,4394.681092592595,-110.50089774180023,4510.3850828705345,-136.87412121788594,-136.87412121788594,-136.87412121788594,-136.87412121788594,-136.87412121788594,-136.87412121788594,0.0,0.0,0.0,1953.3304250615122
14427,2019-04-26,2090.3515443060223,-249.3109594232688,4388.804483891889,-110.97696524235351,4511.803082012732,-136.7327838739108,-136.7327838739108,-136.7327838739108,-136.7327838739108,-136.7327838739108,-136.7327838739108,0.0,0.0,0.0,1953.6187604321115
14428,2019-04-29,2090.792538385894,-232.31500445598977,4392.738568671863,-112.40516774401085,4516.057079439329,-136.30601142730237,-136.30601142730237,-136.30601142730237,-136.30601142730237,-136.30601142730237,-136.30601142730237,0.0,0.0,0.0,1954.4865269585919
14429,2019-04-30,2090.939536412518,-277.4145379350911,4361.150473848282,-112.88123524456414,4517.475078581527,-136.1628316382396,-136.1628316382396,-136.1628316382396,-136.1628316382396,-136.1628316382396,-136.1628316382396,0.0,0.0,0.0,1954.7767047742784
14430,2019-05-01,2091.0865344391423,-257.7667368594524,4375.403439342145,-113.35730274511646,4518.893077723726,-136.01918966326002,-136.01918966326002,-136.01918966326002,-136.01918966326002,-136.01918966326002,-136.01918966326002,0.0,0.0,0.0,1955.0673447758822
14431,2019-05-02,2091.233532465766,-254.49466433436754,4372.816059513329,-113.83337024566973,4520.311076865925,-135.87508491401567,-135.87508491401567,-135.87508491401567,-135.87508491401567,-135.87508491401567,-135.87508491401567,0.0,0.0,0.0,1955.3584475517505
14432,2019-05-03,2091.3805304923903,-269.4113342588792,4386.824679890076,-114.30943774622176,4521.729076008123,-135.73051682294508,-135.73051682294508,-135.73051682294508,-135.73051682294508,-135.73051682294508,-135.73051682294508,0.0,0.0,0.0,1955.6500136694453
14433,2019-05-06,2091.821524572262,-260.9967722227981,4370.03434783808,-115.73764024788063,4525.98307343472,-135.29402713547142,-135.29402713547142,-135.29402713547142,-135.29402713547142,-135.29402713547142,-135.29402713547142,0.0,0.0,0.0,1956.5274974367908
14434,2019-05-07,2091.968522598886,-237.40754581611628,4386.049408950698,-116.21370774843267,4527.4010725769185,-135.14760041800443,-135.14760041800443,-135.14760041800443,-135.14760041800443,-135.14760041800443,-135.14760041800443,0.0,0.0,0.0,1956.8209221808816
14435,2019-05-08,2092.11552062551,-253.0089576058493,4373.224705488077,-116.68977524898595,4528.819071719117,-135.0007078334445,-135.0007078334445,-135.0007078334445,-135.0007078334445,-135.0007078334445,-135.0007078334445,0.0,0.0,0.0,1957.1148127920653
14436,2019-05-09,2092.262518652134,-266.52672619253957,4378.096024212989,-117.40606537969762,4530.237070861316,-134.8533489393632,-134.8533489393632,-134.8533489393632,-134.8533489393632,-134.8533489393632,-134.8533489393632,0.0,0.0,0.0,1957.4091697127708
14437,2019-05-10,2092.409516678759,-242.07640066714123,4401.118631797285,-118.20535919323623,4531.6550700035195,-134.70552331424204,-134.70552331424204,-134.70552331424204,-134.70552331424204,-134.70552331424204,-134.70552331424204,0.0,0.0,0.0,1957.7039933645167
14438,2019-05-13,2092.8505107586307,-237.12993825682707,4419.867920745386,-120.60324063384647,4535.909067430116,-134.25924215145676,-134.25924215145676,-134.25924215145676,-134.25924215145676,-134.25924215145676,-134.25924215145676,0.0,0.0,0.0,1958.5912686071738
14439,2019-05-14,2092.9975087852545,-230.12162147073587,4393.68150824827,-121.40253444738478,4537.327066572314,-134.10954580573548,-134.10954580573548,-134.10954580573548,-134.10954580573548,-134.10954580573548,-134.10954580573548,0.0,0.0,0.0,1958.887962979519
14440,2019-05-15,2093.1445068118787,-239.76756539323117,4395.000291837644,-122.20182826092059,4538.745065714513,-133.959380935541,-133.959380935541,-133.959380935541,-133.959380935541,-133.959380935541,-133.959380935541,0.0,0.0,0.0,1959.1851258763377
14441,2019-05-16,2093.2915048385025,-279.64085758518877,4436.922301377624,-123.0011220744567,4540.163064856711,-133.80874724509675,-133.80874724509675,-133.80874724509675,-133.80874724509675,-133.80874724509675,-133.80874724509675,0.0,0.0,0.0,1959.4827575934057
14442,2019-05-17,2093.4385028651263,-261.1823165998077,4410.3205570956625,-123.80041588799502,4541.58106399891,-133.65764445962077,-133.65764445962077,-133.65764445962077,-133.65764445962077,-133.65764445962077,-133.65764445962077,0.0,0.0,0.0,1959.7808584055056
14443,2019-05-20,2093.8794969449987,-264.4822635961864,4401.2976214464325,-126.19829732860498,4545.672523090451,-133.20151910028366,-133.20151910028366,-133.20151910028366,-133.20151910028366,-133.20151910028366,-133.20151910028366,0.0,0.0,0.0,1960.677977844715
14444,2019-05-21,2094.026494971623,-253.11718185914899,4439.700106571603,-126.99759114214079,4547.030501949095,-133.0485376070407,-133.0485376070407,-133.0485376070407,-133.0485376070407,-133.0485376070407,-133.0485376070407,0.0,0.0,0.0,1960.9779573645822
14445,2019-05-22,2094.1734929982467,-274.18636023352775,4412.991154018416,-127.79688495567939,4548.388480807739,-132.8950859600477,-132.8950859600477,-132.8950859600477,-132.8950859600477,-132.8950859600477,-132.8950859600477,0.0,0.0,0.0,1961.278407038199
14446,2019-05-23,2094.320491024871,-277.9425983086856,4429.677667796348,-128.59617876921521,4549.746459666383,-132.74116401064364,-132.74116401064364,-132.74116401064364,-132.74116401064364,-132.74116401064364,-132.74116401064364,0.0,0.0,0.0,1961.5793270142274
14447,2019-05-24,2094.467489051495,-262.69502088129747,4429.317114633378,-129.395472582751,4550.788904300518,-132.58677163120197,-132.58677163120197,-132.58677163120197,-132.58677163120197,-132.58677163120197,-132.58677163120197,0.0,0.0,0.0,1961.8807174202927
14448,2019-05-28,2095.0554811579905,-279.14945956709033,4411.237669508928,-135.64513037808132,4553.917596029965,-131.9644959970725,-131.9644959970725,-131.9644959970725,-131.9644959970725,-131.9644959970725,-131.9644959970725,0.0,0.0,0.0,1963.090985160918
14449,2019-05-29,2095.2024791846147,-285.49412855906576,4412.597704557701,-137.3327099716884,4554.699768962327,-131.8077502895923,-131.8077502895923,-131.8077502895923,-131.8077502895923,-131.8077502895923,-131.8077502895923,0.0,0.0,0.0,1963.3947288950224
14450,2019-05-30,2095.3494772112385,-263.1568891996365,4411.0848255270375,-139.02028956529543,4555.48194189469,-131.650533828249,-131.650533828249,-131.650533828249,-131.650533828249,-131.650533828249,-131.650533828249,0.0,0.0,0.0,1963.6989433829895
14451,2019-05-31,2095.496475237863,-288.7136612068557,4413.522219230018,-140.66868456930493,4556.26411482705,-131.49284663272752,-131.49284663272752,-131.49284663272752,-131.49284663272752,-131.49284663272752,-131.49284663272752,0.0,0.0,0.0,1964.0036286051352
14452,2019-06-03,2095.9374693177347,-265.01931440235205,4422.614847005099,-145.60004874728662,4558.610633624136,-131.01696115355182,-131.01696115355182,-131.01696115355182,-131.01696115355182,-131.01696115355182,-131.01696115355182,0.0,0.0,0.0,1964.9205081641828
14453,2019-06-04,2096.0844673443585,-309.66229549996876,4432.188382368887,-147.3426327721918,4559.392806556497,-130.85739163894547,-130.85739163894547,-130.85739163894547,-130.85739163894547,-130.85739163894547,-130.85739163894547,0.0,0.0,0.0,1965.227075705413
14454,2019-06-05,2096.2314653709827,-285.3984556086911,4421.439144313592,-149.10162826087986,4560.174979488859,-130.69735180413153,-130.69735180413153,-130.69735180413153,-130.69735180413153,-130.69735180413153,-130.69735180413153,0.0,0.0,0.0,1965.5341135668511
14455,2019-06-06,2096.3784633976065,-283.49712111829433,4440.936956787277,-150.86062374957294,4560.957152421221,-130.53684179497918,-130.53684179497918,-130.53684179497918,-130.53684179497918,-130.53684179497918,-130.53684179497918,0.0,0.0,0.0,1965.8416216026274
14456,2019-06-07,2096.5254614242303,-290.26160965653224,4415.787284369607,-152.27962010184834,4561.739325353584,-130.3758617783656,-130.3758617783656,-130.3758617783656,-130.3758617783656,-130.3758617783656,-130.3758617783656,0.0,0.0,0.0,1966.1495996458648
14457,2019-06-10,2096.966455504103,-262.61529388041987,4444.697379980985,-157.58366509498896,4564.085844150673,-129.89010366755892,-129.89010366755892,-129.89010366755892,-129.89010366755892,-129.89010366755892,-129.89010366755892,0.0,0.0,0.0,1967.0763518365443
14458,2019-06-11,2097.113453530727,-294.46105927636097,4452.838554790681,-158.76431630172195,4564.868017083036,-129.72724570982845,-129.72724570982845,-129.72724570982845,-129.72724570982845,-129.72724570982845,-129.72724570982845,0.0,0.0,0.0,1967.3862078208986
14459,2019-06-12,2097.260451557351,-279.4058226645078,4418.6766079804875,-159.6199533116679,4565.650190015398,-129.5639188938946,-129.5639188938946,-129.5639188938946,-129.5639188938946,-129.5639188938946,-129.5639188938946,0.0,0.0,0.0,1967.6965326634565
14460,2019-06-13,2097.407449583975,-291.728830486789,4449.707228427123,-160.47559032161135,4566.432362947759,-129.40012351251107,-129.40012351251107,-129.40012351251107,-129.40012351251107,-129.40012351251107,-129.40012351251107,0.0,0.0,0.0,1968.007326071464
14461,2019-06-14,2097.5544476105993,-313.2672385316465,4454.876161368128,-161.33122733155477,4567.214535880121,-129.23585987936812,-129.23585987936812,-129.23585987936812,-129.23585987936812,-129.23585987936812,-129.23585987936812,0.0,0.0,0.0,1968.3185877312312
14462,2019-06-17,2097.995441690471,-275.45723308546576,4460.26630445749,-163.89813836138808,4570.979615167476,-128.74026292011942,-128.74026292011942,-128.74026292011942,-128.74026292011942,-128.74026292011942,-128.74026292011942,0.0,0.0,0.0,1969.2551787703517
14463,2019-06-18,2098.1424397170954,-302.9267240827229,4456.916864300867,-164.7537753713315,4572.283482118977,-128.5741298351763,-128.5741298351763,-128.5741298351763,-128.5741298351763,-128.5741298351763,-128.5741298351763,0.0,0.0,0.0,1969.568309881919
14464,2019-06-19,2098.289437743719,-305.3517633644426,4438.321774181753,-165.60941238127492,4573.58734907048,-128.40753038053967,-128.40753038053967,-128.40753038053967,-128.40753038053967,-128.40753038053967,-128.40753038053967,0.0,0.0,0.0,1969.8819073631796
14465,2019-06-20,2098.4364357703435,-285.9578126418952,4472.342360072988,-166.46504939121834,4574.8912160219825,-128.24046499523564,-128.24046499523564,-128.24046499523564,-128.24046499523564,-128.24046499523564,-128.24046499523564,0.0,0.0,0.0,1970.1959707751078
14466,2019-06-21,2098.5834337969673,-299.3826794603273,4467.471719616904,-167.32068640116177,4576.195082973485,-128.07293413912174,-128.07293413912174,-128.07293413912174,-128.07293413912174,-128.07293413912174,-128.07293413912174,0.0,0.0,0.0,1970.5104996578455
14467,2019-06-24,2099.024427876839,-293.1195373236194,4459.0360321467315,-169.8875974309951,4580.099242345049,-127.56755365656467,-127.56755365656467,-127.56755365656467,-127.56755365656467,-127.56755365656467,-127.56755365656467,0.0,0.0,0.0,1971.4568742202744
14468,2019-06-25,2099.1714259034634,-295.5319524116832,4479.103403048863,-170.74323444093855,4581.39115383932,-127.3981659317425,-127.3981659317425,-127.3981659317425,-127.3981659317425,-127.3981659317425,-127.3981659317425,0.0,0.0,0.0,1971.7732599717208
14469,2019-06-26,2099.318423930087,-298.49772741826973,4475.924849753066,-171.59887145088197,4582.683065333592,-127.22831534718713,-127.22831534718713,-127.22831534718713,-127.22831534718713,-127.22831534718713,-127.22831534718713,0.0,0.0,0.0,1972.0901085829
14470,2019-06-27,2099.465421956711,-302.4204901141613,4441.698775982583,-172.42141885024077,4583.974976827864,-127.05800248732962,-127.05800248732962,-127.05800248732962,-127.05800248732962,-127.05800248732962,-127.05800248732962,0.0,0.0,0.0,1972.4074194693815
14471,2019-06-28,2099.6124199833353,-312.7126236933246,4468.241614580304,-173.14931439397776,4585.266888322136,-126.88722795728273,-126.88722795728273,-126.88722795728273,-126.88722795728273,-126.88722795728273,-126.88722795728273,0.0,0.0,0.0,1972.7251920260526
14472,2019-07-01,2100.053414063207,-290.0361235181718,4463.967283886837,-175.33300102518106,4589.142622804951,-126.37214070692197,-126.37214070692197,-126.37214070692197,-126.37214070692197,-126.37214070692197,-126.37214070692197,0.0,0.0,0.0,1973.6812733562851
14473,2019-07-02,2100.200412089831,-288.27112700550776,4474.616117479253,-176.06089656891558,4590.434534299222,-126.19952596011838,-126.19952596011838,-126.19952596011838,-126.19952596011838,-126.19952596011838,-126.19952596011838,0.0,0.0,0.0,1974.0008861297126
14474,2019-07-03,2100.347410116455,-304.5208908168336,4484.02321638442,-176.7887921126525,4591.726445793493,-126.0264528781167,-126.0264528781167,-126.0264528781167,-126.0264528781167,-126.0264528781167,-126.0264528781167,0.0,0.0,0.0,1974.3209572383385
14475,2019-07-05,2100.6414061697033,-318.43946638643655,4466.3423306563645,-178.2445832001214,4594.310268782032,-125.67893464382809,-125.67893464382809,-125.67893464382809,-125.67893464382809,-125.67893464382809,-125.67893464382809,0.0,0.0,0.0,1974.9624715258751
14476,2019-07-08,2101.082400249575,-286.6251638216096,4452.534737631994,-180.42826983132733,4598.1860032648465,-125.15423866165689,-125.15423866165689,-125.15423866165689,-125.15423866165689,-125.15423866165689,-125.15423866165689,0.0,0.0,0.0,1975.9281615879183
14477,2019-07-09,2101.2293982761994,-306.31627179415256,4459.597291065206,-181.15616537506452,4599.477914759123,-124.97843158775288,-124.97843158775288,-124.97843158775288,-124.97843158775288,-124.97843158775288,-124.97843158775288,0.0,0.0,0.0,1976.2509666884466
14478,2019-07-10,2101.3763963028237,-314.26053228526735,4484.337491911843,-181.88406091879892,4600.769826253395,-124.80217170907538,-124.80217170907538,-124.80217170907538,-124.80217170907538,-124.80217170907538,-124.80217170907538,0.0,0.0,0.0,1976.5742245937483
14479,2019-07-11,2101.5233943294475,-306.51700752500847,4473.344313577425,-182.61195646253344,4602.061737747667,-124.62545989720898,-124.62545989720898,-124.62545989720898,-124.62545989720898,-124.62545989720898,-124.62545989720898,0.0,0.0,0.0,1976.8979344322386
14480,2019-07-12,2101.6703923560717,-300.02040353406204,4483.125147748481,-183.33985200626782,4603.353649241939,-124.44829704402505,-124.44829704402505,-124.44829704402505,-124.44829704402505,-124.44829704402505,-124.44829704402505,0.0,0.0,0.0,1977.2220953120466
14481,2019-07-15,2102.111386435944,-288.147316450559,4481.2710507857555,-185.52353863747373,4607.229383724748,-123.91411145879799,-123.91411145879799,-123.91411145879799,-123.91411145879799,-123.91411145879799,-123.91411145879799,0.0,0.0,0.0,1978.197274977146
14482,2019-07-16,2102.258384462568,-304.77009519623334,4487.8611738048,-186.25143418120814,4608.5212952190195,-123.73515376350944,-123.73515376350944,-123.73515376350944,-123.73515376350944,-123.73515376350944,-123.73515376350944,0.0,0.0,0.0,1978.5232306990583
14483,2019-07-17,2102.4053824891917,-305.1623753270892,4471.893629421592,-186.97932972494266,4609.813206713291,-123.55574978929401,-123.55574978929401,-123.55574978929401,-123.55574978929401,-123.55574978929401,-123.55574978929401,0.0,0.0,0.0,1978.8496326998977
14484,2019-07-18,2102.552380515816,-300.2293663888301,4506.38057159113,-188.03297621918233,4611.105118207563,-123.37590054898267,-123.37590054898267,-123.37590054898267,-123.37590054898267,-123.37590054898267,-123.37590054898267,0.0,0.0,0.0,1979.1764799668333
14485,2019-07-19,2102.6993785424397,-302.83443690950685,4492.78531268392,-189.36742158433077,4612.397029701835,-123.19560707543863,-123.19560707543863,-123.19560707543863,-123.19560707543863,-123.19560707543863,-123.19560707543863,0.0,0.0,0.0,1979.5037714670011
14486,2019-07-22,2103.1403726223116,-320.4367273440698,4501.240428110508,-193.37075767978126,4616.27276418465,-122.65207188363738,-122.65207188363738,-122.65207188363738,-122.65207188363738,-122.65207188363738,-122.65207188363738,0.0,0.0,0.0,1980.4883007386743
14487,2019-07-23,2103.287370648936,-326.5110855770577,4465.574010540498,-194.70520304492968,4617.564675678921,-122.47001220498363,-122.47001220498363,-122.47001220498363,-122.47001220498363,-122.47001220498363,-122.47001220498363,0.0,0.0,0.0,1980.8173584439521
14488,2019-07-24,2103.4343686755597,-313.90839022312906,4481.926707915076,-196.03964841007826,4618.856587173193,-122.28751375645291,-122.28751375645291,-122.28751375645291,-122.28751375645291,-122.28751375645291,-122.28751375645291,0.0,0.0,0.0,1981.1468549191068
14489,2019-07-25,2103.5813667021835,-335.9323073735823,4479.409918023231,-197.37409377522664,4620.1484986674595,-122.10457769024016,-122.10457769024016,-122.10457769024016,-122.10457769024016,-122.10457769024016,-122.10457769024016,0.0,0.0,0.0,1981.4767890119433
14490,2019-07-26,2103.7283647288077,-321.3386388760822,4511.392528235511,-198.70853914037522,4621.440410161731,-121.92120517827509,-121.92120517827509,-121.92120517827509,-121.92120517827509,-121.92120517827509,-121.92120517827509,0.0,0.0,0.0,1981.8071595505326
14491,2019-07-29,2104.1693588086796,-318.3843098743099,4501.658256825251,-202.71187523582563,4625.316144644546,-121.36848098235892,-121.36848098235892,-121.36848098235892,-121.36848098235892,-121.36848098235892,-121.36848098235892,0.0,0.0,0.0,1982.8008778263206
14492,2019-07-30,2104.3163568353034,-313.21306489149697,4507.942709665634,-204.04632060097413,4626.608056138817,-121.18337479995056,-121.18337479995056,-121.18337479995056,-121.18337479995056,-121.18337479995056,-121.18337479995056,0.0,0.0,0.0,1983.1329820353528
14493,2019-07-31,2104.4633548619277,-335.0080511301206,4494.90841166266,-205.17585128365036,4627.899967633089,-120.99783832598261,-120.99783832598261,-120.99783832598261,-120.99783832598261,-120.99783832598261,-120.99783832598261,0.0,0.0,0.0,1983.465516535945
14494,2019-08-01,2104.610352888552,-335.5168524568452,4499.782408453849,-205.7811521059792,4629.19187912736,-120.81187284987963,-120.81187284987963,-120.81187284987963,-120.81187284987963,-120.81187284987963,-120.81187284987963,0.0,0.0,0.0,1983.7984800386723
14495,2019-08-02,2104.7573509151757,-343.3721071743554,4483.814281132409,-206.38645292830734,4630.483790621633,-120.62547968047629,-120.62547968047629,-120.62547968047629,-120.62547968047629,-120.62547968047629,-120.62547968047629,0.0,0.0,0.0,1984.1318712346995
14496,2019-08-05,2105.1983449950476,-335.3566964451051,4522.322505795952,-208.2023553952926,4634.359525104441,-120.06374739106165,-120.06374739106165,-120.06374739106165,-120.06374739106165,-120.06374739106165,-120.06374739106165,0.0,0.0,0.0,1985.1345976039859
14497,2019-08-06,2105.345343021672,-330.79781236223465,4508.910907896504,-208.80765621762018,4635.651436598714,-119.87565692343561,-119.87565692343561,-119.87565692343561,-119.87565692343561,-119.87565692343561,-119.87565692343561,0.0,0.0,0.0,1985.4696860982363
14498,2019-08-07,2105.4923410482957,-342.3019137312732,4512.125256605698,-209.30723625906754,4636.943348092986,-119.68714559620666,-119.68714559620666,-119.68714559620666,-119.68714559620666,-119.68714559620666,-119.68714559620666,0.0,0.0,0.0,1985.805195452089
14499,2019-08-08,2105.6393390749195,-337.61721933464383,4510.260901010056,-209.75857732003396,4638.235259587256,-119.49821483365528,-119.49821483365528,-119.49821483365528,-119.49821483365528,-119.49821483365528,-119.49821483365528,0.0,0.0,0.0,1986.1411242412642
14500,2019-08-09,2105.786337101544,-338.3655990388871,4516.942331475331,-210.2099183810028,4639.527171081534,-119.30886607912508,-119.30886607912508,-119.30886607912508,-119.30886607912508,-119.30886607912508,-119.30886607912508,0.0,0.0,0.0,1986.4774710224192
14501,2019-08-12,2106.2273311814165,-312.640501835009,4510.566961211036,-211.5639415639046,4643.402905564349,-118.73832658181323,-118.73832658181323,-118.73832658181323,-118.73832658181323,-118.73832658181323,-118.73832658181323,0.0,0.0,0.0,1987.4890045996033
14502,2019-08-13,2106.3743292080403,-323.19070235091345,4514.481285307837,-212.01528262487096,4644.6866622767975,-118.5473206720578,-118.5473206720578,-118.5473206720578,-118.5473206720578,-118.5473206720578,-118.5473206720578,0.0,0.0,0.0,1987.8270085359825
14503,2019-08-14,2106.521327234664,-318.3698150588812,4532.27396689059,-212.46662368583864,4645.953342324113,-118.3559042710068,-118.3559042710068,-118.3559042710068,-118.3559042710068,-118.3559042710068,-118.3559042710068,0.0,0.0,0.0,1988.1654229636574
14504,2019-08-15,2106.6683252612884,-345.694005271203,4520.921044549426,-212.9179647468051,4647.220022371424,-118.16407893520417,-118.16407893520417,-118.16407893520417,-118.16407893520417,-118.16407893520417,-118.16407893520417,0.0,0.0,0.0,1988.5042463260843
14505,2019-08-16,2106.815323287912,-336.29804731081487,4502.025510307301,-213.30966411031812,4648.48670241874,-117.97184623986033,-117.97184623986033,-117.97184623986033,-117.97184623986033,-117.97184623986033,-117.97184623986033,0.0,0.0,0.0,1988.843477048052
14506,2019-08-19,2107.256317367784,-330.0595297991464,4549.010546406887,-213.15608664901322,4652.286742560689,-117.39272002748542,-117.39272002748542,-117.39272002748542,-117.39272002748542,-117.39272002748542,-117.39272002748542,0.0,0.0,0.0,1989.8635973402986
14507,2019-08-20,2107.4033153944083,-311.88162105298227,4537.056623917424,-213.10489416191126,4653.553422608005,-117.19887401740009,-117.19887401740009,-117.19887401740009,-117.19887401740009,-117.19887401740009,-117.19887401740009,0.0,0.0,0.0,1990.2044413770082
14508,2019-08-21,2107.550313421032,-350.3900684832617,4548.735577730542,-213.05370167480982,4654.8201026553215,-117.00462880178824,-117.00462880178824,-117.00462880178824,-117.00462880178824,-117.00462880178824,-117.00462880178824,0.0,0.0,0.0,1990.545684619244
14509,2019-08-22,2107.697311447656,-334.7175899265327,4540.841083888316,-213.18356929940342,4656.086782702638,-116.80998606662772,-116.80998606662772,-116.80998606662772,-116.80998606662772,-116.80998606662772,-116.80998606662772,0.0,0.0,0.0,1990.8873253810282
14510,2019-08-23,2107.84430947428,-321.14885563385457,4557.663001502436,-213.9114648431379,4657.353462749954,-116.6149475161356,-116.6149475161356,-116.6149475161356,-116.6149475161356,-116.6149475161356,-116.6149475161356,0.0,0.0,0.0,1991.2293619581446
14511,2019-08-26,2108.2853035541525,-333.9411542466935,4522.649812763008,-216.09515147434374,4661.153502891897,-116.0274742872388,-116.0274742872388,-116.0274742872388,-116.0274742872388,-116.0274742872388,-116.0274742872388,0.0,0.0,0.0,1992.2578292669136
14512,2019-08-27,2108.4323015807763,-332.0353975462181,4532.181198017753,-216.82304701807826,4662.420182939213,-115.83086988033276,-115.83086988033276,-115.83086988033276,-115.83086988033276,-115.83086988033276,-115.83086988033276,0.0,0.0,0.0,1992.6014317004435
14513,2019-08-28,2108.5792996074,-336.14443303046954,4551.6049371831305,-217.55094256181266,4663.68686298653,-115.63387845066607,-115.63387845066607,-115.63387845066607,-115.63387845066607,-115.63387845066607,-115.63387845066607,0.0,0.0,0.0,1992.945421156734
14514,2019-08-29,2108.7262976340244,-329.02064569946367,4539.167512505166,-218.27883810554715,4664.9535430338465,-115.43650181059331,-115.43650181059331,-115.43650181059331,-115.43650181059331,-115.43650181059331,-115.43650181059331,0.0,0.0,0.0,1993.2897958234312
14515,2019-08-30,2108.873295660648,-344.4318432248927,4572.561701818953,-219.00673364928406,4666.220223081162,-115.23874179026411,-115.23874179026411,-115.23874179026411,-115.23874179026411,-115.23874179026411,-115.23874179026411,0.0,0.0,0.0,1993.634553870384
14516,2019-09-03,2109.4612877671443,-341.2478628255332,4557.88445607305,-221.91831582422188,4671.2869432704265,-114.44390512830067,-114.44390512830067,-114.44390512830067,-114.44390512830067,-114.44390512830067,-114.44390512830067,0.0,0.0,0.0,1995.0173826388436
14517,2019-09-04,2109.608285793768,-345.549455258498,4574.281750059999,-222.64621136795893,4672.553623317744,-114.24425627691622,-114.24425627691622,-114.24425627691622,-114.24425627691622,-114.24425627691622,-114.24425627691622,0.0,0.0,0.0,1995.3640295168518
14518,2019-09-05,2109.7552838203924,-345.0085717861988,4553.309259518456,-223.3741069116933,4673.82030336506,-114.04423539600425,-114.04423539600425,-114.04423539600425,-114.04423539600425,-114.04423539600425,-114.04423539600425,0.0,0.0,0.0,1995.711048424388
14519,2019-09-06,2109.902281847016,-340.4458978929085,4548.667876206198,-224.10200245542785,4675.0869834123705,-113.84384443834875,-113.84384443834875,-113.84384443834875,-113.84384443834875,-113.84384443834875,-113.84384443834875,0.0,0.0,0.0,1996.0584374086675
14520,2019-09-09,2110.343275926889,-365.41891929494057,4548.720306309932,-225.77978512284645,4678.8870235543245,-113.24047089086757,-113.24047089086757,-113.24047089086757,-113.24047089086757,-113.24047089086757,-113.24047089086757,0.0,0.0,0.0,1997.1028050360214
14521,2019-09-10,2110.4902739535128,-328.0402654418939,4552.022010833746,-226.31769152057274,4680.153703601641,-113.03861949772703,-113.03861949772703,-113.03861949772703,-113.03861949772703,-113.03861949772703,-113.03861949772703,0.0,0.0,0.0,1997.4516544557857
14522,2019-09-11,2110.6372719801366,-361.25086129173474,4571.334035755474,-226.85559791830002,4681.403062020784,-112.83640804887054,-112.83640804887054,-112.83640804887054,-112.83640804887054,-112.83640804887054,-112.83640804887054,0.0,0.0,0.0,1997.8008639312661
14523,2019-09-12,2110.784270006761,-374.74433416394385,4567.893262929218,-227.393504316026,4682.607369804889,-112.6338385994148,-112.6338385994148,-112.6338385994148,-112.6338385994148,-112.6338385994148,-112.6338385994148,0.0,0.0,0.0,1998.150431407346
14524,2019-09-13,2110.9312680333846,-343.6547685903152,4553.9995796294825,-227.93141071375325,4683.811677588993,-112.43091322127532,-112.43091322127532,-112.43091322127532,-112.43091322127532,-112.43091322127532,-112.43091322127532,0.0,0.0,0.0,1998.5003548121094
14525,2019-09-16,2111.3722621132565,-323.5250666227896,4575.131371901449,-229.54512990693286,4687.424600941302,-111.8200224842533,-111.8200224842533,-111.8200224842533,-111.8200224842533,-111.8200224842533,-111.8200224842533,0.0,0.0,0.0,1999.5522396290032
14526,2019-09-17,2111.5192601398808,-335.1088795320254,4581.811536131743,-230.0830363046601,4688.628908725405,-111.6156944437998,-111.6156944437998,-111.6156944437998,-111.6156944437998,-111.6156944437998,-111.6156944437998,0.0,0.0,0.0,1999.903565696081
14527,2019-09-18,2111.6662581665046,-336.2714823973758,4548.049312565518,-230.62094270238612,4689.833216509511,-111.41102108352219,-111.41102108352219,-111.41102108352219,-111.41102108352219,-111.41102108352219,-111.41102108352219,0.0,0.0,0.0,2000.2552370829824
14528,2019-09-19,2111.8132561931284,-345.39924337088917,4574.411117104191,-231.15884910011337,4691.037524293615,-111.20600457450908,-111.20600457450908,-111.20600457450908,-111.20600457450908,-111.20600457450908,-111.20600457450908,0.0,0.0,0.0,2000.6072516186193
14529,2019-09-20,2111.9602542197526,-364.5981585201921,4545.631003936632,-231.6967554978409,4692.24183207772,-111.0006471041084,-111.0006471041084,-111.0006471041084,-111.0006471041084,-111.0006471041084,-111.0006471041084,0.0,0.0,0.0,2000.9596071156443
14530,2019-09-23,2112.401248299625,-358.5056960404586,4582.392228858564,-233.3104746910202,4695.854755430033,-110.3825510401968,-110.3825510401968,-110.3825510401968,-110.3825510401968,-110.3825510401968,-110.3825510401968,0.0,0.0,0.0,2002.018697259428
14531,2019-09-24,2112.548246326249,-348.6198119397852,4566.355983123921,-233.84838108874746,4697.001668812829,-110.1758519200297,-110.1758519200297,-110.1758519200297,-110.1758519200297,-110.1758519200297,-110.1758519200297,0.0,0.0,0.0,2002.372394406219
14532,2019-09-25,2112.695244352873,-328.94501678390196,4591.7180698973525,-234.38628748647375,4697.5215811670205,-109.96882301624333,-109.96882301624333,-109.96882301624333,-109.96882301624333,-109.96882301624333,-109.96882301624333,0.0,0.0,0.0,2002.7264213366298
14533,2019-09-26,2112.842242379497,-360.6902738977027,4552.348347366445,-234.924193884201,4698.041493521213,-109.76146661203553,-109.76146661203553,-109.76146661203553,-109.76146661203553,-109.76146661203553,-109.76146661203553,0.0,0.0,0.0,2003.0807757674613
14534,2019-09-27,2112.9892404061206,-362.03089305116106,4590.792610585175,-235.46210028192704,4698.5614058754045,-109.55378500629091,-109.55378500629091,-109.55378500629091,-109.55378500629091,-109.55378500629091,-109.55378500629091,0.0,0.0,0.0,2003.4354553998298
14535,2019-09-30,2113.4302344859925,-348.00738794093684,4579.185534852468,-237.07581947510755,4700.121142937982,-108.92881220224824,-108.92881220224824,-108.92881220224824,-108.92881220224824,-108.92881220224824,-108.92881220224824,0.0,0.0,0.0,2004.5014222837442
14536,2019-10-01,2113.577232512617,-348.61103767421594,4574.891796040846,-237.61372587283384,4700.641055292173,-108.71985309004349,-108.71985309004349,-108.71985309004349,-108.71985309004349,-108.71985309004349,-108.71985309004349,0.0,0.0,0.0,2004.8573794225733
14537,2019-10-02,2113.7242305392406,-378.0961174703413,4606.990315076724,-238.1516322705611,4701.160967646366,-108.51058050311755,-108.51058050311755,-108.51058050311755,-108.51058050311755,-108.51058050311755,-108.51058050311755,0.0,0.0,0.0,2005.213650036123
14538,2019-10-03,2113.871228565865,-360.1091496104273,4590.7365442522705,-238.68953866828713,4701.680880000557,-108.30099683272323,-108.30099683272323,-108.30099683272323,-108.30099683272323,-108.30099683272323,-108.30099683272323,0.0,0.0,0.0,2005.5702317331416
14539,2019-10-04,2114.0182265924886,-375.35929347837504,4583.35620256004,-239.22744506601438,4702.20079235475,-108.09110448520399,-108.09110448520399,-108.09110448520399,-108.09110448520399,-108.09110448520399,-108.09110448520399,0.0,0.0,0.0,2005.9271221072847
14540,2019-10-07,2114.4592206723605,-369.0792109748883,4587.100213856269,-240.84116425919393,4703.760529417326,-107.45959966795134,-107.45959966795134,-107.45959966795134,-107.45959966795134,-107.45959966795134,-107.45959966795134,0.0,0.0,0.0,2006.9996210044092
14541,2019-10-08,2114.6062186989852,-370.0102260703185,4603.247001917743,-241.37907065692275,4704.280441771521,-107.24849697423872,-107.24849697423872,-107.24849697423872,-107.24849697423872,-107.24849697423872,-107.24849697423872,0.0,0.0,0.0,2007.3577217247466
14542,2019-10-09,2114.753216725609,-373.00290756619154,4610.25981405764,-241.91697705465,4704.800354125712,-107.0370978584968,-107.0370978584968,-107.0370978584968,-107.0370978584968,-107.0370978584968,-107.0370978584968,0.0,0.0,0.0,2007.7161188671123
14543,2019-10-10,2114.9002147522333,-358.8124785072329,4615.967098436895,-242.454883452376,4705.320266479904,-106.82540481580021,-106.82540481580021,-106.82540481580021,-106.82540481580021,-106.82540481580021,-106.82540481580021,0.0,0.0,0.0,2008.074809936433
14544,2019-10-11,2115.047212778857,-369.91925444901483,4604.4786387042595,-242.99278985010355,4705.840178834096,-106.61342035570236,-106.61342035570236,-106.61342035570236,-106.61342035570236,-106.61342035570236,-106.61342035570236,0.0,0.0,0.0,2008.4337924231547
14545,2019-10-14,2115.488206858729,-367.04751703835115,4611.1371130995085,-244.75506395961256,4707.5561323724705,-105.97574378176994,-105.97574378176994,-105.97574378176994,-105.97574378176994,-105.97574378176994,-105.97574378176994,0.0,0.0,0.0,2009.512463076959
14546,2019-10-15,2115.6352048853532,-375.2849785713434,4606.588902928131,-245.9587859199315,4709.243956598019,-105.76261903395417,-105.76261903395417,-105.76261903395417,-105.76261903395417,-105.76261903395417,-105.76261903395417,0.0,0.0,0.0,2009.872585851399
14547,2019-10-16,2115.782202911977,-398.60284251613683,4609.912358166319,-247.16250788025576,4710.931780823575,-105.54921563047344,-105.54921563047344,-105.54921563047344,-105.54921563047344,-105.54921563047344,-105.54921563047344,0.0,0.0,0.0,2010.2329872815035
14548,2019-10-17,2115.9292009386013,-372.734303454465,4610.099088761497,-248.36622984057465,4712.6196050491235,-105.33553616582908,-105.33553616582908,-105.33553616582908,-105.33553616582908,-105.33553616582908,-105.33553616582908,0.0,0.0,0.0,2010.5936647727722
14549,2019-10-18,2116.076198965225,-336.9624271324538,4620.807681290461,-249.56995180089862,4714.307429274678,-105.12158324836173,-105.12158324836173,-105.12158324836173,-105.12158324836173,-105.12158324836173,-105.12158324836173,0.0,0.0,0.0,2010.9546157168634
14550,2019-10-21,2116.5171930450974,-379.3394884786137,4610.438967703628,-253.18111768186048,4719.37090195133,-104.47811006793437,-104.47811006793437,-104.47811006793437,-104.47811006793437,-104.47811006793437,-104.47811006793437,0.0,0.0,0.0,2012.0390829771632
14551,2019-10-22,2116.6641910717212,-352.09294510846144,4635.091083707878,-254.38483964218472,4721.058726176881,-104.2630896959569,-104.2630896959569,-104.2630896959569,-104.2630896959569,-104.2630896959569,-104.2630896959569,0.0,0.0,0.0,2012.4011013757643
14552,2019-10-23,2116.8111890983455,-358.030599175659,4641.5581638959,-255.58856160250366,4722.746550402435,-104.04780911707643,-104.04780911707643,-104.04780911707643,-104.04780911707643,-104.04780911707643,-104.04780911707643,0.0,0.0,0.0,2012.763379981269
14553,2019-10-24,2116.9581871249693,-339.93830502565606,4625.380958029147,-256.7922835628276,4724.434374627983,-103.83227102066523,-103.83227102066523,-103.83227102066523,-103.83227102066523,-103.83227102066523,-103.83227102066523,0.0,0.0,0.0,2013.125916104304
14554,2019-10-25,2117.105185151593,-378.5713891752367,4616.708765868193,-257.99600552314655,4726.122198853537,-103.61647810926294,-103.61647810926294,-103.61647810926294,-103.61647810926294,-103.61647810926294,-103.61647810926294,0.0,0.0,0.0,2013.4887070423301
14555,2019-10-28,2117.5461792314654,-369.23133834786086,4642.579199617536,-261.6071714041087,4731.18567153019,-102.96759770604626,-102.96759770604626,-102.96759770604626,-102.96759770604626,-102.96759770604626,-102.96759770604626,0.0,0.0,0.0,2014.5785815254192
14556,2019-10-29,2117.6931772580892,-367.04821597643587,4630.357741037519,-262.8108933644327,4732.873495755744,-102.75081282011675,-102.75081282011675,-102.75081282011675,-102.75081282011675,-102.75081282011675,-102.75081282011675,0.0,0.0,0.0,2014.9423644379724
14557,2019-10-30,2117.840175284713,-355.83292869030845,4615.4862038653755,-264.0146153247516,4734.547928772072,-102.53378682607025,-102.53378682607025,-102.53378682607025,-102.53378682607025,-102.53378682607025,-102.53378682607025,0.0,0.0,0.0,2015.3063884586427
14558,2019-10-31,2117.9871733113373,-395.2248334600001,4641.55820920805,-265.21833728507556,4736.212575832098,-102.31652250343303,-102.31652250343303,-102.31652250343303,-102.31652250343303,-102.31652250343303,-102.31652250343303,0.0,0.0,0.0,2015.6706508079042
14559,2019-11-01,2118.134171337961,-390.09022781372136,4642.461885130277,-266.21229013159416,4737.87722289212,-102.09902264421586,-102.09902264421586,-102.09902264421586,-102.09902264421586,-102.09902264421586,-102.09902264421586,0.0,0.0,0.0,2016.0351486937452
14560,2019-11-04,2118.575165417833,-385.51794933572853,4640.425767813279,-268.6179152836628,4743.24845512267,-101.44513795240371,-101.44513795240371,-101.44513795240371,-101.44513795240371,-101.44513795240371,-101.44513795240371,0.0,0.0,0.0,2017.1300274654293
14561,2019-11-05,2118.7221634444572,-363.6906620919725,4642.684383408578,-269.419790334352,4745.9350021862865,-101.22672411321734,-101.22672411321734,-101.22672411321734,-101.22672411321734,-101.22672411321734,-101.22672411321734,0.0,0.0,0.0,2017.4954393312398
14562,2019-11-06,2118.869161471081,-369.9694992240137,4645.8540236107465,-270.22166538504166,4748.621549249892,-101.00808888130807,-101.00808888130807,-101.00808888130807,-101.00808888130807,-101.00808888130807,-101.00808888130807,0.0,0.0,0.0,2017.861072589773
14563,2019-11-07,2119.0161594977058,-389.1037025899705,4673.269322262666,-271.0235404357365,4751.308096313519,-100.78923512150135,-100.78923512150135,-100.78923512150135,-100.78923512150135,-100.78923512150135,-100.78923512150135,0.0,0.0,0.0,2018.2269243762044
14564,2019-11-08,2119.1631575243296,-399.03474375560324,4662.762823181463,-271.8254154864256,4752.718083473023,-100.57016571040639,-100.57016571040639,-100.57016571040639,-100.57016571040639,-100.57016571040639,-100.57016571040639,0.0,0.0,0.0,2018.5929918139232
14565,2019-11-11,2119.6041516042014,-363.66397048723655,4662.960649603843,-274.2310406384942,4754.52369349237,-99.91169251004888,-99.91169251004888,-99.91169251004888,-99.91169251004888,-99.91169251004888,-99.91169251004888,0.0,0.0,0.0,2019.6924590941526
14566,2019-11-12,2119.7511496308257,-375.51674093092447,4655.7311296981015,-275.0329156891859,4756.188340552396,-99.6917894919323,-99.6917894919323,-99.6917894919323,-99.6917894919323,-99.6917894919323,-99.6917894919323,0.0,0.0,0.0,2020.0593601388935
14567,2019-11-13,2119.8981476574495,-360.08747092431446,4665.6425537773175,-275.9531232996386,4757.8529876124185,-99.47168537870435,-99.47168537870435,-99.47168537870435,-99.47168537870435,-99.47168537870435,-99.47168537870435,0.0,0.0,0.0,2020.4264622787452
14568,2019-11-14,2120.0451456840738,-390.46326350850865,4642.331398616673,-277.0609208079211,4759.269486917364,-99.25138311550461,-99.25138311550461,-99.25138311550461,-99.25138311550461,-99.25138311550461,-99.25138311550461,0.0,0.0,0.0,2020.793762568569
14569,2019-11-15,2120.192143710698,-397.6128488551257,4663.865689596277,-278.1687183162041,4760.394968197429,-99.03088565853265,-99.03088565853265,-99.03088565853265,-99.03088565853265,-99.03088565853265,-99.03088565853265,0.0,0.0,0.0,2021.1612580521653
14570,2019-11-18,2120.63313779057,-360.9754255947676,4670.699518334585,-281.49211084105195,4763.771412037622,-98.36825185064374,-98.36825185064374,-98.36825185064374,-98.36825185064374,-98.36825185064374,-98.36825185064374,0.0,0.0,0.0,2022.2648859399262
14571,2019-11-19,2120.7801358171937,-398.0566621151772,4649.629957762066,-282.5999083493343,4764.8968933176875,-98.14700339806913,-98.14700339806913,-98.14700339806913,-98.14700339806913,-98.14700339806913,-98.14700339806913,0.0,0.0,0.0,2022.6331324191246
14572,2019-11-20,2120.927133843818,-375.15245625993555,4640.49045378884,-283.7077058576148,4766.022374597753,-97.9255746949158,-97.9255746949158,-97.9255746949158,-97.9255746949158,-97.9255746949158,-97.9255746949158,0.0,0.0,0.0,2023.001559148902
14573,2019-11-21,2121.0741318704418,-388.5658115677473,4667.781751365978,-284.81550336589726,4767.147855877816,-97.70396876152884,-97.70396876152884,-97.70396876152884,-97.70396876152884,-97.70396876152884,-97.70396876152884,0.0,0.0,0.0,2023.370163108913
14574,2019-11-22,2121.2211298970656,-389.8066634653398,4665.962215255066,-285.9233008741802,4768.249618924889,-97.48218862856287,-97.48218862856287,-97.48218862856287,-97.48218862856287,-97.48218862856287,-97.48218862856287,0.0,0.0,0.0,2023.7389412685027
14575,2019-11-25,2121.662123976938,-388.45685934910534,4667.62744318543,-289.24669339902806,4771.493407094178,-96.8158334913203,-96.8158334913203,-96.8158334913203,-96.8158334913203,-96.8158334913203,-96.8158334913203,0.0,0.0,0.0,2024.8462904856176
14576,2019-11-26,2121.8091220035617,-403.2421513490607,4654.32596016419,-290.35449090731106,4772.574669817277,-96.59338706925442,-96.59338706925442,-96.59338706925442,-96.59338706925442,-96.59338706925442,-96.59338706925442,0.0,0.0,0.0,2025.2157349343072
14577,2019-11-27,2121.9561200301855,-390.514515305216,4662.035710488685,-291.46228841559355,4773.655932540374,-96.37078175192703,-96.37078175192703,-96.37078175192703,-96.37078175192703,-96.37078175192703,-96.37078175192703,0.0,0.0,0.0,2025.5853382782584
14578,2019-11-29,2122.2501160834336,-395.68213792002047,4682.727437893236,-293.677883432159,4775.818457986568,-95.92510680230511,-95.92510680230511,-95.92510680230511,-95.92510680230511,-95.92510680230511,-95.92510680230511,0.0,0.0,0.0,2026.3250092811284
14579,2019-12-02,2122.6911101633054,-405.65893521438534,4684.995942294279,-297.0012759570043,4779.062246155859,-95.25548022973248,-95.25548022973248,-95.25548022973248,-95.25548022973248,-95.25548022973248,-95.25548022973248,0.0,0.0,0.0,2027.435629933573
14580,2019-12-03,2122.8381081899297,-385.725704961222,4674.687435356594,-298.1090734652873,4780.143508878956,-95.0319867682806,-95.0319867682806,-95.0319867682806,-95.0319867682806,-95.0319867682806,-95.0319867682806,0.0,0.0,0.0,2027.806121421649
14581,2019-12-04,2122.985106216554,-385.522320029157,4684.932841409234,-299.2168709735697,4781.224771602053,-94.8083562407506,-94.8083562407506,-94.8083562407506,-94.8083562407506,-94.8083562407506,-94.8083562407506,0.0,0.0,0.0,2028.1767499758034
14582,2019-12-05,2123.1321042431778,-391.29252383496606,4651.044576319649,-301.10086970608626,4782.306034325149,-94.5845918020879,-94.5845918020879,-94.5845918020879,-94.5845918020879,-94.5845918020879,-94.5845918020879,0.0,0.0,0.0,2028.5475124410898
